Latitude: 22.312 Longitude: 114.17
-----------------------------------------------------------------------------
   PRES   HGHT   TEMP   DWPT   RELH   MIXR   DRCT   SPED   THTA   THTE   THTV
    hPa      m      C      C      %   g/kg    deg    m/s      K      K      K 
-----------------------------------------------------------------------------
 1000.0     51                                                               
  998.4     66   29.6   27.8     90  24.17    225    0.7  302.9  375.3  307.2
  994.8     98   29.4   27.4     89  23.62    226    1.3  303.0  373.7  307.3
  993.3    111   29.3   27.4     89  23.67    228    1.4  303.0  373.9  307.3
  992.0    123   29.2   27.3     90  23.66    231    1.5  303.1  373.9  307.3
  990.8    134   29.1   27.1     89  23.42    234    1.5  303.0  373.2  307.3
  989.7    144   29.0   26.9     89  23.16    238    1.6  303.1  372.4  307.2
  988.7    153   28.9   26.9     89  23.06    241    1.6  303.1  372.1  307.2
  987.7    162   28.9   26.8     89  23.04    244    1.7  303.1  372.1  307.3
  986.7    171   28.8   26.8     89  22.99    247    1.7  303.1  372.0  307.3
  985.8    180   28.8   26.7     89  22.92    250    1.8  303.1  371.7  307.3
  984.7    190   28.7   26.6     88  22.83    252    1.8  303.2  371.6  307.3
  983.7    199   28.6   26.7     89  22.90    254    1.8  303.2  371.8  307.3
  982.6    209   28.6   26.6     89  22.88    256    1.8  303.2  371.7  307.4
  981.6    217   28.5   26.6     89  22.84    257    1.8  303.2  371.6  307.4
  980.8    225   28.4   26.5     89  22.73    259    1.8  303.3  371.3  307.4
  980.0    233   28.4   26.5     89  22.75    260    1.7  303.3  371.4  307.4
  978.9    242   28.4   26.4     89  22.71    260    1.6  303.3  371.4  307.4
  977.8    253   28.3   26.4     89  22.64    261    1.5  303.4  371.2  307.5
  976.7    262   28.3   26.2     89  22.50    261    1.4  303.5  370.9  307.5
  975.8    271   28.2   26.2     89  22.42    261    1.3  303.5  370.7  307.5
  975.0    278   28.2   26.1     88  22.28    261    1.2  303.5  370.3  307.6
  974.1    286   28.1   26.1     89  22.33    260    1.0  303.5  370.4  307.6
  973.2    294   28.0   26.0     89  22.28    257    0.9  303.5  370.3  307.5
  972.3    303   28.0   25.9     88  22.12    253    0.7  303.6  369.8  307.6
  971.3    312   28.0   25.7     87  21.82    246    0.6  303.7  369.0  307.6
  970.2    322   28.0   25.5     86  21.62    233    0.5  303.7  368.5  307.6
  969.2    331   27.9   25.3     86  21.46    214    0.4  303.8  368.1  307.6
  968.2    341   27.8   25.4     87  21.53    193    0.4  303.8  368.3  307.7
  967.0    351   27.7   25.4     87  21.55    177    0.4  303.8  368.4  307.7
  965.8    362   27.7   25.4     87  21.55    168    0.5  303.8  368.4  307.7
  964.8    372   27.6   25.3     88  21.51    163    0.6  303.8  368.2  307.7
  963.8    381   27.5   25.4     88  21.62    160    0.6  303.8  368.6  307.7
  962.8    391   27.4   25.4     89  21.63    160    0.6  303.8  368.6  307.7
  961.6    401   27.3   25.3     89  21.62    161    0.6  303.8  368.6  307.7
  960.5    412   27.2   25.3     89  21.61    165    0.6  303.8  368.6  307.7
  959.3    423   27.1   25.2     89  21.53    171    0.5  303.9  368.4  307.7
  958.2    433   27.1   25.1     89  21.41    182    0.4  303.9  368.1  307.8
  957.2    442   27.0   25.1     90  21.44    203    0.3  303.9  368.2  307.8
  956.1    453   26.9   25.1     90  21.46    242    0.3  303.9  368.2  307.8
  955.1    462   26.8   25.2     91  21.53    274    0.4  303.9  368.5  307.8
  954.3    470   26.7   25.0     91  21.40    290    0.6  303.9  368.1  307.8
  953.4    478   26.8   24.8     89  21.05    297    0.8  304.1  367.2  307.9
  952.5    486   26.8   24.6     88  20.82    301    1.1  304.1  366.6  307.9
  951.4    497   26.8   23.9     84  20.00    303    1.3  304.3  364.2  307.9
  950.3    507   27.3   22.9     77  18.81    304    1.5  304.9  361.4  308.3
  949.7    513   27.5   22.7     75  18.61    303    1.7  305.1  361.0  308.5
  949.0    519   27.6   22.7     75  18.64    302    1.9  305.2  361.3  308.6
  948.1    527   27.6   22.7     75  18.60    301    2.0  305.3  361.3  308.7
  947.2    536   27.6   22.6     74  18.49    299    2.1  305.4  361.1  308.8
  946.2    545   27.6   22.5     74  18.49    297    2.2  305.5  361.2  308.9
  945.3    554   27.5   22.5     74  18.46    294    2.3  305.5  361.1  308.9
  944.4    562   27.5   22.5     74  18.43    292    2.4  305.6  361.1  309.0
  943.5    571   27.4   22.4     74  18.43    289    2.5  305.6  361.1  309.0
  942.5    580   27.4   22.4     74  18.35    287    2.6  305.6  360.9  309.0
  941.5    590   27.4   22.3     74  18.28    285    2.8  305.7  360.9  309.1
  940.6    598   27.3   22.3     74  18.28    283    2.9  305.8  360.9  309.1
  939.5    608   27.2   22.4     75  18.40    281    3.1  305.8  361.3  309.2
  938.5    618   27.2   22.2     74  18.30    280    3.2  305.8  361.0  309.2
  937.6    627   27.2   22.2     74  18.21    279    3.4  305.9  360.8  309.2
  936.6    636   27.1   22.1     74  18.21    279    3.6  306.0  360.9  309.3
  935.7    644   27.1   22.1     74  18.13    278    3.8  306.0  360.7  309.3
  934.9    652   27.0   22.1     75  18.22    278    4.0  306.0  361.0  309.3
  934.1    660   26.9   22.1     75  18.21    278    4.1  306.0  361.0  309.3
  933.1    669   26.9   22.1     75  18.19    279    4.3  306.0  360.9  309.3
  932.2    678   26.8   22.0     75  18.12    279    4.4  306.0  360.8  309.4
  931.4    685   26.9   21.9     74  18.06    280    4.4  306.2  360.7  309.5
  930.6    693   26.9   21.8     74  17.99    280    4.4  306.3  360.6  309.6
  929.5    703   26.9   21.8     74  17.92    281    4.4  306.4  360.5  309.6
  928.4    714   26.8   21.7     74  17.93    282    4.4  306.4  360.6  309.7
  927.3    724   26.7   21.8     74  18.01    283    4.3  306.4  360.8  309.7
  926.4    733   26.7   21.9     75  18.12    284    4.2  306.4  361.2  309.7
  925.4    743   26.6   21.9     75  18.14    285    4.1  306.5  361.3  309.8
  925.0    747   26.6   21.9     75  18.14    286    4.0  306.5  361.3  309.8
  924.4    752   26.5   21.9     76  18.16    286    4.0  306.5  361.4  309.8
  923.5    761   26.5   21.8     76  18.09    287    3.9  306.5  361.2  309.8
  922.7    768   26.4   21.8     76  18.11    288    3.9  306.6  361.3  309.9
  922.0    775   26.4   21.8     76  18.14    289    3.9  306.6  361.4  309.9
  921.1    783   26.3   21.8     76  18.17    290    3.9  306.6  361.5  309.9
  920.1    794   26.2   21.8     77  18.16    291    4.0  306.6  361.5  309.9
  918.9    805   26.1   21.8     77  18.20    292    4.0  306.6  361.6  309.9
  917.7    817   26.0   21.9     78  18.27    293    4.1  306.6  361.9  309.9
  916.7    827   25.9   21.8     78  18.23    294    4.2  306.6  361.8  309.9
  915.8    835   25.8   21.8     79  18.27    295    4.3  306.6  361.9  309.9
  915.0    843   25.8   21.9     79  18.38    296    4.4  306.6  362.2  310.0
  914.0    852   25.7   21.9     80  18.43    297    4.4  306.6  362.4  310.0
  913.1    861   25.6   22.0     80  18.50    298    4.5  306.6  362.6  310.0
  912.1    871   25.5   22.0     81  18.56    299    4.6  306.6  362.8  310.0
  911.1    880   25.4   22.0     81  18.58    300    4.6  306.6  362.8  310.0
  910.1    890   25.3   22.2     83  18.78    301    4.7  306.6  363.4  310.0
  909.1    900   25.2   22.3     84  19.00    302    4.7  306.6  364.1  310.1
  908.1    910   25.2   22.5     85  19.26    303    4.8  306.7  365.0  310.2
  907.2    919   25.2   22.6     86  19.37    303    4.8  306.7  365.4  310.3
  906.2    928   25.1   22.6     86  19.45    304    4.9  306.8  365.7  310.3
  905.1    939   25.1   22.6     86  19.38    304    4.9  306.8  365.6  310.4
  904.0    950   25.0   22.5     86  19.29    304    5.0  306.9  365.3  310.4
  903.0    959   24.9   22.5     86  19.36    304    5.0  306.9  365.6  310.5
  901.9    970   24.9   22.5     87  19.41    303    5.1  306.9  365.8  310.5
  900.6    983   24.8   22.5     87  19.34    303    5.1  307.0  365.6  310.5
  899.5    994   24.8   22.3     86  19.23    303    5.1  307.1  365.5  310.6
  898.6   1003   24.8   22.3     86  19.23    303    5.1  307.2  365.5  310.7
  897.7   1011   24.7   22.3     86  19.25    303    5.0  307.2  365.6  310.7
  896.8   1020   24.7   22.2     86  19.15    302    5.0  307.2  365.3  310.7
  895.9   1029   24.6   22.3     87  19.22    302    4.9  307.2  365.6  310.8
  895.0   1038   24.5   22.3     87  19.25    302    4.8  307.3  365.7  310.8
  894.2   1046   24.7   22.3     87  19.28    302    4.6  307.5  366.0  311.0
  893.3   1055   24.7   22.3     87  19.27    302    4.5  307.6  366.1  311.1
  892.3   1064   24.6   22.3     87  19.31    302    4.4  307.6  366.3  311.1
  891.3   1075   24.5   22.3     88  19.32    302    4.2  307.6  366.3  311.1
  890.1   1086   24.4   22.2     88  19.27    301    4.0  307.6  366.2  311.1
  889.1   1097   24.3   22.1     88  19.21    301    3.8  307.6  366.0  311.1
  888.1   1106   24.2   22.1     88  19.17    300    3.6  307.6  365.9  311.1
  887.1   1116   24.1   22.1     88  19.17    300    3.4  307.6  365.9  311.1
  885.9   1128   24.0   22.0     89  19.15    299    3.2  307.6  365.9  311.2
  884.7   1140   24.0   21.9     88  19.00    300    3.0  307.7  365.4  311.2
  883.9   1148   23.9   21.8     88  18.91    301    2.8  307.7  365.2  311.2
  883.1   1156   23.8   21.9     89  19.02    303    2.6  307.7  365.5  311.2
  882.0   1167   23.7   21.8     89  19.02    306    2.4  307.7  365.6  311.2
  880.8   1179   23.7   21.7     89  18.87    311    2.2  307.8  365.1  311.2
  879.7   1190   23.6   21.7     89  18.86    318    2.1  307.8  365.2  311.3
  878.5   1202   23.5   21.7     89  18.89    326    2.0  307.8  365.3  311.3
  877.4   1213   23.4   21.5     89  18.72    334    2.1  307.9  364.8  311.3
  876.5   1222   23.4   21.4     89  18.63    342    2.2  307.9  364.6  311.4
  875.6   1230   23.4   21.3     88  18.57    349    2.3  308.0  364.5  311.4
  874.6   1241   23.3   21.1     87  18.31    354    2.5  308.0  363.8  311.4
  873.6   1251   23.3   20.7     85  17.87    358    2.8  308.1  362.6  311.4
  872.7   1260   23.3   20.6     85  17.76      1    3.0  308.2  362.3  311.5
  871.7   1270   23.3   20.5     85  17.71      3    3.2  308.3  362.2  311.5
  870.7   1280   23.2   20.4     84  17.56      5    3.4  308.3  361.8  311.5
  869.7   1290   23.2   20.3     84  17.45      5    3.6  308.4  361.5  311.6
  868.6   1301   23.1   20.2     84  17.42      6    3.7  308.4  361.5  311.6
  867.8   1310   23.0   20.1     84  17.37      6    3.8  308.4  361.3  311.6
  867.0   1317   23.0   20.1     84  17.37      5    3.8  308.4  361.4  311.6
  866.2   1325   22.9   20.1     84  17.33      5    3.8  308.4  361.3  311.6
  865.3   1334   22.8   19.9     84  17.20      4    3.8  308.5  360.9  311.7
  864.4   1344   22.8   19.9     84  17.16      3    3.8  308.5  360.8  311.6
  863.5   1353   22.7   19.8     84  17.13      2    3.8  308.5  360.7  311.7
  862.5   1363   22.6   19.9     84  17.16    360    3.7  308.5  360.8  311.7
  861.5   1373   22.5   19.8     85  17.12    359    3.6  308.5  360.7  311.7
  860.5   1383   22.4   19.7     85  17.03    358    3.5  308.5  360.5  311.7
  859.6   1392   22.4   19.7     85  17.03    357    3.4  308.6  360.5  311.7
  858.6   1402   22.3   19.7     85  17.02    356    3.3  308.6  360.5  311.7
  857.6   1413   22.2   19.6     85  16.96    355    3.2  308.6  360.3  311.7
  856.8   1421   22.1   19.5     85  16.86    355    3.0  308.6  360.0  311.7
  856.0   1428   22.1   19.5     85  16.85    355    2.8  308.6  360.0  311.8
  855.0   1439   22.0   19.5     86  16.91    355    2.6  308.7  360.2  311.8
  853.9   1451   21.9   19.4     86  16.81    356    2.4  308.7  359.9  311.8
  852.8   1461   21.8   19.3     85  16.74    358    2.2  308.7  359.8  311.8
  851.9   1471   21.8   19.3     86  16.81    359    2.0  308.7  360.0  311.8
  851.0   1480   21.7   19.3     86  16.82      1    1.7  308.7  360.0  311.8
  850.0   1490   21.6   19.1     85  16.59      7    1.2  308.8  359.4  311.9
  849.0   1500   21.7   18.8     84  16.35      7    1.2  308.9  358.8  311.9
  847.9   1512   21.6   18.7     83  16.20     12    0.9  309.0  358.5  312.0
  846.6   1525   21.6   18.5     83  16.06     19    0.6  309.1  358.1  312.0
  845.5   1536   21.5   18.4     83  15.99     33    0.4  309.1  358.0  312.1
  844.5   1546   21.4   18.5     83  16.03     75    0.2  309.1  358.1  312.1
  843.5   1557   21.3   18.3     83  15.92    145    0.2  309.2  357.8  312.1
  842.6   1567   21.3   18.2     82  15.78    170    0.4  309.2  357.4  312.1
  841.7   1576   21.3   18.0     82  15.62    180    0.5  309.3  357.1  312.2
  840.8   1585   21.2   18.0     82  15.64    186    0.7  309.3  357.1  312.2
  839.8   1595   21.1   18.0     83  15.68    190    0.7  309.3  357.3  312.2
  838.8   1606   21.0   17.9     82  15.59    195    0.7  309.3  357.0  312.2
  837.9   1615   20.9   17.9     83  15.58    198    0.7  309.3  357.0  312.2
  837.1   1623   20.9   17.9     83  15.60    201    0.7  309.3  357.0  312.2
  836.3   1632   20.8   17.9     83  15.60    203    0.6  309.3  357.0  312.2
  835.3   1642   20.7   17.8     83  15.51    202    0.5  309.4  356.8  312.2
  834.4   1652   20.6   17.7     83  15.41    195    0.4  309.4  356.5  312.2
  833.5   1661   20.6   17.6     83  15.38    177    0.3  309.4  356.4  312.2
  832.6   1670   20.5   17.5     83  15.34    147    0.3  309.4  356.3  312.3
  831.6   1680   20.4   17.5     83  15.27    123    0.4  309.5  356.2  312.3
  830.5   1692   20.4   17.3     82  15.11    113    0.5  309.5  355.7  312.3
  829.6   1702   20.3   17.0     81  14.84    109    0.6  309.6  355.0  312.3
  828.8   1710   20.3   17.0     81  14.83    107    0.8  309.6  355.0  312.4
  828.0   1718   20.2   17.0     82  14.91    107    1.0  309.6  355.3  312.4
  826.9   1729   20.1   17.1     83  14.96    108    1.1  309.6  355.5  312.4
  825.8   1741   20.0   17.0     83  14.90    107    1.2  309.6  355.3  312.4
  825.0   1750   20.0   16.9     83  14.84    107    1.3  309.7  355.1  312.4
  824.1   1759   19.9   16.8     82  14.80    105    1.4  309.7  355.1  312.5
  823.1   1770   19.9   16.7     82  14.70    103    1.5  309.8  354.9  312.5
  822.0   1781   19.8   16.6     81  14.57    100    1.6  309.8  354.5  312.6
  821.1   1790   19.8   16.4     81  14.48     96    1.8  309.9  354.3  312.6
  820.3   1799   19.7   16.4     81  14.46     93    1.9  309.9  354.3  312.6
  819.5   1808   19.7   16.3     81  14.40     91    2.1  310.0  354.2  312.7
  818.6   1817   19.6   16.2     81  14.31     89    2.2  310.0  353.9  312.7
  817.8   1826   19.6   16.1     80  14.20     87    2.4  310.0  353.6  312.7
  816.9   1835   19.5   16.1     81  14.28     87    2.6  310.1  353.9  312.7
  816.0   1845   19.4   16.1     81  14.22     87    2.8  310.1  353.7  312.7
  815.0   1855   19.4   15.9     80  14.04     87    2.9  310.1  353.2  312.7
  814.1   1864   19.3   15.6     79  13.87     88    3.1  310.2  352.8  312.8
  813.2   1874   19.3   15.4     78  13.64     90    3.2  310.2  352.2  312.8
  812.3   1884   19.3   15.2     77  13.52     91    3.3  310.4  351.9  312.9
  811.4   1893   19.3   15.2     77  13.53     93    3.3  310.4  352.0  312.9
  810.5   1903   19.2   15.2     78  13.52     95    3.4  310.4  351.9  312.9
  809.5   1913   19.1   15.2     78  13.55     97    3.4  310.4  352.0  312.9
  808.5   1924   19.0   15.1     78  13.44     99    3.4  310.4  351.8  312.9
  807.5   1935   19.0   15.0     78  13.39    101    3.3  310.5  351.7  313.0
  806.5   1946   18.9   15.0     78  13.40    103    3.3  310.5  351.7  313.0
  805.5   1956   18.8   14.9     78  13.35    105    3.3  310.5  351.6  313.0
  804.7   1965   18.7   14.8     78  13.31    107    3.2  310.6  351.5  313.0
  803.8   1974   18.7   14.8     78  13.27    108    3.2  310.6  351.4  313.1
  802.9   1984   18.6   14.7     78  13.21    110    3.1  310.6  351.3  313.1
  802.0   1993   18.5   14.7     78  13.20    111    3.0  310.6  351.3  313.1
  801.2   2002   18.4   14.7     79  13.26    112    3.0  310.6  351.4  313.1
  800.6   2009   18.3   14.8     80  13.31    113    2.9  310.6  351.5  313.1
  799.8   2018   18.3   14.7     80  13.28    113    2.9  310.6  351.5  313.1
  798.8   2028   18.2   14.6     80  13.22    113    2.9  310.7  351.4  313.1
  798.0   2037   18.1   14.5     79  13.11    112    2.9  310.7  351.0  313.1
  797.2   2045   18.1   14.5     79  13.10    111    2.9  310.7  351.0  313.1
  796.2   2056   18.0   14.4     79  13.05    110    3.0  310.7  350.9  313.2
  795.1   2067   17.9   14.2     79  12.94    109    3.1  310.8  350.6  313.2
  794.2   2078   17.8   14.2     79  12.93    108    3.2  310.8  350.6  313.2
  793.4   2086   17.8   14.2     80  12.93    106    3.3  310.8  350.6  313.2
  792.6   2095   17.7   14.3     81  13.06    105    3.4  310.8  351.0  313.2
  791.5   2106   17.6   14.3     81  13.06    104    3.5  310.8  351.0  313.2
  790.5   2118   17.5   14.2     81  13.00    104    3.6  310.8  350.8  313.2
  789.6   2127   17.4   14.2     81  12.99    103    3.7  310.8  350.8  313.2
  788.9   2135   17.3   14.2     82  12.98    103    3.7  310.8  350.8  313.2
  788.1   2144   17.2   14.2     82  13.02    104    3.7  310.8  350.9  313.2
  787.3   2153   17.1   14.2     83  13.04    104    3.6  310.8  351.0  313.2
  786.4   2163   17.0   14.1     83  12.96    105    3.6  310.8  350.7  313.2
  785.5   2172   17.0   13.9     82  12.86    106    3.5  310.8  350.4  313.2
  784.6   2182   16.9   13.8     82  12.74    108    3.4  310.9  350.2  313.3
  783.6   2192   16.8   13.8     82  12.75    109    3.3  310.9  350.2  313.3
  782.8   2201   16.8   13.7     82  12.68    111    3.2  310.9  350.0  313.3
  782.0   2210   16.7   13.6     82  12.66    113    3.2  310.9  349.9  313.3
  781.3   2218   16.6   13.6     82  12.65    115    3.2  311.0  350.0  313.3
  780.5   2227   16.6   13.6     83  12.67    117    3.3  311.0  350.0  313.3
  779.4   2238   16.4   13.6     83  12.66    118    3.3  311.0  350.0  313.3
  778.3   2251   16.3   13.5     83  12.57    119    3.4  311.0  349.8  313.3
  777.1   2263   16.2   13.3     83  12.48    120    3.5  311.0  349.5  313.3
  775.9   2277   16.1   13.2     83  12.38    120    3.6  311.0  349.2  313.4
  774.8   2289   16.1   13.1     82  12.31    120    3.7  311.1  349.1  313.4
  774.0   2298   16.0   13.1     83  12.30    120    3.8  311.1  349.1  313.4
  773.3   2306   15.9   13.2     84  12.43    120    3.9  311.1  349.5  313.4
  772.5   2314   15.8   13.3     85  12.52    119    4.0  311.1  349.7  313.4
  771.7   2324   15.7   13.2     85  12.46    119    4.1  311.1  349.5  313.4
  770.8   2334   15.7   13.1     85  12.43    119    4.2  311.1  349.5  313.4
  769.8   2344   15.6   13.2     86  12.46    118    4.2  311.1  349.5  313.4
  768.9   2354   15.5   13.0     85  12.36    118    4.3  311.1  349.3  313.4
  768.2   2362   15.4   12.9     85  12.30    118    4.3  311.1  349.1  313.4
  767.5   2370   15.4   12.9     86  12.32    117    4.3  311.2  349.2  313.5
  766.6   2380   15.3   12.8     85  12.21    117    4.3  311.2  348.9  313.5
  765.8   2389   15.3   12.5     84  12.02    117    4.3  311.3  348.4  313.5
  765.0   2398   15.3   12.4     83  11.91    116    4.2  311.4  348.2  313.6
  764.1   2408   15.3   12.3     82  11.82    115    4.1  311.5  348.0  313.7
  763.2   2417   15.2   12.0     81  11.67    113    4.0  311.5  347.6  313.7
  762.4   2426   15.2   11.9     81  11.59    111    3.9  311.6  347.4  313.7
  761.6   2436   15.1   11.9     81  11.61    109    3.8  311.6  347.5  313.7
  760.6   2447   15.0   11.9     82  11.62    107    3.6  311.6  347.6  313.8
  759.6   2458   14.9   11.9     82  11.57    104    3.5  311.6  347.4  313.8
  758.8   2467   14.8   11.8     82  11.52    100    3.4  311.6  347.3  313.8
  758.1   2475   14.8   11.7     82  11.46     97    3.4  311.6  347.1  313.8
  757.3   2483   14.7   11.6     82  11.42     94    3.3  311.7  347.0  313.8
  756.5   2493   14.7   11.5     81  11.35     91    3.3  311.7  346.9  313.8
  755.7   2502   14.6   11.4     81  11.31     89    3.3  311.7  346.8  313.9
  754.9   2511   14.6   11.3     81  11.25     88    3.3  311.8  346.7  313.9
  753.9   2521   14.6   11.2     80  11.16     87    3.4  311.9  346.5  314.0
  752.9   2533   14.5   11.2     80  11.16     86    3.4  312.0  346.6  314.1
  752.0   2543   14.5   11.2     81  11.18     86    3.4  312.0  346.7  314.1
  751.1   2553   14.4   11.2     81  11.21     86    3.5  312.1  346.9  314.2
  750.1   2565   14.3   11.1     81  11.15     87    3.5  312.1  346.7  314.2
  749.0   2577   14.3   10.7     79  10.85     88    3.5  312.2  345.9  314.2
  747.8   2590   14.2   10.4     78  10.68     89    3.5  312.3  345.5  314.3
  746.8   2601   14.2   10.3     78  10.63     90    3.5  312.3  345.4  314.3
  746.0   2611   14.1   10.2     77  10.56     90    3.4  312.4  345.2  314.4
  745.1   2621   14.1   10.3     78  10.64     91    3.4  312.4  345.5  314.4
  744.2   2631   14.0   10.3     78  10.62     92    3.3  312.5  345.5  314.5
  743.4   2640   14.0   10.1     78  10.54     93    3.2  312.5  345.3  314.5
  742.5   2650   13.9    9.9     77  10.36     95    3.1  312.5  344.8  314.5
  741.7   2660   13.9    9.6     75  10.18     96    3.0  312.6  344.3  314.5
  741.0   2667   13.9    9.4     74  10.03     97    2.8  312.7  344.0  314.6
  740.2   2676   13.8    9.4     75  10.07     98    2.7  312.7  344.1  314.6
  739.3   2687   13.8    9.3     75  10.03    100    2.6  312.8  344.1  314.7
  738.5   2697   13.7    9.2     74   9.98    101    2.5  312.8  343.9  314.7
  737.7   2706   13.6    9.3     75  10.02    101    2.4  312.8  344.1  314.7
  736.9   2715   13.6    9.6     77  10.21    101    2.3  312.8  344.7  314.8
  736.1   2724   13.5    9.8     78  10.39    100    2.2  312.9  345.3  314.8
  735.2   2734   13.4    9.7     78  10.37     98    2.1  312.9  345.2  314.8
  734.3   2745   13.4    9.4     77  10.15     94    2.1  312.9  344.6  314.8
  733.3   2756   13.3    9.3     76  10.07     90    2.1  313.0  344.5  314.9
  732.5   2766   13.3    9.4     77  10.14     84    2.1  313.1  344.8  315.0
  731.5   2776   13.2    9.5     78  10.26     78    2.1  313.2  345.2  315.1
  730.6   2788   13.2    9.2     77  10.07     71    2.2  313.2  344.7  315.1
  729.7   2798   13.2    8.8     75   9.79     65    2.2  313.3  344.0  315.2
  728.9   2807   13.2    8.7     74   9.73     58    2.3  313.4  343.9  315.3
  728.2   2815   13.2    8.5     73   9.62     52    2.3  313.5  343.6  315.3
  727.4   2824   13.2    8.0     71   9.32     47    2.3  313.6  342.8  315.3
  726.5   2834   13.2    7.7     70   9.14     42    2.3  313.7  342.4  315.4
  725.6   2845   13.2    7.6     69   9.04     38    2.3  313.8  342.3  315.6
  724.8   2854   13.1    7.5     69   9.03     33    2.2  313.9  342.2  315.6
  724.0   2863   13.1    7.6     69   9.08     29    2.1  313.9  342.4  315.6
  723.0   2875   12.9    7.6     70   9.12     25    1.9  313.9  342.5  315.6
  722.0   2886   12.8    7.5     70   9.08     21    1.8  313.9  342.4  315.6
  721.1   2897   12.7    7.4     70   8.98     17    1.6  313.9  342.1  315.6
  720.4   2906   12.8    7.1     69   8.85     14    1.5  314.0  341.8  315.7
  719.7   2914   12.7    7.2     69   8.87     10    1.4  314.1  342.0  315.7
  718.8   2925   12.7    7.2     69   8.92      8    1.4  314.1  342.1  315.8
  717.7   2937   12.5    7.2     70   8.91      6    1.4  314.1  342.1  315.8
  716.7   2948   12.4    7.2     70   8.91      6    1.5  314.1  342.1  315.8
  715.8   2959   12.3    7.0     70   8.81      6    1.6  314.1  341.8  315.7
  714.9   2970   12.4    6.4     67   8.50      7    1.7  314.3  341.1  315.9
  714.0   2980   12.4    6.3     66   8.43      9    1.8  314.4  341.0  316.0
  713.2   2990   12.3    6.3     67   8.41     11    2.0  314.4  340.9  316.0
  712.3   3000   12.3    6.1     66   8.35     14    2.1  314.4  340.8  316.0
  711.4   3012   12.2    6.0     66   8.30     17    2.2  314.5  340.7  316.1
  710.5   3022   12.1    5.8     66   8.20     20    2.3  314.5  340.4  316.1
  709.7   3031   12.0    5.7     65   8.13     23    2.4  314.5  340.2  316.1
  709.1   3039   12.0    5.7     65   8.13     26    2.5  314.6  340.3  316.1
  708.4   3047   11.9    5.7     66   8.15     30    2.6  314.6  340.4  316.1
  707.4   3058   11.9    5.7     66   8.14     34    2.6  314.7  340.4  316.2
  706.3   3072   11.8    5.6     66   8.10     37    2.7  314.7  340.3  316.2
  705.3   3084   11.7    5.3     65   7.93     40    2.7  314.7  339.8  316.2
  704.4   3094   11.7    5.1     64   7.87     42    2.8  314.8  339.7  316.3
  703.5   3105   11.6    5.1     64   7.87     43    2.8  314.8  339.8  316.3
  702.6   3116   11.5    5.0     64   7.82     44    2.9  314.9  339.7  316.4
  701.8   3125   11.5    5.0     64   7.83     45    2.9  314.9  339.7  316.4
  701.2   3133   11.4    5.1     65   7.88     45    3.0  314.9  339.9  316.4
  700.4   3142   11.3    5.1     66   7.92     44    3.0  314.9  340.0  316.4
  700.0   3147   11.3    5.1     66   7.91     44    3.1  314.9  340.0  316.4
  699.5   3153   11.2    5.1     66   7.88     44    3.1  314.9  339.9  316.4
  698.7   3162   11.1    5.0     66   7.87     44    3.1  314.9  339.8  316.4
  697.9   3171   11.0    5.1     67   7.94     44    3.1  314.9  340.1  316.4
  697.1   3181   10.9    5.2     68   7.98     44    3.2  314.9  340.2  316.5
  696.3   3191   10.9    5.2     68   7.97     45    3.2  315.0  340.2  316.5
  695.4   3201   10.8    5.1     68   7.94     46    3.3  315.0  340.2  316.5
  694.6   3211   10.7    5.1     68   7.96     47    3.3  315.0  340.3  316.5
  693.7   3222   10.7    5.0     68   7.91     49    3.3  315.1  340.1  316.6
  692.9   3232   10.6    4.9     68   7.89     50    3.4  315.1  340.1  316.6
  692.1   3241   10.5    4.9     68   7.85     52    3.5  315.1  340.0  316.6
  691.4   3250   10.4    4.8     68   7.81     53    3.5  315.1  339.9  316.6
  690.4   3261   10.4    4.7     68   7.81     53    3.6  315.2  340.0  316.7
  689.4   3274   10.4    4.5     67   7.71     54    3.7  315.3  339.8  316.8
  688.6   3284   10.3    4.4     67   7.65     54    3.8  315.4  339.7  316.8
  687.8   3293   10.3    4.6     68   7.76     53    3.9  315.4  340.1  316.9
  687.0   3303   10.2    4.5     68   7.71     53    3.9  315.4  339.9  316.9
  686.0   3315   10.2    4.1     66   7.51     52    4.0  315.5  339.4  316.9
  685.1   3326   10.1    4.1     66   7.53     51    4.1  315.6  339.5  317.0
  684.4   3335   10.1    3.9     65   7.42     49    4.2  315.7  339.3  317.1
  683.6   3344   10.1    3.4     63   7.16     48    4.2  315.8  338.6  317.1
  682.9   3353   10.1    3.1     62   7.02     47    4.3  315.9  338.3  317.2
  682.1   3363   10.1    2.8     61   6.90     47    4.3  315.9  338.0  317.3
  681.2   3374   10.0    2.4     59   6.70     46    4.4  316.0  337.5  317.3
  680.2   3385   10.0    1.7     56   6.36     46    4.5  316.1  336.5  317.3
  679.2   3398   10.0    1.2     54   6.16     45    4.5  316.2  336.0  317.4
  678.3   3409    9.9    0.9     54   6.04     46    4.5  316.2  335.7  317.4
  677.5   3418    9.9    0.8     53   6.00     46    4.6  316.3  335.6  317.4
  676.9   3427    9.8    1.1     55   6.12     47    4.6  316.3  336.0  317.5
  676.2   3435    9.7    1.3     56   6.25     48    4.5  316.3  336.4  317.5
  675.5   3443    9.6    1.6     57   6.37     49    4.5  316.3  336.7  317.5
  674.8   3452    9.6    1.8     59   6.50     51    4.5  316.3  337.2  317.6
  674.2   3460    9.5    1.8     59   6.50     53    4.4  316.3  337.2  317.6
  673.4   3469    9.4    1.3     57   6.25     55    4.4  316.4  336.5  317.6
  672.5   3481    9.4    0.8     55   6.03     58    4.3  316.5  335.9  317.6
  671.6   3492    9.4    0.4     53   5.86     60    4.3  316.5  335.4  317.7
  670.7   3503    9.3   -0.1     52   5.69     62    4.3  316.6  335.0  317.7
  669.8   3513    9.3   -0.4     51   5.55     65    4.3  316.7  334.6  317.7
  669.1   3523    9.2   -0.5     51   5.53     66    4.4  316.7  334.6  317.8
  668.4   3532    9.1   -0.5     51   5.55     68    4.5  316.7  334.7  317.8
  667.6   3541    9.1   -0.5     51   5.56     69    4.5  316.7  334.7  317.8
  666.9   3550    9.0   -0.5     52   5.55     69    4.6  316.7  334.7  317.8
  666.1   3560    8.9   -0.5     52   5.55     70    4.7  316.7  334.7  317.8
  665.4   3568    8.8   -0.5     52   5.55     70    4.8  316.8  334.7  317.8
  664.7   3578    8.8   -0.3     53   5.63     70    4.9  316.8  335.0  317.9
  663.7   3590    8.7   -0.2     54   5.68     69    5.0  316.8  335.2  317.9
  662.7   3603    8.6   -0.3     54   5.66     69    5.0  316.9  335.1  317.9
  661.8   3613    8.5   -0.4     54   5.63     69    5.1  316.9  335.1  318.0
  661.1   3622    8.4   -0.5     54   5.61     68    5.1  316.9  335.1  318.0
  660.4   3631    8.4   -0.5     54   5.59     68    5.1  316.9  335.0  318.0
  659.6   3640    8.3   -0.9     52   5.46     67    5.1  317.0  334.7  318.0
  658.8   3651    8.2   -1.0     52   5.40     66    5.1  317.0  334.5  318.0
  657.9   3662    8.2   -1.3     51   5.30     65    5.0  317.0  334.2  318.1
  657.2   3671    8.1   -1.5     51   5.23     63    5.0  317.1  334.1  318.1
  656.6   3679    8.0   -1.4     51   5.26     61    5.1  317.1  334.2  318.1
  655.8   3688    8.0   -1.3     52   5.31     59    5.1  317.1  334.4  318.2
  655.0   3699    7.9   -1.4     52   5.28     57    5.2  317.2  334.3  318.2
  654.3   3708    7.9   -1.7     51   5.18     54    5.3  317.3  334.1  318.2
  653.6   3716    7.9   -1.8     50   5.13     51    5.4  317.3  334.0  318.3
  652.8   3726    7.9   -2.3     48   4.94     48    5.5  317.4  333.5  318.4
  652.0   3736    7.9   -2.7     47   4.81     46    5.7  317.5  333.2  318.5
  651.4   3745    7.9   -3.1     46   4.66     43    5.9  317.6  332.9  318.5
  650.8   3751    7.9   -3.6     44   4.50     41    6.0  317.7  332.5  318.6
  650.3   3758    7.9   -4.7     41   4.17     39    6.1  317.8  331.5  318.6
  649.6   3767    8.0   -5.8     37   3.84     38    6.2  318.0  330.7  318.8
  648.8   3778    8.0   -5.3     39   3.99     37    6.3  318.1  331.3  318.9
  647.8   3790    7.9   -4.6     41   4.20     36    6.3  318.1  331.9  318.9
  646.8   3803    7.8   -3.3     45   4.64     35    6.3  318.2  333.4  319.1
  645.7   3817    7.8   -3.3     45   4.64     35    6.3  318.4  333.6  319.3
  644.6   3831    7.9   -4.4     42   4.30     35    6.3  318.6  332.7  319.4
  643.5   3844    7.9   -5.7     37   3.89     34    6.2  318.8  331.7  319.6
  642.7   3855    7.9   -5.8     37   3.87     35    6.2  318.9  331.7  319.6
  642.2   3862    7.8   -5.5     38   3.97     35    6.1  318.9  332.0  319.6
  641.7   3868    7.8   -4.3     42   4.35     35    6.1  318.9  333.2  319.7
  641.0   3877    7.7   -3.4     45   4.64     35    6.1  318.9  334.1  319.8
  640.2   3887    7.6   -3.2     46   4.74     34    6.0  318.9  334.5  319.9
  639.6   3895    7.7   -3.6     45   4.59     34    6.0  319.1  334.2  319.9
  638.9   3904    7.6   -3.9     44   4.49     33    6.0  319.1  333.9  320.0
  638.2   3913    7.6   -3.9     44   4.49     33    6.0  319.1  333.9  320.0
  637.3   3925    7.5   -3.8     45   4.55     31    6.0  319.2  334.1  320.0
  636.4   3936    7.4   -3.5     46   4.66     30    6.0  319.2  334.5  320.1
  635.7   3946    7.3   -3.3     47   4.73     29    6.0  319.2  334.7  320.1
  635.0   3954    7.2   -3.0     48   4.82     27    5.9  319.2  335.0  320.1
  634.3   3963    7.1   -2.5     50   5.01     26    5.9  319.2  335.7  320.2
  633.4   3975    7.0   -1.6     54   5.40     24    5.9  319.2  336.8  320.2
  632.5   3987    6.9   -1.2     56   5.56     23    5.9  319.2  337.3  320.3
  631.6   3998    6.8   -1.2     57   5.57     22    5.9  319.2  337.4  320.3
  630.9   4008    6.7   -1.2     57   5.57     22    5.9  319.2  337.4  320.3
  630.1   4018    6.6   -0.9     59   5.69     22    5.9  319.2  337.7  320.3
  629.4   4028    6.5   -0.0     63   6.09     22    5.9  319.2  339.0  320.4
  628.7   4037    6.4    0.4     65   6.27     23    5.9  319.2  339.6  320.4
  628.0   4045    6.4   -0.2     63   6.03     25    6.0  319.3  338.9  320.5
  627.3   4055    6.4   -0.6     61   5.86     26    6.0  319.4  338.5  320.5
  626.5   4065    6.3   -0.7     61   5.81     28    6.1  319.4  338.3  320.5
  625.8   4075    6.2   -0.8     61   5.77     31    6.1  319.4  338.2  320.5
  625.1   4084    6.2   -1.0     60   5.69     33    6.2  319.4  338.0  320.5
  624.4   4093    6.1   -1.2     59   5.62     35    6.3  319.4  337.8  320.5
  623.5   4104    6.0   -1.2     60   5.65     37    6.4  319.5  337.9  320.6
  622.6   4116    5.9   -0.9     61   5.75     39    6.4  319.5  338.3  320.6
  621.8   4126    5.8   -0.9     62   5.77     41    6.5  319.5  338.4  320.6
  621.1   4136    5.8   -1.0     62   5.74     42    6.6  319.6  338.3  320.7
  620.4   4145    5.8   -1.2     61   5.67     43    6.6  319.7  338.2  320.8
  619.8   4153    5.8   -1.3     60   5.61     44    6.7  319.8  338.2  320.9
  619.1   4162    5.8   -1.2     61   5.67     44    6.7  319.9  338.5  321.0
  618.3   4173    5.8   -1.1     62   5.74     44    6.7  320.0  338.8  321.1
  617.5   4183    5.7   -0.9     62   5.80     43    6.7  320.1  339.0  321.2
  616.8   4193    5.7   -0.9     63   5.84     42    6.6  320.1  339.2  321.2
  616.1   4202    5.6   -0.9     63   5.85     41    6.6  320.1  339.2  321.3
  615.5   4210    5.6   -0.9     63   5.84     40    6.6  320.2  339.3  321.3
  615.0   4218    5.6   -0.9     63   5.83     38    6.5  320.3  339.4  321.5
  614.3   4226    5.6   -0.9     63   5.85     36    6.4  320.4  339.5  321.5
  613.5   4237    5.5   -0.9     63   5.84     35    6.4  320.4  339.5  321.5
  612.7   4248    5.4   -1.1     63   5.79     33    6.3  320.4  339.3  321.5
  611.9   4258    5.3   -1.3     62   5.71     31    6.2  320.4  339.1  321.6
  611.3   4267    5.3   -1.5     62   5.63     30    6.2  320.5  338.9  321.5
  610.6   4276    5.2   -2.1     59   5.38     29    6.1  320.5  338.2  321.6
  609.9   4285    5.2   -2.2     59   5.36     28    6.0  320.6  338.2  321.7
  609.1   4296    5.1   -1.9     60   5.48     28    5.8  320.6  338.6  321.7
  608.1   4310    5.0   -1.8     62   5.55     28    5.7  320.6  338.8  321.7
  606.9   4325    4.9   -1.6     63   5.63     28    5.6  320.6  339.1  321.7
  605.8   4340    4.7   -1.6     64   5.64     29    5.5  320.7  339.1  321.7
  605.0   4351    4.6   -1.7     64   5.61     30    5.4  320.7  339.1  321.7
  604.4   4359    4.6   -1.5     65   5.69     31    5.3  320.7  339.3  321.8
  603.8   4367    4.5   -0.9     68   5.94     32    5.2  320.7  340.1  321.8
  603.1   4377    4.4   -0.7     70   6.07     34    5.2  320.7  340.5  321.9
  602.3   4387    4.3   -0.7     70   6.06     35    5.2  320.7  340.5  321.9
  601.6   4397    4.2   -0.7     70   6.08     36    5.3  320.7  340.6  321.9
  600.9   4406    4.1   -0.7     71   6.08     37    5.3  320.7  340.6  321.9
  600.1   4417    4.0   -0.7     71   6.08     38    5.4  320.7  340.6  321.9
  599.2   4430    3.9   -0.7     72   6.09     39    5.6  320.7  340.6  321.9
  598.3   4442    3.8   -0.8     72   6.07     39    5.7  320.7  340.6  321.9
  597.6   4452    3.7   -0.8     72   6.07     39    5.8  320.7  340.6  321.9
  596.8   4462    3.6   -0.8     73   6.09     40    5.9  320.8  340.7  321.9
  596.1   4472    3.5   -0.8     73   6.06     40    6.1  320.8  340.6  321.9
  595.4   4482    3.4   -0.9     73   6.05     40    6.2  320.8  340.5  321.9
  594.6   4493    3.3   -0.9     74   6.06     40    6.3  320.8  340.6  321.9
  593.8   4504    3.2   -0.9     74   6.05     41    6.4  320.8  340.5  321.9
  592.9   4515    3.1   -1.1     74   5.98     42    6.5  320.8  340.4  321.9
  592.1   4526    3.1   -1.4     72   5.84     42    6.5  320.9  340.0  322.0
  591.4   4536    3.1   -1.6     71   5.77     44    6.6  320.9  339.9  322.1
  590.8   4545    3.0   -1.8     71   5.71     45    6.6  321.0  339.7  322.1
  590.2   4553    3.0   -2.2     68   5.52     47    6.7  321.1  339.3  322.2
  589.5   4563    3.0   -2.7     66   5.33     49    6.7  321.2  338.8  322.2
  588.7   4573    3.1   -3.6     62   5.00     51    6.7  321.3  337.9  322.3
  588.0   4582    3.1   -4.9     56   4.52     53    6.7  321.5  336.5  322.4
  587.2   4593    3.1   -6.8     48   3.91     55    6.7  321.7  334.7  322.4
  586.3   4606    3.2   -9.9     38   3.09     57    6.7  321.9  332.3  322.5
  585.4   4618    3.2  -12.1     31   2.58     58    6.6  322.0  330.8  322.5
  584.8   4627    3.2  -15.5     24   1.96     60    6.5  322.2  329.0  322.6
  584.2   4636    3.3  -20.0     16   1.34     61    6.4  322.4  327.1  322.6
  583.5   4645    3.4  -21.3     14   1.20     62    6.3  322.5  326.8  322.8
  582.7   4656    3.3  -21.5     14   1.18     63    6.2  322.6  326.8  322.8
  581.8   4669    3.2  -22.8     13   1.06     64    6.1  322.6  326.4  322.8
  581.0   4679    3.2  -23.3     12   1.01     64    6.0  322.7  326.4  322.9
  580.3   4689    3.1  -24.3     11   0.92     65    5.8  322.8  326.1  322.9
  579.6   4699    3.1  -26.0     10   0.79     66    5.7  322.8  325.7  323.0
  578.9   4709    3.0  -27.6      8   0.69     66    5.6  322.9  325.4  323.0
  578.3   4718    3.0  -27.5      9   0.70     67    5.4  322.9  325.4  323.0
  577.6   4728    2.9  -26.6      9   0.75     68    5.3  322.9  325.6  323.0
  576.8   4739    2.8  -25.2     11   0.86     68    5.2  322.9  326.0  323.1
  575.9   4751    2.7  -25.1     11   0.86     69    5.1  322.9  326.1  323.1
  575.1   4763    2.6  -25.4     11   0.85     70    5.0  323.0  326.1  323.2
  574.4   4772    2.6  -25.4     11   0.85     71    4.9  323.0  326.1  323.2
  573.7   4782    2.5  -25.2     11   0.86     71    4.8  323.1  326.2  323.2
  572.9   4793    2.5  -25.2     11   0.86     72    4.7  323.1  326.3  323.3
  572.2   4803    2.4  -25.2     11   0.86     72    4.6  323.2  326.3  323.4
  571.6   4812    2.3  -25.2     11   0.86     71    4.6  323.2  326.4  323.4
  570.9   4822    2.3  -25.2     11   0.86     71    4.5  323.3  326.4  323.4
  570.1   4832    2.2  -25.4     11   0.85     70    4.5  323.3  326.4  323.5
  569.5   4842    2.1  -25.6     11   0.84     69    4.4  323.3  326.4  323.5
  568.8   4851    2.1  -25.6     11   0.84     68    4.4  323.4  326.4  323.5
  568.1   4861    2.0  -25.5     11   0.84     67    4.5  323.4  326.5  323.6
  567.4   4871    2.0  -25.8     11   0.82     66    4.5  323.5  326.5  323.7
  566.7   4881    2.0  -25.7     11   0.84     65    4.5  323.6  326.6  323.7
  566.0   4891    1.9  -25.8     11   0.83     65    4.6  323.7  326.7  323.8
  565.3   4901    1.9  -26.2     10   0.80     64    4.6  323.7  326.6  323.9
  564.6   4912    1.8  -26.2     10   0.80     64    4.7  323.7  326.7  323.9
  563.8   4922    1.8  -26.0     11   0.82     64    4.7  323.8  326.8  324.0
  563.1   4932    1.7  -25.8     11   0.83     64    4.7  323.9  326.9  324.0
  562.5   4941    1.7  -25.9     11   0.82     64    4.8  323.9  326.9  324.1
  561.7   4952    1.7  -26.3     10   0.80     65    4.8  324.0  327.0  324.2
  560.9   4964    1.6  -26.1     11   0.82     66    4.7  324.1  327.1  324.3
  560.1   4976    1.6  -25.9     11   0.83     66    4.7  324.2  327.3  324.4
  559.3   4986    1.5  -26.1     11   0.81     67    4.7  324.3  327.3  324.4
  558.6   4997    1.5  -25.8     11   0.84     68    4.6  324.3  327.4  324.5
  557.8   5008    1.4  -25.3     12   0.88     69    4.6  324.4  327.6  324.6
  557.1   5018    1.4  -25.5     11   0.87     70    4.5  324.5  327.7  324.7
  556.4   5028    1.4  -24.7     12   0.93     72    4.4  324.6  328.0  324.8
  555.8   5037    1.3  -24.3     13   0.97     73    4.4  324.6  328.2  324.8
  555.2   5045    1.3  -23.8     13   1.01     74    4.3  324.7  328.4  324.9
  554.6   5055    1.3  -24.1     13   0.99     75    4.2  324.8  328.4  325.0
  553.8   5066    1.3  -24.5     13   0.95     77    4.2  324.9  328.3  325.1
  553.0   5078    1.2  -24.8     12   0.93     78    4.1  325.0  328.4  325.2
  552.3   5088    1.2  -25.2     12   0.89     79    4.0  325.1  328.3  325.2
  551.7   5097    1.2  -25.4     12   0.88     79    4.0  325.1  328.3  325.3
  551.0   5107    1.1  -25.1     12   0.91     80    4.0  325.2  328.5  325.3
  550.2   5118    1.0  -24.8     13   0.93     80    3.9  325.2  328.6  325.4
  549.6   5128    1.0  -24.1     13   1.00     80    3.9  325.2  328.9  325.4
  549.0   5136    0.9  -23.7     14   1.03     80    3.9  325.3  329.0  325.5
  548.4   5145    0.9  -23.5     14   1.05     80    3.9  325.3  329.1  325.5
  547.7   5155    0.8  -23.6     14   1.04     80    3.9  325.4  329.2  325.6
  547.0   5165    0.8  -23.8     14   1.03     80    3.9  325.4  329.2  325.6
  546.4   5175    0.7  -24.3     13   0.98     80    3.9  325.5  329.1  325.7
  545.6   5185    0.6  -24.8     13   0.94     80    3.9  325.5  329.0  325.7
  544.9   5196    0.6  -24.6     13   0.96     80    3.9  325.6  329.1  325.8
  544.3   5205    0.5  -24.7     13   0.95     80    3.9  325.6  329.1  325.8
  543.6   5215    0.5  -24.7     13   0.95     81    3.9  325.6  329.1  325.8
  542.8   5227    0.4  -25.0     13   0.93     82    3.9  325.7  329.1  325.9
  542.0   5239    0.4  -25.8     12   0.87     84    3.9  325.8  329.0  326.0
  541.2   5250    0.3  -25.8     12   0.87     85    3.8  325.9  329.1  326.1
  540.5   5261    0.3  -25.6     12   0.88     87    3.8  326.0  329.2  326.1
  539.9   5270    0.2  -25.4     13   0.90     88    3.8  326.0  329.3  326.2
  539.3   5279    0.1  -25.1     13   0.93     90    3.8  326.0  329.4  326.2
  538.6   5290    0.1  -24.8     13   0.95     91    3.7  326.0  329.5  326.2
  537.8   5301   -0.0  -24.4     14   0.99     92    3.7  326.1  329.7  326.3
  537.1   5312   -0.1  -24.0     15   1.02     93    3.7  326.1  329.9  326.3
  536.4   5322   -0.2  -23.3     16   1.09     93    3.6  326.2  330.1  326.4
  535.8   5330   -0.2  -22.7     17   1.16     93    3.6  326.2  330.4  326.4
  535.3   5339   -0.3  -21.6     18   1.27     93    3.6  326.2  330.8  326.5
  534.7   5348   -0.3  -20.6     20   1.39     93    3.5  326.3  331.3  326.5
  534.1   5357   -0.4  -20.5     20   1.40     93    3.5  326.3  331.3  326.6
  533.4   5367   -0.4  -20.4     20   1.42     92    3.5  326.4  331.4  326.6
  532.8   5375   -0.5  -20.1     21   1.45     91    3.5  326.4  331.6  326.7
  532.2   5385   -0.5  -19.7     22   1.51     91    3.6  326.4  331.8  326.7
  531.5   5396   -0.6  -19.4     23   1.55     90    3.6  326.5  332.0  326.8
  530.8   5406   -0.7  -18.6     24   1.67     90    3.6  326.5  332.5  326.9
  530.1   5416   -0.7  -17.4     27   1.84     90    3.7  326.6  333.1  326.9
  529.4   5427   -0.8  -17.6     27   1.82     90    3.7  326.6  333.1  327.0
  528.7   5437   -0.9  -17.6     27   1.82     90    3.8  326.7  333.1  327.0
  528.2   5445   -0.9  -17.2     28   1.88     91    3.8  326.7  333.3  327.0
  527.7   5453   -1.0  -16.8     29   1.95     91    3.9  326.7  333.5  327.0
  527.1   5462   -1.1  -16.6     30   1.99     92    3.9  326.7  333.7  327.1
  526.4   5472   -1.2  -16.4     30   2.01     93    4.0  326.7  333.8  327.1
  525.8   5481   -1.3  -16.1     31   2.07     94    4.0  326.7  334.0  327.1
  525.3   5489   -1.3  -15.3     34   2.22     95    4.1  326.7  334.5  327.1
  524.7   5498   -1.5  -14.0     38   2.47     96    4.1  326.7  335.3  327.2
  524.1   5508   -1.5  -13.7     39   2.54     96    4.1  326.7  335.5  327.2
  523.5   5517   -1.6  -14.2     38   2.44     97    4.1  326.7  335.2  327.2
  522.8   5527   -1.7  -14.8     36   2.33     98    4.1  326.7  334.9  327.2
  522.1   5538   -1.8  -15.5     34   2.20     98    4.1  326.8  334.5  327.2
  521.3   5549   -1.8  -15.7     34   2.16     98    4.1  326.8  334.4  327.3
  520.7   5559   -1.9  -15.7     34   2.17     98    4.1  326.9  334.5  327.3
  520.2   5568   -1.9  -15.4     35   2.22     97    4.1  326.9  334.7  327.4
  519.7   5575   -2.0  -14.9     36   2.31     96    4.1  327.0  335.1  327.4
  519.1   5583   -2.0  -14.1     39   2.49     96    4.1  327.0  335.7  327.5
  518.6   5592   -2.0  -13.8     40   2.55     95    4.0  327.1  336.0  327.6
  518.0   5601   -2.0  -14.2     39   2.47     94    4.0  327.2  335.8  327.7
  517.4   5610   -2.0  -14.5     38   2.41     94    4.0  327.3  335.7  327.8
  516.8   5620   -2.1  -14.8     37   2.36     93    4.1  327.3  335.6  327.8
  516.1   5629   -2.1  -14.5     38   2.42     93    4.1  327.4  335.9  327.9
  515.5   5639   -2.2  -14.5     38   2.42     93    4.1  327.4  335.9  327.9
  514.9   5648   -2.2  -14.5     39   2.43     94    4.1  327.5  336.0  328.0
  514.2   5660   -2.3  -14.7     38   2.39     95    4.0  327.5  335.9  328.0
  513.4   5671   -2.4  -15.1     37   2.31     96    4.0  327.6  335.7  328.1
  512.7   5682   -2.4  -15.4     36   2.26     97    4.0  327.7  335.6  328.1
  512.0   5693   -2.5  -15.7     36   2.21     99    3.9  327.7  335.5  328.2
  511.4   5703   -2.5  -15.8     35   2.19    101    3.9  327.8  335.5  328.2
  510.7   5713   -2.6  -15.6     36   2.23    103    3.9  327.9  335.7  328.3
  510.0   5724   -2.6  -16.0     35   2.16    105    3.8  327.9  335.5  328.3
  509.2   5736   -2.6  -17.6     31   1.89    107    3.8  328.0  334.8  328.4
  508.5   5747   -2.7  -18.3     29   1.78    109    3.7  328.1  334.5  328.5
  507.8   5758   -2.8  -18.3     29   1.78    111    3.7  328.2  334.5  328.5
  507.2   5767   -2.8  -18.2     30   1.81    113    3.6  328.2  334.6  328.6
  506.7   5775   -2.9  -18.1     30   1.82    115    3.6  328.2  334.7  328.6
  506.2   5784   -2.9  -18.4     29   1.77    117    3.6  328.2  334.6  328.6
  505.7   5791   -3.0  -19.1     28   1.67    119    3.5  328.3  334.3  328.6
  505.2   5798   -3.0  -18.6     29   1.75    121    3.5  328.3  334.6  328.7
  504.7   5807   -3.1  -16.8     34   2.04    123    3.4  328.3  335.5  328.7
  504.1   5816   -3.2  -16.1     36   2.17    124    3.4  328.3  336.0  328.7
  503.5   5826   -3.3  -16.3     36   2.14    125    3.3  328.3  335.9  328.7
  502.8   5837   -3.3  -16.7     35   2.07    126    3.2  328.4  335.7  328.8
  502.2   5847   -3.4  -17.5     33   1.94    126    3.2  328.4  335.3  328.8
  501.6   5856   -3.4  -18.3     31   1.80    125    3.1  328.5  334.9  328.8
  501.0   5865   -3.5  -18.2     31   1.83    124    3.1  328.5  335.0  328.9
  500.5   5874   -3.5  -18.0     32   1.87    122    3.0  328.6  335.2  328.9
  500.0   5881   -3.6  -18.0     32   1.85    122    3.0  328.6  335.2  328.9
  499.9   5882   -3.6  -18.1     32   1.85    119    3.0  328.6  335.2  328.9
  499.3   5892   -3.7  -18.1     32   1.84    116    3.0  328.6  335.1  328.9
  498.5   5904   -3.8  -17.7     33   1.91    112    3.0  328.6  335.4  329.0
  497.8   5915   -3.8  -17.3     34   1.99    109    3.0  328.7  335.8  329.1
  497.1   5926   -3.9  -17.5     34   1.95    105    3.1  328.7  335.7  329.1
  496.5   5937   -4.0  -17.9     33   1.89    102    3.2  328.8  335.5  329.1
  495.9   5946   -4.0  -19.0     30   1.73     99    3.3  328.9  335.0  329.2
  495.3   5956   -4.0  -19.7     28   1.62     96    3.3  329.0  334.8  329.3
  494.7   5964   -4.0  -19.9     28   1.60     94    3.4  329.0  334.8  329.4
  494.2   5972   -4.1  -20.3     27   1.55     92    3.5  329.1  334.7  329.4
  493.7   5981   -4.1  -20.8     26   1.48     90    3.6  329.2  334.5  329.5
  493.1   5990   -4.1  -21.1     25   1.45     89    3.7  329.2  334.5  329.5
  492.5   6000   -4.2  -21.6     24   1.39     87    3.7  329.3  334.4  329.6
  491.9   6009   -4.1  -22.8     22   1.25     86    3.8  329.4  334.0  329.7
  491.3   6019   -4.1  -23.1     21   1.22     86    3.9  329.6  334.0  329.8
  490.7   6029   -4.2  -22.3     23   1.30     85    3.9  329.7  334.4  329.9
  490.1   6038   -4.2  -21.6     24   1.39     84    4.0  329.7  334.8  330.0
  489.5   6048   -4.3  -20.3     27   1.56     83    4.0  329.7  335.4  330.1
  489.0   6057   -4.3  -18.9     31   1.76     83    4.0  329.8  336.1  330.1
  488.4   6066   -4.4  -19.6     29   1.66     83    4.0  329.8  335.8  330.1
  487.8   6076   -4.5  -19.8     29   1.64     82    4.0  329.8  335.8  330.2
  487.1   6086   -4.5  -19.5     30   1.67     82    4.0  329.9  336.0  330.3
  486.6   6095   -4.5  -20.2     28   1.59     82    4.0  330.0  335.7  330.3
  486.1   6103   -4.6  -20.9     27   1.49     82    3.9  330.1  335.5  330.4
  485.5   6112   -4.6  -19.5     30   1.68     83    3.9  330.1  336.2  330.4
  484.9   6123   -4.7  -18.3     34   1.87     83    3.8  330.1  336.8  330.5
  484.2   6134   -4.8  -19.7     30   1.66     83    3.7  330.2  336.2  330.5
  483.5   6145   -4.8  -20.4     28   1.57     83    3.6  330.3  336.0  330.6
  482.9   6155   -4.8  -20.0     29   1.62     84    3.5  330.4  336.2  330.7
  482.4   6164   -4.8  -20.6     28   1.54     84    3.4  330.5  336.0  330.8
  481.8   6173   -4.8  -21.0     27   1.49     84    3.3  330.6  335.9  330.9
  481.2   6183   -4.9  -20.5     28   1.55     84    3.3  330.7  336.3  331.0
  480.5   6194   -4.8  -23.4     22   1.21     83    3.3  330.8  335.3  331.1
  479.8   6205   -4.8  -24.7     19   1.08     83    3.2  331.0  335.0  331.2
  479.2   6215   -4.8  -23.9     21   1.16     82    3.2  331.1  335.4  331.3
  478.7   6224   -4.8  -23.3     22   1.23     82    3.2  331.2  335.7  331.4
  478.1   6234   -4.9  -23.0     23   1.26     81    3.2  331.2  335.9  331.5
  477.5   6243   -4.9  -23.4     22   1.21     80    3.3  331.3  335.7  331.5
  476.9   6254   -5.0  -23.4     22   1.22     80    3.3  331.3  335.7  331.5
  476.2   6264   -5.1  -23.6     22   1.20     80    3.3  331.3  335.7  331.5
  475.7   6274   -5.2  -23.7     22   1.19     79    3.4  331.3  335.7  331.5
  475.1   6283   -5.3  -23.6     22   1.20     79    3.4  331.3  335.7  331.6
  474.5   6293   -5.3  -23.7     22   1.20     80    3.4  331.4  335.8  331.6
  473.9   6303   -5.4  -22.1     26   1.38     80    3.5  331.4  336.4  331.7
  473.2   6314   -5.5  -19.8     31   1.68     81    3.5  331.4  337.5  331.8
  472.5   6325   -5.6  -19.7     32   1.71     82    3.6  331.4  337.6  331.8
  471.8   6338   -5.7  -18.5     36   1.89     83    3.6  331.4  338.2  331.8
  471.1   6350   -5.8  -16.8     42   2.18     84    3.7  331.4  339.2  331.9
  470.5   6359   -5.9  -16.7     42   2.21     86    3.7  331.4  339.3  331.9
  469.9   6368   -6.0  -19.0     35   1.82     87    3.7  331.5  338.0  331.9
  469.4   6378   -6.0  -21.2     29   1.50     89    3.7  331.6  337.0  331.9
  468.8   6388   -6.1  -21.4     29   1.48     91    3.7  331.6  337.0  331.9
  468.1   6399   -6.1  -22.3     27   1.38     93    3.7  331.7  336.7  332.0
  467.5   6409   -6.2  -22.6     26   1.34     95    3.7  331.7  336.6  332.0
  467.0   6418   -6.3  -22.8     26   1.32     98    3.7  331.7  336.6  332.0
  466.3   6429   -6.3  -21.9     28   1.42    100    3.7  331.8  337.0  332.1
  465.7   6439   -6.4  -21.7     29   1.45    102    3.7  331.8  337.1  332.1
  465.2   6448   -6.5  -22.9     26   1.31    104    3.7  331.9  336.7  332.1
  464.6   6458   -6.5  -23.6     24   1.23    105    3.8  331.9  336.5  332.2
  464.0   6468   -6.6  -23.8     24   1.21    106    3.8  332.0  336.4  332.2
  463.4   6478   -6.6  -23.9     24   1.20    107    3.8  332.0  336.4  332.3
  462.8   6488   -6.7  -24.5     23   1.14    108    3.9  332.1  336.3  332.3
  462.3   6497   -6.7  -24.5     23   1.14    108    3.9  332.1  336.3  332.4
  461.7   6507   -6.7  -25.4     21   1.05    107    3.9  332.2  336.2  332.4
  461.2   6516   -6.8  -26.0     20   1.00    106    3.9  332.3  336.0  332.5
  460.6   6526   -6.9  -25.2     22   1.07    105    3.9  332.3  336.3  332.5
  460.0   6536   -7.0  -24.2     24   1.17    104    3.9  332.3  336.6  332.5
  459.5   6545   -7.1  -23.8     25   1.23    103    3.9  332.3  336.8  332.5
  458.9   6554   -7.2  -23.2     27   1.29    101    3.8  332.3  337.0  332.5
  458.4   6563   -7.3  -22.3     29   1.40    100    3.8  332.3  337.4  332.6
  457.7   6575   -7.4  -21.9     30   1.45     98    3.7  332.3  337.6  332.6
  457.0   6586   -7.4  -22.9     28   1.33     97    3.6  332.4  337.2  332.6
  456.4   6597   -7.4  -25.5     22   1.06     96    3.5  332.5  336.4  332.7
  455.8   6608   -7.5  -25.0     23   1.11     94    3.4  332.6  336.7  332.8
  455.2   6618   -7.5  -24.9     23   1.11     93    3.3  332.6  336.7  332.8
  454.7   6627   -7.6  -24.9     24   1.12     92    3.2  332.6  336.8  332.8
  454.1   6636   -7.7  -24.7     24   1.14     90    3.1  332.7  336.9  332.9
  453.5   6646   -7.8  -24.5     25   1.17     89    3.1  332.7  337.0  332.9
  453.0   6655   -7.8  -23.9     26   1.23     87    3.0  332.7  337.2  332.9
  452.4   6666   -7.9  -23.6     27   1.26     86    3.0  332.8  337.4  333.0
  451.8   6676   -7.9  -23.9     26   1.23     84    3.0  332.8  337.4  333.1
  451.3   6684   -7.9  -23.4     28   1.29     83    3.1  332.9  337.6  333.1
  450.7   6694   -8.0  -21.8     32   1.49     82    3.1  332.9  338.4  333.2
  450.0   6706   -8.1  -21.0     35   1.60     80    3.2  332.9  338.8  333.3
  449.4   6717   -8.2  -18.8     42   1.93     80    3.4  332.9  339.9  333.3
  448.8   6728   -8.4  -16.3     53   2.39     79    3.5  332.9  341.4  333.3
  448.1   6739   -8.5  -16.3     53   2.40     78    3.7  332.8  341.4  333.3
  447.5   6750   -8.6  -16.7     52   2.32     78    3.8  332.8  341.2  333.3
  446.8   6762   -8.7  -17.0     51   2.27     78    4.0  332.9  341.0  333.4
  446.2   6772   -8.7  -18.2     46   2.06     78    4.1  333.0  340.4  333.4
  445.7   6782   -8.7  -22.7     31   1.39     78    4.3  333.2  338.3  333.5
  445.1   6792   -8.7  -24.7     26   1.16     77    4.4  333.3  337.6  333.5
  444.5   6802   -8.7  -24.9     26   1.15     77    4.4  333.4  337.6  333.6
  444.0   6811   -8.8  -25.5     24   1.08     77    4.5  333.4  337.4  333.6
  443.2   6824   -8.9  -26.2     23   1.02     77    4.6  333.4  337.2  333.6
  442.5   6836   -9.0  -27.5     21   0.91     77    4.6  333.5  336.9  333.6
  442.0   6846   -9.0  -27.1     22   0.94     76    4.6  333.5  337.0  333.7
  441.5   6855   -9.1  -26.1     24   1.03     76    4.6  333.5  337.3  333.7
  440.8   6866   -9.2  -26.1     24   1.03     75    4.6  333.5  337.4  333.7
  440.2   6877   -9.3  -26.3     24   1.01     75    4.6  333.5  337.3  333.7
  439.7   6887   -9.4  -26.4     24   1.01     75    4.6  333.5  337.3  333.7
  439.1   6897   -9.5  -26.4     24   1.01     74    4.7  333.5  337.3  333.7
  438.5   6908   -9.6  -26.5     24   1.01     74    4.7  333.6  337.3  333.8
  437.9   6917   -9.7  -26.7     24   0.99     74    4.7  333.6  337.3  333.8
  437.3   6927   -9.8  -26.6     24   1.00     75    4.8  333.6  337.4  333.8
  436.7   6938   -9.8  -26.5     24   1.01     75    4.8  333.6  337.4  333.8
  436.1   6950   -9.9  -26.8     24   0.99     75    4.8  333.7  337.3  333.9
  435.4   6961  -10.0  -27.2     23   0.95     76    4.9  333.7  337.3  333.9
  434.8   6973  -10.0  -27.4     23   0.93     76    4.9  333.8  337.3  334.0
  434.1   6984  -10.1  -27.4     23   0.94     77    4.9  333.9  337.4  334.1
  433.5   6995  -10.2  -27.8     22   0.90     77    4.9  333.9  337.3  334.1
  433.0   7004  -10.2  -28.1     22   0.88     78    4.9  334.0  337.3  334.1
  432.5   7012  -10.3  -28.3     21   0.86     78    4.9  334.0  337.2  334.1
  432.0   7022  -10.4  -28.5     21   0.84     78    4.9  334.0  337.2  334.2
  431.4   7033  -10.5  -28.5     21   0.85     78    4.9  334.0  337.2  334.2
  430.8   7044  -10.6  -28.7     21   0.84     78    4.9  334.0  337.2  334.2
  430.2   7054  -10.6  -28.7     21   0.84     78    4.9  334.0  337.2  334.2
  429.6   7065  -10.8  -28.6     22   0.85     78    4.9  334.0  337.2  334.2
  429.0   7076  -10.8  -28.6     22   0.85     78    5.0  334.1  337.3  334.2
  428.4   7086  -10.9  -28.5     22   0.86     78    5.0  334.1  337.4  334.3
  427.9   7096  -11.0  -28.3     23   0.87     78    5.1  334.1  337.4  334.3
  427.3   7106  -11.1  -28.4     22   0.86     78    5.1  334.1  337.4  334.3
  426.7   7117  -11.2  -28.7     22   0.84     78    5.2  334.1  337.3  334.3
  426.2   7127  -11.2  -29.2     21   0.80     78    5.2  334.2  337.2  334.3
  425.6   7136  -11.3  -29.4     21   0.79     78    5.3  334.2  337.2  334.4
  425.0   7148  -11.4  -29.5     21   0.78     78    5.3  334.3  337.2  334.4
  424.4   7159  -11.4  -29.6     21   0.77     78    5.3  334.3  337.3  334.5
  423.9   7168  -11.5  -30.0     20   0.75     79    5.3  334.4  337.2  334.5
  423.4   7177  -11.5  -30.5     19   0.71     79    5.3  334.4  337.2  334.6
  422.8   7188  -11.6  -30.1     20   0.75     79    5.3  334.5  337.3  334.6
  422.1   7200  -11.7  -29.8     21   0.77     80    5.3  334.5  337.5  334.7
  421.5   7211  -11.8  -29.9     21   0.76     80    5.3  334.6  337.5  334.7
  420.9   7222  -11.8  -29.6     21   0.78     80    5.3  334.6  337.6  334.8
  420.2   7234  -11.9  -28.8     23   0.85     81    5.3  334.7  337.9  334.9
  419.6   7245  -12.0  -26.2     30   1.08     81    5.3  334.7  338.8  334.9
  419.0   7256  -12.1  -24.7     34   1.23     82    5.2  334.7  339.3  335.0
  418.4   7267  -12.2  -24.6     35   1.25     82    5.2  334.8  339.4  335.0
  417.8   7278  -12.3  -24.6     35   1.25     83    5.2  334.7  339.4  335.0
  417.2   7289  -12.4  -24.8     35   1.23     83    5.1  334.8  339.3  335.0
  416.6   7300  -12.5  -25.0     34   1.21     84    5.0  334.8  339.3  335.0
  416.0   7311  -12.6  -24.9     35   1.22     85    4.9  334.8  339.3  335.0
  415.4   7322  -12.7  -25.0     35   1.21     85    4.8  334.8  339.3  335.1
  414.9   7332  -12.8  -25.7     33   1.14     86    4.7  334.8  339.1  335.0
  414.3   7344  -12.9  -25.3     35   1.19     86    4.6  334.8  339.2  335.0
  413.6   7355  -13.0  -22.9     43   1.48     87    4.5  334.8  340.3  335.1
  413.0   7366  -13.1  -18.6     63   2.14     87    4.3  334.7  342.5  335.2
  412.5   7376  -13.3  -16.7     75   2.51     87    4.2  334.7  343.7  335.2
  412.0   7385  -13.3  -17.0     74   2.45     87    4.1  334.7  343.5  335.2
  411.6   7393  -13.4  -17.1     74   2.45     87    4.1  334.7  343.5  335.2
  411.1   7401  -13.4  -17.3     73   2.40     86    4.0  334.8  343.4  335.3
  410.6   7411  -13.5  -17.8     70   2.31     86    4.0  334.8  343.1  335.3
  410.0   7421  -13.6  -18.7     65   2.14     85    4.0  334.9  342.6  335.3
  409.5   7432  -13.6  -20.9     54   1.78     84    4.0  335.0  341.5  335.3
  408.9   7442  -13.6  -24.3     40   1.31     83    4.1  335.2  340.0  335.4
  408.4   7452  -13.5  -25.4     36   1.19     82    4.2  335.3  339.7  335.5
  407.8   7462  -13.6  -23.8     42   1.37     81    4.2  335.3  340.4  335.6
  407.3   7472  -13.7  -22.7     47   1.52     80    4.3  335.3  340.9  335.6
  406.7   7483  -13.8  -22.9     46   1.50     79    4.4  335.3  340.9  335.6
  406.1   7494  -13.9  -23.1     46   1.47     79    4.4  335.4  340.8  335.7
  405.6   7503  -14.0  -23.1     46   1.47     78    4.5  335.4  340.8  335.7
  405.1   7513  -14.1  -23.8     43   1.38     78    4.6  335.4  340.5  335.7
  404.5   7524  -14.2  -24.6     41   1.29     78    4.6  335.4  340.2  335.7
  403.9   7536  -14.3  -24.4     42   1.32     78    4.6  335.4  340.3  335.7
  403.4   7546  -14.4  -23.8     44   1.39     79    4.7  335.4  340.5  335.7
  402.8   7556  -14.5  -22.8     49   1.52     79    4.7  335.4  341.0  335.7
  402.3   7566  -14.6  -22.3     52   1.60     80    4.7  335.4  341.3  335.7
  401.7   7576  -14.7  -22.5     51   1.56     80    4.8  335.4  341.2  335.7
  401.2   7586  -14.8  -22.7     51   1.54     81    4.8  335.4  341.1  335.7
  400.8   7595  -14.8  -22.6     52   1.56     81    4.8  335.4  341.2  335.7
  400.2   7606  -14.9  -20.5     62   1.88     81    4.9  335.5  342.3  335.8
  400.0   7609  -14.9  -19.8     66   2.00     80    4.9  335.5  342.7  335.9
  399.6   7618  -15.0  -18.3     76   2.26     80    4.9  335.5  343.7  336.0
  399.0   7628  -15.0  -17.6     81   2.41     80    4.9  335.6  344.3  336.1
  398.6   7636  -15.0  -17.5     82   2.45     79    4.9  335.7  344.5  336.2
  398.2   7644  -14.8  -18.0     77   2.35     77    4.9  336.1  344.5  336.5
  397.7   7654  -14.7  -18.6     72   2.22     76    4.9  336.4  344.5  336.9
  397.1   7664  -14.7  -18.4     73   2.27     74    4.9  336.5  344.8  337.0
  396.6   7674  -14.8  -18.4     74   2.28     73    4.9  336.5  344.8  337.0
  396.1   7684  -14.8  -18.5     74   2.26     71    4.9  336.6  344.8  337.1
  395.6   7693  -14.8  -18.8     72   2.20     70    4.8  336.7  344.7  337.1
  395.2   7701  -14.8  -19.2     69   2.12     69    4.8  336.8  344.5  337.2
  394.7   7711  -14.8  -19.7     66   2.04     68    4.8  337.0  344.4  337.4
  394.1   7722  -14.8  -19.9     65   2.00     67    4.7  337.0  344.3  337.4
  393.5   7733  -14.9  -20.5     62   1.91     66    4.6  337.1  344.1  337.5
  392.9   7744  -14.9  -20.9     60   1.84     66    4.5  337.3  344.0  337.6
  392.5   7754  -15.0  -19.9     66   2.01     66    4.4  337.3  344.6  337.7
  392.0   7763  -15.1  -19.4     69   2.10     66    4.3  337.3  344.9  337.7
  391.4   7774  -15.2  -19.3     71   2.14     66    4.1  337.3  345.0  337.7
  390.9   7785  -15.2  -19.4     70   2.11     66    4.0  337.3  345.0  337.7
  390.3   7795  -15.3  -19.9     68   2.02     66    3.8  337.3  344.7  337.8
  389.8   7806  -15.4  -21.4     60   1.79     66    3.7  337.4  344.0  337.8
  389.2   7817  -15.4  -22.6     54   1.60     67    3.5  337.5  343.4  337.8
  388.7   7827  -15.4  -23.4     50   1.49     68    3.4  337.6  343.1  337.9
  388.1   7837  -15.5  -23.2     52   1.53     68    3.3  337.6  343.3  338.0
  387.6   7847  -15.6  -23.3     52   1.52     70    3.1  337.6  343.3  338.0
  387.2   7855  -15.7  -23.4     52   1.51     71    3.1  337.7  343.3  338.0
  386.8   7864  -15.7  -23.6     51   1.47     72    3.0  337.7  343.2  338.0
  386.3   7874  -15.8  -23.9     49   1.44     73    3.0  337.8  343.1  338.0
  385.7   7885  -15.8  -24.4     48   1.38     75    3.0  337.8  343.0  338.1
  385.2   7895  -15.9  -24.5     47   1.37     76    3.0  337.9  343.0  338.1
  384.7   7905  -16.0  -24.6     47   1.35     76    3.1  337.9  343.0  338.2
  384.2   7915  -16.0  -24.8     47   1.33     77    3.1  337.9  342.9  338.2
  383.6   7925  -16.1  -25.1     46   1.30     77    3.2  338.0  342.9  338.3
  383.0   7937  -16.2  -25.4     45   1.27     76    3.4  338.1  342.8  338.3
  382.5   7948  -16.2  -25.5     45   1.26     76    3.5  338.1  342.9  338.4
  382.0   7957  -16.3  -25.5     45   1.27     76    3.6  338.2  342.9  338.4
  381.6   7966  -16.3  -25.4     45   1.27     76    3.8  338.2  343.0  338.5
  381.1   7976  -16.4  -25.4     46   1.28     76    3.9  338.2  343.0  338.5
  380.5   7987  -16.5  -25.4     46   1.28     76    4.0  338.3  343.1  338.5
  380.0   7997  -16.6  -25.5     46   1.27     76    4.1  338.3  343.1  338.5
  379.5   8007  -16.6  -26.6     42   1.15     76    4.2  338.4  342.7  338.6
  379.0   8017  -16.6  -28.6     35   0.95     77    4.3  338.5  342.1  338.7
  378.5   8026  -16.7  -29.3     33   0.90     77    4.3  338.6  342.0  338.7
  378.1   8035  -16.7  -29.4     33   0.89     78    4.3  338.6  342.0  338.7
  377.5   8046  -16.8  -29.2     33   0.91     78    4.3  338.6  342.1  338.8
  377.0   8057  -16.9  -28.5     36   0.97     78    4.3  338.6  342.3  338.8
  376.4   8069  -17.0  -27.8     38   1.03     78    4.2  338.6  342.6  338.9
  375.8   8081  -17.1  -29.3     34   0.90     78    4.2  338.7  342.2  338.9
  375.2   8093  -17.1  -32.3     26   0.68     77    4.1  338.8  341.5  339.0
  374.6   8104  -17.1  -33.7     22   0.59     76    4.1  338.9  341.2  339.0
  374.2   8113  -17.2  -34.6     21   0.55     76    4.0  338.9  341.1  339.1
  373.7   8123  -17.3  -36.9     16   0.43     75    4.0  339.0  340.7  339.0
  373.1   8135  -17.3  -39.5     13   0.33     74    3.9  339.1  340.4  339.1
  372.6   8144  -17.3  -38.3     14   0.38     74    3.9  339.2  340.7  339.2
  372.2   8152  -17.4  -36.0     18   0.48     74    3.9  339.2  341.1  339.3
  371.7   8162  -17.5  -34.8     21   0.54     74    3.9  339.2  341.3  339.3
  371.2   8172  -17.6  -33.7     23   0.60     74    3.8  339.2  341.6  339.3
  370.8   8181  -17.6  -32.9     25   0.65     75    3.8  339.2  341.8  339.4
  370.3   8191  -17.7  -32.6     26   0.67     77    3.7  339.3  341.9  339.4
  369.7   8202  -17.8  -32.5     26   0.67     78    3.7  339.3  342.0  339.5
  369.2   8213  -17.9  -32.4     27   0.68     80    3.6  339.3  342.0  339.4
  368.6   8224  -18.0  -32.3     27   0.69     81    3.5  339.3  342.0  339.5
  368.1   8236  -18.1  -31.5     30   0.75     83    3.4  339.3  342.2  339.5
  367.5   8247  -18.2  -30.4     33   0.83     85    3.3  339.4  342.6  339.6
  367.0   8258  -18.2  -30.5     33   0.83     87    3.2  339.5  342.6  339.6
  366.5   8268  -18.3  -32.3     28   0.70     88    3.2  339.5  342.2  339.7
  366.0   8278  -18.3  -33.1     26   0.65     90    3.1  339.6  342.1  339.7
  365.5   8287  -18.4  -31.9     29   0.72     91    3.0  339.7  342.5  339.8
  365.1   8297  -18.4  -32.7     27   0.67     91    3.0  339.7  342.4  339.9
  364.6   8307  -18.4  -34.5     23   0.57     91    3.0  339.9  342.1  340.0
  364.1   8317  -18.4  -34.0     24   0.59     91    3.0  339.9  342.3  340.1
  363.6   8327  -18.5  -33.3     26   0.64     91    3.0  340.0  342.5  340.1
  363.0   8339  -18.6  -32.3     29   0.71     90    3.1  340.0  342.7  340.1
  362.5   8350  -18.7  -30.6     35   0.83     89    3.1  340.0  343.2  340.1
  362.0   8359  -18.8  -29.8     37   0.89     88    3.2  340.0  343.4  340.2
  361.5   8370  -18.9  -30.2     36   0.86     87    3.2  340.0  343.3  340.2
  361.0   8381  -19.0  -29.2     40   0.94     86    3.3  340.0  343.6  340.2
  360.5   8391  -19.0  -29.2     40   0.95     86    3.4  340.1  343.8  340.3
  360.0   8401  -19.0  -32.4     30   0.70     86    3.5  340.3  343.0  340.5
  359.5   8412  -19.0  -35.7     21   0.51     86    3.5  340.4  342.5  340.6
  358.9   8424  -19.0  -37.1     19   0.44     86    3.6  340.5  342.3  340.6
  358.4   8435  -19.1  -37.8     18   0.41     87    3.7  340.6  342.3  340.7
  357.8   8446  -19.2  -39.3     15   0.35     88    3.7  340.6  342.1  340.7
  357.3   8457  -19.3  -39.5     15   0.35     89    3.8  340.6  342.1  340.7
  356.8   8467  -19.4  -39.5     15   0.35     90    3.8  340.6  342.1  340.7
  356.3   8478  -19.5  -40.6     14   0.31     91    3.9  340.7  341.9  340.7
  355.7   8491  -19.5  -43.3     10   0.23     92    3.9  340.8  341.7  340.8
  355.1   8502  -19.6  -44.5      9   0.21     93    4.0  340.8  341.7  340.9
  354.6   8513  -19.7  -43.9     10   0.22     93    4.0  340.9  341.8  340.9
  354.1   8524  -19.8  -43.5     10   0.23     93    4.1  340.9  341.8  340.9
  353.7   8533  -19.8  -43.3     10   0.24     92    4.1  340.9  341.9  341.0
  353.3   8541  -19.9  -43.2     11   0.24     91    4.1  341.0  342.0  341.0
  352.8   8550  -19.9  -44.3      9   0.21     90    4.2  341.0  341.9  341.1
  352.4   8560  -19.9  -44.6      9   0.21     89    4.2  341.1  342.0  341.1
  351.8   8571  -20.0  -44.5      9   0.21     87    4.2  341.2  342.0  341.2
  351.3   8583  -20.1  -43.5     11   0.23     85    4.2  341.2  342.2  341.2
  350.7   8595  -20.2  -41.8     13   0.28     83    4.2  341.2  342.4  341.3
  350.3   8605  -20.3  -39.1     17   0.37     81    4.3  341.2  342.7  341.3
  349.9   8613  -20.4  -34.5     27   0.59     79    4.3  341.2  343.5  341.3
  349.4   8622  -20.5  -32.7     33   0.70     77    4.2  341.2  344.0  341.4
  349.0   8632  -20.5  -33.5     30   0.65     75    4.2  341.3  343.8  341.4
  348.6   8640  -20.6  -34.7     27   0.58     73    4.2  341.3  343.6  341.4
  348.1   8650  -20.7  -35.5     25   0.53     71    4.2  341.3  343.4  341.4
  347.5   8663  -20.8  -34.7     27   0.58     69    4.1  341.4  343.7  341.5
  346.8   8677  -20.9  -32.0     36   0.75     67    4.1  341.4  344.4  341.6
  346.2   8691  -21.0  -30.3     43   0.89     66    4.1  341.4  344.9  341.6
  345.7   8703  -21.0  -30.1     44   0.91     64    4.0  341.5  345.0  341.7
  345.2   8712  -21.1  -30.3     43   0.89     63    4.0  341.6  345.0  341.7
  344.7   8723  -21.1  -30.4     43   0.89     62    4.0  341.6  345.1  341.8
  344.2   8734  -21.2  -30.2     44   0.91     61    4.0  341.8  345.3  341.9
  343.7   8745  -21.2  -30.9     42   0.85     61    4.1  341.8  345.1  342.0
  343.2   8756  -21.2  -32.0     37   0.77     60    4.1  342.0  344.9  342.1
  342.7   8767  -21.2  -31.5     39   0.81     60    4.1  342.1  345.2  342.2
  342.1   8778  -21.3  -31.1     41   0.84     60    4.2  342.1  345.4  342.3
  341.6   8790  -21.4  -31.1     41   0.84     60    4.2  342.1  345.4  342.3
  341.1   8801  -21.5  -31.2     41   0.83     60    4.3  342.1  345.4  342.3
  340.6   8812  -21.6  -31.2     42   0.83     60    4.3  342.1  345.4  342.3
  340.0   8824  -21.7  -31.0     43   0.85     59    4.4  342.2  345.5  342.4
  339.5   8836  -21.8  -30.8     44   0.86     59    4.4  342.2  345.5  342.4
  338.9   8848  -22.0  -30.8     45   0.87     58    4.4  342.2  345.5  342.4
  338.4   8859  -22.0  -30.9     44   0.86     57    4.4  342.2  345.6  342.4
  338.0   8868  -22.1  -31.0     45   0.86     56    4.5  342.2  345.5  342.4
  337.4   8880  -22.3  -30.9     46   0.87     55    4.5  342.2  345.6  342.4
  336.9   8892  -22.4  -31.0     46   0.86     55    4.5  342.2  345.5  342.3
  336.3   8905  -22.5  -31.1     45   0.85     54    4.5  342.2  345.5  342.4
  335.7   8918  -22.6  -31.1     46   0.86     54    4.5  342.2  345.5  342.4
  335.1   8931  -22.7  -31.3     46   0.84     54    4.5  342.2  345.5  342.4
  334.6   8941  -22.8  -31.6     45   0.81     55    4.5  342.3  345.4  342.4
  334.2   8951  -22.9  -31.4     46   0.83     55    4.5  342.2  345.5  342.4
  333.7   8962  -23.0  -31.3     47   0.84     57    4.4  342.2  345.5  342.4
  333.1   8974  -23.1  -31.5     46   0.83     58    4.4  342.3  345.5  342.4
  332.6   8986  -23.2  -31.4     47   0.84     59    4.4  342.3  345.6  342.5
  332.1   8997  -23.3  -31.0     49   0.87     60    4.4  342.3  345.7  342.5
  331.5   9010  -23.4  -31.5     47   0.83     61    4.4  342.4  345.6  342.5
  330.9   9023  -23.5  -32.1     45   0.79     62    4.3  342.4  345.5  342.6
  330.3   9037  -23.6  -33.0     42   0.72     62    4.3  342.5  345.3  342.6
  329.7   9049  -23.7  -34.9     35   0.60     62    4.2  342.5  344.9  342.7
  329.3   9060  -23.7  -36.4     30   0.52     62    4.2  342.6  344.6  342.7
  328.8   9071  -23.8  -37.6     27   0.46     62    4.1  342.6  344.5  342.7
  328.3   9082  -23.9  -35.7     33   0.56     61    4.0  342.7  344.9  342.8
  327.8   9092  -24.0  -34.0     39   0.66     60    3.9  342.7  345.3  342.8
  327.3   9102  -24.1  -33.4     42   0.70     59    3.7  342.7  345.5  342.9
  326.8   9114  -24.2  -33.6     41   0.69     59    3.6  342.7  345.4  342.9
  326.3   9125  -24.3  -33.6     42   0.69     58    3.5  342.7  345.4  342.9
  325.7   9138  -24.4  -33.0     45   0.73     58    3.3  342.7  345.6  342.9
  325.1   9151  -24.5  -32.5     48   0.77     58    3.2  342.7  345.7  342.9
  324.6   9164  -24.6  -32.5     48   0.77     58    3.1  342.7  345.8  342.9
  324.1   9176  -24.7  -32.7     48   0.76     59    3.0  342.8  345.7  342.9
  323.5   9188  -24.8  -33.6     44   0.69     59    2.9  342.9  345.6  343.0
  323.0   9199  -24.8  -35.1     37   0.60     60    2.8  343.1  345.4  343.2
  322.6   9209  -24.7  -36.6     32   0.52     61    2.8  343.2  345.3  343.3
  322.0   9221  -24.7  -38.0     28   0.45     61    2.9  343.4  345.2  343.5
  321.5   9234  -24.8  -40.4     22   0.35     61    2.9  343.5  344.9  343.5
  321.0   9245  -24.8  -41.4     20   0.32     61    3.0  343.6  344.9  343.6
  320.5   9255  -24.9  -42.4     18   0.28     61    3.1  343.6  344.8  343.7
  320.0   9267  -25.0  -44.1     15   0.24     60    3.2  343.7  344.7  343.7
  319.5   9279  -25.0  -45.3     13   0.21     59    3.4  343.7  344.6  343.8
  319.0   9291  -25.1  -46.4     12   0.19     59    3.5  343.8  344.6  343.8
  318.5   9302  -25.2  -46.3     12   0.19     58    3.6  343.9  344.7  343.9
  317.9   9315  -25.2  -45.9     13   0.20     57    3.7  343.9  344.8  344.0
  317.3   9328  -25.3  -46.7     12   0.18     56    3.8  344.0  344.8  344.0
  316.8   9341  -25.5  -46.7     12   0.18     56    3.9  344.0  344.8  344.0
  316.3   9352  -25.6  -46.7     12   0.18     55    4.0  344.0  344.8  344.0
  315.8   9363  -25.6  -46.7     12   0.18     55    4.0  344.0  344.8  344.1
  315.4   9373  -25.7  -46.7     12   0.18     54    4.0  344.1  344.8  344.1
  314.9   9384  -25.8  -46.7     12   0.18     54    4.0  344.1  344.9  344.1
  314.4   9396  -25.9  -46.7     12   0.18     54    4.0  344.1  344.9  344.2
  313.9   9407  -26.0  -46.8     12   0.18     54    4.0  344.2  344.9  344.2
  313.5   9417  -26.0  -46.8     12   0.18     54    4.0  344.2  345.0  344.2
  313.0   9427  -26.1  -46.8     13   0.18     54    4.0  344.2  345.0  344.3
  312.5   9439  -26.3  -46.7     13   0.18     54    4.0  344.2  345.0  344.3
  312.0   9451  -26.4  -46.6     13   0.19     55    4.0  344.2  345.0  344.3
  311.5   9461  -26.5  -46.7     13   0.19     55    4.0  344.2  345.0  344.3
  311.1   9472  -26.6  -46.7     13   0.18     56    4.1  344.2  345.0  344.3
  310.6   9483  -26.6  -46.7     13   0.19     56    4.1  344.3  345.1  344.3
  310.1   9494  -26.7  -46.6     13   0.19     56    4.1  344.3  345.1  344.3
  309.7   9503  -26.8  -46.7     13   0.19     57    4.1  344.3  345.1  344.4
  309.3   9512  -26.9  -46.8     13   0.18     57    4.1  344.3  345.1  344.4
  308.9   9523  -27.0  -46.9     13   0.18     56    4.2  344.3  345.1  344.3
  308.4   9534  -27.1  -46.9     13   0.18     56    4.2  344.3  345.1  344.4
  307.9   9547  -27.2  -47.0     14   0.18     56    4.2  344.3  345.1  344.4
  307.3   9559  -27.3  -47.2     13   0.18     56    4.3  344.4  345.1  344.4
  306.8   9572  -27.4  -47.5     13   0.17     55    4.3  344.4  345.1  344.4
  306.3   9583  -27.5  -47.7     13   0.17     55    4.3  344.4  345.2  344.5
  305.8   9594  -27.6  -47.7     13   0.17     55    4.4  344.5  345.2  344.5
  305.5   9603  -27.7  -47.9     13   0.16     55    4.4  344.5  345.2  344.5
  305.1   9612  -27.7  -48.0     13   0.16     55    4.4  344.5  345.2  344.5
  304.6   9623  -27.8  -48.0     13   0.16     55    4.4  344.6  345.3  344.6
  304.1   9635  -27.9  -47.9     13   0.16     55    4.4  344.6  345.3  344.6
  303.6   9647  -28.0  -47.9     13   0.17     55    4.4  344.6  345.3  344.7
  303.1   9658  -28.1  -48.0     13   0.16     56    4.4  344.7  345.4  344.7
  302.7   9669  -28.2  -48.1     13   0.16     56    4.4  344.7  345.4  344.7
  302.3   9679  -28.3  -48.2     13   0.16     56    4.3  344.7  345.4  344.7
  301.8   9690  -28.3  -48.3     13   0.16     56    4.3  344.7  345.4  344.8
  301.4   9700  -28.4  -48.4     13   0.16     56    4.2  344.8  345.4  344.8
  300.9   9711  -28.5  -48.4     13   0.16     56    4.2  344.8  345.5  344.8
  300.4   9723  -28.6  -48.4     13   0.16     56    4.2  344.9  345.5  344.9
  300.0   9733  -28.6  -48.6     13   0.15     56    4.2  344.9  345.5  344.9
  299.6   9743  -28.7  -48.7     13   0.15     57    4.1  344.9  345.6  344.9
  299.2   9752  -28.8  -48.7     13   0.15     57    4.1  344.9  345.6  345.0
  298.8   9761  -28.9  -48.5     13   0.16     58    4.2  344.9  345.6  345.0
  298.4   9771  -29.0  -48.2     14   0.16     59    4.2  344.9  345.6  345.0
  297.9   9783  -29.1  -48.1     14   0.17     59    4.2  344.9  345.6  345.0
  297.5   9793  -29.2  -48.0     15   0.17     60    4.3  344.9  345.6  345.0
  297.1   9803  -29.3  -48.1     15   0.17     61    4.3  344.9  345.6  345.0
  296.7   9812  -29.4  -48.1     15   0.16     62    4.4  345.0  345.7  345.0
  296.4   9820  -29.4  -48.2     15   0.16     63    4.4  345.0  345.7  345.0
  296.0   9830  -29.5  -47.8     15   0.17     64    4.5  345.0  345.7  345.0
  295.6   9839  -29.6  -47.5     16   0.18     65    4.5  345.0  345.7  345.0
  295.1   9850  -29.7  -47.3     16   0.18     65    4.6  345.0  345.8  345.0
  294.7   9860  -29.8  -47.3     17   0.18     65    4.6  345.0  345.8  345.0
  294.3   9870  -29.9  -47.5     16   0.18     65    4.7  345.0  345.8  345.1
  293.9   9881  -30.0  -47.3     17   0.18     64    4.7  345.0  345.8  345.1
  293.4   9891  -30.1  -46.9     18   0.19     64    4.7  345.0  345.9  345.1
  293.0   9900  -30.2  -47.0     18   0.19     63    4.8  345.1  345.9  345.1
  292.7   9909  -30.2  -47.2     17   0.18     62    4.8  345.1  345.9  345.1
  292.3   9918  -30.3  -47.1     18   0.19     62    4.8  345.1  345.9  345.1
  292.0   9926  -30.4  -47.1     18   0.19     61    4.8  345.1  345.9  345.1
  291.6   9935  -30.5  -47.0     18   0.19     61    4.9  345.1  345.9  345.2
  291.3   9943  -30.5  -46.9     19   0.19     60    4.9  345.1  345.9  345.1
  290.9   9952  -30.6  -46.8     19   0.20     60    4.9  345.1  345.9  345.1
  290.5   9962  -30.7  -46.5     20   0.20     60    4.9  345.1  346.0  345.2
  290.1   9972  -30.8  -46.0     21   0.21     60    4.9  345.2  346.1  345.2
  289.7   9980  -30.9  -45.5     22   0.23     60    4.9  345.2  346.1  345.2
  289.4   9989  -31.0  -45.1     24   0.24     60    4.9  345.1  346.1  345.2
  289.0   9999  -31.1  -44.6     25   0.25     61    4.9  345.1  346.2  345.2
  288.6  10009  -31.2  -44.5     26   0.25     61    5.0  345.1  346.2  345.2
  288.1  10020  -31.3  -44.3     27   0.26     62    5.0  345.2  346.2  345.2
  287.7  10030  -31.4  -44.0     28   0.27     63    5.0  345.2  346.3  345.2
  287.3  10040  -31.4  -43.9     28   0.27     64    5.1  345.2  346.3  345.2
  286.8  10052  -31.6  -43.6     30   0.28     65    5.1  345.2  346.4  345.2
  286.4  10064  -31.7  -42.9     32   0.30     67    5.2  345.2  346.4  345.2
  285.9  10075  -31.8  -42.9     32   0.30     68    5.4  345.2  346.4  345.2
  285.5  10086  -31.9  -43.1     32   0.30     70    5.5  345.2  346.4  345.2
  285.0  10097  -32.0  -41.9     37   0.34     72    5.7  345.2  346.6  345.3
  284.7  10106  -32.0  -41.5     39   0.36     74    5.9  345.2  346.7  345.3
  284.3  10115  -32.1  -41.4     39   0.36     76    6.2  345.2  346.7  345.3
  283.9  10124  -32.2  -41.5     39   0.36     78    6.4  345.2  346.7  345.3
  283.5  10134  -32.3  -40.5     44   0.39     80    6.7  345.3  346.9  345.3
  283.1  10145  -32.4  -38.6     54   0.48     81    7.0  345.3  347.3  345.4
  282.7  10155  -32.3  -37.9     57   0.52     83    7.3  345.5  347.6  345.6
  282.3  10165  -32.3  -39.0     51   0.46     83    7.5  345.6  347.5  345.7
  281.9  10175  -32.4  -40.4     45   0.40     84    7.8  345.7  347.4  345.8
  281.5  10186  -32.4  -41.8     39   0.35     85    8.0  345.8  347.3  345.9
  281.0  10196  -32.5  -42.8     35   0.31     85    8.2  345.9  347.2  346.0
  280.7  10206  -32.6  -42.8     35   0.31     85    8.4  345.9  347.2  345.9
  280.3  10215  -32.6  -43.4     33   0.29     85    8.6  345.9  347.1  346.0
  279.9  10224  -32.7  -44.5     30   0.26     85    8.7  346.0  347.1  346.0
  279.6  10233  -32.8  -47.3     22   0.19     86    8.8  346.0  346.8  346.0
  279.2  10242  -32.8  -49.4     17   0.15     86    8.9  346.0  346.7  346.1
  278.9  10251  -32.9  -49.1     18   0.16     86    9.0  346.0  346.7  346.0
  278.5  10260  -33.0  -48.5     20   0.17     86    9.0  346.0  346.7  346.1
  278.1  10269  -33.1  -48.5     20   0.17     87    9.0  346.1  346.8  346.1
  277.8  10278  -33.2  -48.9     19   0.16     87    9.1  346.0  346.7  346.1
  277.4  10287  -33.3  -49.4     18   0.15     88    9.1  346.0  346.7  346.1
  277.0  10297  -33.3  -49.7     18   0.15     88    9.2  346.1  346.7  346.1
  276.6  10308  -33.4  -50.0     17   0.14     89    9.3  346.1  346.7  346.1
  276.2  10318  -33.5  -51.0     16   0.13     89    9.3  346.1  346.7  346.1
  275.7  10330  -33.5  -51.3     15   0.12     89    9.5  346.2  346.8  346.3
  275.2  10343  -33.5  -49.5     19   0.15     89    9.6  346.4  347.1  346.4
  274.8  10354  -33.6  -46.3     27   0.22     88    9.8  346.5  347.4  346.5
  274.4  10363  -33.6  -43.5     36   0.30     88    9.9  346.6  347.8  346.6
  274.1  10372  -33.7  -42.8     40   0.32     87   10.1  346.6  347.9  346.6
  273.7  10382  -33.8  -42.3     42   0.34     86   10.3  346.6  348.0  346.7
  273.3  10394  -33.9  -41.3     47   0.38     86   10.5  346.6  348.2  346.7
  272.8  10404  -34.0  -40.6     51   0.41     85   10.7  346.7  348.3  346.7
  272.5  10413  -34.1  -40.0     55   0.43     84   10.9  346.6  348.4  346.7
  272.1  10422  -34.1  -39.8     57   0.44     83   11.0  346.7  348.5  346.8
  271.8  10432  -34.2  -39.8     57   0.44     82   11.2  346.7  348.5  346.7
  271.4  10441  -34.3  -39.6     58   0.45     81   11.3  346.7  348.6  346.8
  271.0  10451  -34.3  -39.4     60   0.46     81   11.3  346.8  348.7  346.9
  270.6  10462  -34.4  -39.4     60   0.46     80   11.4  346.9  348.8  347.0
  270.2  10472  -34.4  -39.7     59   0.45     79   11.4  346.9  348.8  347.0
  269.8  10482  -34.5  -39.9     58   0.44     79   11.4  347.0  348.8  347.1
  269.5  10491  -34.6  -39.8     59   0.45     78   11.4  347.0  348.8  347.1
  269.1  10500  -34.6  -39.4     62   0.46     77   11.3  347.0  348.9  347.1
  268.7  10510  -34.7  -39.2     64   0.48     77   11.3  347.0  349.0  347.1
  268.3  10520  -34.8  -38.9     66   0.49     76   11.2  347.1  349.1  347.2
  267.9  10531  -34.9  -38.7     68   0.50     75   11.2  347.1  349.2  347.2
  267.5  10541  -35.0  -38.9     67   0.49     74   11.1  347.1  349.2  347.2
  267.1  10551  -35.1  -39.2     66   0.48     73   11.1  347.2  349.1  347.3
  266.8  10561  -35.1  -39.4     65   0.47     72   11.0  347.2  349.1  347.3
  266.4  10571  -35.2  -39.6     64   0.46     71   10.9  347.2  349.1  347.3
  266.0  10581  -35.3  -39.6     64   0.46     70   10.8  347.3  349.1  347.4
  265.6  10592  -35.4  -39.5     66   0.47     68   10.7  347.3  349.2  347.4
  265.3  10601  -35.4  -39.6     66   0.46     67   10.6  347.3  349.2  347.4
  264.9  10610  -35.5  -39.7     66   0.46     66   10.6  347.3  349.2  347.4
  264.5  10620  -35.6  -39.8     66   0.46     65   10.5  347.3  349.2  347.4
  264.1  10631  -35.7  -39.9     65   0.45     64   10.4  347.4  349.2  347.5
  263.7  10641  -35.8  -40.1     65   0.44     63   10.3  347.4  349.2  347.5
  263.3  10652  -35.8  -40.3     63   0.43     62   10.2  347.5  349.3  347.6
  262.9  10662  -35.9  -40.4     63   0.43     62   10.1  347.5  349.3  347.6
  262.6  10671  -35.9  -40.5     62   0.42     61   10.1  347.6  349.3  347.7
  262.3  10679  -36.0  -40.9     61   0.41     61   10.0  347.6  349.3  347.7
  261.9  10688  -36.1  -41.0     61   0.41     61   10.0  347.7  349.3  347.8
  261.6  10698  -36.2  -40.9     61   0.41     61   10.0  347.6  349.3  347.7
  261.2  10709  -36.2  -41.1     61   0.40     61   10.0  347.7  349.3  347.7
  260.8  10720  -36.3  -41.3     60   0.40     61   10.0  347.7  349.3  347.8
  260.4  10729  -36.4  -41.5     59   0.39     61   10.0  347.7  349.3  347.8
  260.1  10738  -36.5  -41.6     59   0.38     61   10.1  347.7  349.3  347.8
  259.7  10747  -36.5  -41.7     59   0.38     61   10.1  347.8  349.4  347.9
  259.4  10756  -36.6  -42.4     55   0.35     62   10.2  347.9  349.3  347.9
  259.0  10766  -36.6  -43.2     50   0.33     62   10.3  348.0  349.4  348.1
  258.7  10776  -36.6  -43.4     49   0.32     62   10.3  348.1  349.4  348.2
  258.3  10784  -36.6  -43.7     48   0.31     62   10.4  348.2  349.5  348.2
  258.0  10793  -36.7  -43.6     49   0.31     62   10.5  348.2  349.5  348.3
  257.6  10803  -36.8  -43.4     50   0.32     62   10.5  348.2  349.5  348.3
  257.3  10813  -36.9  -43.3     51   0.32     62   10.6  348.2  349.5  348.3
  256.9  10823  -37.0  -43.2     52   0.33     62   10.6  348.2  349.6  348.3
  256.6  10831  -37.1  -43.2     53   0.33     62   10.6  348.2  349.6  348.3
  256.2  10841  -37.1  -43.2     53   0.33     61   10.5  348.2  349.6  348.3
  255.9  10851  -37.2  -43.2     54   0.33     61   10.5  348.2  349.6  348.3
  255.5  10860  -37.3  -43.1     55   0.33     60   10.5  348.2  349.6  348.3
  255.2  10870  -37.4  -43.1     56   0.33     60   10.4  348.2  349.6  348.3
  254.7  10882  -37.6  -43.1     56   0.33     59   10.4  348.2  349.6  348.3
  254.3  10893  -37.7  -43.2     56   0.33     59   10.3  348.2  349.6  348.3
  253.8  10906  -37.8  -43.4     56   0.32     58   10.3  348.3  349.6  348.3
  253.4  10917  -37.9  -43.6     55   0.32     58   10.3  348.3  349.6  348.3
  253.0  10928  -38.0  -43.7     55   0.31     58   10.4  348.3  349.6  348.4
  252.7  10938  -38.0  -43.7     55   0.31     58   10.4  348.3  349.6  348.4
  252.2  10949  -38.1  -43.7     56   0.32     58   10.5  348.4  349.7  348.4
  251.8  10962  -38.2  -43.5     57   0.32     58   10.7  348.4  349.7  348.4
  251.3  10975  -38.3  -43.5     58   0.32     58   10.8  348.4  349.7  348.5
  250.8  10988  -38.5  -43.7     58   0.32     58   11.0  348.4  349.8  348.5
  250.4  10999  -38.5  -43.9     57   0.31     58   11.2  348.5  349.8  348.5
  250.1  11009  -38.6  -44.0     57   0.31     58   11.4  348.4  349.7  348.5
  250.0  11010  -38.7  -44.0     57   0.31     59   11.6  348.5  349.7  348.5
  249.7  11019  -38.7  -43.9     58   0.31     59   11.6  348.5  349.8  348.5
  249.3  11030  -38.8  -43.9     59   0.31     59   11.8  348.5  349.8  348.5
  248.9  11041  -38.9  -43.9     59   0.31     59   11.9  348.5  349.8  348.6
  248.5  11053  -39.0  -43.8     60   0.32     59   12.1  348.6  349.9  348.6
  248.1  11064  -39.1  -43.8     61   0.32     59   12.1  348.6  349.9  348.7
  247.7  11075  -39.1  -43.8     61   0.32     59   12.1  348.7  350.0  348.7
  247.3  11086  -39.2  -43.8     61   0.32     59   12.1  348.7  350.0  348.8
  246.9  11097  -39.3  -44.1     60   0.31     59   12.0  348.7  350.0  348.8
  246.5  11107  -39.4  -44.2     60   0.31     59   11.9  348.8  350.0  348.8
  246.2  11116  -39.5  -44.2     61   0.31     59   11.8  348.8  350.1  348.9
  245.8  11127  -39.5  -44.1     61   0.31     59   11.7  348.9  350.2  348.9
  245.4  11138  -39.6  -43.9     63   0.32     59   11.5  348.9  350.2  349.0
  245.0  11148  -39.7  -43.8     65   0.32     58   11.4  348.9  350.3  349.0
  244.7  11158  -39.8  -43.7     66   0.33     57   11.2  348.9  350.3  349.0
  244.3  11168  -39.9  -43.9     65   0.32     57   11.2  349.0  350.3  349.0
  244.0  11178  -39.9  -44.4     62   0.30     56   11.1  349.0  350.2  349.0
  243.5  11189  -40.0  -44.6     61   0.30     55   11.1  349.0  350.3  349.1
  243.1  11202  -40.1  -44.6     62   0.30     54   11.1  349.1  350.3  349.1
  242.7  11213  -40.2  -44.4     64   0.30     54   11.1  349.1  350.4  349.2
  242.4  11222  -40.3  -44.5     64   0.30     53   11.2  349.1  350.4  349.2
  242.1  11231  -40.4  -44.7     63   0.30     53   11.2  349.1  350.3  349.2
  241.7  11241  -40.4  -44.9     62   0.29     52   11.2  349.2  350.4  349.2
  241.3  11251  -40.5  -45.0     62   0.29     52   11.2  349.3  350.5  349.3
  241.0  11261  -40.5  -45.1     61   0.28     53   11.2  349.3  350.5  349.4
  240.6  11271  -40.5  -45.6     58   0.27     53   11.2  349.5  350.6  349.5
  240.3  11282  -40.6  -45.7     58   0.27     53   11.1  349.5  350.6  349.5
  239.9  11293  -40.7  -45.8     58   0.26     54   11.0  349.5  350.7  349.6
  239.4  11305  -40.7  -45.9     57   0.26     55   10.9  349.7  350.8  349.7
  239.0  11318  -40.8  -46.0     57   0.26     55   10.8  349.7  350.8  349.8
  238.5  11331  -40.9  -46.3     56   0.25     56   10.7  349.8  350.9  349.9
  238.1  11344  -40.9  -46.8     53   0.24     56   10.6  349.9  350.9  349.9
  237.7  11356  -41.0  -47.4     50   0.22     57   10.5  350.0  350.9  350.0
  237.3  11368  -41.1  -47.7     49   0.22     57   10.4  350.0  350.9  350.0
  236.9  11379  -41.2  -47.6     50   0.22     57   10.4  350.0  351.0  350.1
  236.5  11390  -41.3  -47.3     52   0.23     58   10.4  350.1  351.0  350.1
  236.1  11402  -41.3  -47.0     54   0.24     58   10.4  350.1  351.1  350.2
  235.7  11413  -41.4  -47.2     53   0.23     58   10.4  350.2  351.2  350.3
  235.3  11424  -41.4  -47.9     49   0.21     58   10.5  350.4  351.3  350.4
  234.9  11436  -41.5  -48.4     47   0.20     58   10.6  350.4  351.3  350.5
  234.7  11440  -41.6  -48.2     48   0.21     58   10.7  350.4  351.3  350.4
  234.6  11445  -41.7  -48.1     49   0.21     59   10.8  350.3  351.2  350.3
  233.8  11466  -41.8  -48.3     49   0.21     59   10.9  350.5  351.3  350.5
  233.4  11479  -41.9  -48.5     49   0.20     59   11.0  350.4  351.3  350.5
  233.1  11488  -42.0  -48.9     47   0.19     60   11.1  350.4  351.2  350.5
  232.6  11502  -42.1  -49.6     43   0.18     60   11.2  350.5  351.3  350.6
  232.1  11517  -42.2  -50.6     39   0.16     60   11.3  350.6  351.3  350.6
  231.7  11528  -42.2  -51.3     37   0.15     60   11.4  350.6  351.3  350.7
  231.4  11538  -42.3  -51.5     36   0.14     60   11.4  350.7  351.3  350.7
  231.1  11547  -42.3  -51.6     36   0.14     60   11.4  350.8  351.4  350.8
  230.7  11557  -42.4  -51.8     35   0.14     60   11.4  350.9  351.5  350.9
  230.3  11569  -42.5  -52.0     35   0.14     60   11.4  350.9  351.5  350.9
  229.9  11580  -42.6  -51.9     35   0.14     60   11.3  350.9  351.5  351.0
  229.5  11592  -42.7  -51.7     36   0.14     60   11.3  351.0  351.6  351.0
  229.1  11605  -42.8  -51.8     37   0.14     60   11.2  351.0  351.6  351.0
  228.6  11618  -42.9  -51.9     36   0.14     60   11.2  351.0  351.7  351.1
  228.2  11632  -43.0  -52.0     36   0.14     60   11.2  351.1  351.7  351.1
  227.7  11646  -43.1  -52.1     36   0.14     60   11.2  351.1  351.7  351.1
  227.3  11658  -43.2  -52.2     36   0.13     60   11.2  351.1  351.7  351.2
  226.9  11670  -43.3  -52.2     37   0.13     60   11.2  351.1  351.7  351.2
  226.5  11682  -43.4  -51.8     39   0.14     61   11.3  351.1  351.8  351.2
  226.1  11693  -43.5  -51.4     41   0.15     61   11.5  351.2  351.8  351.2
  225.7  11704  -43.6  -51.6     41   0.14     61   11.6  351.2  351.8  351.2
  225.3  11716  -43.7  -52.0     40   0.14     61   11.8  351.2  351.8  351.2
  224.9  11729  -43.8  -52.1     40   0.14     61   12.0  351.2  351.8  351.2
  224.5  11742  -44.0  -52.1     40   0.14     61   12.2  351.2  351.8  351.2
  224.1  11754  -44.1  -52.3     40   0.14     61   12.3  351.2  351.8  351.2
  223.7  11766  -44.2  -52.4     40   0.13     61   12.5  351.2  351.8  351.2
  223.2  11779  -44.3  -52.7     39   0.13     61   12.6  351.3  351.8  351.3
  222.8  11791  -44.4  -53.3     36   0.12     61   12.7  351.3  351.8  351.3
  222.5  11802  -44.5  -54.7     31   0.10     60   12.8  351.3  351.7  351.3
  222.1  11813  -44.6  -56.7     24   0.08     60   12.8  351.3  351.7  351.4
  221.7  11825  -44.7  -58.1     21   0.07     60   12.9  351.4  351.7  351.4
  221.3  11837  -44.8  -58.3     21   0.07     60   12.9  351.4  351.7  351.4
  220.9  11849  -44.9  -58.3     21   0.07     60   12.8  351.4  351.7  351.4
  220.5  11860  -45.0  -58.5     21   0.06     60   12.8  351.4  351.7  351.4
  220.1  11872  -45.1  -58.8     20   0.06     60   12.7  351.4  351.7  351.5
  219.7  11886  -45.2  -59.1     20   0.06     61   12.7  351.4  351.7  351.5
  219.2  11900  -45.3  -59.2     20   0.06     61   12.6  351.5  351.7  351.5
  218.8  11913  -45.5  -59.2     20   0.06     62   12.6  351.5  351.7  351.5
  218.3  11927  -45.6  -59.1     20   0.06     62   12.5  351.5  351.8  351.5
  217.9  11942  -45.7  -59.2     20   0.06     63   12.5  351.5  351.8  351.5
  217.4  11955  -45.8  -59.8     19   0.06     63   12.5  351.5  351.8  351.5
  217.0  11968  -46.0  -61.4     16   0.04     64   12.5  351.5  351.7  351.5
  216.5  11983  -46.1  -64.0     11   0.03     64   12.6  351.6  351.7  351.6
  216.1  11996  -46.1  -66.9      8   0.02     65   12.6  351.7  351.8  351.7
  215.7  12007  -46.2  -68.8      6   0.02     65   12.7  351.8  351.9  351.8
  215.4  12018  -46.2  -69.2      6   0.02     65   12.7  351.9  352.0  351.9
  215.0  12030  -46.2  -68.6      6   0.02     65   12.7  352.1  352.1  352.1
  214.5  12043  -46.2  -67.5      7   0.02     65   12.7  352.3  352.4  352.3
  214.1  12056  -46.3  -66.3      9   0.02     65   12.8  352.4  352.5  352.4
  213.7  12068  -46.4  -65.4     10   0.03     64   12.8  352.4  352.5  352.4
  213.4  12081  -46.5  -65.1     10   0.03     64   12.7  352.4  352.5  352.4
  212.9  12093  -46.6  -65.0     11   0.03     63   12.7  352.4  352.6  352.4
  212.5  12106  -46.7  -64.9     11   0.03     62   12.7  352.5  352.6  352.5
  212.1  12119  -46.9  -64.8     11   0.03     61   12.7  352.4  352.6  352.4
  211.7  12131  -47.0  -64.6     12   0.03     61   12.7  352.4  352.6  352.4
  211.3  12143  -47.1  -64.2     12   0.03     60   12.7  352.4  352.6  352.5
  211.0  12155  -47.2  -64.3     12   0.03     59   12.7  352.4  352.6  352.4
  210.6  12168  -47.3  -64.3     13   0.03     58   12.7  352.4  352.6  352.4
  210.1  12181  -47.4  -64.1     13   0.03     57   12.7  352.5  352.7  352.6
  209.8  12192  -47.4  -63.6     14   0.04     57   12.7  352.6  352.8  352.6
  209.5  12201  -47.5  -63.0     15   0.04     56   12.6  352.7  352.9  352.7
  209.1  12213  -47.6  -62.8     16   0.04     56   12.6  352.7  352.9  352.7
  208.8  12224  -47.7  -62.9     16   0.04     56   12.6  352.7  352.9  352.7
  208.4  12235  -47.8  -62.9     16   0.04     56   12.5  352.8  353.0  352.8
  208.1  12246  -47.9  -62.9     16   0.04     56   12.4  352.8  353.0  352.8
  207.7  12258  -48.0  -62.9     16   0.04     56   12.3  352.8  353.0  352.8
  207.4  12268  -48.0  -62.8     16   0.04     56   12.2  352.9  353.1  352.9
  207.1  12277  -48.1  -62.9     16   0.04     56   12.1  352.9  353.1  352.9
  206.8  12286  -48.2  -62.9     17   0.04     57   12.0  352.9  353.1  352.9
  206.5  12297  -48.3  -62.8     17   0.04     57   11.9  352.9  353.1  352.9
  206.1  12308  -48.4  -62.5     18   0.04     58   11.8  352.9  353.1  352.9
  205.8  12319  -48.5  -62.3     19   0.04     58   11.7  352.9  353.1  352.9
  205.5  12329  -48.6  -62.3     19   0.04     58   11.7  352.9  353.1  352.9
  205.2  12338  -48.7  -62.4     19   0.04     58   11.6  352.9  353.1  352.9
  204.9  12348  -48.8  -62.6     19   0.04     59   11.6  352.9  353.1  352.9
  204.5  12359  -48.9  -62.6     19   0.04     59   11.6  352.9  353.1  352.9
  204.2  12371  -49.0  -62.6     19   0.04     59   11.6  352.9  353.1  352.9
  203.9  12381  -49.1  -62.5     19   0.04     59   11.7  352.9  353.1  352.9
  203.6  12390  -49.2  -62.6     19   0.04     59   11.8  352.9  353.1  352.9
  203.3  12400  -49.3  -62.5     20   0.04     59   11.9  352.9  353.1  352.9
  202.9  12410  -49.4  -62.3     21   0.04     58   12.0  352.9  353.1  353.0
  202.6  12422  -49.5  -62.2     21   0.04     58   12.1  352.9  353.1  352.9
  202.2  12434  -49.6  -62.1     22   0.04     58   12.3  352.9  353.1  352.9
  201.8  12447  -49.8  -62.1     22   0.04     58   12.4  352.9  353.1  352.9
  201.4  12459  -49.9  -62.3     22   0.04     58   12.6  352.9  353.1  353.0
  201.1  12471  -49.9  -62.7     21   0.04     58   12.7  353.0  353.2  353.0
  200.7  12482  -50.0  -63.1     20   0.04     58   12.8  353.1  353.3  353.1
  200.4  12492  -50.0  -63.4     19   0.04     58   12.9  353.3  353.4  353.3
  200.1  12503  -50.0  -63.5     19   0.04     59   13.0  353.3  353.5  353.3
  200.0  12506  -50.1  -63.6     19   0.04     59   13.0  353.3  353.5  353.3
  199.7  12515  -50.1  -63.6     19   0.04     59   13.0  353.3  353.5  353.4
  199.4  12526  -50.2  -63.7     19   0.04     59   13.0  353.4  353.6  353.4
  199.1  12536  -50.3  -63.9     19   0.04     60   13.0  353.4  353.6  353.4
  198.7  12547  -50.4  -64.1     18   0.03     60   12.9  353.5  353.6  353.5
  198.4  12558  -50.5  -64.2     18   0.03     61   12.9  353.5  353.6  353.5
  198.0  12570  -50.6  -64.3     18   0.03     61   12.8  353.5  353.7  353.5
  197.7  12581  -50.7  -64.2     18   0.03     61   12.7  353.6  353.7  353.6
  197.4  12590  -50.7  -64.2     19   0.03     62   12.6  353.6  353.7  353.6
  197.1  12600  -50.8  -64.1     19   0.03     62   12.5  353.6  353.7  353.6
  196.8  12611  -50.9  -64.1     20   0.04     63   12.5  353.6  353.7  353.6
  196.5  12621  -51.0  -64.0     20   0.04     63   12.4  353.6  353.8  353.6
  196.2  12632  -51.1  -63.9     20   0.04     63   12.3  353.6  353.8  353.6
  195.8  12643  -51.2  -63.9     21   0.04     63   12.3  353.6  353.8  353.6
  195.4  12656  -51.3  -64.0     21   0.04     64   12.2  353.7  353.8  353.7
  195.1  12669  -51.4  -64.1     20   0.04     64   12.2  353.7  353.8  353.7
  194.7  12680  -51.5  -64.3     20   0.03     64   12.1  353.7  353.9  353.7
  194.4  12691  -51.6  -64.4     20   0.03     64   12.1  353.8  353.9  353.8
  194.1  12701  -51.7  -64.6     20   0.03     64   12.0  353.8  354.0  353.8
  193.8  12711  -51.7  -64.8     19   0.03     64   11.9  353.9  354.0  353.9
  193.5  12720  -51.8  -64.8     19   0.03     65   11.8  353.9  354.1  353.9
  193.2  12730  -51.9  -64.8     20   0.03     65   11.7  353.9  354.1  353.9
  192.9  12740  -52.0  -64.8     20   0.03     65   11.6  353.9  354.1  353.9
  192.6  12749  -52.1  -64.7     20   0.03     66   11.5  354.0  354.1  354.0
  192.4  12759  -52.1  -64.8     20   0.03     66   11.4  353.9  354.1  353.9
  192.0  12770  -52.2  -64.8     21   0.03     67   11.3  354.0  354.1  354.0
  191.7  12781  -52.4  -64.8     21   0.03     67   11.3  354.0  354.1  354.0
  191.3  12794  -52.5  -64.8     21   0.03     68   11.2  354.0  354.1  354.0
  190.9  12809  -52.6  -64.8     21   0.03     68   11.2  354.0  354.2  354.0
  190.5  12822  -52.7  -64.9     21   0.03     69   11.2  354.0  354.2  354.0
  190.2  12834  -52.8  -64.9     22   0.03     69   11.2  354.0  354.2  354.0
  189.8  12845  -52.9  -65.0     22   0.03     70   11.2  354.0  354.2  354.0
  189.5  12856  -53.0  -65.1     22   0.03     70   11.2  354.0  354.2  354.0
  189.2  12868  -53.1  -65.2     22   0.03     71   11.2  354.0  354.2  354.0
  188.8  12879  -53.2  -65.3     21   0.03     71   11.2  354.1  354.3  354.1
  188.5  12889  -53.3  -65.4     21   0.03     71   11.2  354.1  354.3  354.1
  188.2  12899  -53.4  -65.5     22   0.03     72   11.2  354.1  354.3  354.2
  187.9  12909  -53.5  -65.5     22   0.03     72   11.2  354.2  354.3  354.2
  187.6  12921  -53.6  -65.6     22   0.03     72   11.2  354.2  354.3  354.2
  187.3  12933  -53.7  -65.7     22   0.03     72   11.2  354.2  354.3  354.2
  186.9  12943  -53.8  -65.9     21   0.03     73   11.1  354.2  354.4  354.3
  186.6  12954  -53.9  -66.0     21   0.03     73   11.1  354.3  354.4  354.3
  186.3  12965  -53.9  -66.2     21   0.03     73   11.1  354.3  354.4  354.3
  185.9  12977  -54.1  -66.3     21   0.03     73   11.0  354.3  354.5  354.3
  185.6  12989  -54.2  -66.4     21   0.03     74   10.9  354.3  354.4  354.3
  185.3  13000  -54.2  -66.4     21   0.03     74   10.9  354.4  354.5  354.4
  185.0  13010  -54.3  -66.4     21   0.03     74   10.8  354.4  354.5  354.4
  184.7  13019  -54.4  -66.5     21   0.03     75   10.7  354.4  354.5  354.4
  184.5  13028  -54.5  -66.4     22   0.03     75   10.6  354.4  354.5  354.4
  184.2  13038  -54.6  -66.4     22   0.03     76   10.5  354.4  354.6  354.4
  183.9  13049  -54.7  -66.3     22   0.03     76   10.4  354.4  354.6  354.4
  183.5  13060  -54.8  -66.3     23   0.03     77   10.3  354.5  354.6  354.5
  183.2  13072  -54.9  -66.4     23   0.03     77   10.2  354.5  354.6  354.5
  182.9  13084  -55.0  -66.4     23   0.03     78   10.2  354.5  354.6  354.5
  182.5  13095  -55.1  -66.6     23   0.03     78   10.1  354.6  354.7  354.6
  182.2  13107  -55.1  -66.9     22   0.03     79   10.0  354.6  354.7  354.6
  181.9  13118  -55.2  -67.4     21   0.02     79    9.9  354.7  354.8  354.7
  181.6  13128  -55.3  -67.9     19   0.02     79    9.8  354.7  354.8  354.7
  181.3  13139  -55.3  -68.5     18   0.02     79    9.7  354.8  354.9  354.8
  181.0  13150  -55.4  -69.0     17   0.02     79    9.7  354.8  354.9  354.8
  180.7  13159  -55.5  -69.5     16   0.02     79    9.6  354.9  355.0  354.9
  180.5  13169  -55.6  -69.8     15   0.02     79    9.5  354.8  354.9  354.8
  180.1  13180  -55.7  -70.1     15   0.02     79    9.5  354.9  355.0  354.9
  179.8  13191  -55.8  -70.3     15   0.02     79    9.4  354.9  355.0  354.9
  179.6  13201  -55.9  -70.4     14   0.02     79    9.3  354.9  355.0  354.9
  179.3  13210  -56.0  -70.7     14   0.02     78    9.3  354.9  355.0  354.9
  179.0  13220  -56.0  -71.1     14   0.01     78    9.2  354.9  355.0  354.9
  178.7  13231  -56.1  -71.4     13   0.01     78    9.1  355.0  355.1  355.0
  178.4  13241  -56.2  -71.4     13   0.01     78    9.1  355.1  355.1  355.1
  178.2  13250  -56.2  -71.3     13   0.01     78    9.0  355.0  355.1  355.1
  177.9  13260  -56.3  -71.2     14   0.01     78    8.9  355.1  355.1  355.1
  177.6  13271  -56.4  -71.0     14   0.01     78    8.9  355.1  355.2  355.1
  177.3  13280  -56.5  -70.8     15   0.02     79    8.8  355.2  355.3  355.2
  177.1  13289  -56.5  -70.7     15   0.02     79    8.8  355.2  355.3  355.2
  176.8  13298  -56.6  -70.6     16   0.02     79    8.8  355.2  355.3  355.2
  176.5  13309  -56.7  -70.5     16   0.02     79    8.7  355.2  355.3  355.2
  176.2  13320  -56.8  -70.5     16   0.02     79    8.7  355.2  355.3  355.2
  175.9  13330  -56.9  -70.4     17   0.02     80    8.8  355.2  355.3  355.2
  175.7  13340  -57.0  -70.3     17   0.02     80    8.8  355.2  355.3  355.2
  175.4  13351  -57.1  -70.2     17   0.02     81    8.8  355.2  355.3  355.2
  175.0  13363  -57.2  -70.1     18   0.02     81    8.9  355.2  355.3  355.2
  174.7  13374  -57.3  -70.1     18   0.02     82    8.9  355.3  355.4  355.3
  174.4  13386  -57.4  -70.0     19   0.02     82    8.9  355.4  355.5  355.4
  174.1  13397  -57.4  -69.6     20   0.02     83    9.0  355.5  355.6  355.5
  173.8  13407  -57.5  -69.3     21   0.02     83    9.0  355.6  355.7  355.6
  173.5  13418  -57.6  -69.1     22   0.02     84    9.0  355.6  355.7  355.6
  173.2  13429  -57.7  -69.1     22   0.02     84    9.0  355.5  355.6  355.5
  172.9  13440  -57.8  -69.1     22   0.02     84    9.1  355.6  355.7  355.6
  172.6  13449  -57.8  -69.0     23   0.02     84    9.1  355.7  355.8  355.7
  172.4  13457  -57.8  -68.9     23   0.02     84    9.1  355.8  355.9  355.8
  172.2  13464  -57.9  -68.9     23   0.02     83    9.1  355.9  356.0  355.9
  172.0  13474  -57.9  -68.7     24   0.02     83    9.1  355.9  356.0  355.9
  171.7  13485  -58.0  -68.4     25   0.02     83    9.1  355.9  356.0  355.9
  171.4  13495  -58.1  -67.8     28   0.02     83    9.1  355.9  356.1  355.9
  171.1  13505  -58.2  -67.0     31   0.03     83    9.2  356.0  356.1  356.0
  170.8  13515  -58.2  -66.1     36   0.03     83    9.3  356.1  356.2  356.1
  170.5  13527  -58.3  -65.3     40   0.03     84    9.4  356.1  356.3  356.1
  170.2  13538  -58.4  -64.6     45   0.04     84    9.5  356.2  356.4  356.2
  169.9  13551  -58.4  -64.0     49   0.04     85    9.7  356.3  356.5  356.3
  169.6  13563  -58.5  -63.4     53   0.04     86    9.8  356.4  356.6  356.4
  169.2  13576  -58.5  -63.0     56   0.05     88   10.0  356.6  356.8  356.6
  168.9  13589  -58.6  -62.8     58   0.05     89   10.1  356.7  356.9  356.7
  168.6  13600  -58.6  -62.6     60   0.05     90   10.3  356.8  357.0  356.8
  168.2  13612  -58.7  -62.6     61   0.05     92   10.4  356.9  357.2  356.9
  167.9  13624  -58.7  -62.6     61   0.05     93   10.5  357.1  357.3  357.1
  167.6  13636  -58.7  -62.7     60   0.05     95   10.6  357.2  357.4  357.2
  167.2  13649  -58.9  -62.9     60   0.05     96   10.7  357.2  357.4  357.2
  166.9  13664  -59.0  -63.0     59   0.05     97   10.7  357.2  357.4  357.2
  166.5  13678  -59.1  -63.3     58   0.05     98   10.8  357.2  357.5  357.3
  166.1  13692  -59.2  -63.5     58   0.05     99   10.7  357.3  357.5  357.3
  165.8  13705  -59.3  -63.7     57   0.04     99   10.7  357.3  357.6  357.4
  165.5  13716  -59.4  -63.9     56   0.04     99   10.6  357.4  357.6  357.4
  165.2  13726  -59.5  -64.2     54   0.04     99   10.6  357.4  357.6  357.4
  164.9  13738  -59.6  -64.5     53   0.04     99   10.5  357.3  357.5  357.4
  164.6  13749  -59.7  -64.7     52   0.04     99   10.4  357.4  357.5  357.4
  164.3  13760  -59.8  -64.9     51   0.04     99   10.3  357.4  357.6  357.4
  164.1  13770  -59.9  -65.0     51   0.04     98   10.3  357.4  357.5  357.4
  163.8  13780  -60.0  -65.2     51   0.04     98   10.2  357.4  357.5  357.4
  163.5  13791  -60.1  -65.3     50   0.04     97   10.2  357.4  357.5  357.4
  163.2  13801  -60.2  -65.5     50   0.04     97   10.1  357.4  357.5  357.4
  162.9  13814  -60.4  -65.6     50   0.03     96   10.1  357.4  357.5  357.4
  162.6  13827  -60.5  -65.6     51   0.03     96   10.1  357.4  357.5  357.4
  162.3  13838  -60.6  -65.6     51   0.03     96   10.1  357.4  357.5  357.4
  162.0  13849  -60.7  -65.6     52   0.03     96   10.0  357.4  357.6  357.4
  161.7  13861  -60.8  -65.6     53   0.03     97   10.0  357.4  357.6  357.4
  161.4  13873  -60.9  -65.7     53   0.03     97   10.0  357.4  357.6  357.4
  161.1  13883  -61.0  -65.8     53   0.03     98    9.9  357.4  357.5  357.4
  160.8  13894  -61.1  -65.8     54   0.03     99    9.9  357.4  357.6  357.4
  160.6  13903  -61.2  -65.7     55   0.03     99    9.8  357.4  357.6  357.4
  160.3  13912  -61.3  -65.6     56   0.04    100    9.8  357.5  357.7  357.5
  160.1  13921  -61.4  -65.6     57   0.04    101    9.7  357.5  357.6  357.5
  159.8  13931  -61.5  -65.6     58   0.04    102    9.7  357.4  357.6  357.5
  159.6  13942  -61.6  -65.6     59   0.04    102    9.7  357.4  357.5  357.4
  159.3  13954  -61.7  -65.6     59   0.04    103    9.7  357.4  357.5  357.4
  158.9  13966  -61.8  -65.6     61   0.04    103    9.7  357.4  357.6  357.5
  158.6  13978  -61.9  -65.6     62   0.04    103    9.7  357.5  357.6  357.5
  158.3  13990  -62.1  -65.6     62   0.04    103    9.7  357.4  357.6  357.4
  158.0  14002  -62.2  -65.7     62   0.03    103    9.7  357.4  357.6  357.4
  157.7  14014  -62.3  -65.9     61   0.03    102    9.7  357.4  357.6  357.4
  157.5  14024  -62.4  -66.1     60   0.03    102    9.7  357.4  357.6  357.4
  157.2  14033  -62.4  -66.4     59   0.03    101    9.7  357.5  357.6  357.5
  157.0  14043  -62.5  -66.7     57   0.03    101    9.7  357.5  357.6  357.5
  156.7  14055  -62.6  -67.0     56   0.03    100    9.7  357.5  357.6  357.5
  156.4  14066  -62.7  -67.2     54   0.03    100    9.6  357.6  357.7  357.6
  156.1  14076  -62.7  -67.5     53   0.03     99    9.6  357.8  357.9  357.8
  155.9  14087  -62.8  -67.7     51   0.03     98    9.5  357.8  357.9  357.8
  155.6  14097  -62.8  -67.9     50   0.03     98    9.4  357.9  358.0  357.9
  155.3  14108  -62.9  -68.1     49   0.03     97    9.3  358.0  358.1  358.0
  155.1  14119  -62.9  -68.1     50   0.03     97    9.2  358.0  358.1  358.0
  154.8  14130  -63.0  -68.1     50   0.03     96    9.1  358.1  358.3  358.1
  154.6  14139  -63.1  -68.1     50   0.03     96    9.0  358.1  358.3  358.2
  154.3  14148  -63.2  -68.2     50   0.03     95    8.9  358.2  358.3  358.2
  154.0  14160  -63.3  -68.4     50   0.02     95    8.8  358.1  358.3  358.1
  153.8  14170  -63.4  -68.6     49   0.02     95    8.8  358.1  358.2  358.1
  153.5  14180  -63.4  -68.7     49   0.02     95    8.7  358.2  358.3  358.2
  153.3  14190  -63.5  -68.8     49   0.02     95    8.7  358.2  358.4  358.2
  153.0  14201  -63.6  -68.8     49   0.02     95    8.7  358.3  358.4  358.3
  152.7  14212  -63.7  -68.8     49   0.02     95    8.7  358.3  358.5  358.3
  152.5  14222  -63.8  -68.9     50   0.02     95    8.7  358.4  358.5  358.4
  152.2  14233  -63.8  -69.0     49   0.02     95    8.7  358.4  358.5  358.4
  151.9  14243  -63.9  -69.1     49   0.02     95    8.6  358.5  358.6  358.5
  151.7  14253  -64.0  -69.3     48   0.02     96    8.6  358.5  358.6  358.5
  151.4  14264  -64.1  -69.6     47   0.02     96    8.6  358.5  358.6  358.5
  151.2  14275  -64.2  -69.7     47   0.02     96    8.5  358.4  358.5  358.4
  150.9  14286  -64.3  -69.8     47   0.02     97    8.4  358.5  358.6  358.5
  150.6  14296  -64.3  -69.7     48   0.02     97    8.3  358.6  358.7  358.6
  150.4  14306  -64.4  -69.6     48   0.02     97    8.3  358.7  358.8  358.7
  150.2  14316  -64.5  -69.7     48   0.02     97    8.2  358.7  358.8  358.7
  150.0  14322  -64.5  -69.8     48   0.02     97    8.2  358.7  358.8  358.7
  149.9  14327  -64.5  -69.9     48   0.02     97    8.1  358.8  358.9  358.8
  149.6  14338  -64.6  -70.1     46   0.02     98    8.0  358.9  359.0  358.9
  149.4  14347  -64.6  -70.4     45   0.02     98    8.0  358.9  359.0  358.9
  149.2  14356  -64.7  -70.7     43   0.02     97    8.0  359.0  359.1  359.0
  149.0  14365  -64.7  -71.1     41   0.02     97    7.9  359.1  359.2  359.1
  148.7  14375  -64.7  -71.6     38   0.02     97    7.9  359.2  359.3  359.2
  148.5  14385  -64.8  -72.2     35   0.01     97    8.0  359.3  359.3  359.3
  148.2  14395  -64.9  -72.8     32   0.01     96    8.0  359.4  359.4  359.4
  148.0  14406  -65.0  -73.5     30   0.01     96    8.1  359.4  359.4  359.4
  147.7  14416  -65.0  -74.2     27   0.01     96    8.1  359.5  359.5  359.5
  147.4  14428  -65.0  -74.9     24   0.01     96    8.2  359.6  359.7  359.6
  147.1  14442  -65.1  -75.8     21   0.01     95    8.2  359.8  359.8  359.8
  146.7  14457  -65.1  -76.5     19   0.01     95    8.3  359.9  360.0  359.9
  146.4  14471  -65.2  -77.2     18   0.01     95    8.3  360.0  360.0  360.0
  146.1  14483  -65.3  -77.7     17   0.01     95    8.4  360.0  360.1  360.0
  145.8  14494  -65.4  -78.1     16   0.01     95    8.5  360.1  360.1  360.1
  145.6  14505  -65.5  -78.3     15   0.01     95    8.5  360.1  360.1  360.1
  145.3  14515  -65.6  -78.4     15   0.01     95    8.6  360.1  360.2  360.1
  145.1  14525  -65.7  -78.3     16   0.01     95    8.6  360.1  360.2  360.1
  144.8  14536  -65.8  -78.1     16   0.01     96    8.7  360.2  360.3  360.2
  144.6  14546  -65.8  -77.9     17   0.01     96    8.7  360.2  360.2  360.2
  144.3  14556  -66.0  -77.7     18   0.01     96    8.8  360.2  360.2  360.2
  144.1  14568  -66.1  -77.6     19   0.01     97    8.8  360.1  360.1  360.1
  143.8  14580  -66.2  -77.3     20   0.01     98    8.9  360.2  360.2  360.2
  143.5  14592  -66.3  -77.1     21   0.01     98    8.9  360.2  360.2  360.2
  143.2  14604  -66.4  -76.7     22   0.01     99    8.9  360.3  360.3  360.3
  142.9  14617  -66.5  -76.3     24   0.01    100    8.9  360.4  360.4  360.4
  142.6  14629  -66.5  -76.0     25   0.01    101    8.9  360.5  360.5  360.5
  142.3  14640  -66.6  -75.8     26   0.01    102    8.9  360.6  360.7  360.6
  142.1  14652  -66.6  -75.6     27   0.01    103    8.9  360.7  360.7  360.7
  141.8  14663  -66.6  -75.5     28   0.01    103    8.9  360.8  360.9  360.8
  141.6  14672  -66.7  -75.3     29   0.01    104    8.9  360.9  360.9  360.9
  141.4  14683  -66.8  -75.3     29   0.01    104    8.9  360.8  360.9  360.8
  141.1  14695  -66.9  -75.2     30   0.01    104    9.0  360.8  360.9  360.8
  140.8  14707  -67.0  -75.1     31   0.01    104    9.1  360.9  360.9  360.9
  140.5  14719  -67.1  -74.9     32   0.01    104    9.1  361.0  361.0  361.0
  140.3  14730  -67.2  -74.8     33   0.01    104    9.3  361.0  361.1  361.0
  140.0  14742  -67.2  -74.6     34   0.01    104    9.4  361.2  361.2  361.2
  139.7  14753  -67.2  -74.5     35   0.01    103    9.5  361.3  361.4  361.3
  139.5  14763  -67.3  -74.5     35   0.01    103    9.7  361.4  361.5  361.4
  139.2  14775  -67.3  -74.5     36   0.01    103    9.8  361.5  361.6  361.5
  138.9  14788  -67.4  -74.6     36   0.01    103   10.0  361.6  361.6  361.6
  138.6  14801  -67.5  -74.6     36   0.01    103   10.2  361.7  361.7  361.7
  138.3  14814  -67.5  -74.5     36   0.01    103   10.3  361.8  361.9  361.8
  138.0  14826  -67.6  -74.4     37   0.01    103   10.5  362.0  362.0  362.0
  137.8  14838  -67.7  -74.3     38   0.01    103   10.7  362.0  362.1  362.0
  137.5  14849  -67.7  -74.3     39   0.01    103   10.9  362.1  362.2  362.1
  137.2  14861  -67.8  -74.2     39   0.01    103   11.1  362.2  362.2  362.2
  137.0  14872  -67.9  -74.2     40   0.01    103   11.2  362.2  362.3  362.2
  136.7  14885  -68.0  -74.3     40   0.01    104   11.4  362.3  362.3  362.3
  136.4  14897  -68.0  -74.3     41   0.01    104   11.5  362.4  362.4  362.4
  136.2  14907  -68.1  -74.3     41   0.01    104   11.6  362.4  362.5  362.4
  135.9  14918  -68.2  -74.5     41   0.01    104   11.7  362.4  362.5  362.4
  135.7  14930  -68.3  -74.6     40   0.01    104   11.7  362.4  362.4  362.4
  135.4  14941  -68.4  -74.6     41   0.01    104   11.7  362.4  362.5  362.5
  135.2  14952  -68.5  -74.7     41   0.01    104   11.7  362.4  362.5  362.4
  134.9  14965  -68.6  -74.8     41   0.01    104   11.7  362.5  362.5  362.5
  134.6  14978  -68.7  -74.8     41   0.01    104   11.7  362.5  362.6  362.5
  134.3  14991  -68.8  -74.8     42   0.01    104   11.6  362.6  362.6  362.6
  134.0  15002  -68.9  -74.8     42   0.01    104   11.5  362.7  362.8  362.7
  133.9  15010  -68.9  -74.9     42   0.01    104   11.5  362.7  362.8  362.7
  133.6  15020  -69.0  -75.0     42   0.01    104   11.4  362.8  362.8  362.8
  133.4  15033  -69.2  -75.1     42   0.01    104   11.4  362.7  362.8  362.7
  133.1  15045  -69.2  -75.1     42   0.01    103   11.3  362.8  362.9  362.8
  132.8  15056  -69.2  -75.2     42   0.01    103   11.3  363.0  363.1  363.0
  132.6  15067  -69.3  -75.2     42   0.01    102   11.3  363.0  363.1  363.0
  132.3  15078  -69.4  -75.4     42   0.01    102   11.4  363.1  363.1  363.1
  132.1  15090  -69.5  -75.5     42   0.01    101   11.4  363.0  363.1  363.0
  131.8  15103  -69.6  -75.6     41   0.01    101   11.5  363.1  363.1  363.1
  131.5  15115  -69.7  -75.8     41   0.01    100   11.7  363.2  363.2  363.2
  131.2  15129  -69.8  -75.8     41   0.01     99   11.8  363.3  363.3  363.3
  130.9  15144  -69.9  -75.9     41   0.01     98   12.0  363.4  363.4  363.4
  130.6  15159  -69.9  -75.9     41   0.01     98   12.2  363.6  363.6  363.6
  130.3  15173  -69.9  -75.8     42   0.01     97   12.5  363.8  363.9  363.8
  130.0  15185  -69.9  -75.8     42   0.01     97   12.7  364.0  364.1  364.0
  129.7  15199  -70.1  -75.9     42   0.01     96   13.0  364.0  364.1  364.0
  129.4  15214  -70.2  -76.1     42   0.01     96   13.3  364.0  364.1  364.0
  129.1  15227  -70.3  -76.2     41   0.01     96   13.5  364.1  364.2  364.1
  128.8  15238  -70.4  -76.4     41   0.01     96   13.8  364.2  364.2  364.2
  128.6  15251  -70.4  -76.4     41   0.01     96   14.1  364.3  364.4  364.3
  128.3  15264  -70.4  -76.4     41   0.01     96   14.3  364.5  364.6  364.5
  128.0  15276  -70.4  -76.4     41   0.01     96   14.5  364.7  364.8  364.7
  127.8  15288  -70.5  -76.4     42   0.01     96   14.7  364.7  364.8  364.7
  127.5  15300  -70.6  -76.5     42   0.01     96   14.9  364.9  364.9  364.9
  127.3  15311  -70.6  -76.5     41   0.01     96   15.0  365.0  365.0  365.0
  127.0  15322  -70.7  -76.6     41   0.01     96   15.1  365.1  365.1  365.1
  126.8  15335  -70.8  -76.8     41   0.01     96   15.2  365.0  365.1  365.0
  126.5  15348  -70.9  -76.8     41   0.01     97   15.3  365.0  365.1  365.0
  126.2  15360  -71.1  -76.9     42   0.01     97   15.4  365.0  365.1  365.0
  125.9  15373  -71.2  -76.9     43   0.01     97   15.5  365.0  365.1  365.0
  125.7  15386  -71.3  -76.8     44   0.01     97   15.5  365.0  365.0  365.0
  125.4  15400  -71.4  -76.7     45   0.01     97   15.6  365.1  365.1  365.1
  125.1  15412  -71.5  -76.7     46   0.01     98   15.7  365.1  365.2  365.1
  124.9  15424  -71.6  -76.7     47   0.01     98   15.7  365.1  365.2  365.1
  124.6  15436  -71.7  -76.6     48   0.01     98   15.8  365.2  365.3  365.2
  124.4  15448  -71.8  -76.6     48   0.01     98   15.9  365.3  365.3  365.3
  124.1  15458  -71.9  -76.7     48   0.01     98   15.9  365.3  365.4  365.3
  123.9  15469  -72.0  -76.8     49   0.01     98   15.9  365.3  365.3  365.3
  123.7  15480  -72.1  -76.8     49   0.01     98   16.0  365.3  365.3  365.3
  123.4  15491  -72.2  -76.9     49   0.01     98   16.0  365.3  365.4  365.3
  123.2  15503  -72.3  -77.0     50   0.01     98   16.0  365.3  365.3  365.3
  123.0  15514  -72.4  -77.0     50   0.01     98   16.0  365.2  365.3  365.2
  122.7  15525  -72.5  -77.0     51   0.01     98   15.9  365.3  365.4  365.3
  122.5  15535  -72.6  -77.1     51   0.01     98   15.9  365.3  365.4  365.3
  122.3  15546  -72.8  -77.1     52   0.01     98   15.8  365.3  365.3  365.3
  122.1  15556  -72.9  -77.2     52   0.01     98   15.8  365.2  365.3  365.2
  121.8  15568  -73.0  -77.3     52   0.01     97   15.7  365.3  365.3  365.3
  121.6  15581  -73.1  -77.4     52   0.01     97   15.7  365.3  365.3  365.3
  121.3  15592  -73.2  -77.5     52   0.01     97   15.7  365.4  365.4  365.4
  121.1  15602  -73.2  -77.5     52   0.01     97   15.7  365.4  365.5  365.4
  120.9  15612  -73.3  -77.6     52   0.01     97   15.7  365.4  365.5  365.4
  120.7  15623  -73.4  -77.6     52   0.01     97   15.7  365.5  365.5  365.5
  120.4  15635  -73.5  -77.8     52   0.01     97   15.7  365.6  365.6  365.6
  120.2  15646  -73.5  -77.8     52   0.01     97   15.7  365.7  365.7  365.7
  120.0  15656  -73.6  -77.9     51   0.01     97   15.8  365.8  365.8  365.8
  119.8  15668  -73.6  -78.1     51   0.01     97   15.9  365.8  365.8  365.8
  119.5  15680  -73.7  -78.2     50   0.01     97   15.9  366.0  366.0  366.0
  119.3  15689  -73.8  -78.3     50   0.01     97   16.0  366.0  366.1  366.0
  119.1  15701  -73.9  -78.5     49   0.01     97   16.1  366.0  366.0  366.0
  118.8  15713  -74.0  -78.6     49   0.01     97   16.2  366.1  366.1  366.1
  118.6  15724  -74.0  -78.8     48   0.01     97   16.3  366.1  366.2  366.1
  118.4  15735  -74.1  -78.9     48   0.01     97   16.4  366.1  366.2  366.1
  118.2  15746  -74.2  -79.0     48   0.01     97   16.5  366.1  366.2  366.1
  117.9  15758  -74.3  -79.1     48   0.01     97   16.6  366.2  366.2  366.2
  117.7  15771  -74.5  -79.3     47   0.01     97   16.6  366.2  366.2  366.2
  117.4  15783  -74.5  -79.4     47   0.01     97   16.7  366.3  366.3  366.3
  117.2  15795  -74.6  -79.5     47   0.01     97   16.7  366.4  366.4  366.4
  117.0  15806  -74.5  -79.5     46   0.01     97   16.7  366.6  366.6  366.6
  116.8  15815  -74.5  -79.4     46   0.01     97   16.7  366.9  366.9  366.9
  116.6  15826  -74.5  -79.4     47   0.01     97   16.7  367.0  367.1  367.0
  116.3  15837  -74.6  -79.5     46   0.01     97   16.6  367.2  367.2  367.2
  116.1  15848  -74.6  -79.6     46   0.01     97   16.5  367.3  367.3  367.3
  115.9  15857  -74.6  -79.7     46   0.01     97   16.4  367.4  367.5  367.4
  115.8  15865  -74.6  -79.7     45   0.01     96   16.3  367.6  367.6  367.6
  115.6  15874  -74.6  -79.8     44   0.01     96   16.2  367.8  367.9  367.8
  115.4  15884  -74.6  -79.9     43   0.01     95   16.0  368.0  368.0  368.0
  115.2  15894  -74.6  -80.1     43   0.01     94   15.9  368.1  368.1  368.1
  115.0  15904  -74.7  -80.2     43   0.01     93   15.7  368.1  368.2  368.1
  114.8  15913  -74.8  -80.2     43   0.01     92   15.5  368.2  368.2  368.2
  114.7  15921  -74.8  -80.2     43   0.01     91   15.3  368.2  368.2  368.2
  114.5  15931  -74.9  -80.3     43   0.01     89   15.1  368.2  368.3  368.2
  114.3  15942  -75.0  -80.3     43   0.01     87   14.8  368.3  368.3  368.3
  114.1  15953  -75.0  -80.4     43   0.01     85   14.6  368.4  368.4  368.4
  113.9  15961  -75.0  -80.5     43   0.01     83   14.4  368.5  368.6  368.5
  113.7  15969  -75.1  -80.6     42   0.01     81   14.3  368.6  368.7  368.6
  113.6  15978  -75.1  -80.8     41   0.01     78   14.1  368.7  368.7  368.7
  113.3  15990  -75.0  -80.9     40   0.01     76   14.0  369.1  369.1  369.1
  113.1  16002  -74.9  -80.8     39   0.01     73   13.9  369.5  369.6  369.5
  112.9  16012  -74.8  -80.8     39   0.01     71   13.8  369.9  370.0  369.9
  112.7  16024  -74.7  -80.8     39   0.01     68   13.8  370.2  370.3  370.2
  112.4  16036  -74.7  -80.8     38   0.01     66   13.7  370.6  370.6  370.6
  112.2  16048  -74.7  -80.9     38   0.01     63   13.7  370.8  370.8  370.8
  112.0  16060  -74.7  -81.0     37   0.01     61   13.7  371.0  371.0  371.0
  111.7  16071  -74.7  -81.1     36   0.00     60   13.7  371.3  371.3  371.3
  111.6  16080  -74.6  -81.2     36   0.00     57   13.7  371.4  371.4  371.4
  111.4  16090  -74.6  -81.3     35   0.00     55   13.7  371.7  371.7  371.7
  111.2  16100  -74.6  -81.4     34   0.00     53   13.8  371.9  372.0  371.9
  111.0  16112  -74.6  -81.5     34   0.00     52   13.9  372.1  372.1  372.1
  110.8  16122  -74.6  -81.6     33   0.00     50   13.9  372.3  372.3  372.3
  110.6  16131  -74.6  -81.7     33   0.00     49   14.0  372.4  372.5  372.4
  110.4  16141  -74.6  -81.8     32   0.00     48   14.2  372.6  372.6  372.6
  110.2  16150  -74.6  -81.9     32   0.00     47   14.3  372.8  372.8  372.8
  110.1  16159  -74.6  -82.0     31   0.00     46   14.5  372.9  372.9  372.9
  109.9  16169  -74.6  -82.1     31   0.00     46   14.6  373.1  373.1  373.1
  109.7  16177  -74.6  -82.2     30   0.00     46   14.8  373.2  373.3  373.2
  109.6  16186  -74.6  -82.3     30   0.00     46   14.9  373.4  373.4  373.4
  109.4  16196  -74.6  -82.4     29   0.00     46   15.1  373.6  373.7  373.6
  109.2  16207  -74.5  -82.4     28   0.00     46   15.2  374.0  374.1  374.0
  109.0  16217  -74.3  -82.5     28   0.00     46   15.3  374.5  374.6  374.5
  108.8  16227  -74.1  -82.5     27   0.00     47   15.4  375.1  375.1  375.1
  108.6  16236  -74.0  -82.5     26   0.00     47   15.4  375.5  375.5  375.5
  108.4  16245  -74.0  -82.6     26   0.00     48   15.5  375.7  375.7  375.7
  108.2  16256  -74.1  -82.8     25   0.00     48   15.5  375.7  375.8  375.7
  108.1  16266  -74.2  -82.9     25   0.00     49   15.6  375.7  375.7  375.7
  107.9  16275  -74.3  -83.0     25   0.00     50   15.6  375.7  375.7  375.7
  107.7  16283  -74.3  -83.0     25   0.00     51   15.7  375.8  375.8  375.8
  107.6  16293  -74.4  -83.0     26   0.00     52   15.7  375.8  375.8  375.8
  107.4  16303  -74.4  -83.0     26   0.00     53   15.8  375.9  375.9  375.9
  107.2  16313  -74.5  -83.0     26   0.00     54   15.9  376.0  376.0  376.0
  107.0  16323  -74.6  -83.1     26   0.00     55   16.0  376.1  376.1  376.1
  106.8  16333  -74.6  -83.3     25   0.00     57   16.2  376.1  376.1  376.1
  106.6  16343  -74.7  -83.5     25   0.00     58   16.3  376.2  376.2  376.2
  106.4  16354  -74.8  -83.6     24   0.00     60   16.5  376.3  376.3  376.3
  106.2  16365  -74.8  -83.7     24   0.00     62   16.7  376.4  376.4  376.4
  106.0  16376  -74.9  -83.7     24   0.00     63   16.9  376.4  376.5  376.4
  105.8  16386  -74.9  -83.7     25   0.00     65   17.0  376.5  376.6  376.6
  105.6  16398  -75.0  -83.7     25   0.00     66   17.2  376.7  376.7  376.7
  105.5  16408  -74.9  -83.7     25   0.00     68   17.4  376.9  376.9  376.9
  105.3  16417  -75.0  -83.7     25   0.00     69   17.6  377.0  377.1  377.0
  105.1  16426  -75.0  -83.8     24   0.00     70   17.8  377.2  377.2  377.2
  105.0  16434  -75.1  -84.0     24   0.00     71   17.9  377.1  377.1  377.1
  104.8  16442  -75.2  -84.2     24   0.00     72   18.0  377.1  377.1  377.1
  104.7  16452  -75.2  -84.3     23   0.00     73   18.2  377.1  377.1  377.1
  104.5  16462  -75.2  -84.3     23   0.00     73   18.2  377.3  377.3  377.3
  104.3  16473  -75.2  -84.2     23   0.00     74   18.3  377.6  377.6  377.6
  104.1  16482  -75.1  -84.2     23   0.00     74   18.4  377.9  378.0  377.9
  104.0  16491  -75.0  -84.1     23   0.00     74   18.4  378.2  378.2  378.2
  103.8  16500  -74.9  -84.1     23   0.00     74   18.4  378.6  378.6  378.6
  103.6  16508  -74.8  -84.0     23   0.00     74   18.3  379.0  379.1  379.0
  103.5  16517  -74.7  -84.0     23   0.00     74   18.3  379.4  379.4  379.4
  103.3  16528  -74.6  -84.0     22   0.00     73   18.2  379.8  379.8  379.8
  103.1  16536  -74.6  -84.0     22   0.00     73   18.1  380.1  380.1  380.1
  103.0  16545  -74.6  -84.1     22   0.00     73   18.1  380.1  380.2  380.1
  102.8  16554  -74.6  -84.2     22   0.00     72   18.0  380.2  380.3  380.2
  102.7  16564  -74.7  -84.3     22   0.00     72   18.0  380.2  380.2  380.2
  102.5  16572  -74.8  -84.3     22   0.00     71   17.9  380.3  380.3  380.3
  102.4  16580  -74.8  -84.4     22   0.00     71   17.9  380.4  380.4  380.4
  102.2  16590  -74.8  -84.4     21   0.00     71   17.9  380.6  380.6  380.6
  102.0  16601  -74.7  -84.4     21   0.00     70   17.9  381.0  381.0  381.0
  101.8  16612  -74.6  -84.3     21   0.00     70   17.9  381.3  381.3  381.3
  101.6  16621  -74.6  -84.3     21   0.00     70   17.9  381.6  381.6  381.6
  101.5  16630  -74.5  -84.3     21   0.00     70   17.9  381.8  381.8  381.8
  101.3  16640  -74.4  -84.3     21   0.00     70   17.9  382.2  382.2  382.2
  101.2  16649  -74.3  -84.3     20   0.00     70   17.9  382.5  382.5  382.5
  101.0  16658  -74.3  -84.3     20   0.00     70   17.9  382.8  382.9  382.8
  100.8  16668  -74.2  -84.4     20   0.00     70   17.8  383.1  383.2  383.1
  100.7  16678  -74.2  -84.4     19   0.00     71   17.8  383.3  383.4  383.3
  100.5  16687  -74.2  -84.5     19   0.00     71   17.7  383.6  383.7  383.6
  100.3  16697  -74.1  -84.5     19   0.00     71   17.6  383.9  383.9  383.9
  100.2  16707  -74.2  -84.5     19   0.00     71   17.6  383.9  383.9  383.9
  100.0  16716  -74.2  -84.6     19   0.00     71   17.6  384.0  384.0  384.0
  100.0  16716  -74.2  -84.6     19   0.00     71   17.6  384.0  384.0  384.0
   99.8  16729  -74.4  -84.7     19   0.00     72   17.4  384.0  384.0  384.0
   99.6  16742  -74.4  -84.7     19   0.00     72   17.2  384.1  384.1  384.1
   99.4  16753  -74.5  -84.8     19   0.00     72   17.0  384.2  384.2  384.2
   99.2  16764  -74.5  -84.8     19   0.00     72   16.8  384.5  384.5  384.5
   99.0  16774  -74.4  -84.8     19   0.00     73   16.6  384.8  384.8  384.8
   98.9  16784  -74.3  -84.8     19   0.00     73   16.4  385.0  385.1  385.0
   98.7  16794  -74.2  -84.8     18   0.00     74   16.3  385.5  385.5  385.5
   98.5  16805  -74.2  -84.8     18   0.00     74   16.1  385.8  385.8  385.8
   98.3  16816  -74.2  -84.9     18   0.00     74   15.9  386.0  386.1  386.0
   98.1  16827  -74.2  -84.9     18   0.00     74   15.8  386.1  386.2  386.1
   97.9  16837  -74.3  -85.0     18   0.00     75   15.7  386.2  386.2  386.2
   97.8  16848  -74.4  -85.1     18   0.00     75   15.6  386.1  386.1  386.1
   97.6  16860  -74.6  -85.2     18   0.00     75   15.6  386.1  386.1  386.1
   97.4  16872  -74.7  -85.3     18   0.00     75   15.5  386.1  386.1  386.1
   97.2  16882  -74.7  -85.3     18   0.00     75   15.4  386.2  386.2  386.2
   97.0  16893  -74.8  -85.4     18   0.00     75   15.4  386.2  386.2  386.2
   96.8  16904  -74.9  -85.5     18   0.00     75   15.3  386.3  386.3  386.3
   96.6  16916  -75.0  -85.5     18   0.00     75   15.3  386.4  386.4  386.4
   96.4  16927  -75.0  -85.6     18   0.00     74   15.3  386.7  386.7  386.7
   96.3  16936  -74.9  -85.6     18   0.00     74   15.3  386.8  386.8  386.8
   96.1  16947  -74.9  -85.7     18   0.00     74   15.2  387.1  387.1  387.1
   95.9  16959  -74.9  -85.7     17   0.00     74   15.2  387.4  387.4  387.4
   95.7  16970  -74.8  -85.8     17   0.00     74   15.2  387.8  387.8  387.8
   95.6  16980  -74.8  -85.8     17   0.00     73   15.3  388.0  388.0  388.0
   95.4  16990  -74.8  -85.8     17   0.00     73   15.3  388.2  388.2  388.2
   95.2  17001  -74.8  -85.9     17   0.00     73   15.4  388.5  388.5  388.5
   95.0  17012  -74.8  -85.9     16   0.00     72   15.5  388.7  388.7  388.7
   94.9  17023  -74.7  -85.9     16   0.00     72   15.6  388.9  388.9  388.9
   94.7  17034  -74.6  -85.8     16   0.00     72   15.8  389.3  389.3  389.3
   94.5  17044  -74.6  -85.8     16   0.00     71   16.0  389.6  389.6  389.6
   94.3  17056  -74.7  -85.9     16   0.00     71   16.1  389.7  389.7  389.7
   94.1  17069  -74.8  -86.0     16   0.00     71   16.3  389.7  389.7  389.7
   93.9  17082  -74.8  -86.0     16   0.00     70   16.5  389.9  389.9  389.9
   93.7  17093  -74.8  -86.0     16   0.00     70   16.7  390.2  390.2  390.2
   93.5  17104  -74.8  -86.0     16   0.00     70   16.9  390.4  390.5  390.4
   93.4  17116  -74.8  -86.0     16   0.00     70   17.0  390.5  390.5  390.5
   93.2  17128  -74.7  -86.0     16   0.00     70   17.1  390.8  390.9  390.8
   93.0  17140  -74.6  -86.0     16   0.00     70   17.1  391.3  391.3  391.3
   92.8  17153  -74.5  -85.9     16   0.00     71   17.1  391.8  391.8  391.8
   92.6  17165  -74.4  -85.9     16   0.00     71   17.1  392.2  392.2  392.2
   92.4  17177  -74.3  -85.9     16   0.00     72   17.1  392.6  392.6  392.6
   92.2  17190  -74.3  -85.9     15   0.00     72   17.1  392.9  392.9  392.9
   92.0  17203  -74.3  -86.0     15   0.00     73   17.1  393.1  393.1  393.1
   91.8  17215  -74.4  -86.0     15   0.00     74   17.0  393.2  393.3  393.2
   91.6  17226  -74.4  -86.1     15   0.00     75   17.0  393.4  393.4  393.4
   91.4  17237  -74.5  -86.1     15   0.00     76   17.1  393.5  393.6  393.5
   91.3  17248  -74.5  -86.0     15   0.00     78   17.1  393.6  393.6  393.6
   91.1  17259  -74.5  -86.0     16   0.00     79   17.2  393.8  393.8  393.8
   90.9  17271  -74.6  -86.0     16   0.00     80   17.3  394.0  394.0  394.0
   90.7  17282  -74.6  -86.0     16   0.00     81   17.4  394.1  394.1  394.1
   90.6  17293  -74.7  -86.1     16   0.00     83   17.5  394.0  394.0  394.0
   90.4  17305  -74.8  -86.2     16   0.00     84   17.6  394.1  394.1  394.1
   90.2  17316  -74.9  -86.2     16   0.00     85   17.7  394.2  394.2  394.2
   90.0  17328  -74.9  -86.2     16   0.00     86   17.7  394.4  394.4  394.4
   89.8  17340  -74.9  -86.2     16   0.00     88   17.8  394.6  394.6  394.6
   89.6  17353  -75.0  -86.2     16   0.00     89   17.9  394.8  394.8  394.8
   89.4  17365  -75.0  -86.2     16   0.00     90   17.9  395.0  395.0  395.0
   89.3  17376  -75.1  -86.2     16   0.00     90   17.9  395.0  395.0  395.0
   89.1  17388  -75.2  -86.3     16   0.00     91   18.0  395.1  395.1  395.1
   88.9  17400  -75.3  -86.4     16   0.00     92   18.0  395.1  395.1  395.1
   88.7  17413  -75.4  -86.5     16   0.00     92   17.9  395.1  395.1  395.1
   88.5  17425  -75.5  -86.6     16   0.00     93   17.9  395.2  395.2  395.2
   88.3  17436  -75.5  -86.6     16   0.00     93   17.9  395.3  395.3  395.3
   88.2  17447  -75.6  -86.6     17   0.00     93   17.9  395.4  395.4  395.4
   88.0  17458  -75.6  -86.6     17   0.00     94   17.9  395.5  395.5  395.5
   87.8  17469  -75.7  -86.7     17   0.00     94   17.8  395.6  395.6  395.6
   87.7  17480  -75.8  -86.7     17   0.00     94   17.8  395.6  395.7  395.6
   87.5  17492  -75.8  -86.8     17   0.00     94   17.8  395.8  395.8  395.8
   87.3  17504  -75.9  -86.8     17   0.00     94   17.7  396.0  396.0  396.0
   87.1  17516  -75.9  -86.9     16   0.00     94   17.6  396.1  396.1  396.1
   87.0  17527  -76.0  -87.0     16   0.00     94   17.6  396.1  396.2  396.1
   86.8  17539  -76.0  -87.1     16   0.00     94   17.5  396.3  396.3  396.3
   86.6  17550  -76.0  -87.2     16   0.00     93   17.4  396.5  396.6  396.5
   86.4  17563  -76.0  -87.3     16   0.00     93   17.3  396.9  396.9  396.9
   86.3  17574  -75.9  -87.3     15   0.00     93   17.2  397.1  397.1  397.1
   86.1  17585  -75.8  -87.2     15   0.00     93   17.1  397.7  397.7  397.7
   85.9  17595  -75.5  -87.1     15   0.00     92   16.9  398.5  398.5  398.5
   85.8  17607  -75.3  -87.0     15   0.00     92   16.8  399.1  399.1  399.1
   85.6  17618  -75.2  -87.0     15   0.00     91   16.6  399.6  399.6  399.6
   85.4  17629  -75.1  -86.9     14   0.00     90   16.4  400.0  400.0  400.0
   85.3  17639  -75.0  -86.9     14   0.00     90   16.2  400.3  400.3  400.3
   85.1  17650  -75.0  -86.9     14   0.00     89   16.0  400.6  400.6  400.6
   85.0  17660  -75.0  -87.0     14   0.00     88   15.8  400.7  400.7  400.7
   84.8  17671  -75.1  -87.0     14   0.00     87   15.6  400.9  400.9  400.9
   84.7  17682  -75.1  -87.0     14   0.00     86   15.4  400.9  400.9  400.9
   84.5  17693  -75.2  -87.1     14   0.00     84   15.2  401.0  401.0  401.0
   84.4  17704  -75.3  -87.1     14   0.00     83   15.0  401.0  401.0  401.0
   84.2  17714  -75.3  -87.1     14   0.00     82   14.9  401.2  401.2  401.2
   84.0  17725  -75.3  -87.2     14   0.00     80   14.8  401.5  401.5  401.5
   83.9  17734  -75.3  -87.2     14   0.00     79   14.7  401.6  401.6  401.6
   83.8  17743  -75.3  -87.3     14   0.00     78   14.7  401.7  401.7  401.7
   83.6  17753  -75.4  -87.5     14   0.00     77   14.8  401.9  401.9  401.9
   83.5  17763  -75.4  -87.6     13   0.00     76   14.9  402.0  402.0  402.0
   83.3  17774  -75.4  -87.8     13   0.00     75   15.0  402.3  402.3  402.3
   83.2  17785  -75.3  -87.9     13   0.00     74   15.2  402.6  402.6  402.6
   83.0  17795  -75.2  -88.0     12   0.00     73   15.4  403.1  403.2  403.1
   82.9  17805  -74.9  -88.1     12   0.00     73   15.6  403.7  403.7  403.7
   82.7  17815  -74.7  -88.1     11   0.00     73   15.8  404.6  404.6  404.6
   82.6  17826  -74.3  -88.0     11   0.00     73   16.0  405.4  405.4  405.4
   82.4  17837  -73.9  -87.8     10   0.00     73   16.2  406.6  406.6  406.6
   82.3  17848  -73.4  -87.7     10   0.00     73   16.3  407.6  407.6  407.6
   82.1  17858  -73.1  -87.6      9   0.00     73   16.4  408.6  408.6  408.6
   82.0  17869  -72.8  -87.6      9   0.00     73   16.5  409.3  409.3  409.3
   81.8  17880  -72.6  -87.6      9   0.00     74   16.5  410.0  410.0  410.0
   81.7  17890  -72.4  -87.6      9   0.00     74   16.5  410.6  410.7  410.6
   81.5  17901  -72.1  -87.5      8   0.00     74   16.4  411.5  411.5  411.5
   81.4  17911  -71.8  -87.4      8   0.00     75   16.3  412.2  412.3  412.2
   81.3  17922  -71.6  -87.2      8   0.00     75   16.2  412.9  412.9  412.9
   81.1  17932  -71.4  -87.2      8   0.00     75   16.0  413.5  413.5  413.5
   81.0  17942  -71.4  -87.2      8   0.00     75   15.9  413.7  413.7  413.7
   80.8  17953  -71.4  -87.4      8   0.00     75   15.7  413.9  414.0  413.9
   80.7  17965  -71.4  -87.5      8   0.00     75   15.6  414.0  414.0  414.0
   80.5  17976  -71.5  -87.6      8   0.00     75   15.4  414.3  414.3  414.3
   80.4  17987  -71.4  -87.6      7   0.00     74   15.3  414.5  414.6  414.5
   80.2  17998  -71.3  -87.6      7   0.00     74   15.2  415.0  415.0  415.0
   80.1  18009  -71.3  -87.6      7   0.00     73   15.1  415.3  415.3  415.3
   79.9  18020  -71.3  -87.7      7   0.00     72   15.1  415.5  415.6  415.5
   79.8  18031  -71.3  -87.8      7   0.00     72   15.0  415.6  415.6  415.6
   79.6  18043  -71.3  -87.9      7   0.00     71   15.0  416.0  416.0  416.0
   79.4  18055  -71.2  -87.9      7   0.00     70   15.0  416.5  416.5  416.5
   79.3  18066  -71.1  -87.9      7   0.00     69   15.0  416.8  416.8  416.8
   79.1  18077  -71.0  -87.9      7   0.00     68   15.0  417.2  417.2  417.2
   79.0  18089  -71.0  -87.9      7   0.00     67   15.0  417.4  417.4  417.4
   78.8  18100  -71.0  -87.9      7   0.00     66   15.0  417.7  417.7  417.7
   78.7  18110  -71.1  -87.9      7   0.00     66   15.0  417.8  417.8  417.8
   78.6  18121  -71.1  -88.0      7   0.00     65   14.9  417.9  417.9  417.9
   78.4  18133  -71.1  -88.0      7   0.00     65   14.8  418.2  418.2  418.2
   78.2  18145  -71.1  -88.0      7   0.00     65   14.8  418.6  418.6  418.6
   78.1  18157  -71.0  -88.0      7   0.00     65   14.7  418.8  418.8  418.8
   77.9  18168  -71.0  -88.0      7   0.00     65   14.6  419.2  419.3  419.2
   77.8  18180  -71.0  -88.0      7   0.00     65   14.5  419.4  419.4  419.4
   77.6  18191  -71.0  -88.0      7   0.00     66   14.4  419.6  419.6  419.6
   77.5  18202  -71.1  -88.1      7   0.00     66   14.4  419.6  419.6  419.6
   77.3  18213  -71.2  -88.1      7   0.00     67   14.4  419.7  419.7  419.7
   77.2  18224  -71.2  -88.1      7   0.00     68   14.4  419.7  419.8  419.7
   77.1  18235  -71.3  -88.1      7   0.00     69   14.5  419.8  419.8  419.8
   76.9  18245  -71.4  -88.2      7   0.00     70   14.5  419.9  419.9  419.9
   76.8  18257  -71.5  -88.2      7   0.00     71   14.7  419.9  419.9  419.9
   76.6  18268  -71.5  -88.3      7   0.00     72   14.8  420.1  420.1  420.1
   76.5  18280  -71.6  -88.4      7   0.00     73   15.0  420.1  420.1  420.1
   76.3  18291  -71.6  -88.4      7   0.00     74   15.2  420.4  420.4  420.4
   76.2  18303  -71.6  -88.4      7   0.00     74   15.4  420.6  420.7  420.6
   76.0  18314  -71.5  -88.4      7   0.00     75   15.6  421.1  421.1  421.1
   75.9  18326  -71.4  -88.4      7   0.00     75   15.7  421.4  421.4  421.4
   75.7  18337  -71.4  -88.4      6   0.00     76   15.9  421.8  421.8  421.8
   75.6  18348  -71.3  -88.3      6   0.00     76   16.0  422.2  422.2  422.2
   75.5  18359  -71.2  -88.3      6   0.00     75   16.1  422.6  422.6  422.6
   75.3  18371  -71.1  -88.3      6   0.00     75   16.2  423.1  423.1  423.1
   75.2  18382  -71.1  -88.4      6   0.00     75   16.3  423.2  423.2  423.2
   75.0  18392  -71.1  -88.5      6   0.00     74   16.3  423.4  423.4  423.4
   74.9  18403  -71.1  -88.5      6   0.00     73   16.2  423.7  423.7  423.7
   74.8  18414  -71.0  -88.5      6   0.00     72   16.2  424.1  424.1  424.1
   74.6  18425  -70.8  -88.4      6   0.00     72   16.1  424.9  424.9  424.9
   74.5  18435  -70.6  -88.3      6   0.00     71   16.1  425.3  425.3  425.3
   74.4  18447  -70.6  -88.3      6   0.00     70   16.0  425.6  425.6  425.6
   74.2  18458  -70.6  -88.3      6   0.00     69   15.9  425.9  425.9  425.9
   74.1  18469  -70.6  -88.3      6   0.00     68   15.8  425.9  426.0  425.9
   73.9  18481  -70.7  -88.4      6   0.00     67   15.7  426.1  426.1  426.1
   73.8  18492  -70.8  -88.4      6   0.00     67   15.6  426.1  426.1  426.1
   73.6  18503  -70.9  -88.4      6   0.00     66   15.5  426.3  426.3  426.3
   73.5  18514  -71.0  -88.5      6   0.00     65   15.4  426.3  426.3  426.3
   73.4  18525  -71.0  -88.5      6   0.00     65   15.4  426.3  426.3  426.3
   73.2  18537  -71.1  -88.6      6   0.00     64   15.3  426.4  426.4  426.4
   73.1  18547  -71.2  -88.6      6   0.00     63   15.3  426.4  426.5  426.4
   73.0  18558  -71.2  -88.7      6   0.00     63   15.2  426.5  426.5  426.5
   72.8  18568  -71.2  -88.7      6   0.00     62   15.2  426.8  426.8  426.8
   72.7  18579  -71.2  -88.6      6   0.00     62   15.2  427.1  427.1  427.1
   72.6  18590  -71.1  -88.6      6   0.00     61   15.3  427.4  427.4  427.4
   72.4  18602  -71.1  -88.6      6   0.00     61   15.3  427.8  427.8  427.8
   72.3  18614  -71.2  -88.6      6   0.00     60   15.4  427.8  427.9  427.8
   72.1  18625  -71.2  -88.6      6   0.00     60   15.5  428.0  428.1  428.0
   72.0  18636  -71.3  -88.7      6   0.00     59   15.7  428.1  428.1  428.1
   71.9  18647  -71.4  -88.7      6   0.00     59   15.9  428.1  428.1  428.1
   71.7  18657  -71.4  -88.8      6   0.00     59   16.1  428.3  428.3  428.3
   71.6  18669  -71.5  -88.8      6   0.00     59   16.3  428.4  428.4  428.4
   71.5  18681  -71.5  -88.8      6   0.00     59   16.6  428.5  428.5  428.5
   71.3  18694  -71.5  -88.9      6   0.00     59   16.9  428.8  428.8  428.8
   71.2  18706  -71.5  -88.9      6   0.00     59   17.2  429.0  429.0  429.0
   71.0  18718  -71.5  -88.9      6   0.00     59   17.5  429.4  429.4  429.4
   70.9  18731  -71.4  -88.8      6   0.00     60   17.9  429.8  429.8  429.8
   70.7  18743  -71.3  -88.7      6   0.00     60   18.2  430.2  430.2  430.2
   70.6  18754  -71.4  -88.7      6   0.00     60   18.6  430.3  430.4  430.3
   70.4  18766  -71.4  -88.7      6   0.00     61   18.9  430.5  430.5  430.5
   70.3  18778  -71.5  -88.8      6   0.00     61   19.2  430.5  430.5  430.5
   70.2  18790  -71.6  -88.8      6   0.00     61   19.5  430.5  430.5  430.5
   70.0  18803  -71.7  -88.8      6   0.00     61   19.5  430.6  430.7  430.6
   69.9  18815  -71.8  -88.8      6   0.00     62   20.1  430.6  430.6  430.6
   69.7  18827  -71.9  -88.9      6   0.00     63   20.4  430.7  430.8  430.7
   69.6  18839  -72.0  -88.9      6   0.00     63   20.6  430.7  430.7  430.7
   69.4  18853  -72.1  -88.9      6   0.00     64   20.9  430.9  430.9  430.9
   69.3  18866  -72.2  -89.0      7   0.00     64   21.1  430.9  430.9  430.9
   69.1  18878  -72.3  -89.1      7   0.00     65   21.3  431.0  431.1  431.0
   69.0  18890  -72.3  -89.1      7   0.00     66   21.6  431.1  431.1  431.1
   68.8  18903  -72.3  -89.1      6   0.00     66   21.8  431.4  431.4  431.4
   68.7  18916  -72.3  -89.2      6   0.00     67   22.1  431.6  431.7  431.6
   68.5  18928  -72.3  -89.2      6   0.00     68   22.3  432.0  432.0  432.0
   68.4  18941  -72.3  -89.2      6   0.00     68   22.5  432.2  432.2  432.2
   68.2  18955  -72.3  -89.3      6   0.00     69   22.7  432.5  432.5  432.5
   68.1  18968  -72.3  -89.4      6   0.00     70   22.9  432.7  432.7  432.7
   67.9  18981  -72.3  -89.5      6   0.00     71   23.0  433.0  433.1  433.0
   67.8  18993  -72.3  -89.5      6   0.00     72   23.1  433.3  433.3  433.3
   67.6  19006  -72.3  -89.6      6   0.00     73   23.2  433.7  433.8  433.7
   67.5  19020  -72.2  -89.7      6   0.00     74   23.2  434.0  434.1  434.0
   67.3  19032  -72.1  -89.7      6   0.00     75   23.2  434.7  434.7  434.7
   67.2  19045  -71.8  -89.6      5   0.00     76   23.1  435.5  435.5  435.5
   67.0  19058  -71.6  -89.6      5   0.00     77   23.0  436.4  436.4  436.4
   66.9  19070  -71.3  -89.5      5   0.00     78   22.8  437.1  437.1  437.1
   66.7  19083  -71.1  -89.5      5   0.00     78   22.6  438.0  438.0  438.0
   66.6  19097  -70.9  -89.5      5   0.00     79   22.4  438.6  438.6  438.6
   66.4  19110  -70.7  -89.5      5   0.00     80   22.1  439.3  439.3  439.3
   66.3  19124  -70.6  -89.5      5   0.00     81   21.8  439.8  439.8  439.8
   66.1  19138  -70.4  -89.4      5   0.00     81   21.5  440.6  440.6  440.6
   66.0  19151  -70.1  -89.3      5   0.00     82   21.1  441.4  441.4  441.4
   65.8  19163  -70.0  -89.2      5   0.00     82   20.8  442.1  442.1  442.1
   65.7  19177  -69.9  -89.2      4   0.00     83   20.4  442.5  442.5  442.5
   65.5  19191  -69.9  -89.2      4   0.00     83   20.1  442.8  442.9  442.8
   65.4  19206  -70.0  -89.3      4   0.00     84   19.7  442.9  442.9  442.9
   65.2  19220  -70.1  -89.3      5   0.00     85   19.4  443.1  443.1  443.1
   65.1  19233  -70.2  -89.4      5   0.00     85   19.1  443.0  443.1  443.0
   64.9  19247  -70.2  -89.4      5   0.00     86   18.8  443.2  443.3  443.2
   64.8  19261  -70.4  -89.5      5   0.00     86   18.5  443.2  443.2  443.2
   64.6  19275  -70.5  -89.5      5   0.00     87   18.3  443.4  443.4  443.4
   64.5  19290  -70.5  -89.6      5   0.00     87   18.1  443.4  443.4  443.4
   64.3  19304  -70.6  -89.6      5   0.00     87   18.0  443.7  443.7  443.7
   64.2  19317  -70.6  -89.6      5   0.00     87   17.9  443.9  443.9  443.9
   64.0  19330  -70.6  -89.6      5   0.00     87   17.9  444.2  444.3  444.2
   63.9  19343  -70.6  -89.6      5   0.00     87   17.9  444.5  444.5  444.5
   63.7  19356  -70.5  -89.6      5   0.00     87   18.0  445.1  445.1  445.1
   63.6  19369  -70.4  -89.6      5   0.00     86   18.2  445.5  445.6  445.5
   63.5  19382  -70.2  -89.5      4   0.00     85   18.4  446.1  446.1  446.1
   63.3  19394  -70.1  -89.5      4   0.00     84   18.7  446.6  446.6  446.6
   63.2  19405  -70.1  -89.5      4   0.00     83   19.0  446.9  446.9  446.9
   63.1  19417  -70.1  -89.6      4   0.00     82   19.3  447.1  447.2  447.1
   63.0  19429  -70.1  -89.6      4   0.00     82   19.7  447.4  447.4  447.4
   62.8  19442  -70.1  -89.6      4   0.00     81   20.0  447.8  447.8  447.8
   62.7  19454  -70.1  -89.7      4   0.00     80   20.4  447.9  447.9  447.9
   62.6  19466  -70.1  -89.7      4   0.00     79   20.8  448.1  448.1  448.1
   62.5  19478  -70.1  -89.7      4   0.00     78   21.1  448.4  448.4  448.4
   62.3  19490  -70.1  -89.7      4   0.00     78   21.4  448.8  448.8  448.8
   62.2  19501  -70.1  -89.8      4   0.00     77   21.7  449.0  449.0  449.0
   62.1  19513  -70.1  -89.8      4   0.00     77   21.9  449.2  449.2  449.2
   62.0  19525  -70.0  -89.8      4   0.00     76   22.1  449.6  449.6  449.6
   61.8  19537  -69.9  -89.8      4   0.00     76   22.2  450.3  450.3  450.3
   61.7  19548  -69.7  -89.8      4   0.00     76   22.2  450.8  450.8  450.8
   61.6  19558  -69.6  -89.8      4   0.00     76   22.2  451.2  451.2  451.2
   61.5  19569  -69.6  -89.9      4   0.00     76   22.1  451.6  451.6  451.6
   61.4  19580  -69.5  -89.9      4   0.00     76   22.0  452.1  452.1  452.1
   61.3  19592  -69.3  -89.9      4   0.00     76   21.9  452.7  452.7  452.7
   61.2  19603  -69.0  -89.8      4   0.00     76   21.8  453.6  453.6  453.6
   61.1  19613  -68.7  -89.7      3   0.00     77   21.6  454.4  454.4  454.4
   60.9  19623  -68.5  -89.7      3   0.00     77   21.5  455.2  455.2  455.2
   60.8  19634  -68.5  -89.8      3   0.00     77   21.5  455.5  455.6  455.5
   60.7  19645  -68.4  -89.8      3   0.00     78   21.4  455.8  455.8  455.8
   60.6  19654  -68.4  -89.9      3   0.00     78   21.5  456.1  456.1  456.1
   60.5  19665  -68.4  -90.0      3   0.00     79   21.6  456.3  456.4  456.3
   60.4  19675  -68.3  -90.0      3   0.00     79   21.7  456.8  456.8  456.8
   60.3  19684  -68.1  -89.9      3   0.00     79   21.9  457.4  457.4  457.4
   60.2  19693  -67.9  -89.9      3   0.00     80   22.1  458.1  458.1  458.1
   60.1  19703  -67.7  -89.8      3   0.00     80   22.3  458.9  458.9  458.9
   60.0  19713  -67.5  -89.8      3   0.00     81   22.6  459.5  459.5  459.5
   59.9  19731  -67.2  -89.8      3   0.00     82   23.0  460.3  460.3  460.3
   59.8  19739  -67.1  -89.8      3   0.00     82   23.2  460.8  460.8  460.8
   59.7  19748  -67.0  -89.8      3   0.00     83   23.4  461.2  461.2  461.2
   59.6  19757  -66.8  -89.7      3   0.00     83   23.5  461.8  461.8  461.8
   59.5  19765  -66.7  -89.6      3   0.00     84   23.6  462.4  462.4  462.4
   59.4  19774  -66.5  -89.6      3   0.00     85   23.7  462.9  462.9  462.9
   59.3  19791  -66.5  -89.6      3   0.00     86   23.8  463.2  463.2  463.2
   59.2  19800  -66.5  -89.6      3   0.00     86   23.8  463.4  463.4  463.4
   59.1  19808  -66.5  -89.6      3   0.00     87   23.8  463.6  463.7  463.6
   59.0  19817  -66.5  -89.6      3   0.00     87   23.8  463.9  464.0  463.9
   58.9  19826  -66.5  -89.6      3   0.00     87   23.7  464.2  464.2  464.2
   58.8  19835  -66.5  -89.5      3   0.00     88   23.6  464.4  464.4  464.4
   58.7  19852  -66.5  -89.5      3   0.00     89   23.4  464.6  464.6  464.6
   58.6  19860  -66.5  -89.5      3   0.00     89   23.3  464.7  464.7  464.7
   58.5  19868  -66.6  -89.4      3   0.00     90   23.2  464.9  464.9  464.9
   58.4  19883  -66.7  -89.4      3   0.00     90   22.9  464.8  464.8  464.8
   58.3  19890  -66.7  -89.5      3   0.00     91   22.8  464.9  464.9  464.9
   58.2  19898  -66.8  -89.5      3   0.00     91   22.7  465.0  465.0  465.0
   58.1  19907  -66.9  -89.5      3   0.00     91   22.6  465.1  465.1  465.1
   58.0  19924  -67.0  -89.5      3   0.00     92   22.4  465.1  465.1  465.1
   57.9  19932  -67.0  -89.5      3   0.00     92   22.3  465.3  465.3  465.3
   57.8  19941  -67.0  -89.5      3   0.00     92   22.3  465.5  465.6  465.5
   57.7  19948  -66.9  -89.5      3   0.00     92   22.3  465.9  465.9  465.9
   57.6  19964  -66.9  -89.5      3   0.00     92   22.2  466.3  466.3  466.3
   57.5  19972  -66.9  -89.5      3   0.00     92   22.2  466.5  466.5  466.5
   57.4  19981  -66.9  -89.5      3   0.00     92   22.2  466.7  466.7  466.7
   57.3  19998  -67.0  -89.7      3   0.00     91   22.3  466.7  466.7  466.7
   57.2  20007  -67.0  -89.7      3   0.00     91   22.3  466.8  466.8  466.8
   57.1  20015  -67.0  -89.7      3   0.00     91   22.3  467.1  467.1  467.1
   57.0  20023  -67.0  -89.7      3   0.00     90   22.3  467.4  467.5  467.4
   56.9  20041  -66.8  -89.7      3   0.00     90   22.3  468.0  468.1  468.0
   56.8  20049  -66.7  -89.7      3   0.00     89   22.4  468.4  468.4  468.4
   56.7  20057  -66.7  -89.7      3   0.00     89   22.4  468.7  468.7  468.7
   56.6  20065  -66.7  -89.7      3   0.00     89   22.4  468.9  468.9  468.9
   56.5  20082  -66.7  -89.7      3   0.00     88   22.4  469.2  469.2  469.2
   56.4  20092  -66.7  -89.6      3   0.00     88   22.4  469.5  469.5  469.5
   56.3  20102  -66.7  -89.6      3   0.00     87   22.4  469.7  469.7  469.7
   56.2  20112  -66.7  -89.6      3   0.00     87   22.4  470.0  470.0  470.0
   56.1  20122  -66.7  -89.6      3   0.00     86   22.3  470.2  470.2  470.2
   56.0  20132  -66.7  -89.6      3   0.00     86   22.3  470.4  470.4  470.4
   55.9  20142  -66.7  -89.6      3   0.00     85   22.3  470.6  470.6  470.6
   55.8  20153  -66.8  -89.6      3   0.00     85   22.2  470.7  470.7  470.7
   55.7  20164  -66.9  -89.7      3   0.00     84   22.2  470.8  470.8  470.8
   55.6  20175  -66.9  -89.7      3   0.00     84   22.1  470.9  470.9  470.9
   55.5  20184  -66.9  -89.7      3   0.00     83   22.1  471.1  471.1  471.1
   55.4  20195  -66.9  -89.7      3   0.00     82   22.0  471.4  471.4  471.4
   55.3  20206  -66.9  -89.7      3   0.00     82   22.0  471.7  471.8  471.7
   55.2  20217  -66.8  -89.7      3   0.00     81   21.9  472.1  472.1  472.1
   55.1  20229  -66.8  -89.7      3   0.00     81   21.9  472.4  472.4  472.4
   55.0  20241  -66.8  -89.7      3   0.00     80   21.8  472.7  472.7  472.7
   54.9  20252  -66.8  -89.7      3   0.00     80   21.8  472.9  472.9  472.9
   54.8  20264  -66.8  -89.8      3   0.00     80   21.8  473.0  473.0  473.0
   54.7  20276  -66.9  -89.8      3   0.00     80   21.8  473.1  473.1  473.1
   54.6  20288  -66.9  -89.9      3   0.00     80   21.8  473.3  473.3  473.3
   54.5  20300  -66.9  -89.9      3   0.00     80   21.8  473.5  473.5  473.5
   54.4  20312  -66.9  -89.9      3   0.00     81   21.9  473.8  473.8  473.8
   54.3  20323  -66.8  -89.9      3   0.00     81   21.9  474.2  474.2  474.2
   54.2  20335  -66.7  -89.8      3   0.00     81   22.0  474.7  474.7  474.7
   54.1  20347  -66.7  -89.8      3   0.00     82   22.1  475.2  475.2  475.2
   53.9  20360  -66.6  -89.8      3   0.00     82   22.2  475.8  475.8  475.8
   53.8  20372  -66.5  -89.8      3   0.00     83   22.3  476.2  476.2  476.2
   53.7  20383  -66.5  -89.8      3   0.00     83   22.4  476.5  476.5  476.5
   53.6  20395  -66.5  -89.8      3   0.00     83   22.6  476.8  476.8  476.8
   53.5  20408  -66.5  -89.8      3   0.00     83   22.7  477.0  477.0  477.0
   53.4  20421  -66.5  -89.8      3   0.00     83   22.9  477.3  477.3  477.3
   53.3  20433  -66.5  -89.8      3   0.00     83   23.1  477.6  477.6  477.6
   53.2  20445  -66.5  -89.8      3   0.00     83   23.3  477.8  477.9  477.8
   53.1  20457  -66.5  -89.8      3   0.00     83   23.6  478.1  478.1  478.1
   53.0  20469  -66.5  -89.8      3   0.00     83   23.9  478.3  478.3  478.3
   52.9  20482  -66.5  -89.8      3   0.00     83   24.1  478.5  478.5  478.5
   52.8  20495  -66.6  -89.8      3   0.00     82   24.4  478.7  478.7  478.7
   52.6  20509  -66.6  -89.8      3   0.00     82   24.7  479.1  479.2  479.1
   52.5  20522  -66.6  -89.8      3   0.00     82   25.0  479.3  479.3  479.3
   52.4  20536  -66.6  -89.8      3   0.00     82   25.3  479.6  479.6  479.6
   52.3  20550  -66.6  -89.8      3   0.00     82   25.6  479.8  479.8  479.8
   52.2  20563  -66.6  -89.8      3   0.00     81   25.8  480.1  480.1  480.1
   52.0  20576  -66.6  -89.7      3   0.00     81   26.0  480.6  480.6  480.6
   51.9  20590  -66.7  -89.7      3   0.00     81   26.2  480.8  480.8  480.8
   51.8  20603  -66.7  -89.7      3   0.00     81   26.3  480.9  481.0  480.9
   51.7  20616  -66.8  -89.8      3   0.00     81   26.4  481.0  481.1  481.0
   51.6  20629  -66.9  -89.8      3   0.00     81   26.5  481.1  481.1  481.1
   51.5  20643  -67.0  -89.9      3   0.00     81   26.5  481.2  481.2  481.2
   51.4  20658  -67.0  -89.9      3   0.00     81   26.4  481.3  481.3  481.3
   51.2  20671  -67.1  -90.0      3   0.00     82   26.3  481.7  481.7  481.7
   51.1  20685  -67.1  -90.0      3   0.00     82   26.2  481.9  481.9  481.9
   51.0  20700  -67.1  -90.0      3   0.00     82   26.1  482.2  482.2  482.2
   50.9  20714  -67.1  -90.0      3   0.00     82   25.9  482.6  482.6  482.6
   50.8  20727  -67.0  -90.0      3   0.00     83   25.7  483.0  483.0  483.0
   50.6  20741  -67.0  -90.0      3   0.00     83   25.5  483.6  483.6  483.6
   50.5  20755  -66.9  -90.0      3   0.00     83   25.3  483.9  483.9  483.9
   50.4  20768  -67.0  -90.0      3   0.00     83   25.1  484.2  484.2  484.2
   50.3  20782  -67.0  -90.0      3   0.00     83   24.9  484.4  484.4  484.4
   50.2  20796  -67.0  -90.1      3   0.00     83   24.8  484.6  484.6  484.6
   50.1  20811  -67.1  -90.1      3   0.00     83   24.7  484.8  484.8  484.8
   50.0  20819  -67.1  -90.1      3   0.00     83   24.7  485.0  485.1  485.0
   49.9  20826  -67.1  -90.1      3   0.00     83   24.7  485.3  485.3  485.3
   49.8  20839  -67.1  -90.2      3   0.00     83   24.7  485.6  485.6  485.6
   49.7  20852  -67.1  -90.2      3   0.00     82   24.7  485.9  485.9  485.9
   49.6  20865  -67.1  -90.2      3   0.00     82   24.8  486.1  486.2  486.1
   49.5  20878  -67.1  -90.3      2   0.00     82   24.9  486.4  486.5  486.4
   49.4  20891  -67.0  -90.3      2   0.00     82   25.0  486.8  486.9  486.8
   49.3  20903  -66.9  -90.3      2   0.00     81   25.2  487.4  487.4  487.4
   49.2  20916  -66.8  -90.2      2   0.00     81   25.4  487.9  488.0  487.9
   49.1  20928  -66.7  -90.2      2   0.00     81   25.5  488.5  488.5  488.5
   49.0  20941  -66.6  -90.2      2   0.00     81   25.7  489.0  489.0  489.0
   48.9  20954  -66.5  -90.1      2   0.00     80   25.8  489.4  489.4  489.4
   48.8  20966  -66.5  -90.1      2   0.00     80   25.9  489.8  489.8  489.8
   48.7  20979  -66.4  -90.1      2   0.00     80   25.9  490.2  490.2  490.2
   48.6  20991  -66.4  -90.1      2   0.00     80   25.9  490.6  490.6  490.6
   48.5  21004  -66.4  -90.1      2   0.00     80   25.9  490.9  490.9  490.9
   48.4  21016  -66.4  -90.1      2   0.00     80   25.9  491.2  491.2  491.2
   48.3  21029  -66.4  -90.1      2   0.00     80   25.8  491.5  491.5  491.5
   48.2  21041  -66.4  -90.1      2   0.00     79   25.7  491.7  491.7  491.7
   48.1  21053  -66.5  -90.1      2   0.00     79   25.5  491.9  491.9  491.9
   48.0  21064  -66.5  -90.1      2   0.00     79   25.4  492.0  492.0  492.0
   47.9  21076  -66.6  -90.2      2   0.00     79   25.2  492.1  492.1  492.1
   47.8  21087  -66.6  -90.2      2   0.00     78   25.1  492.3  492.4  492.3
   47.7  21098  -66.6  -90.2      2   0.00     78   25.0  492.6  492.7  492.6
   47.6  21121  -66.6  -90.3      2   0.00     78   24.7  492.9  492.9  492.9
   47.4  21135  -66.6  -90.3      2   0.00     77   24.7  493.5  493.5  493.5
   47.3  21149  -66.6  -90.4      2   0.00     77   24.6  493.9  493.9  493.9
   47.2  21172  -66.2  -90.3      2   0.00     77   24.6  495.1  495.1  495.1
   47.1  21183  -66.0  -90.2      2   0.00     77   24.6  496.0  496.0  496.0
   47.0  21194  -65.8  -90.2      2   0.00     77   24.7  496.7  496.7  496.7
   46.9  21206  -65.7  -90.3      2   0.00     77   24.8  497.2  497.2  497.2
   46.8  21216  -65.7  -90.4      2   0.00     78   24.9  497.6  497.6  497.6
   46.7  21225  -65.6  -90.4      2   0.00     78   24.9  498.1  498.2  498.2
   46.6  21244  -65.3  -90.4      2   0.00     79   25.1  499.2  499.2  499.2
   46.5  21254  -65.0  -90.3      2   0.00     79   25.1  500.2  500.2  500.2
   46.4  21274  -64.4  -90.1      2   0.00     80   25.0  501.9  501.9  501.9
   46.3  21280  -64.2  -90.1      2   0.00     80   25.0  502.7  502.7  502.7
   46.2  21293  -63.9  -90.0      2   0.00     80   24.6  503.7  503.7  503.7
   46.1  21313  -63.6  -89.9      2   0.00     80   24.2  504.7  504.8  504.7
   46.0  21326  -63.4  -89.8      2   0.00     80   23.9  505.5  505.5  505.5
   45.9  21335  -63.2  -89.7      2   0.00     80   23.6  506.3  506.3  506.3
   45.8  21353  -63.0  -89.5      2   0.00     79   23.1  507.1  507.2  507.1
   45.7  21363  -62.9  -89.4      2   0.00     78   22.8  507.6  507.7  507.6
   45.6  21373  -62.9  -89.4      2   0.00     78   22.5  508.1  508.1  508.1
   45.5  21394  -62.7  -89.2      2   0.00     76   21.9  508.7  508.7  508.7
   45.4  21405  -62.7  -89.1      2   0.00     75   21.7  509.1  509.2  509.1
   45.3  21414  -62.7  -89.0      2   0.00     74   21.4  509.5  509.5  509.5
   45.2  21433  -62.6  -88.9      2   0.00     73   21.0  509.9  509.9  509.9
   45.1  21443  -62.6  -88.8      2   0.00     73   20.7  510.3  510.3  510.3
   45.0  21453  -62.6  -88.7      2   0.00     72   20.5  510.6  510.6  510.6
   44.9  21474  -62.6  -88.6      2   0.00     72   20.2  510.9  511.0  510.9
   44.8  21484  -62.6  -88.5      2   0.00     72   20.0  511.3  511.3  511.3
   44.7  21495  -62.6  -88.5      2   0.00     72   19.9  511.5  511.6  511.5
   44.6  21515  -62.7  -88.5      2   0.00     72   19.7  511.7  511.7  511.7
   44.5  21526  -62.7  -88.5      2   0.00     72   19.7  512.0  512.0  512.0
   44.4  21536  -62.7  -88.5      2   0.00     72   19.7  512.3  512.4  512.3
   44.3  21558  -62.7  -88.5      2   0.00     71   19.7  512.8  512.8  512.8
   44.2  21569  -62.7  -88.5      2   0.00     71   19.8  513.1  513.2  513.1
   44.1  21580  -62.7  -88.4      2   0.00     71   19.9  513.4  513.5  513.4
   44.0  21591  -62.7  -88.4      2   0.00     71   20.0  513.7  513.7  513.7
   43.9  21613  -62.8  -88.4      2   0.00     70   20.2  513.8  513.8  513.8
   43.8  21624  -62.9  -88.4      2   0.00     70   20.4  514.0  514.0  514.0
   43.7  21635  -62.9  -88.5      2   0.00     69   20.5  514.2  514.2  514.2
   43.6  21656  -63.1  -88.5      2   0.00     69   20.7  514.2  514.2  514.2
   43.5  21667  -63.1  -88.5      2   0.00     69   20.8  514.4  514.4  514.4
   43.4  21678  -63.2  -88.5      2   0.00     69   20.9  514.5  514.6  514.5
   43.3  21701  -63.3  -88.5      2   0.00     69   21.1  514.6  514.6  514.6
   43.2  21713  -63.4  -88.5      2   0.00     69   21.2  514.8  514.8  514.8
   43.1  21725  -63.4  -88.6      2   0.00     69   21.3  515.0  515.0  515.0
   43.0  21736  -63.5  -88.6      2   0.00     69   21.4  515.1  515.1  515.1
   42.9  21747  -63.6  -88.6      2   0.00     70   21.5  515.2  515.2  515.2
   42.8  21770  -63.7  -88.7      2   0.00     70   21.7  515.3  515.3  515.3
   42.7  21781  -63.7  -88.7      2   0.00     71   21.8  515.6  515.6  515.6
   42.6  21793  -63.7  -88.8      2   0.00     72   21.9  516.0  516.0  516.0
   42.5  21804  -63.7  -88.7      2   0.00     72   22.0  516.4  516.4  516.4
   42.4  21827  -63.6  -88.7      2   0.00     73   22.3  517.0  517.0  517.0
   42.3  21839  -63.5  -88.7      2   0.00     74   22.5  517.4  517.5  517.4
   42.2  21850  -63.5  -88.7      2   0.00     75   22.6  517.9  517.9  517.9
   42.1  21871  -63.6  -88.8      2   0.00     76   23.1  518.1  518.1  518.1
   42.0  21882  -63.6  -88.9      2   0.00     77   23.3  518.3  518.3  518.3
   41.9  21893  -63.7  -88.9      2   0.00     78   23.6  518.5  518.5  518.5
   41.8  21914  -63.8  -89.0      2   0.00     79   24.3  518.6  518.6  518.6
   41.7  21926  -63.8  -89.0      2   0.00     80   24.7  518.9  518.9  518.9
   41.6  21937  -63.8  -89.1      2   0.00     80   25.1  519.2  519.3  519.3
   41.5  21961  -63.8  -89.1      2   0.00     81   26.0  519.7  519.7  519.7
   41.4  21973  -63.8  -89.2      2   0.00     82   26.5  520.0  520.1  520.0
   41.3  21986  -63.8  -89.2      2   0.00     82   27.0  520.4  520.5  520.4
   41.2  21998  -63.7  -89.3      2   0.00     82   27.5  520.9  521.0  520.9
   41.1  22010  -63.6  -89.3      2   0.00     83   28.1  521.5  521.5  521.5
   41.0  22033  -63.3  -89.2      2   0.00     84   29.2  522.8  522.8  522.8
   40.9  22046  -63.1  -89.1      2   0.00     84   29.8  523.7  523.7  523.7
   40.8  22059  -62.9  -89.0      2   0.00     84   30.3  524.4  524.4  524.4
   40.7  22071  -62.9  -89.1      2   0.00     85   30.9  524.9  524.9  524.9
   40.6  22095  -62.9  -89.1      2   0.00     86   32.0  525.2  525.3  525.2
   40.5  22108  -62.9  -89.2      2   0.00     86   32.5  525.6  525.7  525.6
   40.4  22122  -62.9  -89.2      2   0.00     87   33.0  526.0  526.0  526.0
   40.3  22136  -62.9  -89.3      2   0.00     88   33.5  526.3  526.3  526.3
   40.2  22151  -62.9  -89.3      2   0.00     88   33.9  526.6  526.6  526.6
   40.1  22165  -63.0  -89.4      2   0.00     89   34.3  526.9  526.9  526.9
   40.0  22178  -62.9  -89.4      2   0.00     90   34.7  527.4  527.5  527.4
   39.9  22192  -62.7  -89.3      2   0.00     91   35.0  528.3  528.3  528.3
   39.8  22216  -62.1  -89.1      2   0.00     92   35.5  530.1  530.1  530.1
   39.7  22228  -61.9  -88.9      2   0.00     92   35.7  531.1  531.1  531.1
   39.6  22242  -61.6  -88.8      2   0.00     93   35.9  532.1  532.2  532.1
   39.5  22256  -61.4  -88.7      2   0.00     94   35.9  533.0  533.0  533.0
   39.4  22269  -61.4  -88.7      2   0.00     94   36.0  533.4  533.5  533.4
   39.3  22295  -61.6  -88.9      2   0.00     95   35.9  533.4  533.4  533.4
   39.2  22307  -61.7  -88.9      2   0.00     95   35.8  533.5  533.6  533.5
   39.1  22321  -61.7  -88.9      2   0.00     95   35.6  533.8  533.8  533.8
   39.0  22336  -61.8  -88.9      2   0.00     95   35.4  534.0  534.1  534.0
   38.9  22349  -61.8  -88.9      2   0.00     95   35.1  534.4  534.4  534.4
   38.8  22375  -61.8  -88.8      2   0.00     95   34.5  534.8  534.9  534.8
   38.7  22387  -61.7  -88.6      2   0.00     95   34.2  535.6  535.6  535.6
   38.6  22400  -61.5  -88.5      2   0.00     95   33.8  536.3  536.3  536.3
   38.5  22414  -61.5  -88.4      2   0.00     96   33.5  536.9  536.9  536.9
   38.4  22428  -61.5  -88.4      2   0.00     96   33.1  537.3  537.3  537.3
   38.3  22454  -61.5  -88.4      2   0.00     97   32.3  537.5  537.6  537.6
   38.2  22468  -61.5  -88.4      2   0.00     97   32.0  537.9  537.9  537.9
   38.1  22481  -61.6  -88.5      2   0.00     97   31.6  538.2  538.2  538.2
   38.0  22494  -61.6  -88.5      2   0.00     98   31.3  538.5  538.6  538.5
   37.9  22520  -61.5  -88.5      2   0.00     99   30.6  539.1  539.1  539.1
   37.8  22533  -61.4  -88.5      2   0.00    100   30.3  539.7  539.8  539.7
   37.7  22545  -61.4  -88.5      2   0.00    100   30.0  540.3  540.4  540.3
   37.6  22570  -61.2  -88.5      2   0.00    101   29.4  541.3  541.3  541.3
   37.5  22583  -61.0  -88.4      2   0.00    102   29.1  542.0  542.1  542.0
   37.4  22594  -60.8  -88.4      2   0.00    102   28.8  542.9  542.9  542.9
   37.3  22619  -60.5  -88.2      2   0.00    103   28.2  544.3  544.3  544.3
   37.2  22630  -60.3  -88.1      2   0.00    103   27.9  545.0  545.0  545.0
   37.1  22642  -60.3  -88.1      2   0.00    103   27.7  545.5  545.5  545.5
   37.0  22666  -60.3  -88.1      2   0.00    104   27.1  545.9  545.9  545.9
   36.9  22678  -60.4  -88.1      2   0.00    104   26.9  546.2  546.2  546.2
   36.8  22701  -60.4  -88.0      2   0.00    104   26.4  546.4  546.5  546.4
   36.7  22713  -60.5  -88.0      2   0.00    104   26.2  546.8  546.9  546.8
   36.6  22725  -60.5  -88.0      2   0.00    104   25.9  547.2  547.3  547.2
   36.5  22749  -60.5  -87.9      2   0.00    104   25.5  547.5  547.6  547.5
   36.4  22760  -60.5  -87.9      2   0.00    104   25.3  547.9  547.9  547.9
   36.3  22783  -60.6  -87.9      2   0.00    104   24.8  548.0  548.1  548.0
   36.2  22794  -60.7  -87.9      2   0.00    104   24.6  548.3  548.4  548.3
   36.1  22816  -60.8  -87.9      2   0.00    104   24.2  548.5  548.5  548.5
   36.0  22839  -61.0  -87.9      2   0.00    103   23.9  548.5  548.6  548.5
   35.9  22850  -61.0  -87.9      2   0.00    103   23.7  548.8  548.8  548.8
   35.8  22872  -61.2  -88.0      2   0.00    103   23.4  548.8  548.9  548.8
   35.7  22882  -61.2  -88.0      2   0.00    102   23.2  549.1  549.1  549.1
   35.6  22904  -61.3  -87.9      2   0.00    102   22.9  549.3  549.4  549.3
   35.5  22925  -61.4  -87.9      2   0.00    101   22.6  549.6  549.7  549.6
   35.4  22936  -61.4  -87.9      2   0.00    100   22.5  550.0  550.0  550.0
   35.3  22957  -61.6  -87.9      2   0.00     99   22.3  550.1  550.1  550.1
   35.2  22968  -61.6  -87.9      2   0.00     98   22.2  550.3  550.4  550.3
   35.1  22987  -61.8  -88.0      2   0.00     97   22.1  550.4  550.5  550.4
   35.0  23006  -61.8  -88.0      2   0.00     96   22.1  550.7  550.8  550.7
   34.9  23027  -61.9  -88.1      2   0.00     96   22.1  551.1  551.1  551.1
   34.8  23045  -61.9  -88.1      2   0.00     96   22.3  551.5  551.6  551.5
   34.7  23066  -61.8  -88.2      2   0.00     96   22.5  552.1  552.1  552.1
   34.6  23076  -61.8  -88.2      2   0.00     96   22.7  552.5  552.6  552.5
   34.5  23097  -61.9  -88.4      2   0.00     96   22.9  552.8  552.9  552.8
   34.4  23118  -62.0  -88.6      2   0.00     97   23.2  553.1  553.1  553.1
   34.3  23128  -62.0  -88.6      2   0.00     97   23.3  553.5  553.5  553.5
   34.2  23149  -62.0  -88.8      2   0.00     97   23.4  553.9  553.9  553.9
   34.1  23168  -61.9  -88.9      2   0.00     96   23.4  554.7  554.8  554.7
   34.0  23190  -61.6  -88.8      2   0.00     96   23.3  555.9  555.9  555.9
   33.9  23201  -61.5  -88.8      2   0.00     95   23.3  556.6  556.7  556.6
   33.8  23222  -61.2  -88.7      2   0.00     94   23.1  557.8  557.8  557.8
   33.7  23243  -61.0  -88.4      2   0.00     92   23.0  559.0  559.0  559.0
   33.6  23265  -60.8  -88.2      2   0.00     91   22.9  559.8  559.8  559.8
   33.5  23277  -60.8  -88.1      2   0.01     90   22.9  560.3  560.3  560.3
   33.4  23301  -60.9  -88.0      2   0.01     88   22.9  560.4  560.5  560.4
   33.3  23312  -61.0  -88.0      2   0.01     87   22.9  560.7  560.8  560.7
   33.2  23332  -61.1  -88.0      2   0.01     86   22.9  560.9  560.9  560.9
   33.1  23355  -61.3  -88.0      2   0.01     84   23.1  560.9  561.0  560.9
   33.0  23368  -61.4  -88.1      2   0.01     83   23.2  561.2  561.2  561.2
   32.9  23391  -61.6  -88.2      2   0.01     82   23.5  561.2  561.3  561.2
   32.8  23413  -61.7  -88.3      2   0.01     80   23.8  561.4  561.4  561.4
   32.7  23425  -61.7  -88.3      2   0.01     79   24.0  561.7  561.8  561.7
   32.6  23451  -61.8  -88.3      2   0.00     78   24.3  562.0  562.1  562.0
   32.5  23463  -61.8  -88.3      2   0.01     78   24.4  562.5  562.5  562.5
   32.4  23487  -61.9  -88.3      2   0.01     77   24.6  562.9  562.9  562.9
   32.3  23499  -61.9  -88.3      2   0.01     76   24.6  563.3  563.3  563.3
   32.2  23524  -61.9  -88.3      2   0.01     75   24.7  563.9  563.9  563.9
   32.1  23539  -61.8  -88.2      2   0.01     75   24.7  564.6  564.6  564.6
   32.0  23567  -61.7  -88.1      2   0.01     74   24.6  565.4  565.4  565.4
   31.9  23581  -61.7  -88.1      2   0.01     74   24.6  565.9  565.9  565.9
   31.8  23595  -61.7  -88.1      2   0.01     74   24.6  566.4  566.4  566.4
   31.7  23622  -61.7  -88.2      2   0.01     73   24.6  566.7  566.8  566.7
   31.6  23636  -61.8  -88.3      2   0.01     73   24.7  567.1  567.2  567.1
   31.5  23663  -61.9  -88.4      2   0.01     72   24.8  567.4  567.4  567.4
   31.4  23678  -61.9  -88.4      2   0.01     72   24.8  567.8  567.8  567.8
   31.3  23705  -62.0  -88.5      2   0.01     72   24.9  568.0  568.0  568.0
   31.2  23719  -62.1  -88.5      2   0.01     72   24.9  568.4  568.5  568.4
   31.1  23733  -62.1  -88.5      2   0.01     71   24.9  568.9  568.9  568.9
   31.0  23761  -62.2  -88.5      2   0.01     71   24.9  569.1  569.1  569.1
   30.9  23776  -62.3  -88.5      2   0.01     71   24.8  569.4  569.5  569.5
   30.8  23805  -62.4  -88.6      2   0.01     70   24.7  569.7  569.8  569.7
   30.7  23819  -62.4  -88.6      2   0.01     70   24.6  570.1  570.1  570.1
   30.6  23833  -62.4  -88.6      2   0.01     69   24.6  570.6  570.6  570.6
   30.5  23861  -62.5  -88.7      2   0.01     68   24.5  571.0  571.0  571.0
   30.4  23876  -62.5  -88.7      2   0.00     68   24.6  571.4  571.5  571.4
   30.3  23905  -62.6  -88.8      2   0.00     67   24.7  571.9  571.9  571.9
   30.2  23919  -62.5  -88.9      2   0.00     66   24.9  572.5  572.6  572.5
   30.1  23946  -62.4  -88.9      2   0.00     65   25.2  573.4  573.5  573.4
   30.0  23965  -62.4  -88.9      2   0.00     65   25.6  574.1  574.1  574.1
   29.9  23989  -62.3  -88.9      2   0.00     64   25.9  574.7  574.8  574.7
   29.8  24003  -62.3  -88.9      2   0.00     64   26.2  575.4  575.4  575.4
   29.7  24017  -62.3  -88.9      2   0.00     64   26.5  576.0  576.0  576.0
   29.6  24043  -62.3  -89.0      2   0.00     64   27.2  576.4  576.5  576.4
   29.5  24072  -62.4  -89.0      2   0.00     63   28.0  576.7  576.7  576.7
   29.4  24086  -62.4  -89.0      2   0.00     63   28.3  577.1  577.2  577.1
   29.3  24112  -62.4  -89.0      2   0.00     63   29.1  577.7  577.8  577.7
   29.2  24126  -62.4  -88.9      2   0.01     63   29.5  578.3  578.4  578.3
   29.1  24151  -62.4  -88.8      2   0.01     63   30.0  578.8  578.9  578.8
   29.0  24174  -62.5  -88.7      2   0.01     63   30.4  579.3  579.3  579.3
   28.9  24186  -62.5  -88.7      2   0.01     64   30.7  579.8  579.8  579.8
   28.8  24209  -62.6  -88.6      2   0.01     64   31.3  580.2  580.3  580.2
   28.7  24230  -62.6  -88.7      2   0.01     65   31.9  580.7  580.8  580.7
   28.6  24251  -62.7  -88.8      2   0.01     67   32.3  581.1  581.2  581.1
   28.5  24274  -62.7  -88.9      2   0.01     69   32.8  581.6  581.7  581.6
   28.4  24296  -62.6  -89.0      2   0.01     71   33.3  582.4  582.4  582.4
   28.3  24317  -62.5  -89.1      2   0.01     72   33.8  583.4  583.5  583.4
   28.2  24338  -62.2  -89.1      2   0.01     74   34.4  584.7  584.7  584.7
   28.1  24359  -61.9  -89.0      2   0.01     75   35.0  586.2  586.2  586.2
   28.0  24388  -61.5  -88.9      2   0.01     76   36.0  587.8  587.8  587.8
   27.9  24407  -61.5  -88.9      2   0.01     76   36.6  588.5  588.6  588.5
   27.8  24428  -61.5  -88.9      2   0.01     77   37.2  589.0  589.1  589.0
   27.7  24456  -61.6  -88.9      2   0.01     77   37.9  589.4  589.4  589.4
   27.6  24474  -61.7  -88.8      2   0.01     78   38.3  589.8  589.9  589.8
   27.5  24493  -61.7  -88.7      2   0.01     78   38.5  590.2  590.3  590.2
   27.4  24520  -61.8  -88.7      2   0.01     80   38.9  590.5  590.6  590.6
   27.3  24537  -61.8  -88.7      2   0.01     82   38.9  591.3  591.3  591.3
   27.2  24564  -61.5  -88.7      2   0.01     84   38.8  592.8  592.9  592.8
   27.1  24584  -61.2  -88.7      2   0.01     85   38.6  594.2  594.3  594.2
   27.0  24614  -60.8  -88.8      1   0.01     87   38.2  596.0  596.1  596.0
   26.9  24634  -60.6  -88.9      1   0.01     88   38.0  597.2  597.3  597.2
   26.8  24655  -60.4  -89.0      1   0.01     89   37.9  598.4  598.5  598.4
   26.7  24676  -60.1  -89.0      1   0.01     90   37.7  599.7  599.8  599.7
   26.6  24707  -59.8  -88.9      1   0.01     91   37.6  601.3  601.3  601.3
   26.5  24728  -59.6  -88.8      1   0.01     92   37.6  602.6  602.6  602.6
   26.4  24751  -59.2  -88.7      1   0.01     93   37.5  604.3  604.4  604.3
   26.3  24774  -58.7  -88.5      1   0.01     93   37.4  606.3  606.3  606.3
   26.2  24796  -58.2  -88.4      1   0.01     93   37.3  608.4  608.5  608.4
   26.1  24821  -57.5  -88.2      1   0.01     94   37.2  611.1  611.2  611.1
   26.0  24844  -56.8  -88.0      1   0.01     94   37.1  613.8  613.9  613.8
   25.9  24870  -56.3  -87.9      1   0.01     94   37.0  615.8  615.8  615.8
   25.8  24896  -56.0  -87.8      1   0.01     94   37.0  617.3  617.4  617.3
   25.7  24921  -55.7  -87.5      1   0.01     94   36.9  619.0  619.1  619.0
   25.6  24949  -55.2  -87.2      1   0.01     95   36.9  621.0  621.0  621.0
   25.5  24975  -54.8  -86.8      1   0.01     96   36.9  622.8  622.8  622.8
   25.4  24988  -54.7  -86.7      1   0.01     96   36.9  623.9  624.0  623.9
   25.3  25017  -54.5  -86.4      1   0.01     97   37.0  625.3  625.3  625.3
   25.2  25046  -54.2  -86.1      1   0.01     98   37.0  626.6  626.7  626.6
   25.1  25075  -54.0  -85.8      1   0.01     98   37.0  627.9  628.0  627.9
   25.0  25104  -53.9  -85.6      1   0.01     98   36.9  629.1  629.2  629.1
   24.9  25118  -53.8  -85.5      1   0.01     98   36.9  630.0  630.1  630.0
   24.8  25147  -53.8  -85.4      1   0.01     98   36.8  630.8  630.9  630.8
   24.7  25175  -53.7  -85.3      1   0.01     98   36.6  631.6  631.7  631.6
   24.6  25204  -53.7  -85.2      1   0.01     98   36.5  632.5  632.6  632.5
   24.5  25233  -53.6  -85.2      1   0.01     98   36.4  633.4  633.5  633.4
   24.4  25247  -53.6  -85.1      1   0.01     97   36.3  634.2  634.3  634.2
   24.3  25276  -53.6  -85.2      1   0.01     97   36.2  634.9  635.0  634.9
   24.2  25303  -53.7  -85.2      1   0.01     97   36.1  635.6  635.7  635.6
   24.1  25332  -53.6  -85.3      1   0.01     97   36.0  636.5  636.6  636.5
   24.0  25359  -53.5  -85.2      1   0.01     97   35.9  637.7  637.8  637.7
   23.9  25386  -53.3  -85.2      1   0.01     98   35.9  639.0  639.1  639.0
   23.8  25413  -53.1  -85.1      1   0.01     98   35.8  640.3  640.4  640.3
   23.7  25440  -52.9  -85.0      1   0.01     98   35.7  641.6  641.7  641.6
   23.6  25467  -52.7  -84.8      1   0.01     99   35.6  642.8  643.0  642.8
   23.5  25492  -52.6  -84.7      1   0.01     99   35.6  643.9  644.0  643.9
   23.4  25516  -52.6  -84.6      1   0.01    100   35.5  644.7  644.8  644.7
   23.3  25551  -52.7  -84.4      1   0.01    101   35.3  645.3  645.4  645.3
   23.2  25573  -52.8  -84.4      1   0.01    101   35.3  645.9  646.1  645.9
   23.1  25609  -53.0  -84.4      1   0.01    102   35.1  646.0  646.2  646.0
   23.0  25632  -53.2  -84.5      1   0.01    103   35.0  646.3  646.5  646.3
   22.9  25656  -53.2  -84.6      1   0.01    104   35.0  646.9  647.0  646.9
   22.8  25690  -53.2  -84.6      1   0.01    104   34.9  647.8  648.0  647.8
   22.7  25712  -53.3  -84.6      1   0.01    104   34.9  648.5  648.6  648.5
   22.6  25742  -53.5  -84.7      1   0.01    105   35.1  648.7  648.9  648.7
   22.5  25773  -53.5  -84.6      1   0.01    104   35.3  649.5  649.6  649.5
   22.4  25805  -53.6  -84.6      1   0.01    104   35.4  650.0  650.1  650.0
   22.3  25826  -53.7  -84.7      1   0.01    104   35.4  650.4  650.5  650.4
   22.2  25855  -53.9  -84.8      1   0.01    104   35.3  650.7  650.8  650.7
   22.1  25885  -54.1  -84.9      1   0.01    104   35.2  650.8  651.0  650.8
   22.0  25915  -54.4  -85.1      1   0.01    105   35.0  650.9  651.0  650.9
   21.9  25943  -54.6  -85.2      1   0.01    106   34.8  651.1  651.2  651.1
   21.8  25977  -54.7  -85.2      1   0.01    107   34.6  651.8  652.0  651.8
   21.7  25998  -54.7  -85.2      1   0.01    107   34.6  652.6  652.8  652.6
   21.6  26030  -54.8  -85.4      1   0.01    108   34.6  653.2  653.3  653.2
   21.5  26061  -55.0  -85.5      1   0.01    108   34.8  653.6  653.7  653.6
   21.4  26092  -55.1  -85.5      1   0.01    108   35.1  654.0  654.1  654.0
   21.3  26125  -55.0  -85.4      1   0.01    108   35.6  655.2  655.3  655.2
   21.2  26147  -54.9  -85.3      1   0.01    108   36.0  656.2  656.3  656.2
   21.1  26181  -55.0  -85.4      1   0.01    108   36.9  656.8  657.0  656.8
   21.0  26217  -55.3  -85.5      1   0.01    108   37.8  656.9  657.1  656.9
   20.9  26240  -55.4  -85.6      1   0.01    108   38.2  657.4  657.6  657.4
   20.8  26277  -55.6  -85.8      1   0.01    108   38.4  657.8  658.0  657.8
   20.7  26304  -55.6  -85.9      1   0.01    109   38.3  658.7  658.8  658.7
   20.6  26330  -55.6  -85.9      1   0.01    109   38.0  659.7  659.8  659.7
   20.5  26368  -55.5  -85.9      1   0.01    109   37.2  660.8  661.0  660.8
   20.4  26394  -55.5  -85.9      1   0.01    110   36.6  661.9  662.0  661.9
   20.3  26432  -55.4  -85.8      1   0.01    110   35.9  663.0  663.2  663.0
   20.2  26458  -55.4  -85.8      1   0.01    110   35.4  664.1  664.2  664.1
   20.1  26496  -55.3  -86.0      1   0.01    111   34.7  665.1  665.2  665.1
   20.0  26533  -55.0  -86.1      1   0.01    111   34.3  667.0  667.2  667.1
   19.9  26560  -54.3  -86.0      1   0.01    112   33.6  670.2  670.3  670.2
   19.8  26586  -53.6  -85.9      1   0.01    112   33.1  673.4  673.5  673.4
   19.7  26625  -52.6  -85.7      1   0.01    113   32.4  677.4  677.5  677.4
   19.6  26650  -52.1  -85.5      1   0.01    113   31.9  679.9  680.0  679.9
   19.5  26689  -51.6  -85.3      1   0.01    113   31.3  682.5  682.7  682.5
   19.4  26715  -51.2  -85.0      1   0.01    114   30.8  684.5  684.6  684.5
   19.3  26755  -50.8  -84.6      1   0.02    114   30.2  686.8  687.0  686.8
   19.2  26782  -50.6  -84.4      1   0.02    114   29.7  688.6  688.8  688.6
   19.1  26823  -50.3  -84.0      1   0.02    114   29.1  690.4  690.6  690.4
   19.0  26850  -50.3  -83.9      1   0.02    114   28.7  691.4  691.6  691.4
   18.9  26890  -50.5  -83.8      1   0.02    114   28.1  691.9  692.1  691.9
   18.8  26917  -50.6  -83.7      1   0.02    114   27.7  692.7  692.9  692.7
   18.7  26958  -50.7  -83.7      1   0.02    114   27.1  693.3  693.5  693.3
   18.6  26998  -50.9  -83.6      1   0.02    113   26.6  693.8  694.0  693.8
   18.5  27025  -51.0  -83.6      1   0.02    112   26.2  694.6  694.8  694.6
   18.4  27066  -51.2  -83.5      1   0.02    111   25.7  695.2  695.4  695.2
   18.3  27093  -51.3  -83.5      1   0.02    111   25.4  695.9  696.1  695.9
   18.2  27133  -51.4  -83.4      1   0.02    109   25.0  696.5  696.8  696.6
   18.1  27174  -51.6  -83.4      1   0.02    108   24.7  697.1  697.4  697.1
   18.0  27201  -51.7  -83.4      1   0.02    107   24.4  697.9  698.1  697.9
   17.9  27241  -51.8  -83.5      1   0.02    105   24.2  698.7  698.9  698.7
   17.8  27282  -51.9  -83.6      1   0.02    103   24.0  699.4  699.6  699.4
   17.7  27309  -52.0  -83.8      1   0.02    102   23.9  700.2  700.4  700.2
   17.6  27349  -52.0  -83.9      1   0.02    100   23.8  701.5  701.7  701.5
   17.5  27388  -51.9  -83.9      1   0.02     97   23.9  702.9  703.1  702.9
   17.4  27418  -51.9  -84.0      1   0.02     96   24.1  703.9  704.1  703.9
   17.3  27462  -52.1  -84.2      1   0.02     94   24.6  704.6  704.8  704.6
   17.2  27506  -52.0  -84.3      1   0.02     93   25.2  706.2  706.4  706.2
   17.1  27533  -51.7  -84.2      1   0.02     93   25.6  708.2  708.4  708.2
   17.0  27575  -51.4  -84.0      1   0.02     93   26.0  710.4  710.7  710.4
   16.9  27615  -51.1  -84.0      1   0.02     94   26.1  712.3  712.6  712.4
   16.8  27655  -51.1  -84.0      1   0.02     95   26.1  713.7  714.0  713.8
   16.7  27695  -50.9  -83.9      1   0.02     97   26.1  715.5  715.7  715.5
   16.6  27734  -50.7  -83.8      1   0.02     98   26.1  717.4  717.6  717.4
   16.5  27771  -50.6  -83.6      1   0.02     98   26.3  719.1  719.4  719.1
   16.4  27811  -50.5  -83.5      1   0.02     99   26.5  720.7  720.9  720.7
   16.3  27846  -50.5  -83.5      1   0.02     99   26.6  721.8  722.0  721.8
   16.2  27883  -50.6  -83.5      1   0.02     98   26.5  722.9  723.1  722.9
   16.1  27922  -50.6  -83.5      1   0.02     98   26.2  724.0  724.2  724.0
   16.0  27970  -50.4  -83.3      1   0.02     97   25.5  725.8  726.1  725.8
   15.9  28010  -50.5  -83.3      1   0.02     96   24.9  727.1  727.3  727.1
   15.8  28046  -50.8  -83.4      1   0.02     94   24.4  727.4  727.7  727.4
   15.7  28094  -50.8  -83.4      1   0.02     91   24.0  728.4  728.7  728.5
   15.6  28129  -50.9  -83.4      1   0.02     89   23.9  729.4  729.7  729.5
   15.5  28173  -51.0  -83.5      1   0.02     88   23.9  730.7  730.9  730.7
   15.4  28218  -50.9  -83.5      1   0.02     86   23.9  732.2  732.5  732.3
   15.3  28258  -50.9  -83.5      1   0.02     86   23.9  733.5  733.8  733.5
   15.2  28302  -51.0  -83.6      1   0.02     86   23.8  734.7  735.0  734.7
   15.1  28343  -51.0  -83.6      1   0.02     85   23.6  736.0  736.3  736.0
   15.0  28382  -50.8  -83.6      1   0.02     83   23.4  738.0  738.3  738.0
   14.9  28425  -50.6  -83.5      1   0.03     80   23.6  740.1  740.4  740.1
   14.8  28467  -50.5  -83.4      1   0.03     78   24.1  742.0  742.3  742.0
   14.7  28513  -50.7  -83.6      1   0.03     76   25.0  742.7  743.0  742.7
   14.6  28556  -50.7  -83.6      1   0.03     77   25.9  744.2  744.5  744.2
   14.5  28602  -50.4  -83.4      1   0.03     78   26.8  746.8  747.1  746.8
   14.4  28651  -50.3  -83.4      1   0.03     81   27.8  748.6  748.9  748.6
   14.3  28699  -50.2  -83.4      1   0.03     82   28.4  750.4  750.7  750.4
   14.2  28745  -50.0  -83.3      1   0.03     84   29.0  752.6  752.9  752.6
   14.1  28793  -49.8  -83.2      1   0.03     85   29.5  754.7  755.0  754.7
   14.0  28830  -49.9  -83.3      1   0.03     85   29.8  756.0  756.4  756.1
   13.9  28876  -49.7  -83.3      1   0.03     86   30.4  758.0  758.4  758.0
   13.8  28926  -49.4  -83.2      1   0.03     86   30.9  760.7  761.0  760.7
   13.7  28977  -49.0  -83.0      1   0.03     85   31.5  763.7  764.0  763.7
   13.6  29030  -48.7  -82.9      1   0.03     83   31.9  766.4  766.7  766.4
   13.5  29070  -48.5  -82.8      1   0.03     80   32.2  768.6  769.0  768.6
   13.4  29125  -48.4  -82.7      1   0.03     77   32.5  770.6  771.0  770.7
   13.3  29165  -48.4  -82.7      1   0.03     75   32.9  772.1  772.5  772.1
   13.2  29221  -48.4  -82.7      1   0.03     74   33.5  773.9  774.3  773.9
   13.1  29275  -48.1  -82.6      1   0.03     76   33.9  776.6  777.0  776.7
   13.0  29317  -47.7  -82.5      1   0.03     77   34.1  779.8  780.2  779.8
   12.9  29374  -47.2  -82.3      1   0.04     80   34.3  783.1  783.6  783.2
   12.8  29430  -46.9  -82.3      1   0.04     82   34.7  785.9  786.3  785.9
   12.7  29472  -46.7  -82.2      1   0.04     83   35.2  788.5  789.0  788.5
   12.6  29528  -46.2  -81.9      1   0.04     83   35.9  792.0  792.4  792.0
   12.5  29585  -46.0  -81.8      1   0.04     83   36.4  794.5  795.0  794.5
   12.4  29629  -45.9  -81.8      1   0.04     83   36.3  796.7  797.2  796.7
   12.3  29688  -45.6  -81.6      1   0.04     83   36.0  799.6  800.1  799.6
   12.2  29746  -45.4  -81.4      1   0.04     83   35.5  802.2  802.7  802.2
   12.1  29789  -45.3  -81.4      1   0.04     83   35.2  804.3  804.8  804.3
   12.0  29851  -45.1  -81.3      1   0.04     83   34.8  806.9  807.5  807.0
   11.9  29910  -44.8  -81.2      1   0.05     84   34.0  809.9  810.5  809.9
   11.8  29957  -44.5  -81.1      1   0.05     84   33.3  812.8  813.4  812.9
   11.7  30019  -44.4  -81.0      1   0.05     85   32.5  815.4  815.9  815.4
   10.0  31102                                                               
