Latitude: 22.312 Longitude: 114.17
-----------------------------------------------------------------------------
   PRES   HGHT   TEMP   DWPT   RELH   MIXR   DRCT   SPED   THTA   THTE   THTV
    hPa      m      C      C      %   g/kg    deg    m/s      K      K      K 
-----------------------------------------------------------------------------
 1001.9     66   28.2   25.3     84  20.62    243    0.2  301.2  362.2  304.9
 1000.2     81   28.1   25.0     83  20.38    267    1.4  301.3  361.6  304.9
 1000.0     83   28.1   25.0     83  20.37    267    1.6  301.3  361.6  304.9
  999.1     90   28.0   25.0     84  20.31    267    1.6  301.2  361.4  304.9
  998.1    100   27.9   24.8     83  20.10    267    1.8  301.2  360.6  304.8
  996.9    111   27.9   24.8     83  20.12    267    1.9  301.3  360.9  304.9
  995.6    122   27.8   24.7     83  20.03    267    2.0  301.3  360.6  304.9
  994.3    133   27.7   24.6     83  19.99    268    2.1  301.3  360.5  304.9
  993.0    145   27.6   24.6     84  19.97    268    2.2  301.3  360.4  304.9
  992.0    154   27.5   24.5     84  19.89    269    2.3  301.3  360.2  304.9
  991.1    162   27.4   24.5     84  19.91    270    2.3  301.3  360.2  304.9
  990.2    170   27.3   24.5     85  19.94    271    2.4  301.3  360.3  304.9
  989.4    178   27.2   24.4     85  19.87    272    2.5  301.3  360.1  304.8
  988.6    185   27.1   24.3     85  19.75    273    2.5  301.3  359.7  304.8
  987.7    193   27.1   24.2     84  19.59    274    2.6  301.3  359.3  304.8
  986.7    202   27.0   24.2     84  19.57    274    2.6  301.3  359.2  304.8
  985.7    211   26.9   24.1     84  19.52    275    2.7  301.3  359.1  304.8
  984.8    219   26.9   24.0     84  19.45    276    2.7  301.4  358.9  304.9
  983.9    227   26.8   24.0     84  19.41    276    2.7  301.4  358.8  304.9
  983.0    235   26.8   23.9     84  19.36    276    2.7  301.4  358.7  304.9
  981.9    245   26.7   23.8     84  19.25    276    2.7  301.4  358.4  304.9
  980.7    256   26.7   23.6     83  19.02    275    2.6  301.5  357.8  304.9
  979.6    266   26.6   23.4     82  18.83    274    2.6  301.6  357.3  304.9
  978.4    277   26.6   23.3     82  18.70    272    2.5  301.6  357.0  305.0
  977.1    288   26.5   23.1     82  18.54    269    2.4  301.7  356.6  305.0
  976.0    299   26.5   23.1     82  18.49    266    2.4  301.7  356.5  305.0
  975.1    307   26.4   22.9     81  18.28    262    2.3  301.7  355.9  305.0
  974.2    315   26.4   22.8     81  18.23    258    2.3  301.8  355.8  305.1
  973.2    324   26.3   22.8     81  18.30    254    2.4  301.8  356.1  305.1
  972.2    333   26.2   22.8     82  18.32    250    2.4  301.8  356.1  305.1
  971.1    344   26.2   22.9     82  18.35    247    2.5  301.8  356.2  305.1
  969.8    355   26.1   22.9     83  18.42    244    2.7  301.9  356.5  305.2
  968.8    364   26.0   22.8     83  18.37    243    2.8  301.9  356.4  305.2
  967.9    373   26.0   22.9     83  18.45    242    3.0  301.9  356.6  305.2
  966.8    382   25.9   22.9     84  18.50    242    3.1  301.9  356.8  305.2
  965.8    392   25.8   23.0     85  18.62    243    3.3  301.9  357.1  305.3
  964.5    403   25.7   23.2     86  18.83    244    3.5  301.9  357.8  305.3
  963.2    416   25.6   23.2     87  18.88    246    3.6  301.9  357.9  305.3
  962.0    427   25.5   23.3     88  19.00    248    3.8  301.9  358.3  305.4
  961.0    436   25.4   23.3     88  19.08    249    4.0  302.0  358.6  305.4
  959.9    446   25.3   23.3     89  19.09    251    4.1  302.0  358.6  305.4
  958.8    456   25.2   23.3     89  19.07    253    4.3  302.0  358.6  305.4
  957.9    465   25.2   23.2     89  18.97    254    4.5  302.0  358.3  305.4
  957.0    473   25.1   23.1     89  18.96    255    4.6  302.0  358.3  305.5
  956.0    481   25.1   23.0     88  18.78    256    4.8  302.1  357.8  305.5
  955.0    491   25.1   22.8     87  18.61    257    4.9  302.2  357.4  305.5
  954.1    500   25.0   22.7     87  18.52    258    5.0  302.2  357.2  305.6
  953.0    509   25.1   22.1     84  17.86    258    5.2  302.4  355.4  305.6
  951.9    519   25.2   21.7     81  17.39    259    5.3  302.5  354.2  305.7
  950.9    529   25.1   21.5     80  17.27    259    5.4  302.6  354.0  305.7
  950.0    538   25.1   21.6     81  17.40    260    5.5  302.6  354.4  305.8
  949.0    547   25.0   21.7     82  17.50    261    5.6  302.6  354.6  305.8
  947.9    557   24.9   21.7     83  17.55    261    5.7  302.6  354.8  305.8
  946.7    568   24.8   21.6     83  17.46    262    5.8  302.6  354.5  305.8
  945.7    577   24.7   21.6     83  17.47    263    5.8  302.6  354.6  305.8
  944.8    585   24.6   21.6     83  17.43    264    5.9  302.7  354.5  305.8
  943.9    594   24.6   21.4     82  17.24    265    5.9  302.7  354.0  305.8
  942.9    604   24.6   21.3     82  17.16    266    5.9  302.8  353.8  305.9
  941.6    615   24.5   21.2     82  17.04    266    5.9  302.8  353.5  305.9
  940.5    625   24.5   21.1     81  16.98    267    5.9  302.9  353.4  306.0
  939.6    634   24.4   21.3     83  17.17    267    5.8  302.9  354.0  306.0
  938.5    645   24.3   21.2     83  17.18    268    5.7  302.9  354.0  306.0
  937.4    655   24.3   20.9     82  16.88    268    5.6  303.0  353.2  306.0
  936.3    665   24.2   21.0     82  16.96    268    5.5  303.0  353.6  306.1
  935.2    675   24.2   21.1     83  17.04    267    5.4  303.1  353.8  306.2
  934.2    685   24.1   21.0     83  17.02    267    5.3  303.1  353.8  306.2
  933.2    694   24.1   20.8     82  16.82    266    5.2  303.1  353.3  306.2
  932.2    704   24.1   20.6     81  16.65    265    5.2  303.2  352.8  306.2
  931.1    714   24.0   20.7     82  16.71    264    5.1  303.3  353.1  306.3
  930.1    724   23.9   20.7     82  16.74    263    5.1  303.3  353.1  306.3
  929.1    733   23.8   20.6     83  16.71    262    5.0  303.2  353.1  306.3
  928.2    742   23.7   20.5     82  16.59    261    5.0  303.3  352.7  306.3
  927.3    750   23.7   20.2     81  16.31    259    5.1  303.3  351.9  306.3
  926.2    760   23.7   20.2     81  16.25    258    5.1  303.4  351.9  306.4
  925.1    771   23.6   20.3     81  16.39    257    5.1  303.5  352.4  306.4
  925.0    772   23.6   20.3     81  16.39    256    5.2  303.5  352.4  306.4
  923.8    783   23.5   20.3     82  16.46    256    5.2  303.5  352.6  306.5
  922.7    794   23.5   20.2     82  16.33    254    5.2  303.5  352.2  306.5
  921.5    805   23.4   20.0     81  16.20    253    5.2  303.6  352.0  306.5
  920.3    817   23.4   19.8     80  16.00    252    5.2  303.7  351.4  306.6
  919.2    827   23.3   19.7     80  15.93    251    5.2  303.7  351.3  306.6
  918.4    835   23.3   19.6     80  15.85    250    5.2  303.7  351.1  306.6
  917.5    843   23.3   19.3     79  15.59    249    5.2  303.8  350.4  306.6
  916.5    853   23.3   19.1     77  15.34    249    5.1  303.9  349.7  306.7
  915.6    861   23.2   19.0     77  15.27    248    5.1  303.9  349.6  306.7
  914.9    868   23.2   18.9     77  15.23    248    5.0  303.9  349.5  306.7
  914.0    877   23.1   18.9     77  15.23    247    4.9  304.0  349.5  306.8
  913.1    885   23.1   18.9     77  15.18    247    4.9  304.0  349.5  306.8
  912.3    893   23.0   18.7     77  15.07    247    4.8  304.1  349.1  306.8
  911.4    902   23.0   18.6     76  14.97    246    4.8  304.1  348.9  306.8
  910.4    911   23.0   18.5     76  14.90    246    4.8  304.2  348.8  306.9
  909.5    920   22.9   18.3     75  14.69    245    4.8  304.2  348.2  306.9
  908.6    929   22.9   18.1     74  14.57    245    4.8  304.3  347.9  306.9
  907.6    938   22.9   17.9     74  14.40    244    4.8  304.3  347.5  307.0
  906.7    947   22.9   17.8     73  14.26    243    4.8  304.5  347.2  307.1
  905.8    955   22.9   17.5     71  13.99    242    4.9  304.6  346.5  307.1
  905.0    963   22.9   17.1     70  13.70    241    4.9  304.7  345.8  307.2
  904.1    972   22.9   17.0     69  13.59    240    4.9  304.7  345.6  307.2
  903.2    981   22.9   17.0     70  13.66    239    4.9  304.8  345.8  307.3
  902.1    991   22.8   17.0     70  13.65    239    4.9  304.8  345.8  307.3
  901.1   1001   22.7   16.9     70  13.59    238    4.9  304.8  345.7  307.3
  900.3   1009   22.7   16.8     69  13.49    238    4.9  304.8  345.4  307.3
  899.5   1017   22.6   16.6     69  13.37    238    4.8  304.9  345.1  307.3
  898.7   1024   22.6   16.6     69  13.36    239    4.8  304.9  345.1  307.3
  897.7   1034   22.5   16.6     69  13.36    239    4.6  304.9  345.1  307.3
  896.7   1044   22.4   16.5     69  13.25    240    4.5  304.9  344.8  307.4
  895.7   1053   22.4   16.6     70  13.35    241    4.4  305.0  345.1  307.4
  894.6   1064   22.3   16.5     70  13.34    242    4.2  305.0  345.1  307.4
  893.5   1075   22.2   16.2     69  13.06    243    4.1  305.0  344.3  307.4
  892.7   1083   22.2   16.0     68  12.94    243    4.0  305.1  344.0  307.4
  891.6   1094   22.1   16.0     68  12.95    244    3.8  305.1  344.1  307.5
  890.1   1108   22.0   16.0     69  12.96    244    3.7  305.1  344.1  307.5
  888.8   1121   21.9   16.0     69  12.97    244    3.6  305.2  344.2  307.5
  887.7   1132   21.8   16.2     70  13.13    244    3.6  305.2  344.7  307.6
  886.5   1143   21.7   16.2     71  13.22    243    3.6  305.2  345.0  307.6
  885.3   1155   21.7   16.1     71  13.11    243    3.5  305.2  344.7  307.6
  884.2   1166   21.6   15.9     70  12.96    242    3.5  305.3  344.3  307.7
  883.1   1177   21.6   15.9     70  12.95    242    3.5  305.4  344.4  307.7
  882.0   1187   21.5   15.9     70  12.98    242    3.5  305.4  344.5  307.8
  881.0   1198   21.4   15.8     71  12.96    241    3.5  305.4  344.5  307.8
  879.9   1208   21.4   15.8     71  12.96    241    3.5  305.5  344.6  307.9
  879.5   1212   21.3   15.8     70  12.91    241    3.4  305.5  344.4  307.9
  879.3   1214   21.3   15.8     71  12.95    241    3.3  305.4  344.5  307.8
  878.4   1223   21.2   15.9     72  13.03    240    3.2  305.4  344.7  307.8
  877.3   1234   21.1   15.8     72  12.99    239    3.1  305.4  344.6  307.8
  876.1   1245   21.0   15.7     72  12.92    238    3.0  305.5  344.4  307.8
  875.0   1257   20.9   15.7     72  12.89    236    2.8  305.5  344.3  307.8
  873.9   1268   20.8   15.5     72  12.80    233    2.7  305.5  344.1  307.9
  873.0   1277   20.8   15.3     71  12.66    230    2.5  305.6  343.8  307.9
  872.1   1286   20.7   15.3     71  12.60    226    2.4  305.6  343.6  307.9
  871.1   1295   20.7   15.2     71  12.57    222    2.3  305.6  343.6  308.0
  870.1   1306   20.6   15.2     71  12.61    218    2.2  305.7  343.7  308.0
  869.1   1315   20.5   15.3     72  12.66    214    2.1  305.7  343.9  308.0
  868.2   1324   20.5   15.2     72  12.62    210    2.1  305.7  343.8  308.0
  867.2   1335   20.5   14.7     70  12.26    207    2.1  305.8  342.8  308.1
  866.1   1346   20.7   13.5     64  11.32    204    2.1  306.1  340.4  308.2
  864.8   1358   20.8   13.0     61  10.92    202    2.1  306.4  339.6  308.4
  863.6   1371   20.7   13.0     61  10.97    200    2.1  306.5  339.8  308.5
  862.4   1382   20.7   12.9     61  10.93    199    2.1  306.5  339.7  308.5
  861.4   1393   20.6   12.9     61  10.89    199    2.1  306.5  339.6  308.5
  860.4   1402   20.5   12.7     61  10.79    199    2.1  306.6  339.3  308.5
  859.5   1412   20.4   12.7     61  10.81    199    2.1  306.6  339.4  308.6
  858.5   1421   20.4   12.7     61  10.79    200    2.2  306.6  339.4  308.6
  857.6   1431   20.3   12.4     60  10.63    201    2.2  306.6  338.9  308.6
  856.7   1440   20.3   12.3     60  10.55    202    2.2  306.7  338.8  308.6
  855.8   1449   20.2   12.2     60  10.48    204    2.3  306.7  338.6  308.7
  854.9   1458   20.2   12.0     59  10.36    206    2.3  306.8  338.3  308.7
  854.1   1466   20.1   11.7     58  10.16    209    2.3  306.8  337.7  308.7
  853.1   1476   20.1   11.5     58  10.03    211    2.3  306.9  337.4  308.7
  852.0   1487   20.0   11.5     58  10.09    214    2.3  306.9  337.6  308.7
  850.9   1498   19.9   11.5     58  10.06    217    2.3  306.9  337.5  308.8
  850.0   1508   19.8   11.5     59  10.07    217    2.3  306.9  337.6  308.8
  849.9   1509   19.8   11.5     59  10.07    219    2.3  306.9  337.6  308.8
  848.8   1520   19.8   11.5     59  10.10    222    2.3  307.0  337.8  308.9
  847.7   1531   19.8   11.3     58   9.94    223    2.3  307.1  337.4  308.9
  846.6   1542   19.7   11.4     59  10.08    225    2.3  307.1  337.9  309.0
  845.6   1553   19.6   11.6     60  10.20    225    2.3  307.1  338.2  309.0
  844.6   1563   19.5   11.7     61  10.30    226    2.2  307.1  338.5  309.0
  843.7   1572   19.5   11.9     62  10.44    225    2.2  307.2  339.0  309.1
  842.7   1582   19.4   11.7     61  10.32    225    2.2  307.2  338.6  309.1
  841.8   1592   19.4   11.2     59   9.97    223    2.2  307.3  337.7  309.1
  840.9   1601   19.4   11.0     58   9.82    222    2.3  307.4  337.4  309.2
  839.9   1610   19.4   10.8     57   9.74    221    2.3  307.5  337.3  309.3
  838.9   1621   19.4   10.4     56   9.48    219    2.3  307.6  336.7  309.4
  838.1   1629   19.5    9.9     54   9.20    218    2.4  307.8  336.0  309.5
  837.3   1637   19.5    9.9     54   9.18    216    2.4  307.9  336.0  309.6
  836.3   1648   19.5   10.0     54   9.24    215    2.5  308.0  336.3  309.7
  835.1   1660   19.5    9.7     53   9.08    213    2.5  308.1  336.0  309.8
  834.0   1671   19.5    9.0     51   8.69    211    2.5  308.2  335.0  309.8
  832.9   1682   19.5    8.5     49   8.41    209    2.5  308.4  334.3  309.9
  831.9   1693   19.5    8.5     49   8.38    206    2.5  308.5  334.3  310.0
  830.8   1705   19.4    8.6     50   8.48    202    2.4  308.5  334.6  310.1
  829.6   1716   19.4    8.9     51   8.65    199    2.4  308.6  335.2  310.2
  828.6   1727   19.3    9.9     55   9.29    194    2.3  308.5  337.1  310.3
  827.7   1737   19.1   11.0     59  10.00    190    2.3  308.5  339.2  310.3
  826.7   1747   19.0   11.7     62  10.48    185    2.2  308.5  340.6  310.4
  825.7   1758   18.8   12.3     66  10.94    181    2.2  308.4  341.9  310.4
  824.9   1766   18.7   12.7     68  11.24    176    2.1  308.4  342.7  310.5
  824.1   1774   18.6   13.0     70  11.48    173    2.0  308.4  343.5  310.5
  823.3   1782   18.6   13.0     70  11.53    170    1.9  308.4  343.6  310.5
  822.4   1792   18.5   13.0     70  11.53    168    1.8  308.4  343.6  310.5
  821.6   1800   18.4   12.9     70  11.47    168    1.6  308.4  343.5  310.5
  820.9   1807   18.4   13.0     71  11.51    168    1.5  308.4  343.6  310.6
  820.1   1816   18.3   13.0     71  11.58    170    1.3  308.4  343.9  310.6
  819.1   1826   18.2   13.1     72  11.64    174    1.1  308.5  344.0  310.6
  818.1   1837   18.1   13.1     72  11.64    180    1.0  308.5  344.1  310.6
  817.2   1847   18.0   13.1     73  11.65    188    0.9  308.5  344.1  310.6
  816.3   1856   18.0   13.0     73  11.62    196    0.8  308.5  344.0  310.6
  815.5   1864   17.9   13.0     73  11.60    203    0.8  308.5  344.0  310.7
  814.8   1871   17.8   13.0     73  11.61    207    0.8  308.5  344.0  310.7
  814.1   1879   17.8   13.1     74  11.70    207    0.8  308.5  344.3  310.7
  813.0   1890   17.7   13.2     75  11.80    204    0.8  308.5  344.6  310.7
  811.8   1903   17.6   13.2     75  11.81    197    0.8  308.5  344.6  310.7
  810.6   1915   17.5   13.0     75  11.72    189    0.9  308.6  344.4  310.7
  809.6   1927   17.4   12.9     75  11.65    181    1.0  308.6  344.2  310.7
  808.7   1936   17.3   12.9     75  11.64    174    1.1  308.6  344.2  310.8
  807.9   1944   17.2   13.0     76  11.70    168    1.2  308.6  344.4  310.8
  807.1   1953   17.2   13.0     76  11.73    164    1.3  308.7  344.5  310.8
  806.2   1962   17.1   13.1     77  11.84    161    1.4  308.7  344.9  310.9
  805.4   1971   17.0   13.1     78  11.84    160    1.5  308.7  344.9  310.9
  804.5   1980   17.0   12.9     77  11.73    160    1.5  308.7  344.6  310.9
  803.7   1990   16.9   12.9     77  11.74    161    1.5  308.8  344.7  310.9
  802.8   1999   16.9   12.9     77  11.70    163    1.5  308.8  344.6  311.0
  802.1   2007   16.8   12.8     77  11.65    166    1.5  308.8  344.5  311.0
  801.4   2014   16.8   13.0     78  11.82    171    1.4  308.8  345.0  311.0
  800.5   2023   16.7   13.4     81  12.19    177    1.3  308.8  346.1  311.1
  799.5   2033   16.5   13.5     82  12.24    184    1.2  308.8  346.2  311.1
  798.5   2044   16.4   13.4     82  12.19    191    1.2  308.8  346.1  311.1
  797.5   2055   16.3   13.4     83  12.22    198    1.1  308.8  346.2  311.1
  796.5   2066   16.3   13.4     83  12.22    205    1.1  308.8  346.2  311.1
  795.5   2077   16.2   13.4     83  12.24    210    1.0  308.9  346.3  311.2
  794.5   2087   16.1   13.4     84  12.26    214    1.0  308.9  346.4  311.2
  793.5   2098   16.1   13.3     83  12.17    216    0.9  309.0  346.2  311.2
  792.5   2109   16.0   13.1     83  12.06    216    0.9  309.0  345.9  311.3
  791.6   2118   16.0   13.0     83  11.99    214    0.8  309.1  345.8  311.3
  790.9   2126   15.9   12.9     82  11.92    209    0.7  309.1  345.6  311.3
  790.1   2134   15.9   12.9     83  11.93    201    0.7  309.1  345.7  311.3
  789.4   2142   15.8   12.8     83  11.89    193    0.6  309.1  345.6  311.4
  788.7   2150   15.7   12.8     83  11.88    184    0.6  309.2  345.6  311.4
  788.0   2158   15.7   12.9     84  11.96    176    0.6  309.2  345.8  311.4
  787.2   2166   15.6   13.0     85  12.05    170    0.6  309.2  346.1  311.4
  786.4   2174   15.5   13.4     87  12.39    166    0.6  309.2  347.1  311.5
  785.6   2183   15.5   13.6     89  12.57    164    0.6  309.2  347.7  311.5
  784.9   2191   15.4   13.6     89  12.60    163    0.5  309.2  347.8  311.6
  784.2   2199   15.3   13.7     90  12.68    164    0.4  309.2  348.0  311.6
  783.3   2208   15.3   13.6     90  12.63    165    0.4  309.2  347.9  311.6
  782.3   2220   15.2   13.3     89  12.41    168    0.3  309.3  347.3  311.6
  781.2   2231   15.1   13.0     87  12.18    172    0.2  309.3  346.7  311.6
  780.4   2240   15.1   12.8     86  11.98    180    0.1  309.4  346.1  311.6
  779.5   2249   15.1   12.7     86  11.92    347    0.0  309.5  346.0  311.7
  778.7   2258   15.0   12.9     87  12.12      2    0.1  309.5  346.6  311.7
  777.8   2268   14.9   12.8     87  12.06     11    0.2  309.5  346.5  311.7
  776.8   2279   14.8   13.0     89  12.19     21    0.2  309.5  346.9  311.8
  775.7   2291   14.8   13.0     89  12.20     32    0.2  309.6  347.0  311.9
  774.9   2300   14.8   12.7     87  11.99     44    0.2  309.7  346.5  311.9
  774.2   2308   14.7   12.7     88  12.02     56    0.2  309.7  346.6  312.0
  773.4   2316   14.7   12.6     87  11.93     68    0.2  309.7  346.4  312.0
  772.5   2326   14.6   12.4     87  11.81     80    0.2  309.8  346.1  312.0
  771.7   2335   14.5   12.3     86  11.70     95    0.2  309.8  345.7  312.0
  771.0   2342   14.5   12.1     86  11.62    114    0.2  309.8  345.5  312.0
  770.4   2350   14.4   12.1     86  11.62    138    0.2  309.8  345.5  312.0
  769.7   2357   14.4   12.0     86  11.53    166    0.2  309.8  345.3  312.0
  769.1   2364   14.3   11.8     85  11.38    192    0.2  309.9  344.9  312.0
  768.4   2372   14.3   11.6     84  11.27    210    0.3  309.9  344.6  312.0
  767.6   2380   14.3   11.7     84  11.34    221    0.4  310.0  344.9  312.1
  766.9   2388   14.3   11.9     86  11.49    227    0.5  310.0  345.4  312.2
  766.2   2396   14.2   11.9     86  11.49    231    0.6  310.1  345.4  312.2
  765.4   2404   14.2   11.8     86  11.44    232    0.6  310.1  345.3  312.2
  764.5   2414   14.1   11.7     86  11.38    232    0.7  310.1  345.2  312.3
  763.5   2426   14.0   11.5     85  11.27    231    0.8  310.2  344.9  312.3
  762.4   2438   13.9   11.4     84  11.16    230    0.8  310.2  344.6  312.3
  761.3   2450   13.8   11.5     85  11.24    228    0.9  310.2  344.9  312.3
  760.3   2461   13.8   11.4     86  11.21    226    1.0  310.3  344.8  312.4
  759.5   2470   13.7   11.4     86  11.26    224    1.0  310.3  345.0  312.4
  758.7   2479   13.7   11.6     87  11.36    222    1.1  310.3  345.4  312.5
  757.8   2489   13.6   11.5     87  11.33    221    1.1  310.4  345.3  312.5
  756.8   2500   13.6   11.2     86  11.15    220    1.1  310.5  344.8  312.6
  755.7   2512   13.5   10.7     83  10.80    220    1.1  310.6  343.9  312.6
  754.8   2522   13.5   10.6     82  10.69    219    1.1  310.7  343.7  312.7
  754.0   2531   13.5   10.6     83  10.72    218    1.1  310.7  343.8  312.7
  753.3   2539   13.5   10.5     82  10.62    217    1.1  310.8  343.6  312.7
  752.7   2546   13.4   10.5     82  10.64    216    1.1  310.8  343.7  312.8
  751.9   2554   13.4   10.5     83  10.66    214    1.1  310.8  343.8  312.8
  751.2   2563   13.3   10.6     84  10.77    212    1.1  310.9  344.2  312.9
  750.4   2572   13.3   10.7     84  10.81    209    1.1  310.9  344.3  312.9
  749.5   2582   13.2   10.5     84  10.74    207    1.1  310.9  344.1  312.9
  748.7   2591   13.1   10.4     83  10.62    205    1.2  311.0  343.8  313.0
  747.8   2601   13.1   10.3     83  10.58    204    1.3  311.0  343.7  313.0
  747.0   2610   13.0   10.3     84  10.61    203    1.3  311.0  343.8  313.0
  746.1   2620   12.9   10.2     84  10.51    204    1.4  311.0  343.5  313.0
  745.4   2628   12.9   10.0     82  10.39    205    1.5  311.1  343.2  313.0
  744.6   2637   12.9   10.1     83  10.47    206    1.6  311.2  343.6  313.1
  743.8   2647   12.8   10.2     84  10.57    208    1.7  311.2  343.9  313.2
  742.9   2656   12.7   10.4     86  10.71    209    1.8  311.2  344.3  313.2
  742.2   2664   12.7   10.4     86  10.72    211    1.8  311.2  344.4  313.2
  741.5   2672   12.7   10.3     86  10.68    213    1.9  311.3  344.4  313.3
  740.9   2679   12.6   10.2     85  10.65    214    1.9  311.3  344.3  313.3
  740.3   2685   12.6   10.1     85  10.54    215    1.9  311.4  344.0  313.3
  739.7   2693   12.6    9.9     84  10.45    215    1.8  311.4  343.8  313.4
  738.9   2702   12.5    9.7     83  10.31    215    1.8  311.4  343.4  313.4
  738.2   2710   12.5    9.6     83  10.24    215    1.7  311.5  343.3  313.4
  737.5   2717   12.4    9.7     83  10.31    214    1.7  311.5  343.5  313.5
  736.7   2727   12.4   10.0     85  10.54    213    1.6  311.6  344.2  313.6
  735.9   2736   12.3   10.0     85  10.51    212    1.6  311.6  344.2  313.6
  735.0   2746   12.3    9.8     85  10.40    212    1.6  311.7  343.9  313.6
  734.2   2756   12.3    9.6     84  10.25    212    1.6  311.8  343.6  313.7
  733.3   2766   12.2    9.3     82  10.07    212    1.6  311.8  343.1  313.7
  732.4   2776   12.2    9.0     81   9.93    213    1.6  311.9  342.8  313.8
  731.6   2786   12.2    9.0     81   9.92    215    1.7  312.0  342.9  313.9
  730.8   2795   12.2    9.3     82  10.11    218    1.7  312.1  343.6  314.0
  729.9   2805   12.2    8.9     80   9.88    221    1.8  312.2  342.9  314.0
  728.9   2817   12.1    8.7     79   9.71    224    1.9  312.3  342.5  314.1
  727.9   2828   12.1    8.7     80   9.76    227    2.0  312.3  342.7  314.1
  727.0   2838   12.0    8.8     80   9.81    229    2.1  312.4  342.9  314.2
  726.2   2847   12.0    8.7     80   9.75    231    2.3  312.4  342.8  314.2
  725.3   2858   11.9    8.6     80   9.70    232    2.4  312.5  342.7  314.3
  724.5   2868   11.9    8.5     80   9.69    233    2.5  312.5  342.8  314.4
  723.6   2878   11.8    8.6     80   9.72    233    2.6  312.6  342.9  314.4
  722.7   2889   11.7    8.8     82   9.86    233    2.7  312.6  343.3  314.4
  721.7   2899   11.7    9.0     84  10.03    234    2.8  312.6  343.9  314.5
  720.9   2909   11.7    8.3     80   9.60    234    2.8  312.7  342.7  314.5
  720.0   2919   11.7    7.6     76   9.13    234    2.8  312.9  341.5  314.6
  719.1   2929   11.8    7.5     75   9.11    235    2.8  313.1  341.6  314.8
  718.2   2941   11.7    7.6     76   9.18    236    2.7  313.1  341.9  314.8
  717.2   2952   11.6    7.6     76   9.15    237    2.7  313.2  341.8  314.9
  716.3   2963   11.6    7.5     76   9.14    240    2.6  313.2  341.8  314.9
  715.4   2973   11.5    7.6     77   9.19    243    2.5  313.2  342.0  314.9
  714.7   2982   11.4    7.7     78   9.29    247    2.4  313.2  342.3  315.0
  713.9   2991   11.4    7.8     79   9.37    252    2.3  313.3  342.7  315.1
  713.1   3000   11.4    7.8     79   9.34    257    2.2  313.4  342.6  315.1
  712.4   3008   11.4    7.5     77   9.20    262    2.1  313.5  342.3  315.2
  711.8   3016   11.4    7.3     76   9.06    268    2.1  313.6  342.0  315.3
  711.1   3024   11.4    7.0     74   8.87    273    2.1  313.7  341.6  315.4
  710.4   3032   11.5    6.7     73   8.72    277    2.1  313.8  341.2  315.5
  709.7   3040   11.5    6.5     71   8.58    280    2.0  313.9  340.9  315.6
  708.9   3049   11.5    6.4     71   8.52    283    2.0  314.0  340.8  315.6
  708.0   3060   11.4    6.3     71   8.52    284    2.0  314.1  340.9  315.7
  707.1   3071   11.4    6.2     71   8.46    285    1.9  314.1  340.8  315.7
  706.3   3080   11.3    6.1     70   8.40    284    1.9  314.1  340.6  315.7
  705.5   3090   11.2    6.0     70   8.33    282    1.8  314.2  340.5  315.8
  704.8   3099   11.2    6.0     70   8.34    279    1.7  314.2  340.5  315.8
  704.1   3107   11.1    6.0     71   8.39    276    1.7  314.2  340.7  315.8
  703.2   3117   11.0    6.1     72   8.44    272    1.7  314.2  340.9  315.8
  702.4   3127   10.9    6.1     72   8.43    267    1.6  314.2  340.8  315.8
  701.5   3137   10.8    6.1     73   8.48    263    1.6  314.2  341.0  315.8
  700.8   3146   10.7    6.1     73   8.49    259    1.6  314.2  341.0  315.9
  700.2   3153   10.7    6.3     74   8.57    256    1.7  314.2  341.2  315.8
  700.0   3155   10.6    6.3     74   8.58    253    1.7  314.2  341.3  315.8
  699.5   3161   10.6    6.3     75   8.62    253    1.7  314.2  341.4  315.9
  698.8   3169   10.5    6.3     75   8.60    252    1.7  314.2  341.3  315.9
  698.2   3177   10.4    6.3     76   8.63    251    1.7  314.2  341.4  315.9
  697.5   3186   10.4    6.2     76   8.58    251    1.7  314.2  341.3  315.9
  696.8   3194   10.3    6.1     75   8.54    251    1.6  314.3  341.2  315.9
  696.1   3202   10.2    6.5     78   8.77    252    1.6  314.3  341.9  315.9
  695.4   3211   10.1    6.8     79   8.93    253    1.5  314.3  342.4  316.0
  694.6   3220   10.0    6.7     80   8.93    255    1.4  314.3  342.4  316.0
  693.7   3231   10.0    6.7     80   8.90    257    1.4  314.3  342.3  316.0
  692.7   3242    9.9    6.2     78   8.65    258    1.3  314.4  341.7  316.0
  691.8   3253    9.9    5.7     75   8.36    260    1.2  314.5  340.8  316.0
  691.0   3263    9.8    5.5     74   8.21    260    1.2  314.5  340.4  316.1
  690.2   3273    9.8    5.5     75   8.23    260    1.1  314.5  340.5  316.1
  689.3   3284    9.7    5.5     75   8.28    258    1.1  314.6  340.7  316.1
  688.4   3294    9.6    5.4     75   8.23    255    1.1  314.6  340.6  316.2
  687.8   3302    9.6    5.3     75   8.18    250    1.1  314.6  340.5  316.2
  687.3   3308    9.6    5.3     75   8.15    246    1.1  314.7  340.5  316.2
  686.6   3316    9.6    5.3     75   8.16    241    1.1  314.8  340.6  316.3
  685.9   3325    9.6    5.8     77   8.45    237    1.2  314.9  341.6  316.5
  685.1   3334    9.6    6.2     80   8.75    234    1.3  315.0  342.6  316.7
  684.4   3343    9.5    6.2     80   8.72    232    1.4  315.0  342.6  316.7
  683.6   3353    9.5    6.2     80   8.74    231    1.4  315.1  342.7  316.7
  682.7   3364    9.4    6.1     80   8.66    231    1.5  315.1  342.5  316.7
  681.7   3375    9.3    6.1     80   8.68    232    1.5  315.1  342.6  316.8
  680.9   3386    9.2    6.3     82   8.85    234    1.5  315.2  343.1  316.8
  679.9   3398    9.1    6.2     82   8.80    236    1.5  315.2  343.0  316.9
  679.0   3409    9.1    5.6     78   8.42    240    1.5  315.3  341.9  316.9
  678.2   3418    9.2    4.8     74   7.98    245    1.4  315.4  340.8  316.9
  677.5   3427    9.2    4.5     72   7.80    250    1.4  315.5  340.3  317.0
  676.8   3435    9.2    4.6     73   7.89    255    1.4  315.6  340.7  317.1
  676.2   3443    9.1    4.6     73   7.90    261    1.4  315.7  340.8  317.2
  675.5   3452    9.1    4.5     73   7.84    266    1.3  315.7  340.6  317.2
  674.7   3462    9.1    4.4     72   7.78    271    1.3  315.8  340.5  317.3
  673.9   3472    9.0    4.3     72   7.77    275    1.3  315.8  340.5  317.3
  673.1   3481    9.0    4.2     72   7.74    279    1.3  315.9  340.5  317.4
  672.5   3489    8.9    4.3     73   7.78    281    1.3  315.9  340.7  317.4
  671.8   3497    8.9    4.3     73   7.81    283    1.3  316.0  340.9  317.5
  671.1   3506    8.9    4.5     74   7.92    285    1.3  316.1  341.3  317.6
  670.5   3514    8.8    4.7     75   8.01    287    1.3  316.1  341.6  317.6
  669.7   3523    8.8    4.4     74   7.87    289    1.3  316.2  341.2  317.7
  669.0   3533    8.8    4.3     74   7.82    291    1.3  316.2  341.2  317.7
  668.2   3542    8.7    4.1     73   7.74    293    1.3  316.3  341.0  317.8
  667.3   3553    8.7    4.1     73   7.75    296    1.4  316.3  341.0  317.8
  666.3   3565    8.6    4.1     73   7.72    298    1.4  316.4  341.0  317.8
  665.4   3577    8.5    3.8     72   7.57    300    1.4  316.4  340.6  317.9
  664.5   3588    8.4    3.8     73   7.60    302    1.5  316.5  340.7  317.9
  663.6   3599    8.3    4.4     76   7.96    304    1.5  316.5  341.8  318.0
  662.9   3608    8.3    4.1     75   7.79    305    1.6  316.5  341.4  318.0
  662.2   3617    8.3    3.6     72   7.52    305    1.6  316.6  340.6  318.0
  661.6   3624    8.3    3.5     72   7.47    306    1.6  316.7  340.5  318.1
  661.0   3631    8.2    3.7     73   7.56    306    1.6  316.7  340.9  318.2
  660.5   3638    8.2    3.7     73   7.59    305    1.6  316.7  341.0  318.2
  659.9   3645    8.1    3.7     74   7.60    305    1.6  316.8  341.0  318.2
  659.3   3653    8.1    3.7     74   7.61    304    1.6  316.8  341.1  318.3
  658.6   3661    8.1    3.7     74   7.63    302    1.6  316.8  341.2  318.3
  658.0   3669    8.0    3.8     75   7.66    301    1.6  316.9  341.4  318.4
  657.4   3677    8.0    3.9     75   7.72    299    1.6  316.9  341.6  318.4
  656.8   3684    7.9    3.7     75   7.63    297    1.6  317.0  341.3  318.4
  656.2   3692    7.9    3.6     74   7.60    295    1.7  317.0  341.3  318.5
  655.5   3700    7.9    3.8     75   7.70    293    1.8  317.1  341.7  318.5
  654.9   3709    7.8    4.0     77   7.81    291    1.9  317.1  342.1  318.6
  654.1   3718    7.8    3.9     77   7.80    290    2.0  317.2  342.1  318.6
  653.4   3728    7.7    3.7     76   7.68    290    2.1  317.2  341.8  318.7
  652.6   3738    7.7    3.6     75   7.61    289    2.3  317.3  341.6  318.7
  651.7   3749    7.7    3.3     74   7.48    289    2.4  317.4  341.3  318.8
  650.8   3761    7.7    3.0     72   7.31    290    2.5  317.5  340.9  318.9
  650.0   3770    7.7    2.2     68   6.91    291    2.6  317.6  339.8  318.9
  649.4   3778    7.7    1.3     64   6.51    293    2.7  317.7  338.7  319.0
  648.8   3786    7.7    0.4     60   6.09    295    2.8  317.8  337.5  319.0
  648.0   3796    7.8   -1.1     53   5.46    297    2.8  318.0  335.8  319.1
  647.2   3806    7.8   -1.5     52   5.30    300    2.8  318.1  335.4  319.2
  646.5   3815    7.8   -1.9     50   5.16    303    2.8  318.2  335.0  319.2
  645.7   3825    7.7   -1.8     51   5.21    305    2.8  318.2  335.2  319.3
  644.7   3838    7.7   -2.1     50   5.09    308    2.8  318.3  335.0  319.3
  643.7   3851    7.6   -2.2     50   5.07    310    2.8  318.4  335.0  319.4
  642.7   3863    7.5   -2.2     50   5.06    312    2.8  318.4  335.0  319.4
  641.8   3874    7.5   -2.8     48   4.87    314    2.7  318.5  334.4  319.4
  641.0   3886    7.4   -2.8     49   4.88    315    2.7  318.6  334.5  319.5
  640.3   3895    7.3   -2.3     50   5.05    316    2.6  318.6  335.1  319.5
  639.7   3902    7.3   -1.6     53   5.32    317    2.5  318.6  335.9  319.6
  639.1   3910    7.2   -0.8     57   5.66    317    2.4  318.6  337.0  319.7
  638.5   3918    7.1   -0.2     60   5.92    318    2.2  318.5  337.8  319.7
  637.8   3926    7.0    0.1     61   6.05    319    2.1  318.5  338.2  319.7
  637.2   3934    6.9   -0.1     61   5.96    320    1.9  318.6  337.9  319.7
  636.7   3941    6.9    0.6     64   6.28    321    1.8  318.6  338.9  319.8
  636.1   3948    6.8    1.2     67   6.58    323    1.6  318.6  339.9  319.9
  635.5   3956    6.7    1.7     70   6.84    326    1.5  318.6  340.7  319.9
  634.9   3964    6.6    2.4     74   7.18    329    1.3  318.6  341.7  319.9
  634.2   3973    6.5    3.1     79   7.58    334    1.2  318.5  342.9  320.0
  633.5   3982    6.4    4.0     84   8.06    338    1.1  318.5  344.4  320.1
  632.8   3992    6.3    3.7     83   7.93    344    1.0  318.5  344.0  320.1
  632.0   4002    6.3    3.2     80   7.64    349    1.0  318.6  343.2  320.1
  631.1   4013    6.3    3.1     80   7.61    354    0.9  318.7  343.2  320.1
  630.3   4024    6.2    3.0     80   7.57    360    0.9  318.7  343.1  320.2
  629.5   4034    6.2    2.8     79   7.47      5    0.9  318.8  342.9  320.2
  628.7   4045    6.1    2.7     79   7.45      9    0.9  318.9  342.9  320.3
  628.0   4054    6.1    2.8     80   7.51     13    0.9  318.9  343.1  320.3
  627.3   4063    6.0    3.0     81   7.58     16    0.9  318.9  343.4  320.4
  626.5   4073    5.9    2.8     80   7.48     18    0.9  319.0  343.1  320.4
  625.8   4083    5.9    2.6     79   7.39     20    1.0  319.0  342.8  320.4
  625.1   4092    5.8    2.6     80   7.41     20    1.0  319.0  342.9  320.4
  624.3   4102    5.7    2.6     81   7.45     20    1.0  319.0  343.1  320.5
  623.6   4112    5.7    2.8     82   7.56     18    1.1  319.1  343.5  320.5
  622.9   4121    5.6    2.9     83   7.63     16    1.1  319.1  343.7  320.6
  622.2   4130    5.5    2.9     84   7.63     14    1.2  319.1  343.7  320.6
  621.5   4139    5.4    2.6     82   7.46     11    1.2  319.1  343.2  320.6
  620.8   4149    5.4    1.9     78   7.08      8    1.2  319.2  342.1  320.6
  620.0   4159    5.4    1.6     77   6.97      5    1.3  319.3  341.9  320.7
  619.3   4168    5.4    1.6     77   6.98      3    1.3  319.4  342.0  320.7
  618.6   4177    5.3    1.6     77   6.99      1    1.3  319.5  342.1  320.8
  617.9   4187    5.3    1.6     77   7.00    360    1.3  319.5  342.1  320.8
  617.2   4196    5.2    1.6     78   6.99    359    1.3  319.5  342.1  320.8
  616.5   4205    5.1    1.7     78   7.04    359    1.4  319.5  342.3  320.9
  615.7   4215    5.0    1.7     79   7.06    360    1.4  319.5  342.4  320.9
  615.0   4226    5.0    1.6     79   7.00      2    1.4  319.5  342.2  320.9
  614.1   4237    4.9    1.4     78   6.90      4    1.4  319.6  342.0  320.9
  613.3   4248    4.8    1.4     78   6.93      7    1.4  319.7  342.1  321.0
  612.5   4259    4.8    1.4     79   6.96      9    1.4  319.7  342.2  321.0
  611.8   4267    4.7    1.4     79   6.96     11    1.4  319.7  342.3  321.1
  611.2   4276    4.6    1.3     79   6.91     13    1.4  319.7  342.2  321.1
  610.5   4285    4.6    1.4     79   6.94     15    1.4  319.8  342.3  321.1
  609.8   4294    4.5    0.9     77   6.73     16    1.4  319.8  341.7  321.1
  609.2   4303    4.5    0.6     76   6.58     17    1.4  319.9  341.3  321.2
  608.5   4312    4.5    0.5     76   6.56     18    1.4  319.9  341.3  321.2
  607.7   4322    4.4    0.7     77   6.67     18    1.4  320.0  341.6  321.2
  607.0   4333    4.3    0.7     78   6.68     18    1.4  320.0  341.7  321.3
  606.2   4342    4.2    0.7     78   6.67     18    1.4  320.0  341.7  321.3
  605.5   4352    4.2    0.7     78   6.66     17    1.3  320.1  341.7  321.3
  604.9   4361    4.2    0.5     77   6.59     16    1.3  320.1  341.6  321.4
  604.3   4369    4.1    0.5     77   6.59     15    1.2  320.2  341.6  321.5
  603.6   4377    4.1    0.5     78   6.60     14    1.2  320.2  341.7  321.5
  603.0   4386    4.0    0.5     78   6.59     12    1.1  320.2  341.7  321.5
  602.4   4395    3.9    0.5     78   6.61     10    1.1  320.2  341.7  321.5
  601.8   4402    3.9    0.5     79   6.61      9    1.1  320.3  341.8  321.5
  601.2   4411    3.8    0.5     79   6.63      7    1.1  320.3  341.8  321.5
  600.6   4419    3.7    0.5     80   6.63      6    1.1  320.3  341.8  321.5
  600.0   4427    3.6    0.5     80   6.66      5    1.1  320.3  341.9  321.6
  599.4   4435    3.6    0.6     81   6.68      5    1.1  320.3  342.0  321.6
  598.7   4444    3.5    0.7     82   6.73      5    1.1  320.3  342.2  321.6
  598.1   4452    3.4    0.7     83   6.77      6    1.2  320.3  342.3  321.6
  597.5   4460    3.3    0.7     83   6.77      7    1.2  320.3  342.3  321.6
  596.8   4470    3.3    0.7     83   6.76      8    1.3  320.4  342.4  321.7
  596.0   4482    3.2    0.6     83   6.73      9    1.4  320.4  342.3  321.7
  595.1   4494    3.1    0.5     83   6.68      9    1.5  320.4  342.2  321.7
  594.2   4505    3.1    0.4     83   6.68      9    1.5  320.5  342.2  321.8
  593.6   4514    3.0    0.4     83   6.67      9    1.6  320.5  342.2  321.8
  592.9   4523    2.9    0.4     83   6.67      9    1.7  320.5  342.3  321.8
  592.2   4532    2.9    0.4     84   6.68      8    1.7  320.6  342.3  321.9
  591.6   4542    2.8    0.5     85   6.73      7    1.8  320.6  342.5  321.9
  591.0   4550    2.8    0.6     85   6.77      5    1.9  320.6  342.7  322.0
  590.4   4558    2.7    0.6     86   6.80      3    1.9  320.7  342.8  322.0
  589.6   4568    2.6    0.5     86   6.77      2    2.0  320.7  342.8  322.0
  588.9   4579    2.6    0.4     85   6.69    360    2.0  320.8  342.6  322.1
  588.2   4588    2.6    0.2     84   6.62    359    2.0  320.9  342.5  322.2
  587.5   4597    2.6    0.1     84   6.59    357    2.0  321.0  342.5  322.2
  586.9   4606    2.5    0.0     84   6.56    357    2.0  321.0  342.4  322.3
  586.2   4616    2.5   -0.1     83   6.50    356    2.0  321.1  342.3  322.4
  585.5   4625    2.5   -0.2     83   6.48    356    2.0  321.2  342.3  322.4
  584.9   4634    2.4   -0.2     83   6.49    357    2.0  321.2  342.4  322.5
  584.2   4643    2.4   -0.1     84   6.53    358    2.0  321.3  342.6  322.6
  583.6   4651    2.3   -0.0     84   6.58    360    2.0  321.3  342.8  322.6
  583.0   4660    2.3    0.0     85   6.59      3    2.0  321.3  342.9  322.6
  582.3   4669    2.2   -0.0     85   6.59      6    2.0  321.4  342.9  322.6
  581.6   4679    2.1   -0.0     86   6.59      9    2.0  321.4  342.9  322.7
  581.0   4687    2.1   -0.1     86   6.58     12    2.0  321.4  342.9  322.7
  580.4   4696    2.0   -0.1     86   6.56     16    2.0  321.4  342.9  322.7
  579.8   4704    2.0   -0.2     86   6.54     19    2.0  321.5  342.9  322.7
  579.2   4712    1.9   -0.1     86   6.56     22    2.1  321.5  342.9  322.8
  578.6   4721    1.8   -0.2     87   6.56     25    2.1  321.5  343.0  322.8
  577.9   4731    1.8   -0.3     86   6.52     27    2.2  321.5  342.9  322.8
  577.1   4742    1.7   -0.3     86   6.49     28    2.2  321.6  342.9  322.9
  576.3   4753    1.6   -0.3     87   6.50     29    2.3  321.6  342.9  322.9
  575.5   4765    1.5   -0.3     87   6.51     30    2.3  321.7  343.0  322.9
  574.7   4775    1.5   -0.3     88   6.53     30    2.4  321.7  343.1  323.0
  574.1   4784    1.4   -0.3     88   6.53     30    2.5  321.7  343.1  323.0
  573.6   4791    1.3   -0.3     89   6.53     30    2.5  321.7  343.1  323.0
  573.0   4800    1.2   -0.3     90   6.55     30    2.6  321.7  343.1  323.0
  572.4   4808    1.2   -0.3     90   6.57     30    2.7  321.7  343.2  323.0
  571.8   4816    1.1   -0.3     90   6.58     29    2.8  321.7  343.3  323.0
  571.3   4824    1.0   -0.3     91   6.58     29    3.0  321.7  343.3  323.0
  570.7   4831    1.0   -0.3     91   6.56     29    3.1  321.8  343.2  323.0
  570.2   4839    0.9   -0.4     91   6.56     29    3.3  321.8  343.3  323.1
  569.7   4847    0.8   -0.4     92   6.56     29    3.5  321.8  343.2  323.0
  569.1   4854    0.8   -0.4     92   6.54     29    3.7  321.8  343.2  323.1
  568.6   4861    0.7   -0.5     91   6.51     29    3.9  321.8  343.1  323.1
  568.0   4870    0.7   -0.5     92   6.52     29    4.1  321.8  343.2  323.1
  567.4   4879    0.6   -0.6     92   6.49     29    4.3  321.9  343.1  323.1
  566.6   4889    0.5   -0.6     92   6.48     29    4.5  321.9  343.1  323.2
  565.9   4899    0.5   -0.7     92   6.44     28    4.6  322.0  343.1  323.2
  565.3   4909    0.5   -0.8     91   6.40     27    4.8  322.1  343.1  323.3
  564.7   4917    0.5   -0.8     91   6.41     26    4.9  322.2  343.2  323.4
  564.0   4926    0.5   -0.9     90   6.36     25    5.0  322.3  343.2  323.5
  563.3   4936    0.5   -1.0     90   6.34     24    5.1  322.4  343.2  323.7
  562.6   4947    0.5   -0.9     91   6.40     22    5.2  322.5  343.5  323.7
  562.0   4956    0.5   -0.9     90   6.39     21    5.3  322.6  343.6  323.8
  561.3   4965    0.5   -1.2     88   6.24     19    5.4  322.7  343.3  323.9
  560.5   4976    0.5   -1.3     88   6.25     18    5.4  322.8  343.4  324.1
  559.8   4987    0.5   -1.3     88   6.23     17    5.4  322.9  343.5  324.2
  559.2   4996    0.5   -1.5     87   6.17     16    5.5  323.1  343.4  324.3
  558.6   5004    0.5   -1.6     86   6.12     15    5.5  323.2  343.4  324.4
  558.1   5012    0.5   -1.8     85   6.05     14    5.5  323.2  343.2  324.4
  557.5   5020    0.5   -2.0     83   5.93     14    5.5  323.3  342.9  324.5
  556.8   5030    0.5   -2.1     83   5.91     13    5.5  323.4  343.0  324.6
  556.2   5040    0.5   -2.1     83   5.92     13    5.5  323.5  343.1  324.7
  555.6   5048    0.5   -2.2     83   5.90     13    5.5  323.6  343.2  324.8
  555.0   5057    0.5   -2.3     81   5.85     12    5.4  323.8  343.2  324.9
  554.4   5065    0.5   -2.3     82   5.85     12    5.4  323.9  343.3  325.0
  553.9   5073    0.4   -2.3     82   5.86     12    5.3  323.9  343.3  325.0
  553.3   5081    0.4   -2.3     82   5.87     11    5.3  323.9  343.4  325.1
  552.7   5089    0.3   -2.3     83   5.88     11    5.2  324.0  343.5  325.1
  552.2   5098    0.3   -2.3     83   5.87     10    5.1  324.0  343.4  325.1
  551.7   5105    0.2   -2.4     83   5.84      9    5.1  324.0  343.4  325.2
  551.2   5112    0.2   -2.4     83   5.82      8    5.0  324.0  343.3  325.2
  550.7   5119    0.1   -2.5     83   5.79      7    4.9  324.0  343.2  325.2
  550.1   5128    0.1   -2.7     82   5.73      6    4.9  324.1  343.1  325.2
  549.5   5136    0.0   -2.8     81   5.69      5    4.9  324.1  343.0  325.2
  549.0   5143   -0.0   -2.9     81   5.66      4    4.8  324.2  343.0  325.3
  548.5   5150   -0.1   -2.9     81   5.66      4    4.8  324.2  343.0  325.3
  548.0   5158   -0.1   -2.9     81   5.64      3    4.8  324.2  343.0  325.4
  547.5   5165   -0.1   -3.0     81   5.62      3    4.8  324.3  343.0  325.4
  547.0   5173   -0.2   -3.1     81   5.60      3    4.8  324.3  343.0  325.4
  546.5   5180   -0.2   -3.1     81   5.58      3    4.8  324.4  342.9  325.5
  546.0   5188   -0.2   -3.2     81   5.56      3    4.8  324.4  342.9  325.5
  545.5   5195   -0.3   -3.2     81   5.55      3    4.8  324.4  342.9  325.5
  545.0   5203   -0.4   -3.2     81   5.55      3    4.8  324.4  342.9  325.5
  544.4   5211   -0.4   -3.2     81   5.55      3    4.8  324.5  343.0  325.6
  543.8   5219   -0.5   -3.2     82   5.57      3    4.8  324.5  343.0  325.6
  543.3   5228   -0.5   -3.2     82   5.57      2    4.7  324.6  343.1  325.7
  542.7   5236   -0.5   -3.4     81   5.49      2    4.7  324.6  342.9  325.7
  542.1   5245   -0.5   -3.7     79   5.40      2    4.7  324.7  342.7  325.8
  541.5   5254   -0.5   -3.8     78   5.33      2    4.7  324.8  342.6  325.9
  540.8   5265   -0.6   -3.9     78   5.31      1    4.7  324.9  342.6  325.9
  540.1   5275   -0.7   -3.9     79   5.31      1    4.7  324.9  342.7  326.0
  539.5   5284   -0.7   -3.9     79   5.33      1    4.7  324.9  342.8  326.0
  538.9   5293   -0.8   -3.9     79   5.32    360    4.6  325.0  342.8  326.0
  538.2   5303   -0.8   -4.2     78   5.23    360    4.6  325.0  342.5  326.1
  537.5   5313   -0.9   -4.4     77   5.16    360    4.6  325.1  342.4  326.2
  536.8   5324   -0.9   -4.4     78   5.17      1    4.6  325.2  342.5  326.2
  536.0   5336   -1.0   -4.4     78   5.18      1    4.5  325.2  342.5  326.2
  535.3   5346   -1.1   -4.4     78   5.16      2    4.4  325.2  342.5  326.2
  534.7   5355   -1.2   -4.5     78   5.14      3    4.4  325.2  342.5  326.3
  534.2   5363   -1.2   -4.5     79   5.15      4    4.2  325.3  342.5  326.3
  533.6   5371   -1.3   -4.5     79   5.15      5    4.1  325.3  342.5  326.3
  533.1   5379   -1.4   -4.6     79   5.12      5    4.0  325.3  342.5  326.3
  532.6   5387   -1.4   -4.6     79   5.12      6    3.9  325.3  342.5  326.3
  532.1   5394   -1.4   -4.7     79   5.09      6    3.7  325.4  342.4  326.4
  531.6   5402   -1.5   -4.8     78   5.07      6    3.6  325.4  342.4  326.4
  531.0   5410   -1.5   -4.8     78   5.05      6    3.5  325.5  342.4  326.5
  530.4   5419   -1.5   -4.9     78   5.03      5    3.4  325.6  342.4  326.5
  529.9   5427   -1.6   -5.0     77   4.99      3    3.3  325.6  342.4  326.6
  529.4   5434   -1.6   -5.1     77   4.96      1    3.2  325.7  342.3  326.7
  528.9   5442   -1.6   -5.2     77   4.93    358    3.2  325.7  342.3  326.7
  528.4   5449   -1.6   -5.3     76   4.90    356    3.2  325.8  342.3  326.8
  528.0   5456   -1.6   -5.4     76   4.88    353    3.2  325.9  342.3  326.8
  527.4   5464   -1.6   -5.4     75   4.85    350    3.2  326.0  342.3  326.9
  526.9   5472   -1.6   -5.5     75   4.83    347    3.2  326.1  342.3  327.0
  526.3   5480   -1.7   -5.5     75   4.82    344    3.2  326.1  342.4  327.1
  525.8   5488   -1.7   -5.6     75   4.81    341    3.2  326.2  342.4  327.1
  525.3   5496   -1.7   -5.7     74   4.79    338    3.2  326.2  342.4  327.2
  524.8   5504   -1.8   -5.7     74   4.77    336    3.2  326.3  342.4  327.2
  524.3   5512   -1.8   -5.8     74   4.75    333    3.2  326.3  342.3  327.2
  523.7   5520   -1.9   -5.8     74   4.75    331    3.2  326.3  342.4  327.3
  523.1   5530   -1.9   -5.9     74   4.73    328    3.2  326.4  342.3  327.3
  522.5   5539   -1.9   -6.0     74   4.68    326    3.1  326.5  342.3  327.4
  521.9   5548   -2.0   -6.1     74   4.67    325    3.1  326.5  342.3  327.4
  521.3   5557   -2.0   -6.1     74   4.66    324    3.1  326.6  342.3  327.5
  520.7   5566   -2.1   -6.2     74   4.65    323    3.1  326.6  342.3  327.5
  520.0   5577   -2.2   -6.2     74   4.64    323    3.1  326.6  342.3  327.5
  519.3   5588   -2.3   -6.3     74   4.61    324    3.1  326.7  342.2  327.6
  518.6   5599   -2.3   -6.4     73   4.57    326    3.1  326.7  342.2  327.6
  518.0   5608   -2.4   -6.5     73   4.55    328    3.1  326.8  342.2  327.7
  517.3   5618   -2.4   -6.5     73   4.55    331    3.1  326.9  342.3  327.8
  516.6   5630   -2.4   -6.6     73   4.53    334    3.0  326.9  342.3  327.8
  515.8   5641   -2.5   -6.7     73   4.52    338    3.0  327.0  342.3  327.9
  515.1   5653   -2.5   -6.7     73   4.49    342    3.0  327.2  342.4  328.0
  514.3   5664   -2.5   -6.8     72   4.47    346    2.9  327.2  342.4  328.1
  513.7   5675   -2.6   -6.9     72   4.45    351    2.8  327.3  342.4  328.2
  513.1   5684   -2.6   -7.0     72   4.42    355    2.8  327.3  342.4  328.2
  512.5   5693   -2.7   -7.0     72   4.42    360    2.7  327.4  342.4  328.2
  511.8   5704   -2.8   -7.0     73   4.43      4    2.6  327.4  342.4  328.3
  511.0   5716   -2.9   -7.1     73   4.42      8    2.4  327.4  342.4  328.3
  510.2   5728   -3.0   -7.1     73   4.42     12    2.3  327.4  342.5  328.3
  509.5   5740   -3.1   -7.1     73   4.41     15    2.1  327.5  342.4  328.3
  508.9   5749   -3.1   -7.2     73   4.38     17    2.0  327.5  342.4  328.4
  508.4   5756   -3.2   -7.2     74   4.39     19    1.8  327.5  342.4  328.4
  507.9   5765   -3.3   -7.3     74   4.38     20    1.6  327.5  342.4  328.4
  507.3   5774   -3.3   -7.3     74   4.36     20    1.5  327.6  342.4  328.5
  506.8   5782   -3.3   -7.4     73   4.34     19    1.3  327.6  342.4  328.5
  506.2   5790   -3.3   -7.4     73   4.33     16    1.2  327.7  342.5  328.6
  505.7   5798   -3.4   -7.5     73   4.32     13    1.1  327.8  342.5  328.7
  505.3   5805   -3.4   -7.6     73   4.29      8    1.0  327.9  342.5  328.7
  504.8   5812   -3.4   -7.7     72   4.26      3    0.9  327.9  342.5  328.8
  504.4   5819   -3.4   -7.7     72   4.25    359    0.9  328.0  342.4  328.8
  503.8   5828   -3.4   -7.8     72   4.23    356    0.9  328.1  342.5  328.9
  503.3   5836   -3.4   -7.8     72   4.23    355    0.9  328.2  342.6  329.0
  502.7   5845   -3.5   -7.8     72   4.25    356    0.9  328.2  342.7  329.1
  502.2   5853   -3.5   -7.9     72   4.23    358    1.0  328.3  342.7  329.1
  501.7   5861   -3.6   -8.1     71   4.17      1    1.0  328.3  342.5  329.1
  501.2   5869   -3.6   -8.0     72   4.18      5    1.1  328.3  342.6  329.1
  500.6   5878   -3.7   -8.0     72   4.20      9    1.1  328.4  342.7  329.2
  500.1   5887   -3.8   -8.0     73   4.21     13    1.2  328.4  342.8  329.2
  500.0   5888   -3.8   -8.0     73   4.21     16    1.3  328.4  342.8  329.2
  499.6   5895   -3.8   -8.0     73   4.22     16    1.3  328.4  342.8  329.2
  499.0   5904   -3.9   -8.0     73   4.21     19    1.3  328.4  342.8  329.2
  498.4   5913   -4.0   -8.0     74   4.22     22    1.4  328.4  342.8  329.2
  497.9   5922   -4.0   -7.9     74   4.23     24    1.4  328.4  342.9  329.3
  497.3   5931   -4.1   -8.0     74   4.23     26    1.5  328.5  342.9  329.3
  496.7   5940   -4.2   -8.0     75   4.23     29    1.5  328.5  343.0  329.3
  496.2   5948   -4.2   -8.2     74   4.18     31    1.5  328.6  342.9  329.4
  495.7   5956   -4.2   -8.3     73   4.13     33    1.5  328.7  342.8  329.5
  495.2   5964   -4.2   -8.4     73   4.11     36    1.6  328.7  342.8  329.5
  494.6   5973   -4.3   -8.5     73   4.10     39    1.6  328.7  342.7  329.5
  494.1   5982   -4.4   -8.5     73   4.07     43    1.7  328.7  342.7  329.5
  493.6   5990   -4.5   -8.6     73   4.06     46    1.8  328.7  342.6  329.6
  493.1   5998   -4.5   -8.7     73   4.04     49    1.9  328.8  342.6  329.6
  492.5   6008   -4.6   -8.7     73   4.05     53    2.0  328.8  342.7  329.6
  491.9   6017   -4.7   -8.7     74   4.05     55    2.1  328.8  342.7  329.6
  491.3   6027   -4.7   -8.8     73   4.01     58    2.2  328.8  342.6  329.6
  490.6   6038   -4.8   -8.8     73   4.01     60    2.4  328.9  342.6  329.7
  490.0   6047   -4.9   -9.0     73   3.98     62    2.5  328.9  342.6  329.7
  489.5   6056   -4.9   -9.0     73   3.95     63    2.6  328.9  342.5  329.7
  488.9   6065   -5.0   -9.1     73   3.94     64    2.7  329.0  342.5  329.8
  488.4   6073   -5.0   -9.2     73   3.91     66    2.7  329.0  342.5  329.8
  487.9   6082   -5.1   -9.2     73   3.90     67    2.7  329.1  342.5  329.9
  487.4   6090   -5.1   -9.3     72   3.88     68    2.7  329.1  342.5  329.9
  486.9   6098   -5.2   -9.3     73   3.89     69    2.7  329.1  342.5  329.9
  486.3   6107   -5.2   -9.3     73   3.91     70    2.7  329.2  342.6  330.0
  485.7   6117   -5.3   -9.3     73   3.91     71    2.6  329.3  342.7  330.0
  485.0   6128   -5.3   -9.3     74   3.91     72    2.6  329.3  342.8  330.1
  484.4   6138   -5.4   -9.4     73   3.88     73    2.5  329.4  342.7  330.2
  483.8   6148   -5.4   -9.5     73   3.86     74    2.4  329.5  342.8  330.3
  483.2   6158   -5.4   -9.5     73   3.87     75    2.4  329.6  342.9  330.4
  482.5   6168   -5.4   -9.8     71   3.77     75    2.3  329.7  342.8  330.5
  482.0   6176   -5.4  -10.3     68   3.62     75    2.3  329.9  342.4  330.6
  481.6   6184   -5.3  -10.5     67   3.58     75    2.3  330.0  342.4  330.7
  481.2   6190   -5.4  -10.6     67   3.56     74    2.3  330.0  342.3  330.7
  480.7   6198   -5.5  -10.5     68   3.58     73    2.3  330.0  342.4  330.7
  480.2   6206   -5.5  -10.5     68   3.59     72    2.3  330.0  342.4  330.7
  479.8   6214   -5.6  -10.6     68   3.56     71    2.3  330.0  342.4  330.7
  479.3   6221   -5.6  -10.7     68   3.55     69    2.3  330.1  342.4  330.8
  478.8   6228   -5.7  -10.7     68   3.56     68    2.3  330.1  342.4  330.8
  478.4   6235   -5.8  -10.6     69   3.58     67    2.3  330.1  342.5  330.8
  478.0   6242   -5.8  -10.6     69   3.58     66    2.3  330.1  342.5  330.8
  477.6   6249   -5.9  -10.7     69   3.56     65    2.3  330.1  342.4  330.8
  477.1   6257   -5.9  -10.8     69   3.54     64    2.4  330.1  342.4  330.8
  476.6   6265   -6.0  -10.8     69   3.53     63    2.4  330.2  342.4  330.9
  476.1   6273   -6.0  -10.9     69   3.52     62    2.4  330.2  342.4  330.9
  475.6   6282   -6.1  -11.0     69   3.50     62    2.4  330.2  342.3  330.9
  475.0   6291   -6.2  -11.2     68   3.44     61    2.4  330.2  342.2  330.9
  474.5   6300   -6.2  -11.3     67   3.40     60    2.5  330.3  342.1  331.0
  474.0   6309   -6.3  -11.4     67   3.38     59    2.5  330.3  342.1  331.0
  473.4   6317   -6.3  -11.5     67   3.37     57    2.5  330.4  342.1  331.0
  472.9   6326   -6.4  -11.4     67   3.38     55    2.5  330.4  342.1  331.0
  472.5   6333   -6.5  -11.5     68   3.37     53    2.5  330.4  342.1  331.0
  472.0   6340   -6.6  -11.4     68   3.39     51    2.6  330.4  342.1  331.0
  471.6   6348   -6.6  -11.5     68   3.38     49    2.6  330.4  342.1  331.0
  471.1   6356   -6.7  -11.6     68   3.35     46    2.6  330.4  342.1  331.1
  470.7   6363   -6.7  -11.7     68   3.33     44    2.6  330.4  342.0  331.1
  470.2   6370   -6.8  -11.7     68   3.33     42    2.7  330.5  342.1  331.1
  469.8   6377   -6.8  -11.7     68   3.33     39    2.7  330.5  342.0  331.1
  469.4   6383   -6.9  -11.7     68   3.33     38    2.7  330.5  342.0  331.1
  469.0   6390   -7.0  -11.7     69   3.34     36    2.7  330.5  342.1  331.1
  468.6   6397   -7.0  -11.7     69   3.35     35    2.7  330.4  342.1  331.1
  468.2   6405   -7.1  -11.7     70   3.35     34    2.6  330.5  342.1  331.1
  467.7   6413   -7.2  -11.8     70   3.33     33    2.6  330.5  342.1  331.1
  467.2   6421   -7.2  -11.9     70   3.31     32    2.6  330.5  342.0  331.2
  466.8   6428   -7.3  -11.9     69   3.29     32    2.6  330.5  342.0  331.2
  466.3   6436   -7.3  -12.0     69   3.28     32    2.6  330.5  342.0  331.2
  465.8   6444   -7.4  -12.0     70   3.29     33    2.6  330.6  342.0  331.2
  465.4   6451   -7.4  -12.0     70   3.28     33    2.6  330.6  342.0  331.3
  465.0   6458   -7.5  -12.1     70   3.26     34    2.7  330.6  342.0  331.3
  464.6   6465   -7.6  -11.9     71   3.31     35    2.7  330.6  342.2  331.3
  464.1   6473   -7.6  -11.6     73   3.39     36    2.8  330.6  342.4  331.3
  463.6   6482   -7.7  -11.6     73   3.41     37    3.0  330.7  342.5  331.4
  463.0   6491   -7.7  -11.6     74   3.40     38    3.1  330.7  342.6  331.4
  462.6   6499   -7.8  -11.7     74   3.39     39    3.2  330.7  342.5  331.4
  462.1   6506   -7.9  -11.7     74   3.39     40    3.4  330.7  342.5  331.4
  461.7   6513   -7.9  -11.8     74   3.37     40    3.5  330.7  342.5  331.4
  461.3   6520   -8.0  -11.8     74   3.37     41    3.7  330.7  342.5  331.4
  460.8   6529   -8.1  -11.8     74   3.36     42    3.8  330.8  342.5  331.4
  460.3   6538   -8.1  -11.9     74   3.35     42    3.9  330.8  342.5  331.5
  459.8   6546   -8.2  -12.0     74   3.33     43    4.0  330.8  342.4  331.5
  459.3   6553   -8.2  -12.1     74   3.31     43    4.1  330.9  342.4  331.5
  458.9   6561   -8.3  -12.1     74   3.31     43    4.2  330.9  342.5  331.6
  458.4   6569   -8.3  -12.0     75   3.34     44    4.3  331.0  342.6  331.6
  457.9   6577   -8.4  -11.8     76   3.39     44    4.3  331.0  342.8  331.7
  457.4   6586   -8.4  -11.8     77   3.41     45    4.4  331.0  342.9  331.7
  456.9   6595   -8.5  -11.8     77   3.39     45    4.5  331.0  342.8  331.7
  456.3   6604   -8.6  -11.9     77   3.38     46    4.5  331.0  342.8  331.7
  455.8   6614   -8.7  -11.9     78   3.39     47    4.6  331.0  342.8  331.7
  455.2   6623   -8.8  -11.9     78   3.39     47    4.7  331.0  342.8  331.7
  454.7   6632   -8.9  -11.9     79   3.40     48    4.8  331.0  342.8  331.7
  454.2   6640   -9.0  -11.9     79   3.40     49    4.9  331.0  342.8  331.7
  453.7   6649   -9.0  -11.8     80   3.41     50    5.0  331.0  342.9  331.7
  453.2   6658   -9.1  -11.8     81   3.42     51    5.1  331.0  342.9  331.7
  452.7   6667   -9.2  -11.9     81   3.41     52    5.2  331.0  342.9  331.7
  452.2   6675   -9.3  -11.9     81   3.41     53    5.4  331.0  342.9  331.7
  451.7   6683   -9.3  -11.9     81   3.40     53    5.5  331.1  342.9  331.8
  451.1   6693   -9.4  -11.9     82   3.41     54    5.6  331.1  343.0  331.8
  450.6   6702   -9.5  -12.0     82   3.40     55    5.7  331.1  343.0  331.8
  450.1   6710   -9.5  -12.1     82   3.38     56    5.9  331.2  343.0  331.9
  449.7   6718   -9.6  -12.2     81   3.35     58    6.0  331.2  342.9  331.9
  449.2   6726   -9.6  -12.3     81   3.32     59    6.1  331.3  342.9  331.9
  448.7   6734   -9.6  -12.5     80   3.28     60    6.2  331.3  342.8  332.0
  448.2   6743   -9.6  -12.8     78   3.21     61    6.2  331.5  342.7  332.1
  447.7   6753   -9.6  -12.9     77   3.17     63    6.3  331.6  342.7  332.2
  447.2   6761   -9.6  -13.0     76   3.15     64    6.4  331.6  342.7  332.3
  446.7   6769   -9.7  -13.0     77   3.15     66    6.5  331.6  342.7  332.3
  446.2   6778   -9.8  -13.1     77   3.14     67    6.6  331.7  342.7  332.3
  445.7   6787   -9.8  -13.1     77   3.13     68    6.7  331.7  342.7  332.3
  445.1   6797   -9.9  -13.2     77   3.11     69    6.8  331.7  342.6  332.3
  444.6   6806  -10.0  -13.3     77   3.11     70    6.9  331.7  342.6  332.4
  444.1   6815  -10.1  -13.3     77   3.10     71    7.0  331.7  342.6  332.3
  443.5   6825  -10.2  -13.4     77   3.08     71    7.1  331.8  342.6  332.4
  442.9   6836  -10.2  -13.6     76   3.03     71    7.2  331.8  342.5  332.4
  442.2   6848  -10.3  -14.1     74   2.92     72    7.3  331.9  342.2  332.5
  441.5   6860  -10.2  -15.2     67   2.67     72    7.4  332.2  341.6  332.7
  440.9   6871  -10.0  -16.3     60   2.43     71    7.4  332.5  341.2  333.0
  440.3   6881   -9.9  -16.9     56   2.31     71    7.5  332.8  341.0  333.2
  439.7   6891   -9.8  -18.6     49   2.01     71    7.5  333.0  340.2  333.4
  439.1   6901   -9.8  -18.3     50   2.06     70    7.6  333.1  340.6  333.6
  438.6   6911   -9.8  -18.9     47   1.96     70    7.6  333.2  340.3  333.6
  438.0   6921   -9.8  -21.2     39   1.61     69    7.7  333.4  339.3  333.7
  437.4   6932   -9.8  -21.0     40   1.65     69    7.8  333.5  339.5  333.8
  436.8   6942   -9.9  -19.7     45   1.83     68    7.9  333.5  340.2  333.9
  436.3   6951  -10.0  -20.2     43   1.76     68    8.0  333.5  339.9  333.9
  435.8   6960  -10.1  -18.7     49   2.01     68    8.1  333.5  340.8  333.9
  435.3   6968  -10.2  -17.7     54   2.20     68    8.2  333.5  341.4  333.9
  434.8   6977  -10.3  -17.3     56   2.26     68    8.4  333.5  341.6  333.9
  434.3   6987  -10.4  -17.1     58   2.31     67    8.6  333.5  341.7  333.9
  433.8   6996  -10.4  -16.8     59   2.36     67    8.7  333.5  342.0  334.0
  433.2   7006  -10.5  -16.8     60   2.38     68    8.9  333.5  342.1  334.0
  432.7   7015  -10.6  -16.9     60   2.36     68    9.1  333.5  342.0  334.0
  432.2   7024  -10.7  -17.1     59   2.32     68    9.3  333.6  341.9  334.1
  431.7   7033  -10.7  -17.4     58   2.27     68    9.5  333.6  341.8  334.1
  431.2   7042  -10.7  -17.8     56   2.20     68    9.7  333.7  341.6  334.1
  430.6   7053  -10.8  -18.1     55   2.15     68    9.9  333.8  341.5  334.2
  430.0   7064  -10.8  -18.5     53   2.08     68   10.0  333.9  341.4  334.3
  429.4   7074  -10.8  -19.1     50   1.97     68   10.1  334.0  341.1  334.4
  428.9   7083  -10.8  -19.9     47   1.85     68   10.2  334.1  340.8  334.5
  428.4   7092  -10.8  -20.0     47   1.83     68   10.3  334.2  340.9  334.6
  427.9   7100  -10.9  -19.6     49   1.90     68   10.4  334.3  341.2  334.7
  427.4   7109  -10.9  -19.4     50   1.93     68   10.4  334.3  341.3  334.7
  426.9   7119  -11.0  -19.3     50   1.95     68   10.4  334.3  341.3  334.7
  426.3   7130  -11.1  -19.3     51   1.96     68   10.5  334.3  341.4  334.7
  425.6   7141  -11.2  -19.3     51   1.95     67   10.5  334.3  341.4  334.7
  425.1   7151  -11.3  -19.4     51   1.95     67   10.5  334.3  341.4  334.7
  424.6   7160  -11.4  -19.4     52   1.95     67   10.5  334.4  341.4  334.8
  424.1   7169  -11.5  -19.3     52   1.96     67   10.5  334.4  341.5  334.8
  423.6   7178  -11.5  -19.0     54   2.01     67   10.5  334.4  341.7  334.8
  423.1   7187  -11.6  -18.8     55   2.06     67   10.5  334.4  341.9  334.8
  422.5   7197  -11.7  -18.5     57   2.10     67   10.4  334.4  342.0  334.8
  421.9   7209  -11.8  -18.4     58   2.13     67   10.4  334.4  342.1  334.9
  421.3   7219  -11.9  -18.4     58   2.13     66   10.3  334.5  342.2  334.9
  420.8   7228  -11.9  -18.6     58   2.11     66   10.2  334.5  342.1  334.9
  420.3   7238  -12.0  -18.6     58   2.10     66   10.2  334.5  342.1  335.0
  419.8   7247  -12.1  -18.8     57   2.07     65   10.1  334.5  342.0  335.0
  419.3   7256  -12.1  -18.8     57   2.07     65   10.0  334.6  342.0  335.0
  418.8   7265  -12.2  -18.9     57   2.06     64    9.9  334.6  342.0  335.0
  418.3   7275  -12.3  -19.0     58   2.05     64    9.9  334.6  342.0  335.0
  417.7   7285  -12.4  -19.0     58   2.04     63    9.8  334.6  342.0  335.0
  417.2   7296  -12.5  -19.1     58   2.03     62    9.8  334.6  342.0  335.0
  416.6   7305  -12.5  -19.2     57   2.01     61    9.8  334.7  342.0  335.1
  416.2   7313  -12.6  -19.3     57   2.00     61    9.8  334.7  342.0  335.1
  415.7   7322  -12.6  -19.3     57   2.00     60    9.9  334.8  342.0  335.2
  415.2   7331  -12.7  -19.4     57   1.99     59    9.9  334.8  342.0  335.2
  414.7   7341  -12.7  -19.4     57   1.99     59   10.0  334.9  342.1  335.3
  414.2   7349  -12.8  -19.4     58   1.99     58   10.0  334.9  342.2  335.4
  413.8   7358  -12.8  -19.4     58   2.00     57   10.1  335.0  342.2  335.4
  413.3   7367  -12.9  -19.4     58   2.00     57   10.1  335.0  342.2  335.4
  412.8   7376  -13.0  -19.5     58   1.99     56   10.2  335.0  342.2  335.4
  412.2   7386  -13.1  -19.6     58   1.98     56   10.3  335.0  342.2  335.4
  411.7   7396  -13.1  -19.6     58   1.97     55   10.4  335.1  342.2  335.5
  411.1   7407  -13.2  -19.6     59   1.98     55   10.5  335.1  342.3  335.5
  410.6   7417  -13.3  -19.7     59   1.96     55   10.6  335.1  342.3  335.5
  410.0   7427  -13.3  -19.7     59   1.96     55   10.7  335.2  342.3  335.6
  409.4   7438  -13.4  -19.7     59   1.96     55   10.8  335.2  342.4  335.6
  408.8   7449  -13.4  -19.8     59   1.96     55   10.9  335.3  342.4  335.7
  408.2   7461  -13.5  -19.8     59   1.95     55   11.1  335.4  342.5  335.8
  407.5   7473  -13.6  -19.9     59   1.95     55   11.2  335.4  342.5  335.8
  406.9   7485  -13.7  -19.9     59   1.94     55   11.2  335.5  342.5  335.9
  406.3   7497  -13.8  -19.9     60   1.95     55   11.3  335.5  342.6  335.9
  405.6   7509  -13.8  -20.0     60   1.94     56   11.3  335.6  342.6  336.0
  405.0   7521  -13.9  -20.2     59   1.91     56   11.3  335.6  342.6  336.0
  404.5   7530  -14.0  -20.5     58   1.85     56   11.3  335.7  342.4  336.0
  404.0   7539  -14.0  -20.8     56   1.81     57   11.3  335.7  342.3  336.1
  403.5   7549  -14.1  -21.1     56   1.77     57   11.2  335.7  342.2  336.1
  402.9   7560  -14.2  -21.2     55   1.76     58   11.2  335.8  342.2  336.1
  402.4   7571  -14.3  -21.2     56   1.76     58   11.1  335.8  342.2  336.1
  401.8   7582  -14.4  -21.3     56   1.75     58   11.0  335.8  342.2  336.2
  401.2   7593  -14.5  -21.3     56   1.74     58   11.0  335.8  342.2  336.1
  400.6   7605  -14.6  -21.4     56   1.74     58   10.9  335.8  342.2  336.1
  400.0   7615  -14.7  -21.6     56   1.71     58   10.9  335.8  342.1  336.2
  399.4   7627  -14.8  -22.0     54   1.66     57   10.9  335.8  341.9  336.2
  398.8   7638  -14.8  -22.4     53   1.60     57   10.9  335.9  341.8  336.2
  398.2   7650  -14.9  -22.6     52   1.57     56   10.9  336.0  341.7  336.3
  397.6   7661  -15.0  -23.0     50   1.51     55   11.0  336.0  341.6  336.3
  397.0   7672  -15.0  -23.7     47   1.42     54   11.1  336.1  341.4  336.4
  396.4   7684  -15.0  -25.6     40   1.21     53   11.2  336.3  340.8  336.6
  395.7   7696  -14.9  -27.8     32   0.99     52   11.3  336.6  340.4  336.8
  395.2   7707  -14.8  -26.6     36   1.11     51   11.4  336.8  340.9  337.0
  394.7   7717  -14.9  -26.0     38   1.16     50   11.6  336.8  341.2  337.1
  394.2   7726  -14.9  -26.2     37   1.14     49   11.7  336.9  341.2  337.1
  393.6   7736  -14.9  -26.3     37   1.14     48   11.9  337.0  341.3  337.3
  393.1   7746  -14.9  -25.8     39   1.19     48   12.0  337.2  341.6  337.4
  392.6   7756  -14.9  -25.6     40   1.22     47   12.2  337.3  341.8  337.5
  392.1   7766  -15.0  -25.5     40   1.23     47   12.4  337.3  341.9  337.6
  391.6   7776  -15.0  -25.6     40   1.22     46   12.5  337.4  341.9  337.6
  391.0   7787  -15.1  -25.8     40   1.20     46   12.7  337.5  342.0  337.7
  390.5   7798  -15.2  -25.7     40   1.22     45   12.9  337.5  342.0  337.7
  389.9   7808  -15.3  -25.5     41   1.23     45   13.0  337.5  342.1  337.7
  389.3   7820  -15.4  -25.5     42   1.24     45   13.1  337.5  342.1  337.7
  388.8   7830  -15.5  -25.5     42   1.24     45   13.2  337.5  342.1  337.7
  388.3   7840  -15.6  -25.7     41   1.22     44   13.3  337.5  342.1  337.8
  387.7   7851  -15.6  -26.0     41   1.19     44   13.4  337.6  342.0  337.8
  387.1   7863  -15.7  -26.2     40   1.17     44   13.5  337.6  342.0  337.9
  386.5   7874  -15.8  -26.0     41   1.19     44   13.6  337.7  342.2  337.9
  386.0   7885  -15.9  -26.0     42   1.20     44   13.6  337.7  342.2  337.9
  385.4   7895  -15.9  -26.6     39   1.13     43   13.7  337.8  342.1  338.0
  384.9   7905  -15.9  -28.5     33   0.95     43   13.7  338.0  341.6  338.2
  384.4   7915  -15.8  -30.0     28   0.83     43   13.7  338.2  341.4  338.4
  383.9   7925  -15.8  -31.4     25   0.72     43   13.8  338.3  341.1  338.4
  383.4   7936  -15.9  -32.3     23   0.66     43   13.8  338.4  340.9  338.5
  382.9   7945  -15.9  -32.2     23   0.67     43   13.8  338.4  341.1  338.6
  382.5   7954  -15.9  -31.3     25   0.74     43   13.8  338.5  341.3  338.6
  382.0   7963  -16.0  -31.0     26   0.76     43   13.8  338.5  341.5  338.7
  381.5   7973  -16.1  -31.0     27   0.76     43   13.8  338.6  341.5  338.7
  381.0   7983  -16.2  -30.6     28   0.79     43   13.8  338.5  341.6  338.7
  380.4   7994  -16.3  -30.4     28   0.80     43   13.7  338.6  341.7  338.8
  379.9   8004  -16.3  -30.4     29   0.80     43   13.7  338.6  341.7  338.8
  379.3   8016  -16.4  -30.2     29   0.82     43   13.6  338.6  341.8  338.8
  378.7   8027  -16.5  -30.2     30   0.83     44   13.6  338.7  341.9  338.8
  378.2   8038  -16.6  -30.2     30   0.82     44   13.5  338.7  341.8  338.8
  377.7   8048  -16.7  -30.2     30   0.83     44   13.4  338.7  341.9  338.9
  377.1   8059  -16.8  -30.0     31   0.85     44   13.4  338.7  342.0  338.9
  376.6   8069  -16.9  -29.6     32   0.87     44   13.3  338.7  342.1  338.9
  376.2   8079  -17.0  -29.4     33   0.90     44   13.3  338.7  342.2  338.9
  375.7   8088  -17.0  -29.2     34   0.91     43   13.3  338.8  342.3  339.0
  375.2   8097  -17.1  -29.3     34   0.90     43   13.2  338.8  342.3  339.0
  374.7   8107  -17.2  -29.3     34   0.91     43   13.2  338.9  342.3  339.1
  374.2   8118  -17.2  -29.1     35   0.92     42   13.2  338.9  342.4  339.1
  373.6   8129  -17.3  -29.1     35   0.92     42   13.2  338.9  342.5  339.1
  373.0   8142  -17.4  -29.0     36   0.93     41   13.2  338.9  342.5  339.1
  372.4   8154  -17.5  -29.0     36   0.94     41   13.2  339.0  342.6  339.2
  371.9   8164  -17.6  -29.0     36   0.94     40   13.2  339.0  342.6  339.2
  371.4   8174  -17.7  -29.0     37   0.94     40   13.1  339.0  342.6  339.2
  370.8   8186  -17.8  -29.0     37   0.94     39   13.1  339.0  342.6  339.2
  370.3   8197  -17.9  -29.1     37   0.94     38   13.0  339.0  342.6  339.2
  369.7   8209  -18.0  -29.1     37   0.94     38   12.9  339.0  342.6  339.2
  369.1   8221  -18.1  -28.9     38   0.95     37   12.8  339.1  342.7  339.2
  368.6   8231  -18.2  -28.9     39   0.96     37   12.7  339.1  342.7  339.3
  368.1   8240  -18.3  -28.8     39   0.96     37   12.6  339.1  342.8  339.3
  367.7   8249  -18.4  -28.5     41   0.99     36   12.4  339.1  342.9  339.3
  367.2   8259  -18.4  -28.5     41   1.00     36   12.3  339.1  342.9  339.3
  366.7   8270  -18.5  -28.6     41   0.99     36   12.2  339.1  342.9  339.3
  366.1   8281  -18.6  -28.7     41   0.98     35   12.1  339.1  342.9  339.4
  365.6   8292  -18.7  -28.3     43   1.02     35   12.0  339.2  343.1  339.4
  365.1   8302  -18.8  -27.5     46   1.10     35   11.9  339.2  343.4  339.4
  364.6   8312  -18.9  -27.5     46   1.10     35   11.8  339.2  343.4  339.5
  364.2   8321  -18.9  -28.1     44   1.04     35   11.7  339.3  343.2  339.5
  363.7   8331  -19.0  -28.2     44   1.04     35   11.5  339.3  343.3  339.5
  363.2   8341  -19.1  -27.4     48   1.12     35   11.4  339.3  343.6  339.6
  362.6   8352  -19.2  -26.7     51   1.19     35   11.3  339.4  343.9  339.6
  362.1   8364  -19.2  -26.0     55   1.27     35   11.1  339.4  344.2  339.7
  361.5   8375  -19.3  -25.6     58   1.33     35   10.9  339.5  344.5  339.8
  361.0   8387  -19.3  -24.8     62   1.43     35   10.7  339.6  344.9  339.9
  360.5   8397  -19.3  -24.0     67   1.53     35   10.6  339.7  345.5  340.0
  360.0   8407  -19.4  -23.8     68   1.56     36   10.4  339.8  345.6  340.1
  359.5   8417  -19.4  -24.0     67   1.54     36   10.2  339.9  345.7  340.2
  359.0   8427  -19.4  -24.2     66   1.51     36   10.0  340.0  345.7  340.3
  358.5   8437  -19.4  -24.6     63   1.46     36    9.8  340.1  345.6  340.4
  358.1   8446  -19.4  -25.1     61   1.40     36    9.6  340.3  345.5  340.5
  357.6   8456  -19.5  -25.4     59   1.36     36    9.4  340.3  345.5  340.6
  357.1   8466  -19.5  -25.9     57   1.30     36    9.3  340.4  345.4  340.7
  356.6   8476  -19.5  -26.4     54   1.25     36    9.2  340.6  345.3  340.8
  356.1   8488  -19.5  -26.7     53   1.21     36    9.1  340.7  345.3  340.9
  355.6   8498  -19.5  -27.0     51   1.18     36    9.0  340.8  345.3  341.0
  355.2   8507  -19.6  -27.4     50   1.14     36    9.0  340.9  345.2  341.1
  354.7   8516  -19.6  -27.6     49   1.12     37    9.0  341.0  345.2  341.2
  354.2   8526  -19.6  -27.6     49   1.12     37    9.0  341.1  345.4  341.3
  353.8   8535  -19.6  -27.5     50   1.14     37    9.0  341.1  345.5  341.4
  353.4   8543  -19.7  -27.5     50   1.14     37    9.1  341.2  345.5  341.4
  353.0   8551  -19.8  -27.5     50   1.14     37    9.2  341.2  345.5  341.4
  352.6   8561  -19.9  -27.5     51   1.14     37    9.3  341.2  345.5  341.4
  352.1   8570  -19.9  -27.6     50   1.13     37    9.4  341.2  345.5  341.4
  351.7   8579  -20.0  -27.7     50   1.12     37    9.6  341.2  345.5  341.4
  351.2   8590  -20.1  -27.8     50   1.11     38    9.7  341.2  345.5  341.5
  350.7   8600  -20.1  -27.9     50   1.11     38    9.9  341.3  345.5  341.5
  350.3   8609  -20.2  -27.9     51   1.11     38   10.1  341.3  345.6  341.5
  349.9   8617  -20.3  -27.8     51   1.12     39   10.2  341.3  345.6  341.5
  349.5   8627  -20.4  -27.7     52   1.13     39   10.3  341.3  345.6  341.5
  349.0   8637  -20.5  -27.6     53   1.14     40   10.4  341.3  345.7  341.6
  348.5   8647  -20.6  -27.6     53   1.14     40   10.5  341.3  345.7  341.6
  348.1   8657  -20.7  -27.6     54   1.14     40   10.6  341.3  345.7  341.6
  347.6   8666  -20.7  -27.6     54   1.14     41   10.7  341.4  345.7  341.6
  347.2   8676  -20.8  -27.6     55   1.14     41   10.7  341.3  345.7  341.6
  346.7   8686  -20.9  -27.6     55   1.15     41   10.8  341.3  345.7  341.6
  346.3   8695  -21.0  -27.6     55   1.15     41   10.8  341.3  345.7  341.6
  345.8   8704  -21.1  -27.6     56   1.15     41   10.9  341.4  345.7  341.6
  345.4   8714  -21.2  -27.6     56   1.15     42   10.9  341.4  345.7  341.6
  345.0   8723  -21.3  -27.8     55   1.13     42   11.0  341.4  345.7  341.6
  344.5   8732  -21.3  -27.9     55   1.12     42   11.2  341.4  345.7  341.7
  344.2   8740  -21.4  -28.1     55   1.10     42   11.3  341.4  345.6  341.6
  343.8   8748  -21.5  -28.3     54   1.08     42   11.5  341.4  345.6  341.7
  343.4   8757  -21.5  -28.5     53   1.06     42   11.6  341.5  345.5  341.7
  342.9   8767  -21.6  -28.7     53   1.05     42   11.8  341.5  345.5  341.7
  342.4   8777  -21.7  -28.7     53   1.05     43   11.9  341.5  345.6  341.8
  342.0   8787  -21.8  -28.8     53   1.04     43   12.1  341.6  345.6  341.8
  341.5   8796  -21.8  -28.9     53   1.04     43   12.2  341.6  345.6  341.8
  341.1   8806  -21.9  -28.9     53   1.03     43   12.3  341.6  345.6  341.8
  340.6   8817  -22.0  -28.8     54   1.04     43   12.4  341.6  345.6  341.8
  340.1   8827  -22.0  -28.6     55   1.06     43   12.4  341.8  345.9  342.0
  339.6   8838  -21.9  -29.2     52   1.01     43   12.5  342.0  345.9  342.2
  339.2   8847  -22.0  -30.5     46   0.89     43   12.5  342.1  345.6  342.3
  338.7   8857  -22.0  -30.9     44   0.86     43   12.5  342.2  345.5  342.4
  338.3   8867  -22.1  -30.5     46   0.89     43   12.6  342.2  345.7  342.4
  337.7   8879  -22.1  -30.9     45   0.87     43   12.6  342.3  345.7  342.5
  337.2   8891  -22.2  -31.5     43   0.82     44   12.7  342.3  345.5  342.5
  336.7   8902  -22.3  -31.3     44   0.83     44   12.7  342.4  345.6  342.6
  336.2   8913  -22.4  -31.2     44   0.84     44   12.8  342.4  345.7  342.6
  335.7   8923  -22.5  -31.2     45   0.84     45   12.8  342.4  345.7  342.6
  335.3   8933  -22.5  -30.8     47   0.88     45   12.9  342.4  345.8  342.6
  334.8   8943  -22.6  -29.9     51   0.95     46   12.9  342.5  346.1  342.7
  334.3   8953  -22.7  -29.6     53   0.98     46   13.0  342.5  346.3  342.7
  333.9   8963  -22.8  -29.3     55   1.01     46   13.0  342.4  346.4  342.7
  333.4   8973  -22.9  -29.3     56   1.02     47   13.0  342.5  346.4  342.7
  333.0   8983  -23.0  -29.5     55   1.00     47   13.1  342.5  346.3  342.7
  332.5   8993  -23.1  -29.6     55   0.99     47   13.1  342.5  346.3  342.7
  332.1   9003  -23.2  -29.6     56   1.00     48   13.1  342.5  346.4  342.7
  331.6   9013  -23.2  -29.6     56   0.99     48   13.1  342.6  346.4  342.8
  331.2   9022  -23.3  -29.7     56   0.98     48   13.0  342.6  346.4  342.8
  330.8   9030  -23.4  -29.8     56   0.98     48   13.0  342.6  346.4  342.8
  330.5   9038  -23.5  -29.8     56   0.98     48   13.0  342.6  346.3  342.8
  330.1   9046  -23.6  -29.8     56   0.98     48   13.0  342.6  346.3  342.8
  329.7   9054  -23.6  -29.9     57   0.98     48   13.0  342.6  346.4  342.8
  329.4   9063  -23.7  -29.9     57   0.98     48   13.1  342.6  346.4  342.8
  329.0   9070  -23.8  -29.8     57   0.98     49   13.1  342.6  346.4  342.8
  328.6   9079  -23.9  -29.9     58   0.98     49   13.1  342.6  346.4  342.8
  328.2   9088  -23.9  -29.9     58   0.98     49   13.1  342.6  346.4  342.8
  327.8   9096  -24.0  -29.9     58   0.98     49   13.2  342.6  346.4  342.8
  327.5   9104  -24.1  -30.0     58   0.97     49   13.2  342.6  346.4  342.8
  327.1   9112  -24.2  -30.0     59   0.97     50   13.3  342.6  346.4  342.8
  326.8   9120  -24.2  -30.0     59   0.97     50   13.3  342.6  346.4  342.8
  326.4   9129  -24.3  -29.9     60   0.98     50   13.3  342.6  346.4  342.8
  326.0   9137  -24.4  -30.0     60   0.98     50   13.3  342.6  346.4  342.8
  325.6   9146  -24.5  -30.0     60   0.98     50   13.3  342.6  346.4  342.8
  325.2   9156  -24.6  -30.0     60   0.97     51   13.4  342.6  346.4  342.8
  324.7   9167  -24.7  -30.2     60   0.96     51   13.4  342.7  346.4  342.9
  324.2   9177  -24.7  -30.3     60   0.95     51   13.4  342.7  346.4  342.9
  323.8   9186  -24.8  -30.4     60   0.94     52   13.4  342.7  346.4  342.9
  323.4   9197  -24.9  -30.6     59   0.93     52   13.4  342.7  346.3  342.9
  322.9   9208  -25.0  -30.9     58   0.90     53   13.5  342.8  346.3  343.0
  322.3   9220  -25.1  -31.0     58   0.89     53   13.5  342.8  346.3  343.0
  321.9   9229  -25.1  -31.1     58   0.89     54   13.6  342.9  346.3  343.0
  321.6   9237  -25.2  -31.1     58   0.89     54   13.6  342.9  346.3  343.1
  321.3   9243  -25.3  -31.1     58   0.89     55   13.7  342.9  346.3  343.1
  321.0   9251  -25.3  -31.1     58   0.89     56   13.8  342.9  346.3  343.0
  320.6   9259  -25.4  -31.3     58   0.88     56   13.9  342.9  346.3  343.1
  320.2   9267  -25.5  -31.6     56   0.85     57   14.0  342.9  346.2  343.1
  319.9   9275  -25.5  -31.9     55   0.83     58   14.1  342.9  346.2  343.1
  319.4   9285  -25.6  -32.1     55   0.82     58   14.2  343.0  346.2  343.1
  319.0   9296  -25.7  -32.5     53   0.78     59   14.3  343.0  346.1  343.2
  318.5   9307  -25.8  -33.4     49   0.72     60   14.4  343.0  345.9  343.2
  318.0   9317  -25.8  -34.9     42   0.62     60   14.6  343.1  345.6  343.3
  317.6   9328  -25.9  -36.0     38   0.56     61   14.7  343.2  345.4  343.3
  317.1   9339  -25.9  -36.9     35   0.51     62   14.8  343.2  345.3  343.3
  316.6   9350  -26.0  -38.6     29   0.43     62   15.0  343.3  345.1  343.4
  316.1   9362  -26.0  -39.8     26   0.38     63   15.1  343.4  345.0  343.5
  315.6   9373  -26.1  -39.5     27   0.40     63   15.2  343.5  345.1  343.6
  315.1   9383  -26.1  -40.0     26   0.38     64   15.3  343.6  345.1  343.7
  314.7   9394  -26.2  -40.2     25   0.37     65   15.4  343.7  345.2  343.7
  314.2   9404  -26.2  -40.1     26   0.37     65   15.5  343.7  345.2  343.8
  313.7   9415  -26.3  -40.3     25   0.36     66   15.6  343.7  345.2  343.8
  313.3   9427  -26.4  -40.6     25   0.35     66   15.7  343.8  345.2  343.8
  312.8   9437  -26.5  -40.7     25   0.35     67   15.7  343.8  345.2  343.9
  312.4   9447  -26.6  -40.6     25   0.36     67   15.8  343.8  345.2  343.8
  312.0   9457  -26.7  -40.6     26   0.35     67   15.9  343.8  345.2  343.8
  311.5   9466  -26.8  -40.7     26   0.35     68   16.0  343.8  345.3  343.9
  311.2   9475  -26.9  -40.7     26   0.35     68   16.1  343.8  345.2  343.9
  310.8   9484  -26.9  -40.9     25   0.34     69   16.2  343.8  345.2  343.9
  310.4   9493  -27.0  -41.1     25   0.34     69   16.3  343.8  345.2  343.9
  310.0   9503  -27.1  -41.4     24   0.33     69   16.4  343.8  345.2  343.9
  309.5   9513  -27.1  -42.0     23   0.31     69   16.6  344.0  345.2  344.0
  309.1   9523  -27.2  -42.5     22   0.29     70   16.7  344.0  345.2  344.1
  308.6   9534  -27.2  -42.4     22   0.30     70   16.8  344.1  345.3  344.2
  308.2   9544  -27.3  -42.2     23   0.30     70   16.9  344.1  345.4  344.2
  307.8   9552  -27.4  -42.1     23   0.31     71   17.0  344.1  345.4  344.2
  307.4   9562  -27.5  -41.9     24   0.32     71   17.1  344.1  345.4  344.2
  307.0   9572  -27.6  -41.6     25   0.33     71   17.1  344.1  345.5  344.2
  306.6   9581  -27.6  -41.5     26   0.33     71   17.1  344.2  345.5  344.2
  306.3   9589  -27.7  -41.5     26   0.33     72   17.2  344.2  345.5  344.2
  305.9   9598  -27.8  -41.3     26   0.34     72   17.2  344.2  345.6  344.2
  305.5   9607  -27.9  -40.9     28   0.35     73   17.2  344.2  345.6  344.3
  305.2   9615  -27.9  -40.7     29   0.36     73   17.2  344.2  345.7  344.3
  304.8   9624  -28.0  -40.1     31   0.38     73   17.3  344.2  345.8  344.3
  304.4   9633  -28.1  -39.1     34   0.43     74   17.3  344.3  346.0  344.3
  304.1   9641  -28.1  -38.7     36   0.44     74   17.3  344.3  346.0  344.3
  303.7   9650  -28.2  -39.0     35   0.43     74   17.4  344.3  346.0  344.4
  303.3   9660  -28.3  -38.9     35   0.43     74   17.5  344.3  346.1  344.4
  302.9   9669  -28.4  -38.8     36   0.44     74   17.5  344.3  346.1  344.4
  302.5   9678  -28.5  -38.8     37   0.44     74   17.6  344.3  346.1  344.4
  302.1   9688  -28.6  -38.6     38   0.45     74   17.7  344.3  346.1  344.3
  301.6   9699  -28.7  -38.5     38   0.45     74   17.8  344.3  346.1  344.4
  301.2   9709  -28.8  -38.6     38   0.45     74   17.8  344.3  346.1  344.4
  300.8   9719  -28.9  -38.7     38   0.45     74   17.9  344.3  346.1  344.4
  300.4   9728  -29.0  -38.7     39   0.45     74   18.0  344.3  346.1  344.4
  300.0   9737  -29.1  -38.5     40   0.46     74   18.0  344.3  346.1  344.4
  299.9   9739  -29.1  -38.5     40   0.46     73   18.0  344.3  346.2  344.4
  299.5   9750  -29.2  -38.3     41   0.47     73   18.0  344.3  346.2  344.4
  299.0   9761  -29.3  -38.2     42   0.47     73   18.0  344.3  346.2  344.4
  298.6   9771  -29.4  -38.2     42   0.47     73   18.0  344.3  346.2  344.4
  298.2   9780  -29.5  -38.3     42   0.47     73   18.0  344.3  346.2  344.4
  297.8   9790  -29.6  -38.3     42   0.47     72   18.0  344.3  346.2  344.4
  297.4   9801  -29.7  -38.3     43   0.47     72   17.9  344.3  346.2  344.4
  296.9   9812  -29.8  -38.4     43   0.47     72   17.9  344.3  346.2  344.4
  296.4   9823  -29.9  -38.4     43   0.47     72   17.9  344.3  346.2  344.4
  296.0   9834  -30.0  -38.5     43   0.47     72   17.8  344.3  346.2  344.4
  295.5   9845  -30.1  -38.6     43   0.46     72   17.8  344.3  346.2  344.4
  295.1   9855  -30.2  -38.5     44   0.47     72   17.7  344.3  346.2  344.4
  294.7   9865  -30.3  -38.4     45   0.47     72   17.7  344.3  346.2  344.4
  294.3   9875  -30.4  -38.6     45   0.46     72   17.7  344.3  346.2  344.4
  293.8   9885  -30.5  -38.9     44   0.45     72   17.6  344.3  346.1  344.4
  293.4   9896  -30.6  -39.1     43   0.44     72   17.6  344.3  346.1  344.4
  292.9   9908  -30.7  -39.4     42   0.43     72   17.6  344.3  346.0  344.4
  292.5   9919  -30.8  -39.7     41   0.41     72   17.6  344.3  346.0  344.4
  292.1   9927  -30.9  -39.8     41   0.41     72   17.6  344.4  346.0  344.5
  291.8   9935  -30.9  -39.9     41   0.41     72   17.6  344.4  346.0  344.4
  291.4   9944  -31.0  -40.0     41   0.40     72   17.6  344.4  346.0  344.5
  291.1   9952  -31.1  -40.2     41   0.40     72   17.7  344.4  346.0  344.5
  290.7   9960  -31.1  -40.2     40   0.40     72   17.7  344.4  346.1  344.5
  290.4   9970  -31.2  -40.3     41   0.40     72   17.8  344.4  346.1  344.5
  290.0   9979  -31.3  -40.4     40   0.39     72   17.9  344.5  346.0  344.5
  289.6   9989  -31.4  -40.6     40   0.38     71   18.0  344.5  346.1  344.6
  289.2   9999  -31.5  -40.6     40   0.38     71   18.1  344.5  346.1  344.6
  288.8  10009  -31.5  -40.5     41   0.39     71   18.3  344.5  346.1  344.6
  288.4  10019  -31.6  -40.6     41   0.38     71   18.4  344.6  346.1  344.6
  287.9  10029  -31.7  -40.7     40   0.38     70   18.5  344.6  346.2  344.7
  287.6  10038  -31.8  -40.8     41   0.38     70   18.7  344.6  346.1  344.7
  287.2  10048  -31.9  -40.7     41   0.38     70   18.8  344.6  346.2  344.7
  286.8  10058  -32.0  -40.6     42   0.39     70   18.9  344.6  346.2  344.7
  286.4  10067  -32.1  -40.5     43   0.39     69   19.0  344.6  346.2  344.7
  286.0  10076  -32.1  -40.7     42   0.38     69   19.1  344.6  346.2  344.7
  285.7  10085  -32.2  -41.0     41   0.37     69   19.2  344.6  346.1  344.7
  285.3  10094  -32.3  -41.3     40   0.36     69   19.2  344.7  346.2  344.8
  284.9  10104  -32.3  -41.7     39   0.34     69   19.3  344.7  346.1  344.8
  284.5  10113  -32.4  -41.9     38   0.34     69   19.3  344.7  346.1  344.8
  284.2  10122  -32.5  -42.0     38   0.34     69   19.3  344.7  346.1  344.8
  283.8  10132  -32.6  -42.3     37   0.33     69   19.4  344.8  346.1  344.8
  283.3  10143  -32.6  -42.3     37   0.33     68   19.4  344.8  346.2  344.9
  282.9  10154  -32.7  -42.2     38   0.33     68   19.4  344.8  346.2  344.9
  282.5  10165  -32.8  -42.3     38   0.33     68   19.4  344.8  346.2  344.9
  282.0  10175  -32.9  -42.5     38   0.32     67   19.4  344.9  346.2  344.9
  281.6  10187  -33.0  -43.0     36   0.31     67   19.4  344.9  346.2  345.0
  281.2  10197  -33.1  -43.4     35   0.29     67   19.4  345.0  346.2  345.0
  280.8  10207  -33.1  -43.4     35   0.29     66   19.4  345.0  346.2  345.1
  280.4  10216  -33.2  -43.4     35   0.29     66   19.3  345.0  346.2  345.1
  280.0  10226  -33.3  -43.6     35   0.29     65   19.3  345.1  346.3  345.1
  279.6  10236  -33.4  -43.9     34   0.28     65   19.2  345.1  346.3  345.2
  279.2  10245  -33.4  -44.1     34   0.27     65   19.1  345.1  346.3  345.2
  278.9  10255  -33.5  -44.2     33   0.27     65   19.1  345.1  346.3  345.2
  278.5  10264  -33.6  -44.4     33   0.27     64   19.0  345.2  346.3  345.3
  278.1  10273  -33.7  -44.3     34   0.27     64   18.9  345.2  346.3  345.3
  277.8  10282  -33.7  -44.2     34   0.27     64   18.9  345.2  346.3  345.2
  277.4  10292  -33.8  -44.3     34   0.27     64   18.9  345.2  346.3  345.3
  277.1  10300  -33.9  -44.7     33   0.26     64   18.9  345.2  346.3  345.3
  276.7  10309  -34.0  -44.9     32   0.25     64   19.0  345.3  346.3  345.3
  276.3  10319  -34.1  -44.7     33   0.26     64   19.1  345.3  346.4  345.3
  275.9  10328  -34.1  -44.8     33   0.26     64   19.2  345.3  346.4  345.4
  275.6  10338  -34.2  -45.1     32   0.25     64   19.3  345.3  346.4  345.4
  275.2  10346  -34.3  -45.3     32   0.24     64   19.4  345.4  346.4  345.4
  274.9  10355  -34.3  -45.7     31   0.23     64   19.5  345.4  346.4  345.4
  274.5  10365  -34.4  -45.6     31   0.23     63   19.6  345.5  346.4  345.5
  274.2  10374  -34.4  -45.5     32   0.24     63   19.7  345.5  346.5  345.5
  273.8  10382  -34.5  -45.5     32   0.24     63   19.8  345.5  346.5  345.6
  273.5  10392  -34.5  -45.4     32   0.24     63   19.8  345.6  346.6  345.7
  273.1  10400  -34.5  -45.5     32   0.24     62   19.9  345.7  346.7  345.8
  272.8  10408  -34.6  -45.7     31   0.23     62   19.9  345.8  346.8  345.8
  272.5  10416  -34.6  -45.7     32   0.24     62   19.9  345.8  346.8  345.9
  272.1  10425  -34.6  -45.0     34   0.25     62   19.9  345.9  347.0  346.0
  271.8  10434  -34.7  -44.9     35   0.26     61   19.8  346.0  347.1  346.0
  271.5  10443  -34.7  -45.2     34   0.25     61   19.8  346.0  347.1  346.1
  271.1  10453  -34.8  -45.6     33   0.24     61   19.7  346.1  347.1  346.1
  270.7  10462  -34.8  -45.7     32   0.24     61   19.7  346.2  347.2  346.2
  270.4  10471  -34.9  -45.4     33   0.24     61   19.6  346.2  347.2  346.2
  270.0  10481  -35.0  -45.1     35   0.25     60   19.6  346.2  347.2  346.2
  269.6  10491  -35.1  -45.4     34   0.25     60   19.5  346.2  347.2  346.3
  269.2  10501  -35.2  -45.8     33   0.24     60   19.5  346.3  347.2  346.3
  268.8  10512  -35.2  -46.0     32   0.23     60   19.5  346.3  347.3  346.3
  268.4  10523  -35.3  -46.5     31   0.22     59   19.4  346.3  347.2  346.4
  268.0  10532  -35.4  -46.6     31   0.22     59   19.4  346.3  347.3  346.4
  267.7  10541  -35.5  -46.5     31   0.22     59   19.3  346.4  347.3  346.4
  267.3  10549  -35.5  -46.2     33   0.23     59   19.3  346.4  347.3  346.4
  267.0  10558  -35.6  -45.9     34   0.24     58   19.2  346.4  347.4  346.5
  266.6  10568  -35.6  -46.6     31   0.22     58   19.1  346.6  347.5  346.6
  266.3  10578  -35.5  -47.2     29   0.20     58   19.1  346.8  347.7  346.8
  265.9  10587  -35.5  -45.9     34   0.24     57   19.0  346.9  347.9  347.0
  265.6  10595  -35.6  -45.2     37   0.26     57   19.0  347.0  348.0  347.0
  265.3  10603  -35.6  -44.6     39   0.27     57   18.9  347.0  348.2  347.1
  264.9  10612  -35.6  -45.0     37   0.26     56   18.9  347.2  348.3  347.2
  264.6  10620  -35.6  -46.0     34   0.24     56   18.9  347.3  348.3  347.4
  264.3  10628  -35.6  -45.6     35   0.25     56   18.9  347.4  348.5  347.5
  264.0  10636  -35.6  -44.7     39   0.27     56   18.9  347.5  348.6  347.6
  263.7  10646  -35.7  -44.3     41   0.28     56   19.0  347.6  348.7  347.6
  263.3  10655  -35.7  -44.2     41   0.29     55   19.0  347.6  348.8  347.7
  263.0  10664  -35.8  -44.2     42   0.29     55   19.1  347.6  348.8  347.7
  262.6  10673  -35.9  -44.2     42   0.29     55   19.2  347.6  348.8  347.7
  262.3  10683  -36.0  -44.0     44   0.30     55   19.4  347.6  348.9  347.7
  261.9  10693  -36.0  -43.8     45   0.30     56   19.5  347.7  349.0  347.8
  261.5  10703  -36.1  -43.9     45   0.30     56   19.7  347.8  349.0  347.8
  261.1  10714  -36.2  -44.2     43   0.29     56   19.8  347.8  349.0  347.9
  260.7  10724  -36.2  -44.3     43   0.29     56   19.9  347.9  349.1  347.9
  260.3  10734  -36.3  -44.4     43   0.28     56   20.1  347.9  349.1  347.9
  260.0  10743  -36.4  -44.7     42   0.28     56   20.2  347.9  349.0  347.9
  259.6  10753  -36.5  -45.0     41   0.27     56   20.3  347.9  349.0  348.0
  259.3  10762  -36.5  -45.5     39   0.25     56   20.3  348.0  349.0  348.0
  258.9  10772  -36.6  -46.1     37   0.24     56   20.4  348.1  349.1  348.1
  258.5  10782  -36.6  -46.4     36   0.23     56   20.4  348.1  349.1  348.2
  258.2  10791  -36.7  -46.6     35   0.23     55   20.5  348.2  349.1  348.2
  257.9  10800  -36.7  -46.6     35   0.22     55   20.5  348.2  349.2  348.3
  257.5  10808  -36.8  -46.7     35   0.22     55   20.5  348.3  349.3  348.4
  257.2  10817  -36.8  -47.2     33   0.21     55   20.4  348.4  349.3  348.4
  256.9  10826  -36.8  -47.6     32   0.20     55   20.4  348.4  349.3  348.5
  256.6  10835  -36.9  -47.5     32   0.20     55   20.4  348.4  349.3  348.5
  256.2  10844  -37.0  -47.8     32   0.20     54   20.4  348.5  349.3  348.5
  255.9  10853  -37.0  -48.4     30   0.19     54   20.4  348.5  349.3  348.6
  255.6  10862  -37.1  -48.6     29   0.18     54   20.3  348.6  349.4  348.6
  255.3  10870  -37.1  -48.7     29   0.18     54   20.3  348.6  349.4  348.6
  254.9  10879  -37.2  -48.8     29   0.18     54   20.3  348.6  349.4  348.7
  254.6  10887  -37.3  -48.9     29   0.18     54   20.4  348.7  349.4  348.7
  254.3  10896  -37.4  -49.1     28   0.17     54   20.4  348.7  349.4  348.7
  254.0  10905  -37.4  -49.1     28   0.17     54   20.5  348.7  349.4  348.7
  253.6  10914  -37.5  -49.2     28   0.17     54   20.5  348.7  349.5  348.8
  253.3  10923  -37.6  -49.4     28   0.17     54   20.6  348.7  349.5  348.8
  253.0  10932  -37.7  -49.5     28   0.17     54   20.7  348.7  349.5  348.8
  252.7  10940  -37.7  -49.6     28   0.16     54   20.8  348.7  349.5  348.8
  252.3  10949  -37.8  -50.0     27   0.16     54   20.8  348.8  349.5  348.8
  252.0  10959  -37.9  -50.2     26   0.15     54   20.9  348.8  349.5  348.9
  251.7  10967  -37.9  -50.4     26   0.15     54   21.0  348.9  349.5  348.9
  251.4  10976  -38.0  -50.6     26   0.15     54   21.0  348.9  349.5  348.9
  251.0  10985  -38.0  -50.4     26   0.15     54   21.1  349.0  349.6  349.0
  250.7  10993  -38.1  -49.6     29   0.16     54   21.1  349.0  349.7  349.0
  250.4  11002  -38.2  -49.3     30   0.17     54   21.1  349.0  349.7  349.0
  250.1  11010  -38.3  -49.4     30   0.17     54   21.1  349.0  349.7  349.0
  250.0  11014  -38.3  -49.5     30   0.17     54   21.1  349.0  349.7  349.0
  249.8  11018  -38.4  -49.5     30   0.17     54   21.1  349.0  349.7  349.0
  249.5  11027  -38.4  -49.6     30   0.17     54   21.1  349.0  349.7  349.0
  249.2  11036  -38.5  -49.7     30   0.17     54   21.1  349.0  349.8  349.1
  248.9  11045  -38.5  -49.8     29   0.16     54   21.0  349.1  349.8  349.1
  248.5  11055  -38.6  -49.9     29   0.16     54   21.0  349.1  349.8  349.2
  248.2  11064  -38.7  -49.9     30   0.16     54   21.0  349.1  349.8  349.2
  247.8  11073  -38.8  -50.0     29   0.16     54   20.9  349.2  349.9  349.2
  247.5  11082  -38.9  -50.3     29   0.15     54   20.9  349.1  349.8  349.2
  247.2  11092  -39.0  -50.4     29   0.15     55   20.9  349.1  349.8  349.2
  246.8  11101  -39.0  -50.6     28   0.15     55   20.8  349.2  349.8  349.2
  246.5  11111  -39.1  -51.0     27   0.14     55   20.8  349.2  349.8  349.2
  246.1  11120  -39.1  -51.3     26   0.14     55   20.8  349.3  349.9  349.3
  245.8  11130  -39.2  -51.6     26   0.13     55   20.8  349.3  349.9  349.4
  245.5  11139  -39.3  -51.5     26   0.13     55   20.8  349.3  349.9  349.3
  245.2  11148  -39.3  -51.4     27   0.14     55   20.8  349.4  350.0  349.4
  244.8  11157  -39.4  -51.4     27   0.14     55   20.8  349.5  350.1  349.5
  244.5  11167  -39.5  -51.5     27   0.14     56   20.9  349.4  350.0  349.5
  244.2  11176  -39.6  -51.4     27   0.14     56   20.9  349.4  350.0  349.4
  243.9  11184  -39.6  -51.5     27   0.14     56   21.0  349.4  350.0  349.5
  243.6  11192  -39.7  -51.6     27   0.13     56   21.0  349.4  350.0  349.5
  243.3  11199  -39.8  -51.4     28   0.14     56   21.1  349.4  350.0  349.4
  243.0  11207  -39.9  -51.2     29   0.14     56   21.2  349.4  350.1  349.5
  242.7  11215  -39.9  -51.1     29   0.14     56   21.2  349.5  350.1  349.5
  242.4  11224  -40.0  -51.3     29   0.14     57   21.3  349.5  350.1  349.5
  242.1  11233  -40.1  -51.4     29   0.14     57   21.3  349.5  350.1  349.5
  241.8  11242  -40.2  -51.3     30   0.14     57   21.4  349.4  350.0  349.5
  241.5  11250  -40.3  -51.2     30   0.14     57   21.4  349.4  350.0  349.4
  241.2  11259  -40.4  -51.4     30   0.14     57   21.5  349.4  350.0  349.5
  240.9  11267  -40.4  -51.8     29   0.13     57   21.5  349.5  350.1  349.5
  240.6  11275  -40.5  -52.0     28   0.13     58   21.5  349.5  350.1  349.6
  240.3  11283  -40.6  -52.1     28   0.13     58   21.5  349.6  350.1  349.6
  240.0  11292  -40.6  -52.0     28   0.13     58   21.5  349.6  350.1  349.6
  239.8  11299  -40.7  -51.8     29   0.13     58   21.5  349.5  350.1  349.5
  239.5  11307  -40.8  -51.7     30   0.13     58   21.5  349.5  350.1  349.5
  239.1  11317  -40.9  -51.7     30   0.14     58   21.5  349.5  350.1  349.6
  238.8  11326  -40.9  -51.7     30   0.14     58   21.6  349.6  350.2  349.6
  238.5  11334  -41.0  -51.4     32   0.14     58   21.6  349.6  350.2  349.6
  238.3  11342  -41.1  -51.0     33   0.15     58   21.6  349.6  350.2  349.6
  238.0  11349  -41.2  -51.4     32   0.14     58   21.6  349.6  350.2  349.6
  237.7  11357  -41.3  -51.8     31   0.14     58   21.6  349.6  350.2  349.6
  237.5  11365  -41.3  -52.0     30   0.13     58   21.7  349.6  350.1  349.6
  237.1  11375  -41.4  -52.4     29   0.13     58   21.7  349.7  350.2  349.7
  236.8  11384  -41.4  -53.0     27   0.12     58   21.7  349.8  350.3  349.8
  236.5  11392  -41.4  -54.0     24   0.10     58   21.8  349.9  350.4  349.9
  236.3  11400  -41.4  -55.6     20   0.09     58   21.8  349.9  350.3  350.0
  236.0  11408  -41.4  -57.1     17   0.07     58   21.8  350.1  350.4  350.1
  235.7  11416  -41.4  -57.7     15   0.07     58   21.9  350.1  350.4  350.2
  235.4  11425  -41.5  -57.0     17   0.07     57   21.9  350.2  350.5  350.2
  235.0  11435  -41.5  -56.3     19   0.08     57   21.9  350.3  350.7  350.3
  234.7  11445  -41.6  -55.9     20   0.08     57   21.9  350.4  350.7  350.4
  234.4  11454  -41.6  -56.5     18   0.08     57   21.9  350.4  350.8  350.4
  234.0  11464  -41.7  -57.8     16   0.07     57   21.9  350.5  350.8  350.5
  233.7  11473  -41.7  -58.7     14   0.06     57   21.9  350.6  350.9  350.6
  233.4  11482  -41.8  -59.2     13   0.06     56   21.9  350.6  350.8  350.6
  233.0  11492  -41.9  -59.7     13   0.05     56   21.9  350.6  350.9  350.6
  232.6  11504  -41.9  -60.5     11   0.05     56   21.8  350.8  351.0  350.8
  232.3  11515  -41.9  -61.0     11   0.04     56   21.8  350.9  351.1  350.9
  231.9  11526  -42.0  -60.9     11   0.05     55   21.8  350.9  351.1  350.9
  231.5  11537  -42.1  -60.6     12   0.05     55   21.8  350.9  351.2  350.9
  231.2  11547  -42.2  -60.3     12   0.05     55   21.8  350.9  351.2  351.0
  230.9  11556  -42.3  -60.3     12   0.05     55   21.8  350.9  351.2  350.9
  230.6  11564  -42.4  -60.2     12   0.05     55   21.9  350.9  351.1  350.9
  230.2  11574  -42.5  -60.1     13   0.05     55   22.0  350.9  351.1  350.9
  229.9  11584  -42.6  -59.9     13   0.05     55   22.1  350.9  351.1  350.9
  229.6  11594  -42.7  -59.8     14   0.05     55   22.2  350.9  351.2  351.0
  229.3  11603  -42.7  -59.8     14   0.05     55   22.3  350.9  351.2  351.0
  228.9  11613  -42.9  -59.8     14   0.05     55   22.4  350.9  351.2  351.0
  228.5  11625  -43.0  -59.7     14   0.05     55   22.5  350.9  351.2  350.9
  228.2  11635  -43.1  -59.6     14   0.05     55   22.6  350.9  351.2  351.0
  227.8  11645  -43.1  -59.7     15   0.05     55   22.6  351.0  351.3  351.0
  227.6  11653  -43.2  -59.7     15   0.05     55   22.6  351.0  351.2  351.0
  227.3  11662  -43.3  -59.6     15   0.05     55   22.7  351.0  351.2  351.0
  227.0  11670  -43.4  -59.7     15   0.05     55   22.7  351.0  351.3  351.0
  226.7  11679  -43.4  -59.7     15   0.05     55   22.6  351.0  351.3  351.0
  226.4  11688  -43.5  -59.7     15   0.05     55   22.6  351.0  351.3  351.0
  226.1  11697  -43.6  -59.6     15   0.05     55   22.6  351.0  351.2  351.0
  225.8  11707  -43.7  -59.6     16   0.05     55   22.6  351.0  351.3  351.0
  225.4  11716  -43.8  -59.7     16   0.05     55   22.6  351.1  351.3  351.1
  225.1  11726  -43.9  -59.7     16   0.05     56   22.6  351.1  351.3  351.1
  224.8  11736  -44.0  -59.8     16   0.05     56   22.6  351.1  351.3  351.1
  224.5  11744  -44.0  -60.0     15   0.05     56   22.6  351.1  351.3  351.1
  224.2  11752  -44.1  -60.2     15   0.05     56   22.7  351.0  351.3  351.1
  223.9  11762  -44.2  -60.7     14   0.05     56   22.7  351.0  351.3  351.0
  223.6  11772  -44.3  -61.2     14   0.05     56   22.8  351.0  351.3  351.1
  223.3  11781  -44.4  -61.4     13   0.04     56   22.8  351.1  351.3  351.1
  223.0  11791  -44.5  -61.6     13   0.04     56   22.8  351.1  351.3  351.1
  222.6  11800  -44.6  -61.8     13   0.04     56   22.9  351.1  351.3  351.1
  222.4  11808  -44.6  -61.5     13   0.04     56   22.9  351.1  351.3  351.1
  222.1  11817  -44.7  -61.0     14   0.05     56   22.9  351.2  351.4  351.2
  221.8  11827  -44.7  -60.8     15   0.05     56   22.8  351.2  351.4  351.2
  221.5  11835  -44.8  -60.7     15   0.05     56   22.8  351.2  351.5  351.2
  221.2  11844  -44.9  -60.4     16   0.05     56   22.7  351.3  351.5  351.3
  220.9  11853  -45.0  -59.9     17   0.05     56   22.7  351.3  351.5  351.3
  220.6  11862  -45.1  -59.5     18   0.06     56   22.6  351.3  351.5  351.3
  220.3  11871  -45.1  -59.6     18   0.06     55   22.6  351.3  351.5  351.3
  220.0  11879  -45.2  -60.0     18   0.05     55   22.5  351.3  351.5  351.3
  219.7  11888  -45.3  -60.1     17   0.05     55   22.5  351.3  351.5  351.3
  219.4  11898  -45.4  -59.9     18   0.05     55   22.4  351.3  351.5  351.3
  219.1  11908  -45.5  -59.8     18   0.06     54   22.4  351.3  351.5  351.3
  218.8  11917  -45.6  -60.0     18   0.05     54   22.3  351.3  351.5  351.3
  218.5  11927  -45.7  -60.3     18   0.05     54   22.3  351.3  351.5  351.3
  218.1  11937  -45.8  -60.7     17   0.05     54   22.2  351.3  351.6  351.3
  217.7  11948  -45.8  -61.1     16   0.05     54   22.2  351.4  351.6  351.4
  217.4  11959  -45.9  -61.4     16   0.05     54   22.1  351.4  351.6  351.4
  217.0  11970  -46.0  -61.4     16   0.04     54   22.0  351.4  351.6  351.4
  216.7  11982  -46.2  -61.4     16   0.05     54   21.9  351.4  351.6  351.4
  216.3  11993  -46.2  -61.2     17   0.05     54   21.7  351.4  351.6  351.4
  215.9  12004  -46.3  -61.1     17   0.05     54   21.6  351.4  351.7  351.5
  215.6  12015  -46.4  -61.0     17   0.05     54   21.4  351.5  351.7  351.5
  215.3  12023  -46.4  -60.9     18   0.05     54   21.3  351.6  351.8  351.6
  215.0  12032  -46.5  -60.7     18   0.05     54   21.2  351.7  351.9  351.7
  214.7  12041  -46.5  -60.6     19   0.05     54   21.0  351.7  352.0  351.7
  214.4  12051  -46.6  -60.6     19   0.05     54   20.9  351.8  352.0  351.8
  214.1  12060  -46.6  -60.6     19   0.05     54   20.8  351.8  352.1  351.8
  213.8  12069  -46.7  -60.7     19   0.05     54   20.7  351.9  352.1  351.9
  213.5  12078  -46.7  -60.8     19   0.05     54   20.7  351.9  352.2  352.0
  213.2  12087  -46.8  -61.2     18   0.05     54   20.6  352.0  352.2  352.0
  213.0  12096  -46.8  -61.7     17   0.04     54   20.5  352.1  352.3  352.1
  212.7  12105  -46.9  -62.4     15   0.04     54   20.5  352.1  352.3  352.1
  212.4  12114  -46.9  -62.9     14   0.04     54   20.5  352.2  352.4  352.2
  212.1  12124  -47.0  -63.0     14   0.04     54   20.4  352.2  352.4  352.2
  211.7  12134  -47.1  -62.8     15   0.04     54   20.4  352.3  352.5  352.3
  211.4  12143  -47.1  -62.3     16   0.04     54   20.4  352.3  352.5  352.3
  211.1  12153  -47.2  -62.0     17   0.04     55   20.4  352.4  352.6  352.4
  210.8  12162  -47.3  -61.9     17   0.04     55   20.3  352.4  352.6  352.4
  210.5  12172  -47.3  -61.7     18   0.04     55   20.3  352.5  352.7  352.5
  210.2  12182  -47.4  -61.7     18   0.05     55   20.3  352.5  352.7  352.5
  209.9  12192  -47.5  -61.8     18   0.04     55   20.3  352.5  352.7  352.5
  209.6  12201  -47.5  -62.2     17   0.04     55   20.3  352.6  352.8  352.6
  209.3  12209  -47.6  -62.7     16   0.04     56   20.3  352.6  352.8  352.6
  209.1  12218  -47.7  -63.0     16   0.04     56   20.4  352.6  352.7  352.6
  208.8  12227  -47.8  -63.1     16   0.04     56   20.4  352.6  352.7  352.6
  208.4  12238  -47.9  -63.4     15   0.04     57   20.4  352.6  352.8  352.6
  208.1  12247  -47.9  -63.9     14   0.03     57   20.5  352.7  352.8  352.7
  207.9  12255  -48.0  -64.5     13   0.03     57   20.5  352.6  352.8  352.6
  207.6  12264  -48.1  -64.9     13   0.03     57   20.5  352.7  352.8  352.7
  207.3  12272  -48.2  -65.0     12   0.03     57   20.6  352.7  352.8  352.7
  207.1  12281  -48.3  -65.1     12   0.03     58   20.6  352.7  352.8  352.7
  206.8  12289  -48.4  -65.2     13   0.03     58   20.6  352.6  352.8  352.6
  206.6  12297  -48.4  -65.2     13   0.03     58   20.6  352.6  352.7  352.6
  206.3  12306  -48.5  -65.3     13   0.03     58   20.6  352.7  352.8  352.7
  206.0  12314  -48.5  -65.4     12   0.03     58   20.5  352.8  352.9  352.8
  205.8  12323  -48.6  -65.6     12   0.03     58   20.5  352.8  352.9  352.8
  205.5  12331  -48.6  -65.9     12   0.03     58   20.5  352.9  353.0  352.9
  205.2  12339  -48.7  -66.1     11   0.03     58   20.4  352.9  353.0  352.9
  205.0  12348  -48.8  -66.0     12   0.03     58   20.3  352.8  353.0  352.8
  204.7  12358  -48.9  -65.7     12   0.03     58   20.3  352.9  353.0  352.9
  204.3  12368  -49.0  -65.6     13   0.03     58   20.2  352.9  353.0  352.9
  204.1  12378  -49.0  -65.6     13   0.03     58   20.2  352.9  353.0  352.9
  203.8  12386  -49.1  -65.7     13   0.03     58   20.1  352.9  353.1  352.9
  203.6  12393  -49.2  -65.8     13   0.03     58   20.1  352.9  353.1  352.9
  203.3  12402  -49.3  -65.8     13   0.03     58   20.0  352.9  353.1  352.9
  203.0  12411  -49.4  -65.9     13   0.03     58   20.0  352.9  353.0  352.9
  202.7  12420  -49.4  -65.9     13   0.03     58   19.9  353.0  353.1  353.0
  202.5  12429  -49.5  -65.9     13   0.03     58   19.9  352.9  353.1  352.9
  202.2  12437  -49.6  -65.9     13   0.03     58   19.9  352.9  353.1  352.9
  201.9  12447  -49.7  -65.9     13   0.03     58   19.9  352.9  353.1  353.0
  201.6  12457  -49.8  -65.8     13   0.03     58   19.9  353.0  353.1  353.0
  201.3  12467  -49.9  -65.9     13   0.03     58   19.9  353.0  353.1  353.0
  201.0  12476  -50.0  -65.9     14   0.03     58   19.9  353.0  353.1  353.0
  200.7  12485  -50.1  -66.0     14   0.03     58   19.9  353.0  353.1  353.0
  200.4  12494  -50.2  -66.0     14   0.03     58   19.9  353.0  353.1  353.0
  200.2  12502  -50.2  -65.9     14   0.03     58   19.9  353.0  353.1  353.0
  200.0  12509  -50.3  -65.9     14   0.03     58   19.9  353.0  353.1  353.0
  199.9  12511  -50.3  -65.9     14   0.03     58   19.9  353.0  353.1  353.0
  199.6  12521  -50.4  -65.9     14   0.03     58   19.9  353.0  353.2  353.0
  199.4  12530  -50.5  -66.0     14   0.03     58   19.9  353.0  353.1  353.0
  199.1  12537  -50.6  -66.0     14   0.03     59   19.9  353.0  353.1  353.0
  198.9  12545  -50.6  -66.0     15   0.03     59   19.9  353.0  353.1  353.0
  198.6  12555  -50.7  -66.0     15   0.03     59   19.9  352.9  353.1  353.0
  198.3  12565  -50.8  -66.0     15   0.03     59   19.9  353.0  353.1  353.0
  198.0  12573  -50.9  -66.0     15   0.03     59   19.9  353.0  353.1  353.0
  197.8  12580  -51.1  -66.1     15   0.03     59   19.9  352.9  353.0  352.9
  197.6  12588  -51.2  -66.1     15   0.03     60   19.9  352.8  352.9  352.8
  197.4  12595  -51.2  -66.1     15   0.03     60   19.9  352.8  353.0  352.8
  197.1  12605  -51.3  -66.1     15   0.03     60   19.9  352.9  353.0  352.9
  196.8  12615  -51.3  -66.1     15   0.03     60   19.9  353.0  353.1  353.0
  196.5  12625  -51.4  -66.2     15   0.03     61   20.0  353.0  353.1  353.0
  196.2  12633  -51.5  -66.3     15   0.03     61   20.0  353.0  353.1  353.0
  196.0  12641  -51.6  -66.4     15   0.03     61   20.0  353.0  353.1  353.0
  195.7  12650  -51.6  -66.5     15   0.03     61   20.1  353.0  353.1  353.0
  195.4  12659  -51.7  -66.5     15   0.03     61   20.1  353.0  353.2  353.0
  195.2  12666  -51.8  -66.5     16   0.03     61   20.2  353.0  353.1  353.0
  195.0  12675  -51.9  -66.5     16   0.03     62   20.2  353.0  353.1  353.0
  194.7  12683  -52.0  -66.5     16   0.03     62   20.3  353.0  353.1  353.0
  194.4  12692  -52.0  -66.5     16   0.03     62   20.4  353.1  353.2  353.1
  194.2  12700  -52.1  -66.5     16   0.03     62   20.4  353.0  353.1  353.0
  193.9  12708  -52.2  -66.5     16   0.03     62   20.5  353.0  353.1  353.0
  193.7  12717  -52.3  -66.5     16   0.03     62   20.5  353.0  353.1  353.0
  193.4  12726  -52.3  -66.5     16   0.03     62   20.6  353.1  353.2  353.1
  193.2  12735  -52.4  -66.6     17   0.03     62   20.6  353.1  353.2  353.1
  192.9  12744  -52.5  -66.7     16   0.03     62   20.6  353.1  353.2  353.1
  192.6  12752  -52.6  -66.7     16   0.02     62   20.6  353.1  353.2  353.1
  192.4  12760  -52.6  -66.7     17   0.02     62   20.5  353.1  353.3  353.1
  192.1  12769  -52.7  -66.7     17   0.03     62   20.5  353.2  353.3  353.2
  191.9  12778  -52.8  -66.7     17   0.03     62   20.4  353.2  353.3  353.2
  191.6  12786  -52.9  -66.7     17   0.03     62   20.3  353.2  353.3  353.2
  191.4  12794  -53.0  -66.7     17   0.03     62   20.2  353.1  353.3  353.2
  191.1  12803  -53.0  -66.8     17   0.03     62   20.0  353.2  353.3  353.2
  190.9  12812  -53.1  -66.8     17   0.02     62   19.9  353.1  353.3  353.1
  190.6  12820  -53.2  -66.9     17   0.02     62   19.8  353.2  353.3  353.2
  190.4  12829  -53.3  -67.0     17   0.02     62   19.7  353.1  353.2  353.1
  190.1  12838  -53.4  -67.0     17   0.02     62   19.6  353.1  353.2  353.1
  189.8  12847  -53.5  -67.0     18   0.02     62   19.4  353.1  353.2  353.1
  189.6  12856  -53.6  -67.1     18   0.02     62   19.4  353.0  353.2  353.0
  189.2  12867  -53.7  -67.1     18   0.02     62   19.3  353.2  353.3  353.2
  188.9  12877  -53.7  -67.2     18   0.02     62   19.2  353.2  353.4  353.2
  188.7  12885  -53.8  -67.3     18   0.02     62   19.2  353.2  353.3  353.2
  188.5  12893  -53.9  -67.4     18   0.02     62   19.2  353.2  353.3  353.2
  188.2  12902  -54.0  -67.4     18   0.02     62   19.2  353.2  353.3  353.2
  187.9  12911  -54.1  -67.4     18   0.02     62   19.2  353.2  353.3  353.2
  187.7  12920  -54.1  -67.3     18   0.02     62   19.2  353.2  353.3  353.2
  187.4  12928  -54.2  -67.2     19   0.02     62   19.2  353.3  353.4  353.3
  187.2  12936  -54.2  -67.0     19   0.02     62   19.2  353.3  353.4  353.3
  186.9  12945  -54.3  -67.0     20   0.02     63   19.2  353.4  353.5  353.4
  186.7  12954  -54.4  -66.9     20   0.03     63   19.2  353.4  353.5  353.4
  186.4  12964  -54.5  -66.9     20   0.03     63   19.2  353.4  353.5  353.4
  186.1  12974  -54.6  -66.9     20   0.03     63   19.1  353.4  353.5  353.4
  185.9  12982  -54.7  -66.9     21   0.03     63   19.1  353.3  353.4  353.3
  185.7  12989  -54.8  -66.8     21   0.03     63   19.0  353.3  353.4  353.3
  185.4  12997  -54.8  -66.8     21   0.03     63   19.0  353.3  353.5  353.3
  185.2  13007  -54.9  -66.8     21   0.03     63   19.0  353.3  353.4  353.3
  184.9  13016  -55.0  -66.9     21   0.03     63   18.9  353.4  353.5  353.4
  184.6  13025  -55.1  -67.0     21   0.03     62   18.9  353.4  353.5  353.4
  184.3  13035  -55.2  -67.1     21   0.02     62   18.9  353.4  353.5  353.4
  184.1  13043  -55.2  -67.1     21   0.02     62   18.8  353.4  353.5  353.4
  183.9  13051  -55.3  -67.1     22   0.03     62   18.8  353.4  353.5  353.4
  183.6  13060  -55.4  -67.0     22   0.03     62   18.8  353.5  353.6  353.5
  183.4  13068  -55.4  -66.9     23   0.03     62   18.8  353.4  353.6  353.4
  183.1  13077  -55.6  -66.9     23   0.03     62   18.8  353.4  353.5  353.4
  182.8  13087  -55.7  -66.9     23   0.03     61   18.8  353.4  353.5  353.4
  182.6  13097  -55.7  -66.8     24   0.03     61   18.8  353.4  353.5  353.4
  182.3  13107  -55.8  -66.8     24   0.03     61   18.7  353.5  353.6  353.5
  182.0  13117  -55.8  -66.9     24   0.03     61   18.7  353.6  353.7  353.6
  181.7  13126  -55.9  -67.0     24   0.03     61   18.7  353.6  353.8  353.7
  181.5  13134  -56.0  -67.2     23   0.02     61   18.7  353.6  353.7  353.6
  181.2  13142  -56.1  -67.4     23   0.02     61   18.7  353.7  353.8  353.7
  181.0  13150  -56.2  -67.4     23   0.02     60   18.6  353.6  353.7  353.6
  180.8  13157  -56.2  -67.4     23   0.02     60   18.6  353.6  353.7  353.6
  180.6  13166  -56.3  -67.2     24   0.02     60   18.6  353.5  353.7  353.6
  180.4  13174  -56.4  -67.0     25   0.03     60   18.6  353.5  353.6  353.5
  180.1  13182  -56.5  -66.8     26   0.03     60   18.6  353.6  353.7  353.6
  179.8  13192  -56.6  -66.7     27   0.03     60   18.6  353.6  353.8  353.6
  179.6  13201  -56.6  -66.7     27   0.03     61   18.6  353.6  353.8  353.7
  179.3  13209  -56.7  -66.7     27   0.03     61   18.6  353.8  353.9  353.8
  179.1  13218  -56.7  -66.8     27   0.03     61   18.7  353.8  353.9  353.8
  178.9  13226  -56.8  -66.9     27   0.03     61   18.7  353.8  353.9  353.8
  178.6  13235  -56.8  -67.1     26   0.03     61   18.7  353.9  354.0  353.9
  178.4  13244  -56.9  -67.5     25   0.02     61   18.8  353.9  354.0  353.9
  178.1  13253  -57.0  -67.8     24   0.02     62   18.8  353.9  354.0  353.9
  177.9  13261  -57.0  -68.2     23   0.02     62   18.8  354.0  354.1  354.0
  177.7  13269  -57.0  -68.6     22   0.02     62   18.9  354.0  354.1  354.0
  177.4  13278  -57.1  -69.0     21   0.02     62   18.9  354.2  354.3  354.2
  177.2  13287  -57.1  -69.3     20   0.02     62   18.9  354.2  354.3  354.2
  176.9  13296  -57.1  -69.4     20   0.02     62   18.9  354.3  354.4  354.3
  176.7  13304  -57.2  -69.4     20   0.02     62   19.0  354.3  354.4  354.3
  176.4  13313  -57.3  -69.2     21   0.02     62   19.0  354.3  354.4  354.3
  176.2  13320  -57.4  -69.0     22   0.02     62   19.0  354.3  354.4  354.3
  176.0  13328  -57.5  -68.8     22   0.02     62   19.0  354.3  354.4  354.3
  175.8  13337  -57.6  -68.7     23   0.02     62   19.0  354.3  354.4  354.3
  175.5  13346  -57.6  -68.7     23   0.02     62   19.1  354.3  354.4  354.3
  175.2  13356  -57.7  -68.7     23   0.02     62   19.1  354.4  354.5  354.4
  175.0  13365  -57.7  -68.9     23   0.02     62   19.1  354.4  354.5  354.4
  174.7  13374  -57.8  -69.3     22   0.02     62   19.1  354.5  354.6  354.5
  174.5  13382  -57.9  -69.6     21   0.02     62   19.1  354.4  354.5  354.4
  174.2  13392  -58.0  -69.8     21   0.02     62   19.2  354.5  354.6  354.5
  174.0  13401  -58.0  -69.9     20   0.02     62   19.2  354.5  354.6  354.5
  173.8  13409  -58.1  -69.9     21   0.02     62   19.2  354.5  354.6  354.5
  173.5  13418  -58.2  -69.9     21   0.02     62   19.1  354.6  354.7  354.6
  173.3  13428  -58.2  -69.9     21   0.02     62   19.1  354.6  354.7  354.6
  173.0  13436  -58.3  -70.0     21   0.02     63   19.0  354.7  354.8  354.7
  172.8  13445  -58.3  -70.1     21   0.02     63   19.0  354.7  354.8  354.7
  172.5  13453  -58.4  -70.3     20   0.02     62   18.9  354.8  354.9  354.8
  172.3  13462  -58.5  -70.4     20   0.02     62   18.8  354.8  354.9  354.8
  172.0  13472  -58.6  -70.7     20   0.02     62   18.7  354.8  354.9  354.8
  171.8  13481  -58.6  -70.9     19   0.02     62   18.6  354.8  354.9  354.8
  171.5  13491  -58.7  -71.1     19   0.02     62   18.4  354.9  354.9  354.9
  171.2  13501  -58.8  -71.2     19   0.01     61   18.3  354.9  355.0  354.9
  171.0  13510  -58.8  -71.2     19   0.02     61   18.2  355.0  355.0  355.0
  170.8  13518  -58.9  -71.1     19   0.02     61   18.1  355.0  355.0  355.0
  170.5  13527  -59.0  -71.0     20   0.02     61   18.1  355.0  355.1  355.1
  170.3  13536  -59.0  -70.9     20   0.02     61   18.0  355.1  355.2  355.1
  170.1  13544  -59.0  -70.9     20   0.02     61   18.0  355.2  355.3  355.2
  169.8  13553  -59.1  -71.1     20   0.02     61   18.0  355.3  355.4  355.3
  169.6  13562  -59.1  -71.2     19   0.02     60   18.0  355.3  355.4  355.3
  169.3  13572  -59.1  -71.3     19   0.01     60   18.1  355.5  355.5  355.5
  169.0  13582  -59.2  -71.4     19   0.01     60   18.2  355.6  355.7  355.6
  168.8  13592  -59.2  -71.7     18   0.01     60   18.2  355.7  355.8  355.7
  168.5  13603  -59.2  -72.1     17   0.01     60   18.3  355.8  355.9  355.8
  168.2  13614  -59.3  -72.4     17   0.01     60   18.4  355.8  355.9  355.8
  167.9  13624  -59.4  -72.6     16   0.01     60   18.5  355.9  355.9  355.9
  167.6  13635  -59.5  -72.7     16   0.01     60   18.6  355.9  356.0  355.9
  167.4  13644  -59.6  -72.7     16   0.01     60   18.7  355.9  355.9  355.9
  167.1  13653  -59.7  -72.9     16   0.01     60   18.8  355.9  356.0  355.9
  166.9  13661  -59.8  -73.1     16   0.01     60   18.9  355.9  356.0  355.9
  166.7  13670  -59.8  -73.3     16   0.01     59   19.0  355.9  356.0  355.9
  166.5  13678  -59.8  -73.4     15   0.01     59   19.1  356.1  356.2  356.1
  166.2  13688  -59.8  -73.6     15   0.01     59   19.1  356.3  356.4  356.3
  166.0  13697  -59.8  -73.6     15   0.01     59   19.1  356.4  356.5  356.4
  165.7  13707  -59.8  -73.5     15   0.01     59   19.1  356.5  356.6  356.5
  165.5  13716  -59.9  -73.4     15   0.01     59   19.1  356.6  356.6  356.6
  165.2  13724  -59.9  -73.3     16   0.01     59   19.1  356.6  356.7  356.6
  165.0  13733  -60.0  -73.2     16   0.01     59   19.1  356.6  356.6  356.6
  164.8  13742  -60.1  -73.1     17   0.01     59   19.0  356.6  356.6  356.6
  164.5  13751  -60.2  -73.1     17   0.01     60   19.0  356.6  356.6  356.6
  164.3  13759  -60.3  -72.9     18   0.01     60   18.9  356.6  356.7  356.6
  164.1  13768  -60.3  -72.6     18   0.01     60   18.9  356.7  356.8  356.7
  163.9  13777  -60.3  -72.4     19   0.01     60   18.8  356.8  356.8  356.8
  163.6  13786  -60.4  -72.3     20   0.01     60   18.8  356.8  356.9  356.8
  163.4  13794  -60.5  -72.3     20   0.01     60   18.8  356.8  356.8  356.8
  163.2  13803  -60.6  -72.4     20   0.01     60   18.8  356.7  356.8  356.7
  162.9  13812  -60.8  -72.5     20   0.01     61   18.7  356.7  356.8  356.7
  162.7  13821  -60.9  -72.6     20   0.01     61   18.7  356.6  356.7  356.6
  162.4  13831  -61.0  -72.7     20   0.01     61   18.7  356.6  356.7  356.6
  162.2  13840  -61.0  -72.6     20   0.01     62   18.7  356.7  356.7  356.7
  162.0  13848  -61.1  -72.6     21   0.01     62   18.7  356.7  356.8  356.7
  161.8  13857  -61.2  -72.6     21   0.01     62   18.7  356.7  356.8  356.7
  161.5  13866  -61.2  -72.6     21   0.01     62   18.7  356.8  356.9  356.8
  161.3  13876  -61.3  -72.8     20   0.01     63   18.7  356.8  356.9  356.8
  161.0  13885  -61.3  -72.9     20   0.01     63   18.7  356.9  357.0  356.9
  160.8  13893  -61.4  -73.0     20   0.01     63   18.7  356.9  357.0  356.9
  160.6  13901  -61.5  -73.2     20   0.01     64   18.7  356.9  356.9  356.9
  160.4  13910  -61.6  -73.2     20   0.01     64   18.7  356.9  356.9  356.9
  160.2  13918  -61.7  -73.3     20   0.01     64   18.8  356.9  356.9  356.9
  160.0  13926  -61.7  -73.3     20   0.01     65   18.8  356.9  356.9  356.9
  159.8  13934  -61.8  -73.4     20   0.01     65   18.8  356.8  356.9  356.8
  159.5  13942  -61.9  -73.4     20   0.01     65   18.9  356.9  357.0  356.9
  159.3  13951  -62.0  -73.4     20   0.01     65   18.9  356.9  356.9  356.9
  159.1  13960  -62.0  -73.4     21   0.01     66   19.0  356.9  357.0  356.9
  158.9  13969  -62.1  -73.4     21   0.01     66   19.1  357.0  357.0  357.0
  158.7  13976  -62.2  -73.5     21   0.01     66   19.1  357.0  357.1  357.0
  158.5  13984  -62.2  -73.5     21   0.01     66   19.2  357.0  357.1  357.0
  158.2  13993  -62.3  -73.7     20   0.01     66   19.3  357.1  357.1  357.1
  158.0  14002  -62.4  -73.7     20   0.01     66   19.4  357.1  357.2  357.1
  157.7  14012  -62.4  -73.7     21   0.01     66   19.5  357.2  357.2  357.2
  157.5  14022  -62.5  -73.7     21   0.01     67   19.6  357.2  357.2  357.2
  157.3  14031  -62.6  -73.7     21   0.01     67   19.7  357.2  357.2  357.2
  157.0  14040  -62.6  -73.8     21   0.01     67   19.7  357.3  357.3  357.3
  156.8  14049  -62.7  -73.8     21   0.01     67   19.8  357.2  357.3  357.2
  156.6  14057  -62.8  -73.9     21   0.01     67   19.9  357.2  357.3  357.2
  156.4  14066  -62.9  -73.8     21   0.01     67   19.9  357.3  357.3  357.3
  156.1  14075  -62.9  -73.7     22   0.01     67   20.0  357.4  357.5  357.5
  155.9  14084  -62.9  -73.6     22   0.01     67   20.0  357.5  357.6  357.5
  155.7  14093  -63.0  -73.7     22   0.01     67   20.1  357.4  357.5  357.4
  155.4  14103  -63.1  -73.7     23   0.01     67   20.2  357.5  357.5  357.5
  155.2  14112  -63.2  -73.7     23   0.01     67   20.2  357.5  357.6  357.5
  155.0  14120  -63.3  -73.7     23   0.01     67   20.3  357.5  357.6  357.5
  154.8  14130  -63.4  -73.8     23   0.01     67   20.4  357.5  357.5  357.5
  154.5  14139  -63.5  -73.8     23   0.01     67   20.5  357.4  357.5  357.4
  154.3  14148  -63.6  -73.8     24   0.01     66   20.6  357.4  357.4  357.4
  154.1  14158  -63.7  -73.7     24   0.01     66   20.7  357.3  357.4  357.3
  153.8  14167  -63.8  -73.6     25   0.01     66   20.8  357.4  357.5  357.4
  153.6  14176  -63.9  -73.6     25   0.01     66   20.9  357.4  357.5  357.4
  153.4  14186  -64.0  -73.7     26   0.01     65   21.0  357.3  357.4  357.3
  153.1  14196  -64.1  -73.7     26   0.01     65   21.1  357.3  357.3  357.3
  152.9  14205  -64.2  -73.8     26   0.01     65   21.1  357.3  357.3  357.3
  152.6  14215  -64.3  -73.8     26   0.01     65   21.2  357.4  357.4  357.4
  152.4  14225  -64.3  -73.7     26   0.01     65   21.2  357.5  357.5  357.5
  152.1  14234  -64.3  -73.7     27   0.01     64   21.3  357.6  357.7  357.6
  151.9  14244  -64.4  -73.7     27   0.01     64   21.3  357.6  357.7  357.6
  151.7  14253  -64.5  -73.7     27   0.01     64   21.2  357.7  357.7  357.7
  151.4  14262  -64.5  -73.8     27   0.01     64   21.2  357.7  357.8  357.7
  151.2  14272  -64.7  -74.0     27   0.01     64   21.2  357.7  357.7  357.7
  151.0  14281  -64.8  -74.1     27   0.01     64   21.2  357.6  357.6  357.6
  150.8  14289  -64.9  -74.2     27   0.01     64   21.1  357.5  357.6  357.5
  150.6  14298  -65.0  -74.1     27   0.01     64   21.1  357.5  357.6  357.5
  150.3  14307  -65.0  -74.1     28   0.01     64   21.1  357.6  357.7  357.6
  150.1  14317  -65.1  -74.0     28   0.01     64   21.1  357.6  357.7  357.6
  150.0  14321  -65.2  -74.0     29   0.01     64   21.1  357.6  357.7  357.6
  149.9  14326  -65.2  -73.9     29   0.01     64   21.1  357.6  357.6  357.6
  149.7  14335  -65.3  -73.9     29   0.01     64   21.2  357.6  357.7  357.6
  149.5  14343  -65.4  -73.9     30   0.01     64   21.2  357.6  357.6  357.6
  149.2  14352  -65.5  -74.0     30   0.01     64   21.3  357.6  357.7  357.6
  149.0  14361  -65.6  -74.0     30   0.01     64   21.4  357.6  357.6  357.6
  148.8  14369  -65.7  -74.0     30   0.01     63   21.4  357.6  357.6  357.6
  148.6  14378  -65.8  -74.1     31   0.01     63   21.5  357.6  357.6  357.6
  148.4  14388  -65.9  -74.1     31   0.01     63   21.6  357.5  357.6  357.5
  148.1  14397  -66.0  -74.1     31   0.01     63   21.6  357.5  357.6  357.5
  147.9  14407  -66.1  -74.2     31   0.01     63   21.7  357.5  357.6  357.5
  147.7  14417  -66.2  -74.2     32   0.01     63   21.7  357.5  357.5  357.5
  147.4  14426  -66.3  -74.1     32   0.01     63   21.8  357.5  357.6  357.5
  147.2  14435  -66.3  -74.1     33   0.01     63   21.8  357.5  357.6  357.5
  147.0  14445  -66.4  -74.1     33   0.01     63   21.8  357.5  357.6  357.5
  146.7  14454  -66.5  -74.0     34   0.01     63   21.8  357.7  357.7  357.7
  146.5  14463  -66.5  -74.0     34   0.01     63   21.9  357.7  357.8  357.7
  146.3  14471  -66.6  -74.1     34   0.01     62   21.9  357.8  357.8  357.8
  146.1  14479  -66.7  -74.2     34   0.01     62   21.9  357.7  357.8  357.7
  145.9  14487  -66.8  -74.4     34   0.01     62   21.9  357.7  357.7  357.7
  145.7  14496  -66.9  -74.5     33   0.01     62   21.9  357.7  357.7  357.7
  145.5  14505  -67.0  -74.6     33   0.01     62   21.9  357.6  357.7  357.6
  145.3  14514  -67.0  -74.7     33   0.01     62   21.9  357.6  357.7  357.6
  145.1  14523  -67.1  -74.7     33   0.01     62   21.9  357.7  357.8  357.7
  144.9  14532  -67.1  -74.6     34   0.01     62   22.0  357.7  357.8  357.7
  144.6  14541  -67.2  -74.6     34   0.01     62   22.0  357.8  357.8  357.8
  144.4  14550  -67.3  -74.6     35   0.01     62   22.0  357.8  357.8  357.8
  144.2  14559  -67.4  -74.7     35   0.01     62   22.0  357.7  357.8  357.7
  144.0  14568  -67.5  -74.7     35   0.01     62   22.0  357.7  357.7  357.7
  143.8  14577  -67.6  -74.7     35   0.01     62   22.0  357.7  357.8  357.7
  143.6  14585  -67.7  -74.8     36   0.01     62   22.0  357.8  357.8  357.8
  143.4  14593  -67.7  -74.9     36   0.01     62   22.0  357.8  357.8  357.8
  143.2  14602  -67.8  -74.9     36   0.01     62   22.0  357.7  357.8  357.7
  143.0  14611  -67.9  -75.0     36   0.01     62   22.0  357.7  357.8  357.7
  142.7  14620  -68.0  -75.0     36   0.01     62   22.0  357.8  357.8  357.8
  142.5  14629  -68.1  -75.1     36   0.01     61   22.0  357.8  357.8  357.8
  142.3  14638  -68.2  -75.2     36   0.01     61   22.1  357.8  357.8  357.8
  142.1  14646  -68.3  -75.2     36   0.01     61   22.1  357.8  357.8  357.8
  141.9  14655  -68.3  -75.3     36   0.01     61   22.1  357.8  357.8  357.8
  141.7  14663  -68.4  -75.3     36   0.01     61   22.2  357.8  357.8  357.8
  141.5  14672  -68.5  -75.4     36   0.01     60   22.2  357.8  357.8  357.8
  141.3  14680  -68.6  -75.6     36   0.01     60   22.3  357.8  357.9  357.8
  141.1  14688  -68.6  -75.7     36   0.01     60   22.4  357.8  357.9  357.8
  140.9  14697  -68.7  -75.8     35   0.01     60   22.5  357.9  357.9  357.9
  140.7  14705  -68.8  -75.9     35   0.01     59   22.6  357.9  357.9  357.9
  140.5  14714  -68.9  -76.0     35   0.01     59   22.7  357.9  357.9  357.9
  140.3  14723  -68.9  -76.1     35   0.01     59   22.8  357.9  358.0  357.9
  140.1  14732  -69.0  -76.2     35   0.01     59   23.0  358.0  358.0  358.0
  139.9  14741  -69.0  -76.3     34   0.01     59   23.1  358.0  358.1  358.0
  139.7  14750  -69.1  -76.4     34   0.01     58   23.2  358.1  358.1  358.1
  139.5  14758  -69.2  -76.6     34   0.01     58   23.3  358.1  358.1  358.1
  139.3  14766  -69.3  -76.7     33   0.01     58   23.4  358.1  358.1  358.1
  139.1  14774  -69.3  -76.8     33   0.01     58   23.5  358.1  358.1  358.1
  138.9  14782  -69.4  -76.9     33   0.01     58   23.6  358.1  358.2  358.1
  138.7  14790  -69.4  -77.0     33   0.01     58   23.7  358.2  358.3  358.2
  138.5  14799  -69.5  -77.0     33   0.01     58   23.8  358.3  358.3  358.3
  138.3  14808  -69.5  -76.9     33   0.01     58   23.9  358.4  358.4  358.4
  138.2  14815  -69.5  -76.9     34   0.01     58   24.0  358.4  358.4  358.4
  138.0  14823  -69.6  -76.9     34   0.01     59   24.0  358.4  358.4  358.4
  137.8  14831  -69.7  -77.0     34   0.01     59   24.1  358.4  358.5  358.4
  137.6  14839  -69.8  -77.1     34   0.01     59   24.2  358.5  358.5  358.5
  137.4  14847  -69.8  -77.2     33   0.01     59   24.3  358.5  358.5  358.5
  137.2  14856  -69.9  -77.4     33   0.01     60   24.4  358.6  358.6  358.6
  137.0  14864  -69.9  -77.4     33   0.01     60   24.4  358.7  358.7  358.7
  136.8  14873  -69.9  -77.4     33   0.01     60   24.5  358.8  358.9  358.8
  136.7  14880  -69.9  -77.4     33   0.01     60   24.6  358.8  358.9  358.8
  136.5  14888  -70.0  -77.4     33   0.01     61   24.6  358.9  359.0  358.9
  136.3  14896  -70.0  -77.5     33   0.01     61   24.7  359.0  359.0  359.0
  136.1  14904  -70.1  -77.5     33   0.01     61   24.7  359.1  359.1  359.1
  135.9  14912  -70.1  -77.6     33   0.01     61   24.8  359.2  359.2  359.2
  135.8  14920  -70.1  -77.6     32   0.01     61   24.8  359.3  359.3  359.3
  135.6  14927  -70.1  -77.7     32   0.01     61   24.9  359.3  359.4  359.3
  135.4  14934  -70.1  -77.8     32   0.01     61   24.9  359.4  359.5  359.4
  135.2  14942  -70.2  -77.9     31   0.01     61   25.0  359.6  359.6  359.6
  135.1  14951  -70.1  -77.9     31   0.01     61   25.0  359.7  359.7  359.7
  134.9  14959  -70.2  -77.9     31   0.01     61   25.1  359.7  359.7  359.7
  134.7  14967  -70.3  -78.1     31   0.01     61   25.1  359.6  359.6  359.6
  134.5  14974  -70.4  -78.2     31   0.01     61   25.2  359.6  359.6  359.6
  134.4  14982  -70.5  -78.3     31   0.01     61   25.3  359.6  359.7  359.6
  134.2  14990  -70.5  -78.3     31   0.01     61   25.4  359.7  359.8  359.7
  134.0  14997  -70.6  -78.4     31   0.01     61   25.5  359.7  359.7  359.7
  133.8  15005  -70.6  -78.4     31   0.01     61   25.6  359.8  359.8  359.8
  133.6  15014  -70.6  -78.3     31   0.01     61   25.7  360.0  360.1  360.0
  133.4  15022  -70.5  -78.3     31   0.01     62   25.8  360.3  360.3  360.3
  133.3  15030  -70.6  -78.5     30   0.01     62   25.9  360.3  360.3  360.3
  133.1  15039  -70.6  -78.6     30   0.01     62   26.0  360.3  360.4  360.4
  132.9  15047  -70.6  -78.8     29   0.01     63   26.1  360.5  360.5  360.5
  132.7  15056  -70.6  -78.9     29   0.01     63   26.2  360.6  360.7  360.6
  132.5  15064  -70.7  -78.9     29   0.01     64   26.2  360.7  360.8  360.7
  132.3  15071  -70.7  -79.0     28   0.01     64   26.3  360.8  360.8  360.8
  132.1  15080  -70.8  -79.1     28   0.01     65   26.3  360.8  360.9  360.8
  131.9  15089  -70.8  -79.2     28   0.01     65   26.3  361.0  361.0  361.0
  131.8  15097  -70.7  -79.2     28   0.01     66   26.4  361.1  361.2  361.1
  131.6  15105  -70.8  -79.3     27   0.01     67   26.4  361.3  361.3  361.3
  131.4  15115  -70.8  -79.5     27   0.01     67   26.3  361.3  361.3  361.3
  131.2  15124  -70.9  -79.7     26   0.01     68   26.3  361.3  361.4  361.3
  131.0  15133  -70.9  -79.8     26   0.01     69   26.2  361.4  361.5  361.4
  130.8  15141  -70.9  -79.9     25   0.01     70   26.2  361.6  361.6  361.6
  130.6  15150  -70.8  -79.9     25   0.01     71   26.1  361.9  361.9  361.9
  130.4  15159  -70.7  -79.8     25   0.01     72   26.0  362.3  362.4  362.3
  130.2  15167  -70.6  -79.9     24   0.01     73   25.9  362.7  362.7  362.7
  130.0  15176  -70.5  -80.0     24   0.01     74   25.7  363.0  363.0  363.0
  129.8  15185  -70.4  -80.2     23   0.00     74   25.6  363.3  363.3  363.3
  129.6  15194  -70.3  -80.4     22   0.00     75   25.4  363.6  363.6  363.6
  129.4  15203  -70.3  -80.6     21   0.00     76   25.2  363.8  363.8  363.8
  129.2  15211  -70.3  -80.7     20   0.00     77   25.0  363.9  364.0  363.9
  129.0  15221  -70.3  -80.8     20   0.00     78   24.8  364.1  364.1  364.1
  128.8  15231  -70.3  -80.8     20   0.00     79   24.6  364.3  364.4  364.3
  128.6  15240  -70.2  -80.8     20   0.00     80   24.4  364.7  364.7  364.7
  128.4  15250  -70.1  -80.8     20   0.00     80   24.2  365.0  365.1  365.0
  128.2  15259  -70.0  -80.8     19   0.00     81   24.0  365.3  365.4  365.3
  128.0  15269  -70.0  -81.0     18   0.00     82   23.7  365.5  365.6  365.5
  127.8  15279  -70.0  -81.2     18   0.00     82   23.6  365.7  365.8  365.7
  127.6  15289  -69.9  -81.3     18   0.00     83   23.4  365.9  366.0  365.9
  127.4  15299  -70.0  -81.3     18   0.00     83   23.2  366.0  366.1  366.0
  127.1  15310  -70.0  -81.3     18   0.00     83   23.1  366.2  366.2  366.2
  126.9  15320  -70.1  -81.4     18   0.00     84   22.9  366.3  366.3  366.3
  126.7  15330  -70.1  -81.5     18   0.00     84   22.8  366.4  366.4  366.4
  126.5  15339  -70.2  -81.6     17   0.00     84   22.6  366.3  366.4  366.3
  126.3  15348  -70.3  -81.8     17   0.00     85   22.5  366.4  366.4  366.4
  126.1  15357  -70.3  -81.9     17   0.00     85   22.3  366.4  366.5  366.4
  125.9  15367  -70.4  -82.0     17   0.00     85   22.2  366.4  366.4  366.4
  125.7  15377  -70.6  -82.1     17   0.00     86   22.0  366.4  366.4  366.4
  125.5  15386  -70.6  -82.0     17   0.00     86   21.9  366.5  366.5  366.5
  125.3  15395  -70.7  -82.0     17   0.00     87   21.7  366.5  366.6  366.5
  125.1  15405  -70.8  -82.0     18   0.00     87   21.5  366.5  366.6  366.5
  124.9  15415  -70.9  -82.1     18   0.00     88   21.4  366.5  366.5  366.5
  124.7  15425  -71.0  -82.2     18   0.00     88   21.2  366.5  366.5  366.5
  124.5  15435  -71.1  -82.3     18   0.00     89   21.0  366.5  366.5  366.5
  124.3  15444  -71.1  -82.4     17   0.00     89   20.8  366.5  366.5  366.5
  124.0  15455  -71.2  -82.6     17   0.00     90   20.5  366.6  366.6  366.6
  123.8  15467  -71.3  -82.6     17   0.00     91   20.2  366.7  366.7  366.7
  123.6  15478  -71.3  -82.6     17   0.00     92   20.0  366.8  366.8  366.8
  123.3  15489  -71.3  -82.5     18   0.00     93   19.7  367.1  367.1  367.1
  123.1  15500  -71.3  -82.5     18   0.00     93   19.4  367.2  367.2  367.2
  122.9  15511  -71.4  -82.5     18   0.00     94   19.1  367.2  367.3  367.2
  122.7  15522  -71.5  -82.6     18   0.00     94   18.7  367.3  367.3  367.3
  122.4  15533  -71.5  -82.7     17   0.00     95   18.4  367.5  367.5  367.5
  122.2  15543  -71.5  -82.8     17   0.00     95   18.1  367.6  367.6  367.6
  122.0  15554  -71.5  -82.8     17   0.00     95   17.7  367.8  367.8  367.8
  121.8  15565  -71.4  -82.7     17   0.00     95   17.3  368.1  368.1  368.1
  121.5  15576  -71.3  -82.7     17   0.00     95   17.0  368.6  368.6  368.6
  121.3  15587  -71.3  -82.7     17   0.00     95   16.6  368.7  368.8  368.7
  121.0  15600  -71.4  -82.8     17   0.00     95   16.2  368.9  368.9  368.9
  120.8  15612  -71.4  -83.0     17   0.00     95   15.7  369.0  369.0  369.0
  120.6  15622  -71.5  -83.0     17   0.00     95   15.3  369.1  369.1  369.1
  120.4  15633  -71.6  -83.1     17   0.00     95   14.9  369.1  369.1  369.1
  120.1  15645  -71.6  -83.0     17   0.00     95   14.5  369.2  369.3  369.2
  119.9  15657  -71.7  -83.0     17   0.00     95   14.1  369.3  369.3  369.3
  119.7  15668  -71.7  -82.9     17   0.00     95   13.8  369.4  369.4  369.4
  119.5  15678  -71.8  -82.9     18   0.00     95   13.4  369.5  369.5  369.5
  119.3  15688  -71.8  -82.8     18   0.00     95   13.2  369.6  369.6  369.6
  119.0  15698  -71.9  -82.8     18   0.00     95   12.9  369.7  369.8  369.7
  118.8  15709  -72.0  -82.8     18   0.00     94   12.7  369.8  369.8  369.8
  118.6  15720  -72.0  -82.8     19   0.00     94   12.5  369.9  369.9  369.9
  118.4  15729  -72.0  -82.7     19   0.00     94   12.4  370.0  370.0  370.0
  118.2  15739  -72.1  -82.7     19   0.00     94   12.3  370.1  370.1  370.1
  118.0  15749  -72.2  -82.8     19   0.00     93   12.2  370.1  370.1  370.1
  117.8  15760  -72.3  -82.8     19   0.00     93   12.1  370.1  370.1  370.1
  117.6  15769  -72.3  -82.8     20   0.00     92   12.0  370.1  370.2  370.1
  117.4  15778  -72.4  -82.7     20   0.00     92   11.9  370.2  370.2  370.2
  117.3  15787  -72.5  -82.7     20   0.00     91   11.9  370.2  370.2  370.2
  117.1  15796  -72.5  -82.7     20   0.00     91   11.8  370.3  370.3  370.3
  116.9  15806  -72.6  -82.6     21   0.00     90   11.7  370.4  370.4  370.4
  116.7  15815  -72.7  -82.6     21   0.00     89   11.5  370.4  370.4  370.4
  116.5  15826  -72.7  -82.7     21   0.00     88   11.4  370.4  370.4  370.4
  116.3  15836  -72.8  -82.7     21   0.00     87   11.3  370.5  370.5  370.5
  116.1  15846  -72.9  -82.8     21   0.00     86   11.2  370.5  370.5  370.5
  115.9  15857  -73.0  -82.8     21   0.00     85   11.1  370.5  370.5  370.5
  115.7  15867  -73.1  -82.9     21   0.00     84   11.0  370.5  370.5  370.5
  115.5  15877  -73.2  -82.9     22   0.00     83   10.9  370.5  370.6  370.5
  115.3  15887  -73.2  -82.9     22   0.00     82   10.9  370.6  370.6  370.6
  115.1  15896  -73.3  -82.9     22   0.00     81   10.9  370.7  370.7  370.7
  114.9  15905  -73.3  -82.9     22   0.00     80   10.9  370.7  370.8  370.7
  114.7  15915  -73.4  -82.9     22   0.00     79   11.0  370.8  370.8  370.8
  114.5  15925  -73.5  -83.0     23   0.00     78   11.0  370.8  370.8  370.8
  114.3  15935  -73.6  -83.0     23   0.00     77   11.1  370.8  370.9  370.8
  114.2  15944  -73.6  -83.1     22   0.00     77   11.3  370.9  370.9  370.9
  114.0  15953  -73.6  -83.1     22   0.00     76   11.4  371.1  371.1  371.1
  113.8  15962  -73.6  -83.1     22   0.00     76   11.5  371.3  371.3  371.3
  113.6  15972  -73.6  -83.1     22   0.00     75   11.6  371.5  371.5  371.5
  113.4  15982  -73.6  -83.1     22   0.00     75   11.8  371.7  371.7  371.7
  113.3  15991  -73.6  -83.1     22   0.00     75   11.9  371.8  371.8  371.8
  113.1  16000  -73.7  -83.1     22   0.00     74   12.0  371.8  371.9  371.8
  112.9  16009  -73.7  -83.2     22   0.00     74   12.1  371.9  372.0  371.9
  112.7  16019  -73.8  -83.2     22   0.00     74   12.2  372.0  372.1  372.0
  112.5  16029  -73.8  -83.2     23   0.00     73   12.3  372.1  372.1  372.1
  112.3  16039  -73.9  -83.3     23   0.00     73   12.4  372.1  372.1  372.1
  112.2  16047  -74.0  -83.3     23   0.00     72   12.5  372.0  372.0  372.0
  112.0  16056  -74.1  -83.4     23   0.00     71   12.5  372.0  372.0  372.0
  111.8  16066  -74.2  -83.4     23   0.00     70   12.6  372.1  372.1  372.1
  111.6  16077  -74.3  -83.4     23   0.00     69   12.7  372.1  372.1  372.1
  111.4  16087  -74.4  -83.5     24   0.00     68   12.8  372.1  372.1  372.1
  111.2  16097  -74.5  -83.5     24   0.00     67   12.9  372.1  372.2  372.2
  111.0  16107  -74.5  -83.5     24   0.00     66   13.0  372.2  372.2  372.2
  110.8  16116  -74.6  -83.6     24   0.00     65   13.2  372.2  372.3  372.2
  110.6  16126  -74.7  -83.6     24   0.00     64   13.3  372.3  372.3  372.3
  110.4  16138  -74.8  -83.6     24   0.00     63   13.4  372.4  372.4  372.4
  110.2  16148  -74.8  -83.7     24   0.00     62   13.6  372.4  372.4  372.4
  110.1  16156  -74.9  -83.7     24   0.00     60   13.7  372.4  372.4  372.4
  109.9  16164  -74.9  -83.8     24   0.00     59   13.9  372.5  372.5  372.5
  109.7  16174  -75.0  -83.8     24   0.00     58   14.0  372.6  372.6  372.6
  109.5  16186  -75.0  -83.8     25   0.00     57   14.2  372.7  372.7  372.7
  109.3  16195  -75.1  -83.8     25   0.00     55   14.4  372.8  372.8  372.8
  109.2  16205  -75.1  -83.9     25   0.00     54   14.6  372.8  372.8  372.8
  109.0  16214  -75.2  -83.9     25   0.00     53   14.7  372.9  372.9  372.9
  108.8  16223  -75.2  -83.9     25   0.00     51   14.9  373.0  373.0  373.0
  108.6  16234  -75.3  -84.0     25   0.00     50   15.2  373.1  373.1  373.1
  108.4  16244  -75.4  -84.1     25   0.00     49   15.4  373.1  373.1  373.1
  108.2  16255  -75.4  -84.1     25   0.00     48   15.6  373.2  373.2  373.2
  108.0  16265  -75.5  -84.1     25   0.00     47   15.9  373.3  373.3  373.3
  107.8  16275  -75.5  -84.1     25   0.00     46   16.1  373.4  373.4  373.4
  107.7  16285  -75.6  -84.1     26   0.00     46   16.4  373.4  373.4  373.4
  107.5  16296  -75.7  -84.1     26   0.00     45   16.6  373.5  373.5  373.5
  107.3  16305  -75.7  -84.1     26   0.00     45   16.9  373.6  373.6  373.6
  107.1  16313  -75.7  -84.1     26   0.00     44   17.1  373.7  373.8  373.7
  107.0  16321  -75.7  -84.1     26   0.00     44   17.3  373.8  373.8  373.8
  106.8  16330  -75.8  -84.1     26   0.00     44   17.5  374.0  374.0  374.0
  106.6  16340  -75.8  -84.1     26   0.00     44   17.7  374.2  374.2  374.2
  106.5  16349  -75.8  -84.1     26   0.00     44   17.9  374.3  374.3  374.3
  106.3  16358  -75.8  -84.1     26   0.00     44   18.1  374.5  374.5  374.5
  106.1  16367  -75.7  -84.1     26   0.00     44   18.2  374.7  374.7  374.7
  106.0  16377  -75.7  -84.1     26   0.00     44   18.4  374.8  374.8  374.8
  105.8  16386  -75.8  -84.1     26   0.00     44   18.5  375.0  375.0  375.0
  105.6  16395  -75.8  -84.1     26   0.00     44   18.7  375.2  375.2  375.2
  105.4  16406  -75.8  -84.1     26   0.00     44   18.8  375.3  375.3  375.3
  105.3  16415  -75.9  -84.2     26   0.00     44   18.9  375.3  375.3  375.3
  105.1  16424  -75.9  -84.2     26   0.00     44   19.1  375.4  375.5  375.4
  104.9  16433  -76.0  -84.2     26   0.00     44   19.2  375.5  375.6  375.5
  104.8  16441  -76.0  -84.3     26   0.00     43   19.4  375.5  375.6  375.5
  104.6  16450  -76.1  -84.3     27   0.00     43   19.5  375.6  375.7  375.6
  104.5  16459  -76.1  -84.3     27   0.00     43   19.7  375.6  375.6  375.6
  104.3  16469  -76.2  -84.3     27   0.00     44   19.9  375.7  375.7  375.7
  104.1  16478  -76.3  -84.3     27   0.00     44   20.0  375.8  375.8  375.8
  104.0  16486  -76.3  -84.3     27   0.00     44   20.2  375.8  375.8  375.8
  103.8  16495  -76.3  -84.3     28   0.00     44   20.3  376.0  376.0  376.0
  103.6  16504  -76.3  -84.3     28   0.00     45   20.5  376.1  376.2  376.1
  103.5  16513  -76.4  -84.3     28   0.00     45   20.6  376.2  376.2  376.2
  103.3  16523  -76.4  -84.4     28   0.00     46   20.8  376.4  376.4  376.4
  103.1  16533  -76.4  -84.4     28   0.00     47   20.9  376.5  376.5  376.5
  103.0  16542  -76.5  -84.5     27   0.00     47   21.0  376.5  376.5  376.5
  102.8  16550  -76.5  -84.6     27   0.00     48   21.1  376.6  376.6  376.6
  102.7  16558  -76.6  -84.6     27   0.00     49   21.1  376.7  376.7  376.7
  102.5  16566  -76.5  -84.7     27   0.00     50   21.2  377.0  377.0  377.0
  102.4  16575  -76.4  -84.6     26   0.00     51   21.2  377.3  377.3  377.3
  102.2  16584  -76.3  -84.6     26   0.00     52   21.3  377.7  377.7  377.7
  102.1  16593  -76.2  -84.5     26   0.00     53   21.3  378.0  378.1  378.0
  101.9  16601  -76.1  -84.5     26   0.00     54   21.3  378.5  378.5  378.5
  101.8  16610  -76.0  -84.4     26   0.00     55   21.3  378.8  378.8  378.8
  101.6  16618  -75.9  -84.4     25   0.00     56   21.3  379.1  379.1  379.1
  101.5  16627  -75.9  -84.4     25   0.00     56   21.4  379.2  379.2  379.2
  101.3  16636  -75.9  -84.4     25   0.00     57   21.4  379.4  379.4  379.4
  101.1  16646  -75.9  -84.4     25   0.00     58   21.4  379.6  379.6  379.6
  101.0  16656  -75.9  -84.5     25   0.00     58   21.4  379.7  379.7  379.7
  100.8  16665  -76.0  -84.5     25   0.00     59   21.5  379.8  379.8  379.8
  100.6  16674  -76.0  -84.5     25   0.00     60   21.5  379.9  379.9  379.9
  100.5  16682  -76.0  -84.5     26   0.00     60   21.6  380.0  380.0  380.0
  100.3  16691  -76.0  -84.4     26   0.00     60   21.7  380.2  380.2  380.2
  100.2  16699  -76.1  -84.4     26   0.00     61   21.7  380.3  380.3  380.3
  100.0  16711  -76.1  -84.4     26   0.00     62   21.9  380.4  380.4  380.4
  100.0  16711  -76.1  -84.4     26   0.00     62   21.9  380.4  380.4  380.4
   99.9  16716  -76.1  -84.4     26   0.00     62   21.9  380.5  380.5  380.5
   99.7  16725  -76.2  -84.5     26   0.00     62   21.9  380.6  380.6  380.6
   99.6  16735  -76.2  -84.6     26   0.00     62   22.0  380.6  380.6  380.6
   99.4  16744  -76.3  -84.7     26   0.00     63   22.1  380.7  380.7  380.7
   99.3  16753  -76.3  -84.8     26   0.00     63   22.2  380.7  380.7  380.7
   99.1  16763  -76.4  -84.8     26   0.00     64   22.2  380.8  380.9  380.8
   98.9  16772  -76.4  -84.8     26   0.00     65   22.3  381.0  381.0  381.0
   98.8  16782  -76.5  -84.9     26   0.00     65   22.3  381.0  381.0  381.0
   98.6  16790  -76.6  -84.9     26   0.00     66   22.4  381.1  381.1  381.1
   98.5  16799  -76.6  -85.0     25   0.00     67   22.4  381.2  381.2  381.2
   98.3  16809  -76.5  -85.1     25   0.00     67   22.4  381.5  381.5  381.5
   98.2  16818  -76.4  -85.1     24   0.00     68   22.5  381.8  381.8  381.8
   98.0  16826  -76.3  -85.2     24   0.00     69   22.5  382.2  382.2  382.2
   97.9  16835  -76.2  -85.2     23   0.00     69   22.5  382.5  382.5  382.5
   97.7  16844  -76.1  -85.2     23   0.00     70   22.6  383.0  383.0  383.0
   97.5  16854  -75.9  -85.1     22   0.00     71   22.6  383.6  383.6  383.6
   97.4  16863  -75.7  -85.0     22   0.00     72   22.7  384.2  384.2  384.2
   97.2  16873  -75.5  -84.9     22   0.00     73   22.8  384.8  384.8  384.8
   97.1  16883  -75.4  -84.8     22   0.00     73   22.8  385.1  385.1  385.1
   96.9  16892  -75.4  -84.9     22   0.00     74   22.9  385.2  385.3  385.2
   96.8  16901  -75.5  -85.0     22   0.00     75   23.0  385.2  385.2  385.2
   96.6  16910  -75.6  -85.1     22   0.00     75   23.0  385.2  385.2  385.2
   96.4  16920  -75.7  -85.2     22   0.00     76   23.1  385.3  385.3  385.3
   96.3  16929  -75.8  -85.2     22   0.00     76   23.1  385.2  385.2  385.2
   96.1  16939  -75.8  -85.3     22   0.00     77   23.1  385.3  385.3  385.3
   96.0  16948  -75.9  -85.3     22   0.00     77   23.2  385.3  385.3  385.3
   95.8  16957  -75.9  -85.3     22   0.00     78   23.2  385.5  385.5  385.5
   95.7  16967  -75.9  -85.4     22   0.00     78   23.2  385.5  385.6  385.5
   95.5  16976  -75.9  -85.4     22   0.00     79   23.2  385.8  385.8  385.8
   95.3  16986  -75.9  -85.4     21   0.00     79   23.1  386.1  386.2  386.1
   95.2  16995  -75.8  -85.4     21   0.00     80   23.1  386.4  386.4  386.4
   95.0  17005  -75.7  -85.5     21   0.00     80   23.0  386.7  386.8  386.7
   94.9  17015  -75.7  -85.5     20   0.00     81   23.0  387.0  387.0  387.0
   94.7  17024  -75.7  -85.6     20   0.00     81   22.9  387.3  387.3  387.3
   94.6  17033  -75.7  -85.6     20   0.00     81   22.8  387.3  387.3  387.3
   94.4  17043  -75.7  -85.7     20   0.00     82   22.8  387.5  387.5  387.5
   94.3  17052  -75.7  -85.8     19   0.00     82   22.7  387.6  387.6  387.6
   94.1  17061  -75.7  -85.9     19   0.00     82   22.6  387.8  387.9  387.8
   93.9  17071  -75.7  -86.0     19   0.00     83   22.4  388.0  388.1  388.0
   93.8  17081  -75.7  -86.1     19   0.00     83   22.3  388.2  388.2  388.2
   93.6  17090  -75.7  -86.1     18   0.00     83   22.2  388.4  388.5  388.4
   93.5  17099  -75.7  -86.1     18   0.00     83   22.0  388.6  388.7  388.6
   93.3  17109  -75.6  -86.1     18   0.00     83   21.8  388.9  389.0  388.9
   93.2  17119  -75.6  -86.1     18   0.00     83   21.7  389.2  389.2  389.2
   93.0  17128  -75.4  -86.1     18   0.00     84   21.5  389.7  389.7  389.7
   92.9  17139  -75.2  -86.0     17   0.00     84   21.3  390.2  390.2  390.2
   92.7  17148  -75.1  -86.0     17   0.00     83   21.2  390.8  390.8  390.8
   92.6  17158  -75.0  -86.0     17   0.00     83   21.0  391.1  391.1  391.1
   92.4  17168  -75.0  -86.1     17   0.00     83   20.8  391.3  391.4  391.3
   92.2  17178  -75.0  -86.2     16   0.00     83   20.7  391.5  391.5  391.5
   92.1  17187  -75.1  -86.2     16   0.00     83   20.5  391.5  391.5  391.5
   91.9  17196  -75.1  -86.2     17   0.00     83   20.3  391.7  391.7  391.7
   91.8  17205  -75.2  -86.2     17   0.00     82   20.1  391.7  391.7  391.7
   91.7  17214  -75.3  -86.2     17   0.00     82   19.9  391.6  391.6  391.6
   91.5  17224  -75.3  -86.2     17   0.00     81   19.7  391.7  391.7  391.7
   91.3  17235  -75.4  -86.3     17   0.00     81   19.5  391.8  391.8  391.8
   91.2  17245  -75.5  -86.4     17   0.00     80   19.4  391.7  391.7  391.7
   91.0  17254  -75.6  -86.5     17   0.00     80   19.2  391.8  391.8  391.8
   90.9  17264  -75.7  -86.5     17   0.00     80   19.1  391.8  391.8  391.8
   90.7  17274  -75.7  -86.6     17   0.00     79   18.9  392.0  392.0  392.0
   90.6  17283  -75.7  -86.6     17   0.00     78   18.7  392.0  392.1  392.0
   90.4  17293  -75.8  -86.7     17   0.00     78   18.6  392.2  392.2  392.2
   90.3  17303  -75.8  -86.7     17   0.00     77   18.5  392.3  392.3  392.3
   90.1  17313  -75.8  -86.7     17   0.00     76   18.5  392.5  392.5  392.5
   90.0  17322  -75.8  -86.7     17   0.00     76   18.4  392.6  392.7  392.6
   89.8  17331  -75.8  -86.7     17   0.00     75   18.4  392.9  393.0  392.9
   89.7  17340  -75.8  -86.7     17   0.00     75   18.4  393.1  393.1  393.1
   89.5  17349  -75.7  -86.7     17   0.00     75   18.5  393.5  393.5  393.5
   89.4  17358  -75.7  -86.7     16   0.00     74   18.5  393.7  393.7  393.7
   89.2  17368  -75.7  -86.8     16   0.00     74   18.6  393.9  393.9  393.9
   89.1  17377  -75.7  -86.9     16   0.00     73   18.6  394.0  394.0  394.0
   89.0  17386  -75.8  -87.0     16   0.00     73   18.7  394.0  394.0  394.0
   88.8  17396  -75.8  -87.1     16   0.00     73   18.9  394.1  394.1  394.1
   88.7  17405  -75.9  -87.3     15   0.00     72   19.0  394.1  394.2  394.1
   88.5  17415  -75.8  -87.3     15   0.00     72   19.2  394.5  394.5  394.5
   88.4  17424  -75.7  -87.2     15   0.00     71   19.3  394.9  394.9  394.9
   88.2  17434  -75.5  -87.1     15   0.00     71   19.5  395.6  395.6  395.6
   88.1  17443  -75.2  -87.0     15   0.00     70   19.7  396.2  396.2  396.2
   88.0  17452  -75.0  -86.8     15   0.00     70   19.9  396.9  396.9  396.9
   87.8  17461  -74.7  -86.6     14   0.00     69   20.0  397.7  397.7  397.7
   87.7  17471  -74.4  -86.5     14   0.00     69   20.2  398.4  398.4  398.4
   87.5  17480  -74.3  -86.5     14   0.00     68   20.3  398.9  398.9  398.9
   87.4  17489  -74.2  -86.5     14   0.00     68   20.4  399.1  399.1  399.1
   87.3  17497  -74.3  -86.6     13   0.00     68   20.6  399.2  399.2  399.2
   87.2  17505  -74.3  -86.8     13   0.00     67   20.7  399.1  399.2  399.1
   87.0  17513  -74.5  -86.9     13   0.00     67   20.9  399.2  399.2  399.2
   86.9  17522  -74.6  -87.0     13   0.00     67   21.1  399.1  399.1  399.1
   86.8  17530  -74.6  -87.1     13   0.00     66   21.3  399.2  399.2  399.2
   86.6  17540  -74.6  -87.2     13   0.00     66   21.5  399.4  399.4  399.4
   86.5  17549  -74.6  -87.2     13   0.00     66   21.7  399.5  399.5  399.5
   86.4  17559  -74.6  -87.2     13   0.00     65   22.0  399.6  399.6  399.6
   86.2  17568  -74.6  -87.3     13   0.00     65   22.3  399.9  399.9  399.9
   86.1  17578  -74.6  -87.3     13   0.00     65   22.5  400.1  400.1  400.1
   85.9  17588  -74.6  -87.3     13   0.00     65   22.8  400.4  400.4  400.4
   85.8  17597  -74.6  -87.3     12   0.00     64   23.1  400.5  400.5  400.5
   85.7  17606  -74.6  -87.4     12   0.00     64   23.2  400.6  400.6  400.6
   85.5  17615  -74.6  -87.5     12   0.00     64   23.5  400.8  400.9  400.8
   85.4  17624  -74.6  -87.6     12   0.00     64   23.7  401.0  401.0  401.0
   85.3  17633  -74.5  -87.7     12   0.00     64   23.9  401.3  401.3  401.3
   85.1  17643  -74.5  -87.8     11   0.00     64   24.1  401.6  401.6  401.6
   85.0  17652  -74.5  -87.8     11   0.00     64   24.3  401.7  401.7  401.7
   84.8  17661  -74.6  -87.9     11   0.00     64   24.4  401.9  401.9  401.9
   84.7  17671  -74.6  -87.9     11   0.00     64   24.4  402.0  402.0  402.0
   84.6  17680  -74.5  -87.9     11   0.00     64   24.5  402.2  402.2  402.2
   84.4  17689  -74.5  -88.0     11   0.00     64   24.4  402.5  402.5  402.5
   84.3  17698  -74.5  -88.1     11   0.00     65   24.4  402.7  402.7  402.7
   84.2  17708  -74.4  -88.1     11   0.00     65   24.3  403.0  403.0  403.0
   84.0  17718  -74.3  -88.2     10   0.00     65   24.2  403.5  403.6  403.5
   83.9  17728  -74.1  -88.1     10   0.00     65   24.0  404.2  404.2  404.2
   83.8  17737  -73.8  -88.0     10   0.00     65   23.9  404.7  404.7  404.7
   83.6  17746  -73.8  -87.9     10   0.00     66   23.7  405.2  405.2  405.2
   83.5  17755  -73.7  -87.9     10   0.00     66   23.5  405.3  405.3  405.3
   83.4  17765  -73.7  -87.9     10   0.00     66   23.3  405.5  405.5  405.5
   83.2  17775  -73.7  -87.9     10   0.00     67   23.2  405.9  405.9  405.9
   83.1  17785  -73.7  -87.9     10   0.00     67   23.1  406.1  406.1  406.1
   82.9  17795  -73.7  -88.0     10   0.00     67   22.9  406.3  406.3  406.3
   82.8  17805  -73.6  -88.1      9   0.00     68   22.8  406.5  406.5  406.5
   82.6  17815  -73.6  -88.1      9   0.00     68   22.6  406.9  406.9  406.9
   82.5  17824  -73.5  -88.1      9   0.00     69   22.5  407.3  407.3  407.3
   82.4  17833  -73.3  -88.0      9   0.00     69   22.3  407.7  407.7  407.7
   82.2  17843  -73.3  -88.0      9   0.00     69   22.2  408.1  408.1  408.1
   82.1  17854  -73.3  -88.1      9   0.00     70   22.1  408.2  408.2  408.2
   81.9  17864  -73.4  -88.2      9   0.00     70   21.9  408.4  408.4  408.4
   81.8  17875  -73.4  -88.3      9   0.00     71   21.7  408.4  408.4  408.4
   81.7  17884  -73.4  -88.3      9   0.00     71   21.5  408.5  408.5  408.5
   81.5  17893  -73.4  -88.3      9   0.00     71   21.3  408.8  408.8  408.8
   81.4  17903  -73.4  -88.3      9   0.00     71   21.1  409.0  409.0  409.0
   81.3  17914  -73.4  -88.2      9   0.00     71   20.9  409.2  409.2  409.2
   81.1  17924  -73.4  -88.2      9   0.00     71   20.6  409.5  409.5  409.5
   81.0  17934  -73.4  -88.3      9   0.00     71   20.4  409.5  409.5  409.5
   80.8  17944  -73.5  -88.3      9   0.00     71   20.1  409.8  409.8  409.8
   80.7  17955  -73.5  -88.4      9   0.00     71   19.8  409.9  409.9  409.9
   80.6  17964  -73.5  -88.4      9   0.00     71   19.6  410.0  410.0  410.0
   80.4  17974  -73.5  -88.4      9   0.00     71   19.3  410.3  410.3  410.3
   80.3  17984  -73.5  -88.4      9   0.00     71   19.1  410.4  410.4  410.4
   80.2  17993  -73.5  -88.4      9   0.00     71   18.9  410.5  410.5  410.5
   80.0  18004  -73.5  -88.3      9   0.00     71   18.7  410.9  410.9  410.9
   79.9  18014  -73.5  -88.3      9   0.00     71   18.6  411.0  411.0  411.0
   79.7  18024  -73.5  -88.3      9   0.00     70   18.6  411.3  411.3  411.3
   79.6  18033  -73.5  -88.3      9   0.00     70   18.6  411.4  411.4  411.4
   79.5  18043  -73.5  -88.3      9   0.00     70   18.6  411.5  411.5  411.5
   79.3  18053  -73.5  -88.4      9   0.00     70   18.7  411.8  411.8  411.8
   79.2  18063  -73.5  -88.4      9   0.00     70   18.9  412.0  412.0  412.0
   79.1  18072  -73.5  -88.5      9   0.00     70   19.2  412.2  412.2  412.2
   79.0  18081  -73.4  -88.5      9   0.00     70   19.4  412.4  412.4  412.4
   78.8  18092  -73.4  -88.6      8   0.00     70   19.7  412.8  412.8  412.8
   78.7  18102  -73.4  -88.6      8   0.00     70   20.0  413.0  413.0  413.0
   78.6  18112  -73.4  -88.6      8   0.00     70   20.3  413.2  413.2  413.2
   78.4  18122  -73.4  -88.6      8   0.00     70   20.6  413.4  413.5  413.4
   78.3  18132  -73.3  -88.6      8   0.00     71   20.8  413.7  413.7  413.7
   78.2  18141  -73.2  -88.6      8   0.00     71   21.0  414.1  414.1  414.1
   78.0  18149  -73.1  -88.5      8   0.00     71   21.2  414.7  414.7  414.7
   77.9  18159  -72.9  -88.4      8   0.00     71   21.3  415.3  415.3  415.3
   77.8  18168  -72.6  -88.4      8   0.00     71   21.4  415.9  415.9  415.9
   77.7  18177  -72.4  -88.3      8   0.00     72   21.4  416.6  416.7  416.6
   77.6  18185  -72.1  -88.2      7   0.00     72   21.3  417.4  417.4  417.4
   77.5  18194  -71.8  -88.2      7   0.00     72   21.3  418.1  418.1  418.1
   77.3  18204  -71.5  -88.2      7   0.00     73   21.2  419.0  419.0  419.0
   77.2  18214  -71.3  -88.2      7   0.00     73   21.1  419.6  419.7  419.6
   77.1  18223  -71.1  -88.3      6   0.00     74   20.9  420.1  420.2  420.1
   76.9  18233  -71.0  -88.4      6   0.00     75   20.8  420.6  420.7  420.6
   76.8  18243  -70.9  -88.5      6   0.00     76   20.7  421.0  421.0  421.0
   76.7  18253  -70.8  -88.6      6   0.00     76   20.5  421.4  421.5  421.4
   76.6  18263  -70.6  -88.5      6   0.00     77   20.3  422.0  422.0  422.0
   76.4  18272  -70.4  -88.5      5   0.00     78   20.2  422.8  422.8  422.8
   76.3  18280  -70.2  -88.5      5   0.00     79   20.0  423.3  423.3  423.3
   76.2  18290  -70.1  -88.5      5   0.00     80   19.9  423.7  423.7  423.7
   76.1  18299  -70.0  -88.5      5   0.00     81   19.7  424.1  424.1  424.1
   76.0  18308  -69.9  -88.6      5   0.00     82   19.5  424.5  424.5  424.5
   75.9  18317  -69.7  -88.6      5   0.00     82   19.4  425.1  425.1  425.1
   75.7  18326  -69.4  -88.6      5   0.00     83   19.2  426.0  426.0  426.0
   75.6  18336  -69.1  -88.6      4   0.00     84   19.1  426.7  426.7  426.7
   75.5  18346  -69.0  -88.8      4   0.00     84   19.0  427.1  427.1  427.1
   75.4  18355  -68.9  -88.9      4   0.00     85   19.0  427.5  427.6  427.5
   75.3  18365  -68.7  -89.0      4   0.00     85   19.0  428.1  428.1  428.1
   75.1  18374  -68.4  -89.0      4   0.00     86   19.0  429.0  429.0  429.0
   75.0  18382  -68.1  -89.0      4   0.00     86   19.1  429.8  429.8  429.8
   74.9  18391  -67.9  -88.9      4   0.00     86   19.2  430.5  430.5  430.5
   74.8  18401  -67.7  -88.9      3   0.00     86   19.3  431.0  431.0  431.0
   74.7  18411  -67.6  -88.9      3   0.00     86   19.5  431.4  431.4  431.4
   74.6  18420  -67.5  -88.8      3   0.00     86   19.6  431.8  431.8  431.8
   74.5  18429  -67.3  -88.8      3   0.00     86   19.8  432.3  432.3  432.3
   74.4  18438  -67.2  -88.8      3   0.00     86   19.9  432.8  432.8  432.8
   74.2  18447  -67.1  -88.8      3   0.00     86   20.1  433.3  433.3  433.3
   74.1  18456  -67.0  -88.9      3   0.00     86   20.2  433.5  433.5  433.5
   74.0  18464  -67.1  -88.9      3   0.00     86   20.3  433.6  433.7  433.6
   73.9  18473  -67.1  -89.0      3   0.00     86   20.4  433.8  433.8  433.8
   73.8  18482  -67.1  -89.0      3   0.00     86   20.4  434.0  434.0  434.0
   73.7  18491  -67.1  -89.0      3   0.00     87   20.4  434.1  434.1  434.1
   73.6  18500  -67.1  -89.1      3   0.00     87   20.4  434.3  434.3  434.3
   73.5  18509  -67.1  -89.1      3   0.00     87   20.3  434.5  434.5  434.5
   73.4  18518  -67.0  -89.1      3   0.00     88   20.2  434.7  434.7  434.7
   73.2  18528  -67.0  -89.1      3   0.00     88   20.1  435.1  435.1  435.1
   73.1  18539  -67.0  -89.1      3   0.00     89   20.0  435.3  435.3  435.3
   73.0  18548  -67.0  -89.1      3   0.00     89   19.8  435.5  435.5  435.5
   72.9  18558  -66.9  -89.2      3   0.00     90   19.7  435.7  435.7  435.7
   72.8  18569  -66.9  -89.2      3   0.00     91   19.5  436.0  436.0  436.0
   72.6  18579  -66.8  -89.2      3   0.00     92   19.3  436.5  436.5  436.5
   72.5  18589  -66.7  -89.1      3   0.00     92   19.1  436.9  436.9  436.9
   72.4  18600  -66.6  -89.1      3   0.00     93   19.0  437.3  437.3  437.3
   72.3  18610  -66.5  -89.0      3   0.00     94   18.8  437.8  437.8  437.8
   72.1  18620  -66.3  -88.9      3   0.00     95   18.6  438.4  438.5  438.4
   72.0  18629  -66.2  -88.9      3   0.00     95   18.4  438.8  438.8  438.8
   71.9  18638  -66.3  -88.9      3   0.00     96   18.2  438.9  438.9  438.9
   71.8  18649  -66.3  -88.9      3   0.00     97   18.0  439.0  439.0  439.0
   71.7  18659  -66.3  -88.9      3   0.00     97   17.8  439.1  439.1  439.1
   71.6  18669  -66.4  -89.0      3   0.00     97   17.6  439.1  439.1  439.1
   71.4  18679  -66.5  -89.0      3   0.00     98   17.4  439.3  439.3  439.3
   71.3  18688  -66.6  -89.0      3   0.00     98   17.2  439.3  439.3  439.3
   71.2  18698  -66.6  -88.9      3   0.00     98   17.0  439.4  439.4  439.4
   71.1  18708  -66.7  -88.9      3   0.00     98   16.8  439.4  439.4  439.4
   71.0  18718  -66.7  -88.9      3   0.00     98   16.5  439.5  439.5  439.5
   70.9  18728  -66.8  -88.9      3   0.00     97   16.3  439.4  439.5  439.4
   70.8  18738  -66.9  -88.9      3   0.00     97   16.1  439.5  439.5  439.5
   70.6  18747  -67.0  -88.9      3   0.00     97   15.9  439.6  439.7  439.6
   70.5  18758  -67.0  -88.9      3   0.00     97   15.7  439.7  439.7  439.7
   70.4  18768  -67.1  -88.9      3   0.00     96   15.6  439.8  439.8  439.8
   70.3  18777  -67.2  -88.9      3   0.00     96   15.5  439.8  439.8  439.8
   70.2  18786  -67.2  -88.8      3   0.00     96   15.4  439.9  439.9  439.9
   70.1  18796  -67.3  -88.8      3   0.00     95   15.3  440.0  440.0  440.0
   70.0  18802  -67.3  -88.8      3   0.00     95   15.3  440.1  440.1  440.1
   69.8  18817  -67.3  -88.8      3   0.00     94   15.1  440.4  440.4  440.4
   69.7  18827  -67.3  -88.7      3   0.00     93   15.1  440.5  440.5  440.5
   69.6  18838  -67.4  -88.7      3   0.00     93   15.1  440.6  440.7  440.6
   69.5  18848  -67.4  -88.8      3   0.00     92   15.1  440.7  440.7  440.7
   69.4  18857  -67.5  -88.8      3   0.00     91   15.1  440.7  440.8  440.7
   69.3  18866  -67.6  -88.8      3   0.00     90   15.1  440.8  440.8  440.8
   69.2  18874  -67.6  -88.9      3   0.00     88   15.1  440.8  440.8  440.8
   69.1  18884  -67.7  -88.9      3   0.00     87   15.2  440.8  440.9  440.8
   68.9  18894  -67.8  -88.9      4   0.00     86   15.2  441.1  441.1  441.1
   68.8  18904  -67.8  -88.9      4   0.00     84   15.2  441.1  441.1  441.1
   68.7  18914  -67.9  -88.9      4   0.00     83   15.2  441.1  441.1  441.1
   68.6  18924  -67.9  -88.9      4   0.00     81   15.2  441.2  441.3  441.2
   68.5  18935  -67.9  -88.9      4   0.00     80   15.2  441.4  441.5  441.4
   68.4  18945  -67.9  -88.9      4   0.00     78   15.1  441.6  441.6  441.6
   68.2  18955  -68.0  -88.9      4   0.00     76   15.1  441.9  441.9  441.9
   68.1  18965  -68.1  -89.0      4   0.00     75   15.1  441.9  441.9  441.9
   68.0  18976  -68.1  -89.1      4   0.00     73   15.1  442.0  442.0  442.0
   67.9  18986  -68.1  -89.1      4   0.00     72   15.2  442.1  442.2  442.1
   67.8  18995  -68.1  -89.1      4   0.00     70   15.2  442.4  442.4  442.4
   67.7  19005  -68.1  -89.1      4   0.00     69   15.3  442.5  442.6  442.5
   67.6  19015  -68.1  -89.1      4   0.00     68   15.4  442.7  442.7  442.7
   67.5  19025  -68.2  -89.2      4   0.00     67   15.5  442.8  442.8  442.8
   67.3  19034  -68.2  -89.2      4   0.00     67   15.6  443.1  443.1  443.1
   67.2  19043  -68.2  -89.2      4   0.00     66   15.8  443.3  443.3  443.3
   67.1  19052  -68.1  -89.2      4   0.00     66   15.9  443.6  443.6  443.6
   67.0  19061  -68.1  -89.2      3   0.00     66   16.1  443.9  443.9  443.9
   66.9  19071  -68.1  -89.2      3   0.00     66   16.2  444.1  444.1  444.1
   66.8  19080  -68.1  -89.3      3   0.00     66   16.3  444.2  444.2  444.2
   66.7  19091  -68.2  -89.4      3   0.00     66   16.5  444.3  444.3  444.3
   66.6  19101  -68.2  -89.4      3   0.00     67   16.6  444.4  444.5  444.4
   66.5  19111  -68.1  -89.4      3   0.00     67   16.7  444.7  444.8  444.7
   66.4  19120  -68.0  -89.4      3   0.00     68   16.9  445.1  445.1  445.1
   66.3  19131  -67.9  -89.3      3   0.00     68   17.2  445.6  445.6  445.6
   66.2  19141  -67.9  -89.3      3   0.00     69   17.4  445.9  445.9  445.9
   66.1  19151  -67.8  -89.3      3   0.00     70   17.6  446.2  446.2  446.2
   65.9  19161  -67.8  -89.3      3   0.00     71   17.7  446.6  446.6  446.6
   65.8  19171  -67.8  -89.3      3   0.00     71   17.9  446.7  446.8  446.7
   65.7  19181  -67.8  -89.3      3   0.00     72   18.1  446.9  446.9  446.9
   65.6  19190  -67.9  -89.4      3   0.00     72   18.3  447.1  447.1  447.1
   65.5  19199  -67.9  -89.4      3   0.00     73   18.4  447.3  447.3  447.3
   65.4  19208  -67.9  -89.4      3   0.00     73   18.6  447.5  447.5  447.5
   65.3  19218  -67.9  -89.4      3   0.00     74   18.7  447.6  447.6  447.6
   65.2  19229  -67.9  -89.4      3   0.00     74   18.8  447.7  447.7  447.7
   65.1  19239  -68.0  -89.4      3   0.00     75   19.0  447.8  447.8  447.8
   65.0  19247  -68.0  -89.4      3   0.00     75   19.1  447.9  447.9  447.9
   64.9  19257  -68.1  -89.4      3   0.00     75   19.1  447.9  448.0  447.9
   64.8  19267  -68.1  -89.4      3   0.00     75   19.2  448.1  448.1  448.1
   64.7  19278  -68.1  -89.4      3   0.00     75   19.2  448.2  448.3  448.2
   64.6  19287  -68.2  -89.4      3   0.00     75   19.2  448.4  448.4  448.4
   64.5  19297  -68.2  -89.4      3   0.00     75   19.2  448.5  448.5  448.5
   64.4  19308  -68.3  -89.5      3   0.00     75   19.1  448.6  448.6  448.6
   64.2  19318  -68.3  -89.5      3   0.00     75   19.1  448.8  448.9  448.8
   64.1  19329  -68.3  -89.5      3   0.00     75   19.0  449.0  449.1  449.0
   64.0  19340  -68.3  -89.5      3   0.00     74   19.0  449.3  449.3  449.3
   63.9  19349  -68.3  -89.5      3   0.00     74   18.9  449.6  449.6  449.6
   63.8  19359  -68.2  -89.5      3   0.00     74   18.9  449.8  449.8  449.8
   63.7  19369  -68.3  -89.5      3   0.00     74   18.9  450.0  450.0  450.0
   63.6  19379  -68.3  -89.6      3   0.00     74   18.9  450.1  450.1  450.1
   63.5  19390  -68.3  -89.6      3   0.00     74   18.9  450.3  450.3  450.3
   63.4  19400  -68.3  -89.6      3   0.00     74   19.0  450.5  450.5  450.5
   63.3  19410  -68.3  -89.5      3   0.00     74   19.0  450.7  450.7  450.7
   63.2  19420  -68.3  -89.5      3   0.00     74   19.1  450.9  450.9  450.9
   63.1  19430  -68.4  -89.6      3   0.00     74   19.1  451.0  451.0  451.0
   63.0  19439  -68.4  -89.6      3   0.00     74   19.2  451.1  451.1  451.1
   62.9  19449  -68.5  -89.6      3   0.00     74   19.3  451.1  451.1  451.1
   62.8  19458  -68.5  -89.6      3   0.00     75   19.4  451.2  451.2  451.2
   62.7  19468  -68.5  -89.6      3   0.00     75   19.5  451.4  451.4  451.4
   62.6  19477  -68.5  -89.6      3   0.00     75   19.6  451.7  451.7  451.7
   62.5  19487  -68.5  -89.5      3   0.00     75   19.7  451.9  452.0  451.9
   62.4  19497  -68.4  -89.5      3   0.00     75   19.8  452.2  452.3  452.2
   62.3  19506  -68.4  -89.5      3   0.00     75   19.8  452.5  452.5  452.5
   62.2  19516  -68.4  -89.4      3   0.00     76   19.9  452.7  452.8  452.7
   62.1  19525  -68.4  -89.4      4   0.00     76   20.0  452.9  452.9  452.9
   62.0  19535  -68.4  -89.4      4   0.00     76   20.1  453.1  453.1  453.1
   61.9  19545  -68.4  -89.4      4   0.00     76   20.2  453.3  453.3  453.3
   61.8  19554  -68.4  -89.4      4   0.00     76   20.3  453.5  453.5  453.5
   61.7  19564  -68.5  -89.4      4   0.00     76   20.3  453.7  453.7  453.7
   61.6  19573  -68.5  -89.4      4   0.00     76   20.4  453.8  453.9  453.8
   61.5  19583  -68.5  -89.5      4   0.00     76   20.5  454.0  454.0  454.0
   61.4  19593  -68.5  -89.5      4   0.00     76   20.6  454.2  454.2  454.2
   61.3  19602  -68.5  -89.5      4   0.00     77   20.7  454.4  454.4  454.4
   61.2  19612  -68.5  -89.5      4   0.00     77   20.8  454.6  454.6  454.6
   61.1  19621  -68.5  -89.5      4   0.00     77   20.8  454.7  454.8  454.8
   61.0  19631  -68.5  -89.5      4   0.00     77   20.9  454.9  455.0  454.9
   60.9  19641  -68.6  -89.5      4   0.00     77   21.0  455.1  455.1  455.1
   60.8  19650  -68.6  -89.5      4   0.00     77   21.1  455.3  455.3  455.3
   60.7  19660  -68.6  -89.6      4   0.00     77   21.2  455.5  455.5  455.5
   60.6  19669  -68.6  -89.6      4   0.00     77   21.3  455.7  455.7  455.7
   60.5  19679  -68.6  -89.6      4   0.00     78   21.3  455.9  455.9  455.9
   60.4  19689  -68.6  -89.6      4   0.00     78   21.4  456.0  456.1  456.0
   60.3  19698  -68.6  -89.6      4   0.00     78   21.5  456.2  456.3  456.2
   60.2  19708  -68.7  -89.6      4   0.00     78   21.6  456.4  456.4  456.4
   60.1  19717  -68.7  -89.6      3   0.00     78   21.7  456.6  456.6  456.6
   60.0  19727  -68.7  -89.6      3   0.00     78   21.8  456.8  456.8  456.8
   59.9  19737  -68.7  -89.6      4   0.00     78   21.8  457.0  457.0  457.0
   59.8  19746  -68.7  -89.7      4   0.00     78   21.9  457.2  457.2  457.2
   59.7  19756  -68.7  -89.7      3   0.00     78   22.0  457.4  457.4  457.4
   59.6  19765  -68.7  -89.7      3   0.00     79   22.1  457.6  457.6  457.6
   59.5  19775  -68.7  -89.7      3   0.00     79   22.2  457.7  457.8  457.7
   59.4  19785  -68.8  -89.7      3   0.00     79   22.3  457.9  458.0  457.9
   59.3  19794  -68.8  -89.7      3   0.00     79   22.4  458.1  458.2  458.1
   59.2  19804  -68.8  -89.7      3   0.00     79   22.4  458.3  458.3  458.3
   59.1  19813  -68.8  -89.7      3   0.00     79   22.5  458.5  458.5  458.5
   59.0  19823  -68.8  -89.8      3   0.00     79   22.6  458.7  458.7  458.7
   58.9  19842  -68.8  -89.8      3   0.00     79   22.8  458.9  458.9  458.9
   58.8  19852  -68.8  -89.8      3   0.00     79   22.9  459.1  459.1  459.1
   58.7  19861  -68.9  -89.8      3   0.00     80   23.0  459.2  459.3  459.2
   58.6  19871  -68.9  -89.8      3   0.00     80   23.0  459.4  459.5  459.4
   58.5  19881  -68.9  -89.8      3   0.00     80   23.1  459.6  459.7  459.6
   58.4  19890  -68.9  -89.8      3   0.00     80   23.2  459.8  459.9  459.8
   58.3  19900  -68.9  -89.8      3   0.00     80   23.3  460.0  460.0  460.0
   58.2  19909  -68.9  -89.9      3   0.00     80   23.4  460.2  460.2  460.2
   58.1  19919  -68.9  -89.9      3   0.00     80   23.5  460.4  460.5  460.4
   58.0  19928  -69.0  -89.9      3   0.00     80   23.6  460.6  460.6  460.6
   57.9  19938  -69.0  -89.9      3   0.00     80   23.6  460.8  460.8  460.8
   57.8  19948  -69.0  -89.9      3   0.00     80   23.7  461.0  461.0  461.0
   57.7  19957  -69.0  -89.9      4   0.00     80   23.8  461.2  461.2  461.2
   57.6  19967  -69.0  -89.9      4   0.00     81   23.9  461.4  461.4  461.4
   57.5  19976  -69.0  -89.9      3   0.00     81   24.0  461.6  461.6  461.6
   57.4  19996  -69.0  -90.0      3   0.00     81   24.2  461.8  461.8  461.8
   57.3  20005  -69.1  -90.0      3   0.00     81   24.3  462.0  462.0  462.0
   57.2  20015  -69.1  -90.0      3   0.00     81   24.4  462.2  462.2  462.2
   57.1  20024  -69.0  -90.0      3   0.00     81   24.5  462.5  462.5  462.5
   57.0  20034  -69.0  -90.1      3   0.00     81   24.6  462.8  462.8  462.8
   56.9  20044  -69.0  -90.1      3   0.00     81   24.7  463.1  463.1  463.1
   56.8  20053  -69.0  -90.1      3   0.00     81   24.7  463.4  463.4  463.4
   56.7  20063  -68.9  -90.1      3   0.00     81   24.8  463.7  463.7  463.7
   56.6  20073  -68.9  -90.2      3   0.00     82   24.8  463.9  463.9  463.9
   56.5  20083  -68.9  -90.2      3   0.00     82   24.9  464.1  464.1  464.1
   56.4  20092  -69.0  -90.3      3   0.00     82   24.9  464.3  464.3  464.3
   56.3  20111  -68.9  -90.3      3   0.00     82   24.9  464.7  464.7  464.7
   56.2  20120  -68.8  -90.3      3   0.00     83   24.9  465.2  465.2  465.2
   56.1  20131  -68.6  -90.2      3   0.00     83   24.9  465.7  465.7  465.7
   56.0  20141  -68.6  -90.2      3   0.00     83   24.9  466.1  466.2  466.1
   55.9  20151  -68.5  -90.2      3   0.00     84   24.9  466.5  466.5  466.5
   55.8  20161  -68.6  -90.2      3   0.00     84   24.9  466.6  466.7  466.6
   55.7  20170  -68.6  -90.2      3   0.00     84   25.0  466.8  466.8  466.8
   55.6  20179  -68.6  -90.3      3   0.00     85   25.1  466.9  467.0  466.9
   55.5  20189  -68.7  -90.3      3   0.00     85   25.2  467.1  467.1  467.1
   55.4  20207  -68.8  -90.3      3   0.00     86   25.4  467.1  467.1  467.1
   55.3  20216  -68.8  -90.4      3   0.00     86   25.5  467.2  467.2  467.2
   55.2  20226  -68.9  -90.4      3   0.00     87   25.6  467.3  467.3  467.3
   55.1  20236  -69.0  -90.5      3   0.00     87   25.7  467.4  467.4  467.4
   55.0  20246  -69.0  -90.5      3   0.00     87   25.8  467.6  467.6  467.6
   54.9  20256  -69.0  -90.6      3   0.00     87   25.9  467.8  467.8  467.8
   54.8  20266  -69.0  -90.6      3   0.00     87   25.9  468.1  468.1  468.1
   54.7  20275  -68.8  -90.5      3   0.00     87   26.0  468.6  468.7  468.6
   54.6  20296  -68.5  -90.4      3   0.00     87   26.0  469.7  469.7  469.7
   54.5  20307  -68.4  -90.3      3   0.00     87   26.0  470.2  470.2  470.2
   54.4  20317  -68.4  -90.4      3   0.00     87   25.9  470.5  470.5  470.5
   54.3  20326  -68.4  -90.5      3   0.00     87   25.9  470.6  470.7  470.6
   54.2  20336  -68.4  -90.5      3   0.00     87   25.9  470.8  470.9  470.8
   54.1  20345  -68.5  -90.6      3   0.00     86   25.9  471.0  471.0  471.0
   54.0  20356  -68.5  -90.6      3   0.00     86   25.8  471.2  471.2  471.2
   53.9  20366  -68.5  -90.7      3   0.00     86   25.8  471.4  471.4  471.4
   53.8  20376  -68.5  -90.7      3   0.00     86   25.7  471.7  471.7  471.7
   53.7  20386  -68.4  -90.6      3   0.00     86   25.7  472.2  472.2  472.2
   53.6  20404  -68.1  -90.5      3   0.00     85   25.6  473.0  473.0  473.0
   53.5  20413  -68.0  -90.4      3   0.00     85   25.5  473.5  473.5  473.5
   53.4  20423  -68.0  -90.4      3   0.00     85   25.5  473.9  473.9  473.9
   53.3  20433  -68.0  -90.4      3   0.00     85   25.4  474.2  474.2  474.2
   53.2  20443  -68.0  -90.4      3   0.00     85   25.3  474.3  474.3  474.3
   53.1  20453  -68.1  -90.4      3   0.00     85   25.3  474.3  474.3  474.3
   53.0  20473  -68.3  -90.5      3   0.00     85   25.2  474.2  474.2  474.2
   52.9  20483  -68.4  -90.5      3   0.00     85   25.2  474.2  474.2  474.2
   52.8  20493  -68.4  -90.6      3   0.00     85   25.1  474.4  474.4  474.4
   52.7  20503  -68.4  -90.6      3   0.00     85   25.1  474.6  474.6  474.6
   52.6  20513  -68.4  -90.6      3   0.00     85   25.1  474.9  474.9  474.9
   52.5  20523  -68.4  -90.6      3   0.00     86   25.2  475.2  475.2  475.2
   52.4  20533  -68.4  -90.6      3   0.00     86   25.2  475.6  475.6  475.6
   52.3  20544  -68.3  -90.6      3   0.00     86   25.2  476.0  476.0  476.0
   52.2  20555  -68.2  -90.6      3   0.00     87   25.3  476.5  476.5  476.5
   52.1  20573  -68.0  -90.6      3   0.00     88   25.3  477.1  477.2  477.1
   52.0  20583  -67.9  -90.6      3   0.00     89   25.4  477.6  477.7  477.6
   51.9  20594  -67.8  -90.5      3   0.00     90   25.4  478.2  478.2  478.2
   51.8  20605  -67.7  -90.4      3   0.00     91   25.4  478.7  478.7  478.7
   51.7  20616  -67.6  -90.4      3   0.00     92   25.4  479.1  479.1  479.1
   51.6  20626  -67.6  -90.4      3   0.00     93   25.3  479.4  479.4  479.4
   51.5  20646  -67.6  -90.4      3   0.00     94   25.2  479.7  479.7  479.7
   51.4  20656  -67.6  -90.4      3   0.00     95   25.2  479.9  479.9  479.9
   51.3  20666  -67.7  -90.5      3   0.00     95   25.1  480.1  480.1  480.1
   51.2  20676  -67.7  -90.6      3   0.00     96   25.1  480.2  480.2  480.2
   51.1  20686  -67.8  -90.7      3   0.00     96   25.0  480.3  480.3  480.3
   51.0  20696  -67.8  -90.7      3   0.00     97   25.0  480.5  480.5  480.5
   50.9  20716  -67.6  -90.7      2   0.00     98   24.9  481.2  481.2  481.2
   50.8  20726  -67.5  -90.7      2   0.00     99   24.9  481.9  481.9  481.9
   50.7  20736  -67.3  -90.6      2   0.00    100   24.9  482.6  482.6  482.6
   50.6  20747  -67.1  -90.5      2   0.00    100   24.8  483.3  483.3  483.3
   50.5  20758  -66.9  -90.4      2   0.00    100   24.8  484.0  484.1  484.0
   50.4  20768  -66.8  -90.4      2   0.00    100   24.8  484.6  484.7  484.6
   50.3  20779  -66.7  -90.4      2   0.00    100   24.8  485.1  485.1  485.1
   50.2  20790  -66.6  -90.4      2   0.00    100   24.7  485.5  485.6  485.5
   50.1  20811  -66.5  -90.4      2   0.00     99   24.6  486.1  486.1  486.1
   50.0  20820  -66.5  -90.4      2   0.00     99   24.6  486.4  486.4  486.4
   49.9  20833  -66.5  -90.4      2   0.00     99   24.6  486.7  486.7  486.7
   49.8  20843  -66.5  -90.4      2   0.00     99   24.5  487.0  487.0  487.0
   49.7  20854  -66.5  -90.4      2   0.00     99   24.5  487.2  487.2  487.2
   49.6  20865  -66.5  -90.4      2   0.00     99   24.5  487.5  487.5  487.5
   49.5  20876  -66.5  -90.4      2   0.00     99   24.4  487.7  487.7  487.7
   49.4  20897  -66.5  -90.5      2   0.00     99   24.4  487.9  487.9  487.9
   49.3  20908  -66.6  -90.5      2   0.00     99   24.3  488.2  488.2  488.2
   49.2  20919  -66.6  -90.5      2   0.00     99   24.3  488.4  488.4  488.4
   49.1  20929  -66.6  -90.5      2   0.00     99   24.3  488.7  488.7  488.7
   49.0  20940  -66.6  -90.5      2   0.00     99   24.3  488.9  488.9  488.9
   48.9  20951  -66.6  -90.5      2   0.00     99   24.2  489.2  489.2  489.2
   48.8  20962  -66.6  -90.5      2   0.00     99   24.2  489.4  489.4  489.4
   48.7  20983  -66.6  -90.5      2   0.00     98   24.1  489.8  489.8  489.8
   48.6  20994  -66.6  -90.5      2   0.00     98   24.1  490.1  490.1  490.1
   48.5  21005  -66.6  -90.4      2   0.00     98   24.1  490.4  490.5  490.4
   48.4  21015  -66.5  -90.4      2   0.00     98   24.0  490.8  490.8  490.8
   48.3  21026  -66.5  -90.4      2   0.00     98   24.0  491.1  491.2  491.1
   48.2  21037  -66.5  -90.4      2   0.00     98   24.0  491.5  491.5  491.5
   48.1  21058  -66.5  -90.3      2   0.00     98   23.9  491.9  491.9  491.9
   48.0  21069  -66.4  -90.3      2   0.00     98   23.9  492.2  492.3  492.2
   47.9  21080  -66.4  -90.3      2   0.00     98   23.8  492.6  492.6  492.6
   47.8  21091  -66.4  -90.3      2   0.00     98   23.8  492.9  492.9  492.9
   47.7  21101  -66.4  -90.3      2   0.00     98   23.8  493.3  493.3  493.3
   47.6  21112  -66.3  -90.3      2   0.00     98   23.7  493.6  493.6  493.6
   47.5  21134  -66.3  -90.3      2   0.00     98   23.7  494.0  494.0  494.0
   47.4  21144  -66.3  -90.3      2   0.00     98   23.6  494.4  494.4  494.4
   47.3  21155  -66.3  -90.3      2   0.00     98   23.6  494.7  494.7  494.7
   47.2  21166  -66.2  -90.4      2   0.00     98   23.6  495.1  495.1  495.1
   47.1  21177  -66.2  -90.4      2   0.00     98   23.5  495.4  495.4  495.4
   47.0  21198  -66.2  -90.4      2   0.00     98   23.5  495.8  495.8  495.8
   46.9  21209  -66.1  -90.4      2   0.00     98   23.4  496.2  496.2  496.2
   46.8  21220  -66.1  -90.4      2   0.00     98   23.4  496.6  496.6  496.6
   46.7  21230  -66.1  -90.4      2   0.00     98   23.4  496.9  496.9  496.9
   46.6  21241  -66.1  -90.4      2   0.00     97   23.4  497.3  497.3  497.3
   46.5  21263  -66.0  -90.4      2   0.00     97   23.3  497.7  497.7  497.7
   46.4  21273  -66.0  -90.4      2   0.00     97   23.3  498.0  498.1  498.0
   46.3  21284  -66.0  -90.4      2   0.00     97   23.2  498.4  498.4  498.4
   46.2  21295  -66.0  -90.4      2   0.00     97   23.2  498.8  498.8  498.8
   46.1  21306  -65.9  -90.4      2   0.00     97   23.1  499.1  499.1  499.1
   46.0  21327  -65.9  -90.4      2   0.00     97   23.0  499.5  499.6  499.5
   45.9  21338  -65.9  -90.4      2   0.00     97   23.0  499.9  499.9  499.9
   45.8  21349  -65.9  -90.4      2   0.00     97   23.0  500.2  500.2  500.2
   45.7  21359  -65.9  -90.4      2   0.00     97   23.0  500.4  500.5  500.4
   45.6  21381  -66.0  -90.4      2   0.00     97   23.2  500.5  500.6  500.5
   45.5  21392  -66.0  -90.5      2   0.00     97   23.3  500.8  500.8  500.8
   45.4  21402  -66.0  -90.5      2   0.00     97   23.5  501.1  501.1  501.1
   45.3  21412  -66.0  -90.5      2   0.00     97   23.7  501.4  501.5  501.4
   45.2  21435  -66.0  -90.6      2   0.00     97   24.3  501.9  501.9  501.9
   45.1  21445  -65.9  -90.6      2   0.00     97   24.6  502.3  502.3  502.3
   45.0  21455  -65.8  -90.6      2   0.00     97   25.0  502.8  502.8  502.8
   44.9  21466  -65.7  -90.6      2   0.00     97   25.3  503.5  503.5  503.5
   44.8  21488  -65.4  -90.5      2   0.00     97   25.8  504.6  504.6  504.6
   44.7  21497  -65.3  -90.5      2   0.00     97   26.0  505.2  505.2  505.2
   44.6  21508  -65.2  -90.5      2   0.00     97   26.2  505.7  505.8  505.7
   44.5  21528  -65.0  -90.5      2   0.00     98   26.2  506.5  506.5  506.5
   44.4  21538  -64.9  -90.6      2   0.00     98   26.2  507.0  507.0  507.0
   44.3  21548  -64.8  -90.6      2   0.00     98   26.0  507.6  507.6  507.6
   44.2  21568  -64.6  -90.5      2   0.00     98   25.6  508.4  508.4  508.4
   44.1  21578  -64.5  -90.5      2   0.00     98   25.3  509.1  509.1  509.1
   44.0  21588  -64.3  -90.4      2   0.00     98   25.0  509.8  509.8  509.8
   43.9  21610  -64.0  -90.3      2   0.00     97   24.5  510.8  510.8  510.8
   43.8  21621  -63.9  -90.3      2   0.00     96   24.3  511.4  511.4  511.4
   43.7  21632  -63.8  -90.3      2   0.00     96   24.1  511.9  511.9  511.9
   43.6  21654  -63.8  -90.3      2   0.00     95   24.0  512.4  512.4  512.4
   43.5  21665  -63.8  -90.3      2   0.00     94   24.0  512.8  512.8  512.8
   43.4  21676  -63.7  -90.4      2   0.00     94   24.1  513.2  513.3  513.2
   43.3  21686  -63.6  -90.4      2   0.00     93   24.2  513.8  513.8  513.8
   43.2  21706  -63.3  -90.3      1   0.00     93   24.6  514.8  514.9  514.8
   43.1  21715  -63.1  -90.2      1   0.00     92   24.8  515.7  515.8  515.7
   43.0  21734  -62.6  -90.0      1   0.00     91   25.1  517.3  517.4  517.3
   42.9  21744  -62.4  -89.9      1   0.00     91   25.3  518.1  518.1  518.1
   42.8  21764  -62.2  -89.8      1   0.00     90   25.6  519.0  519.1  519.0
   42.7  21775  -62.1  -89.8      1   0.00     90   25.7  519.6  519.7  519.6
   42.6  21795  -61.9  -89.7      1   0.00     89   25.9  520.5  520.5  520.5
   42.5  21807  -61.8  -89.6      1   0.00     88   26.0  521.0  521.1  521.0
   42.4  21818  -61.7  -89.5      1   0.00     87   26.1  521.6  521.6  521.6
   42.3  21838  -61.6  -89.3      1   0.00     86   26.3  522.4  522.4  522.4
   42.2  21848  -61.5  -89.3      1   0.00     85   26.4  522.8  522.9  522.8
   42.1  21868  -61.5  -89.3      1   0.00     84   26.6  523.2  523.2  523.2
   42.0  21878  -61.5  -89.3      1   0.00     83   26.7  523.5  523.5  523.5
   41.9  21889  -61.5  -89.2      1   0.00     82   26.8  523.9  524.0  523.9
   41.8  21911  -61.3  -89.1      1   0.00     81   27.1  524.7  524.7  524.7
   41.7  21922  -61.2  -89.1      1   0.00     80   27.1  525.3  525.3  525.3
   41.6  21943  -61.1  -88.9      1   0.00     79   27.3  526.1  526.1  526.1
   41.5  21953  -61.0  -88.9      1   0.00     78   27.3  526.6  526.7  526.6
   41.4  21964  -60.9  -88.8      1   0.00     78   27.4  527.1  527.1  527.1
   41.3  21988  -60.9  -88.8      1   0.00     76   27.6  527.6  527.6  527.6
   41.2  22000  -60.9  -88.7      1   0.00     75   27.6  527.9  528.0  527.9
   41.1  22011  -60.9  -88.7      1   0.00     75   27.7  528.3  528.3  528.3
   41.0  22033  -60.9  -88.6      1   0.00     73   27.9  528.6  528.6  528.6
   40.9  22044  -61.0  -88.6      2   0.00     73   28.1  528.9  528.9  528.9
   40.8  22055  -61.0  -88.6      2   0.00     72   28.3  529.1  529.2  529.1
   40.7  22078  -61.1  -88.6      2   0.00     71   28.7  529.2  529.2  529.2
   40.6  22090  -61.2  -88.6      2   0.00     71   28.9  529.4  529.4  529.4
   40.5  22102  -61.2  -88.6      2   0.00     70   29.2  529.7  529.7  529.7
   40.4  22125  -61.2  -88.7      2   0.00     70   29.8  530.1  530.1  530.1
   40.3  22138  -61.2  -88.7      2   0.00     70   30.1  530.5  530.6  530.5
   40.2  22150  -61.2  -88.7      2   0.00     70   30.4  531.0  531.0  531.0
   40.1  22161  -61.2  -88.7      2   0.00     69   30.6  531.4  531.4  531.4
   40.0  22185  -61.1  -88.7      1   0.00     69   31.1  531.9  531.9  531.9
   39.9  22196  -61.1  -88.7      1   0.00     69   31.3  532.3  532.4  532.3
   39.8  22209  -61.1  -88.6      2   0.00     70   31.5  532.7  532.7  532.7
   39.7  22233  -61.1  -88.6      2   0.00     70   31.8  533.0  533.0  533.0
   39.6  22244  -61.2  -88.6      2   0.00     70   31.9  533.3  533.3  533.3
   39.5  22256  -61.2  -88.6      2   0.00     70   32.0  533.5  533.5  533.5
   39.4  22279  -61.3  -88.6      2   0.00     70   32.1  533.6  533.7  533.6
   39.3  22291  -61.4  -88.6      2   0.00     70   32.1  533.9  533.9  533.9
   39.2  22303  -61.4  -88.7      2   0.00     70   32.2  534.1  534.2  534.1
   39.1  22326  -61.5  -88.8      2   0.00     71   32.1  534.4  534.4  534.4
   39.0  22337  -61.5  -88.8      2   0.00     71   32.1  534.8  534.8  534.8
   38.9  22359  -61.4  -89.0      1   0.00     71   32.0  535.4  535.4  535.4
   38.8  22370  -61.3  -89.0      1   0.00     71   31.9  536.0  536.1  536.0
   38.7  22381  -61.1  -89.0      1   0.00     72   31.9  536.9  536.9  536.9
   38.6  22404  -60.7  -88.8      1   0.00     72   31.7  538.4  538.4  538.4
   38.5  22414  -60.6  -88.8      1   0.00     72   31.5  539.1  539.1  539.1
   38.4  22435  -60.4  -88.7      1   0.00     73   31.3  539.9  539.9  539.9
   38.3  22456  -60.4  -88.7      1   0.00     73   31.0  540.4  540.4  540.4
   38.2  22466  -60.4  -88.6      1   0.00     73   30.9  540.8  540.8  540.8
   38.1  22487  -60.4  -88.6      1   0.00     73   30.6  541.1  541.1  541.1
   38.0  22497  -60.5  -88.5      1   0.00     74   30.4  541.4  541.4  541.4
   37.9  22518  -60.5  -88.5      1   0.00     74   30.1  541.7  541.7  541.7
   37.8  22528  -60.5  -88.5      1   0.00     74   30.0  542.0  542.1  542.0
   37.7  22549  -60.6  -88.5      1   0.00     75   29.7  542.3  542.4  542.3
   37.6  22570  -60.6  -88.5      1   0.00     75   29.5  542.7  542.7  542.7
   37.5  22580  -60.6  -88.4      1   0.00     75   29.4  543.1  543.2  543.1
   37.4  22601  -60.5  -88.4      1   0.00     76   29.1  543.8  543.8  543.8
   37.3  22611  -60.4  -88.4      1   0.00     76   29.0  544.4  544.4  544.4
   37.2  22632  -60.3  -88.3      1   0.00     76   28.7  545.1  545.1  545.1
   37.1  22652  -60.2  -88.3      1   0.00     77   28.4  545.8  545.9  545.8
   37.0  22663  -60.1  -88.3      1   0.00     77   28.3  546.4  546.4  546.4
   36.9  22684  -60.0  -88.2      1   0.00     78   28.0  547.1  547.2  547.1
   36.8  22704  -59.9  -88.2      1   0.00     78   27.8  547.9  547.9  547.9
   36.7  22715  -59.8  -88.2      1   0.00     78   27.7  548.4  548.5  548.4
   36.6  22735  -59.7  -88.1      1   0.00     79   27.4  549.2  549.2  549.2
   36.5  22746  -59.6  -88.1      1   0.00     79   27.3  549.8  549.8  549.8
   36.4  22766  -59.5  -88.1      1   0.00     80   27.0  550.5  550.5  550.5
   36.3  22787  -59.4  -88.2      1   0.00     80   26.8  551.2  551.3  551.2
   36.2  22797  -59.4  -88.2      1   0.00     80   26.7  551.8  551.8  551.8
   36.1  22818  -59.2  -88.3      1   0.00     81   26.4  552.6  552.6  552.6
   36.0  22839  -59.1  -88.4      1   0.00     81   26.2  553.4  553.4  553.4
   35.9  22849  -59.0  -88.4      1   0.00     82   26.1  554.1  554.1  554.1
   35.8  22870  -58.8  -88.4      1   0.00     82   25.8  555.0  555.0  555.0
   35.7  22891  -58.7  -88.4      1   0.00     83   25.6  555.6  555.6  555.6
   35.6  22911  -58.7  -88.4      1   0.00     83   25.3  556.2  556.2  556.2
   35.5  22922  -58.6  -88.3      1   0.00     84   25.2  556.7  556.8  556.7
   35.4  22942  -58.5  -88.2      1   0.00     84   25.0  557.5  557.5  557.5
   35.3  22963  -58.4  -88.0      1   0.00     85   24.8  558.3  558.4  558.3
   35.2  22973  -58.3  -87.9      1   0.00     85   24.7  558.9  559.0  558.9
   35.1  22994  -58.2  -87.7      1   0.01     86   24.4  559.8  559.8  559.8
   35.0  23015  -58.0  -87.6      1   0.01     86   24.2  560.6  560.7  560.6
   34.9  23036  -57.9  -87.5      1   0.01     87   24.0  561.4  561.5  561.4
   34.8  23046  -57.8  -87.4      1   0.01     87   23.9  562.1  562.1  562.1
   34.7  23067  -57.7  -87.3      1   0.01     88   23.7  562.9  563.0  562.9
   34.6  23087  -57.5  -87.2      1   0.01     89   23.5  563.7  563.8  563.7
   34.5  23108  -57.4  -87.2      1   0.01     89   23.3  564.6  564.6  564.6
   34.4  23118  -57.3  -87.1      1   0.01     90   23.2  565.2  565.3  565.2
   34.3  23139  -57.2  -87.0      1   0.01     90   23.0  566.0  566.1  566.0
   34.2  23160  -57.1  -87.0      1   0.01     91   22.8  566.8  566.8  566.8
   34.1  23181  -57.0  -86.9      1   0.01     92   22.5  567.5  567.6  567.5
   34.0  23191  -56.9  -86.9      1   0.01     92   22.4  568.1  568.2  568.1
   33.9  23212  -56.9  -86.8      1   0.01     93   22.2  568.8  568.9  568.8
   33.8  23232  -56.8  -86.7      1   0.01     94   22.0  569.4  569.5  569.4
   33.7  23252  -56.8  -86.6      1   0.01     94   21.9  569.9  570.0  569.9
   33.6  23272  -56.9  -86.5      1   0.01     95   21.9  570.2  570.3  570.2
   33.5  23291  -57.0  -86.4      1   0.01     95   22.0  570.4  570.4  570.4
   33.4  23312  -57.1  -86.4      1   0.01     94   22.2  570.5  570.5  570.5
   33.3  23323  -57.2  -86.4      1   0.01     94   22.3  570.9  570.9  570.9
   33.2  23344  -57.2  -86.3      1   0.01     94   22.6  571.3  571.4  571.3
   33.1  23368  -57.2  -86.3      1   0.01     94   22.9  571.9  572.0  571.9
   33.0  23392  -57.1  -86.2      1   0.01     93   23.3  572.5  572.6  572.5
   32.9  23404  -57.1  -86.2      1   0.01     93   23.4  573.1  573.1  573.1
   32.8  23427  -57.1  -86.2      1   0.01     93   23.7  573.7  573.7  573.7
   32.7  23439  -57.0  -86.2      1   0.01     93   23.8  574.3  574.3  574.3
   32.6  23463  -57.0  -86.2      1   0.01                574.9  574.9  574.9
   32.5  23487  -56.9  -86.2      1   0.01                575.5  575.5  575.5
   32.4  23499  -56.9  -86.2      1   0.01                576.1  576.1  576.1
   32.3  23523  -56.9  -86.1      1   0.01                576.7  576.7  576.7
   32.2  23547  -56.8  -86.1      1   0.01                577.3  577.4  577.3
   32.1  23559  -56.8  -86.1      1   0.01                577.9  578.0  577.9
   32.0  23582  -56.8  -86.1      1   0.01                578.5  578.6  578.5
   31.9  23606  -56.7  -86.1      1   0.01                579.1  579.2  579.1
   31.8  23618  -56.7  -86.1      1   0.01                579.7  579.8  579.7
   31.7  23642  -56.7  -86.0      1   0.01                580.4  580.4  580.4
   31.6  23666  -56.6  -86.0      1   0.01                581.0  581.1  581.0
   31.5  23678  -56.6  -86.0      1   0.01                581.6  581.7  581.6
   31.4  23702  -56.5  -86.0      1   0.01                582.2  582.3  582.2
   31.3  23726  -56.5  -86.0      1   0.01                582.9  583.0  582.9
   31.2  23749  -56.5  -86.0      1   0.01                583.6  583.6  583.6
   31.1  23761  -56.4  -85.9      1   0.01                584.1  584.2  584.1
   31.0  23785  -56.4  -85.9      1   0.01                584.8  584.9  584.8
   30.9  23809  -56.3  -85.9      1   0.01                585.5  585.5  585.5
   30.8  23821  -56.3  -85.9      1   0.01                586.1  586.1  586.1
   30.7  23845  -56.3  -85.9      1   0.01                586.7  586.8  586.7
   30.6  23869  -56.2  -85.9      1   0.01                587.4  587.5  587.4
   30.5  23893  -56.2  -85.8      1   0.01                588.1  588.1  588.1
   30.4  23905  -56.2  -85.8      1   0.01                588.7  588.8  588.7
   30.3  23928  -56.1  -85.8      1   0.01                589.4  589.4  589.4
   30.2  23952  -56.1  -85.8      1   0.01                590.0  590.1  590.0
   30.1  23976  -56.0  -85.8      1   0.01                590.7  590.8  590.7
   30.0  23999  -56.0  -85.8      1   0.01                591.4  591.5  591.4
   29.9  24012  -56.0  -85.7      1   0.01                592.0  592.1  592.0
   29.8  24036  -55.9  -85.7      1   0.01                592.7  592.8  592.7
   29.7  24060  -55.9  -85.7      1   0.01                593.4  593.5  593.4
   29.6  24083  -55.8  -85.7      1   0.01                594.1  594.2  594.1
   29.5  24095  -55.8  -85.7      1   0.01                594.7  594.8  594.7
   29.4  24119  -55.8  -85.7      1   0.01                595.4  595.5  595.4
   29.3  24143  -55.7  -85.6      1   0.01                596.1  596.2  596.1
   29.2  24167  -55.7  -85.6      1   0.01                596.8  596.9  596.8
   29.1  24191  -55.6  -85.6      1   0.01                597.5  597.6  597.5
   29.0  24215  -55.6  -85.6      1   0.01                598.2  598.3  598.2
   28.9  24227  -55.6  -85.6      1   0.01                598.9  599.0  598.9
   28.8  24250  -55.5  -85.6      1   0.01                599.6  599.7  599.6
   28.7  24274  -55.5  -85.5      1   0.01                600.3  600.4  600.3
   28.6  24298  -55.4  -85.5      1   0.01                601.0  601.1  601.0
   28.5  24322  -55.4  -85.5      1   0.01                601.8  601.9  601.8
   28.4  24346  -55.4  -85.5      1   0.01                602.5  602.6  602.5
   28.3  24370  -55.3  -85.5      1   0.01                603.2  603.3  603.2
   28.2  24394  -55.3  -85.4      1   0.01                604.0  604.0  604.0
   28.1  24417  -55.2  -85.4      1   0.01                604.7  604.8  604.7
   28.0  24429  -55.2  -85.4      1   0.01                605.4  605.5  605.4
   27.9  24453  -55.2  -85.4      1   0.01                606.1  606.2  606.1
   27.8  24477  -55.1  -85.4      1   0.01                606.8  606.9  606.8
   27.7  24501  -55.1  -85.4      1   0.01                607.6  607.7  607.6
   27.6  24525  -55.0  -85.3      1   0.01                608.3  608.4  608.3
   27.5  24549  -55.0  -85.3      1   0.01                609.1  609.2  609.1
   27.4  24573  -54.9  -85.3      1   0.01                609.9  610.0  609.9
   27.3  24596  -54.9  -85.3      1   0.01                610.6  610.7  610.6
   27.2  24620  -54.8  -85.3      1   0.01                611.4  611.5  611.4
   27.1  24644  -54.8  -85.3      1   0.01                612.1  612.2  612.2
   27.0  24668  -54.8  -85.2      1   0.01                612.9  613.0  612.9
   26.9  24692  -54.7  -85.2      1   0.01                613.7  613.8  613.7
   26.8  24716  -54.7  -85.2      1   0.01                614.5  614.6  614.5
   26.7  24740  -54.6  -85.2      1   0.01                615.3  615.4  615.3
   26.6  24763  -54.6  -85.2      1   0.01                616.0  616.1  616.0
   26.5  24787  -54.5  -85.1      1   0.01                616.8  616.9  616.8
   26.4  24811  -54.5  -85.1      1   0.01                617.6  617.7  617.6
   26.3  24835  -54.4  -85.1      1   0.01                618.4  618.5  618.4
   26.2  24859  -54.4  -85.1      1   0.01                619.2  619.3  619.2
   26.1  24883  -54.4  -85.1      1   0.01                620.0  620.1  620.0
   26.0  24907  -54.3  -85.1      1   0.01                620.8  620.9  620.8
   25.9  24930  -54.3  -85.0      1   0.01                621.6  621.7  621.6
   25.8  24954  -54.2  -85.0      1   0.01                622.5  622.6  622.5
   25.7  24978  -54.2  -85.0      1   0.01                623.3  623.4  623.3
   25.6  25002  -54.1  -85.0      1   0.01                624.1  624.2  624.1
   25.5  25026  -54.1  -85.0      1   0.01                624.9  625.0  624.9
   25.4  25062  -54.0  -84.9      1   0.01                625.8  625.9  625.8
   25.3  25085  -54.0  -84.9      1   0.01                626.6  626.7  626.6
   25.2  25109  -53.9  -84.9      1   0.01                627.5  627.6  627.5
   25.1  25133  -53.9  -84.9      1   0.01                628.3  628.4  628.3
   25.0  25157  -53.9  -84.9      1   0.01                629.1  629.3  629.1
   24.9  25181  -53.8  -84.9      1   0.01                630.0  630.1  630.0
   24.8  25205  -53.8  -84.8      1   0.01                630.8  631.0  630.9
   24.7  25229  -53.7  -84.8      1   0.01                631.7  631.8  631.7
   24.6  25264  -53.7  -84.8      1   0.01                632.6  632.7  632.6
   24.5  25288  -53.6  -84.8      1   0.01                633.5  633.6  633.5
   24.4  25312  -53.6  -84.8      1   0.01                634.4  634.5  634.4
   24.3  25336  -53.5  -84.8      1   0.01                635.2  635.3  635.2
   24.2  25360  -53.5  -84.7      1   0.01                636.1  636.2  636.1
   24.1  25396  -53.4  -84.7      1   0.01                637.0  637.2  637.1
   24.0  25419  -53.4  -84.7      1   0.01                637.9  638.1  638.0
   23.9  25443  -53.3  -84.7      1   0.01                638.8  638.9  638.8
   23.8  25467  -53.3  -84.7      1   0.01                639.7  639.9  639.7
   23.7  25503  -53.2  -84.6      1   0.01                640.7  640.8  640.7
   23.6  25527  -53.2  -84.6      1   0.01                641.6  641.7  641.6
   23.5  25551  -53.1  -84.6      1   0.01                642.5  642.6  642.5
   23.4  25575  -53.1  -84.6      1   0.01                643.4  643.5  643.4
   23.3  25610  -53.0  -84.6      1   0.01                644.4  644.5  644.4
   23.2  25634  -53.0  -84.5      1   0.01                645.3  645.4  645.3
   23.1  25658  -52.9  -84.5      1   0.01                646.2  646.4  646.2
   23.0  25694  -52.9  -84.5      1   0.01                647.2  647.4  647.2
   22.9  25718  -52.8  -84.5      1   0.01                648.2  648.3  648.2
   22.8  25742  -52.8  -84.5      1   0.01                649.1  649.2  649.1
   22.7  25777  -52.7  -84.5      1   0.01                650.1  650.3  650.1
   22.6  25801  -52.7  -84.4      1   0.01                651.1  651.2  651.1
   22.5  25825  -52.6  -84.4      1   0.01                652.0  652.2  652.0
   22.4  25861  -52.6  -84.4      1   0.01                653.0  653.2  653.1
   22.3  25885  -52.5  -84.4      1   0.01                654.0  654.2  654.0
   22.2  25920  -52.4  -84.4      1   0.01                655.0  655.2  655.1
   22.1  25944  -52.4  -84.3      1   0.01                656.0  656.2  656.0
   22.0  25968  -52.4  -84.3      1   0.01                657.0  657.2  657.0
   21.9  26004  -52.3  -84.3      1   0.01                658.1  658.2  658.1
   21.8  26028  -52.2  -84.3      1   0.02                659.1  659.2  659.1
   21.7  26064  -52.2  -84.3      1   0.02                660.1  660.3  660.1
   21.6  26087  -52.1  -84.3      1   0.02                661.1  661.3  661.1
   21.5  26123  -52.1  -84.2      1   0.02                662.2  662.4  662.2
   21.4  26147  -52.0  -84.2      1   0.02                663.2  663.4  663.2
   21.3  26183  -52.0  -84.2      1   0.02                664.3  664.5  664.3
   21.2  26207  -51.9  -84.2      1   0.02                665.3  665.5  665.3
   21.1  26243  -51.8  -84.2      1   0.02                666.4  666.6  666.4
   21.0  26266  -51.8  -84.1      1   0.02                667.5  667.6  667.5
   20.9  26302  -51.7  -84.1      1   0.02                668.6  668.7  668.6
   20.8  26326  -51.7  -84.1      1   0.02                669.6  669.8  669.6
   20.7  26362  -51.6  -84.1      1   0.02                670.8  670.9  670.8
   20.6  26398  -51.6  -84.1      1   0.02                671.9  672.1  671.9
   20.5  26421  -51.5  -84.1      1   0.02                673.0  673.1  673.0
   20.4  26457  -51.4  -84.0      1   0.02                674.1  674.3  674.1
   20.3  26481  -51.4  -84.0      1   0.02                675.2  675.3  675.2
   20.2  26517  -51.3  -84.0      1   0.02                676.3  676.5  676.3
   20.1  26553  -51.3  -84.0      1   0.02                677.5  677.7  677.5
   20.0  26590  -51.2  -84.0      1   0.02                678.7  678.8  678.7
   19.9  26612  -51.2  -83.9      1   0.02                679.8  679.9  679.8
   19.8  26648  -51.1  -83.9      1   0.02                681.0  681.1  681.0
   19.7  26672  -51.1  -83.9      1   0.02                682.1  682.2  682.1
   19.6  26708  -51.0  -83.9      1   0.02                683.3  683.5  683.3
   19.5  26744  -50.9  -83.9      1   0.02                684.5  684.7  684.5
   19.4  26779  -50.9  -83.8      1   0.02                685.7  685.9  685.7
   19.3  26803  -50.8  -83.8      1   0.02                686.8  687.0  686.9
   19.2  26839  -50.7  -83.8      1   0.02                688.1  688.2  688.1
   19.1  26875  -50.7  -83.8      1   0.02                689.3  689.5  689.3
   19.0  26911  -50.6  -83.8      1   0.02                690.5  690.7  690.5
   18.9  26946  -50.5  -83.8      1   0.02                691.8  692.0  691.8
   18.8  26970  -50.5  -83.7      1   0.02                692.9  693.1  693.0
   18.7  27006  -50.4  -83.7      1   0.02                694.2  694.4  694.2
   18.6  27042  -50.4  -83.7      1   0.02                695.5  695.7  695.5
   18.5  27078  -50.3  -83.7      1   0.02                696.8  697.0  696.8
   18.4  27114  -50.2  -83.7      1   0.02                698.2  698.4  698.2
   18.3  27150  -50.1  -83.7      1   0.02                699.5  699.7  699.5
   18.2  27186  -50.0  -83.6      1   0.02                700.9  701.1  700.9
   18.1  27222  -50.0  -83.6      1   0.02                702.2  702.4  702.2
   18.0  27258  -49.9  -83.6      1   0.02                703.6  703.8  703.6
   17.9  27294  -49.8  -83.6      1   0.02                705.0  705.2  705.0
   17.8  27330  -49.7  -83.6      1   0.02                706.4  706.6  706.4
   17.7  27366  -49.6  -83.6      1   0.02                707.8  708.0  707.8
   17.6  27402  -49.5  -83.5      1   0.02                709.2  709.4  709.2
   17.5  27438  -49.5  -83.5      1   0.02                710.6  710.8  710.6
   17.4  27474  -49.4  -83.5      1   0.02                711.9  712.2  712.0
   17.3  27510  -49.4  -83.5      1   0.02                713.2  713.5  713.3
   17.2  27558  -49.3  -83.5      1   0.02                714.6  714.9  714.6
   17.1  27594  -49.3  -83.5      1   0.02                716.0  716.2  716.0
   17.0  27629  -49.2  -83.5      1   0.02                717.3  717.6  717.3
   16.9  27665  -49.2  -83.5      1   0.02                718.7  718.9  718.7
   16.8  27701  -49.1  -83.5      1   0.02                720.0  720.3  720.1
   16.7  27749  -49.1  -83.5      1   0.02                721.5  721.7  721.5
   16.6  27785  -49.0  -83.5      1   0.02                722.9  723.1  722.9
   16.5  27821  -49.0  -83.4      1   0.02                724.2  724.5  724.3
   16.4  27869  -48.9  -83.4      1   0.02                725.7  726.0  725.7
   16.3  27905  -48.9  -83.4      1   0.02                727.1  727.4  727.1
   16.2  27941  -48.8  -83.4      1   0.02                728.6  728.8  728.6
   16.1  27989  -48.7  -83.4      1   0.02                730.1  730.3  730.1
   16.0  28025  -48.7  -83.4      1   0.02                731.5  731.8  731.5
   15.9  28073  -48.6  -83.4      1   0.02                733.0  733.3  733.0
   15.8  28109  -48.6  -83.4      1   0.02                734.5  734.8  734.5
   15.7  28145  -48.5  -83.4      1   0.02                736.0  736.3  736.0
   15.6  28193  -48.5  -83.4      1   0.02                737.5  737.8  737.5
   15.5  28229  -48.4  -83.4      1   0.02                739.0  739.3  739.1
   15.4  28277  -48.4  -83.4      1   0.02                740.6  740.9  740.6
   15.3  28325  -48.3  -83.4      1   0.03                742.2  742.5  742.2
   15.2  28361  -48.3  -83.4      1   0.03                743.7  744.0  743.8
   15.1  28409  -48.2  -83.4      1   0.03                745.3  745.6  745.4
   15.0  28445  -48.2  -83.4      1   0.03                746.9  747.2  746.9
   14.9  28493  -48.1  -83.4      1   0.03                748.6  748.8  748.6
   14.8  28541  -48.0  -83.3      1   0.03                750.4  750.7  750.4
   14.7  28577  -47.8  -83.2      1   0.03                752.4  752.7  752.4
   14.6  28625  -47.7  -83.1      1   0.03                754.4  754.7  754.4
   14.5  28673  -47.6  -83.0      1   0.03                756.0  756.4  756.1
   14.4  28721  -47.6  -83.0      1   0.03                757.5  757.8  757.5
   14.3  28769  -47.7  -83.0      1   0.03     96   18.4  758.7  759.1  758.8
   14.2  28805  -47.7  -83.0      1   0.03     95   18.2  760.3  760.7  760.4
   14.1  28856  -47.4  -82.9      1   0.03     94   18.0  762.7  763.0  762.7
   14.0  28905  -47.4  -82.6      1   0.03     93   18.0  764.5  764.9  764.5
   13.9  28955  -47.3  -82.0      1   0.03     93   18.5  766.1  766.5  766.1
   13.8  28993  -47.4  -81.7      1   0.04     92   18.9  767.7  768.1  767.7
   13.7  29044  -47.4  -81.6      1   0.04     92   19.4  769.1  769.5  769.1
   13.6  29094  -47.4  -81.8      1   0.04     91   19.9  770.6  771.0  770.6
   13.5  29144  -47.5  -82.0      1   0.04     91   20.4  772.0  772.4  772.0
   13.4  29195  -47.6  -82.2      1   0.04     91   20.9  773.5  773.9  773.5
   13.3  29245  -47.6  -82.3      1   0.03     90   21.4  774.9  775.3  775.0
   13.2  29296  -47.7  -82.4      1   0.03     90   21.8  776.4  776.8  776.5
   13.1  29346  -47.7  -82.6      1   0.03     90   22.3  778.0  778.3  778.0
   13.0  29396  -47.8  -82.7      1   0.03     90   22.8  779.5  779.8  779.5
   12.9  29447  -47.9  -82.8      1   0.03     89   23.3  780.7  781.1  780.7
   12.8  29497  -48.1  -82.9      1   0.03     89   23.8  781.6  782.0  781.6
   12.7  29548  -48.3  -83.0      1   0.03     89   24.3  782.8  783.2  782.8
   12.6  29598  -48.4  -83.1      1   0.03     88   24.8  784.1  784.5  784.1
   12.5  29648  -48.6  -83.2      1   0.03     88   25.3  785.3  785.7  785.3
   12.4  29698  -48.9  -83.2      1   0.03     88   25.8  786.2  786.5  786.2
   12.3  29750  -49.2  -83.5      1   0.03     88   26.2  786.7  787.1  786.7
   12.2  29809  -49.4  -83.8      1   0.03     88   26.7  787.9  788.2  787.9
   12.1  29857  -49.2  -83.6      1   0.03     87   27.0  790.7  791.0  790.7
   12.0  29916  -48.8  -83.3      1   0.03     87   27.5  793.8  794.2  793.9
   11.9  29975  -48.3  -83.1      1   0.03     87   28.0  797.4  797.8  797.4
   11.8  30023  -48.1  -83.5      1   0.03     86   28.4  800.2  800.6  800.2
   11.7  30082  -47.9  -84.0      1   0.03     86   28.9  802.7  803.0  802.7
   11.6  30141  -47.9  -83.9      1   0.03     86   29.3  804.9  805.3  804.9
   11.5  30188  -47.7  -83.7      1   0.03     86   29.7  807.6  808.0  807.6
   11.4  30247  -47.4  -83.5      1   0.03     85   30.2  810.6  811.0  810.6
   11.3  30307  -47.1  -83.4      1   0.03     85   30.7  813.7  814.1  813.7
   11.2  30366  -46.8  -83.2      1   0.04     85   31.2  816.7  817.1  816.7
   11.1  30425  -46.6  -83.0      1   0.04     85   31.6  819.8  820.2  819.8
   11.0  30484  -46.3  -83.0      1   0.04     85   32.2  822.9  823.4  822.9
   10.9  30543  -46.0  -83.0      1   0.04     84   32.8  826.0  826.5  826.0
   10.8  30615  -45.6  -82.8      1   0.04     84   32.9  829.9  830.4  829.9
   10.7  30674  -45.1  -82.5      1   0.04     84   32.8  833.8  834.4  833.9
   10.6  30733  -44.7  -84.2      0   0.03     84   32.6  837.5  837.9  837.5
   10.5  30795  -44.4  -80.5      1   0.06     83   32.5  840.8  841.6  840.9
   10.4  30857  -44.1  -79.9      1   0.07     81   32.4  844.3  845.1  844.3
   10.0  31150                                                               
