Latitude: 22.312 Longitude: 114.17
-----------------------------------------------------------------------------
   PRES   HGHT   TEMP   DWPT   RELH   MIXR   DRCT   SPED   THTA   THTE   THTV
    hPa      m      C      C      %   g/kg    deg    m/s      K      K      K 
-----------------------------------------------------------------------------
 1002.9     66   28.7   25.9     85  21.49    245    0.9  301.6  365.4  305.5
 1000.4     88   28.8   25.9     84  21.45    227    0.3  301.9  365.7  305.7
 1000.0     91   28.7   25.8     84  21.42    226    0.3  301.9  365.6  305.7
  998.9    101   28.6   25.7     84  21.29    226    0.3  301.9  365.1  305.7
  997.6    113   28.6   25.6     84  21.11    229    0.5  302.0  364.7  305.8
  996.3    125   28.6   25.5     83  21.11    230    0.7  302.1  364.9  305.9
  994.8    138   28.4   25.5     84  21.05    230    1.0  302.0  364.6  305.8
  993.4    151   28.3   25.4     84  20.99    229    1.2  302.0  364.5  305.8
  992.1    163   28.3   25.4     84  21.04    228    1.4  302.1  364.7  305.9
  990.9    173   28.2   25.3     84  20.89    227    1.6  302.1  364.3  305.9
  989.7    184   28.1   25.0     83  20.60    226    1.8  302.2  363.4  305.9
  988.4    196   28.0   25.2     84  20.80    225    2.0  302.2  364.0  305.9
  987.3    206   27.9   25.1     85  20.72    225    2.2  302.1  363.7  305.9
  986.1    216   27.8   24.7     84  20.31    224    2.3  302.1  362.5  305.8
  985.0    227   27.7   24.7     83  20.25    224    2.5  302.2  362.4  305.8
  983.8    237   27.6   24.7     84  20.25    224    2.6  302.2  362.4  305.8
  982.8    247   27.5   24.6     84  20.23    224    2.7  302.2  362.3  305.8
  981.6    257   27.4   24.7     85  20.30    225    2.8  302.2  362.5  305.8
  980.4    268   27.3   24.6     85  20.22    226    3.0  302.2  362.3  305.8
  979.2    279   27.3   24.5     85  20.21    227    3.1  302.2  362.3  305.8
  978.1    289   27.2   24.5     85  20.14    229    3.2  302.2  362.1  305.9
  977.0    299   27.1   24.5     86  20.19    230    3.3  302.2  362.3  305.9
  975.8    310   27.0   24.4     85  20.08    232    3.4  302.3  362.0  305.9
  974.8    319   27.0   24.3     85  19.97    233    3.5  302.3  361.7  305.9
  973.9    327   26.9   24.3     86  20.00    234    3.6  302.3  361.8  305.9
  973.1    335   26.8   24.2     86  19.95    235    3.8  302.3  361.7  305.9
  972.3    342   26.7   24.3     87  20.08    236    3.9  302.3  362.0  305.9
  971.3    351   26.7   24.3     87  20.13    236    4.0  302.3  362.2  305.9
  970.2    361   26.5   24.2     87  19.92    237    4.0  302.3  361.5  305.9
  969.3    369   26.5   24.0     86  19.77    237    4.1  302.3  361.1  305.9
  968.3    379   26.4   24.1     87  19.84    237    4.1  302.3  361.4  305.9
  967.2    389   26.3   24.1     87  19.86    238    4.2  302.3  361.4  305.9
  966.1    398   26.2   23.9     87  19.71    238    4.2  302.3  360.9  305.9
  965.0    409   26.2   23.7     86  19.49    238    4.2  302.4  360.3  305.9
  963.8    419   26.1   23.6     86  19.34    239    4.2  302.4  359.9  305.9
  962.7    430   26.1   23.5     86  19.28    239    4.2  302.5  359.8  306.0
  961.6    440   26.0   23.4     85  19.18    239    4.2  302.5  359.6  306.0
  960.6    450   26.0   23.2     85  19.01    240    4.2  302.6  359.2  306.0
  959.5    459   25.9   23.1     84  18.85    240    4.2  302.6  358.7  306.0
  958.5    469   25.9   23.2     85  18.99    241    4.1  302.7  359.2  306.1
  957.4    479   25.8   23.0     85  18.84    241    4.1  302.7  358.8  306.1
  956.2    490   25.8   22.7     83  18.46    242    4.1  302.8  357.8  306.2
  955.0    501   25.8   22.6     83  18.40    242    4.1  302.9  357.7  306.2
  953.9    511   25.7   22.6     83  18.38    242    4.1  302.9  357.6  306.2
  952.8    522   25.6   22.6     83  18.40    242    4.1  302.9  357.7  306.2
  951.6    533   25.5   22.4     83  18.23    242    4.1  302.9  357.2  306.2
  950.3    544   25.5   22.2     82  18.06    242    4.1  303.0  356.8  306.2
  949.1    555   25.4   22.0     82  17.85    242    4.1  303.0  356.2  306.3
  948.0    566   25.4   21.9     81  17.75    242    4.1  303.1  356.0  306.3
  946.8    577   25.3   21.9     81  17.75    241    4.1  303.2  356.1  306.4
  945.7    588   25.2   21.8     81  17.65    240    4.0  303.2  355.8  306.4
  944.5    599   25.2   21.7     81  17.57    240    4.0  303.2  355.6  306.4
  943.3    610   25.1   21.5     81  17.39    239    3.9  303.3  355.1  306.4
  942.0    622   25.1   21.0     78  16.83    238    3.8  303.4  353.6  306.4
  940.8    634   25.1   20.7     77  16.59    238    3.8  303.4  353.0  306.5
  939.7    644   25.0   20.7     77  16.61    237    3.7  303.5  353.1  306.5
  938.5    655   24.9   20.7     78  16.65    237    3.7  303.5  353.2  306.6
  937.5    665   24.9   21.3     81  17.27    236    3.7  303.5  355.1  306.7
  936.4    675   24.7   22.4     87  18.50    236    3.7  303.5  358.7  306.8
  935.2    686   24.5   22.9     91  19.17    237    3.7  303.4  360.6  306.9
  934.0    697   24.4   23.0     92  19.22    237    3.7  303.4  360.8  306.9
  932.8    708   24.3   22.9     92  19.18    238    3.8  303.4  360.6  306.8
  931.6    720   24.2   22.9     93  19.19    239    3.8  303.4  360.7  306.9
  930.4    732   24.0   22.9     93  19.20    240    3.8  303.4  360.7  306.9
  929.1    744   23.9   22.8     94  19.17    241    3.9  303.4  360.6  306.8
  927.8    756   23.8   22.8     94  19.15    242    3.9  303.4  360.6  306.9
  926.6    767   23.7   22.8     94  19.16    244    3.9  303.4  360.6  306.9
  925.3    779   23.6   22.7     95  19.16    245    4.0  303.4  360.6  306.9
  925.0    782   23.6   22.7     95  19.16    246    3.9  303.4  360.6  306.9
  924.1    791   23.5   22.7     95  19.17    246    3.9  303.4  360.7  306.9
  922.9    802   23.4   22.7     96  19.18    248    3.9  303.4  360.7  306.9
  921.7    814   23.3   22.7     96  19.21    249    3.9  303.5  360.8  306.9
  920.4    826   23.3   22.6     96  19.07    250    3.9  303.5  360.5  307.0
  919.2    838   23.3   22.4     95  18.86    251    3.8  303.6  360.0  307.0
  917.9    850   23.2   22.3     95  18.79    252    3.8  303.7  359.8  307.1
  916.6    863   23.1   22.3     95  18.77    253    3.7  303.7  359.8  307.1
  915.4    874   23.0   22.2     96  18.75    254    3.7  303.7  359.7  307.1
  914.3    885   22.9   22.2     96  18.76    254    3.6  303.7  359.7  307.1
  913.0    897   22.8   22.2     96  18.74    255    3.6  303.7  359.7  307.1
  911.7    909   22.7   22.1     96  18.64    256    3.5  303.7  359.4  307.1
  910.5    921   22.6   21.9     96  18.52    257    3.5  303.8  359.1  307.1
  909.3    933   22.5   21.8     96  18.43    258    3.5  303.8  358.9  307.1
  908.1    944   22.4   21.7     96  18.34    259    3.5  303.8  358.6  307.1
  906.9    956   22.3   21.6     96  18.23    260    3.5  303.8  358.3  307.2
  905.6    968   22.3   21.3     94  17.83    261    3.5  304.0  357.3  307.2
  904.4    980   22.4   20.8     91  17.39    263    3.5  304.1  356.2  307.3
  903.2    991   22.5   20.5     89  17.03    265    3.5  304.3  355.4  307.4
  902.1   1002   22.5   20.5     88  17.09    267    3.5  304.5  355.7  307.6
  900.9   1014   22.5   20.5     89  17.08    269    3.5  304.5  355.7  307.7
  899.7   1026   22.4   20.5     89  17.07    272    3.6  304.6  355.8  307.7
  898.4   1038   22.3   20.5     89  17.11    274    3.6  304.7  356.0  307.8
  897.1   1050   22.3   20.6     90  17.27    276    3.6  304.7  356.5  307.9
  895.9   1062   22.2   20.6     91  17.32    279    3.6  304.7  356.7  307.9
  894.7   1074   22.0   20.6     92  17.37    281    3.7  304.7  356.8  307.9
  893.5   1085   22.0   20.9     94  17.67    283    3.7  304.7  357.8  308.0
  892.3   1097   21.9   21.0     95  17.77    284    3.7  304.8  358.1  308.0
  891.2   1109   21.8   20.9     95  17.77    286    3.7  304.8  358.1  308.0
  890.0   1120   21.7   21.0     96  17.81    287    3.7  304.8  358.3  308.0
  888.9   1131   21.6   20.9     96  17.83    288    3.6  304.8  358.3  308.0
  887.6   1144   21.5   20.9     97  17.84    288    3.6  304.9  358.4  308.1
  886.4   1156   21.5   20.9     97  17.87    288    3.6  305.0  358.6  308.2
  885.1   1168   21.4   20.9     97  17.86    288    3.5  305.0  358.6  308.2
  883.9   1180   21.3   20.9     97  17.84    288    3.5  305.0  358.6  308.2
  882.8   1191   21.2   20.8     98  17.82    287    3.5  305.0  358.5  308.2
  881.7   1202   21.1   20.8     98  17.79    287    3.5  305.0  358.5  308.3
  880.5   1213   21.0   20.7     98  17.77    286    3.5  305.0  358.4  308.3
  879.3   1225   20.9   20.7     99  17.75    285    3.5  305.1  358.4  308.3
  878.2   1236   20.8   20.7     99  17.74    284    3.5  305.1  358.4  308.3
  877.1   1247   20.8   20.6     99  17.72    283    3.5  305.1  358.4  308.4
  876.0   1258   20.7   20.6     99  17.70    282    3.6  305.2  358.4  308.4
  874.9   1269   20.6   20.5     99  17.63    281    3.6  305.2  358.2  308.4
  873.8   1280   20.6   20.5     99  17.61    280    3.7  305.3  358.2  308.5
  872.6   1292   20.5   20.5    100  17.62    279    3.7  305.3  358.3  308.5
  871.5   1303   20.5   20.4    100  17.58    279    3.7  305.4  358.2  308.6
  870.3   1315   20.4   20.3     99  17.48    278    3.7  305.4  358.0  308.6
  869.2   1326   20.3   20.2     99  17.42    278    3.7  305.5  357.9  308.7
  868.0   1337   20.3   20.2     99  17.40    278    3.7  305.5  357.9  308.7
  866.9   1349   20.2   20.1    100  17.39    278    3.7  305.6  357.9  308.8
  865.7   1360   20.2   20.1     99  17.31    279    3.7  305.6  357.8  308.8
  864.7   1371   20.1   19.8     98  17.08    279    3.7  305.7  357.1  308.8
  863.6   1382   20.2   19.6     97  16.90    280    3.7  305.9  356.8  309.0
  862.4   1394   20.3   19.4     95  16.64    281    3.7  306.1  356.3  309.1
  861.2   1406   20.4   19.1     92  16.36    282    3.7  306.3  355.7  309.3
  860.0   1418   20.5   18.9     90  16.15    283    3.7  306.6  355.4  309.5
  858.8   1430   20.6   18.7     89  15.99    284    3.8  306.8  355.1  309.7
  857.7   1441   20.5   18.6     89  15.96    285    3.8  306.9  355.2  309.8
  856.6   1453   20.5   18.5     88  15.84    286    3.8  306.9  354.9  309.8
  855.4   1464   20.5   18.3     87  15.69    287    3.8  307.1  354.6  309.9
  854.3   1476   20.5   18.2     87  15.59    288    3.9  307.1  354.4  310.0
  853.1   1488   20.4   18.1     87  15.53    288    3.9  307.2  354.3  310.1
  852.1   1499   20.4   18.0     86  15.44    289    4.0  307.3  354.1  310.1
  851.0   1510   20.4   17.9     86  15.37    289    4.0  307.4  354.0  310.2
  850.0   1520   20.3   17.9     86  15.32    289    4.0  307.4  353.9  310.2
  849.8   1521   20.3   17.8     86  15.31    289    4.0  307.4  353.9  310.2
  848.7   1532   20.2   17.7     86  15.20    290    4.1  307.4  353.6  310.2
  847.7   1543   20.2   17.7     85  15.16    290    4.1  307.5  353.5  310.3
  846.6   1554   20.1   17.6     85  15.12    290    4.2  307.5  353.4  310.3
  845.5   1566   20.1   17.5     85  15.08    291    4.2  307.6  353.4  310.4
  844.4   1577   20.0   17.4     85  15.01    291    4.2  307.7  353.3  310.5
  843.3   1588   20.0   17.3     84  14.87    291    4.2  307.8  353.0  310.5
  842.4   1598   20.0   17.2     84  14.81    291    4.3  307.8  352.9  310.6
  841.3   1608   19.9   17.1     84  14.76    290    4.3  307.9  352.8  310.6
  840.3   1619   19.9   17.1     84  14.76    290    4.3  308.0  352.9  310.7
  839.2   1631   19.8   17.0     84  14.68    289    4.3  308.0  352.7  310.7
  838.1   1641   19.8   16.8     83  14.48    289    4.3  308.1  352.2  310.8
  837.2   1651   19.8   16.7     82  14.43    287    4.3  308.2  352.1  310.9
  836.3   1660   19.7   16.7     83  14.49    286    4.3  308.2  352.3  310.9
  835.3   1671   19.6   17.0     85  14.75    285    4.3  308.2  353.1  311.0
  834.2   1682   19.6   16.9     85  14.69    283    4.3  308.3  353.1  311.0
  833.1   1693   19.5   16.9     85  14.68    282    4.4  308.4  353.1  311.1
  832.1   1704   19.5   16.7     83  14.48    280    4.4  308.5  352.6  311.1
  831.1   1714   19.5   16.5     83  14.38    279    4.4  308.6  352.4  311.2
  830.2   1724   19.5   16.5     83  14.38    278    4.5  308.6  352.4  311.2
  829.1   1735   19.4   16.2     82  14.07    276    4.5  308.6  351.6  311.2
  828.0   1746   19.5   15.4     77  13.45    275    4.6  308.9  350.0  311.4
  827.1   1756   19.6   15.4     77  13.41    274    4.6  309.0  350.0  311.5
  826.1   1766   19.5   15.1     76  13.21    274    4.7  309.1  349.5  311.6
  825.1   1777   19.5   15.2     76  13.28    273    4.7  309.1  349.8  311.6
  824.0   1788   19.4   15.1     76  13.26    272    4.8  309.2  349.8  311.7
  823.0   1799   19.4   14.9     75  13.05    272    4.9  309.3  349.2  311.7
  822.0   1809   19.4   14.4     72  12.61    271    4.9  309.4  348.1  311.8
  821.0   1820   19.5   14.2     71  12.49    271    5.0  309.6  347.9  311.9
  819.9   1831   19.5   14.2     72  12.56    271    5.1  309.7  348.2  312.0
  818.8   1843   19.4   14.1     71  12.42    270    5.1  309.7  347.9  312.1
  817.8   1853   19.3   13.8     70  12.20    270    5.2  309.8  347.3  312.1
  816.8   1864   19.3   13.4     69  11.94    270    5.2  309.8  346.5  312.1
  815.8   1875   19.3   13.2     68  11.80    269    5.3  309.9  346.2  312.1
  814.7   1886   19.2   13.2     68  11.81    269    5.3  310.0  346.4  312.2
  813.7   1896   19.3   13.0     67  11.63    269    5.2  310.1  345.9  312.3
  812.7   1907   19.2   12.8     66  11.53    269    5.2  310.2  345.8  312.4
  811.7   1918   19.2   12.7     66  11.46    269    5.1  310.3  345.6  312.5
  810.7   1929   19.2   12.6     66  11.40    268    5.0  310.4  345.5  312.5
  809.6   1940   19.1   12.6     66  11.38    268    4.9  310.4  345.5  312.6
  808.6   1951   19.0   12.5     66  11.34    268    4.8  310.5  345.4  312.6
  807.6   1961   19.0   12.2     65  11.15    268    4.6  310.5  344.9  312.6
  806.7   1972   19.0   12.1     64  11.04    267    4.5  310.6  344.7  312.7
  805.5   1983   18.9   12.0     64  10.98    267    4.4  310.7  344.6  312.7
  804.5   1995   18.8   12.1     65  11.10    266    4.2  310.7  345.0  312.8
  803.4   2006   18.7   12.4     67  11.32    266    4.1  310.7  345.7  312.8
  802.4   2017   18.6   12.5     68  11.44    265    4.0  310.7  346.0  312.9
  801.4   2028   18.6   12.5     68  11.47    264    3.9  310.8  346.2  312.9
  800.3   2039   18.5   12.5     68  11.48    264    3.9  310.8  346.2  312.9
  799.3   2050   18.4   12.4     68  11.43    263    3.8  310.8  346.1  313.0
  798.3   2061   18.4   12.5     68  11.45    262    3.8  310.9  346.3  313.1
  797.3   2072   18.3   12.5     69  11.50    262    3.8  311.0  346.5  313.1
  796.3   2083   18.3   12.5     69  11.55    261    3.7  311.0  346.7  313.2
  795.3   2093   18.2   12.6     70  11.64    261    3.7  311.0  346.9  313.2
  794.3   2104   18.1   12.6     70  11.62    261    3.7  311.0  346.9  313.2
  793.2   2116   18.0   12.6     71  11.64    260    3.7  311.0  347.0  313.2
  792.2   2128   17.9   12.6     71  11.68    260    3.6  311.0  347.1  313.2
  791.2   2138   17.8   12.6     72  11.67    259    3.6  311.0  347.1  313.2
  790.2   2149   17.7   12.6     72  11.71    259    3.6  311.1  347.2  313.2
  789.2   2160   17.6   12.7     73  11.75    258    3.5  311.1  347.4  313.3
  788.2   2171   17.5   12.6     73  11.71    257    3.5  311.1  347.3  313.3
  787.2   2182   17.5   12.5     72  11.62    257    3.5  311.2  347.1  313.4
  786.1   2193   17.4   12.2     71  11.45    256    3.4  311.3  346.7  313.4
  785.1   2204   17.4   12.1     71  11.35    255    3.4  311.3  346.5  313.5
  784.1   2215   17.3   12.0     71  11.30    255    3.4  311.4  346.4  313.5
  783.1   2226   17.3   11.9     71  11.26    254    3.4  311.4  346.3  313.5
  782.1   2236   17.2   11.8     71  11.22    254    3.4  311.4  346.2  313.5
  781.1   2248   17.1   11.8     71  11.17    253    3.4  311.5  346.1  313.5
  780.1   2259   17.0   11.7     71  11.13    253    3.4  311.5  345.9  313.6
  779.1   2270   16.9   11.7     71  11.13    253    3.4  311.5  346.0  313.6
  778.1   2281   16.8   11.6     71  11.11    253    3.4  311.5  345.9  313.6
  777.1   2291   16.7   11.6     72  11.11    254    3.4  311.5  345.9  313.6
  776.1   2302   16.6   11.6     72  11.10    254    3.4  311.5  345.9  313.6
  775.1   2314   16.5   11.5     72  11.07    254    3.4  311.5  345.8  313.6
  774.1   2325   16.4   11.5     73  11.07    255    3.4  311.5  345.8  313.6
  773.1   2336   16.3   11.5     74  11.13    255    3.4  311.5  346.0  313.6
  772.1   2347   16.2   11.5     74  11.10    255    3.3  311.5  345.9  313.6
  771.1   2358   16.1   11.3     73  10.99    255    3.3  311.5  345.6  313.6
  770.1   2369   16.0   11.3     74  10.98    254    3.2  311.5  345.6  313.6
  769.1   2380   15.9   11.3     74  10.98    253    3.2  311.5  345.5  313.6
  768.1   2391   15.8   11.1     74  10.89    252    3.1  311.5  345.3  313.6
  767.1   2402   15.7   11.0     74  10.83    251    3.0  311.6  345.1  313.6
  766.1   2413   15.6   11.0     74  10.81    249    3.0  311.6  345.1  313.6
  765.1   2425   15.5   10.9     74  10.76    247    2.9  311.6  345.0  313.6
  764.0   2437   15.4   10.7     74  10.67    244    2.9  311.6  344.7  313.6
  763.0   2447   15.4   10.5     73  10.53    242    2.9  311.7  344.4  313.7
  762.0   2459   15.3   10.5     73  10.55    240    2.9  311.8  344.5  313.8
  760.9   2471   15.2   10.5     73  10.57    238    2.9  311.8  344.6  313.8
  759.9   2483   15.2   10.5     74  10.55    236    2.9  311.8  344.6  313.8
  758.9   2494   15.1   10.5     74  10.54    235    2.9  311.9  344.6  313.8
  757.9   2505   15.0   10.4     74  10.53    234    3.0  311.9  344.6  313.9
  756.9   2516   14.9   10.3     74  10.48    234    3.0  312.0  344.5  313.9
  755.8   2528   14.9   10.3     74  10.44    233    3.1  312.0  344.4  314.0
  754.8   2539   14.8   10.3     74  10.48    233    3.2  312.0  344.6  314.0
  753.9   2550   14.7   10.2     74  10.46    233    3.2  312.1  344.6  314.1
  752.9   2561   14.7   10.1     74  10.39    234    3.4  312.2  344.5  314.1
  751.9   2572   14.6   10.0     74  10.35    234    3.5  312.2  344.4  314.1
  750.9   2583   14.5   10.1     75  10.39    235    3.6  312.2  344.5  314.2
  750.0   2594   14.4   10.1     75  10.43    235    3.8  312.2  344.7  314.2
  749.0   2605   14.4   10.1     76  10.44    236    3.9  312.2  344.7  314.2
  748.1   2615   14.3   10.2     77  10.51    236    4.1  312.3  345.0  314.2
  747.1   2626   14.2   10.3     77  10.60    236    4.3  312.3  345.3  314.3
  746.1   2638   14.1   10.4     78  10.65    237    4.5  312.4  345.5  314.4
  745.1   2649   14.1   10.4     78  10.68    237    4.7  312.4  345.6  314.4
  744.1   2660   14.0   10.2     78  10.57    238    4.9  312.4  345.3  314.4
  743.1   2671   13.9   10.1     77  10.48    239    5.0  312.5  345.1  314.5
  742.2   2682   13.9    9.9     77  10.35    240    5.2  312.5  344.8  314.5
  741.2   2693   13.8    9.7     76  10.23    241    5.4  312.6  344.5  314.5
  740.3   2704   13.8    9.5     75  10.13    242    5.5  312.7  344.3  314.6
  739.2   2716   13.8    9.1     73   9.87    244    5.6  312.8  343.6  314.7
  738.1   2729   13.9    8.1     68   9.26    245    5.7  313.1  342.1  314.8
  737.1   2740   14.0    7.6     65   8.93    246    5.8  313.3  341.3  314.9
  736.1   2752   13.9    8.0     67   9.17    248    5.9  313.3  342.1  315.1
  735.2   2763   13.9    8.2     68   9.31    249    5.9  313.4  342.6  315.1
  734.2   2774   13.8    8.1     69   9.27    250    6.0  313.4  342.5  315.1
  733.2   2785   13.7    8.0     69   9.24    251    6.0  313.4  342.4  315.2
  732.3   2796   13.6    7.8     68   9.14    252    6.0  313.5  342.1  315.2
  731.4   2806   13.6    7.6     67   8.98    252    6.0  313.5  341.7  315.2
  730.4   2818   13.5    7.4     66   8.87    253    6.0  313.6  341.4  315.3
  729.4   2829   13.4    7.2     66   8.77    253    6.0  313.6  341.2  315.3
  728.5   2840   13.4    6.6     63   8.42    253    6.0  313.7  340.2  315.3
  727.5   2851   13.4    6.5     63   8.38    253    6.0  313.8  340.2  315.4
  726.5   2862   13.3    7.0     66   8.70    253    6.1  313.8  341.2  315.5
  725.6   2873   13.2    7.5     69   9.01    254    6.1  313.8  342.1  315.5
  724.6   2885   13.0    7.8     70   9.20    254    6.1  313.8  342.7  315.5
  723.6   2896   13.0    7.6     70   9.12    254    6.1  313.8  342.4  315.5
  722.7   2906   12.9    7.6     70   9.12    254    6.1  313.8  342.5  315.6
  721.8   2917   12.8    7.5     70   9.07    255    6.2  313.9  342.3  315.6
  720.8   2929   12.7    7.4     70   9.02    255    6.2  313.9  342.2  315.6
  719.8   2940   12.7    7.3     70   8.93    256    6.2  313.9  342.0  315.6
  718.9   2951   12.6    7.1     69   8.83    256    6.3  314.1  341.8  315.7
  718.0   2962   12.6    6.9     68   8.75    257    6.3  314.1  341.6  315.8
  717.0   2974   12.5    6.8     68   8.66    257    6.3  314.1  341.4  315.8
  716.0   2985   12.4    6.6     68   8.60    258    6.3  314.2  341.3  315.8
  715.0   2997   12.4    6.7     68   8.63    258    6.4  314.3  341.4  315.9
  714.1   3008   12.4    6.6     68   8.60    259    6.4  314.3  341.4  316.0
  713.2   3018   12.3    6.7     69   8.66    259    6.4  314.4  341.7  316.0
  712.3   3029   12.2    6.5     68   8.58    259    6.5  314.4  341.5  316.1
  711.2   3041   12.2    6.5     68   8.56    259    6.5  314.5  341.5  316.1
  710.3   3053   12.1    6.6     69   8.66    259    6.5  314.5  341.8  316.2
  709.3   3064   12.0    6.6     70   8.67    259    6.6  314.6  341.9  316.2
  708.3   3075   12.0    6.4     69   8.55    258    6.6  314.6  341.6  316.2
  707.4   3086   11.9    6.3     68   8.49    258    6.6  314.7  341.5  316.3
  706.5   3097   11.8    6.2     68   8.46    258    6.7  314.7  341.4  316.3
  705.6   3108   11.8    6.2     69   8.46    258    6.7  314.7  341.5  316.4
  704.7   3119   11.7    6.1     69   8.44    259    6.7  314.8  341.4  316.4
  703.7   3131   11.6    6.1     69   8.41    259    6.7  314.8  341.3  316.4
  702.7   3142   11.5    5.9     69   8.34    259    6.7  314.8  341.1  316.4
  701.8   3153   11.4    5.7     68   8.22    260    6.7  314.8  340.8  316.4
  700.9   3164   11.3    5.4     67   8.07    261    6.7  314.9  340.4  316.4
  700.0   3175   11.2    5.4     67   8.05    261    6.7  314.9  340.4  316.4
  699.9   3176   11.2    5.4     67   8.06    261    6.7  314.9  340.4  316.4
  698.9   3188   11.1    5.6     69   8.22    262    6.7  314.9  340.9  316.5
  697.8   3200   11.0    5.8     70   8.35    263    6.7  314.9  341.3  316.5
  696.9   3212   10.9    5.8     71   8.34    263    6.7  314.9  341.3  316.5
  695.9   3223   10.8    5.8     71   8.35    264    6.7  315.0  341.4  316.6
  695.0   3234   10.7    5.9     72   8.40    264    6.7  315.0  341.6  316.6
  694.1   3246   10.7    5.8     72   8.35    264    6.7  315.1  341.5  316.6
  693.1   3257   10.7    5.4     70   8.18    265    6.7  315.2  341.1  316.7
  692.2   3268   10.7    5.1     68   7.98    265    6.7  315.3  340.6  316.8
  691.4   3278   10.7    4.3     65   7.58    265    6.7  315.4  339.5  316.8
  690.4   3290   10.7    3.9     63   7.35    266    6.7  315.5  338.9  316.9
  689.5   3301   10.6    3.8     63   7.31    266    6.7  315.5  338.8  316.9
  688.5   3313   10.5    3.5     62   7.16    267    6.7  315.6  338.4  316.9
  687.6   3324   10.5    3.0     60   6.95    268    6.7  315.6  337.8  317.0
  686.7   3335   10.4    3.1     60   6.97    268    6.8  315.7  337.9  317.0
  685.8   3346   10.3    3.5     62   7.18    269    6.8  315.7  338.6  317.1
  684.8   3358   10.3    4.0     65   7.49    271    6.9  315.8  339.7  317.2
  683.8   3370   10.2    4.5     67   7.75    272    7.0  315.9  340.5  317.4
  682.8   3382   10.2    4.6     68   7.83    273    7.1  316.0  340.9  317.5
  681.9   3394   10.1    4.6     69   7.84    274    7.3  316.0  341.0  317.5
  680.9   3406   10.1    4.6     69   7.84    275    7.4  316.1  341.0  317.6
  679.8   3419   10.0    4.6     69   7.86    276    7.6  316.1  341.1  317.6
  678.9   3431    9.9    4.6     70   7.86    277    7.8  316.1  341.2  317.6
  678.0   3442    9.9    4.6     70   7.90    278    8.0  316.3  341.4  317.8
  677.0   3453    9.8    4.6     70   7.90    279    8.2  316.3  341.5  317.8
  676.0   3465    9.7    4.6     70   7.90    280    8.4  316.3  341.5  317.8
  675.1   3477    9.6    4.6     71   7.91    281    8.6  316.4  341.6  317.9
  674.1   3489    9.6    4.6     71   7.93    282    8.7  316.4  341.7  317.9
  673.1   3501    9.4    4.6     72   7.92    283    8.9  316.4  341.6  317.9
  672.2   3513    9.3    4.6     72   7.93    283    9.1  316.4  341.6  317.9
  671.2   3525    9.2    4.5     73   7.92    284    9.2  316.4  341.6  317.9
  670.3   3536    9.1    4.4     73   7.87    284    9.3  316.4  341.5  317.9
  669.5   3546    9.1    4.3     72   7.82    284    9.4  316.6  341.5  318.1
  668.6   3557    9.2    4.2     71   7.76    284    9.5  316.8  341.6  318.3
  667.7   3569    9.2    4.0     70   7.65    284    9.6  316.9  341.4  318.4
  666.7   3581    9.4    3.7     68   7.53    284    9.7  317.2  341.4  318.7
  665.7   3593    9.5    3.7     67   7.53    284    9.7  317.5  341.7  319.0
  664.8   3605    9.5    3.8     67   7.57    284    9.7  317.6  341.9  319.1
  663.9   3616    9.5    3.7     67   7.57    283    9.8  317.7  342.0  319.1
  663.0   3626    9.4    3.7     67   7.54    283    9.8  317.7  341.9  319.2
  662.2   3637    9.3    3.6     68   7.54    282    9.8  317.8  341.9  319.2
  661.3   3648    9.3    3.7     68   7.57    282    9.8  317.8  342.1  319.3
  660.5   3659    9.3    3.7     68   7.61    281    9.8  318.0  342.4  319.4
  659.6   3670    9.2    3.6     68   7.55    281    9.8  318.0  342.3  319.5
  658.7   3681    9.2    3.5     68   7.52    280    9.8  318.1  342.3  319.6
  657.8   3692    9.2    3.7     69   7.64    280    9.8  318.3  342.8  319.7
  657.0   3703    9.1    3.9     70   7.76    279    9.8  318.3  343.2  319.8
  656.1   3714    9.0    3.9     70   7.74    279    9.8  318.3  343.2  319.8
  655.2   3725    8.9    3.9     70   7.73    278    9.9  318.3  343.2  319.8
  654.3   3736    8.9    3.9     71   7.74    278    9.9  318.3  343.2  319.8
  653.5   3747    8.8    3.9     71   7.77    277    9.8  318.3  343.3  319.8
  652.6   3758    8.7    3.8     71   7.73    276    9.8  318.4  343.2  319.9
  651.8   3768    8.7    3.5     70   7.56    275    9.8  318.5  342.8  319.9
  650.9   3779    8.7    2.9     67   7.29    275    9.7  318.6  342.1  320.0
  650.0   3791    8.7    2.6     66   7.11    274    9.7  318.7  341.7  320.1
  649.1   3803    8.6    2.6     66   7.15    273    9.7  318.8  341.9  320.2
  648.2   3815    8.5    2.7     67   7.21    272    9.6  318.8  342.1  320.2
  647.3   3826    8.5    2.5     66   7.13    272    9.6  318.9  342.0  320.3
  646.5   3837    8.5    2.9     68   7.30    271    9.5  319.0  342.6  320.4
  645.6   3848    8.4    3.3     70   7.57    271    9.5  319.1  343.5  320.5
  644.7   3859    8.3    3.2     70   7.52    271    9.4  319.1  343.3  320.5
  643.8   3871    8.3    3.2     70   7.50    270    9.4  319.2  343.4  320.6
  642.9   3883    8.2    3.1     70   7.46    270    9.4  319.2  343.3  320.6
  642.0   3894    8.1    2.9     70   7.39    270    9.4  319.2  343.1  320.7
  641.1   3905    8.0    2.8     69   7.32    271    9.4  319.3  342.9  320.7
  640.2   3917    8.0    2.6     69   7.24    271    9.4  319.3  342.7  320.7
  639.3   3928    7.9    2.7     70   7.28    271    9.5  319.3  342.9  320.7
  638.5   3939    7.8    2.7     70   7.30    271    9.5  319.3  342.9  320.7
  637.6   3950    7.7    2.7     71   7.33    272    9.5  319.3  343.0  320.8
  636.7   3962    7.6    2.5     70   7.22    272    9.5  319.4  342.7  320.8
  635.8   3974    7.5    2.3     69   7.11    272    9.6  319.4  342.5  320.8
  635.0   3985    7.5    2.2     70   7.11    272    9.6  319.5  342.5  320.8
  634.1   3996    7.4    2.3     70   7.13    273    9.6  319.5  342.6  320.9
  633.3   4007    7.3    2.2     70   7.09    273    9.6  319.5  342.5  320.9
  632.4   4018    7.2    2.0     70   7.02    273    9.6  319.5  342.3  320.9
  631.6   4029    7.1    1.8     69   6.92    273    9.7  319.6  342.0  320.9
  630.7   4041    7.0    1.6     69   6.85    273    9.7  319.6  341.8  320.9
  629.8   4052    6.9    1.5     68   6.78    273    9.7  319.6  341.6  321.0
  628.9   4063    6.8    1.4     68   6.77    273    9.8  319.7  341.6  321.0
  628.1   4075    6.7    1.5     69   6.80    273    9.8  319.7  341.7  321.0
  627.2   4086    6.6    1.5     70   6.80    273    9.8  319.6  341.7  321.0
  626.3   4098    6.5    1.4     70   6.78    273    9.9  319.7  341.7  321.0
  625.5   4109    6.4    1.3     70   6.74    273    9.9  319.7  341.5  321.0
  624.7   4119    6.3    1.2     70   6.69    273   10.0  319.7  341.4  321.0
  623.8   4131    6.3    1.1     70   6.68    273   10.0  319.7  341.4  321.0
  622.8   4144    6.2    1.1     70   6.66    273   10.1  319.8  341.4  321.0
  621.8   4157    6.1    0.9     70   6.60    273   10.1  319.8  341.2  321.1
  620.9   4169    6.0    0.9     70   6.58    273   10.2  319.8  341.2  321.1
  620.0   4181    5.9    0.8     70   6.57    274   10.2  319.8  341.2  321.1
  619.0   4194    5.8    0.6     69   6.49    274   10.2  319.9  341.0  321.2
  618.1   4206    5.7    0.4     69   6.39    275   10.2  320.0  340.8  321.2
  617.4   4216    5.7    0.0     67   6.24    275   10.3  320.0  340.4  321.2
  616.6   4226    5.7   -0.4     65   6.04    276   10.3  320.1  339.9  321.3
  615.8   4237    5.6   -0.8     63   5.89    276   10.3  320.2  339.5  321.3
  615.0   4247    5.6   -1.0     63   5.80    277   10.4  320.3  339.2  321.4
  614.4   4256    5.5   -0.9     63   5.85    277   10.4  320.3  339.4  321.4
  613.8   4264    5.5   -1.0     63   5.79    277   10.5  320.3  339.3  321.4
  613.1   4273    5.5   -1.3     62   5.69    278   10.6  320.4  339.1  321.5
  612.3   4283    5.5   -1.2     62   5.72    278   10.6  320.5  339.3  321.6
  611.4   4295    5.4   -1.3     62   5.72    278   10.7  320.6  339.3  321.7
  610.5   4307    5.3   -1.2     63   5.74    279   10.8  320.6  339.4  321.8
  609.6   4319    5.3   -1.1     63   5.79    279   10.8  320.7  339.7  321.8
  608.7   4331    5.2   -0.9     65   5.90    279   10.9  320.8  340.1  321.9
  607.9   4343    5.1   -0.7     66   6.00    279   10.9  320.8  340.4  322.0
  607.1   4353    5.0   -0.1     69   6.27    278   11.0  320.8  341.3  322.0
  606.3   4364    5.0    0.1     71   6.39    278   11.0  320.9  341.7  322.1
  605.5   4375    4.9    0.1     71   6.39    278   11.0  320.9  341.7  322.1
  604.6   4386    4.8    0.0     71   6.36    278   11.0  320.9  341.7  322.1
  603.8   4398    4.7   -0.0     71   6.34    278   11.0  320.9  341.6  322.1
  602.9   4410    4.6    0.0     72   6.39    277   11.0  321.0  341.8  322.2
  602.0   4421    4.5    0.1     73   6.44    277   11.0  321.0  342.0  322.2
  601.2   4433    4.4    0.1     73   6.41    277   11.0  321.0  342.0  322.2
  600.3   4444    4.3   -0.0     73   6.38    276   11.0  321.0  341.9  322.3
  599.5   4455    4.2   -0.1     73   6.35    276   11.0  321.1  341.8  322.3
  598.7   4467    4.2   -0.3     73   6.27    276   10.9  321.1  341.6  322.3
  597.9   4478    4.1   -0.5     72   6.20    276   10.9  321.1  341.4  322.3
  597.0   4490    4.0   -0.4     73   6.24    276   10.9  321.1  341.5  322.3
  596.2   4501    3.9   -0.2     74   6.32    276   10.8  321.2  341.9  322.4
  595.4   4512    3.9   -0.2     75   6.36    276   10.8  321.3  342.1  322.5
  594.5   4524    3.8   -0.1     76   6.42    276   10.7  321.4  342.4  322.6
  593.6   4536    3.7    0.3     78   6.62    276   10.7  321.4  343.0  322.7
  592.7   4548    3.7    0.4     79   6.67    276   10.6  321.4  343.2  322.7
  591.9   4560    3.6    0.4     80   6.68    276   10.6  321.4  343.3  322.7
  591.0   4572    3.5    0.5     81   6.72    276   10.5  321.4  343.4  322.8
  590.1   4584    3.3    0.6     83   6.82    276   10.4  321.4  343.7  322.8
  589.4   4595    3.2    0.7     84   6.86    276   10.3  321.4  343.8  322.8
  588.6   4605    3.1    0.7     84   6.88    275   10.2  321.4  343.9  322.8
  587.8   4617    3.0    0.8     86   6.94    275   10.2  321.4  344.1  322.8
  587.0   4628    2.9    0.9     86   6.97    275   10.1  321.4  344.2  322.8
  586.2   4638    2.8    0.8     87   6.95    274   10.0  321.5  344.1  322.8
  585.5   4648    2.8    0.9     87   6.99    274    9.9  321.5  344.3  322.8
  584.8   4658    2.7    1.0     88   7.04    273    9.9  321.5  344.5  322.9
  584.1   4668    2.6    1.0     89   7.08    273    9.8  321.5  344.6  322.9
  583.5   4676    2.5    1.1     90   7.14    273    9.8  321.6  344.9  322.9
  582.9   4685    2.5    1.2     91   7.17    272    9.7  321.6  345.0  323.0
  582.2   4694    2.4    1.1     91   7.17    272    9.7  321.6  345.0  323.0
  581.5   4704    2.3    1.1     92   7.18    272    9.7  321.6  345.0  323.0
  580.8   4713    2.2    1.1     92   7.17    271    9.7  321.6  345.0  323.0
  580.1   4723    2.1    1.1     93   7.17    271    9.7  321.6  345.0  323.0
  579.4   4733    2.0    0.9     92   7.09    271    9.7  321.6  344.8  323.0
  578.7   4743    2.0    0.7     91   6.97    271    9.7  321.7  344.4  323.0
  578.1   4751    1.9    0.6     91   6.92    272    9.7  321.7  344.3  323.0
  577.4   4760    1.9    0.3     89   6.82    272    9.7  321.8  344.1  323.1
  576.7   4770    1.8    0.3     90   6.83    272    9.7  321.8  344.1  323.1
  576.0   4780    1.8    0.4     91   6.85    272    9.7  321.8  344.2  323.2
  575.4   4789    1.7    0.4     91   6.88    272    9.7  321.9  344.4  323.2
  574.8   4798    1.7    0.4     91   6.87    273    9.7  321.9  344.4  323.3
  573.9   4810    1.6    0.4     91   6.87    273    9.7  322.0  344.5  323.3
  573.0   4822    1.5    0.3     92   6.86    273    9.7  322.0  344.5  323.4
  572.2   4833    1.4    0.2     92   6.83    273    9.6  322.1  344.4  323.4
  571.5   4844    1.3    0.3     93   6.86    273    9.6  322.1  344.5  323.4
  570.7   4854    1.3    0.2     93   6.84    273    9.6  322.1  344.5  323.4
  569.9   4867    1.1    0.2     93   6.82    272    9.5  322.1  344.4  323.4
  569.1   4878    1.1    0.2     94   6.84    271    9.4  322.1  344.5  323.4
  568.3   4890    1.0    0.1     94   6.83    271    9.4  322.2  344.6  323.5
  567.4   4901    1.0    0.0     93   6.79    270    9.3  322.3  344.6  323.6
  566.6   4913    1.0   -0.0     93   6.77    269    9.2  322.4  344.6  323.8
  565.8   4925    1.0   -0.1     92   6.75    268    9.0  322.6  344.7  323.9
  565.0   4936    1.0   -0.1     92   6.75    267    8.9  322.7  344.9  324.1
  564.3   4946    1.0   -0.2     92   6.72    266    8.8  322.8  344.9  324.1
  563.6   4956    1.0   -0.2     92   6.69    265    8.6  322.9  344.9  324.2
  562.9   4966    1.0   -0.3     91   6.67    264    8.5  323.0  345.0  324.3
  562.2   4977    1.0   -0.4     91   6.65    263    8.3  323.1  345.0  324.4
  561.4   4987    0.9   -0.4     91   6.62    262    8.2  323.2  345.0  324.5
  560.7   4998    0.9   -0.5     91   6.63    261    8.0  323.3  345.1  324.6
  559.9   5008    0.8   -0.5     91   6.62    260    7.9  323.3  345.1  324.6
  559.2   5019    0.8   -0.6     90   6.56    260    7.9  323.4  345.1  324.7
  558.6   5028    0.8   -0.7     90   6.52    259    7.8  323.5  345.0  324.8
  558.0   5037    0.8   -0.7     90   6.56    259    7.8  323.6  345.2  324.9
  557.3   5047    0.7   -0.6     91   6.61    258    7.9  323.7  345.5  325.0
  556.5   5058    0.7   -0.5     92   6.66    258    7.9  323.7  345.7  325.0
  555.9   5067    0.6   -0.5     92   6.66    258    8.0  323.8  345.7  325.1
  555.2   5076    0.6   -0.6     91   6.62    257    8.1  323.9  345.8  325.2
  554.6   5086    0.7   -0.7     91   6.59    257    8.3  324.1  345.8  325.4
  554.0   5095    0.7   -0.8     90   6.53    257    8.4  324.1  345.7  325.4
  553.4   5104    0.6   -0.8     90   6.53    256    8.5  324.2  345.8  325.5
  552.7   5113    0.6   -0.9     90   6.51    256    8.7  324.2  345.8  325.5
  552.0   5123    0.5   -1.0     90   6.49    256    8.8  324.3  345.7  325.5
  551.4   5133    0.4   -1.0     90   6.47    256    8.9  324.3  345.7  325.5
  550.8   5142    0.4   -1.1     90   6.42    256    9.0  324.3  345.5  325.6
  550.2   5149    0.3   -1.2     89   6.38    256    9.0  324.4  345.5  325.6
  549.7   5157    0.3   -1.4     88   6.30    256    9.1  324.4  345.3  325.7
  549.1   5166    0.3   -1.5     88   6.29    257    9.2  324.5  345.3  325.7
  548.3   5177    0.2   -1.5     88   6.28    257    9.2  324.6  345.4  325.8
  547.6   5188    0.2   -1.5     88   6.27    257    9.2  324.6  345.4  325.8
  547.0   5196    0.1   -1.6     88   6.23    258    9.3  324.7  345.3  325.9
  546.5   5204    0.1   -1.6     89   6.27    258    9.3  324.7  345.5  325.9
  545.8   5215   -0.0   -1.6     89   6.28    259    9.3  324.7  345.5  326.0
  545.1   5225   -0.1   -1.7     89   6.23    259    9.3  324.8  345.4  326.0
  544.4   5234   -0.1   -1.8     89   6.18    260    9.3  324.8  345.3  326.0
  543.8   5244   -0.2   -1.8     89   6.17    260    9.3  324.9  345.3  326.1
  543.1   5254   -0.3   -1.9     88   6.14    261    9.2  324.9  345.3  326.1
  542.5   5263   -0.3   -1.9     89   6.14    261    9.2  324.9  345.3  326.1
  541.9   5272   -0.4   -2.0     89   6.12    262    9.1  324.9  345.3  326.1
  541.2   5281   -0.5   -2.0     89   6.13    262    9.0  325.0  345.3  326.2
  540.6   5291   -0.5   -2.0     90   6.11    263    9.0  325.0  345.3  326.2
  539.9   5302   -0.6   -2.1     90   6.10    263    8.9  325.0  345.3  326.2
  539.2   5312   -0.6   -2.2     89   6.07    263    8.8  325.1  345.3  326.3
  538.6   5321   -0.6   -2.3     88   6.00    264    8.7  325.3  345.3  326.4
  538.1   5328   -0.6   -2.4     88   5.98    263    8.7  325.3  345.3  326.5
  537.5   5337   -0.7   -2.4     88   5.98    263    8.6  325.4  345.3  326.5
  536.9   5346   -0.8   -2.4     88   5.98    263    8.6  325.4  345.3  326.5
  536.3   5355   -0.8   -2.5     89   5.96    262    8.5  325.4  345.2  326.6
  535.6   5365   -0.9   -2.5     89   5.98    262    8.5  325.5  345.4  326.6
  534.9   5375   -0.9   -2.5     89   5.97    261    8.4  325.5  345.4  326.7
  534.3   5385   -0.9   -2.6     88   5.94    260    8.4  325.6  345.4  326.8
  533.6   5396   -0.9   -2.7     88   5.89    260    8.4  325.7  345.4  326.9
  532.9   5406   -1.0   -2.8     87   5.85    259    8.3  325.8  345.3  326.9
  532.2   5416   -1.0   -2.8     88   5.88    259    8.3  325.9  345.5  327.0
  531.5   5426   -1.0   -2.8     88   5.88    259    8.2  326.0  345.7  327.2
  530.8   5438   -1.0   -3.0     86   5.78    258    8.2  326.1  345.4  327.2
  529.9   5450   -1.0   -3.5     83   5.60    258    8.1  326.3  345.0  327.4
  529.2   5462   -1.0   -3.7     82   5.53    258    8.1  326.4  344.9  327.4
  528.4   5473   -1.1   -3.6     83   5.56    259    8.0  326.5  345.1  327.5
  527.6   5485   -1.2   -3.6     84   5.58    259    8.0  326.5  345.2  327.6
  526.9   5497   -1.3   -3.6     84   5.59    259    7.9  326.5  345.2  327.6
  526.1   5508   -1.4   -3.6     85   5.61    259    7.8  326.5  345.3  327.6
  525.4   5519   -1.4   -3.6     85   5.61    259    7.8  326.6  345.5  327.7
  524.7   5530   -1.4   -3.6     85   5.59    259    7.7  326.7  345.4  327.8
  523.9   5541   -1.5   -3.7     85   5.57    259    7.6  326.8  345.5  327.9
  523.2   5553   -1.5   -3.6     85   5.61    259    7.4  326.9  345.7  328.0
  522.5   5563   -1.6   -3.7     85   5.58    259    7.3  326.9  345.6  328.0
  521.9   5572   -1.6   -3.9     85   5.52    259    7.2  326.9  345.5  328.0
  521.4   5580   -1.7   -3.9     85   5.53    259    7.0  327.0  345.6  328.1
  520.7   5590   -1.8   -3.9     86   5.53    259    6.9  327.0  345.6  328.1
  520.0   5602   -1.9   -4.0     85   5.50    259    6.7  327.0  345.5  328.1
  519.3   5612   -1.9   -4.1     85   5.45    260    6.6  327.1  345.4  328.1
  518.7   5622   -2.0   -4.1     86   5.47    260    6.5  327.1  345.5  328.2
  518.1   5631   -2.1   -4.1     86   5.46    260    6.3  327.1  345.5  328.2
  517.5   5640   -2.1   -4.1     86   5.45    260    6.2  327.1  345.5  328.2
  516.9   5649   -2.2   -4.2     86   5.44    260    6.2  327.2  345.5  328.2
  516.3   5658   -2.2   -4.2     86   5.43    259    6.1  327.2  345.5  328.3
  515.6   5668   -2.3   -4.3     87   5.43    259    6.1  327.2  345.5  328.3
  515.0   5679   -2.4   -4.2     87   5.46    258    6.0  327.3  345.6  328.4
  514.2   5690   -2.5   -4.2     88   5.47    257    6.0  327.3  345.7  328.4
  513.5   5702   -2.5   -4.2     88   5.46    256    6.0  327.4  345.7  328.4
  512.7   5714   -2.6   -4.2     89   5.46    255    6.0  327.4  345.8  328.5
  512.0   5725   -2.7   -4.2     89   5.47    254    6.1  327.4  345.8  328.5
  511.3   5736   -2.8   -4.3     90   5.46    253    6.1  327.4  345.8  328.5
  510.6   5747   -2.9   -4.4     89   5.41    252    6.1  327.5  345.7  328.6
  509.7   5760   -3.0   -4.5     89   5.39    251    6.2  327.5  345.7  328.6
  508.9   5772   -3.0   -4.6     89   5.36    251    6.2  327.6  345.7  328.7
  508.2   5784   -3.1   -4.7     89   5.34    250    6.2  327.6  345.6  328.7
  507.4   5796   -3.2   -4.8     89   5.31    250    6.3  327.7  345.6  328.7
  506.6   5808   -3.3   -4.9     89   5.27    249    6.3  327.7  345.5  328.8
  505.8   5821   -3.3   -5.0     88   5.24    249    6.4  327.8  345.5  328.8
  505.1   5833   -3.4   -5.2     87   5.17    249    6.5  327.9  345.4  328.9
  504.4   5843   -3.4   -5.3     86   5.11    248    6.5  328.0  345.3  329.0
  503.7   5854   -3.4   -5.4     86   5.10    248    6.6  328.1  345.4  329.1
  502.9   5866   -3.5   -5.5     86   5.08    247    6.6  328.2  345.4  329.2
  502.2   5877   -3.5   -5.5     86   5.08    247    6.7  328.2  345.4  329.2
  501.5   5889   -3.6   -5.4     87   5.10    246    6.7  328.3  345.5  329.3
  500.8   5900   -3.7   -5.5     88   5.10    246    6.7  328.3  345.6  329.3
  500.1   5912   -3.8   -5.5     88   5.09    245    6.7  328.3  345.6  329.3
  500.0   5913   -3.8   -5.5     88   5.10    245    6.8  328.3  345.6  329.4
  499.3   5923   -3.9   -5.5     89   5.11    245    6.8  328.4  345.7  329.4
  498.6   5935   -4.0   -5.6     88   5.06    244    6.7  328.4  345.6  329.4
  497.9   5947   -4.0   -5.8     87   4.99    244    6.7  328.4  345.4  329.4
  497.1   5958   -4.1   -6.1     86   4.91    244    6.7  328.5  345.1  329.4
  496.4   5970   -4.2   -6.1     87   4.89    243    6.6  328.5  345.1  329.5
  495.6   5982   -4.3   -6.1     87   4.91    243    6.6  328.5  345.2  329.5
  494.9   5993   -4.4   -6.1     88   4.92    243    6.5  328.6  345.3  329.5
  494.2   6005   -4.5   -6.1     89   4.94    243    6.4  328.6  345.4  329.6
  493.5   6016   -4.5   -6.1     89   4.93    242    6.3  328.7  345.4  329.6
  492.8   6027   -4.5   -6.7     85   4.73    242    6.2  328.9  345.0  329.8
  492.1   6039   -4.5   -7.3     81   4.51    242    6.1  329.0  344.4  329.9
  491.3   6051   -4.5   -7.6     79   4.40    242    6.0  329.1  344.2  330.0
  490.6   6063   -4.5   -7.6     79   4.43    241    6.0  329.2  344.4  330.1
  489.8   6075   -4.5   -7.2     82   4.56    241    5.9  329.4  345.0  330.3
  489.1   6086   -4.5   -7.2     81   4.55    241    5.9  329.6  345.2  330.5
  488.5   6097   -4.5   -7.3     81   4.53    241    5.9  329.7  345.2  330.6
  487.8   6107   -4.6   -7.4     81   4.53    241    5.9  329.7  345.2  330.6
  487.2   6118   -4.6   -7.3     81   4.55    241    6.0  329.8  345.3  330.7
  486.5   6129   -4.6   -7.0     83   4.67    241    6.1  329.9  345.9  330.9
  485.8   6141   -4.6   -6.9     84   4.71    241    6.2  330.0  346.1  331.0
  485.0   6153   -4.7   -7.0     84   4.70    242    6.3  330.1  346.1  331.0
  484.3   6165   -4.8   -7.0     85   4.69    242    6.4  330.1  346.2  331.0
  483.5   6177   -4.9   -7.0     85   4.69    243    6.5  330.2  346.2  331.1
  482.8   6189   -5.0   -7.0     85   4.69    244    6.6  330.2  346.3  331.2
  482.0   6201   -5.0   -7.1     85   4.67    245    6.7  330.3  346.3  331.2
  481.3   6213   -5.1   -7.4     83   4.56    245    6.7  330.4  346.0  331.3
  480.6   6225   -5.1   -8.2     78   4.29    246    6.8  330.5  345.3  331.4
  479.8   6237   -5.1   -9.4     71   3.91    247    6.8  330.7  344.2  331.4
  479.1   6250   -5.0   -9.9     69   3.78    247    6.8  330.8  344.0  331.6
  478.3   6262   -5.0   -9.1     73   4.02    248    6.7  331.0  344.9  331.8
  477.6   6274   -5.1   -8.4     78   4.27    248    6.7  331.1  345.8  331.9
  476.9   6285   -5.1   -9.4     72   3.95    248    6.6  331.2  344.9  332.0
  476.2   6297   -5.0  -10.6     65   3.60    248    6.4  331.4  344.0  332.1
  475.5   6309   -5.0  -10.5     66   3.64    248    6.3  331.6  344.2  332.3
  474.8   6321   -5.1  -10.5     66   3.63    248    6.2  331.7  344.3  332.4
  474.0   6333   -5.1  -10.6     65   3.60    247    6.0  331.8  344.3  332.5
  473.3   6345   -5.1  -10.0     68   3.79    246    5.9  331.9  345.1  332.7
  472.6   6357   -5.1   -9.2     73   4.04    245    5.8  332.1  346.1  332.9
  471.9   6369   -5.1   -9.1     73   4.08    243    5.7  332.2  346.4  333.0
  471.2   6381   -5.1   -9.6     71   3.93    242    5.6  332.3  346.0  333.1
  470.5   6392   -5.2   -9.8     70   3.89    240    5.5  332.4  346.0  333.2
  469.7   6404   -5.2   -9.1     74   4.09    238    5.5  332.5  346.7  333.3
  469.0   6416   -5.2   -8.7     77   4.25    236    5.5  332.6  347.4  333.5
  468.4   6426   -5.3   -8.6     77   4.27    234    5.6  332.7  347.5  333.6
  467.9   6436   -5.3   -8.7     77   4.25    232    5.7  332.8  347.5  333.6
  467.3   6446   -5.4   -8.8     77   4.23    231    5.8  332.8  347.5  333.6
  466.6   6457   -5.5   -8.8     77   4.21    230    5.9  332.8  347.5  333.7
  466.0   6468   -5.5   -8.9     77   4.19    229    6.0  332.9  347.4  333.7
  465.4   6477   -5.6   -9.0     77   4.18    228    6.1  332.9  347.4  333.8
  464.9   6486   -5.7   -8.9     78   4.20    227    6.2  332.9  347.5  333.8
  464.3   6497   -5.8   -8.9     79   4.23    227    6.3  332.9  347.6  333.8
  463.6   6508   -5.8   -8.9     79   4.22    227    6.4  333.0  347.6  333.8
  462.9   6520   -5.9   -9.1     78   4.18    227    6.5  333.0  347.5  333.9
  462.2   6531   -6.0   -9.2     78   4.15    227    6.5  333.1  347.5  333.9
  461.6   6542   -6.0   -9.2     78   4.14    228    6.5  333.1  347.5  334.0
  461.0   6552   -6.1   -9.3     78   4.11    228    6.5  333.2  347.5  334.0
  460.4   6562   -6.1   -9.5     77   4.07    229    6.5  333.2  347.4  334.1
  459.8   6572   -6.2   -9.5     77   4.06    230    6.5  333.3  347.4  334.1
  459.3   6581   -6.3   -9.5     78   4.05    231    6.5  333.3  347.4  334.1
  458.7   6591   -6.4   -9.6     78   4.04    232    6.4  333.3  347.4  334.1
  458.1   6601   -6.4   -9.6     78   4.03    233    6.3  333.4  347.4  334.2
  457.5   6612   -6.5   -9.7     78   4.03    234    6.3  333.4  347.5  334.2
  456.9   6621   -6.6   -9.7     79   4.02    236    6.2  333.4  347.4  334.2
  456.4   6631   -6.7   -9.7     79   4.02    237    6.2  333.4  347.4  334.2
  455.8   6641   -6.8   -9.8     79   4.00    238    6.1  333.4  347.4  334.2
  455.2   6651   -6.9   -9.9     79   3.98    238    6.1  333.4  347.3  334.2
  454.6   6661   -7.0   -9.9     79   3.97    239    6.0  333.4  347.3  334.2
  454.0   6672   -7.0  -10.1     79   3.92    239    6.0  333.4  347.1  334.2
  453.4   6682   -7.1  -10.2     79   3.90    239    5.9  333.5  347.1  334.3
  452.8   6692   -7.2  -10.1     79   3.92    239    5.8  333.5  347.2  334.3
  452.2   6702   -7.3  -10.1     80   3.93    238    5.8  333.5  347.2  334.3
  451.6   6712   -7.4  -10.2     81   3.92    238    5.7  333.5  347.2  334.3
  451.1   6722   -7.5  -10.2     81   3.92    237    5.6  333.5  347.2  334.3
  450.5   6732   -7.6  -10.2     81   3.92    236    5.5  333.5  347.2  334.3
  449.9   6743   -7.7  -10.3     81   3.90    234    5.4  333.5  347.2  334.3
  449.3   6753   -7.8  -10.6     80   3.82    233    5.3  333.6  346.9  334.3
  448.7   6763   -7.8  -10.9     78   3.71    231    5.2  333.6  346.6  334.4
  448.2   6771   -7.8  -11.1     77   3.67    230    5.1  333.7  346.5  334.4
  447.7   6780   -7.9  -11.2     77   3.63    228    5.0  333.7  346.5  334.4
  447.1   6791   -8.0  -11.2     78   3.65    227    4.9  333.7  346.5  334.5
  446.5   6801   -8.1  -11.3     77   3.62    226    4.7  333.7  346.4  334.5
  446.0   6810   -8.2  -11.5     77   3.58    225    4.6  333.7  346.3  334.5
  445.5   6819   -8.2  -11.6     77   3.55    225    4.5  333.8  346.3  334.5
  444.8   6831   -8.3  -11.7     77   3.53    224    4.4  333.8  346.2  334.5
  444.1   6843   -8.4  -11.7     77   3.52    225    4.3  333.9  346.3  334.6
  443.5   6853   -8.4  -11.8     77   3.52    225    4.2  333.9  346.3  334.6
  443.0   6862   -8.5  -11.7     78   3.53    226    4.2  333.9  346.4  334.7
  442.4   6872   -8.6  -11.7     78   3.54    227    4.1  334.0  346.4  334.7
  441.9   6883   -8.7  -11.8     78   3.53    228    4.0  334.0  346.4  334.7
  441.3   6893   -8.8  -11.8     79   3.53    230    3.9  334.0  346.4  334.7
  440.7   6903   -8.9  -11.8     79   3.51    231    3.8  334.0  346.4  334.7
  440.1   6913   -8.9  -11.9     79   3.49    232    3.7  334.0  346.3  334.7
  439.5   6924   -9.0  -12.1     78   3.46    233    3.6  334.1  346.3  334.8
  438.9   6934   -9.0  -12.2     78   3.43    234    3.4  334.2  346.3  334.9
  438.4   6944   -9.1  -12.2     78   3.43    235    3.3  334.2  346.3  334.9
  437.8   6954   -9.2  -12.3     78   3.41    235    3.1  334.2  346.2  334.9
  437.2   6965   -9.3  -12.4     78   3.38    235    3.0  334.3  346.2  334.9
  436.6   6976   -9.3  -12.5     77   3.36    235    2.8  334.3  346.2  335.0
  436.0   6986   -9.4  -12.6     78   3.35    234    2.7  334.4  346.2  335.1
  435.4   6996   -9.4  -12.6     78   3.34    233    2.5  334.4  346.2  335.1
  434.9   7006   -9.5  -12.7     78   3.33    231    2.4  334.5  346.2  335.1
  434.3   7016   -9.6  -12.6     78   3.34    230    2.3  334.5  346.3  335.2
  433.7   7026   -9.6  -12.7     78   3.33    228    2.2  334.5  346.3  335.2
  433.2   7036   -9.7  -12.9     78   3.29    226    2.2  334.6  346.2  335.2
  432.6   7047   -9.7  -12.9     77   3.27    224    2.2  334.7  346.2  335.3
  432.0   7057   -9.8  -12.8     78   3.31    222    2.1  334.7  346.4  335.4
  431.5   7066   -9.8  -12.8     79   3.33    220    2.2  334.8  346.6  335.5
  431.0   7076   -9.9  -12.9     78   3.29    219    2.2  334.9  346.5  335.5
  430.4   7085   -9.9  -13.1     77   3.25    217    2.2  334.9  346.4  335.6
  429.9   7095  -10.0  -13.1     78   3.24    215    2.3  335.0  346.4  335.6
  429.4   7104  -10.1  -13.2     78   3.23    213    2.3  335.0  346.4  335.6
  428.9   7113  -10.2  -13.3     78   3.22    211    2.4  335.0  346.4  335.6
  428.4   7122  -10.2  -13.3     78   3.21    209    2.4  335.0  346.3  335.6
  427.8   7133  -10.3  -13.4     78   3.20    207    2.4  335.0  346.3  335.6
  427.1   7145  -10.4  -13.5     78   3.16    205    2.5  335.0  346.3  335.7
  426.4   7157  -10.5  -13.7     78   3.13    203    2.5  335.1  346.2  335.7
  425.8   7168  -10.6  -13.8     77   3.11    201    2.5  335.1  346.2  335.7
  425.2   7180  -10.6  -13.8     77   3.10    199    2.5  335.2  346.2  335.8
  424.6   7190  -10.7  -14.0     77   3.07    197    2.5  335.2  346.1  335.8
  424.1   7200  -10.7  -14.3     75   2.99    195    2.4  335.4  346.0  336.0
  423.6   7209  -10.5  -14.6     71   2.91    193    2.4  335.7  346.1  336.3
  423.0   7219  -10.5  -14.7     71   2.91    190    2.4  335.9  346.3  336.5
  422.4   7230  -10.5  -14.8     71   2.87    188    2.4  335.9  346.2  336.5
  421.8   7241  -10.6  -14.9     70   2.85    186    2.4  336.0  346.3  336.6
  421.2   7251  -10.6  -15.0     70   2.84    184    2.4  336.2  346.3  336.7
  420.7   7262  -10.6  -15.1     70   2.83    182    2.4  336.3  346.4  336.8
  420.0   7273  -10.7  -15.1     70   2.82    181    2.4  336.3  346.4  336.9
  419.4   7284  -10.8  -15.1     70   2.82    181    2.4  336.3  346.4  336.9
  418.9   7295  -10.9  -15.2     71   2.81    181    2.4  336.3  346.4  336.9
  418.3   7305  -11.0  -15.2     71   2.81    181    2.4  336.3  346.4  336.9
  417.8   7315  -11.1  -15.2     72   2.83    183    2.3  336.3  346.4  336.9
  417.2   7326  -11.2  -15.2     72   2.83    185    2.3  336.3  346.5  336.9
  416.7   7336  -11.3  -15.2     73   2.83    188    2.2  336.3  346.4  336.9
  416.1   7347  -11.4  -15.2     73   2.82    191    2.1  336.3  346.4  336.9
  415.4   7359  -11.5  -15.3     73   2.81    195    2.1  336.4  346.4  336.9
  414.7   7371  -11.6  -15.4     73   2.79    200    2.0  336.4  346.4  336.9
  414.1   7382  -11.7  -15.5     73   2.78    204    2.0  336.4  346.4  337.0
  413.5   7393  -11.8  -15.4     74   2.80    209    2.0  336.4  346.4  337.0
  412.9   7405  -11.9  -15.4     75   2.80    213    2.0  336.4  346.4  337.0
  412.3   7416  -12.0  -15.5     75   2.77    217    2.1  336.4  346.4  337.0
  411.8   7426  -12.0  -15.6     75   2.76    220    2.2  336.4  346.4  337.0
  411.3   7435  -12.1  -15.7     75   2.75    223    2.3  336.5  346.3  337.0
  410.8   7444  -12.2  -15.8     74   2.73    225    2.4  336.5  346.3  337.1
  410.2   7455  -12.3  -15.8     75   2.72    227    2.5  336.5  346.3  337.1
  409.6   7466  -12.3  -15.9     74   2.71    228    2.6  336.6  346.4  337.2
  409.0   7478  -12.4  -15.9     75   2.72    229    2.7  336.7  346.4  337.2
  408.4   7490  -12.3  -15.8     75   2.74    230    2.7  336.9  346.7  337.4
  407.8   7500  -12.4  -16.0     74   2.69    232    2.7  337.0  346.7  337.5
  407.3   7509  -12.4  -16.1     74   2.67    233    2.7  337.0  346.7  337.6
  406.8   7519  -12.4  -16.4     72   2.62    234    2.7  337.1  346.6  337.7
  406.2   7531  -12.5  -16.6     72   2.58    235    2.6  337.1  346.4  337.7
  405.5   7543  -12.6  -16.6     72   2.58    236    2.5  337.2  346.5  337.7
  404.8   7556  -12.7  -16.7     72   2.57    237    2.4  337.2  346.5  337.7
  404.2   7568  -12.8  -16.8     72   2.54    237    2.2  337.2  346.4  337.8
  403.6   7580  -12.8  -16.9     72   2.53    236    2.0  337.3  346.5  337.9
  403.0   7591  -12.9  -17.0     71   2.50    234    1.8  337.4  346.5  338.0
  402.4   7603  -13.0  -17.2     71   2.48    230    1.6  337.5  346.5  338.0
  401.8   7613  -13.0  -17.2     71   2.47    223    1.4  337.5  346.5  338.0
  401.4   7621  -13.1  -17.3     71   2.46    213    1.2  337.5  346.4  338.0
  400.9   7631  -13.2  -17.4     70   2.44    199    1.1  337.6  346.4  338.1
  400.3   7642  -13.2  -17.6     69   2.41    183    1.2  337.7  346.5  338.2
  400.0   7648  -13.2  -17.6     69   2.40    169    1.3  337.8  346.5  338.2
  399.6   7655  -13.2  -17.7     69   2.39    169    1.3  337.8  346.5  338.3
  399.1   7666  -13.3  -17.7     69   2.39    159    1.4  337.8  346.5  338.3
  398.5   7677  -13.4  -17.8     70   2.38    151    1.7  337.9  346.6  338.4
  397.8   7689  -13.5  -17.9     69   2.36    146    1.9  337.9  346.5  338.4
  397.3   7699  -13.5  -18.0     69   2.35    142    2.1  338.0  346.5  338.4
  396.8   7710  -13.6  -18.0     69   2.34    139    2.4  338.0  346.5  338.5
  396.2   7721  -13.7  -18.0     70   2.35    138    2.6  338.0  346.6  338.5
  395.6   7731  -13.8  -18.1     70   2.34    136    2.8  338.1  346.6  338.5
  395.1   7741  -13.8  -18.1     70   2.33    135    2.9  338.1  346.6  338.6
  394.6   7751  -13.9  -18.2     70   2.31    134    3.1  338.1  346.5  338.6
  394.0   7762  -14.0  -18.3     70   2.30    133    3.2  338.1  346.5  338.6
  393.4   7775  -14.1  -18.5     70   2.27    132    3.4  338.1  346.4  338.6
  392.8   7787  -14.2  -18.7     68   2.22    131    3.5  338.2  346.3  338.7
  392.1   7799  -14.3  -18.9     68   2.20    130    3.6  338.3  346.3  338.7
  391.5   7811  -14.3  -19.3     66   2.13    129    3.7  338.3  346.1  338.8
  390.9   7823  -14.4  -19.5     65   2.10    128    3.8  338.4  346.1  338.8
  390.3   7835  -14.5  -19.4     66   2.11    127    3.9  338.4  346.1  338.8
  389.7   7847  -14.6  -19.8     64   2.04    126    3.9  338.4  345.9  338.9
  389.1   7858  -14.6  -20.5     61   1.93    124    4.0  338.6  345.7  339.0
  388.6   7868  -14.6  -21.2     57   1.82    123    4.1  338.7  345.5  339.1
  388.0   7878  -14.7  -21.2     58   1.82    122    4.2  338.8  345.5  339.1
  387.4   7890  -14.8  -21.4     57   1.80    121    4.3  338.8  345.5  339.2
  386.9   7901  -14.8  -21.7     56   1.75    120    4.4  338.9  345.4  339.2
  386.3   7912  -14.9  -21.8     55   1.73    119    4.5  338.9  345.4  339.3
  385.8   7922  -14.9  -22.0     55   1.71    118    4.5  339.0  345.3  339.3
  385.3   7933  -15.0  -22.8     51   1.59    118    4.6  339.0  345.0  339.4
  384.7   7944  -15.0  -23.8     47   1.46    119    4.7  339.1  344.6  339.4
  384.2   7954  -15.1  -24.3     45   1.40    119    4.7  339.2  344.4  339.4
  383.6   7965  -15.2  -24.9     43   1.33    120    4.8  339.2  344.2  339.5
  383.0   7978  -15.3  -24.7     44   1.36    121    4.8  339.3  344.4  339.5
  382.4   7988  -15.4  -24.1     47   1.43    123    4.8  339.3  344.6  339.6
  381.9   7998  -15.5  -23.2     51   1.55    124    4.9  339.3  345.1  339.6
  381.5   8007  -15.5  -22.9     53   1.59    126    4.9  339.2  345.2  339.6
  380.9   8018  -15.6  -23.0     53   1.59    128    4.9  339.3  345.2  339.6
  380.4   8028  -15.7  -23.0     54   1.58    130    4.8  339.3  345.2  339.6
  379.9   8038  -15.8  -23.3     53   1.55    132    4.8  339.4  345.2  339.7
  379.4   8049  -15.8  -23.7     51   1.49    134    4.7  339.5  345.0  339.8
  378.8   8059  -15.8  -24.2     49   1.43    136    4.6  339.5  344.9  339.8
  378.3   8071  -15.9  -24.2     49   1.43    139    4.5  339.6  344.9  339.9
  377.7   8081  -16.0  -24.2     50   1.44    142    4.3  339.6  345.0  339.9
  377.1   8093  -16.1  -24.0     51   1.46    144    4.1  339.6  345.1  340.0
  376.5   8106  -16.2  -24.0     51   1.46    147    4.0  339.6  345.1  339.9
  375.9   8118  -16.3  -23.8     53   1.50    151    3.8  339.7  345.3  340.0
  375.5   8127  -16.4  -23.3     56   1.57    154    3.6  339.6  345.5  340.0
  374.9   8139  -16.5  -22.6     59   1.66    158    3.5  339.7  345.9  340.0
  374.2   8152  -16.6  -22.3     61   1.72    161    3.4  339.7  346.1  340.1
  373.6   8164  -16.7  -22.1     63   1.74    164    3.3  339.7  346.2  340.1
  373.0   8176  -16.8  -22.0     64   1.76    166    3.2  339.8  346.3  340.1
  372.5   8187  -16.9  -21.8     66   1.80    168    3.1  339.8  346.5  340.2
  371.9   8199  -17.0  -21.6     67   1.84    169    3.1  339.8  346.6  340.2
  371.3   8210  -17.1  -21.6     68   1.83    170    3.0  339.8  346.6  340.2
  370.8   8222  -17.2  -21.7     68   1.83    169    3.0  339.8  346.6  340.2
  370.2   8233  -17.2  -21.2     71   1.91    168    3.0  339.9  347.0  340.3
  369.6   8245  -17.3  -21.1     72   1.93    166    2.9  340.1  347.2  340.5
  369.0   8257  -17.3  -21.3     71   1.91    163    2.9  340.1  347.2  340.5
  368.4   8269  -17.3  -21.8     68   1.83    160    2.8  340.3  347.1  340.7
  367.8   8281  -17.4  -22.4     65   1.73    157    2.7  340.4  346.9  340.7
  367.3   8292  -17.4  -22.2     67   1.77    153    2.7  340.4  347.0  340.8
  366.8   8303  -17.5  -22.1     68   1.78    149    2.6  340.5  347.1  340.8
  366.2   8315  -17.6  -22.3     66   1.75    146    2.6  340.5  347.0  340.9
  365.5   8328  -17.7  -22.0     69   1.80    143    2.5  340.6  347.3  340.9
  365.0   8339  -17.8  -22.2     69   1.78    141    2.5  340.5  347.2  340.9
  364.5   8350  -17.9  -23.3     62   1.60    139    2.4  340.6  346.6  340.9
  364.0   8360  -17.9  -24.3     57   1.47    138    2.4  340.7  346.2  341.0
  363.5   8370  -18.0  -24.8     55   1.42    138    2.3  340.7  346.1  341.0
  362.9   8382  -18.0  -25.1     54   1.38    139    2.3  340.8  346.0  341.1
  362.4   8393  -18.1  -25.6     52   1.32    141    2.2  340.8  345.8  341.1
  361.8   8405  -18.3  -25.6     52   1.32    144    2.2  340.8  345.8  341.1
  361.2   8418  -18.4  -25.2     55   1.37    147    2.1  340.8  346.0  341.1
  360.5   8431  -18.5  -24.4     60   1.47    151    2.1  340.8  346.3  341.1
  359.9   8444  -18.6  -23.3     67   1.64    154    2.1  340.8  346.9  341.1
  359.3   8456  -18.7  -22.4     73   1.78    158    2.0  340.9  347.5  341.2
  358.8   8467  -18.8  -21.6     79   1.90    161    2.0  340.9  348.0  341.3
  358.3   8478  -18.9  -21.7     78   1.88    164    2.0  340.9  347.9  341.3
  357.6   8491  -19.0  -21.8     78   1.87    165    2.0  341.0  347.9  341.4
  357.1   8502  -19.1  -21.3     83   1.97    167    2.1  341.0  348.3  341.4
  356.6   8512  -19.1  -20.8     86   2.05    168    2.1  341.0  348.6  341.5
  356.1   8522  -19.2  -20.8     87   2.05    168    2.1  341.1  348.7  341.5
  355.6   8534  -19.3  -20.9     87   2.03    168    2.1  341.1  348.6  341.5
  355.0   8547  -19.4  -21.2     86   2.00    168    2.2  341.2  348.6  341.6
  354.4   8558  -19.4  -21.3     85   1.98    167    2.2  341.2  348.6  341.6
  353.9   8568  -19.5  -21.4     85   1.96    167    2.3  341.3  348.6  341.7
  353.4   8579  -19.5  -21.6     83   1.93    166    2.3  341.4  348.6  341.8
  352.9   8590  -19.6  -21.6     84   1.93    166    2.4  341.4  348.6  341.8
  352.4   8600  -19.7  -21.6     85   1.93    165    2.4  341.4  348.6  341.8
  351.9   8612  -19.8  -21.7     84   1.92    165    2.5  341.5  348.6  341.9
  351.3   8624  -19.8  -21.8     84   1.90    164    2.5  341.6  348.7  342.0
  350.7   8637  -19.9  -21.9     83   1.89    164    2.6  341.7  348.7  342.1
  350.1   8650  -19.9  -22.3     81   1.83    163    2.6  341.8  348.6  342.1
  349.4   8664  -20.0  -23.3     74   1.67    162    2.5  341.9  348.2  342.3
  348.7   8678  -20.0  -24.0     70   1.58    160    2.5  342.0  348.0  342.4
  348.0   8694  -20.1  -24.0     71   1.59    159    2.5  342.1  348.1  342.5
  347.3   8708  -20.2  -23.9     72   1.60    157    2.4  342.1  348.1  342.5
  346.7   8721  -20.3  -24.3     70   1.55    154    2.4  342.2  348.0  342.5
  346.2   8733  -20.4  -24.6     69   1.51    151    2.3  342.3  348.0  342.6
  345.7   8744  -20.5  -24.3     72   1.55    148    2.3  342.2  348.1  342.6
  345.1   8756  -20.6  -24.3     72   1.55    144    2.3  342.2  348.1  342.5
  344.5   8769  -20.7  -24.5     72   1.54    140    2.3  342.3  348.1  342.6
  343.9   8782  -20.9  -24.3     74   1.56    137    2.3  342.3  348.1  342.6
  343.3   8795  -21.0  -24.4     74   1.55    134    2.3  342.2  348.1  342.5
  342.7   8809  -21.1  -24.8     72   1.50    131    2.3  342.3  347.9  342.6
  342.1   8821  -21.2  -25.0     72   1.48    128    2.4  342.3  347.9  342.6
  341.5   8833  -21.3  -25.0     72   1.48    126    2.4  342.3  347.9  342.6
  341.0   8845  -21.4  -25.2     71   1.45    124    2.4  342.3  347.8  342.6
  340.4   8857  -21.5  -25.4     71   1.43    123    2.4  342.4  347.8  342.7
  339.9   8868  -21.6  -25.4     72   1.44    122    2.4  342.4  347.8  342.7
  339.3   8881  -21.7  -25.4     72   1.44    121    2.4  342.4  347.9  342.7
  338.8   8893  -21.8  -25.5     72   1.43    121    2.4  342.5  347.9  342.7
  338.2   8905  -21.9  -25.5     72   1.42    120    2.4  342.5  347.9  342.8
  337.6   8919  -22.0  -25.6     73   1.42    120    2.3  342.5  347.9  342.8
  336.9   8933  -22.1  -25.7     73   1.41    120    2.3  342.5  347.9  342.8
  336.3   8946  -22.2  -25.8     73   1.40    119    2.3  342.5  347.9  342.8
  335.7   8959  -22.3  -25.8     73   1.39    119    2.2  342.6  347.9  342.9
  335.1   8972  -22.5  -25.8     74   1.40    118    2.2  342.6  347.9  342.9
  334.6   8984  -22.6  -25.9     74   1.39    117    2.1  342.6  347.9  342.9
  334.1   8995  -22.7  -25.8     75   1.40    115    2.1  342.6  347.9  342.9
  333.5   9007  -22.8  -25.8     77   1.41    112    2.1  342.6  348.0  342.9
  333.0   9019  -22.9  -25.7     77   1.42    109    2.1  342.6  348.0  342.9
  332.4   9031  -22.9  -26.0     76   1.39    105    2.1  342.7  348.0  343.0
  331.9   9043  -23.0  -26.1     76   1.37    100    2.1  342.8  348.0  343.1
  331.5   9053  -23.1  -26.2     76   1.37     95    2.2  342.8  348.0  343.1
  330.9   9065  -23.2  -26.2     76   1.37     90    2.3  342.9  348.1  343.1
  330.4   9076  -23.3  -26.3     76   1.36     84    2.5  342.9  348.0  343.1
  329.9   9087  -23.4  -26.3     77   1.36     79    2.6  342.9  348.0  343.2
  329.5   9097  -23.5  -26.4     77   1.35     75    2.8  342.9  348.0  343.2
  329.0   9109  -23.4  -26.4     76   1.35     71    3.1  343.1  348.2  343.4
  328.5   9120  -23.3  -26.4     76   1.35     67    3.3  343.3  348.5  343.6
  328.0   9130  -23.4  -26.5     76   1.35     64    3.6  343.4  348.5  343.7
  327.5   9141  -23.5  -26.4     77   1.36     61    3.8  343.4  348.6  343.7
  326.9   9154  -23.4  -26.3     77   1.38     58    4.0  343.7  349.0  344.0
  326.3   9168  -23.4  -26.2     78   1.39     56    4.2  344.0  349.3  344.3
  325.7   9180  -23.4  -26.2     78   1.39     53    4.4  344.2  349.5  344.4
  325.2   9192  -23.5  -26.3     78   1.38     51    4.6  344.2  349.5  344.5
  324.7   9203  -23.5  -26.2     78   1.39     49    4.8  344.3  349.6  344.6
  324.2   9215  -23.5  -26.2     79   1.40     48    5.0  344.4  349.8  344.7
  323.7   9227  -23.5  -26.1     80   1.42     46    5.2  344.6  350.0  344.9
  323.1   9241  -23.6  -26.1     80   1.41     44    5.3  344.6  350.0  344.9
  322.5   9253  -23.6  -26.2     79   1.40     43    5.5  344.8  350.2  345.1
  322.0   9264  -23.7  -26.2     80   1.40     41    5.7  344.8  350.2  345.1
  321.5   9276  -23.8  -26.3     80   1.40     40    5.9  344.9  350.2  345.2
  321.1   9286  -23.8  -26.3     80   1.40     39    6.1  345.0  350.3  345.3
  320.6   9296  -23.9  -26.3     81   1.40     39    6.3  345.0  350.4  345.3
  320.1   9308  -24.0  -26.3     81   1.41     38    6.5  345.0  350.4  345.3
  319.6   9319  -24.1  -26.4     81   1.39     38    6.7  345.1  350.4  345.4
  319.2   9329  -24.1  -26.4     81   1.39     38    6.9  345.1  350.4  345.4
  318.7   9341  -24.1  -26.3     82   1.40     37    7.1  345.2  350.6  345.5
  318.2   9351  -24.2  -26.4     82   1.39     37    7.3  345.2  350.6  345.5
  317.8   9360  -24.3  -26.5     82   1.39     37    7.5  345.2  350.5  345.5
  317.4   9370  -24.4  -26.5     83   1.39     37    7.6  345.3  350.6  345.5
  316.9   9381  -24.5  -26.5     83   1.38     37    7.7  345.3  350.6  345.6
  316.4   9392  -24.6  -26.6     84   1.38     36    7.8  345.3  350.6  345.6
  315.9   9405  -24.6  -26.6     83   1.38     36    7.8  345.5  350.8  345.8
  315.3   9419  -24.6  -26.9     81   1.34     36    7.8  345.6  350.8  345.9
  314.6   9433  -24.6  -27.1     80   1.33     35    7.8  345.8  350.9  346.1
  314.1   9446  -24.7  -27.1     80   1.33     35    7.8  345.9  351.0  346.2
  313.7   9455  -24.8  -27.1     81   1.33     34    7.7  345.9  351.0  346.2
  313.2   9466  -24.9  -26.9     83   1.35     34    7.6  345.9  351.1  346.2
  312.8   9477  -24.9  -27.0     83   1.34     33    7.5  346.0  351.1  346.2
  312.3   9488  -25.0  -27.2     82   1.32     33    7.3  346.0  351.1  346.3
  311.9   9498  -25.1  -27.5     80   1.29     33    7.2  346.0  351.0  346.3
  311.4   9509  -25.2  -27.8     79   1.25     33    7.0  346.0  350.9  346.3
  311.0   9519  -25.3  -28.0     78   1.23     33    6.8  346.1  350.8  346.3
  310.6   9528  -25.3  -28.1     78   1.23     33    6.7  346.1  350.9  346.4
  310.1   9539  -25.4  -28.1     78   1.23     33    6.5  346.2  350.9  346.4
  309.7   9549  -25.5  -28.2     78   1.21     34    6.4  346.2  350.9  346.5
  309.3   9558  -25.5  -28.3     77   1.20     35    6.2  346.3  351.0  346.6
  308.9   9568  -25.5  -28.4     77   1.20     35    6.1  346.4  351.0  346.6
  308.4   9578  -25.6  -28.5     77   1.19     36    6.0  346.5  351.1  346.7
  308.0   9589  -25.7  -28.5     77   1.19     36    5.9  346.5  351.1  346.7
  307.5   9600  -25.7  -28.8     75   1.16     36    5.9  346.6  351.1  346.8
  307.1   9611  -25.8  -29.0     74   1.14     37    5.8  346.6  351.0  346.9
  306.5   9623  -25.8  -29.1     74   1.13     37    5.8  346.7  351.1  347.0
  306.0   9636  -25.9  -29.4     73   1.10     37    5.8  346.8  351.1  347.0
  305.5   9648  -26.0  -29.6     72   1.08     37    5.8  346.8  351.0  347.0
  305.1   9658  -26.1  -29.8     70   1.06     36    5.9  346.9  351.0  347.1
  304.6   9669  -26.1  -29.9     70   1.05     36    5.9  347.0  351.1  347.2
  304.1   9681  -26.1  -30.2     69   1.03     36    5.9  347.1  351.1  347.3
  303.5   9695  -26.2  -30.6     66   0.99     37    6.0  347.2  351.1  347.4
  302.9   9709  -26.3  -31.0     65   0.96     37    6.0  347.3  351.1  347.5
  302.4   9721  -26.3  -31.0     65   0.95     38    6.0  347.3  351.1  347.5
  302.0   9731  -26.4  -31.1     65   0.95     38    6.1  347.3  351.1  347.5
  301.6   9741  -26.5  -31.2     65   0.94     39    6.1  347.4  351.1  347.6
  301.1   9753  -26.6  -31.2     65   0.95     40    6.1  347.5  351.2  347.7
  300.5   9766  -26.7  -31.3     65   0.93     41    6.1  347.5  351.2  347.7
  300.0   9779  -26.8  -31.5     64   0.92     43    6.0  347.5  351.2  347.7
  299.5   9790  -26.9  -31.6     64   0.91     43    6.0  347.6  351.2  347.8
  299.0   9803  -27.0  -31.8     64   0.90     44    6.0  347.6  351.1  347.8
  298.5   9815  -27.1  -31.9     64   0.89     44    6.0  347.6  351.1  347.8
  298.1   9826  -27.2  -31.9     64   0.89     45    5.9  347.6  351.1  347.8
  297.7   9835  -27.3  -31.9     64   0.89     45    5.9  347.6  351.1  347.8
  297.3   9844  -27.3  -31.9     65   0.89     44    5.9  347.6  351.2  347.8
  296.9   9853  -27.4  -31.9     66   0.90     44    5.8  347.6  351.2  347.8
  296.5   9863  -27.5  -31.9     66   0.90     43    5.8  347.7  351.2  347.8
  296.1   9874  -27.6  -31.9     67   0.90     42    5.8  347.7  351.2  347.9
  295.6   9885  -27.7  -32.0     67   0.89     41    5.8  347.7  351.2  347.9
  295.2   9895  -27.8  -32.1     66   0.88     39    5.9  347.7  351.2  347.9
  294.7   9906  -27.9  -32.3     66   0.87     38    5.9  347.7  351.2  347.9
  294.3   9916  -28.0  -32.4     66   0.86     37    6.0  347.7  351.2  347.9
  293.9   9926  -28.0  -32.4     66   0.86     35    6.1  347.8  351.2  348.0
  293.5   9936  -28.1  -32.3     67   0.87     34    6.2  347.8  351.2  348.0
  293.1   9947  -28.2  -32.3     68   0.87     33    6.3  347.8  351.2  348.0
  292.6   9957  -28.3  -32.5     67   0.85     32    6.5  347.8  351.2  348.0
  292.2   9968  -28.4  -32.7     66   0.84     31    6.6  347.8  351.2  348.0
  291.8   9978  -28.5  -32.8     66   0.83     30    6.8  347.9  351.2  348.0
  291.3   9990  -28.6  -32.8     67   0.83     30    6.9  347.9  351.2  348.1
  290.8  10003  -28.7  -33.0     66   0.82     29    7.0  347.9  351.2  348.1
  290.2  10016  -28.8  -33.1     66   0.81     29    7.2  348.0  351.2  348.2
  289.7  10029  -28.9  -33.3     66   0.80     29    7.2  348.0  351.2  348.2
  289.2  10041  -29.0  -33.3     66   0.80     29    7.3  348.1  351.2  348.2
  288.7  10054  -29.1  -33.3     67   0.80     29    7.3  348.1  351.3  348.3
  288.2  10066  -29.1  -33.5     66   0.79     29    7.4  348.2  351.3  348.3
  287.7  10078  -29.2  -33.6     66   0.78     29    7.3  348.2  351.3  348.4
  287.3  10090  -29.3  -33.8     65   0.77     30    7.3  348.2  351.3  348.4
  286.9  10100  -29.4  -33.9     65   0.76     30    7.2  348.2  351.3  348.4
  286.5  10110  -29.5  -33.9     66   0.76     31    7.1  348.2  351.3  348.4
  286.1  10119  -29.6  -33.9     66   0.76     32    7.1  348.2  351.3  348.4
  285.7  10130  -29.7  -34.0     66   0.75     32    7.0  348.3  351.3  348.4
  285.2  10142  -29.8  -34.1     66   0.75     33    6.9  348.3  351.3  348.5
  284.8  10152  -29.9  -34.3     65   0.74     34    6.8  348.3  351.3  348.5
  284.4  10161  -30.0  -34.4     65   0.73     34    6.7  348.3  351.2  348.5
  284.0  10171  -30.0  -34.3     66   0.74     35    6.7  348.3  351.3  348.5
  283.6  10181  -30.2  -34.1     68   0.75     35    6.7  348.3  351.3  348.5
  283.2  10192  -30.3  -34.1     69   0.76     36    6.6  348.3  351.3  348.5
  282.8  10203  -30.4  -34.3     68   0.74     36    6.6  348.3  351.3  348.5
  282.3  10214  -30.4  -34.5     67   0.73     36    6.6  348.3  351.3  348.5
  281.9  10225  -30.6  -34.6     68   0.73     36    6.6  348.3  351.2  348.5
  281.4  10236  -30.6  -34.6     68   0.73     36    6.7  348.4  351.3  348.5
  281.0  10247  -30.7  -34.6     69   0.73     36    6.7  348.4  351.3  348.5
  280.6  10257  -30.8  -34.6     69   0.72     35    6.7  348.4  351.3  348.6
  280.2  10268  -30.9  -34.6     70   0.72     35    6.8  348.4  351.3  348.6
  279.7  10279  -31.0  -34.7     70   0.72     35    6.8  348.5  351.3  348.6
  279.3  10289  -31.1  -34.9     69   0.71     34    6.9  348.5  351.3  348.6
  278.9  10301  -31.2  -35.0     69   0.70     34    7.0  348.5  351.3  348.6
  278.4  10312  -31.3  -35.1     69   0.70     33    7.0  348.5  351.3  348.6
  277.9  10325  -31.4  -35.1     70   0.70     33    7.1  348.5  351.3  348.6
  277.4  10339  -31.6  -35.1     71   0.70     33    7.2  348.5  351.3  348.6
  277.0  10350  -31.7  -35.2     71   0.69     32    7.2  348.5  351.2  348.6
  276.6  10360  -31.8  -35.2     72   0.70     32    7.3  348.5  351.3  348.6
  276.1  10371  -31.9  -35.0     74   0.71     31    7.3  348.5  351.3  348.6
  275.6  10384  -32.0  -35.0     74   0.71     31    7.4  348.5  351.3  348.6
  275.1  10397  -32.1  -35.2     74   0.70     31    7.4  348.5  351.3  348.6
  274.7  10408  -32.2  -35.4     73   0.69     30    7.5  348.5  351.2  348.6
  274.3  10418  -32.3  -35.4     74   0.68     30    7.5  348.5  351.2  348.6
  273.9  10429  -32.4  -35.4     75   0.69     30    7.6  348.5  351.3  348.6
  273.5  10438  -32.5  -35.5     75   0.68     30    7.6  348.5  351.3  348.7
  273.1  10448  -32.6  -35.4     76   0.69     30    7.6  348.5  351.3  348.7
  272.8  10458  -32.7  -35.5     76   0.68     30    7.7  348.5  351.2  348.6
  272.3  10468  -32.8  -35.6     76   0.68     30    7.7  348.5  351.3  348.7
  271.9  10481  -32.9  -35.5     77   0.68     30    7.7  348.5  351.3  348.7
  271.4  10493  -33.0  -35.7     77   0.67     30    7.8  348.5  351.2  348.7
  271.0  10504  -33.1  -35.9     76   0.66     30    7.8  348.5  351.2  348.7
  270.6  10514  -33.2  -36.0     76   0.65     31    7.9  348.5  351.2  348.7
  270.2  10524  -33.3  -36.2     75   0.65     31    7.9  348.6  351.2  348.7
  269.8  10535  -33.4  -36.2     76   0.65     31    8.0  348.6  351.2  348.7
  269.3  10548  -33.5  -36.3     76   0.64     31    8.1  348.6  351.2  348.8
  268.8  10561  -33.6  -36.4     76   0.63     32    8.1  348.7  351.2  348.8
  268.3  10573  -33.7  -36.7     75   0.62     32    8.2  348.7  351.2  348.8
  267.9  10585  -33.8  -36.8     74   0.61     32    8.2  348.7  351.1  348.8
  267.4  10597  -33.9  -36.8     75   0.61     32    8.2  348.7  351.2  348.9
  266.9  10609  -34.0  -36.8     76   0.61     32    8.3  348.8  351.2  348.9
  266.5  10621  -34.1  -36.8     77   0.62     31    8.2  348.7  351.2  348.9
  266.0  10634  -34.3  -36.7     78   0.62     31    8.2  348.8  351.3  348.9
  265.5  10646  -34.4  -36.8     79   0.62     31    8.2  348.8  351.3  348.9
  265.1  10658  -34.5  -36.8     79   0.62     31    8.1  348.8  351.3  348.9
  264.5  10673  -34.6  -36.9     80   0.61     31    8.0  348.8  351.3  348.9
  264.0  10687  -34.7  -37.1     79   0.60     31    8.0  348.8  351.3  349.0
  263.5  10700  -34.8  -37.4     78   0.59     31    7.9  348.9  351.2  349.0
  263.1  10711  -34.9  -37.5     77   0.58     31    7.8  348.9  351.2  349.0
  262.6  10722  -35.0  -37.4     79   0.59     32    7.8  348.9  351.3  349.0
  262.2  10734  -35.1  -37.5     79   0.58     32    7.7  348.9  351.3  349.0
  261.7  10747  -35.2  -37.8     77   0.57     32    7.7  349.0  351.3  349.1
  261.2  10759  -35.3  -38.1     75   0.55     32    7.6  349.0  351.2  349.1
  260.8  10771  -35.4  -38.5     73   0.53     32    7.6  349.0  351.2  349.1
  260.4  10783  -35.5  -38.6     73   0.52     32    7.5  349.1  351.2  349.2
  260.0  10794  -35.6  -38.8     72   0.51     32    7.4  349.1  351.2  349.2
  259.5  10805  -35.6  -39.0     71   0.50     32    7.4  349.2  351.2  349.3
  259.1  10817  -35.7  -39.2     71   0.50     32    7.3  349.2  351.2  349.3
  258.6  10830  -35.8  -39.2     71   0.49     32    7.1  349.2  351.3  349.3
  258.2  10842  -35.9  -39.4     70   0.49     32    7.0  349.3  351.3  349.4
  257.7  10854  -36.0  -39.6     70   0.48     31    6.8  349.4  351.3  349.5
  257.2  10867  -36.1  -39.6     70   0.48     31    6.7  349.4  351.4  349.5
  256.8  10879  -36.2  -39.7     70   0.47     31    6.5  349.4  351.4  349.5
  256.3  10891  -36.3  -39.8     69   0.47     31    6.4  349.5  351.4  349.6
  255.9  10904  -36.4  -39.9     70   0.46     30    6.2  349.5  351.4  349.6
  255.4  10917  -36.5  -40.0     70   0.46     30    6.1  349.5  351.4  349.6
  254.9  10931  -36.6  -40.1     70   0.46     29    5.9  349.6  351.5  349.7
  254.4  10944  -36.7  -40.3     69   0.45     29    5.8  349.7  351.5  349.8
  253.9  10957  -36.7  -40.3     69   0.45     29    5.7  349.8  351.6  349.8
  253.4  10970  -36.8  -40.4     69   0.45     28    5.6  349.8  351.7  349.9
  253.0  10982  -36.9  -40.7     68   0.43     28    5.6  349.9  351.7  350.0
  252.5  10995  -37.0  -40.8     68   0.43     28    5.5  350.0  351.8  350.1
  252.0  11008  -37.0  -40.8     68   0.43     27    5.5  350.0  351.8  350.1
  251.5  11022  -37.1  -40.9     68   0.43     27    5.4  350.1  351.9  350.2
  251.0  11036  -37.2  -40.9     69   0.43     27    5.4  350.2  352.0  350.3
  250.5  11050  -37.3  -40.9     69   0.43     26    5.4  350.2  352.0  350.3
  250.0  11065  -37.4  -41.3     67   0.41     26    5.4  350.2  352.0  350.3
  249.5  11078  -37.5  -41.5     66   0.40     26    5.4  350.3  352.0  350.4
  249.0  11092  -37.6  -41.5     67   0.40     26    5.4  350.4  352.1  350.5
  248.5  11105  -37.7  -41.6     67   0.40     25    5.4  350.4  352.1  350.5
  248.1  11117  -37.8  -41.6     68   0.40     25    5.5  350.4  352.1  350.5
  247.7  11129  -37.9  -41.8     67   0.40     24    5.5  350.4  352.1  350.5
  247.3  11140  -38.0  -41.9     67   0.39     24    5.6  350.5  352.1  350.6
  246.9  11151  -38.1  -42.0     67   0.39     23    5.7  350.5  352.1  350.6
  246.4  11164  -38.2  -42.0     67   0.39     22    5.8  350.6  352.2  350.7
  246.0  11177  -38.3  -42.3     66   0.38     21    6.0  350.6  352.2  350.7
  245.5  11190  -38.4  -42.6     65   0.37     20    6.2  350.6  352.2  350.7
  244.9  11205  -38.5  -42.7     65   0.36     19    6.4  350.7  352.2  350.8
  244.4  11221  -38.6  -42.7     65   0.36     18    6.7  350.7  352.2  350.8
  243.9  11236  -38.8  -42.9     65   0.36     18    7.0  350.7  352.2  350.8
  243.4  11248  -38.8  -43.1     64   0.35     17    7.3  350.8  352.3  350.9
  243.0  11260  -38.9  -43.2     64   0.35     17    7.6  350.9  352.3  350.9
  242.6  11272  -39.0  -43.0     66   0.36     16    7.9  350.9  352.4  350.9
  242.1  11285  -39.1  -42.6     69   0.37     16    8.2  351.0  352.6  351.1
  241.6  11299  -39.2  -42.5     70   0.37     16    8.5  351.1  352.7  351.2
  241.1  11312  -39.3  -42.7     70   0.37     17    8.8  351.1  352.7  351.2
  240.7  11324  -39.4  -42.9     69   0.36     17    9.1  351.2  352.7  351.2
  240.3  11336  -39.5  -43.0     69   0.36     17    9.3  351.2  352.7  351.3
  239.8  11350  -39.6  -42.9     70   0.36     17    9.5  351.3  352.8  351.3
  239.4  11363  -39.6  -42.8     71   0.36     18    9.7  351.3  352.9  351.4
  239.0  11374  -39.7  -42.9     71   0.36     18    9.8  351.4  352.9  351.5
  238.6  11386  -39.8  -43.0     71   0.36     18    9.9  351.4  352.9  351.5
  238.1  11399  -39.9  -43.1     71   0.36     18   10.0  351.5  353.0  351.6
  237.6  11414  -40.0  -43.2     71   0.35     18   10.1  351.6  353.1  351.7
  237.1  11427  -40.1  -43.4     70   0.35     18   10.1  351.6  353.1  351.7
  236.6  11441  -40.2  -43.5     70   0.34     17   10.1  351.7  353.1  351.8
  236.1  11458  -40.3  -43.5     71   0.35     17   10.2  351.7  353.2  351.8
  235.5  11474  -40.5  -43.7     71   0.34     16   10.2  351.7  353.1  351.8
  235.1  11487  -40.6  -43.9     70   0.33     15   10.3  351.7  353.1  351.8
  234.6  11500  -40.7  -44.1     69   0.32     14   10.4  351.8  353.1  351.8
  234.1  11515  -40.8  -44.1     70   0.32     13   10.5  351.8  353.2  351.9
  233.6  11529  -40.9  -44.1     72   0.33     12   10.6  351.8  353.2  351.9
  233.1  11543  -41.1  -44.1     72   0.33     12   10.7  351.8  353.2  351.9
  232.6  11557  -41.2  -44.2     73   0.32     11   10.9  351.8  353.2  351.9
  232.2  11570  -41.3  -44.3     73   0.32     10   11.1  351.8  353.2  351.9
  231.8  11582  -41.4  -44.4     73   0.32     10   11.2  351.8  353.2  351.9
  231.4  11594  -41.5  -44.6     72   0.31     10   11.4  351.9  353.2  351.9
  230.9  11608  -41.6  -44.7     72   0.31     10   11.5  351.9  353.2  352.0
  230.3  11625  -41.8  -45.0     71   0.30     10   11.6  352.0  353.3  352.1
  229.9  11638  -41.9  -45.2     70   0.29     10   11.7  352.0  353.2  352.1
  229.5  11648  -42.0  -45.5     69   0.29     10   11.8  352.0  353.2  352.1
  229.2  11660  -42.1  -45.9     66   0.27     10   11.8  352.0  353.1  352.0
  228.7  11674  -42.2  -46.4     64   0.26     10   11.8  352.0  353.1  352.1
  228.2  11688  -42.4  -46.6     63   0.25     10   11.8  352.0  353.1  352.1
  227.8  11700  -42.5  -46.7     63   0.25     10   11.8  352.0  353.1  352.0
  227.4  11712  -42.6  -46.6     65   0.26     10   11.8  352.0  353.1  352.1
  227.0  11725  -42.7  -46.5     66   0.26     10   11.8  352.0  353.1  352.1
  226.5  11737  -42.8  -46.4     68   0.26     10   11.8  352.0  353.2  352.1
  226.2  11748  -42.9  -46.5     67   0.26     10   11.8  352.0  353.1  352.1
  225.8  11759  -43.0  -46.8     66   0.25     10   11.8  352.1  353.1  352.1
  225.4  11771  -43.1  -47.3     63   0.24      9   11.8  352.1  353.1  352.2
  225.0  11783  -43.2  -47.6     61   0.23      9   11.8  352.2  353.2  352.2
  224.6  11795  -43.3  -47.7     62   0.23      9   11.9  352.2  353.2  352.2
  224.2  11807  -43.4  -47.7     62   0.23      9   11.9  352.2  353.2  352.3
  223.8  11818  -43.5  -47.8     62   0.23      8   12.0  352.2  353.2  352.3
  223.5  11829  -43.6  -47.8     63   0.23      8   12.0  352.2  353.2  352.3
  223.1  11841  -43.7  -47.8     64   0.23      8   12.1  352.2  353.2  352.3
  222.6  11855  -43.8  -47.9     64   0.23      8   12.1  352.3  353.3  352.3
  222.1  11870  -43.9  -48.0     64   0.22      8   12.1  352.3  353.3  352.3
  221.6  11885  -44.1  -48.2     64   0.22      9   12.1  352.3  353.3  352.4
  221.2  11899  -44.2  -48.4     63   0.21      9   12.1  352.3  353.2  352.4
  220.7  11912  -44.3  -48.6     62   0.21      9   12.1  352.4  353.3  352.4
  220.3  11925  -44.4  -48.7     63   0.21     10   12.1  352.4  353.3  352.4
  219.9  11938  -44.6  -48.6     64   0.21     10   12.1  352.3  353.2  352.4
  219.5  11950  -44.7  -48.7     64   0.21     11   12.0  352.4  353.3  352.4
  219.1  11960  -44.8  -48.9     63   0.20     11   12.0  352.4  353.3  352.4
  218.8  11972  -44.9  -49.1     62   0.20     12   11.9  352.4  353.2  352.4
  218.4  11984  -45.0  -49.2     63   0.20     12   11.9  352.4  353.3  352.4
  218.0  11995  -45.1  -49.1     64   0.20     13   11.8  352.4  353.3  352.4
  217.6  12007  -45.2  -49.0     65   0.20     14   11.7  352.4  353.3  352.5
  217.2  12018  -45.3  -49.1     65   0.20     14   11.7  352.5  353.3  352.5
  216.9  12030  -45.4  -49.3     65   0.20     15   11.6  352.5  353.3  352.5
  216.5  12042  -45.5  -49.4     65   0.20     15   11.5  352.5  353.3  352.5
  216.0  12055  -45.6  -49.5     65   0.19     15   11.5  352.5  353.3  352.5
  215.6  12069  -45.7  -49.7     64   0.19     16   11.4  352.5  353.3  352.6
  215.2  12082  -45.9  -49.9     63   0.19     16   11.4  352.5  353.3  352.5
  214.8  12093  -46.0  -50.1     63   0.18     16   11.3  352.5  353.3  352.6
  214.5  12104  -46.1  -50.2     63   0.18     16   11.3  352.5  353.3  352.5
  214.1  12115  -46.2  -50.2     64   0.18     16   11.3  352.5  353.3  352.6
  213.7  12127  -46.3  -50.1     65   0.18     16   11.3  352.6  353.3  352.6
  213.3  12139  -46.4  -50.2     66   0.18     16   11.3  352.5  353.3  352.6
  212.9  12152  -46.6  -50.2     66   0.18     16   11.3  352.5  353.3  352.6
  212.5  12163  -46.7  -50.3     66   0.18     16   11.3  352.5  353.3  352.6
  212.1  12176  -46.8  -50.4     66   0.18     16   11.4  352.6  353.3  352.6
  211.7  12191  -46.9  -50.4     68   0.18     16   11.4  352.5  353.3  352.6
  211.3  12204  -47.0  -50.3     69   0.18     15   11.4  352.5  353.3  352.6
  210.9  12214  -47.2  -50.2     71   0.18     15   11.3  352.5  353.3  352.6
  210.7  12223  -47.3  -50.3     71   0.18     15   11.3  352.5  353.3  352.5
  210.3  12234  -47.4  -50.4     71   0.18     15   11.3  352.5  353.3  352.6
  209.9  12246  -47.5  -50.4     71   0.18     14   11.2  352.6  353.3  352.6
  209.5  12259  -47.6  -50.5     71   0.18     14   11.2  352.6  353.3  352.6
  209.1  12271  -47.7  -50.6     72   0.18     14   11.1  352.6  353.3  352.6
  208.7  12283  -47.8  -50.7     72   0.18     14   11.1  352.6  353.3  352.6
  208.3  12296  -47.9  -50.8     72   0.17     14   11.1  352.6  353.3  352.6
  207.9  12310  -48.1  -51.0     72   0.17     14   11.1  352.5  353.3  352.6
  207.4  12324  -48.2  -51.1     72   0.17     14   11.1  352.6  353.3  352.6
  207.0  12338  -48.4  -51.3     72   0.16     15   11.2  352.5  353.2  352.6
  206.6  12351  -48.5  -51.6     70   0.16     15   11.2  352.5  353.2  352.6
  206.2  12362  -48.6  -52.0     67   0.15     16   11.3  352.6  353.2  352.6
  205.9  12374  -48.7  -52.4     65   0.15     17   11.4  352.6  353.2  352.6
  205.4  12388  -48.8  -52.6     65   0.14     18   11.5  352.6  353.2  352.7
  205.0  12403  -48.9  -52.6     65   0.14     19   11.6  352.6  353.2  352.6
  204.4  12420  -49.1  -52.8     65   0.14     20   11.7  352.7  353.3  352.7
  203.9  12436  -49.2  -52.9     65   0.14     20   11.7  352.7  353.3  352.7
  203.5  12449  -49.4  -53.1     65   0.14     21   11.7  352.7  353.3  352.7
  203.2  12460  -49.5  -53.3     64   0.13     22   11.7  352.7  353.3  352.7
  202.8  12474  -49.6  -53.5     63   0.13     22   11.6  352.7  353.3  352.7
  202.3  12489  -49.7  -53.7     63   0.13     23   11.5  352.7  353.3  352.7
  201.8  12505  -49.9  -53.9     62   0.12     23   11.4  352.7  353.3  352.8
  201.3  12521  -50.0  -54.2     61   0.12     23   11.2  352.8  353.3  352.8
  200.7  12540  -50.1  -54.3     61   0.12     24   11.1  352.9  353.4  352.9
  200.2  12556  -50.2  -54.4     61   0.12     24   11.0  352.9  353.5  353.0
  200.0  12564  -50.3  -54.3     63   0.12     24   11.0  352.9  353.5  352.9
  199.9  12568  -50.4  -54.2     63   0.12     24   10.9  352.9  353.4  352.9
  199.5  12581  -50.5  -54.1     66   0.12     25   10.8  352.9  353.5  352.9
  199.1  12594  -50.6  -54.0     68   0.12     25   10.8  352.9  353.4  352.9
  198.7  12605  -50.8  -53.9     69   0.13     25   10.8  352.9  353.4  352.9
  198.4  12617  -50.9  -54.1     68   0.12     25   10.8  352.9  353.4  352.9
  198.0  12628  -51.0  -54.4     67   0.12     25   10.8  352.9  353.4  352.9
  197.7  12639  -51.1  -54.6     66   0.12     25   10.9  352.9  353.4  352.9
  197.4  12650  -51.2  -54.8     65   0.11     25   10.9  352.9  353.4  352.9
  197.0  12662  -51.3  -55.0     64   0.11     26   10.9  352.9  353.4  352.9
  196.6  12675  -51.4  -55.2     64   0.11     26   10.9  353.0  353.4  353.0
  196.2  12688  -51.5  -55.3     63   0.11     26   10.9  353.0  353.5  353.1
  195.8  12702  -51.6  -55.6     62   0.10     26   10.9  353.0  353.5  353.1
  195.4  12716  -51.7  -55.8     62   0.10     26   10.8  353.0  353.5  353.0
  195.0  12728  -51.9  -55.8     62   0.10     27   10.7  353.0  353.5  353.0
  194.6  12742  -52.0  -55.8     63   0.10     27   10.6  353.0  353.5  353.0
  194.1  12757  -52.1  -55.9     64   0.10     27   10.5  353.1  353.5  353.1
  193.7  12772  -52.3  -55.9     65   0.10     28   10.4  353.0  353.5  353.1
  193.2  12787  -52.4  -55.8     67   0.10     28   10.3  353.1  353.5  353.1
  192.8  12801  -52.5  -55.8     68   0.10     29   10.2  353.1  353.6  353.2
  192.4  12815  -52.6  -55.7     69   0.10     29   10.1  353.2  353.6  353.2
  192.0  12828  -52.7  -55.7     70   0.11     30   10.0  353.2  353.7  353.2
  191.7  12839  -52.8  -55.7     71   0.11     30    9.9  353.2  353.7  353.2
  191.3  12852  -52.9  -55.7     72   0.11     31    9.9  353.2  353.7  353.2
  190.9  12864  -53.1  -55.6     73   0.11     31    9.9  353.2  353.7  353.3
  190.6  12876  -53.2  -55.6     74   0.11     32    9.8  353.2  353.7  353.2
  190.2  12891  -53.3  -55.7     75   0.11     32    9.8  353.2  353.7  353.2
  189.7  12904  -53.4  -55.8     75   0.11     33    9.8  353.3  353.8  353.3
  189.4  12917  -53.5  -55.9     75   0.10     33    9.7  353.3  353.8  353.3
  189.0  12931  -53.6  -56.1     74   0.10     34    9.7  353.3  353.8  353.4
  188.6  12945  -53.8  -56.3     74   0.10     35    9.7  353.3  353.8  353.4
  188.1  12959  -53.9  -56.5     73   0.10     35    9.6  353.4  353.8  353.4
  187.7  12973  -54.0  -56.7     72   0.10     35    9.6  353.4  353.8  353.4
  187.4  12986  -54.1  -56.9     71   0.09     36    9.5  353.4  353.8  353.4
  186.9  13000  -54.3  -57.2     70   0.09     36    9.5  353.5  353.9  353.5
  186.5  13014  -54.4  -57.4     69   0.09     36    9.5  353.5  353.9  353.5
  186.1  13029  -54.5  -57.6     68   0.09     36    9.5  353.5  353.9  353.5
  185.7  13044  -54.6  -57.8     68   0.08     35    9.4  353.5  353.9  353.5
  185.2  13059  -54.8  -58.0     67   0.08     35    9.4  353.5  353.9  353.5
  184.8  13073  -54.9  -58.1     67   0.08     35    9.4  353.5  353.9  353.5
  184.4  13087  -55.0  -58.2     67   0.08     35    9.4  353.5  353.9  353.6
  184.0  13101  -55.2  -58.4     67   0.08     34    9.4  353.5  353.9  353.6
  183.6  13115  -55.3  -58.5     67   0.08     34    9.3  353.6  353.9  353.6
  183.1  13132  -55.5  -58.7     67   0.08     34    9.3  353.6  353.9  353.6
  182.6  13149  -55.6  -58.8     68   0.08     33    9.2  353.6  354.0  353.6
  182.3  13162  -55.7  -58.8     68   0.07     33    9.1  353.6  353.9  353.6
  182.0  13173  -55.8  -58.9     68   0.07     33    9.0  353.6  353.9  353.6
  181.6  13185  -56.0  -59.0     68   0.07     32    8.9  353.6  353.9  353.6
  181.1  13201  -56.1  -59.2     68   0.07     32    8.7  353.7  354.0  353.7
  180.6  13219  -56.2  -59.3     68   0.07     32    8.6  353.7  354.0  353.7
  180.2  13235  -56.4  -59.4     69   0.07     32    8.5  353.7  354.0  353.7
  179.8  13248  -56.5  -59.5     69   0.07     32    8.3  353.7  354.0  353.7
  179.5  13259  -56.6  -59.5     70   0.07     32    8.2  353.7  354.0  353.7
  179.1  13272  -56.7  -59.6     70   0.07     32    8.1  353.7  354.0  353.7
  178.7  13286  -56.9  -59.8     69   0.07     32    8.0  353.7  354.0  353.7
  178.3  13301  -57.0  -60.0     69   0.07     32    7.9  353.7  354.0  353.7
  177.8  13318  -57.2  -60.3     68   0.06     33    7.8  353.7  354.0  353.7
  177.3  13335  -57.4  -60.5     67   0.06     33    7.7  353.7  354.0  353.7
  176.8  13353  -57.5  -60.9     65   0.06     33    7.6  353.7  354.0  353.7
  176.4  13370  -57.7  -61.3     64   0.06     34    7.6  353.7  354.0  353.7
  175.9  13386  -57.8  -61.5     63   0.06     34    7.5  353.7  354.0  353.8
  175.5  13402  -58.0  -61.8     62   0.05     34    7.5  353.7  354.0  353.7
  175.0  13419  -58.2  -62.0     62   0.05     34    7.5  353.7  354.0  353.7
  174.6  13434  -58.3  -62.0     62   0.05     33    7.5  353.7  354.0  353.7
  174.2  13449  -58.4  -62.1     62   0.05     33    7.6  353.7  354.0  353.7
  173.8  13464  -58.6  -62.2     63   0.05     33    7.7  353.7  354.0  353.7
  173.3  13480  -58.7  -62.1     65   0.05     33    7.7  353.8  354.0  353.8
  172.8  13497  -58.9  -62.1     66   0.05     32    7.8  353.8  354.0  353.8
  172.3  13516  -59.1  -62.1     68   0.05     32    7.9  353.8  354.0  353.8
  171.9  13532  -59.2  -62.2     69   0.05     32    8.0  353.8  354.0  353.8
  171.5  13547  -59.4  -62.2     69   0.05     32    8.1  353.7  354.0  353.8
  171.0  13563  -59.5  -62.4     69   0.05     32    8.2  353.8  354.0  353.8
  170.6  13579  -59.7  -62.6     69   0.05     33    8.2  353.8  354.0  353.8
  170.2  13594  -59.8  -62.8     68   0.05     33    8.2  353.8  354.0  353.8
  169.8  13608  -59.9  -63.0     67   0.05     33    8.2  353.8  354.1  353.8
  169.5  13620  -60.0  -63.2     66   0.05     33    8.2  353.9  354.1  353.9
  169.2  13632  -60.1  -63.3     66   0.05     33    8.1  353.9  354.1  353.9
  168.8  13647  -60.3  -63.4     66   0.04     32    8.0  353.9  354.1  353.9
  168.3  13663  -60.4  -63.5     67   0.04     32    8.0  353.9  354.1  353.9
  167.9  13678  -60.6  -63.5     69   0.04     31    7.9  353.9  354.1  353.9
  167.6  13691  -60.7  -63.5     70   0.04     30    7.9  353.9  354.1  353.9
  167.2  13706  -60.8  -63.5     71   0.04     28    7.8  353.9  354.1  353.9
  166.7  13722  -61.0  -63.5     72   0.04     27    7.9  354.0  354.2  354.0
  166.3  13739  -61.1  -63.6     73   0.04     25    8.0  353.9  354.2  354.0
  165.8  13755  -61.3  -63.6     74   0.04     23    8.1  354.0  354.2  354.0
  165.5  13769  -61.4  -63.6     75   0.04     22    8.2  354.0  354.2  354.0
  165.1  13782  -61.5  -63.6     76   0.04     20    8.4  354.0  354.2  354.0
  164.8  13796  -61.7  -63.7     76   0.04     19    8.6  354.0  354.2  354.0
  164.4  13808  -61.8  -63.8     76   0.04     18    8.8  354.0  354.2  354.0
  164.1  13820  -61.9  -64.0     76   0.04     17    9.0  354.1  354.3  354.1
  163.8  13833  -62.0  -64.2     75   0.04     16    9.2  354.0  354.2  354.0
  163.3  13850  -62.1  -64.3     75   0.04     15    9.3  354.2  354.4  354.2
  162.9  13865  -62.3  -64.5     74   0.04     15    9.5  354.2  354.4  354.2
  162.6  13879  -62.4  -64.7     74   0.04     15    9.5  354.1  354.3  354.1
  162.2  13893  -62.6  -64.9     73   0.04     15    9.6  354.1  354.3  354.1
  161.8  13907  -62.7  -65.2     72   0.04     15    9.6  354.2  354.3  354.2
  161.4  13922  -62.8  -65.4     70   0.04     15    9.6  354.2  354.4  354.2
  161.0  13937  -62.9  -65.7     68   0.03     15    9.6  354.3  354.4  354.3
  160.7  13951  -63.0  -66.0     67   0.03     15    9.5  354.2  354.4  354.2
  160.3  13966  -63.2  -66.3     66   0.03     15    9.4  354.2  354.4  354.2
  159.9  13982  -63.3  -66.5     65   0.03     15    9.4  354.2  354.4  354.2
  159.5  13997  -63.5  -66.7     65   0.03     15    9.3  354.3  354.4  354.3
  159.1  14011  -63.6  -66.8     65   0.03     16    9.3  354.3  354.4  354.3
  158.7  14025  -63.8  -66.9     65   0.03     16    9.2  354.3  354.4  354.3
  158.4  14040  -63.9  -67.1     65   0.03     16    9.2  354.2  354.4  354.3
  158.0  14054  -64.0  -67.2     65   0.03     16    9.1  354.3  354.4  354.3
  157.6  14068  -64.2  -67.4     64   0.03     16    9.1  354.3  354.4  354.3
  157.2  14083  -64.3  -67.6     64   0.03     16    9.1  354.3  354.4  354.3
  156.9  14098  -64.5  -67.8     63   0.03     16    9.1  354.3  354.4  354.3
  156.5  14111  -64.6  -68.1     62   0.03     16    9.1  354.3  354.4  354.3
  156.2  14125  -64.7  -68.3     61   0.02     16    9.1  354.3  354.4  354.3
  155.8  14139  -64.9  -68.6     60   0.02     16    9.1  354.3  354.4  354.3
  155.5  14152  -65.0  -68.8     59   0.02     16    9.2  354.3  354.4  354.3
  155.1  14167  -65.1  -69.1     58   0.02     16    9.2  354.3  354.4  354.3
  154.7  14182  -65.3  -69.4     57   0.02     16    9.3  354.3  354.4  354.3
  154.3  14198  -65.4  -69.6     56   0.02     16    9.4  354.4  354.5  354.4
  153.9  14213  -65.5  -69.8     55   0.02     16    9.5  354.4  354.5  354.4
  153.5  14228  -65.6  -70.0     54   0.02     15    9.6  354.5  354.6  354.5
  153.2  14243  -65.8  -70.2     54   0.02     15    9.8  354.4  354.5  354.4
  152.8  14258  -65.9  -70.3     54   0.02     15    9.9  354.5  354.6  354.5
  152.4  14272  -66.0  -70.4     54   0.02     15   10.1  354.6  354.7  354.6
  152.1  14287  -66.1  -70.5     54   0.02     15   10.2  354.5  354.6  354.5
  151.7  14302  -66.3  -70.6     54   0.02     15   10.4  354.6  354.6  354.6
  151.3  14315  -66.4  -70.7     55   0.02     15   10.5  354.6  354.7  354.6
  151.0  14329  -66.6  -70.8     55   0.02     15   10.6  354.5  354.6  354.5
  150.6  14344  -66.7  -70.8     56   0.02     15   10.7  354.6  354.7  354.6
  150.3  14359  -66.8  -70.9     56   0.02     15   10.8  354.5  354.6  354.6
  150.0  14369  -66.9  -71.0     57   0.02     15   10.8  354.6  354.7  354.6
  149.9  14374  -67.0  -71.0     57   0.02     15   10.9  354.6  354.7  354.6
  149.5  14388  -67.1  -71.1     57   0.02     16   11.0  354.6  354.7  354.6
  149.1  14404  -67.2  -71.1     57   0.02     16   11.0  354.7  354.8  354.7
  148.8  14420  -67.3  -71.2     58   0.02     16   11.1  354.8  354.8  354.8
  148.4  14434  -67.4  -71.2     59   0.02     16   11.1  354.9  354.9  354.9
  148.1  14447  -67.5  -71.2     59   0.02     17   11.2  354.9  355.0  354.9
  147.7  14462  -67.6  -71.4     59   0.02     17   11.2  355.0  355.1  355.0
  147.4  14476  -67.7  -71.5     58   0.02     17   11.3  355.0  355.1  355.0
  147.0  14491  -67.8  -71.7     57   0.02     18   11.3  355.1  355.1  355.1
  146.6  14506  -68.0  -71.9     57   0.02     18   11.4  355.1  355.2  355.1
  146.3  14521  -68.1  -72.2     56   0.02     18   11.5  355.2  355.2  355.2
  145.9  14535  -68.2  -72.4     55   0.01     18   11.5  355.2  355.3  355.2
  145.6  14549  -68.3  -72.5     54   0.01     19   11.6  355.3  355.4  355.3
  145.3  14562  -68.4  -72.7     54   0.01     19   11.6  355.3  355.4  355.3
  144.9  14576  -68.5  -72.9     53   0.01     19   11.7  355.4  355.4  355.4
  144.6  14591  -68.6  -73.1     52   0.01     19   11.8  355.4  355.4  355.4
  144.2  14606  -68.8  -73.3     52   0.01     19   11.8  355.4  355.5  355.4
  143.9  14620  -68.9  -73.5     51   0.01     20   11.9  355.4  355.5  355.4
  143.5  14634  -69.0  -73.7     51   0.01     20   11.9  355.4  355.5  355.4
  143.2  14649  -69.2  -73.9     50   0.01     21   12.0  355.4  355.5  355.4
  142.8  14665  -69.3  -74.0     50   0.01     21   12.0  355.4  355.5  355.4
  142.5  14678  -69.4  -74.1     50   0.01     22   12.1  355.5  355.5  355.5
  142.2  14689  -69.5  -74.2     50   0.01     23   12.1  355.6  355.7  355.6
  141.9  14701  -69.5  -74.2     50   0.01     23   12.2  355.8  355.8  355.8
  141.6  14713  -69.6  -74.3     50   0.01     24   12.3  355.9  355.9  355.9
  141.3  14727  -69.6  -74.5     49   0.01     25   12.3  355.9  356.0  355.9
  141.0  14741  -69.8  -74.6     49   0.01     26   12.4  356.0  356.0  356.0
  140.7  14753  -69.9  -74.7     49   0.01     27   12.4  356.0  356.0  356.0
  140.4  14765  -70.0  -74.8     49   0.01     27   12.5  356.1  356.1  356.1
  140.1  14779  -70.0  -74.9     49   0.01     28   12.6  356.1  356.2  356.1
  139.8  14793  -70.1  -75.0     49   0.01     29   12.6  356.2  356.3  356.2
  139.4  14808  -70.2  -75.0     49   0.01     29   12.7  356.4  356.4  356.4
  139.0  14824  -70.3  -75.1     49   0.01     30   12.7  356.4  356.5  356.4
  138.7  14838  -70.4  -75.1     50   0.01     30   12.8  356.4  356.5  356.5
  138.4  14851  -70.5  -75.1     51   0.01     31   12.8  356.5  356.6  356.5
  138.1  14864  -70.6  -75.2     51   0.01     31   12.8  356.6  356.6  356.6
  137.8  14878  -70.7  -75.2     52   0.01     31   12.9  356.6  356.6  356.6
  137.4  14893  -70.9  -75.3     52   0.01     31   12.9  356.7  356.7  356.7
  137.1  14906  -71.0  -75.4     51   0.01     31   12.9  356.7  356.8  356.7
  136.8  14919  -71.1  -75.6     51   0.01     31   12.9  356.8  356.8  356.8
  136.6  14930  -71.2  -75.7     51   0.01     32   13.0  356.7  356.8  356.7
  136.3  14942  -71.2  -75.9     50   0.01     32   13.0  356.9  356.9  356.9
  136.0  14955  -71.2  -76.0     49   0.01     32   13.1  357.1  357.2  357.1
  135.7  14969  -71.0  -75.9     48   0.01     32   13.1  357.7  357.8  357.7
  135.3  14984  -70.8  -75.8     48   0.01     33   13.3  358.3  358.3  358.3
  135.0  14998  -70.9  -75.9     48   0.01     33   13.4  358.4  358.4  358.4
  134.7  15011  -70.9  -75.9     47   0.01     34   13.6  358.6  358.6  358.6
  134.4  15026  -70.9  -76.0     47   0.01     34   13.8  358.8  358.9  358.8
  134.0  15040  -71.0  -76.1     47   0.01     35   14.1  359.1  359.1  359.1
  133.7  15053  -70.9  -76.1     46   0.01     36   14.4  359.3  359.4  359.3
  133.5  15065  -70.9  -76.3     45   0.01     36   14.6  359.5  359.5  359.5
  133.2  15077  -70.9  -76.4     44   0.01     37   15.0  359.7  359.8  359.7
  132.9  15090  -70.9  -76.6     43   0.01     38   15.3  360.0  360.1  360.0
  132.6  15105  -70.7  -76.7     41   0.01     39   15.6  360.5  360.6  360.5
  132.2  15121  -70.3  -76.5     40   0.01     39   15.9  361.6  361.6  361.6
  131.9  15138  -69.8  -76.2     39   0.01     40   16.2  362.7  362.7  362.7
  131.5  15153  -69.7  -76.2     38   0.01     41   16.5  363.3  363.4  363.3
  131.2  15167  -69.7  -76.2     38   0.01     41   16.7  363.5  363.6  363.6
  130.9  15180  -69.7  -76.3     38   0.01     42   16.9  363.7  363.7  363.7
  130.6  15193  -69.7  -76.4     37   0.01     43   17.0  363.9  363.9  363.9
  130.3  15207  -69.8  -76.6     37   0.01     43   17.2  364.0  364.0  364.0
  130.0  15223  -69.9  -76.7     37   0.01     44   17.3  364.1  364.1  364.1
  129.7  15238  -70.0  -76.8     36   0.01     45   17.3  364.2  364.2  364.2
  129.3  15254  -70.1  -76.8     37   0.01     46   17.4  364.3  364.4  364.3
  129.0  15270  -70.2  -76.8     37   0.01     46   17.4  364.4  364.4  364.4
  128.6  15286  -70.3  -76.9     38   0.01     47   17.4  364.5  364.5  364.5
  128.3  15300  -70.4  -76.9     38   0.01     48   17.4  364.5  364.6  364.5
  128.1  15311  -70.5  -76.9     39   0.01     48   17.5  364.5  364.6  364.5
  127.8  15323  -70.6  -76.9     39   0.01     49   17.5  364.5  364.6  364.5
  127.5  15339  -70.7  -77.0     39   0.01     50   17.5  364.6  364.6  364.6
  127.1  15355  -70.8  -77.0     40   0.01     51   17.6  364.8  364.8  364.8
  126.8  15369  -70.9  -77.0     40   0.01     51   17.6  364.8  364.8  364.8
  126.6  15381  -71.0  -77.1     40   0.01     52   17.7  364.8  364.8  364.8
  126.3  15395  -71.2  -77.2     40   0.01     53   17.7  364.8  364.8  364.8
  126.0  15409  -71.3  -77.3     41   0.01     53   17.8  364.8  364.8  364.8
  125.7  15421  -71.4  -77.4     41   0.01     54   17.8  364.8  364.8  364.8
  125.5  15433  -71.5  -77.5     41   0.01     54   17.9  364.8  364.8  364.8
  125.2  15445  -71.7  -77.6     41   0.01     55   17.9  364.8  364.8  364.8
  124.9  15458  -71.8  -77.6     41   0.01     55   17.8  364.8  364.9  364.8
  124.7  15471  -71.9  -77.7     42   0.01     56   17.8  364.8  364.9  364.8
  124.4  15484  -72.0  -77.8     42   0.01     56   17.7  364.9  364.9  364.9
  124.1  15498  -72.1  -77.9     42   0.01     57   17.7  364.9  364.9  364.9
  123.8  15511  -72.2  -78.0     42   0.01     57   17.5  365.0  365.0  365.0
  123.6  15522  -72.3  -78.0     42   0.01     58   17.4  365.1  365.1  365.1
  123.3  15533  -72.3  -78.1     42   0.01     58   17.3  365.3  365.3  365.3
  123.0  15547  -72.4  -78.2     42   0.01     59   17.2  365.3  365.4  365.3
  122.7  15563  -72.5  -78.3     41   0.01     60   17.1  365.4  365.4  365.4
  122.4  15578  -72.6  -78.4     41   0.01     60   17.0  365.5  365.5  365.5
  122.2  15590  -72.7  -78.5     41   0.01     60   16.9  365.5  365.5  365.5
  121.9  15600  -72.8  -78.5     41   0.01     61   16.8  365.6  365.6  365.6
  121.7  15610  -72.8  -78.6     41   0.01     61   16.7  365.7  365.7  365.7
  121.5  15620  -72.9  -78.7     41   0.01     61   16.7  365.7  365.8  365.7
  121.3  15630  -72.8  -78.8     40   0.01     61   16.6  366.0  366.0  366.0
  121.1  15639  -72.8  -78.8     40   0.01     61   16.5  366.2  366.2  366.2
  120.9  15651  -72.8  -78.9     40   0.01     61   16.5  366.3  366.3  366.3
  120.6  15663  -72.9  -78.9     40   0.01     61   16.4  366.4  366.5  366.4
  120.4  15674  -73.0  -79.0     40   0.01     61   16.3  366.5  366.5  366.5
  120.2  15685  -73.0  -79.0     40   0.01     61   16.2  366.5  366.6  366.6
  120.0  15695  -73.1  -79.0     40   0.01     62   16.1  366.6  366.6  366.6
  119.8  15706  -73.2  -79.1     41   0.01     62   16.0  366.6  366.6  366.6
  119.5  15716  -73.3  -79.1     41   0.01     62   15.9  366.8  366.8  366.8
  119.3  15728  -73.3  -79.1     41   0.01     63   15.8  366.8  366.9  366.8
  119.1  15740  -73.4  -79.2     41   0.01     64   15.7  366.9  367.0  366.9
  118.9  15750  -73.4  -79.2     41   0.01     65   15.6  367.0  367.1  367.0
  118.7  15760  -73.5  -79.2     41   0.01     66   15.5  367.1  367.1  367.1
  118.4  15772  -73.5  -79.2     41   0.01     68   15.4  367.3  367.4  367.3
  118.1  15785  -73.4  -79.2     41   0.01     70   15.3  367.7  367.7  367.7
  117.9  15798  -73.5  -79.3     41   0.01     71   15.2  367.7  367.8  367.8
  117.6  15814  -73.6  -79.4     41   0.01     73   15.1  367.9  367.9  367.9
  117.3  15829  -73.4  -79.3     40   0.01     75   15.1  368.4  368.5  368.4
  117.0  15841  -73.1  -79.0     40   0.01     76   15.0  369.3  369.3  369.3
  116.8  15852  -72.9  -78.8     40   0.01     78   15.0  369.9  369.9  369.9
  116.6  15864  -72.8  -78.8     40   0.01     80   15.0  370.2  370.2  370.2
  116.3  15876  -72.8  -78.8     40   0.01     81   15.0  370.4  370.5  370.4
  116.1  15887  -72.8  -78.8     40   0.01     82   14.9  370.7  370.7  370.7
  115.9  15898  -72.8  -78.8     40   0.01     83   14.9  370.9  370.9  370.9
  115.7  15907  -72.8  -78.9     39   0.01     84   14.9  371.0  371.0  371.0
  115.5  15916  -72.8  -79.0     39   0.01     85   14.8  371.2  371.2  371.2
  115.3  15927  -72.9  -79.0     39   0.01     85   14.8  371.2  371.3  371.2
  115.1  15937  -72.9  -79.1     39   0.01     86   14.8  371.3  371.3  371.3
  114.9  15947  -73.0  -79.1     40   0.01     86   14.7  371.4  371.4  371.4
  114.7  15958  -73.1  -79.1     40   0.01     86   14.7  371.4  371.4  371.4
  114.5  15969  -73.1  -79.0     40   0.01     86   14.6  371.5  371.6  371.5
  114.3  15980  -73.1  -79.0     41   0.01     86   14.5  371.7  371.7  371.7
  114.1  15991  -73.2  -79.1     41   0.01     86   14.4  371.8  371.8  371.8
  113.9  16002  -73.3  -79.1     41   0.01     86   14.4  371.8  371.9  371.8
  113.7  16012  -73.3  -79.2     40   0.01     86   14.3  371.9  371.9  371.9
  113.5  16021  -73.4  -79.3     40   0.01     86   14.2  372.0  372.0  372.0
  113.3  16032  -73.4  -79.4     39   0.01     86   14.1  372.2  372.2  372.2
  113.1  16043  -73.4  -79.5     39   0.01     85   13.9  372.4  372.4  372.4
  112.9  16053  -73.4  -79.6     38   0.01     85   13.8  372.5  372.5  372.5
  112.7  16063  -73.5  -79.8     38   0.01     85   13.7  372.5  372.6  372.5
  112.5  16073  -73.5  -79.9     37   0.01     84   13.6  372.6  372.7  372.6
  112.3  16083  -73.6  -80.0     37   0.01     84   13.5  372.7  372.7  372.7
  112.1  16094  -73.6  -80.1     36   0.01     83   13.4  372.8  372.9  372.8
  111.9  16105  -73.5  -80.1     36   0.01     83   13.4  373.2  373.2  373.2
  111.7  16116  -73.5  -80.2     36   0.01     83   13.3  373.4  373.4  373.4
  111.4  16127  -73.6  -80.3     35   0.01     83   13.3  373.6  373.7  373.6
  111.2  16139  -73.6  -80.3     35   0.01     83   13.3  373.8  373.8  373.8
  111.0  16152  -73.6  -80.4     35   0.01     83   13.3  373.9  374.0  373.9
  110.7  16164  -73.6  -80.4     35   0.01     83   13.2  374.2  374.3  374.2
  110.5  16174  -73.6  -80.6     34   0.01     84   13.2  374.4  374.4  374.4
  110.3  16186  -73.6  -80.7     34   0.01     84   13.2  374.6  374.6  374.6
  110.1  16200  -73.7  -80.8     33   0.01     85   13.1  374.6  374.6  374.6
  109.8  16214  -73.8  -81.0     33   0.01     86   13.0  374.6  374.7  374.6
  109.6  16227  -74.0  -81.1     33   0.01     86   12.9  374.6  374.6  374.6
  109.3  16240  -74.0  -81.2     33   0.01     87   12.8  374.8  374.8  374.8
  109.0  16254  -74.1  -81.2     33   0.01     87   12.7  375.0  375.0  375.0
  108.8  16268  -74.2  -81.2     33   0.01     88   12.5  375.0  375.0  375.0
  108.5  16282  -74.3  -81.3     33   0.00     88   12.4  375.1  375.1  375.1
  108.3  16294  -74.4  -81.4     34   0.00     87   12.2  375.1  375.1  375.1
  108.1  16306  -74.5  -81.5     33   0.00     87   12.0  375.0  375.0  375.0
  107.8  16319  -74.6  -81.6     33   0.00     86   11.8  375.1  375.2  375.1
  107.6  16332  -74.7  -81.8     33   0.00     85   11.7  375.2  375.2  375.2
  107.3  16345  -74.8  -82.0     32   0.00     84   11.5  375.3  375.3  375.3
  107.1  16358  -74.8  -82.1     31   0.00     83   11.4  375.5  375.5  375.5
  106.9  16369  -74.8  -82.3     31   0.00     81   11.3  375.7  375.7  375.7
  106.7  16382  -74.8  -82.3     30   0.00     79   11.2  376.0  376.0  376.0
  106.5  16393  -74.8  -82.4     30   0.00     77   11.2  376.2  376.2  376.2
  106.3  16405  -74.8  -82.4     30   0.00     76   11.2  376.4  376.4  376.4
  106.0  16418  -74.8  -82.5     29   0.00     74   11.2  376.7  376.7  376.7
  105.8  16431  -74.8  -82.5     29   0.00     72   11.3  376.9  376.9  376.9
  105.6  16443  -74.7  -82.6     29   0.00     71   11.3  377.1  377.2  377.1
  105.3  16456  -74.5  -82.5     28   0.00     70   11.5  378.0  378.0  378.0
  105.1  16469  -74.2  -82.4     28   0.00     69   11.6  378.6  378.7  378.6
  104.9  16482  -74.2  -82.5     27   0.00     68   11.8  378.9  378.9  378.9
  104.6  16494  -74.1  -82.6     26   0.00     67   12.0  379.3  379.4  379.3
  104.4  16507  -74.1  -82.7     26   0.00     67   12.3  379.6  379.6  379.6
  104.2  16519  -74.2  -82.8     25   0.00     67   12.6  379.7  379.7  379.7
  104.0  16530  -74.2  -82.9     25   0.00     66   12.9  379.8  379.8  379.8
  103.8  16541  -74.2  -83.0     25   0.00     66   13.3  380.0  380.0  380.0
  103.6  16553  -74.3  -83.1     25   0.00     66   13.6  380.1  380.2  380.1
  103.3  16566  -74.3  -83.1     25   0.00     66   14.0  380.3  380.4  380.3
  103.1  16581  -74.4  -83.1     25   0.00     66   14.4  380.5  380.5  380.5
  102.8  16595  -74.4  -83.1     25   0.00     66   14.8  380.6  380.7  380.6
  102.6  16607  -74.5  -83.2     25   0.00     66   15.2  380.7  380.7  380.7
  102.4  16618  -74.6  -83.2     26   0.00     66   15.6  380.8  380.8  380.8
  102.3  16628  -74.6  -83.2     26   0.00     66   16.1  380.8  380.8  380.8
  102.1  16639  -74.7  -83.2     26   0.00     66   16.5  381.0  381.0  381.0
  101.9  16649  -74.7  -83.3     26   0.00     66   16.9  381.0  381.0  381.0
  101.7  16660  -74.8  -83.4     25   0.00     66   17.3  381.1  381.2  381.1
  101.5  16672  -74.8  -83.4     25   0.00     66   17.7  381.3  381.3  381.3
  101.3  16685  -74.9  -83.5     25   0.00     66   18.1  381.3  381.3  381.3
  101.1  16696  -75.0  -83.7     25   0.00     67   18.5  381.3  381.4  381.3
  100.9  16706  -75.1  -83.7     25   0.00     67   18.9  381.5  381.5  381.5
  100.7  16718  -75.1  -83.8     25   0.00     67   19.3  381.6  381.6  381.6
  100.5  16730  -75.1  -83.8     25   0.00     68   19.6  381.7  381.8  381.7
  100.3  16741  -75.1  -83.7     25   0.00     68   19.9  382.0  382.0  382.0
  100.1  16752  -75.2  -83.8     25   0.00     68   20.2  382.1  382.1  382.1
  100.0  16757  -75.2  -83.8     25   0.00     68   20.2  382.2  382.2  382.2
  100.0  16757  -75.2  -83.8     25   0.00     68   20.2  382.2  382.2  382.2
   99.9  16763  -75.2  -83.8     25   0.00     69   20.4  382.3  382.3  382.3
   99.7  16775  -75.2  -83.9     25   0.00     70   20.5  382.5  382.5  382.5
   99.5  16789  -75.2  -83.9     25   0.00     70   20.6  382.7  382.7  382.7
   99.2  16802  -75.2  -83.9     25   0.00     71   20.6  383.1  383.1  383.1
   99.0  16813  -75.2  -83.9     25   0.00     72   20.5  383.3  383.3  383.3
   98.8  16824  -75.2  -84.0     24   0.00     72   20.4  383.4  383.5  383.4
   98.6  16837  -75.3  -84.1     24   0.00     73   20.3  383.5  383.6  383.6
   98.4  16849  -75.3  -84.2     24   0.00     74   20.1  383.8  383.8  383.8
   98.2  16861  -75.2  -84.2     24   0.00     74   19.8  384.1  384.2  384.1
   98.0  16875  -75.2  -84.2     24   0.00     75   19.6  384.4  384.5  384.4
   97.8  16886  -75.1  -84.2     23   0.00     76   19.3  384.8  384.8  384.8
   97.6  16898  -75.0  -84.0     24   0.00     76   19.1  385.3  385.3  385.3
   97.4  16912  -75.0  -84.0     24   0.00     77   18.8  385.5  385.5  385.5
   97.1  16926  -75.1  -84.0     24   0.00     77   18.5  385.7  385.7  385.7
   96.9  16938  -75.1  -84.1     24   0.00     78   18.3  385.8  385.8  385.8
   96.7  16949  -75.2  -84.1     24   0.00     79   18.1  385.9  385.9  385.9
   96.6  16959  -75.2  -84.1     24   0.00     79   17.9  385.9  386.0  385.9
   96.4  16972  -75.3  -84.2     24   0.00     80   17.7  386.0  386.1  386.0
   96.1  16985  -75.3  -84.3     24   0.00     81   17.5  386.3  386.3  386.3
   96.0  16996  -75.4  -84.3     24   0.00     82   17.3  386.3  386.3  386.3
   95.8  17007  -75.5  -84.3     24   0.00     83   17.2  386.4  386.4  386.4
   95.6  17018  -75.5  -84.3     24   0.00     84   17.0  386.5  386.5  386.5
   95.4  17029  -75.6  -84.3     24   0.00     85   16.9  386.6  386.6  386.6
   95.2  17041  -75.7  -84.4     25   0.00     86   16.8  386.6  386.7  386.6
   95.0  17053  -75.8  -84.4     25   0.00     88   16.7  386.7  386.7  386.7
   94.8  17064  -75.8  -84.4     25   0.00     89   16.5  386.8  386.8  386.8
   94.6  17077  -75.9  -84.4     25   0.00     90   16.4  386.9  387.0  386.9
   94.4  17089  -75.9  -84.5     25   0.00     91   16.3  387.1  387.1  387.1
   94.3  17100  -76.0  -84.5     25   0.00     92   16.2  387.1  387.1  387.1
   94.1  17111  -76.0  -84.5     25   0.00     92   16.1  387.2  387.3  387.3
   93.9  17123  -76.1  -84.5     26   0.00     93   16.0  387.4  387.4  387.4
   93.7  17135  -76.1  -84.6     26   0.00     93   15.8  387.5  387.5  387.5
   93.5  17147  -76.2  -84.6     26   0.00     93   15.7  387.6  387.7  387.6
   93.3  17160  -76.2  -84.6     26   0.00     93   15.5  387.8  387.8  387.8
   93.1  17172  -76.3  -84.7     26   0.00     93   15.4  387.9  387.9  387.9
   92.9  17183  -76.2  -84.6     26   0.00     92   15.2  388.3  388.3  388.3
   92.7  17195  -76.1  -84.6     25   0.00     92   15.0  388.7  388.8  388.7
   92.5  17207  -76.1  -84.6     25   0.00     91   14.8  389.0  389.0  389.0
   92.3  17219  -76.0  -84.6     25   0.00     91   14.6  389.4  389.4  389.4
   92.1  17232  -76.1  -84.7     25   0.00     90   14.3  389.4  389.5  389.4
   91.9  17244  -76.2  -84.8     25   0.00     89   14.1  389.5  389.5  389.5
   91.8  17255  -76.3  -84.8     25   0.00     88   13.9  389.5  389.6  389.5
   91.5  17269  -76.4  -84.9     25   0.00     87   13.7  389.7  389.7  389.7
   91.3  17286  -76.5  -84.9     25   0.00     87   13.6  389.7  389.7  389.7
   91.0  17301  -76.6  -85.0     25   0.00     86   13.4  389.9  389.9  389.9
   90.8  17314  -76.6  -85.0     26   0.00     85   13.3  390.1  390.1  390.1
   90.6  17327  -76.6  -84.9     26   0.00     84   13.2  390.3  390.3  390.3
   90.4  17340  -76.7  -85.0     26   0.00     84   13.2  390.5  390.5  390.5
   90.2  17353  -76.7  -85.0     26   0.00     83   13.2  390.7  390.7  390.7
   90.0  17363  -76.7  -85.0     26   0.00     82   13.2  390.9  390.9  390.9
   89.9  17374  -76.8  -85.1     26   0.00     81   13.3  390.9  390.9  390.9
   89.7  17387  -76.8  -85.2     26   0.00     80   13.3  391.0  391.0  391.0
   89.5  17400  -76.9  -85.3     25   0.00     79   13.4  391.0  391.0  391.0
   89.3  17414  -77.0  -85.4     25   0.00     79   13.6  391.1  391.1  391.1
   89.1  17426  -77.0  -85.4     25   0.00     78   13.7  391.4  391.4  391.4
   88.9  17440  -77.0  -85.4     25   0.00     77   13.9  391.7  391.7  391.7
   88.6  17454  -76.9  -85.4     25   0.00     76   14.0  392.2  392.2  392.2
   88.5  17466  -76.8  -85.3     25   0.00     75   14.2  392.6  392.6  392.6
   88.3  17477  -76.6  -85.2     25   0.00     74   14.3  393.1  393.1  393.1
   88.1  17490  -76.7  -85.3     24   0.00     73   14.4  393.3  393.4  393.3
   87.9  17503  -76.7  -85.4     24   0.00     73   14.5  393.5  393.5  393.5
   87.7  17516  -76.7  -85.4     24   0.00     73   14.6  393.8  393.8  393.8
   87.5  17527  -76.7  -85.4     24   0.00     72   14.6  394.0  394.1  394.0
