Latitude: 22.312 Longitude: 114.17
-----------------------------------------------------------------------------
   PRES   HGHT   TEMP   DWPT   RELH   MIXR   DRCT   SPED   THTA   THTE   THTV
    hPa      m      C      C      %   g/kg    deg    m/s      K      K      K 
-----------------------------------------------------------------------------
 1002.3     66   26.7   24.4     87  19.51    239    0.8  299.7  357.0  303.1
 1000.9     78   26.6   24.5     89  19.76    267    1.0  299.6  357.7  303.2
 1000.0     86   26.5   24.5     89  19.73    267    1.0  299.6  357.6  303.1
  999.9     87   26.4   24.5     89  19.73    266    1.2  299.6  357.6  303.1
  998.8     97   26.4   24.3     88  19.50    263    1.2  299.6  356.9  303.1
  997.6    107   26.3   24.1     88  19.24    260    1.3  299.6  356.2  303.1
  996.5    117   26.3   23.6     85  18.75    258    1.4  299.8  354.9  303.1
  995.2    128   27.0   23.5     81  18.59    255    1.4  300.6  355.4  303.9
  994.1    139   27.1   23.5     81  18.67    253    1.5  300.8  355.9  304.1
  993.0    148   27.1   23.6     81  18.78    251    1.5  300.9  356.3  304.3
  991.9    158   27.1   23.6     81  18.80    249    1.5  300.9  356.4  304.3
  990.8    168   27.0   23.6     82  18.83    248    1.6  301.0  356.6  304.3
  989.7    178   27.0   23.7     82  18.91    247    1.6  301.0  356.9  304.4
  988.6    188   26.9   23.6     82  18.92    246    1.7  301.0  357.0  304.4
  987.4    199   26.8   23.6     83  18.88    245    1.8  301.0  356.8  304.4
  986.3    209   26.7   23.6     83  18.94    244    1.8  301.0  357.0  304.4
  985.2    218   26.6   23.5     83  18.87    243    1.9  301.0  356.8  304.4
  984.2    227   26.5   23.5     84  18.87    242    2.0  301.0  356.8  304.4
  983.2    236   26.4   23.5     84  18.88    240    2.1  301.0  356.8  304.4
  982.2    246   26.3   23.6     85  18.97    238    2.1  301.0  357.1  304.4
  981.1    255   26.3   23.6     85  19.01    236    2.2  301.0  357.2  304.5
  980.1    265   26.2   23.6     86  19.00    233    2.3  301.0  357.2  304.5
  979.0    275   26.2   23.6     86  19.02    230    2.5  301.1  357.4  304.5
  977.9    284   26.1   23.6     86  19.11    228    2.6  301.2  357.7  304.6
  976.8    294   26.1   23.8     87  19.33    225    2.7  301.3  358.5  304.7
  975.6    305   26.1   23.9     88  19.49    223    2.8  301.4  359.1  304.9
  974.4    316   26.0   23.9     88  19.47    222    3.0  301.4  359.1  304.9
  973.2    327   26.0   23.9     88  19.56    220    3.1  301.4  359.4  305.0
  972.0    338   25.9   23.9     89  19.55    220    3.3  301.5  359.3  305.0
  970.8    349   25.8   23.9     89  19.55    219    3.4  301.5  359.4  305.0
  969.7    359   25.7   23.9     90  19.61    219    3.6  301.5  359.6  305.0
  968.5    370   25.6   23.9     90  19.68    220    3.7  301.5  359.8  305.1
  967.2    382   25.6   23.9     91  19.70    220    3.9  301.6  359.9  305.1
  965.9    393   25.5   23.9     91  19.70    221    4.1  301.6  359.9  305.1
  964.7    405   25.4   23.9     92  19.70    221    4.3  301.6  360.0  305.1
  963.5    415   25.3   23.9     92  19.70    222    4.4  301.6  360.0  305.1
  962.3    426   25.2   23.9     93  19.82    223    4.6  301.6  360.3  305.2
  961.2    437   25.1   24.0     94  19.87    223    4.8  301.6  360.5  305.2
  960.1    447   25.0   23.9     94  19.85    224    5.0  301.7  360.5  305.2
  959.0    457   25.0   23.8     93  19.71    225    5.1  301.7  360.1  305.3
  958.0    466   24.9   23.6     92  19.46    225    5.3  301.7  359.5  305.2
  957.0    475   24.9   23.5     91  19.34    226    5.5  301.9  359.2  305.3
  955.9    485   24.9   23.4     91  19.27    227    5.6  301.9  359.0  305.4
  954.8    496   24.8   23.3     91  19.16    228    5.8  302.0  358.8  305.4
  953.7    506   24.8   23.2     91  19.11    228    5.9  302.0  358.7  305.4
  952.5    517   24.7   23.1     91  19.01    229    6.0  302.0  358.4  305.4
  951.4    527   24.6   23.0     91  18.94    230    6.2  302.0  358.2  305.4
  950.3    537   24.6   22.7     89  18.61    231    6.3  302.1  357.4  305.5
  949.1    548   24.7   22.6     88  18.51    231    6.5  302.3  357.3  305.6
  947.9    560   24.6   22.7     89  18.61    232    6.6  302.3  357.6  305.7
  946.7    571   24.6   22.5     89  18.48    232    6.8  302.4  357.3  305.7
  945.5    582   24.6   22.7     89  18.71    232    6.9  302.6  358.2  306.0
  944.3    594   24.7   22.9     90  18.89    232    7.1  302.7  358.9  306.1
  943.1    604   24.7   22.1     85  18.06    232    7.2  302.9  356.7  306.2
  942.1    614   24.8   21.9     84  17.78    232    7.4  303.0  356.0  306.2
  940.9    625   24.7   21.5     82  17.43    232    7.5  303.1  355.1  306.3
  939.8    635   24.7   21.1     80  16.99    232    7.6  303.2  353.9  306.3
  938.6    647   24.8   20.8     79  16.73    231    7.7  303.4  353.3  306.4
  937.4    658   24.7   20.9     79  16.80    231    7.8  303.4  353.6  306.5
  936.1    670   24.7   20.7     78  16.68    230    7.9  303.6  353.4  306.6
  935.0    681   24.7   20.5     77  16.50    230    7.9  303.7  352.9  306.7
  933.8    691   24.7   20.5     77  16.45    229    8.0  303.7  352.8  306.7
  932.6    703   24.6   20.4     77  16.38    228    8.0  303.8  352.7  306.7
  931.5    714   24.6   20.4     77  16.38    228    8.0  303.8  352.7  306.8
  930.4    724   24.5   20.3     77  16.32    227    8.1  303.8  352.6  306.8
  929.2    735   24.4   20.1     77  16.17    227    8.1  303.9  352.2  306.8
  928.0    746   24.4   20.0     77  16.08    226    8.1  303.9  352.0  306.9
  926.9    757   24.3   20.0     77  16.11    226    8.1  304.0  352.1  306.9
  925.8    767   24.2   20.0     77  16.14    226    8.1  304.0  352.2  306.9
  925.0    775   24.2   20.1     78  16.18    226    8.1  304.0  352.4  306.9
  924.6    778   24.1   20.1     78  16.21    225    8.1  304.0  352.5  307.0
  923.4    790   24.1   20.1     78  16.24    225    8.1  304.1  352.7  307.0
  922.2    802   24.0   20.1     79  16.24    225    8.1  304.1  352.7  307.0
  921.0    813   23.9   20.0     79  16.20    225    8.1  304.1  352.6  307.1
  919.9    824   23.8   20.0     79  16.19    226    8.1  304.1  352.6  307.1
  918.8    834   23.7   20.0     80  16.22    226    8.1  304.2  352.7  307.1
  917.7    845   23.6   20.0     80  16.21    226    8.0  304.2  352.7  307.1
  916.5    856   23.5   20.0     80  16.22    226    8.0  304.2  352.7  307.1
  915.3    867   23.5   20.0     81  16.26    226    8.0  304.2  352.9  307.2
  914.2    878   23.4   19.9     81  16.25    226    8.0  304.2  352.9  307.2
  913.1    889   23.3   19.9     81  16.21    226    8.0  304.2  352.8  307.2
  912.0    899   23.2   19.9     81  16.22    226    8.0  304.3  352.8  307.2
  910.9    910   23.1   19.9     82  16.22    227    8.0  304.3  352.9  307.2
  909.8    920   23.1   19.8     82  16.21    227    8.0  304.3  352.9  307.3
  908.7    931   23.0   20.1     84  16.50    227    8.0  304.3  353.8  307.3
  907.5    943   22.8   20.6     87  17.09    227    8.1  304.3  355.5  307.4
  906.3    954   22.7   20.9     90  17.39    228    8.1  304.2  356.3  307.4
  905.3    964   22.6   20.9     91  17.48    228    8.1  304.2  356.6  307.4
  904.4    973   22.5   20.9     91  17.44    229    8.2  304.3  356.5  307.4
  903.3    983   22.5   20.5     89  17.08    229    8.2  304.3  355.5  307.4
  902.2    994   22.5   19.8     85  16.35    230    8.3  304.5  353.5  307.4
  901.1   1004   22.5   19.8     85  16.31    231    8.4  304.6  353.4  307.5
  900.2   1013   22.4   19.9     85  16.43    231    8.6  304.6  353.8  307.6
  899.1   1024   22.4   19.9     86  16.51    231    8.7  304.6  354.1  307.6
  897.8   1037   22.3   19.8     86  16.41    232    8.9  304.7  353.9  307.7
  896.5   1049   22.3   19.6     85  16.20    232    9.1  304.8  353.4  307.7
  895.5   1059   22.2   19.3     84  15.98    232    9.3  304.8  352.8  307.7
  894.4   1069   22.2   19.2     83  15.86    232    9.5  304.9  352.5  307.8
  893.3   1080   22.2   19.2     83  15.84    232    9.7  305.0  352.6  307.9
  892.3   1090   22.2   19.0     82  15.69    232    9.9  305.1  352.3  308.0
  891.2   1101   22.2   18.7     81  15.38    231   10.1  305.2  351.5  308.0
  890.1   1112   22.2   18.4     79  15.12    231   10.3  305.3  350.8  308.1
  889.0   1123   22.2   18.3     78  15.02    231   10.4  305.4  350.6  308.2
  887.9   1133   22.2   18.4     79  15.14    231   10.6  305.5  351.1  308.3
  886.8   1144   22.1   18.7     81  15.52    230   10.7  305.5  352.2  308.4
  885.7   1155   22.0   18.9     83  15.73    230   10.7  305.5  352.9  308.4
  884.6   1166   21.9   18.8     83  15.63    230   10.7  305.6  352.6  308.4
  883.5   1177   21.9   18.5     81  15.33    230   10.7  305.7  351.9  308.5
  882.3   1188   21.9   18.3     80  15.21    230   10.6  305.8  351.6  308.6
  881.2   1199   21.8   18.3     81  15.24    230   10.5  305.8  351.7  308.6
  880.1   1210   21.8   18.4     81  15.35    230   10.4  305.9  352.1  308.7
  879.0   1221   21.7   18.4     82  15.37    230   10.3  305.9  352.2  308.7
  877.7   1234   21.6   18.4     82  15.31    230   10.1  305.9  352.1  308.7
  876.6   1245   21.5   18.2     82  15.21    230   10.0  305.9  351.8  308.7
  875.5   1256   21.4   18.3     82  15.25    230    9.8  306.0  351.9  308.7
  874.3   1267   21.3   18.2     82  15.23    231    9.7  306.0  351.9  308.8
  873.2   1278   21.2   18.0     82  15.03    231    9.6  306.0  351.3  308.8
  872.4   1287   21.2   17.9     81  14.93    231    9.5  306.0  351.1  308.8
  871.4   1297   21.1   17.8     81  14.91    232    9.5  306.1  351.1  308.8
  870.1   1310   21.0   17.8     82  14.89    232    9.5  306.1  351.0  308.8
  868.9   1322   20.9   17.6     81  14.76    232    9.6  306.1  350.7  308.8
  867.7   1334   20.8   17.6     82  14.80    233    9.7  306.1  350.8  308.9
  866.6   1345   20.7   17.7     83  14.90    233    9.9  306.2  351.1  308.9
  865.5   1356   20.6   18.0     85  15.15    234   10.1  306.2  351.9  308.9
  864.3   1367   20.6   17.9     85  15.12    234   10.3  306.2  351.8  309.0
  863.2   1379   20.5   17.8     85  15.05    234   10.5  306.2  351.7  309.0
  862.2   1388   20.4   17.6     84  14.83    234   10.7  306.3  351.0  309.0
  861.3   1398   20.4   17.4     83  14.64    234   10.9  306.3  350.5  309.0
  860.1   1410   20.4   17.2     82  14.48    234   11.1  306.4  350.2  309.1
  859.0   1421   20.3   17.2     82  14.55    234   11.3  306.5  350.5  309.2
  857.9   1432   20.3   17.4     83  14.70    235   11.4  306.5  351.0  309.2
  856.8   1443   20.2   17.3     84  14.67    235   11.4  306.6  350.9  309.3
  855.9   1452   20.1   17.2     83  14.57    235   11.4  306.6  350.6  309.3
  855.0   1461   20.1   16.9     82  14.32    235   11.4  306.6  349.9  309.3
  854.0   1472   20.0   16.5     80  13.99    235   11.3  306.7  349.0  309.3
  852.7   1484   20.0   16.4     80  13.90    235   11.2  306.8  348.9  309.4
  851.5   1497   19.9   16.5     81  14.05    236   11.1  306.9  349.4  309.4
  850.5   1507   19.9   16.2     79  13.79    236   10.9  306.9  348.7  309.5
  850.0   1512   20.0   15.8     77  13.43    237   10.7  307.0  347.8  309.5
  849.5   1517   20.0   15.4     75  13.04    237   10.7  307.1  346.7  309.5
  848.4   1528   20.0   14.5     71  12.34    237   10.6  307.3  344.8  309.6
  847.4   1539   20.1   13.9     67  11.86    238   10.4  307.5  343.6  309.7
  846.3   1550   20.0   14.8     72  12.58    239   10.3  307.5  345.7  309.8
  845.3   1560   19.9   15.6     76  13.27    239   10.2  307.5  347.8  309.9
  844.2   1571   19.9   15.4     75  13.18    240   10.1  307.6  347.7  310.1
  843.2   1582   20.0   14.9     73  12.74    240   10.1  307.7  346.5  310.1
  842.2   1591   20.0   14.1     69  12.09    241   10.1  307.9  344.7  310.1
  841.3   1601   20.0   13.2     65  11.39    241   10.1  308.0  342.8  310.1
  840.3   1611   20.1   12.5     62  10.90    241   10.2  308.2  341.5  310.2
  839.3   1621   20.1   12.1     60  10.66    241   10.2  308.3  340.9  310.2
  838.2   1633   20.0   12.1     60  10.64    241   10.3  308.3  340.9  310.3
  837.2   1643   19.9   12.1     61  10.65    241   10.4  308.3  340.9  310.3
  836.3   1652   19.8   12.1     61  10.64    241   10.5  308.3  340.9  310.3
  835.4   1662   19.8   12.0     61  10.61    241   10.5  308.4  340.8  310.3
  834.3   1673   19.7   12.0     61  10.63    241   10.6  308.4  341.0  310.4
  833.1   1685   19.6   12.0     61  10.61    241   10.6  308.4  340.9  310.4
  831.9   1698   19.5   11.6     60  10.36    241   10.7  308.5  340.2  310.4
  830.8   1709   19.4   11.4     60  10.27    241   10.7  308.5  340.0  310.4
  829.8   1720   19.3   11.4     60  10.23    241   10.7  308.5  339.9  310.4
  828.8   1731   19.3   11.2     59  10.11    241   10.7  308.5  339.5  310.4
  827.8   1741   19.2   11.0     59  10.00    241   10.7  308.6  339.2  310.4
  826.8   1751   19.2   11.1     60  10.11    241   10.7  308.6  339.6  310.5
  825.7   1762   19.1   11.2     60  10.15    241   10.7  308.7  339.8  310.6
  824.7   1773   19.1   11.2     60  10.20    241   10.7  308.8  340.1  310.7
  823.7   1784   19.0   11.2     60  10.17    240   10.7  308.8  340.0  310.7
  822.6   1794   19.0   11.1     60  10.11    240   10.8  308.9  339.9  310.8
  821.5   1806   18.9   10.9     60  10.03    240   10.8  309.0  339.8  310.8
  820.5   1817   18.9   10.7     59   9.91    240   10.8  309.0  339.5  310.9
  819.5   1827   18.8   10.5     58   9.76    240   10.9  309.1  339.1  310.9
  818.5   1838   18.8   10.4     58   9.75    240   10.9  309.1  339.1  310.9
  817.5   1848   18.7   10.6     59   9.85    239   10.8  309.1  339.4  310.9
  816.7   1857   18.6   10.7     60   9.92    239   10.8  309.1  339.7  311.0
  815.7   1867   18.6   10.6     60   9.91    239   10.7  309.2  339.7  311.0
  814.7   1878   18.5   10.5     60   9.83    239   10.6  309.2  339.5  311.1
  813.5   1890   18.4   10.4     60   9.81    238   10.5  309.3  339.5  311.1
  812.4   1902   18.4   10.4     60   9.83    238   10.4  309.4  339.6  311.2
  811.4   1912   18.3   10.4     60   9.79    238   10.3  309.4  339.6  311.2
  810.3   1924   18.3   10.5     60   9.90    238   10.2  309.5  340.0  311.4
  809.1   1937   18.3   10.6     61   9.99    238   10.1  309.6  340.4  311.5
  808.0   1949   18.2   10.5     61   9.92    239   10.0  309.6  340.2  311.5
  806.9   1960   18.1   10.4     61   9.86    239    9.9  309.7  340.1  311.5
  805.9   1971   18.0   10.3     61   9.84    240    9.9  309.7  340.1  311.5
  804.9   1981   18.0   10.2     61   9.77    240    9.9  309.7  339.9  311.6
  803.9   1992   17.9   10.2     61   9.78    241    9.9  309.8  340.0  311.6
  802.6   2006   17.9   10.4     62   9.95    242    9.9  309.9  340.6  311.8
  801.3   2020   17.9   10.2     61   9.77    242   10.0  310.0  340.2  311.9
  800.2   2032   17.9    9.9     60   9.59    243   10.1  310.1  339.8  311.9
  799.3   2042   17.8    9.8     59   9.55    243   10.1  310.2  339.8  312.0
  798.4   2051   17.8    9.8     59   9.55    244   10.2  310.2  339.8  312.0
  797.3   2063   17.7    9.9     60   9.62    244   10.3  310.3  340.0  312.1
  796.1   2076   17.6    9.9     61   9.65    244   10.3  310.3  340.2  312.1
  795.0   2088   17.5    9.9     61   9.70    245   10.4  310.3  340.3  312.1
  793.9   2099   17.4   10.1     62   9.82    245   10.4  310.3  340.7  312.2
  792.9   2111   17.3   10.2     63   9.92    245   10.4  310.3  341.0  312.2
  791.8   2122   17.1   10.5     65  10.09    245   10.5  310.3  341.5  312.2
  790.8   2133   17.0   10.7     67  10.31    246   10.5  310.3  342.1  312.2
  789.8   2144   16.9   10.8     67  10.33    247   10.5  310.3  342.2  312.2
  788.7   2156   16.8   10.8     68  10.41    248   10.5  310.3  342.5  312.3
  787.7   2167   16.7   10.8     68  10.40    249   10.6  310.3  342.4  312.3
  786.7   2177   16.7   10.9     69  10.48    250   10.6  310.4  342.7  312.3
  785.9   2186   16.6   10.9     69  10.52    251   10.6  310.4  342.9  312.4
  785.0   2196   16.5   10.9     69  10.51    252   10.6  310.4  342.9  312.4
  783.9   2208   16.5   11.1     70  10.62    254   10.7  310.5  343.3  312.5
  782.9   2219   16.4   11.0     71  10.63    255   10.7  310.5  343.3  312.5
  781.9   2229   16.3   10.9     70  10.56    256   10.7  310.6  343.2  312.5
  781.0   2239   16.3   10.9     71  10.58    257   10.7  310.6  343.3  312.6
  780.1   2249   16.3   10.9     71  10.59    258   10.7  310.7  343.4  312.7
  779.3   2257   16.2   11.0     71  10.66    259   10.6  310.7  343.6  312.7
  778.5   2267   16.1   11.0     72  10.69    259   10.6  310.7  343.8  312.7
  777.6   2276   16.1   11.0     72  10.67    260   10.6  310.8  343.8  312.8
  776.7   2287   16.0   10.9     72  10.61    261   10.6  310.8  343.6  312.8
  775.7   2297   16.0   10.7     71  10.48    261   10.6  310.9  343.3  312.8
  774.7   2308   15.9   10.5     70  10.38    261   10.6  310.9  343.0  312.9
  773.6   2320   15.9   10.5     70  10.39    262   10.6  311.0  343.2  313.0
  772.4   2333   15.9   10.8     72  10.59    262   10.7  311.2  344.0  313.1
  771.3   2345   15.8   10.9     73  10.65    262   10.7  311.2  344.1  313.2
  770.2   2358   15.6   11.0     74  10.75    262   10.8  311.2  344.4  313.2
  769.1   2370   15.5   10.9     74  10.71    262   10.8  311.2  344.3  313.2
  768.0   2382   15.4   10.8     74  10.69    262   10.9  311.2  344.3  313.2
  767.2   2391   15.4   10.9     75  10.75    261   11.0  311.2  344.5  313.2
  766.4   2400   15.3   10.9     75  10.76    261   11.1  311.2  344.5  313.2
  765.4   2411   15.3   11.0     76  10.82    261   11.1  311.3  344.8  313.3
  764.3   2423   15.2   10.9     76  10.82    260   11.2  311.4  344.9  313.4
  763.2   2436   15.2   10.8     75  10.72    260   11.2  311.5  344.7  313.5
  762.3   2446   15.2   10.7     75  10.69    259   11.2  311.6  344.7  313.6
  761.5   2455   15.1   10.7     75  10.65    259   11.2  311.6  344.6  313.6
  760.5   2465   15.1   10.6     75  10.63    258   11.2  311.6  344.6  313.6
  759.5   2477   15.0   10.5     75  10.57    258   11.2  311.7  344.5  313.7
  758.5   2488   15.0   10.5     74  10.59    258   11.1  311.8  344.7  313.8
  757.8   2496   15.0   10.7     76  10.75    258   11.1  311.9  345.2  313.9
  757.0   2505   14.9   11.0     77  10.93    257   11.0  311.9  345.8  313.9
  756.1   2514   14.8   10.9     78  10.91    257   11.0  311.9  345.7  313.9
  755.3   2524   14.7   10.8     77  10.85    257   10.9  311.9  345.5  313.9
  754.3   2535   14.6   10.9     78  10.90    257   10.9  311.9  345.7  313.9
  753.4   2545   14.5   10.8     79  10.88    258   10.8  311.9  345.7  313.9
  752.6   2555   14.4   10.8     79  10.91    258   10.8  311.9  345.7  313.9
  751.7   2565   14.3   10.9     80  11.00    258   10.7  311.9  346.0  314.0
  750.7   2575   14.3   11.0     81  11.03    259   10.7  311.9  346.2  314.0
  749.8   2586   14.2   10.9     81  11.01    259   10.7  312.0  346.2  314.1
  748.7   2598   14.2   10.9     81  11.03    259   10.7  312.1  346.3  314.1
  747.8   2609   14.1   10.8     80  10.94    260   10.8  312.1  346.1  314.2
  746.8   2619   14.1   10.7     80  10.86    260   10.8  312.2  346.0  314.3
  745.8   2631   14.1   10.8     81  10.96    260   10.9  312.3  346.4  314.4
  744.8   2642   14.0   10.8     81  11.03    260   10.9  312.4  346.7  314.4
  743.8   2654   13.9   10.7     81  10.90    260   11.0  312.4  346.3  314.5
  742.9   2664   13.9   10.6     81  10.91    261   11.1  312.5  346.4  314.5
  742.0   2674   13.9   10.5     80  10.84    260   11.1  312.5  346.3  314.6
  741.1   2685   13.8   10.5     81  10.86    260   11.2  312.6  346.4  314.7
  740.1   2696   13.8   10.6     81  10.89    260   11.2  312.7  346.6  314.7
  739.0   2708   13.7   10.3     80  10.75    260   11.3  312.7  346.2  314.8
  738.1   2719   13.7   10.0     79  10.52    260   11.4  312.8  345.6  314.8
  737.2   2729   13.6   10.0     79  10.53    260   11.4  312.9  345.7  314.9
  736.3   2740   13.6   10.2     80  10.66    260   11.5  312.9  346.2  314.9
  735.2   2752   13.5   10.2     81  10.72    259   11.5  313.0  346.4  315.0
  734.3   2763   13.4   10.2     81  10.70    259   11.6  312.9  346.3  315.0
  733.4   2772   13.3   10.2     82  10.76    259   11.6  313.0  346.5  315.0
  732.5   2783   13.2   10.2     82  10.76    259   11.7  313.0  346.5  315.0
  731.4   2796   13.1   10.2     83  10.74    259   11.7  313.0  346.5  315.0
  730.4   2807   13.0   10.1     83  10.70    259   11.7  313.0  346.4  315.0
  729.5   2817   12.9   10.2     83  10.75    259   11.8  313.1  346.6  315.1
  728.6   2828   12.8   10.1     84  10.74    259   11.8  313.1  346.5  315.1
  727.7   2838   12.8   10.1     84  10.74    259   11.8  313.1  346.6  315.1
  726.9   2848   12.7   10.1     84  10.72    260   11.9  313.1  346.5  315.1
  726.0   2859   12.6   10.1     84  10.74    260   11.9  313.2  346.7  315.2
  724.8   2872   12.6   10.0     84  10.73    260   11.9  313.3  346.8  315.3
  723.7   2885   12.6    9.8     83  10.58    260   12.0  313.4  346.4  315.4
  722.8   2895   12.6    9.5     81  10.35    260   12.0  313.5  345.8  315.4
  722.1   2903   12.6    9.1     79  10.09    260   12.1  313.6  345.2  315.5
  721.4   2911   12.7    8.9     78   9.99    261   12.2  313.7  345.0  315.6
  720.5   2922   12.7    8.8     77   9.92    261   12.3  313.9  345.0  315.7
  719.5   2934   12.7    8.6     76   9.83    261   12.3  314.0  344.9  315.9
  718.6   2945   12.7    8.3     75   9.64    260   12.5  314.1  344.4  315.9
  717.8   2954   12.6    8.2     74   9.57    260   12.6  314.2  344.2  316.0
  717.0   2963   12.6    8.4     76   9.68    260   12.7  314.2  344.6  316.0
  716.2   2973   12.5    8.5     77   9.79    260   12.8  314.2  345.0  316.1
  715.3   2983   12.4    8.6     78   9.88    259   12.9  314.3  345.3  316.1
  714.5   2993   12.4    8.6     78   9.90    259   13.0  314.3  345.4  316.2
  713.7   3003   12.3    8.6     78   9.91    259   13.1  314.3  345.4  316.2
  712.8   3013   12.2    8.6     79   9.91    259   13.2  314.4  345.5  316.2
  711.9   3023   12.1    8.7     79   9.97    259   13.3  314.4  345.7  316.3
  710.9   3035   12.0    8.7     80   9.99    259   13.3  314.4  345.7  316.3
  709.9   3046   12.0    8.6     80   9.95    259   13.3  314.4  345.7  316.3
  709.1   3056   11.9    8.5     80   9.88    259   13.3  314.5  345.5  316.3
  708.5   3064   11.9    8.3     79   9.78    260   13.3  314.5  345.3  316.4
  707.8   3072   11.9    8.4     79   9.81    260   13.3  314.6  345.5  316.5
  707.0   3082   11.8    8.4     79   9.83    260   13.2  314.6  345.5  316.5
  706.1   3092   11.7    8.3     80   9.80    260   13.2  314.6  345.5  316.5
  705.3   3102   11.6    8.3     80   9.83    261   13.1  314.7  345.6  316.5
  704.4   3113   11.6    8.4     81   9.88    261   13.1  314.7  345.7  316.5
  703.5   3123   11.5    8.3     81   9.84    261   13.1  314.7  345.6  316.5
  702.6   3134   11.4    8.4     82   9.91    262   13.0  314.7  345.8  316.6
  701.6   3146   11.2    8.6     84  10.04    262   13.0  314.7  346.2  316.6
  700.6   3157   11.1    8.5     84  10.03    263   13.0  314.7  346.2  316.6
  700.0   3165   11.1    8.5     84  10.02    263   13.0  314.7  346.2  316.6
  699.8   3167   11.1    8.5     84  10.02    263   13.1  314.7  346.2  316.6
  699.0   3177   11.0    8.4     84   9.95    264   13.1  314.8  346.1  316.7
  698.1   3187   11.0    8.3     84   9.93    265   13.1  314.9  346.1  316.8
  697.2   3198   11.0    8.3     83   9.91    265   13.2  315.0  346.2  316.9
  696.5   3206   11.0    8.3     84   9.93    266   13.2  315.0  346.3  316.9
  695.8   3214   10.9    8.4     84  10.01    267   13.2  315.1  346.6  317.0
  695.1   3224   10.9    8.4     84  10.00    267   13.2  315.1  346.6  317.0
  694.3   3234   10.8    8.2     84   9.90    268   13.2  315.2  346.4  317.0
  693.5   3242   10.8    8.2     84   9.90    268   13.1  315.2  346.4  317.1
  692.8   3251   10.7    8.2     85   9.92    269   13.0  315.2  346.5  317.1
  692.1   3259   10.7    8.2     85   9.90    269   12.9  315.3  346.5  317.2
  691.2   3270   10.6    8.2     85   9.90    270   12.7  315.3  346.5  317.2
  690.2   3283   10.5    8.0     84   9.79    270   12.5  315.4  346.3  317.2
  689.2   3294   10.6    7.7     83   9.65    270   12.3  315.5  346.0  317.4
  688.4   3304   10.5    7.7     82   9.61    270   12.1  315.6  346.0  317.4
  687.6   3314   10.5    7.6     82   9.58    271   11.9  315.7  345.9  317.5
  686.8   3324   10.4    7.5     82   9.53    271   11.7  315.7  345.8  317.5
  686.1   3332   10.4    7.4     82   9.47    271   11.5  315.8  345.7  317.6
  685.5   3340   10.4    7.5     82   9.53    271   11.3  315.9  346.0  317.7
  684.8   3348   10.4    7.6     83   9.60    271   11.2  315.9  346.3  317.7
  684.1   3356   10.3    7.6     83   9.63    271   11.1  315.9  346.4  317.8
  683.4   3366   10.3    7.6     84   9.64    271   11.0  316.0  346.5  317.8
  682.6   3375   10.2    7.5     84   9.61    271   10.9  316.0  346.4  317.8
  681.8   3385   10.1    7.5     83   9.57    272   10.8  316.0  346.3  317.9
  681.0   3395   10.1    7.4     83   9.52    272   10.8  316.1  346.2  317.9
  680.1   3406   10.1    7.2     82   9.43    272   10.8  316.2  346.1  318.0
  679.3   3415   10.0    7.1     82   9.36    272   10.8  316.3  345.9  318.0
  678.6   3424   10.0    7.1     82   9.38    272   10.9  316.3  346.0  318.1
  677.8   3434    9.9    7.2     83   9.44    272   10.9  316.3  346.2  318.1
  677.1   3443    9.8    7.1     84   9.43    273   11.0  316.3  346.1  318.1
  676.4   3451    9.7    7.2     84   9.46    273   11.1  316.3  346.3  318.1
  675.7   3460    9.7    7.2     85   9.48    273   11.1  316.3  346.4  318.1
  674.9   3470    9.6    7.1     84   9.42    273   11.1  316.3  346.2  318.1
  674.1   3480    9.5    7.0     84   9.39    273   11.2  316.4  346.1  318.2
  673.2   3490    9.4    6.9     84   9.35    273   11.2  316.4  346.0  318.2
  672.4   3500    9.3    6.8     84   9.27    272   11.2  316.4  345.8  318.2
  671.7   3509    9.3    6.8     85   9.30    272   11.2  316.4  345.9  318.2
  670.8   3520    9.2    6.8     85   9.32    272   11.2  316.4  346.0  318.2
  669.6   3534    9.1    6.8     85   9.28    271   11.2  316.5  345.9  318.3
  668.5   3549    8.9    6.7     86   9.23    271   11.2  316.5  345.8  318.2
  667.6   3560    8.8    6.6     86   9.21    271   11.3  316.5  345.7  318.3
  667.0   3567    8.8    6.6     86   9.21    270   11.3  316.5  345.7  318.2
  666.4   3574    8.7    6.7     87   9.27    270   11.4  316.5  345.9  318.3
  665.7   3583    8.6    6.7     88   9.30    270   11.5  316.5  346.0  318.3
  664.9   3594    8.5    6.6     88   9.27    270   11.6  316.5  345.9  318.3
  664.0   3605    8.4    6.6     88   9.28    269   11.7  316.5  346.0  318.3
  663.2   3615    8.4    6.6     89   9.28    269   11.8  316.5  346.0  318.3
  662.3   3626    8.3    6.5     89   9.24    269   11.8  316.6  345.9  318.4
  661.5   3637    8.2    6.5     89   9.23    270   11.8  316.6  345.9  318.4
  660.6   3647    8.1    6.5     89   9.24    270   11.8  316.7  346.0  318.4
  659.8   3657    8.0    6.5     90   9.26    270   11.7  316.7  346.1  318.4
  659.1   3666    8.0    6.5     90   9.23    270   11.6  316.7  346.0  318.5
  658.3   3676    7.9    6.5     90   9.26    270   11.5  316.7  346.1  318.5
  657.4   3688    7.9    6.5     91   9.32    271   11.3  316.8  346.4  318.6
  656.5   3699    7.8    6.5     91   9.28    271   11.0  316.8  346.3  318.6
  655.7   3709    7.7    6.4     91   9.24    271   10.8  316.8  346.2  318.6
  655.0   3718    7.6    6.4     92   9.28    271   10.5  316.9  346.3  318.6
  654.3   3727    7.6    6.5     93   9.31    272   10.3  316.9  346.4  318.7
  653.4   3738    7.5    6.4     93   9.31    272   10.0  316.9  346.5  318.7
  652.5   3749    7.4    6.4     93   9.28    272    9.8  316.9  346.4  318.7
  651.9   3757    7.3    6.4     94   9.31    271    9.6  316.9  346.5  318.7
  651.1   3767    7.2    6.5     95   9.36    271    9.3  317.0  346.7  318.7
  650.2   3778    7.2    6.5     96   9.40    271    9.1  317.0  346.9  318.8
  649.3   3790    7.1    6.5     96   9.40    270    8.9  317.0  346.9  318.8
  648.4   3801    7.0    6.5     97   9.43    270    8.7  317.1  347.0  318.9
  647.7   3811    6.9    6.6     98   9.47    269    8.5  317.1  347.1  318.9
  646.9   3821    6.9    6.5     98   9.46    268    8.3  317.1  347.2  318.9
  646.0   3832    6.8    6.5     98   9.44    268    8.1  317.2  347.2  319.0
  645.1   3843    6.8    6.4     97   9.37    267    7.9  317.3  347.1  319.0
  644.4   3853    6.8    6.2     96   9.30    266    7.7  317.3  346.9  319.1
  643.7   3862    6.7    6.1     96   9.22    266    7.5  317.4  346.8  319.2
  643.0   3871    6.7    5.9     95   9.14    265    7.2  317.5  346.6  319.2
  642.2   3881    6.6    5.8     94   9.06    265    7.0  317.5  346.4  319.3
  641.4   3891    6.6    5.7     94   9.01    265    6.8  317.6  346.3  319.3
  640.7   3900    6.6    5.6     94   8.98    265    6.6  317.7  346.3  319.4
  640.0   3909    6.5    5.5     93   8.91    265    6.4  317.7  346.1  319.4
  639.3   3918    6.5    5.4     93   8.85    265    6.3  317.8  346.0  319.5
  638.7   3926    6.5    5.3     92   8.81    266    6.2  317.8  345.9  319.5
  638.1   3933    6.4    5.3     92   8.78    266    6.1  317.9  345.9  319.6
  637.5   3941    6.4    5.2     92   8.75    267    6.1  317.9  345.9  319.6
  636.9   3949    6.4    5.1     91   8.68    268    6.1  318.0  345.8  319.7
  636.1   3958    6.5    4.9     90   8.59    270    6.1  318.2  345.7  319.8
  635.3   3969    6.5    4.7     88   8.48    271    6.2  318.4  345.5  320.0
  634.6   3979    6.5    4.5     87   8.35    272    6.3  318.5  345.2  320.1
  633.9   3987    6.5    4.5     87   8.35    273    6.4  318.5  345.3  320.1
  633.3   3995    6.4    4.5     88   8.39    274    6.5  318.6  345.5  320.2
  632.7   4003    6.4    4.5     87   8.39    275    6.6  318.6  345.5  320.3
  632.1   4012    6.4    4.4     87   8.35    276    6.6  318.7  345.5  320.3
  631.3   4021    6.4    4.2     86   8.25    276    6.7  318.8  345.2  320.3
  630.6   4031    6.3    4.3     87   8.28    276    6.8  318.8  345.4  320.4
  629.9   4040    6.2    4.3     88   8.32    276    6.8  318.8  345.5  320.4
  629.1   4050    6.1    4.3     88   8.34    276    6.8  318.8  345.6  320.4
  628.1   4063    6.0    4.3     89   8.31    276    6.8  318.8  345.5  320.4
  627.1   4076    5.9    4.0     88   8.19    276    6.8  318.8  345.2  320.4
  626.2   4088    5.8    3.9     88   8.13    275    6.8  318.9  345.0  320.4
  625.6   4096    5.7    4.0     89   8.21    275    6.8  318.9  345.2  320.4
  624.9   4105    5.7    4.2     90   8.29    274    6.7  318.9  345.5  320.5
  624.2   4114    5.6    4.0     89   8.21    273    6.7  318.9  345.3  320.5
  623.5   4124    5.6    4.2     91   8.31    273    6.7  319.0  345.7  320.6
  622.8   4133    5.5    4.2     92   8.36    272    6.7  319.0  345.9  320.6
  622.0   4143    5.4    4.3     92   8.39    272    6.6  319.1  346.0  320.7
  621.1   4155    5.3    4.3     93   8.41    271    6.6  319.1  346.1  320.7
  620.3   4166    5.3    4.2     93   8.36    271    6.5  319.1  346.0  320.7
  619.5   4176    5.2    4.1     93   8.34    271    6.4  319.1  345.9  320.7
  618.9   4184    5.1    4.1     93   8.32    271    6.3  319.1  345.9  320.7
  618.1   4194    5.1    4.0     93   8.29    271    6.2  319.2  345.8  320.8
  617.2   4206    5.0    4.0     93   8.28    272    6.1  319.2  345.9  320.8
  616.2   4220    4.9    3.9     94   8.28    272    5.9  319.3  345.9  320.9
  615.1   4234    4.8    3.8     94   8.22    273    5.8  319.3  345.8  320.9
  614.3   4246    4.7    3.6     93   8.13    274    5.6  319.3  345.5  320.9
  613.5   4256    4.6    3.7     93   8.16    275    5.4  319.4  345.6  321.0
  612.7   4266    4.5    3.8     95   8.22    276    5.3  319.4  345.9  321.0
  611.7   4279    4.4    3.7     95   8.19    277    5.1  319.4  345.8  321.0
  610.8   4291    4.3    3.5     95   8.12    277    5.0  319.4  345.6  321.0
  610.1   4301    4.2    3.5     95   8.11    277    4.8  319.4  345.6  321.0
  609.4   4310    4.1    3.6     96   8.19    277    4.7  319.4  345.8  321.0
  608.6   4321    4.1    3.6     97   8.17    276    4.6  319.5  345.8  321.1
  607.7   4333    4.0    3.3     95   8.04    274    4.4  319.6  345.5  321.1
  606.8   4345    4.0    3.4     96   8.10    272    4.3  319.7  345.8  321.2
  605.9   4357    4.0    3.4     96   8.12    269    4.2  319.8  346.0  321.3
  605.1   4368    3.9    3.3     96   8.07    267    4.2  319.8  345.9  321.4
  604.5   4377    4.0    3.1     94   7.94    264    4.1  320.0  345.6  321.5
  603.8   4386    4.1    2.9     92   7.85    261    4.1  320.2  345.6  321.7
  603.1   4395    4.0    2.8     91   7.78    259    4.1  320.3  345.4  321.8
  602.4   4404    4.0    2.7     91   7.74    257    4.1  320.3  345.4  321.8
  601.9   4412    4.0    2.6     91   7.70    255    4.1  320.4  345.3  321.9
  601.2   4421    4.0    2.6     91   7.71    254    4.1  320.5  345.5  322.0
  600.3   4433    3.9    2.6     91   7.72    253    4.1  320.5  345.6  322.0
  599.4   4445    3.8    2.5     91   7.70    252    4.2  320.6  345.5  322.0
  598.7   4455    3.7    2.5     92   7.69    251    4.2  320.6  345.5  322.1
  598.0   4465    3.7    2.5     92   7.69    250    4.2  320.6  345.5  322.1
  597.2   4476    3.6    2.4     92   7.67    249    4.2  320.7  345.5  322.1
  596.4   4486    3.5    2.4     92   7.64    247    4.2  320.7  345.5  322.2
  595.6   4497    3.5    2.4     93   7.68    245    4.3  320.7  345.6  322.2
  594.8   4508    3.4    2.4     93   7.68    244    4.3  320.8  345.7  322.3
  594.2   4516    3.3    2.3     93   7.64    242    4.4  320.8  345.6  322.3
  593.6   4524    3.3    2.3     93   7.64    241    4.5  320.9  345.7  322.3
  592.9   4534    3.2    2.2     93   7.62    240    4.7  320.9  345.6  322.4
  592.0   4546    3.1    2.0     92   7.51    239    4.8  320.9  345.3  322.4
  591.3   4556    3.1    1.8     91   7.39    239    5.0  321.0  345.0  322.4
  590.6   4565    3.1    1.8     91   7.40    239    5.3  321.1  345.2  322.6
  589.8   4577    3.1    1.8     91   7.40    240    5.5  321.2  345.3  322.7
  588.8   4590    3.1    1.6     90   7.33    241    5.7  321.4  345.2  322.8
  588.0   4602    3.0    1.4     89   7.25    242    6.0  321.4  345.0  322.8
  587.2   4613    3.0    1.5     90   7.28    243    6.2  321.5  345.2  322.9
  586.3   4625    2.9    1.5     91   7.33    244    6.3  321.5  345.4  322.9
  585.5   4636    2.8    1.5     91   7.32    245    6.4  321.5  345.4  322.9
  584.8   4645    2.7    1.4     91   7.28    245    6.5  321.6  345.3  323.0
  584.1   4656    2.7    1.3     91   7.25    245    6.5  321.7  345.3  323.1
  583.4   4665    2.7    1.3     90   7.22    245    6.4  321.7  345.3  323.1
  582.7   4675    2.7    1.2     90   7.21    245    6.4  321.8  345.4  323.2
  582.0   4684    2.6    1.3     91   7.23    244    6.2  321.9  345.5  323.3
  581.2   4695    2.6    1.2     91   7.22    244    6.1  322.0  345.5  323.4
  580.5   4705    2.6    1.1     90   7.19    243    6.0  322.1  345.5  323.5
  579.9   4714    2.6    1.0     90   7.14    243    5.9  322.1  345.5  323.5
  579.2   4723    2.5    1.0     90   7.14    243    5.8  322.2  345.6  323.6
  578.6   4732    2.5    1.0     90   7.16    244    5.7  322.3  345.7  323.7
  578.0   4741    2.4    1.0     90   7.15    244    5.7  322.3  345.7  323.7
  577.3   4750    2.4    1.0     91   7.17    245    5.7  322.4  345.8  323.8
  576.4   4763    2.3    1.0     91   7.19    246    5.7  322.4  345.9  323.8
  575.4   4776    2.2    0.9     92   7.15    248    5.8  322.4  345.8  323.8
  574.5   4790    2.1    0.8     92   7.11    249    5.9  322.4  345.7  323.8
  573.7   4801    2.0    0.7     91   7.06    250    5.9  322.5  345.6  323.9
  573.1   4810    2.0    0.7     91   7.05    251    6.0  322.5  345.6  323.9
  572.6   4817    1.9    0.7     91   7.04    252    6.1  322.6  345.6  324.0
  572.0   4825    1.9    0.6     91   7.03    253    6.1  322.6  345.7  324.0
  571.4   4834    1.8    0.6     91   7.01    254    6.1  322.7  345.6  324.0
  570.8   4842    1.8    0.5     91   6.99    254    6.1  322.7  345.6  324.1
  570.0   4853    1.7    0.5     92   7.00    254    6.1  322.8  345.7  324.1
  569.2   4865    1.6    0.5     92   7.00    254    6.0  322.8  345.7  324.2
  568.4   4877    1.6    0.4     92   6.95    254    6.0  322.8  345.6  324.2
  567.6   4887    1.5    0.3     92   6.94    254    5.9  322.9  345.6  324.2
  567.1   4895    1.4    0.3     92   6.92    254    5.8  322.9  345.6  324.2
  566.5   4903    1.4    0.3     93   6.94    254    5.8  322.9  345.7  324.3
  565.9   4912    1.3    0.4     94   6.98    254    5.8  322.9  345.8  324.3
  565.3   4920    1.2    0.3     94   6.97    254    5.8  323.0  345.8  324.3
  564.6   4930    1.3    0.3     94   6.97    254    5.8  323.1  346.0  324.4
  563.9   4941    1.2    0.3     94   6.99    255    5.8  323.2  346.1  324.5
  563.1   4952    1.2    0.3     94   6.96    255    5.8  323.3  346.1  324.6
  562.3   4963    1.2    0.2     93   6.95    256    5.9  323.4  346.2  324.7
  561.6   4973    1.1    0.1     93   6.91    256    5.9  323.4  346.2  324.8
  561.0   4981    1.1    0.1     93   6.90    257    6.0  323.5  346.2  324.9
  560.4   4990    1.1    0.2     93   6.94    258    6.1  323.6  346.5  325.0
  559.7   5000    1.1    0.1     93   6.94    259    6.2  323.7  346.6  325.1
  559.0   5011    1.1    0.1     93   6.92    260    6.2  323.8  346.6  325.1
  558.2   5022    1.0    0.0     93   6.90    261    6.3  323.9  346.6  325.2
  557.5   5033    1.1    0.0     92   6.91    261    6.4  324.1  346.9  325.4
  556.8   5043    1.2   -0.0     92   6.88    262    6.4  324.3  347.0  325.6
  556.0   5054    1.2   -0.1     91   6.88    263    6.4  324.5  347.2  325.8
  555.2   5065    1.1   -0.1     91   6.85    264    6.3  324.5  347.1  325.8
  554.6   5075    1.1   -0.2     92   6.85    264    6.3  324.5  347.1  325.8
  554.1   5082    1.0   -0.1     92   6.87    264    6.1  324.5  347.2  325.9
  553.5   5090    1.0   -0.1     92   6.88    264    6.0  324.6  347.3  325.9
  552.8   5100    0.9   -0.1     93   6.89    264    5.7  324.7  347.4  326.0
  552.1   5111    0.9   -0.2     93   6.87    263    5.5  324.7  347.4  326.0
  551.5   5120    0.8   -0.2     93   6.88    262    5.3  324.7  347.4  326.1
  550.8   5129    0.7   -0.1     94   6.90    261    5.0  324.7  347.6  326.1
  550.1   5139    0.6   -0.2     95   6.91    260    4.8  324.7  347.6  326.1
  549.4   5149    0.5   -0.2     95   6.90    258    4.5  324.8  347.6  326.1
  548.9   5158    0.4   -0.2     96   6.91    257    4.3  324.7  347.6  326.1
  548.4   5165    0.4   -0.1     96   6.94    256    4.1  324.7  347.7  326.1
  547.8   5174    0.3   -0.1     97   6.96    256    4.0  324.8  347.8  326.1
  547.1   5183    0.2   -0.1     98   6.98    256    3.8  324.8  347.8  326.1
  546.5   5193    0.1   -0.1     98   6.99    257    3.7  324.8  347.9  326.1
  545.7   5204    0.1   -0.0     99   7.02    259    3.6  324.9  348.1  326.2
  544.9   5216    0.0   -0.1     99   7.00    261    3.5  324.9  348.1  326.3
  544.1   5228   -0.0   -0.2     99   6.96    264    3.4  325.0  348.0  326.3
  543.4   5238   -0.1   -0.3     98   6.93    268    3.4  325.1  348.0  326.4
  542.7   5248   -0.1   -0.3     98   6.91    271    3.4  325.1  348.0  326.5
  542.1   5257   -0.2   -0.4     99   6.90    275    3.4  325.2  348.0  326.5
  541.6   5265   -0.2   -0.4     98   6.89    278    3.4  325.2  348.1  326.6
  541.0   5273   -0.2   -0.4     98   6.89    280    3.5  325.4  348.2  326.7
  540.4   5282   -0.0   -0.5     97   6.84    282    3.6  325.6  348.3  326.9
  539.8   5292    0.2   -0.7     94   6.79    282    3.7  325.9  348.5  327.3
  539.2   5301    0.2   -0.7     93   6.75    282    3.8  326.2  348.6  327.5
  538.6   5310    0.2   -0.8     93   6.72    281    3.9  326.2  348.6  327.5
  537.8   5321    0.2   -0.8     93   6.72    279    4.1  326.4  348.7  327.7
  537.0   5334    0.1   -0.9     93   6.71    277    4.3  326.4  348.7  327.7
  536.2   5346    0.1   -0.9     93   6.71    274    4.4  326.5  348.8  327.8
  535.4   5357   -0.0   -0.9     94   6.70    272    4.6  326.5  348.8  327.8
  534.6   5369   -0.1   -1.0     94   6.67    269    4.8  326.5  348.7  327.8
  534.0   5378   -0.2   -1.0     94   6.67    267    5.0  326.5  348.7  327.8
  533.5   5386   -0.3   -1.0     95   6.70    264    5.1  326.5  348.8  327.8
  532.9   5395   -0.4   -1.1     95   6.66    262    5.2  326.5  348.7  327.8
  532.2   5406   -0.5   -1.1     96   6.65    260    5.3  326.5  348.6  327.8
  531.4   5417   -0.6   -1.2     96   6.63    258    5.4  326.5  348.6  327.8
  530.8   5427   -0.7   -1.2     97   6.64    256    5.4  326.5  348.6  327.8
  530.1   5438   -0.8   -1.2     97   6.65    254    5.3  326.5  348.7  327.8
  529.3   5449   -0.9   -1.2     98   6.65    252    5.2  326.6  348.7  327.9
  528.5   5462   -0.9   -1.3     97   6.61    250    5.1  326.6  348.7  327.9
  527.7   5474   -1.0   -1.4     97   6.58    248    5.0  326.7  348.6  328.0
  527.0   5484   -1.1   -1.5     97   6.53    247    4.9  326.7  348.5  328.0
  526.4   5493   -1.2   -1.5     98   6.54    245    4.7  326.7  348.5  328.0
  525.7   5504   -1.2   -1.5     98   6.54    244    4.6  326.7  348.6  328.0
  524.9   5516   -1.4   -1.5     99   6.54    243    4.5  326.7  348.6  328.0
  524.1   5528   -1.4   -1.5     99   6.56    242    4.4  326.8  348.7  328.1
  523.4   5539   -1.5   -1.5    100   6.55    241    4.4  326.9  348.7  328.2
  522.7   5550   -1.6   -1.7     99   6.51    239    4.4  326.9  348.6  328.2
  522.0   5561   -1.6   -1.7     99   6.49    238    4.4  327.0  348.6  328.2
  521.3   5572   -1.7   -1.9     99   6.43    237    4.5  327.0  348.5  328.2
  520.5   5583   -1.8   -2.0     98   6.35    235    4.7  327.0  348.2  328.2
  519.8   5594   -1.9   -2.1     99   6.35    233    4.9  327.0  348.3  328.3
  519.2   5603   -1.9   -2.1     99   6.35    232    5.1  327.1  348.3  328.3
  518.6   5612   -2.0   -2.1     99   6.33    230    5.3  327.1  348.3  328.4
  518.0   5621   -2.1   -2.2     99   6.32    228    5.5  327.1  348.3  328.4
  517.4   5631   -2.2   -2.2    100   6.33    227    5.8  327.1  348.3  328.4
  516.8   5640   -2.2   -2.2    100   6.31    225    6.0  327.2  348.3  328.4
  516.2   5650   -2.2   -2.2    100   6.31    224    6.2  327.3  348.4  328.5
  515.6   5659   -2.3   -2.3    100   6.30    222    6.4  327.3  348.4  328.6
  515.0   5668   -2.3   -2.3    100   6.30    221    6.5  327.4  348.5  328.6
  514.4   5678   -2.4   -2.4    100   6.27    221    6.6  327.4  348.4  328.7
  513.6   5689   -2.4   -2.5     99   6.23    220    6.7  327.6  348.4  328.8
  512.9   5700   -2.5   -2.6     99   6.20    220    6.7  327.6  348.4  328.8
  512.2   5712   -2.6   -2.6    100   6.21    220    6.7  327.6  348.4  328.8
  511.4   5724   -2.6   -2.6    100   6.19    220    6.7  327.7  348.4  328.9
  510.7   5735   -2.7   -2.7    100   6.17    222    6.6  327.7  348.4  329.0
  510.1   5744   -2.7   -2.9     99   6.09    223    6.6  327.8  348.3  329.0
  509.5   5754   -2.7   -3.0     98   6.04    225    6.5  327.9  348.2  329.1
  508.7   5765   -2.7   -3.0     98   6.03    227    6.4  328.0  348.3  329.2
  508.0   5776   -2.8   -3.1     97   5.99    230    6.4  328.1  348.3  329.3
  507.4   5786   -2.8   -3.3     97   5.95    232    6.4  328.1  348.2  329.3
  506.7   5797   -2.9   -3.3     97   5.95    235    6.3  328.2  348.2  329.3
  505.9   5810   -3.0   -3.3     98   5.97    238    6.3  328.2  348.3  329.4
  505.0   5823   -3.1   -3.3     98   5.94    240    6.2  328.2  348.2  329.4
  504.4   5833   -3.2   -3.5     98   5.88    242    6.1  328.3  348.1  329.5
  503.9   5841   -3.2   -3.6     97   5.85    244    5.9  328.4  348.1  329.5
  503.3   5850   -3.2   -3.6     97   5.83    245    5.8  328.5  348.2  329.6
  502.6   5861   -3.0   -3.6     95   5.85    246    5.5  328.9  348.6  330.0
  501.9   5872   -3.0   -3.7     95   5.83    247    5.3  328.9  348.6  330.1
  501.2   5883   -3.1   -3.7     96   5.85    247    5.0  328.9  348.7  330.1
  500.6   5894   -3.1   -3.6     96   5.87    248    4.7  329.1  348.9  330.2
  500.0   5903   -3.1   -3.8     95   5.82    248    4.7  329.2  348.9  330.4
  499.9   5904   -3.1   -3.8     95   5.81    248    4.4  329.2  348.9  330.4
  499.4   5912   -2.9   -3.9     93   5.75    248    4.1  329.5  349.0  330.6
  498.8   5921   -2.9   -4.0     93   5.74    247    3.8  329.6  349.1  330.7
  498.2   5932   -3.1   -3.9     94   5.77    247    3.6  329.6  349.1  330.7
  497.5   5942   -3.2   -4.0     95   5.76    247    3.4  329.5  349.0  330.7
  496.9   5952   -3.2   -4.1     94   5.70    246    3.3  329.6  348.9  330.7
  496.2   5963   -3.1   -4.3     92   5.63    246    3.2  329.9  349.0  331.0
  495.5   5974   -3.0   -4.4     90   5.57    246    3.2  330.1  349.1  331.3
  494.9   5984   -3.0   -4.6     89   5.53    245    3.1  330.3  349.1  331.4
  494.2   5995   -3.0   -4.7     88   5.49    245    3.2  330.4  349.1  331.5
  493.5   6007   -2.9   -4.7     87   5.48    244    3.2  330.7  349.4  331.8
  492.7   6019   -2.9   -4.7     87   5.48    244    3.2  330.8  349.5  331.9
  491.9   6032   -2.9   -4.8     87   5.47    243    3.2  330.9  349.6  332.0
  491.1   6045   -2.9   -4.9     86   5.42    242    3.2  331.1  349.6  332.2
  490.5   6055   -2.9   -5.1     85   5.37    241    3.2  331.2  349.6  332.3
  489.8   6065   -2.9   -5.1     85   5.37    240    3.2  331.4  349.7  332.4
  489.1   6077   -3.0   -5.1     85   5.38    239    3.1  331.4  349.9  332.5
  488.3   6090   -3.1   -5.1     86   5.40    238    3.0  331.5  349.9  332.5
  487.6   6101   -3.2   -5.1     86   5.38    236    2.9  331.5  349.9  332.6
  487.0   6111   -3.2   -5.1     87   5.39    235    2.8  331.5  349.9  332.6
  486.4   6122   -3.3   -5.1     88   5.42    233    2.7  331.5  350.0  332.6
  485.6   6134   -3.4   -5.0     89   5.44    231    2.6  331.5  350.1  332.6
  484.9   6146   -3.6   -5.1     89   5.41    230    2.6  331.5  350.0  332.6
  484.2   6157   -3.6   -5.2     89   5.39    228    2.5  331.6  350.0  332.7
  483.7   6166   -3.6   -5.3     88   5.35    227    2.4  331.6  350.0  332.7
  483.1   6175   -3.7   -5.3     89   5.36    226    2.4  331.7  350.0  332.8
  482.6   6183   -3.8   -5.3     89   5.36    225    2.4  331.7  350.0  332.8
  482.0   6193   -3.8   -5.3     89   5.35    224    2.4  331.7  350.1  332.8
  481.4   6202   -3.9   -5.3     90   5.36    224    2.4  331.8  350.1  332.9
  480.9   6212   -4.0   -5.4     90   5.35    224    2.5  331.8  350.1  332.9
  480.3   6221   -4.0   -5.4     90   5.34    224    2.6  331.9  350.2  332.9
  479.8   6230   -4.1   -5.5     90   5.33    225    2.6  331.9  350.1  332.9
  479.1   6241   -4.2   -5.5     90   5.32    225    2.8  331.9  350.2  333.0
  478.4   6252   -4.2   -5.6     90   5.29    225    2.9  332.0  350.1  333.0
  477.8   6263   -4.3   -5.7     90   5.27    226    3.0  332.0  350.1  333.1
  477.1   6273   -4.3   -5.7     90   5.25    226    3.2  332.1  350.1  333.2
  476.5   6284   -4.3   -5.8     90   5.25    226    3.4  332.2  350.2  333.3
  475.7   6296   -4.4   -5.8     90   5.25    226    3.6  332.2  350.3  333.3
  475.0   6309   -4.5   -5.8     91   5.24    227    3.9  332.3  350.3  333.4
  474.3   6320   -4.6   -5.9     90   5.20    227    4.1  332.3  350.2  333.4
  473.7   6331   -4.6   -6.0     90   5.19    227    4.4  332.4  350.2  333.4
  473.0   6342   -4.7   -6.0     91   5.18    227    4.6  332.4  350.2  333.5
  472.3   6353   -4.8   -6.0     91   5.18    227    4.8  332.5  350.3  333.5
  471.7   6364   -4.9   -6.1     91   5.16    227    5.1  332.5  350.3  333.6
  471.0   6375   -4.9   -6.2     91   5.12    227    5.3  332.6  350.2  333.6
  470.3   6386   -4.9   -6.4     89   5.05    227    5.4  332.7  350.1  333.8
  469.6   6398   -5.0   -6.6     88   4.98    226    5.6  332.8  350.0  333.8
  468.9   6411   -5.0   -6.7     88   4.95    226    5.7  333.0  350.1  334.0
  468.1   6424   -5.0   -6.8     87   4.94    225    5.8  333.1  350.2  334.1
  467.5   6435   -5.1   -6.8     88   4.94    224    5.9  333.1  350.2  334.1
  466.9   6445   -5.1   -6.8     88   4.94    224    6.0  333.2  350.3  334.2
  466.3   6455   -5.2   -6.8     88   4.93    223    6.1  333.2  350.2  334.2
  465.7   6464   -5.3   -6.9     88   4.90    223    6.2  333.3  350.2  334.2
  465.0   6476   -5.3   -6.9     88   4.90    222    6.4  333.3  350.3  334.3
  464.3   6488   -5.4   -7.0     88   4.88    222    6.6  333.4  350.3  334.4
  463.7   6499   -5.4   -7.1     88   4.86    222    6.8  333.5  350.3  334.5
  463.0   6510   -5.4   -7.2     87   4.84    222    7.1  333.6  350.4  334.6
  462.3   6522   -5.4   -7.2     87   4.83    222    7.4  333.7  350.5  334.7
  461.7   6533   -5.5   -7.3     87   4.81    222    7.7  333.8  350.5  334.8
  461.1   6543   -5.5   -7.3     87   4.81    223    8.0  333.9  350.6  334.9
  460.3   6557   -5.6   -7.3     88   4.81    223    8.4  333.9  350.6  334.9
  459.5   6570   -5.7   -7.5     87   4.77    223    8.7  334.0  350.5  334.9
  458.8   6581   -5.7   -7.6     87   4.72    224    9.0  334.1  350.5  335.1
  458.2   6592   -5.8   -7.6     87   4.71    224    9.2  334.2  350.5  335.1
  457.5   6604   -5.8   -7.8     86   4.68    225    9.4  334.3  350.5  335.2
  456.9   6615   -5.9   -7.9     85   4.63    225    9.6  334.3  350.4  335.3
  456.3   6625   -5.9   -8.0     85   4.59    226    9.7  334.4  350.4  335.3
  455.7   6635   -5.9   -8.1     84   4.56    226    9.8  334.5  350.4  335.4
  455.1   6645   -5.9   -8.3     83   4.51    226    9.8  334.6  350.4  335.5
  454.4   6657   -5.9   -8.5     82   4.43    226    9.8  334.8  350.2  335.7
  453.8   6668   -6.0   -8.8     80   4.36    226    9.7  334.9  350.1  335.7
  453.2   6678   -6.0   -8.9     80   4.31    226    9.7  335.0  350.1  335.8
  452.7   6687   -6.0   -9.0     80   4.30    226    9.6  335.0  350.1  335.9
  452.1   6697   -6.1   -9.0     80   4.31    225    9.5  335.0  350.1  335.9
  451.6   6706   -6.2   -9.0     81   4.30    224    9.5  335.0  350.1  335.9
  451.0   6716   -6.3   -9.0     81   4.30    224    9.5  335.0  350.1  335.9
  450.4   6728   -6.4   -9.0     82   4.32    223    9.5  335.0  350.1  335.9
  449.7   6739   -6.5   -9.0     82   4.30    222    9.5  335.1  350.1  335.9
  449.1   6749   -6.6   -9.1     82   4.29    221    9.6  335.1  350.1  335.9
  448.5   6760   -6.7   -9.1     83   4.28    220    9.6  335.1  350.1  335.9
  447.7   6774   -6.8   -9.2     83   4.28    219    9.8  335.1  350.1  336.0
  447.0   6787   -6.9   -9.3     83   4.25    218    9.9  335.1  350.0  336.0
  446.3   6799   -7.0   -9.3     84   4.25    217   10.0  335.2  350.1  336.0
  445.6   6810   -7.1   -9.3     84   4.25    217   10.2  335.2  350.1  336.0
  445.0   6821   -7.2   -9.4     85   4.24    216   10.3  335.2  350.0  336.0
  444.4   6831   -7.3   -9.4     85   4.25    216   10.4  335.2  350.1  336.1
  443.9   6841   -7.3   -9.4     85   4.24    216   10.6  335.3  350.2  336.2
  443.3   6851   -7.3   -9.5     85   4.22    216   10.7  335.4  350.2  336.2
  442.7   6862   -7.4   -9.5     85   4.20    216   10.8  335.4  350.2  336.3
  442.1   6873   -7.5   -9.6     85   4.18    216   10.9  335.5  350.1  336.3
  441.4   6884   -7.5   -9.7     84   4.17    217   11.0  335.6  350.2  336.4
  440.7   6896   -7.6   -9.7     85   4.16    217   11.0  335.6  350.2  336.5
  440.1   6908   -7.7   -9.8     85   4.15    218   11.0  335.6  350.2  336.4
  439.3   6921   -7.8   -9.8     86   4.16    218   11.1  335.7  350.2  336.5
  438.6   6933   -7.9   -9.8     86   4.16    219   11.1  335.7  350.3  336.5
  438.0   6945   -8.0   -9.9     86   4.14    220   11.1  335.7  350.2  336.5
  437.4   6956   -8.1   -9.9     87   4.13    220   11.1  335.7  350.2  336.5
  436.8   6966   -8.2  -10.0     87   4.12    221   11.0  335.7  350.2  336.6
  436.2   6977   -8.2  -10.0     87   4.12    221   11.0  335.8  350.3  336.6
  435.5   6988   -8.3  -10.0     87   4.11    222   11.0  335.9  350.3  336.7
  434.9   7001   -8.3  -10.3     86   4.04    222   11.0  336.0  350.3  336.8
  434.2   7013   -8.3  -10.3     85   4.02    222   10.9  336.1  350.3  336.9
  433.5   7024   -8.4  -10.4     86   4.02    222   10.9  336.1  350.3  337.0
  432.9   7035   -8.5  -10.4     86   4.01    222   10.8  336.1  350.3  337.0
  432.3   7047   -8.6  -10.4     87   4.01    222   10.7  336.2  350.3  337.0
  431.6   7059   -8.7  -10.5     87   4.01    222   10.7  336.2  350.3  337.0
  430.9   7071   -8.8  -10.5     88   4.01    222   10.6  336.2  350.3  337.0
  430.2   7084   -9.0  -10.5     88   3.99    222   10.5  336.2  350.2  337.0
  429.6   7096   -9.1  -10.6     89   3.98    222   10.4  336.2  350.2  337.0
  428.8   7109   -9.2  -10.6     90   4.00    222   10.4  336.2  350.3  337.0
  428.1   7122   -9.3  -10.6     90   3.99    222   10.3  336.2  350.3  337.0
  427.4   7135   -9.4  -10.7     91   3.98    222   10.3  336.2  350.2  337.0
  426.7   7148   -9.6  -10.7     91   3.97    221   10.2  336.2  350.2  337.0
  425.9   7162   -9.7  -10.7     92   3.98    221   10.2  336.2  350.3  337.0
  425.2   7175   -9.8  -10.8     93   3.98    221   10.2  336.2  350.2  337.0
  424.6   7185   -9.9  -10.8     93   3.96    221   10.2  336.2  350.2  337.0
  424.1   7194  -10.0  -10.8     94   3.96    221   10.1  336.2  350.2  337.0
  423.7   7202  -10.1  -10.8     94   3.97    221   10.1  336.2  350.2  337.0
  423.1   7212  -10.2  -10.8     95   4.00    221   10.0  336.3  350.4  337.1
  422.5   7224  -10.2  -10.7     96   4.01    221   10.0  336.3  350.5  337.1
  421.8   7236  -10.2  -10.8     95   4.00    221    9.9  336.5  350.6  337.3
  421.2   7248  -10.2  -10.8     96   4.00    221    9.8  336.6  350.7  337.4
  420.5   7261  -10.3  -10.9     95   3.97    221    9.7  336.7  350.7  337.5
  419.7   7275  -10.3  -11.0     94   3.94    222    9.5  336.9  350.8  337.7
  419.0   7288  -10.4  -11.1     95   3.94    222    9.4  336.9  350.8  337.7
  418.3   7300  -10.4  -11.2     94   3.90    223    9.3  337.0  350.8  337.8
  417.7   7312  -10.5  -11.3     93   3.87    223    9.2  337.1  350.8  337.9
  417.1   7323  -10.5  -11.4     94   3.86    224    9.0  337.2  350.8  337.9
  416.5   7335  -10.6  -11.4     94   3.86    225    8.9  337.2  350.9  338.0
  415.8   7347  -10.7  -11.5     94   3.84    225    8.8  337.3  350.9  338.0
  415.2   7359  -10.8  -11.5     94   3.82    225    8.8  337.3  350.8  338.1
  414.5   7371  -10.8  -11.6     94   3.80    225    8.7  337.4  350.9  338.2
  413.9   7383  -10.9  -11.8     93   3.77    226    8.7  337.5  350.9  338.2
  413.3   7394  -10.9  -11.9     92   3.73    226    8.6  337.6  350.8  338.3
  412.6   7406  -10.9  -12.0     92   3.71    225    8.6  337.7  350.9  338.4
  412.0   7417  -11.0  -12.1     92   3.68    225    8.6  337.7  350.8  338.5
  411.4   7429  -11.1  -12.1     92   3.68    225    8.6  337.8  350.9  338.5
  410.8   7441  -11.1  -12.1     93   3.69    225    8.7  337.8  351.0  338.6
  410.2   7452  -11.2  -12.2     92   3.66    225    8.7  337.9  351.0  338.7
  409.5   7464  -11.2  -12.3     91   3.63    225    8.7  338.1  351.0  338.8
  408.9   7477  -11.2  -12.5     90   3.60    225    8.8  338.2  351.0  338.9
  408.1   7490  -11.3  -12.6     90   3.56    225    8.8  338.3  351.0  339.0
  407.5   7503  -11.4  -12.8     90   3.53    225    8.8  338.3  350.9  339.0
  406.8   7516  -11.5  -12.8     90   3.52    226    8.9  338.4  350.9  339.1
  406.1   7528  -11.5  -12.8     90   3.53    226    8.9  338.4  351.0  339.1
  405.5   7540  -11.6  -12.8     91   3.53    226    8.9  338.4  351.0  339.2
  404.9   7552  -11.7  -12.9     91   3.52    226    8.9  338.5  351.0  339.2
  404.2   7564  -11.8  -12.9     91   3.51    226    8.8  338.5  351.1  339.2
  403.7   7575  -11.9  -13.0     91   3.49    225    8.8  338.5  351.0  339.2
  403.1   7584  -12.0  -13.1     91   3.47    225    8.8  338.6  351.0  339.3
  402.6   7595  -12.0  -13.1     91   3.46    225    8.7  338.6  351.0  339.4
  402.0   7607  -12.0  -13.1     92   3.48    224    8.6  338.8  351.2  339.5
  401.5   7617  -12.1  -13.2     92   3.47    224    8.6  338.8  351.3  339.5
  401.0   7626  -12.1  -13.3     91   3.43    223    8.5  338.9  351.2  339.6
  400.4   7637  -12.2  -13.4     91   3.42    223    8.5  339.0  351.2  339.7
  400.0   7644  -12.2  -13.4     91   3.41    223    8.5  339.0  351.2  339.7
  399.8   7649  -12.3  -13.4     91   3.41    222    8.5  339.0  351.2  339.7
  399.2   7660  -12.4  -13.4     92   3.41    222    8.4  339.0  351.2  339.7
  398.7   7670  -12.5  -13.4     93   3.42    222    8.4  339.0  351.2  339.7
  398.2   7679  -12.6  -13.5     93   3.41    222    8.4  339.0  351.2  339.7
  397.7   7688  -12.7  -13.5     94   3.41    223    8.4  339.0  351.2  339.7
  397.2   7699  -12.7  -13.5     94   3.41    223    8.4  339.0  351.2  339.7
  396.6   7709  -12.8  -13.6     93   3.39    224    8.4  339.1  351.3  339.8
  396.1   7719  -12.8  -13.7     93   3.37    224    8.5  339.2  351.3  339.9
  395.6   7729  -12.9  -13.7     94   3.38    225    8.5  339.2  351.3  339.9
  395.1   7738  -13.0  -13.7     94   3.37    225    8.5  339.2  351.3  339.9
  394.6   7749  -13.1  -13.8     94   3.36    226    8.5  339.2  351.3  339.9
  393.9   7762  -13.1  -13.8     94   3.34    226    8.4  339.3  351.3  340.0
  393.2   7775  -13.2  -14.0     94   3.32    227    8.4  339.4  351.3  340.1
  392.5   7789  -13.3  -14.1     93   3.28    227    8.3  339.5  351.3  340.2
  391.8   7802  -13.3  -14.4     91   3.22    227    8.2  339.7  351.3  340.3
  391.2   7814  -13.2  -14.5     90   3.18    227    8.1  339.8  351.3  340.5
  390.6   7827  -13.2  -14.7     89   3.14    227    8.0  340.0  351.4  340.7
  390.0   7838  -13.3  -14.8     88   3.12    227    7.9  340.1  351.4  340.7
  389.4   7850  -13.4  -14.8     89   3.12    226    7.7  340.1  351.4  340.8
  388.8   7862  -13.5  -14.9     89   3.11    226    7.6  340.1  351.4  340.8
  388.2   7874  -13.5  -15.0     88   3.09    225    7.4  340.3  351.4  340.9
  387.6   7884  -13.5  -15.0     88   3.09    225    7.3  340.4  351.6  341.0
  387.2   7893  -13.5  -15.0     89   3.09    224    7.2  340.4  351.6  341.1
  386.6   7904  -13.6  -15.1     89   3.08    223    7.1  340.5  351.7  341.1
  386.1   7915  -13.7  -15.2     88   3.04    222    7.0  340.6  351.6  341.2
  385.5   7926  -13.7  -15.4     87   3.01    221    6.9  340.6  351.5  341.3
  385.0   7935  -13.8  -15.4     87   3.00    220    6.8  340.7  351.5  341.3
  384.5   7946  -13.9  -15.5     88   3.00    218    6.7  340.6  351.5  341.3
  383.9   7959  -14.0  -15.5     88   2.99    217    6.6  340.7  351.5  341.3
  383.3   7970  -14.1  -15.7     87   2.94    215    6.5  340.8  351.4  341.4
  382.7   7981  -14.0  -16.0     85   2.87    213    6.4  341.0  351.4  341.6
  382.2   7992  -13.9  -16.3     82   2.82    212    6.3  341.2  351.5  341.8
  381.5   8005  -13.9  -16.4     81   2.79    210    6.1  341.5  351.7  342.1
  380.9   8016  -13.9  -16.5     81   2.78    208    6.0  341.6  351.7  342.2
  380.3   8029  -14.0  -16.5     81   2.78    206    5.9  341.6  351.8  342.2
  379.6   8043  -14.1  -16.6     82   2.77    204    5.8  341.6  351.8  342.2
  379.0   8055  -14.2  -16.7     81   2.74    203    5.7  341.7  351.7  342.3
  378.4   8066  -14.2  -16.8     81   2.72    202    5.6  341.8  351.7  342.3
  377.9   8078  -14.3  -17.0     80   2.69    200    5.5  341.8  351.7  342.4
  377.4   8088  -14.3  -17.2     79   2.65    200    5.4  341.9  351.6  342.4
  376.9   8097  -14.4  -17.3     79   2.63    199    5.3  342.0  351.6  342.5
  376.4   8108  -14.4  -17.4     78   2.61    199    5.2  342.1  351.6  342.6
  375.8   8120  -14.4  -17.4     78   2.60    199    5.1  342.2  351.7  342.7
  375.1   8133  -14.5  -17.6     77   2.57    198    5.0  342.3  351.8  342.8
  374.5   8146  -14.5  -17.6     77   2.57    198    4.9  342.4  351.9  343.0
  373.9   8159  -14.6  -17.6     78   2.59    198    4.9  342.5  352.0  343.0
  373.2   8172  -14.7  -17.6     79   2.59    197    4.8  342.5  352.0  343.0
  372.6   8185  -14.8  -17.6     79   2.58    196    4.7  342.5  352.0  343.0
  372.0   8196  -14.9  -17.7     80   2.57    195    4.6  342.5  352.0  343.1
  371.6   8206  -14.9  -17.9     78   2.54    193    4.6  342.6  352.0  343.2
  371.1   8215  -14.9  -18.2     76   2.46    191    4.6  342.9  352.0  343.4
  370.6   8226  -14.8  -18.7     72   2.37    188    4.5  343.1  351.9  343.6
  369.9   8239  -14.6  -19.3     68   2.25    186    4.6  343.5  351.8  343.9
  369.3   8253  -14.6  -19.9     64   2.14    183    4.6  343.6  351.6  344.1
  368.6   8266  -14.7  -20.4     62   2.06    180    4.6  343.8  351.5  344.2
  368.0   8279  -14.7  -20.8     60   1.98    178    4.7  343.9  351.3  344.3
  367.4   8292  -14.8  -21.3     58   1.91    176    4.8  343.9  351.1  344.3
  366.7   8304  -14.9  -21.7     56   1.85    174    4.9  344.0  351.0  344.4
  366.1   8318  -15.0  -22.1     54   1.78    173    5.0  344.1  350.8  344.4
  365.4   8332  -15.0  -22.8     51   1.68    172    5.1  344.2  350.6  344.6
  364.7   8346  -15.1  -23.0     51   1.66    172    5.3  344.2  350.5  344.6
  364.1   8360  -15.2  -23.0     51   1.65    172    5.4  344.2  350.5  344.6
  363.4   8374  -15.3  -23.3     51   1.62    172    5.6  344.3  350.4  344.6
  362.7   8388  -15.4  -23.6     49   1.57    173    5.7  344.3  350.3  344.6
  362.0   8402  -15.5  -24.0     48   1.52    173    5.9  344.4  350.2  344.7
  361.4   8416  -15.6  -24.4     47   1.47    174    6.1  344.5  350.1  344.8
  360.7   8430  -15.7  -24.7     46   1.44    174    6.3  344.6  350.1  344.9
  360.1   8442  -15.8  -24.9     45   1.42    175    6.5  344.6  350.0  344.9
  359.5   8454  -15.8  -25.0     45   1.41    175    6.8  344.7  350.1  345.0
  358.9   8467  -15.9  -24.9     46   1.41    175    7.0  344.7  350.1  345.0
  358.3   8481  -16.1  -25.0     46   1.41    175    7.2  344.7  350.1  345.0
  357.7   8494  -16.2  -25.1     46   1.39    176    7.4  344.7  350.1  345.0
  357.0   8508  -16.3  -25.2     46   1.39    176    7.6  344.8  350.1  345.1
  356.3   8522  -16.4  -25.3     46   1.38    176    7.8  344.8  350.1  345.1
  355.7   8536  -16.5  -25.4     46   1.37    176    7.9  344.8  350.0  345.1
  355.0   8549  -16.6  -25.6     46   1.35    176    8.1  344.8  350.0  345.1
  354.4   8562  -16.7  -25.9     45   1.31    177    8.2  344.9  349.9  345.2
  353.8   8575  -16.8  -26.2     44   1.28    177    8.3  345.0  349.9  345.3
  353.2   8589  -16.9  -26.3     44   1.27    178    8.4  345.0  349.9  345.3
  352.7   8600  -16.9  -26.4     44   1.26    178    8.5  345.1  349.9  345.3
  352.2   8610  -17.0  -26.4     44   1.26    178    8.6  345.1  350.0  345.4
  351.7   8621  -17.1  -26.4     45   1.27    179    8.6  345.1  350.0  345.4
  351.2   8632  -17.2  -26.4     45   1.27    179    8.6  345.1  350.0  345.4
  350.6   8644  -17.3  -26.4     45   1.27    179    8.6  345.2  350.1  345.4
  350.0   8657  -17.4  -26.5     45   1.26    179    8.6  345.2  350.0  345.4
  349.5   8667  -17.5  -26.6     45   1.25    179    8.6  345.2  350.0  345.4
  349.0   8678  -17.6  -26.6     45   1.25    179    8.6  345.2  350.0  345.5
  348.5   8689  -17.7  -26.6     46   1.26    178    8.6  345.2  350.0  345.5
  348.0   8699  -17.8  -26.6     46   1.25    178    8.6  345.2  350.0  345.5
  347.6   8708  -17.9  -26.6     46   1.25    177    8.6  345.2  350.0  345.5
  347.2   8717  -18.0  -26.6     47   1.26    177    8.6  345.2  350.0  345.5
  346.7   8728  -18.1  -26.5     48   1.27    176    8.7  345.2  350.1  345.4
  346.2   8738  -18.2  -26.5     48   1.27    176    8.7  345.2  350.1  345.5
  345.7   8749  -18.3  -26.6     48   1.26    175    8.8  345.2  350.1  345.5
  345.2   8759  -18.4  -26.7     48   1.26    174    9.0  345.2  350.1  345.5
  344.8   8769  -18.5  -26.7     48   1.25    174    9.1  345.2  350.0  345.4
  344.3   8779  -18.6  -26.8     49   1.25    173    9.2  345.2  350.0  345.5
  343.9   8789  -18.7  -26.7     49   1.25    173    9.3  345.2  350.0  345.4
  343.4   8799  -18.8  -26.7     50   1.26    172    9.5  345.2  350.1  345.5
  342.9   8810  -18.9  -26.7     50   1.26    172    9.6  345.2  350.1  345.5
  342.4   8820  -19.0  -26.7     50   1.26    171    9.6  345.2  350.1  345.5
  341.9   8831  -19.1  -26.7     51   1.26    170    9.7  345.3  350.1  345.5
  341.4   8841  -19.2  -26.8     51   1.25    170    9.7  345.3  350.1  345.5
  341.0   8851  -19.3  -26.8     51   1.25    169    9.7  345.3  350.1  345.5
  340.4   8863  -19.4  -26.8     52   1.26    168    9.7  345.3  350.2  345.6
  339.8   8877  -19.5  -26.8     52   1.26    167    9.6  345.3  350.1  345.6
  339.2   8890  -19.6  -26.9     52   1.25    166    9.6  345.3  350.1  345.6
  338.7   8901  -19.7  -26.9     53   1.25    165    9.5  345.3  350.1  345.6
  338.2   8911  -19.8  -26.9     53   1.26    164    9.4  345.4  350.2  345.6
  337.8   8922  -19.9  -26.9     54   1.26    162    9.3  345.3  350.2  345.6
  337.2   8934  -20.0  -26.8     55   1.27    161    9.2  345.4  350.3  345.6
  336.6   8948  -20.1  -26.7     56   1.28    160    9.2  345.3  350.3  345.6
  336.0   8960  -20.3  -26.7     56   1.28    159    9.1  345.3  350.3  345.6
  335.5   8971  -20.4  -26.8     57   1.28    158    9.1  345.3  350.3  345.6
  335.1   8980  -20.5  -26.8     57   1.27    157    9.1  345.3  350.2  345.6
  334.7   8988  -20.5  -26.9     57   1.26    156    9.1  345.3  350.2  345.6
  334.3   8998  -20.6  -27.0     57   1.26    155    9.1  345.3  350.2  345.6
  333.9   9008  -20.7  -26.9     58   1.27    154    9.1  345.3  350.2  345.6
  333.3   9020  -20.9  -26.8     59   1.29    153    9.1  345.3  350.3  345.6
  332.8   9031  -21.0  -26.8     59   1.28    153    9.2  345.3  350.3  345.6
  332.4   9039  -21.0  -26.9     59   1.28    152    9.2  345.3  350.3  345.6
  332.0   9049  -21.1  -26.9     60   1.28    152    9.1  345.3  350.3  345.6
  331.4   9062  -21.3  -26.9     60   1.28    152    9.1  345.3  350.2  345.6
  330.9   9074  -21.4  -27.0     61   1.28    151    9.1  345.3  350.2  345.6
  330.4   9085  -21.5  -26.9     62   1.29    151    9.0  345.2  350.2  345.5
  329.9   9096  -21.6  -26.8     63   1.29    151    8.9  345.3  350.2  345.5
  329.4   9108  -21.8  -26.9     63   1.29    151    8.8  345.2  350.2  345.5
  328.9   9118  -21.9  -27.0     63   1.28    150    8.6  345.3  350.2  345.5
  328.4   9129  -22.0  -27.0     64   1.28    150    8.5  345.3  350.2  345.6
  328.0   9139  -22.1  -26.9     65   1.29    150    8.4  345.3  350.2  345.5
  327.6   9148  -22.2  -26.9     65   1.29    150    8.3  345.2  350.2  345.5
  327.1   9157  -22.3  -27.0     65   1.28    149    8.2  345.2  350.2  345.5
  326.8   9166  -22.4  -27.1     65   1.28    149    8.1  345.2  350.1  345.5
  326.3   9176  -22.5  -27.0     66   1.28    149    8.1  345.2  350.2  345.5
  325.8   9187  -22.6  -27.1     67   1.28    149    8.1  345.2  350.1  345.5
  325.3   9199  -22.7  -27.1     67   1.28    148    8.1  345.2  350.1  345.5
  324.8   9211  -22.8  -27.2     67   1.27    148    8.1  345.2  350.1  345.5
  324.3   9222  -22.9  -27.2     68   1.27    148    8.2  345.2  350.1  345.5
  323.8   9232  -23.0  -27.2     69   1.28    148    8.3  345.2  350.2  345.5
  323.4   9243  -23.1  -27.2     69   1.28    147    8.3  345.2  350.2  345.5
  322.9   9254  -23.2  -27.2     70   1.28    147    8.4  345.2  350.2  345.5
  322.4   9265  -23.3  -27.2     70   1.27    147    8.5  345.3  350.2  345.5
  321.9   9276  -23.4  -27.4     70   1.26    147    8.6  345.3  350.2  345.5
  321.4   9287  -23.5  -27.3     71   1.27    147    8.6  345.3  350.2  345.6
  320.9   9299  -23.6  -27.3     71   1.27    147    8.6  345.3  350.2  345.6
  320.4   9311  -23.6  -27.4     71   1.26    147    8.6  345.4  350.2  345.6
  319.8   9323  -23.8  -27.4     72   1.26    147    8.5  345.4  350.3  345.7
  319.3   9336  -23.9  -27.5     72   1.25    147    8.4  345.4  350.2  345.7
  318.7   9350  -24.0  -27.6     72   1.25    147    8.2  345.5  350.3  345.7
  318.0   9364  -24.1  -27.6     72   1.25    147    8.0  345.5  350.3  345.7
  317.4   9379  -24.2  -27.7     73   1.24    147    7.8  345.5  350.3  345.8
  316.7   9395  -24.4  -27.7     74   1.25    148    7.5  345.5  350.4  345.8
  316.0   9410  -24.4  -27.6     74   1.25    148    7.2  345.7  350.6  346.0
  315.4   9424  -24.3  -27.6     74   1.27    149    6.9  346.0  350.9  346.3
  314.9   9436  -24.3  -27.5     75   1.27    149    6.6  346.1  351.0  346.4
  314.5   9446  -24.3  -27.6     74   1.26    150    6.4  346.2  351.1  346.5
  314.0   9457  -24.3  -27.6     74   1.27    151    6.1  346.5  351.4  346.8
  313.5   9469  -24.4  -27.6     75   1.27    153    5.8  346.5  351.5  346.8
  312.9   9483  -24.5  -27.5     76   1.28    155    5.6  346.5  351.5  346.8
  312.3   9498  -24.6  -27.5     76   1.28    157    5.4  346.6  351.6  346.9
  311.7   9511  -24.6  -27.7     75   1.26    160    5.2  346.7  351.6  347.0
  311.2   9522  -24.6  -27.9     74   1.24    163    5.1  346.9  351.7  347.2
  310.8   9533  -24.6  -28.0     73   1.24    167    4.9  347.1  351.9  347.4
  310.3   9544  -24.7  -28.0     73   1.23    171    4.8  347.1  351.9  347.4
  309.9   9554  -24.8  -28.0     74   1.24    175    4.7  347.1  351.9  347.4
  309.4   9565  -24.9  -28.0     75   1.24    179    4.7  347.2  352.0  347.4
  308.9   9577  -24.9  -28.2     74   1.22    184    4.6  347.2  352.0  347.5
  308.4   9589  -25.0  -28.3     74   1.21    189    4.6  347.3  352.0  347.5
  307.8   9601  -25.1  -28.4     74   1.20    194    4.6  347.3  352.0  347.6
  307.4   9613  -25.2  -28.4     74   1.20    199    4.6  347.4  352.0  347.6
  306.9   9625  -25.3  -28.5     74   1.19    203    4.6  347.4  352.0  347.7
  306.3   9639  -25.3  -28.7     73   1.17    207    4.6  347.5  352.1  347.8
  305.7   9653  -25.4  -28.8     73   1.16    211    4.6  347.6  352.1  347.8
  305.2   9664  -25.5  -29.0     73   1.15    214    4.6  347.6  352.1  347.9
  304.8   9673  -25.5  -28.8     74   1.16    217    4.6  347.7  352.2  347.9
  304.4   9682  -25.6  -28.7     75   1.17    219    4.6  347.7  352.3  348.0
  304.0   9693  -25.7  -28.8     75   1.17    221    4.5  347.7  352.3  347.9
  303.5   9705  -25.8  -28.9     75   1.16    222    4.5  347.7  352.2  347.9
  303.0   9717  -25.9  -29.0     76   1.16    223    4.5  347.7  352.2  348.0
  302.4   9730  -26.0  -29.0     76   1.16    224    4.5  347.8  352.3  348.0
  301.9   9744  -26.1  -28.9     77   1.17    225    4.6  347.8  352.4  348.1
  301.4   9756  -26.2  -28.9     78   1.17    226    4.6  347.8  352.4  348.1
  300.8   9769  -26.4  -28.9     79   1.18    227    4.6  347.8  352.4  348.1
  300.3   9783  -26.5  -28.7     81   1.19    228    4.6  347.9  352.5  348.1
  300.0   9789  -26.5  -28.8     81   1.19    229    4.7  347.9  352.6  348.2
  299.7   9795  -26.5  -28.8     81   1.19    229    4.7  347.9  352.6  348.2
  299.3   9806  -26.6  -28.8     82   1.19    230    4.7  348.0  352.6  348.2
  298.9   9816  -26.7  -28.8     82   1.19    231    4.8  347.9  352.6  348.2
  298.4   9828  -26.8  -28.8     83   1.19    233    4.8  348.0  352.6  348.2
  297.9   9840  -26.9  -28.9     83   1.18    235    4.8  348.0  352.6  348.3
  297.4   9853  -26.9  -29.0     83   1.17    236    4.9  348.1  352.7  348.4
  296.8   9866  -27.0  -28.9     84   1.18    238    4.9  348.2  352.8  348.5
  296.3   9878  -27.1  -29.0     84   1.18    240    4.9  348.3  352.9  348.5
  295.8   9890  -27.2  -29.2     83   1.16    241    5.0  348.3  352.9  348.6
  295.4   9901  -27.3  -29.4     82   1.14    243    5.0  348.3  352.8  348.6
  294.9   9911  -27.3  -29.7     80   1.11    244    5.0  348.5  352.8  348.7
  294.5   9922  -27.3  -29.9     79   1.09    245    5.1  348.6  352.9  348.8
  294.0   9934  -27.4  -29.8     80   1.10    246    5.1  348.6  352.9  348.9
  293.5   9947  -27.5  -29.9     80   1.09    247    5.2  348.7  352.9  348.9
  292.9   9961  -27.6  -30.0     80   1.08    248    5.2  348.7  353.0  348.9
  292.3   9975  -27.7  -30.2     79   1.06    249    5.2  348.8  353.0  349.0
  291.8   9988  -27.8  -30.4     78   1.05    249    5.2  348.8  352.9  349.0
  291.4   9999  -27.9  -30.4     79   1.05    250    5.2  348.8  352.9  349.0
  290.9  10011  -28.0  -30.4     80   1.05    250    5.2  348.8  353.0  349.1
  290.4  10024  -28.1  -30.4     81   1.06    251    5.2  348.9  353.1  349.1
  289.8  10038  -28.2  -30.3     82   1.06    251    5.2  349.0  353.1  349.2
  289.3  10051  -28.3  -30.5     81   1.05    252    5.2  349.0  353.1  349.2
  288.8  10064  -28.4  -30.7     81   1.03    253    5.1  349.0  353.0  349.2
  288.3  10076  -28.5  -30.8     80   1.02    253    5.1  349.0  353.0  349.2
  287.7  10089  -28.6  -31.2     79   0.99    254    5.0  349.1  353.0  349.3
  287.2  10103  -28.7  -31.4     78   0.97    255    5.0  349.1  352.9  349.3
  286.7  10114  -28.8  -31.5     78   0.96    256    5.0  349.1  352.9  349.3
  286.3  10125  -28.9  -31.8     76   0.94    256    4.9  349.1  352.9  349.3
  285.8  10136  -29.0  -32.0     75   0.92    257    4.9  349.3  352.9  349.4
  285.4  10147  -29.0  -31.9     76   0.93    258    4.9  349.3  353.0  349.5
  284.9  10159  -29.1  -31.8     77   0.94    258    4.9  349.4  353.1  349.6
  284.5  10169  -29.2  -31.9     77   0.94    258    4.9  349.4  353.1  349.6
  284.1  10179  -29.2  -32.0     77   0.93    258    4.9  349.4  353.1  349.6
  283.8  10187  -29.3  -32.1     76   0.92    258    4.9  349.5  353.2  349.7
  283.5  10195  -29.3  -32.1     76   0.91    258    4.9  349.5  353.2  349.7
  283.0  10207  -29.4  -32.2     77   0.91    258    5.0  349.6  353.2  349.8
  282.6  10219  -29.5  -32.3     77   0.90    258    5.0  349.6  353.2  349.8
  282.1  10230  -29.6  -32.5     76   0.89    258    5.0  349.6  353.2  349.8
  281.6  10242  -29.7  -32.5     77   0.89    258    5.1  349.6  353.2  349.8
  281.1  10255  -29.8  -32.5     77   0.89    258    5.1  349.7  353.2  349.8
  280.6  10268  -29.9  -32.6     78   0.89    257    5.1  349.7  353.2  349.9
  280.0  10284  -30.1  -32.8     77   0.87    257    5.1  349.7  353.2  349.9
  279.4  10298  -30.2  -33.2     75   0.84    256    5.1  349.8  353.1  350.0
  278.9  10310  -30.2  -33.6     72   0.81    256    5.1  349.9  353.1  350.0
  278.5  10323  -30.3  -33.6     73   0.80    255    5.1  349.9  353.1  350.0
  278.0  10335  -30.4  -33.6     74   0.81    255    5.0  349.9  353.1  350.0
  277.5  10348  -30.6  -33.7     74   0.80    254    5.0  349.9  353.1  350.1
  277.0  10359  -30.7  -33.9     73   0.79    254    4.9  349.9  353.1  350.1
  276.6  10371  -30.7  -34.2     71   0.76    253    4.8  350.0  353.0  350.1
  276.1  10384  -30.8  -34.5     70   0.74    253    4.8  350.1  353.0  350.2
  275.6  10397  -30.8  -34.7     69   0.74    253    4.7  350.2  353.1  350.3
  275.1  10410  -30.9  -34.7     69   0.73    253    4.6  350.2  353.2  350.4
  274.6  10422  -31.0  -34.8     69   0.73    254    4.5  350.3  353.2  350.4
  274.0  10437  -31.1  -34.8     70   0.73    254    4.5  350.3  353.3  350.5
  273.4  10452  -31.3  -34.8     71   0.73    254    4.4  350.4  353.3  350.5
  273.0  10464  -31.4  -34.9     71   0.72    254    4.3  350.3  353.3  350.5
  272.5  10475  -31.4  -35.1     70   0.71    254    4.2  350.5  353.3  350.6
  272.1  10487  -31.5  -35.1     71   0.71    254    4.2  350.5  353.4  350.6
  271.6  10498  -31.6  -35.0     72   0.72    253    4.1  350.5  353.4  350.7
  271.2  10510  -31.7  -35.1     72   0.72    252    4.0  350.5  353.4  350.7
  270.7  10522  -31.8  -35.4     71   0.70    251    3.9  350.6  353.4  350.7
  270.3  10534  -31.9  -35.7     68   0.67    249    3.9  350.6  353.4  350.8
  269.8  10546  -32.0  -36.0     68   0.66    247    3.8  350.7  353.4  350.8
  269.4  10558  -32.0  -35.9     68   0.66    244    3.7  350.7  353.4  350.8
  269.0  10569  -32.1  -36.1     68   0.65    241    3.7  350.7  353.4  350.9
  268.4  10582  -32.2  -36.2     68   0.65    239    3.6  350.8  353.5  351.0
  268.0  10595  -32.3  -36.2     68   0.65    236    3.6  350.9  353.5  351.0
  267.5  10607  -32.3  -36.1     69   0.65    234    3.6  351.0  353.6  351.1
  267.0  10619  -32.4  -36.2     69   0.65    232    3.5  351.0  353.7  351.2
  266.5  10633  -32.5  -36.3     69   0.64    230    3.5  351.1  353.7  351.2
  266.0  10646  -32.6  -36.5     68   0.63    228    3.5  351.1  353.7  351.3
  265.6  10657  -32.7  -36.6     68   0.63    227    3.4  351.2  353.7  351.3
  265.3  10666  -32.8  -36.5     69   0.63    225    3.4  351.1  353.7  351.3
  264.9  10677  -32.9  -36.4     71   0.64    224    3.3  351.1  353.8  351.3
  264.4  10688  -33.0  -36.4     72   0.65    223    3.2  351.2  353.8  351.3
  264.0  10700  -33.1  -36.5     72   0.64    222    3.1  351.2  353.8  351.3
  263.5  10714  -33.2  -36.6     71   0.63    221    3.0  351.2  353.8  351.4
  263.0  10726  -33.3  -36.8     71   0.62    219    2.9  351.2  353.8  351.4
  262.6  10738  -33.4  -37.0     70   0.61    217    2.7  351.3  353.8  351.4
  262.1  10750  -33.5  -37.3     69   0.60    215    2.6  351.4  353.8  351.5
  261.6  10763  -33.5  -37.4     68   0.59    212    2.5  351.5  353.9  351.6
  261.1  10776  -33.6  -37.4     69   0.59    209    2.4  351.5  354.0  351.7
  260.7  10787  -33.7  -37.5     68   0.58    205    2.3  351.5  353.9  351.7
  260.4  10798  -33.8  -37.6     68   0.58    202    2.2  351.5  353.9  351.7
  259.9  10810  -33.9  -37.5     70   0.59    198    2.2  351.6  354.0  351.7
  259.4  10824  -34.0  -37.6     70   0.58    194    2.2  351.6  354.0  351.7
  258.9  10836  -34.1  -37.8     70   0.57    191    2.2  351.6  354.0  351.8
  258.5  10847  -34.2  -37.8     70   0.57    188    2.2  351.7  354.0  351.8
  258.1  10858  -34.3  -37.9     70   0.57    185    2.2  351.7  354.0  351.8
  257.7  10869  -34.4  -37.9     70   0.57    183    2.2  351.7  354.0  351.8
  257.3  10881  -34.5  -37.9     71   0.57    180    2.2  351.7  354.0  351.8
  256.8  10894  -34.7  -37.9     72   0.57    178    2.2  351.7  354.0  351.8
  256.3  10907  -34.8  -38.0     72   0.57    176    2.1  351.7  354.0  351.8
  255.9  10919  -34.9  -38.1     73   0.56    174    2.1  351.7  354.0  351.8
  255.4  10931  -35.0  -38.2     73   0.56    172    2.0  351.7  354.0  351.8
  255.0  10942  -35.1  -38.2     73   0.56    170    2.0  351.8  354.0  351.9
  254.6  10954  -35.2  -38.2     74   0.56    168    1.9  351.8  354.1  351.9
  254.1  10967  -35.3  -38.2     75   0.56    167    1.8  351.8  354.1  351.9
  253.7  10980  -35.4  -38.2     75   0.56    166    1.7  351.8  354.1  351.9
  253.2  10993  -35.5  -38.2     76   0.56    165    1.6  351.9  354.2  352.0
  252.7  11006  -35.6  -38.3     76   0.56    166    1.5  351.9  354.2  352.0
  252.2  11019  -35.7  -38.4     76   0.55    167    1.4  351.9  354.2  352.0
  251.7  11032  -35.8  -38.3     78   0.56    169    1.3  351.9  354.2  352.1
  251.3  11044  -36.0  -38.3     79   0.56    173    1.2  351.9  354.2  352.0
  250.9  11055  -36.1  -38.4     79   0.56    179    1.1  351.9  354.2  352.0
  250.5  11067  -36.2  -38.4     80   0.55    186    1.1  351.9  354.2  352.0
  250.1  11078  -36.3  -38.4     81   0.55    194    1.1  351.9  354.2  352.0
  250.0  11080  -36.3  -38.4     81   0.56    203    1.1  351.9  354.2  352.0
  249.6  11091  -36.4  -38.4     82   0.56    203    1.1  351.9  354.2  352.0
  249.2  11103  -36.5  -38.5     82   0.55    211    1.2  351.9  354.2  352.0
  248.7  11116  -36.6  -38.7     81   0.54    219    1.3  352.0  354.3  352.1
  248.2  11129  -36.7  -38.9     80   0.53    225    1.4  352.1  354.3  352.2
  247.8  11142  -36.8  -39.3     77   0.51    229    1.5  352.1  354.3  352.3
  247.4  11154  -36.8  -39.8     74   0.48    233    1.6  352.2  354.2  352.3
  246.9  11167  -36.9  -40.1     72   0.47    236    1.8  352.3  354.2  352.4
  246.5  11179  -37.0  -39.9     74   0.48    238    1.9  352.3  354.3  352.4
  246.1  11190  -37.1  -39.8     76   0.49    240    2.0  352.3  354.3  352.4
  245.7  11201  -37.2  -39.6     78   0.50    242    2.1  352.3  354.4  352.4
  245.3  11211  -37.3  -39.6     79   0.50    245    2.2  352.3  354.4  352.4
  245.0  11221  -37.4  -39.9     77   0.49    247    2.2  352.3  354.3  352.4
  244.6  11233  -37.5  -40.3     75   0.47    250    2.3  352.4  354.3  352.5
  244.1  11246  -37.6  -40.4     75   0.46    253    2.3  352.4  354.3  352.5
  243.6  11259  -37.7  -40.4     76   0.47    256    2.3  352.4  354.4  352.5
  243.2  11271  -37.8  -40.5     76   0.46    260    2.3  352.4  354.3  352.5
  242.8  11283  -37.9  -40.7     75   0.45    264    2.2  352.5  354.3  352.5
  242.4  11294  -38.0  -40.8     75   0.45    269    2.2  352.5  354.3  352.6
  241.9  11307  -38.1  -40.7     77   0.45    274    2.2  352.5  354.4  352.6
  241.5  11319  -38.3  -40.7     78   0.45    278    2.1  352.5  354.4  352.6
  241.1  11331  -38.4  -40.7     79   0.45    283    2.1  352.5  354.4  352.6
  240.6  11344  -38.5  -40.8     79   0.45    288    2.0  352.5  354.4  352.6
  240.1  11359  -38.6  -40.9     79   0.45    293    2.0  352.5  354.4  352.6
  239.6  11372  -38.8  -41.0     79   0.44    298    1.9  352.5  354.4  352.6
  239.3  11383  -38.9  -41.2     78   0.43    303    1.8  352.5  354.3  352.6
  238.9  11392  -38.9  -41.2     79   0.44    308    1.7  352.6  354.4  352.7
  238.6  11402  -39.0  -41.1     81   0.44    313    1.6  352.6  354.4  352.7
  238.2  11413  -39.1  -41.0     82   0.45    319    1.4  352.6  354.5  352.7
  237.8  11425  -39.2  -40.8     85   0.46    325    1.3  352.6  354.5  352.7
  237.4  11436  -39.3  -40.9     85   0.45    332    1.2  352.6  354.5  352.7
  237.0  11447  -39.4  -41.1     84   0.44    340    1.1  352.6  354.5  352.7
  236.7  11458  -39.5  -41.3     83   0.43    347    1.0  352.6  354.4  352.7
  236.3  11468  -39.6  -41.5     82   0.43    355    0.9  352.7  354.5  352.8
  235.9  11479  -39.7  -41.6     82   0.42      2    0.9  352.7  354.5  352.8
  235.6  11489  -39.8  -41.7     82   0.42      7    0.8  352.7  354.5  352.8
  235.2  11499  -39.9  -41.8     82   0.42     11    0.8  352.7  354.5  352.8
  234.9  11509  -40.0  -41.8     82   0.41     12    0.8  352.7  354.5  352.8
  234.5  11520  -40.0  -41.7     84   0.42     12    0.9  352.8  354.5  352.9
  234.1  11531  -40.2  -41.7     85   0.42     11    0.9  352.8  354.6  352.9
  233.8  11541  -40.3  -41.7     86   0.42      9    0.9  352.8  354.5  352.9
  233.5  11550  -40.3  -41.8     85   0.42      7    1.0  352.8  354.5  352.8
  233.2  11559  -40.4  -41.9     85   0.41      5    1.0  352.7  354.5  352.8
  232.9  11568  -40.5  -42.0     86   0.41      3    1.1  352.7  354.5  352.8
  232.5  11578  -40.6  -42.0     87   0.41      1    1.2  352.8  354.5  352.9
  232.2  11587  -40.7  -42.0     87   0.41    360    1.2  352.8  354.5  352.9
  231.9  11597  -40.8  -42.1     87   0.41    360    1.3  352.7  354.5  352.8
  231.5  11608  -40.9  -42.2     87   0.40    359    1.3  352.8  354.5  352.9
  231.1  11619  -41.0  -42.2     88   0.40    359    1.4  352.8  354.5  352.9
  230.8  11630  -41.1  -42.2     89   0.40    359    1.4  352.8  354.4  352.8
  230.4  11641  -41.2  -42.1     91   0.41    359    1.4  352.8  354.5  352.9
  230.0  11654  -41.3  -42.1     92   0.41    359    1.5  352.8  354.5  352.8
  229.6  11665  -41.5  -42.6     89   0.39    360    1.5  352.8  354.4  352.9
  229.2  11675  -41.5  -43.3     83   0.36    360    1.6  352.8  354.3  352.9
  228.9  11685  -41.6  -43.6     81   0.35      1    1.7  352.8  354.3  352.9
  228.6  11695  -41.7  -43.5     82   0.35      2    1.8  352.8  354.3  352.9
  228.2  11707  -41.8  -43.4     85   0.36      3    1.9  352.8  354.3  352.9
  227.7  11720  -42.0  -43.4     86   0.36      5    2.0  352.8  354.3  352.9
  227.4  11729  -42.0  -43.5     86   0.36      6    2.1  352.8  354.4  352.9
  227.1  11739  -42.1  -43.5     87   0.36      8    2.2  352.8  354.3  352.9
  226.7  11750  -42.2  -43.5     88   0.36     10    2.3  352.8  354.4  352.9
  226.3  11762  -42.3  -43.6     87   0.36     11    2.4  352.9  354.4  353.0
  226.0  11773  -42.4  -43.7     87   0.35     13    2.6  352.9  354.4  353.0
  225.6  11783  -42.5  -43.7     88   0.35     14    2.7  352.9  354.4  353.0
  225.3  11792  -42.6  -43.9     87   0.35     15    2.7  352.9  354.4  353.0
  224.9  11803  -42.7  -44.2     84   0.33     16    2.8  353.0  354.4  353.1
  224.6  11814  -42.7  -44.5     82   0.32     17    2.9  353.0  354.4  353.1
  224.3  11823  -42.8  -44.6     83   0.32     18    2.9  353.1  354.4  353.1
  223.9  11834  -42.9  -44.4     85   0.33     19    2.9  353.1  354.5  353.2
  223.5  11847  -43.0  -44.3     87   0.33     19    3.0  353.1  354.5  353.2
  223.1  11859  -43.1  -44.4     88   0.33     20    3.0  353.1  354.5  353.2
  222.8  11868  -43.2  -44.5     87   0.33     21    2.9  353.1  354.5  353.2
  222.4  11878  -43.3  -44.8     85   0.32     22    2.9  353.1  354.5  353.2
  222.1  11890  -43.4  -44.9     85   0.32     23    2.9  353.1  354.5  353.2
  221.7  11901  -43.5  -45.0     85   0.31     25    2.9  353.2  354.5  353.3
  221.3  11912  -43.6  -45.1     85   0.31     26    2.8  353.2  354.5  353.3
  221.0  11923  -43.7  -45.4     83   0.30     28    2.8  353.2  354.5  353.3
  220.6  11935  -43.8  -45.5     83   0.30     30    2.8  353.2  354.5  353.3
  220.2  11947  -43.9  -45.6     83   0.29     32    2.7  353.2  354.5  353.3
  219.8  11959  -44.0  -45.6     84   0.29     34    2.7  353.3  354.5  353.3
  219.4  11972  -44.1  -45.7     84   0.29     36    2.7  353.3  354.5  353.4
  219.0  11983  -44.2  -45.8     84   0.29     38    2.7  353.3  354.6  353.4
  218.7  11994  -44.3  -45.8     85   0.29     40    2.7  353.3  354.6  353.4
  218.3  12004  -44.4  -45.8     86   0.29     41    2.7  353.3  354.6  353.4
  217.9  12016  -44.5  -45.8     87   0.29     42    2.7  353.4  354.6  353.4
  217.5  12029  -44.6  -45.8     88   0.29     43    2.7  353.4  354.6  353.4
  217.1  12042  -44.7  -45.9     88   0.29     43    2.8  353.4  354.6  353.4
  216.7  12055  -44.9  -46.1     87   0.28     43    2.8  353.4  354.6  353.4
  216.3  12066  -45.0  -46.5     84   0.27     43    2.9  353.4  354.6  353.5
  215.9  12077  -45.0  -46.8     82   0.26     42    3.0  353.5  354.6  353.5
  215.5  12090  -45.2  -46.9     82   0.26     41    3.1  353.5  354.6  353.5
  215.2  12101  -45.2  -47.0     82   0.26     41    3.2  353.5  354.6  353.6
  214.9  12110  -45.3  -47.1     83   0.26     40    3.3  353.5  354.6  353.6
  214.6  12120  -45.4  -47.1     83   0.26     39    3.4  353.5  354.6  353.6
  214.2  12130  -45.5  -47.1     83   0.26     38    3.5  353.6  354.7  353.6
  214.0  12139  -45.6  -47.1     84   0.26     37    3.5  353.6  354.7  353.6
  213.7  12147  -45.6  -47.0     86   0.26     36    3.6  353.6  354.7  353.6
  213.4  12157  -45.7  -47.0     87   0.26     35    3.6  353.6  354.7  353.7
  213.1  12167  -45.8  -47.0     88   0.26     34    3.7  353.6  354.7  353.7
  212.8  12175  -45.9  -47.0     88   0.26     32    3.7  353.6  354.7  353.7
  212.5  12185  -46.0  -47.1     88   0.26     31    3.7  353.6  354.7  353.7
  212.1  12196  -46.0  -47.2     88   0.25     30    3.7  353.7  354.8  353.8
  211.7  12208  -46.1  -47.5     86   0.25     29    3.7  353.8  354.8  353.8
  211.3  12221  -46.2  -48.0     82   0.24     28    3.6  353.8  354.8  353.9
  211.0  12232  -46.3  -48.4     79   0.23     27    3.6  353.9  354.8  353.9
  210.6  12244  -46.4  -48.7     77   0.22     26    3.6  353.9  354.9  354.0
  210.3  12254  -46.5  -48.8     77   0.22     25    3.6  353.9  354.9  354.0
  209.9  12265  -46.5  -48.7     78   0.22     24    3.7  354.0  354.9  354.0
  209.5  12278  -46.7  -48.6     80   0.22     24    3.7  354.0  354.9  354.0
  209.2  12289  -46.8  -48.5     82   0.22     25    3.8  354.0  354.9  354.0
  208.9  12299  -46.9  -48.6     82   0.22     25    3.9  354.0  354.9  354.0
  208.6  12309  -46.9  -48.7     82   0.22     26    4.1  354.0  354.9  354.0
  208.2  12319  -47.0  -49.0     80   0.21     27    4.2  354.0  355.0  354.1
  207.9  12329  -47.1  -49.3     78   0.21     29    4.4  354.1  355.0  354.1
  207.6  12340  -47.2  -49.5     77   0.20     30    4.5  354.1  355.0  354.1
  207.2  12352  -47.3  -49.6     77   0.20     32    4.7  354.1  355.0  354.2
  206.8  12363  -47.4  -49.5     79   0.20     33    4.9  354.2  355.0  354.2
  206.5  12375  -47.5  -49.5     80   0.20     34    5.1  354.1  355.0  354.2
  206.1  12387  -47.6  -49.7     79   0.20     36    5.4  354.1  355.0  354.2
  205.8  12398  -47.7  -50.1     76   0.19     37    5.6  354.2  355.0  354.2
  205.5  12408  -47.8  -50.7     72   0.18     38    5.8  354.1  354.9  354.2
  205.1  12418  -47.9  -51.0     70   0.17     39    6.0  354.2  355.0  354.2
  204.8  12429  -48.0  -51.2     70   0.17     40    6.2  354.2  354.9  354.2
  204.5  12439  -48.1  -51.8     66   0.16     41    6.4  354.2  354.9  354.2
  204.2  12449  -48.1  -52.6     60   0.14     42    6.6  354.2  354.9  354.3
  203.8  12460  -48.2  -53.4     55   0.13     43    6.7  354.4  355.0  354.4
  203.5  12470  -48.2  -54.0     51   0.12     43    6.9  354.4  355.0  354.5
  203.2  12481  -48.3  -54.4     49   0.12     44    7.0  354.5  355.0  354.5
  202.8  12493  -48.4  -54.9     47   0.11     45    7.1  354.6  355.1  354.6
  202.4  12506  -48.4  -55.1     46   0.11     46    7.2  354.7  355.2  354.7
  202.1  12517  -48.5  -55.3     45   0.11     46    7.3  354.7  355.2  354.7
  201.8  12527  -48.6  -55.4     45   0.10     47    7.3  354.7  355.2  354.7
  201.5  12535  -48.7  -55.5     45   0.10     47    7.3  354.7  355.2  354.8
  201.2  12544  -48.7  -55.5     45   0.10     48    7.2  354.8  355.3  354.8
  200.9  12554  -48.8  -55.4     46   0.10     48    7.2  354.8  355.3  354.8
  200.7  12563  -48.9  -55.1     48   0.11     48    7.1  354.8  355.3  354.8
  200.4  12572  -49.0  -55.0     50   0.11     48    7.0  354.8  355.3  354.8
  200.1  12580  -49.1  -55.0     50   0.11     47    6.9  354.8  355.3  354.9
  200.0  12585  -49.1  -54.9     51   0.11     47    6.9  354.8  355.3  354.8
  199.9  12588  -49.2  -54.9     51   0.11     47    6.8  354.8  355.3  354.8
  199.6  12599  -49.3  -54.9     52   0.11     46    6.7  354.8  355.3  354.8
  199.2  12610  -49.4  -55.0     52   0.11     45    6.6  354.8  355.3  354.9
  198.9  12621  -49.5  -55.2     51   0.11     44    6.5  354.8  355.3  354.9
  198.5  12633  -49.5  -55.5     50   0.10     43    6.4  354.9  355.4  354.9
  198.2  12644  -49.7  -55.9     48   0.10     42    6.4  354.9  355.3  354.9
  197.8  12656  -49.8  -56.3     46   0.09     40    6.4  354.9  355.3  354.9
  197.6  12665  -49.8  -56.7     44   0.09     39    6.4  354.9  355.3  354.9
  197.3  12675  -49.9  -57.0     43   0.09     38    6.4  354.9  355.3  355.0
  196.9  12686  -50.0  -57.2     42   0.08     37    6.4  355.0  355.4  355.0
  196.5  12699  -50.1  -57.5     41   0.08     36    6.4  355.0  355.4  355.1
  196.2  12711  -50.2  -57.7     41   0.08     35    6.5  355.0  355.4  355.0
  195.8  12722  -50.3  -57.8     41   0.08     34    6.6  355.1  355.4  355.1
  195.5  12734  -50.4  -57.8     41   0.08     34    6.6  355.1  355.4  355.1
  195.1  12746  -50.5  -57.8     42   0.08     33    6.7  355.1  355.5  355.1
  194.8  12757  -50.6  -57.8     42   0.08     33    6.7  355.1  355.5  355.1
  194.5  12768  -50.7  -57.9     42   0.08     33    6.8  355.1  355.4  355.1
  194.2  12778  -50.8  -58.1     42   0.08     32    6.8  355.1  355.4  355.1
  193.8  12789  -50.9  -58.1     42   0.08     32    6.8  355.1  355.5  355.1
  193.5  12800  -51.0  -58.1     42   0.08     32    6.8  355.1  355.5  355.2
  193.2  12812  -51.1  -58.2     43   0.08     32    6.7  355.1  355.5  355.1
  192.8  12824  -51.2  -58.2     43   0.08     32    6.7  355.2  355.5  355.2
  192.5  12835  -51.3  -58.3     43   0.08     32    6.6  355.2  355.6  355.3
  192.2  12843  -51.4  -58.5     42   0.07     32    6.6  355.3  355.6  355.3
  192.0  12852  -51.5  -58.7     42   0.07     32    6.5  355.2  355.6  355.3
  191.6  12863  -51.6  -58.9     41   0.07     32    6.4  355.3  355.6  355.3
  191.3  12876  -51.6  -59.1     40   0.07     32    6.4  355.3  355.7  355.3
  190.9  12889  -51.7  -59.4     39   0.07     32    6.3  355.4  355.7  355.4
  190.5  12901  -51.8  -59.7     38   0.06     31    6.3  355.5  355.8  355.5
  190.2  12912  -51.9  -59.9     38   0.06     31    6.3  355.6  355.8  355.6
  189.9  12922  -51.9  -60.1     37   0.06     30    6.3  355.6  355.9  355.6
  189.5  12935  -52.0  -60.3     36   0.06     30    6.3  355.6  355.9  355.6
  189.2  12948  -52.1  -60.5     36   0.06     30    6.3  355.7  355.9  355.7
  188.8  12959  -52.2  -60.8     35   0.06     29    6.4  355.7  356.0  355.8
  188.5  12971  -52.3  -60.9     34   0.06     29    6.5  355.7  356.0  355.8
  188.1  12982  -52.4  -60.9     35   0.06     28    6.5  355.8  356.1  355.8
  187.8  12994  -52.5  -60.7     37   0.06     28    6.6  355.8  356.1  355.8
  187.5  13005  -52.6  -60.6     38   0.06     27    6.7  355.8  356.1  355.8
  187.1  13017  -52.7  -60.7     37   0.06     26    6.8  355.8  356.1  355.8
  186.8  13030  -52.8  -61.1     36   0.05     26    6.8  355.8  356.1  355.8
  186.4  13042  -52.9  -61.9     33   0.05     25    6.9  355.9  356.1  355.9
  186.1  13053  -53.0  -62.9     29   0.04     25    6.9  355.9  356.1  355.9
  185.7  13066  -53.1  -63.9     26   0.04     24    7.0  356.0  356.2  356.0
  185.3  13080  -53.2  -64.6     24   0.03     24    7.0  356.1  356.3  356.1
  185.0  13092  -53.3  -64.8     23   0.03     23    7.0  356.1  356.3  356.1
  184.6  13104  -53.4  -64.6     24   0.03     23    7.0  356.2  356.3  356.2
  184.3  13115  -53.5  -64.4     25   0.04     23    7.0  356.2  356.3  356.2
  184.0  13125  -53.6  -64.1     26   0.04     23    7.0  356.2  356.3  356.2
  183.8  13135  -53.7  -63.8     28   0.04     23    7.0  356.1  356.3  356.1
  183.4  13145  -53.8  -63.7     29   0.04     23    7.0  356.2  356.4  356.2
  183.1  13157  -53.9  -63.6     29   0.04     23    7.0  356.2  356.4  356.2
  182.8  13167  -54.0  -63.5     30   0.04     23    7.0  356.2  356.4  356.2
  182.5  13177  -54.1  -63.4     31   0.04     24    7.0  356.2  356.4  356.2
  182.2  13187  -54.2  -63.3     32   0.04     24    7.0  356.2  356.4  356.2
  181.9  13199  -54.3  -63.3     32   0.04     24    7.0  356.2  356.4  356.2
  181.6  13209  -54.4  -63.4     32   0.04     25    7.0  356.2  356.4  356.2
  181.4  13218  -54.5  -63.4     32   0.04     25    7.0  356.1  356.3  356.2
  181.1  13228  -54.6  -63.5     32   0.04     25    6.9  356.2  356.4  356.2
  180.8  13238  -54.6  -63.7     32   0.04     25    6.9  356.2  356.4  356.2
  180.5  13249  -54.7  -63.9     31   0.04     25    6.9  356.2  356.4  356.2
  180.2  13260  -54.8  -64.2     30   0.04     25    6.9  356.3  356.4  356.3
  179.9  13270  -54.9  -64.4     30   0.04     25    6.8  356.3  356.5  356.3
  179.6  13280  -55.0  -64.6     29   0.04     25    6.8  356.4  356.5  356.4
  179.3  13292  -55.1  -65.2     27   0.03     25    6.7  356.4  356.5  356.4
  179.0  13304  -55.2  -65.6     26   0.03     25    6.6  356.4  356.5  356.4
  178.7  13314  -55.2  -66.0     25   0.03     26    6.5  356.4  356.6  356.4
  178.4  13323  -55.2  -66.4     24   0.03     26    6.4  356.6  356.7  356.6
  178.2  13332  -55.3  -66.7     23   0.03     27    6.3  356.7  356.8  356.7
  177.9  13341  -55.4  -66.8     23   0.03     27    6.2  356.6  356.8  356.6
  177.7  13349  -55.4  -66.7     23   0.03     28    6.2  356.6  356.8  356.6
  177.4  13360  -55.5  -66.5     24   0.03     29    6.1  356.7  356.8  356.7
  177.1  13371  -55.6  -66.3     25   0.03     29    6.0  356.7  356.8  356.7
  176.7  13384  -55.8  -66.2     26   0.03     30    5.9  356.7  356.9  356.7
  176.4  13396  -55.9  -65.9     27   0.03     31    5.8  356.7  356.8  356.7
  176.1  13406  -56.0  -65.4     29   0.03     32    5.8  356.7  356.9  356.7
  175.9  13415  -56.1  -64.8     33   0.04     32    5.7  356.7  356.8  356.7
  175.6  13424  -56.1  -64.0     37   0.04     32    5.7  356.7  356.9  356.7
  175.3  13434  -56.2  -63.1     42   0.04     33    5.7  356.8  357.0  356.8
  175.0  13445  -56.3  -62.3     47   0.05     33    5.6  356.8  357.0  356.8
  174.7  13456  -56.4  -61.7     51   0.05     33    5.6  356.8  357.0  356.8
  174.4  13467  -56.5  -61.3     54   0.06     34    5.6  356.8  357.0  356.8
  174.1  13479  -56.6  -61.2     56   0.06     34    5.6  356.8  357.1  356.8
  173.8  13492  -56.7  -61.3     56   0.06     34    5.6  356.8  357.1  356.8
  173.4  13505  -56.9  -61.4     56   0.06     34    5.6  356.8  357.1  356.8
  173.1  13517  -57.0  -61.7     55   0.05     35    5.6  356.8  357.1  356.8
  172.8  13528  -57.1  -61.9     54   0.05     35    5.6  356.8  357.1  356.8
  172.5  13538  -57.2  -62.2     53   0.05     35    5.7  356.8  357.1  356.9
  172.2  13549  -57.3  -62.4     52   0.05     35    5.7  356.9  357.1  356.9
  171.9  13560  -57.4  -62.7     51   0.05     35    5.7  356.9  357.1  356.9
  171.6  13570  -57.5  -62.9     50   0.05     35    5.7  356.9  357.1  356.9
  171.3  13581  -57.6  -63.0     50   0.05     34    5.7  356.9  357.1  356.9
  171.0  13592  -57.7  -63.1     49   0.05     34    5.8  356.9  357.1  356.9
  170.7  13604  -57.8  -63.3     49   0.04     34    5.8  356.9  357.1  356.9
  170.3  13617  -57.9  -63.5     49   0.04     33    5.8  356.9  357.1  357.0
  170.0  13631  -58.0  -63.6     48   0.04     33    5.8  356.9  357.1  356.9
  169.6  13643  -58.1  -63.7     48   0.04     33    5.9  357.0  357.2  357.0
  169.3  13655  -58.3  -63.9     48   0.04     32    5.9  356.9  357.1  356.9
  169.0  13667  -58.4  -64.0     48   0.04     32    5.9  356.9  357.1  356.9
  168.6  13681  -58.5  -64.2     48   0.04     32    5.9  357.0  357.1  357.0
  168.3  13694  -58.6  -64.4     47   0.04     32    5.9  356.9  357.1  356.9
  168.0  13706  -58.7  -64.5     48   0.04     32    5.9  356.9  357.1  356.9
  167.7  13717  -58.8  -64.5     48   0.04     32    5.8  356.9  357.1  356.9
  167.3  13729  -58.9  -64.6     48   0.04     32    5.8  357.0  357.2  357.0
  167.0  13740  -59.1  -64.7     48   0.04     32    5.7  357.0  357.2  357.0
  166.8  13751  -59.2  -64.7     48   0.04     31    5.6  357.0  357.1  357.0
  166.5  13761  -59.3  -64.9     48   0.04     31    5.6  357.0  357.1  357.0
  166.2  13772  -59.4  -65.0     48   0.04     31    5.5  357.0  357.1  357.0
  165.9  13784  -59.5  -65.1     48   0.04     31    5.4  357.0  357.2  357.0
  165.5  13796  -59.6  -65.3     47   0.04     31    5.3  357.0  357.2  357.0
  165.2  13808  -59.7  -65.4     47   0.03     31    5.2  357.0  357.2  357.0
  164.9  13821  -59.8  -65.6     47   0.03     32    5.1  357.0  357.1  357.0
  164.6  13832  -59.9  -65.8     46   0.03     32    5.1  357.0  357.2  357.0
  164.3  13842  -60.0  -66.0     46   0.03     33    5.0  357.0  357.2  357.0
  164.1  13852  -60.1  -66.1     45   0.03     34    5.0  357.0  357.1  357.0
  163.8  13862  -60.2  -66.2     45   0.03     35    5.0  357.0  357.2  357.0
  163.5  13874  -60.3  -66.4     45   0.03     37    5.0  357.0  357.2  357.1
  163.2  13885  -60.4  -66.5     44   0.03     38    5.0  357.1  357.2  357.1
  162.9  13897  -60.5  -66.7     44   0.03     39    5.0  357.1  357.2  357.1
  162.6  13909  -60.7  -66.9     44   0.03     41    5.1  357.1  357.2  357.1
  162.3  13921  -60.8  -67.0     43   0.03     42    5.2  357.1  357.2  357.1
  162.0  13931  -60.9  -67.2     43   0.03     43    5.3  357.1  357.2  357.1
  161.7  13943  -61.0  -67.5     42   0.03     43    5.4  357.1  357.2  357.1
  161.4  13955  -61.1  -67.8     41   0.03     44    5.5  357.1  357.2  357.1
  161.1  13967  -61.2  -68.0     40   0.03     44    5.6  357.1  357.2  357.1
  160.8  13978  -61.3  -68.3     39   0.02     44    5.6  357.1  357.2  357.1
  160.5  13989  -61.4  -68.5     38   0.02     44    5.7  357.2  357.3  357.2
  160.2  14000  -61.4  -68.7     37   0.02     43    5.8  357.4  357.5  357.4
  160.0  14010  -61.5  -69.0     36   0.02     43    5.9  357.4  357.5  357.4
  159.7  14020  -61.5  -69.3     35   0.02     42    5.9  357.4  357.5  357.4
  159.4  14032  -61.6  -69.6     34   0.02     42    5.9  357.4  357.5  357.4
  159.1  14044  -61.7  -69.9     33   0.02     41    6.0  357.5  357.6  357.5
  158.8  14056  -61.8  -70.3     31   0.02     40    5.9  357.5  357.6  357.5
  158.5  14068  -61.9  -70.5     31   0.02     39    5.9  357.6  357.7  357.6
  158.2  14080  -61.9  -70.7     30   0.02     38    5.9  357.7  357.8  357.7
  157.9  14091  -62.0  -71.0     29   0.02     37    5.8  357.8  357.9  357.8
  157.6  14102  -62.1  -71.1     29   0.02     36    5.8  357.8  357.9  357.8
  157.3  14112  -62.2  -71.3     29   0.02     35    5.7  357.9  357.9  357.9
  157.0  14123  -62.3  -71.4     28   0.02     33    5.7  357.9  358.0  357.9
  156.7  14135  -62.4  -71.6     28   0.02     32    5.6  357.9  358.0  357.9
  156.5  14146  -62.5  -71.6     28   0.02     31    5.6  357.9  358.0  357.9
  156.2  14157  -62.6  -71.7     28   0.02     30    5.6  357.9  358.0  357.9
  155.9  14167  -62.7  -71.8     28   0.02     29    5.6  358.0  358.0  358.0
  155.6  14179  -62.7  -71.8     28   0.02     28    5.7  358.0  358.1  358.0
  155.3  14192  -62.8  -72.0     28   0.01     28    5.7  358.0  358.1  358.0
  154.9  14207  -63.0  -72.1     28   0.01     28    5.8  358.1  358.2  358.1
  154.6  14221  -63.1  -72.3     28   0.01     28    5.9  358.1  358.1  358.1
  154.2  14236  -63.2  -72.5     27   0.01     28    6.0  358.1  358.2  358.1
  153.8  14251  -63.4  -72.6     27   0.01     28    6.1  358.1  358.2  358.2
  153.5  14265  -63.5  -72.7     28   0.01     29    6.2  358.1  358.2  358.1
  153.1  14278  -63.6  -72.8     28   0.01     29    6.3  358.2  358.3  358.2
  152.8  14293  -63.8  -73.0     27   0.01     29    6.4  358.1  358.2  358.2
  152.4  14308  -63.9  -73.2     27   0.01     30    6.5  358.2  358.3  358.2
  152.0  14323  -64.0  -73.5     26   0.01     30    6.5  358.3  358.4  358.3
  151.6  14339  -64.1  -73.7     26   0.01     31    6.6  358.4  358.4  358.4
  151.3  14354  -64.2  -74.0     25   0.01     31    6.6  358.4  358.4  358.4
  151.0  14366  -64.3  -74.2     24   0.01     32    6.6  358.5  358.5  358.5
  150.7  14378  -64.4  -74.4     24   0.01     32    6.7  358.5  358.6  358.5
  150.3  14392  -64.4  -74.6     23   0.01     33    6.7  358.7  358.8  358.7
  150.0  14405  -64.4  -74.7     23   0.01     33    6.7  358.9  359.0  358.9
  149.6  14419  -64.4  -74.9     23   0.01     36    6.7  359.2  359.2  359.2
  149.3  14435  -64.5  -75.1     22   0.01     38    6.8  359.2  359.3  359.2
  148.8  14453  -64.6  -75.2     22   0.01     39    6.8  359.4  359.5  359.4
  148.4  14472  -64.7  -75.3     22   0.01     41    6.8  359.5  359.5  359.5
  147.9  14491  -64.9  -75.4     22   0.01     44    6.9  359.6  359.6  359.6
  147.5  14507  -65.0  -75.3     23   0.01     46    6.9  359.6  359.7  359.6
  147.2  14521  -65.1  -75.2     24   0.01     49    7.0  359.7  359.7  359.7
  146.8  14538  -65.2  -75.1     24   0.01     52    7.0  359.8  359.8  359.8
  146.3  14556  -65.4  -74.9     25   0.01     55    7.1  359.9  359.9  359.9
  146.0  14572  -65.5  -74.7     27   0.01     58    7.2  359.8  359.9  359.8
  145.6  14586  -65.6  -74.6     28   0.01     61    7.2  359.9  359.9  359.9
  145.4  14596  -65.8  -74.6     28   0.01     65    7.3  359.8  359.8  359.8
  145.1  14608  -65.9  -74.6     28   0.01     67    7.4  359.8  359.9  359.8
  144.8  14621  -65.9  -74.7     29   0.01     70    7.5  359.9  359.9  359.9
  144.5  14635  -66.1  -74.7     29   0.01     72    7.7  359.9  360.0  359.9
  144.1  14647  -66.2  -74.7     30   0.01     74    7.8  360.0  360.0  360.0
  143.9  14659  -66.3  -74.6     30   0.01     76    7.9  359.9  360.0  359.9
  143.6  14669  -66.4  -74.5     31   0.01     77    8.0  359.9  360.0  359.9
  143.4  14678  -66.5  -74.4     32   0.01     77    8.1  360.0  360.0  360.0
  143.2  14688  -66.6  -74.4     33   0.01     78    8.1  360.0  360.0  360.0
  142.9  14698  -66.7  -74.3     33   0.01     78    8.2  360.0  360.1  360.0
  142.7  14708  -66.8  -74.3     34   0.01     77    8.2  360.0  360.0  360.0
  142.6  14715  -66.9  -74.3     34   0.01     77    8.1  359.9  359.9  359.9
  142.2  14728  -67.0  -74.3     35   0.01     77    8.1  359.9  360.0  359.9
  141.8  14746  -67.1  -74.3     35   0.01     76    8.0  360.1  360.1  360.1
  141.7  14753  -67.2  -74.3     36   0.01     76    7.9  360.0  360.0  360.0
  141.5  14761  -67.3  -74.3     36   0.01     75    7.9  359.9  360.0  359.9
  141.2  14772  -67.4  -74.3     37   0.01     75    7.8  360.0  360.0  360.0
  140.9  14784  -67.5  -74.3     38   0.01     74    7.7  360.0  360.1  360.0
  140.6  14796  -67.6  -74.3     38   0.01     74    7.6  360.0  360.1  360.0
  140.4  14808  -67.7  -74.3     39   0.01     74    7.6  360.0  360.0  360.0
  140.1  14818  -67.8  -74.3     39   0.01     73    7.5  360.0  360.0  360.0
  139.9  14830  -68.0  -74.2     40   0.01     73    7.5  359.9  360.0  359.9
  139.6  14843  -68.1  -74.2     41   0.01     73    7.5  359.9  360.0  359.9
  139.2  14856  -68.2  -74.2     42   0.01     73    7.5  360.0  360.1  360.0
  138.9  14869  -68.3  -74.1     43   0.01     73    7.6  360.0  360.1  360.0
  138.7  14880  -68.4  -74.1     44   0.01     72    7.6  360.0  360.0  360.0
  138.4  14891  -68.5  -74.1     44   0.01     72    7.6  360.0  360.1  360.0
  138.1  14904  -68.7  -74.2     45   0.01     72    7.7  360.0  360.1  360.0
  137.9  14916  -68.8  -74.2     45   0.01     72    7.7  360.0  360.0  360.0
  137.6  14928  -68.9  -74.3     45   0.01     72    7.7  360.0  360.0  360.0
  137.3  14940  -69.0  -74.4     46   0.01     72    7.8  360.0  360.1  360.0
  137.1  14951  -69.1  -74.4     46   0.01     72    7.8  360.0  360.0  360.0
  136.8  14963  -69.2  -74.5     46   0.01     72    7.8  360.0  360.0  360.0
  136.5  14976  -69.3  -74.6     46   0.01     72    7.8  360.0  360.1  360.0
  136.1  14990  -69.5  -74.7     47   0.01     73    7.8  360.1  360.2  360.1
  135.8  15004  -69.6  -74.7     47   0.01     73    7.7  360.1  360.1  360.1
  135.6  15017  -69.7  -74.8     47   0.01     73    7.7  360.0  360.1  360.1
  135.3  15029  -69.8  -74.8     48   0.01     74    7.7  360.1  360.1  360.1
  135.0  15041  -69.9  -74.9     48   0.01     74    7.7  360.1  360.2  360.1
  134.7  15055  -70.1  -75.0     48   0.01     75    7.7  360.1  360.2  360.1
  134.4  15068  -70.2  -75.1     48   0.01     75    7.7  360.1  360.2  360.1
  134.1  15080  -70.3  -75.2     48   0.01     75    7.6  360.1  360.2  360.2
  133.8  15092  -70.4  -75.4     48   0.01     75    7.6  360.2  360.3  360.2
  133.6  15104  -70.5  -75.5     47   0.01     76    7.6  360.2  360.3  360.2
  133.3  15116  -70.6  -75.7     47   0.01     76    7.6  360.2  360.3  360.3
  133.0  15128  -70.7  -75.9     46   0.01     76    7.5  360.3  360.3  360.3
  132.8  15139  -70.8  -76.1     46   0.01     77    7.5  360.2  360.3  360.2
  132.5  15151  -70.9  -76.2     46   0.01     77    7.4  360.3  360.3  360.3
  132.3  15162  -71.0  -76.3     45   0.01     78    7.3  360.2  360.3  360.2
  132.0  15174  -71.1  -76.4     45   0.01     78    7.3  360.3  360.3  360.3
  131.7  15185  -71.3  -76.5     45   0.01     79    7.2  360.3  360.3  360.3
  131.5  15199  -71.4  -76.7     45   0.01     80    7.1  360.2  360.3  360.2
  131.1  15213  -71.5  -76.8     45   0.01     81    7.0  360.3  360.3  360.3
  130.8  15227  -71.6  -76.9     45   0.01     82    7.0  360.3  360.3  360.3
  130.5  15240  -71.8  -77.0     45   0.01     83    6.9  360.3  360.4  360.3
  130.3  15252  -71.9  -77.1     45   0.01     84    6.9  360.3  360.3  360.3
  130.1  15262  -71.9  -77.2     45   0.01     85    6.9  360.4  360.4  360.4
  129.8  15273  -71.9  -77.2     45   0.01     86    6.9  360.6  360.7  360.6
  129.5  15285  -72.0  -77.2     45   0.01     87    7.0  360.7  360.8  360.7
  129.3  15298  -72.0  -77.3     45   0.01     87    7.1  360.8  360.8  360.8
  129.0  15310  -72.1  -77.4     45   0.01     88    7.2  361.0  361.0  361.0
  128.7  15322  -72.1  -77.4     45   0.01     88    7.3  361.2  361.2  361.2
  128.5  15334  -72.1  -77.5     44   0.01     88    7.5  361.3  361.3  361.3
  128.2  15347  -72.2  -77.6     44   0.01     87    7.6  361.4  361.4  361.4
  127.9  15360  -72.3  -77.7     44   0.01     87    7.8  361.4  361.5  361.4
  127.6  15372  -72.4  -77.7     44   0.01     87    7.9  361.5  361.5  361.5
  127.4  15384  -72.5  -77.8     45   0.01     86    8.0  361.5  361.5  361.5
  127.1  15396  -72.6  -77.8     46   0.01     85    8.1  361.6  361.6  361.6
  126.9  15408  -72.7  -77.7     46   0.01     85    8.1  361.5  361.6  361.5
  126.6  15421  -72.8  -77.7     47   0.01     84    8.1  361.6  361.7  361.6
  126.3  15434  -72.9  -77.8     48   0.01     84    8.1  361.7  361.7  361.7
  126.1  15445  -73.0  -77.8     48   0.01     83    8.1  361.6  361.7  361.6
  125.9  15455  -73.1  -77.8     49   0.01     83    8.0  361.6  361.7  361.6
  125.6  15465  -73.2  -77.9     49   0.01     83    7.9  361.7  361.7  361.7
  125.4  15476  -73.2  -77.9     49   0.01     83    7.8  361.8  361.8  361.8
  125.2  15486  -73.2  -78.0     49   0.01     83    7.7  362.0  362.0  362.0
  125.0  15496  -73.3  -78.0     48   0.01     83    7.6  362.1  362.1  362.1
  124.8  15506  -73.3  -78.1     48   0.01     83    7.6  362.1  362.2  362.1
  124.5  15517  -73.4  -78.2     48   0.01     83    7.5  362.3  362.4  362.3
  124.3  15526  -73.4  -78.2     48   0.01     84    7.5  362.4  362.5  362.4
  124.1  15535  -73.4  -78.3     47   0.01     84    7.5  362.5  362.5  362.5
  123.9  15547  -73.5  -78.5     47   0.01     84    7.6  362.5  362.6  362.5
  123.6  15558  -73.6  -78.6     47   0.01     84    7.7  362.6  362.7  362.6
  123.4  15569  -73.6  -78.6     47   0.01     84    7.7  362.7  362.8  362.7
  123.2  15580  -73.7  -78.7     47   0.01     84    7.8  362.8  362.8  362.8
  123.0  15589  -73.7  -78.7     47   0.01     84    7.9  362.9  362.9  362.9
  122.8  15598  -73.8  -78.8     47   0.01     84    8.0  362.9  363.0  363.0
  122.6  15607  -73.9  -78.8     47   0.01     84    8.1  363.0  363.0  363.0
  122.4  15616  -73.9  -78.9     46   0.01     84    8.2  363.1  363.1  363.1
  122.2  15625  -73.9  -79.0     46   0.01     84    8.3  363.2  363.2  363.2
  122.1  15634  -74.0  -79.1     46   0.01     84    8.4  363.1  363.2  363.1
  121.9  15643  -74.1  -79.2     45   0.01     85    8.5  363.2  363.2  363.2
  121.7  15652  -74.2  -79.3     45   0.01     85    8.5  363.2  363.3  363.2
  121.5  15661  -74.2  -79.5     44   0.01     85    8.6  363.3  363.3  363.3
  121.3  15670  -74.3  -79.6     44   0.01     86    8.6  363.3  363.3  363.3
  121.1  15680  -74.4  -79.7     44   0.01     87    8.7  363.3  363.3  363.3
  120.9  15689  -74.5  -79.8     43   0.01     88    8.7  363.4  363.4  363.4
  120.7  15699  -74.5  -79.9     43   0.01     89    8.7  363.4  363.5  363.4
  120.5  15710  -74.6  -80.0     43   0.01     89    8.7  363.5  363.5  363.5
  120.3  15720  -74.6  -80.1     43   0.01     90    8.7  363.5  363.6  363.5
  120.0  15730  -74.7  -80.2     43   0.01     91    8.7  363.6  363.7  363.6
  119.9  15740  -74.8  -80.3     43   0.01     92    8.7  363.6  363.6  363.6
  119.7  15748  -74.9  -80.3     43   0.01     93    8.6  363.6  363.6  363.6
  119.5  15755  -75.0  -80.4     43   0.01     94    8.6  363.6  363.7  363.6
  119.4  15764  -75.1  -80.5     42   0.01     95    8.5  363.6  363.6  363.6
  119.1  15774  -75.1  -80.6     42   0.01     95    8.5  363.7  363.7  363.7
  118.9  15784  -75.2  -80.8     42   0.00     96    8.4  363.7  363.7  363.7
  118.7  15794  -75.3  -80.9     41   0.00     96    8.4  363.7  363.8  363.7
  118.6  15803  -75.4  -81.1     40   0.00     97    8.4  363.7  363.7  363.7
  118.4  15813  -75.4  -81.3     40   0.00     97    8.3  363.7  363.7  363.7
  118.2  15822  -75.5  -81.4     39   0.00     97    8.4  363.8  363.9  363.8
  118.0  15832  -75.5  -81.6     38   0.00     97    8.4  364.0  364.0  364.0
  117.8  15842  -75.5  -81.7     38   0.00     97    8.5  364.1  364.1  364.1
  117.5  15852  -75.6  -81.8     38   0.00     97    8.5  364.2  364.2  364.2
  117.3  15863  -75.7  -81.9     38   0.00     97    8.6  364.2  364.2  364.2
  117.1  15873  -75.8  -81.9     38   0.00     97    8.7  364.3  364.3  364.3
  116.9  15883  -75.8  -82.0     38   0.00     97    8.8  364.3  364.3  364.3
  116.7  15893  -75.9  -82.1     37   0.00     97    8.9  364.4  364.4  364.4
  116.5  15902  -75.9  -82.1     37   0.00     96    8.9  364.5  364.5  364.5
  116.4  15910  -76.0  -82.3     37   0.00     96    9.0  364.5  364.5  364.5
  116.2  15919  -76.0  -82.4     36   0.00     96    9.0  364.6  364.6  364.6
  116.0  15928  -76.1  -82.6     35   0.00     95    9.0  364.7  364.7  364.7
  115.8  15939  -76.0  -82.8     34   0.00     95    9.0  365.0  365.0  365.0
  115.6  15950  -76.0  -82.9     33   0.00     94    8.9  365.1  365.1  365.1
  115.4  15960  -76.1  -83.0     33   0.00     94    8.9  365.2  365.2  365.2
  115.2  15970  -76.1  -83.2     32   0.00     94    8.8  365.3  365.3  365.3
  115.0  15979  -76.2  -83.3     32   0.00     93    8.8  365.3  365.4  365.3
  114.8  15988  -76.3  -83.4     32   0.00     93    8.7  365.4  365.5  365.4
  114.6  15997  -76.3  -83.5     32   0.00     92    8.7  365.5  365.5  365.5
  114.4  16008  -76.4  -83.6     31   0.00     92    8.7  365.5  365.5  365.5
  114.2  16020  -76.5  -83.7     31   0.00     92    8.7  365.6  365.6  365.6
  114.0  16031  -76.6  -83.8     31   0.00     92    8.7  365.6  365.6  365.6
  113.7  16043  -76.7  -83.9     31   0.00     91    8.8  365.7  365.7  365.7
  113.5  16056  -76.8  -84.0     31   0.00     91    8.9  365.7  365.7  365.7
  113.2  16068  -76.9  -84.1     31   0.00     91    9.1  365.8  365.8  365.8
  113.0  16080  -76.9  -84.1     31   0.00     91    9.2  365.9  365.9  365.9
  112.7  16093  -77.0  -84.2     31   0.00     90    9.4  366.0  366.0  366.0
  112.5  16108  -77.1  -84.2     31   0.00     90    9.5  366.0  366.0  366.0
  112.2  16121  -77.2  -84.3     32   0.00     89    9.7  366.1  366.2  366.1
  111.9  16133  -77.2  -84.3     32   0.00     89    9.9  366.4  366.4  366.4
  111.7  16148  -77.3  -84.3     32   0.00     88   10.1  366.4  366.4  366.4
  111.4  16162  -77.3  -84.2     32   0.00     87   10.2  366.7  366.7  366.7
  111.2  16174  -77.2  -84.1     33   0.00     86   10.4  366.9  367.0  366.9
  110.9  16187  -77.3  -84.2     33   0.00     85   10.6  367.0  367.1  367.0
  110.6  16201  -77.4  -84.2     33   0.00     84   10.9  367.2  367.2  367.2
  110.4  16215  -77.3  -84.2     33   0.00     83   11.1  367.5  367.5  367.5
  110.1  16228  -77.2  -84.1     33   0.00     82   11.4  368.0  368.0  368.0
  109.9  16242  -77.2  -84.1     33   0.00     82   11.7  368.2  368.2  368.2
  109.6  16255  -77.2  -84.1     32   0.00     81   12.1  368.5  368.5  368.5
  109.4  16268  -77.0  -84.0     32   0.00     81   12.5  369.1  369.1  369.1
  109.1  16281  -76.8  -83.8     32   0.00     81   12.9  369.9  369.9  369.9
  108.9  16292  -76.6  -83.8     32   0.00     81   13.3  370.3  370.3  370.3
  108.7  16303  -76.5  -83.6     32   0.00     81   13.8  370.7  370.7  370.7
  108.5  16314  -76.4  -83.6     32   0.00     82   14.2  371.1  371.1  371.1
  108.3  16326  -76.4  -83.5     32   0.00     83   14.6  371.3  371.3  371.3
  108.0  16337  -76.4  -83.5     32   0.00     83   15.0  371.5  371.5  371.5
  107.9  16347  -76.5  -83.5     32   0.00     84   15.4  371.5  371.5  371.5
  107.7  16358  -76.5  -83.5     32   0.00     85   15.7  371.7  371.7  371.7
  107.4  16369  -76.5  -83.5     32   0.00     86   16.0  372.1  372.1  372.1
  107.2  16381  -76.4  -83.4     32   0.00     87   16.3  372.4  372.4  372.4
  107.0  16392  -76.4  -83.3     33   0.00     88   16.5  372.6  372.6  372.6
  106.8  16404  -76.3  -83.2     33   0.00     88   16.6  372.9  372.9  372.9
  106.6  16416  -76.3  -83.1     33   0.00     89   16.7  373.3  373.3  373.3
  106.4  16428  -76.2  -83.1     33   0.00     90   16.7  373.5  373.5  373.5
  106.1  16441  -76.2  -83.0     33   0.00     91   16.6  373.9  374.0  373.9
  105.9  16454  -76.1  -83.0     33   0.00     91   16.6  374.2  374.2  374.2
  105.6  16467  -76.1  -83.0     33   0.00     92   16.5  374.5  374.6  374.5
  105.4  16479  -76.2  -83.1     33   0.00     93   16.4  374.6  374.6  374.6
  105.2  16491  -76.3  -83.2     33   0.00     93   16.3  374.6  374.7  374.7
  105.0  16503  -76.4  -83.2     33   0.00     94   16.2  374.7  374.7  374.7
  104.8  16515  -76.4  -83.3     33   0.00     94   16.1  374.7  374.7  374.7
  104.6  16526  -76.5  -83.3     33   0.00     95   16.0  374.8  374.8  374.8
  104.4  16537  -76.5  -83.3     33   0.00     95   15.9  375.0  375.0  375.0
  104.2  16548  -76.6  -83.4     33   0.00     95   15.8  375.1  375.1  375.1
  103.9  16560  -76.4  -83.2     33   0.00     95   15.8  375.7  375.7  375.7
  103.7  16573  -76.3  -83.1     33   0.00     95   15.7  376.1  376.1  376.1
  103.5  16585  -76.4  -83.2     33   0.00     95   15.7  376.2  376.2  376.2
  103.3  16596  -76.4  -83.2     33   0.00     95   15.6  376.3  376.3  376.3
  103.1  16607  -76.5  -83.3     33   0.00     94   15.6  376.4  376.4  376.4
  102.9  16618  -76.6  -83.4     33   0.00     94   15.5  376.4  376.4  376.4
  102.7  16629  -76.7  -83.5     33   0.00     94   15.5  376.5  376.5  376.5
  102.5  16641  -76.6  -83.5     33   0.00     93   15.4  376.8  376.8  376.8
  102.3  16653  -76.5  -83.4     33   0.00     93   15.3  377.3  377.3  377.3
  102.1  16664  -76.4  -83.4     33   0.00     93   15.2  377.5  377.6  377.5
  101.9  16675  -76.5  -83.4     33   0.00     92   15.0  377.7  377.7  377.7
  101.7  16686  -76.5  -83.4     33   0.00     92   14.9  377.9  377.9  377.9
  101.5  16698  -76.4  -83.3     33   0.00     91   14.7  378.3  378.3  378.3
  101.3  16710  -76.4  -83.3     33   0.00     91   14.5  378.5  378.6  378.5
  101.0  16723  -76.5  -83.4     33   0.00     91   14.3  378.7  378.7  378.7
  100.8  16736  -76.6  -83.4     33   0.00     90   14.1  378.7  378.7  378.7
  100.6  16749  -76.6  -83.4     34   0.00     90   13.8  378.8  378.8  378.8
  100.4  16762  -76.7  -83.4     34   0.00     89   13.6  378.8  378.8  378.8
  100.1  16774  -76.8  -83.3     35   0.00     89   13.4  379.0  379.1  379.0
  100.0  16783  -76.8  -83.3     35   0.00     89   13.4  379.1  379.1  379.1
  100.0  16783  -76.8  -83.3     35   0.00     89   13.4  379.1  379.1  379.1
   99.9  16788  -76.9  -83.3     35   0.00     88   13.2  379.1  379.1  379.1
   99.7  16801  -76.9  -83.3     36   0.00     87   13.0  379.2  379.2  379.2
   99.5  16813  -77.0  -83.3     36   0.00     87   12.9  379.2  379.3  379.3
   99.2  16826  -77.1  -83.2     37   0.00     86   12.7  379.4  379.4  379.4
   99.0  16838  -77.2  -83.3     37   0.00     85   12.6  379.5  379.5  379.5
   98.8  16850  -77.3  -83.3     38   0.00     84   12.6  379.5  379.5  379.5
   98.6  16861  -77.3  -83.3     38   0.00     83   12.5  379.6  379.6  379.6
   98.5  16872  -77.4  -83.3     39   0.00     82   12.5  379.5  379.5  379.5
   98.3  16882  -77.5  -83.3     39   0.00     82   12.6  379.6  379.6  379.6
   98.1  16891  -77.5  -83.3     39   0.00     81   12.7  379.8  379.8  379.8
   98.0  16901  -77.5  -83.4     39   0.00     80   12.8  379.9  379.9  379.9
   97.8  16909  -77.6  -83.4     39   0.00     80   12.9  380.0  380.0  380.0
   97.7  16918  -77.6  -83.5     38   0.00     79   13.0  380.0  380.0  380.0
   97.5  16927  -77.6  -83.6     38   0.00     79   13.1  380.2  380.2  380.2
   97.4  16936  -77.6  -83.6     38   0.00     79   13.3  380.4  380.4  380.4
   97.2  16945  -77.6  -83.6     38   0.00     79   13.4  380.6  380.6  380.6
   97.0  16955  -77.5  -83.6     38   0.00     78   13.5  380.9  381.0  380.9
   96.9  16963  -77.5  -83.5     38   0.00     78   13.6  381.2  381.2  381.2
   96.7  16972  -77.4  -83.4     38   0.00     78   13.7  381.6  381.6  381.6
   96.6  16982  -77.3  -83.3     38   0.00     78   13.7  381.8  381.8  381.8
   96.4  16992  -77.3  -83.3     38   0.00     78   13.8  382.1  382.1  382.1
   96.3  17001  -77.4  -83.3     38   0.00     78   13.8  382.1  382.1  382.1
   96.1  17011  -77.4  -83.3     38   0.00     78   13.8  382.3  382.3  382.3
   95.9  17020  -77.4  -83.4     38   0.00     78   13.8  382.4  382.5  382.4
   95.8  17030  -77.4  -83.4     38   0.00     78   13.8  382.5  382.5  382.5
   95.6  17039  -77.5  -83.4     38   0.00     78   13.8  382.6  382.7  382.6
   95.5  17049  -77.5  -83.5     38   0.00     78   13.7  382.6  382.7  382.6
   95.3  17059  -77.6  -83.5     38   0.00     78   13.7  382.8  382.8  382.8
   95.1  17069  -77.6  -83.6     38   0.00     78   13.6  383.0  383.0  383.0
   95.0  17079  -77.7  -83.6     38   0.00     78   13.6  383.0  383.0  383.0
   94.8  17088  -77.7  -83.7     38   0.00     78   13.5  383.1  383.1  383.1
   94.6  17098  -77.8  -83.8     38   0.00     77   13.5  383.2  383.2  383.2
   94.5  17108  -77.9  -83.8     38   0.00     77   13.5  383.2  383.2  383.2
   94.3  17117  -77.9  -83.9     38   0.00     77   13.5  383.2  383.3  383.2
   94.2  17127  -78.0  -84.0     38   0.00     77   13.5  383.2  383.2  383.2
   94.0  17136  -78.1  -84.0     38   0.00     77   13.5  383.3  383.3  383.3
   93.9  17145  -78.1  -84.1     38   0.00     77   13.5  383.3  383.3  383.3
   93.7  17154  -78.2  -84.1     38   0.00     78   13.6  383.5  383.5  383.5
   93.6  17164  -78.2  -84.2     38   0.00     78   13.7  383.5  383.5  383.5
   93.4  17173  -78.3  -84.3     38   0.00     78   13.8  383.6  383.7  383.6
   93.2  17183  -78.3  -84.3     37   0.00     79   13.9  383.9  383.9  383.9
   93.1  17193  -78.2  -84.4     37   0.00     80   14.0  384.1  384.1  384.1
   92.9  17202  -78.2  -84.4     36   0.00     81   14.1  384.4  384.4  384.4
   92.8  17211  -78.2  -84.5     36   0.00     82   14.2  384.5  384.5  384.5
   92.6  17222  -78.2  -84.6     35   0.00     83   14.3  384.7  384.7  384.7
   92.5  17232  -78.1  -84.6     35   0.00     84   14.4  385.0  385.0  385.0
   92.3  17241  -78.0  -84.6     34   0.00     85   14.6  385.4  385.5  385.4
   92.2  17250  -78.1  -84.6     34   0.00     87   14.7  385.5  385.5  385.5
   92.0  17260  -78.1  -84.7     34   0.00     88   14.8  385.6  385.6  385.6
   91.8  17270  -78.2  -84.8     34   0.00     89   15.0  385.6  385.7  385.6
   91.7  17281  -78.3  -84.9     34   0.00     91   15.1  385.6  385.6  385.6
   91.5  17291  -78.4  -84.9     34   0.00     92   15.2  385.7  385.7  385.7
   91.3  17302  -78.4  -84.9     34   0.00     93   15.4  385.9  385.9  385.9
   91.1  17314  -78.3  -84.9     34   0.00     94   15.5  386.3  386.3  386.3
   91.0  17324  -78.3  -84.8     34   0.00     95   15.6  386.5  386.5  386.5
   90.8  17333  -78.3  -84.8     34   0.00     96   15.7  386.8  386.8  386.8
   90.7  17342  -78.3  -84.8     34   0.00     97   15.7  386.9  386.9  386.9
   90.5  17352  -78.2  -84.8     34   0.00     98   15.8  387.2  387.2  387.2
   90.4  17361  -78.3  -84.9     34   0.00     98   15.8  387.3  387.3  387.3
   90.2  17370  -78.3  -85.0     33   0.00     98   15.8  387.5  387.5  387.5
   90.1  17379  -78.3  -85.0     33   0.00     98   15.8  387.6  387.6  387.6
   90.0  17388  -78.2  -85.0     33   0.00     99   15.7  387.8  387.8  387.8
   89.8  17398  -78.2  -85.0     33   0.00     99   15.6  388.1  388.1  388.1
   89.7  17407  -78.2  -85.0     33   0.00     99   15.5  388.3  388.4  388.3
   89.5  17415  -78.1  -84.9     33   0.00     99   15.4  388.8  388.8  388.8
   89.4  17424  -78.1  -84.9     33   0.00     99   15.2  388.8  388.9  388.8
   89.2  17434  -78.1  -84.9     33   0.00     99   15.1  389.0  389.0  389.0
   89.1  17444  -78.2  -85.0     33   0.00     99   14.9  389.1  389.1  389.1
   88.9  17453  -78.1  -84.9     33   0.00     99   14.7  389.4  389.4  389.4
   88.8  17462  -78.1  -84.9     33   0.00     99   14.6  389.6  389.6  389.6
   88.6  17472  -78.1  -84.9     33   0.00     99   14.4  389.9  389.9  389.9
   88.5  17481  -78.1  -84.9     33   0.00     99   14.2  390.0  390.0  390.0
   88.4  17489  -78.1  -85.0     32   0.00     99   14.1  390.1  390.1  390.1
   88.2  17498  -78.1  -85.0     32   0.00     99   13.9  390.3  390.3  390.3
   88.1  17507  -78.1  -84.9     32   0.00     99   13.8  390.5  390.6  390.5
   88.0  17516  -78.0  -85.0     32   0.00     99   13.7  390.7  390.7  390.7
   87.8  17525  -78.1  -85.0     32   0.00     99   13.7  390.9  390.9  390.9
   87.7  17533  -78.1  -85.1     32   0.00     99   13.7  391.0  391.0  391.0
   87.6  17542  -78.1  -85.2     31   0.00     98   13.6  391.1  391.1  391.1
   87.4  17552  -78.2  -85.2     31   0.00     98   13.7  391.2  391.3  391.2
   87.3  17561  -78.2  -85.3     31   0.00     97   13.7  391.3  391.3  391.3
   87.1  17571  -78.2  -85.3     31   0.00     96   13.8  391.5  391.5  391.5
   87.0  17579  -78.3  -85.4     31   0.00     95   13.9  391.5  391.6  391.5
   86.8  17589  -78.3  -85.4     31   0.00     95   14.0  391.8  391.8  391.8
   86.7  17598  -78.3  -85.4     31   0.00     94   14.1  391.9  391.9  391.9
   86.6  17607  -78.3  -85.5     31   0.00     93   14.2  392.0  392.0  392.0
   86.4  17617  -78.3  -85.5     30   0.00     92   14.3  392.2  392.2  392.2
   86.3  17626  -78.3  -85.6     30   0.00     91   14.5  392.3  392.3  392.3
   86.1  17635  -78.4  -85.6     30   0.00     90   14.6  392.5  392.5  392.5
   86.0  17644  -78.4  -85.7     30   0.00     89   14.7  392.6  392.6  392.6
   85.9  17654  -78.4  -85.8     30   0.00     88   14.8  392.6  392.6  392.6
   85.7  17663  -78.4  -85.8     30   0.00     87   14.9  392.9  392.9  392.9
   85.6  17673  -78.5  -85.9     29   0.00     86   14.9  393.0  393.0  393.0
   85.4  17682  -78.5  -86.0     29   0.00     86   15.0  393.2  393.2  393.2
   85.3  17691  -78.4  -86.0     29   0.00     85   15.1  393.4  393.4  393.4
   85.2  17700  -78.3  -86.0     28   0.00     85   15.1  393.7  393.7  393.7
   85.0  17710  -78.3  -86.0     28   0.00     85   15.1  394.1  394.1  394.1
   84.9  17720  -78.3  -86.1     28   0.00     85   15.2  394.2  394.2  394.2
   84.7  17731  -78.3  -86.2     27   0.00     86   15.2  394.4  394.4  394.4
   84.6  17741  -78.3  -86.3     27   0.00     87   15.2  394.5  394.5  394.5
   84.4  17751  -78.3  -86.4     26   0.00     88   15.2  394.9  394.9  394.9
   84.3  17761  -78.2  -86.4     25   0.00     89   15.2  395.3  395.3  395.3
   84.1  17771  -78.1  -86.5     25   0.00     90   15.2  395.6  395.6  395.6
   84.0  17779  -78.0  -86.6     24   0.00     91   15.1  395.9  395.9  395.9
   83.9  17788  -77.9  -86.6     23   0.00     93   15.1  396.4  396.4  396.4
   83.7  17797  -77.8  -86.7     23   0.00     94   15.0  396.9  396.9  396.9
   83.6  17806  -77.7  -86.9     22   0.00     95   14.9  397.1  397.1  397.1
   83.5  17815  -77.7  -87.0     21   0.00     96   14.7  397.3  397.4  397.3
   83.3  17823  -77.5  -87.0     21   0.00     96   14.5  398.1  398.1  398.1
   83.2  17833  -77.1  -86.9     20   0.00     97   14.3  398.8  398.8  398.8
   83.1  17842  -76.8  -86.8     19   0.00     97   14.0  399.6  399.6  399.6
   82.9  17851  -76.6  -86.8     19   0.00     97   13.6  400.4  400.4  400.4
   82.8  17860  -76.3  -86.7     18   0.00     97   13.3  401.0  401.0  401.0
   82.7  17869  -76.3  -86.8     18   0.00     96   12.9  401.3  401.4  401.3
   82.6  17878  -76.2  -86.9     17   0.00     96   12.6  401.7  401.7  401.7
   82.4  17888  -76.1  -86.9     17   0.00     95   12.3  402.1  402.2  402.1
   82.3  17898  -76.0  -86.9     17   0.00     94   12.0  402.4  402.4  402.4
   82.1  17907  -76.0  -87.0     16   0.00     93   11.8  402.7  402.8  402.7
   82.0  17916  -76.0  -87.1     16   0.00     92   11.7  402.9  402.9  402.9
   81.9  17926  -76.0  -87.2     16   0.00     91   11.6  403.0  403.0  403.0
   81.8  17935  -76.0  -87.3     16   0.00     89   11.6  403.2  403.2  403.2
   81.6  17942  -75.9  -87.4     15   0.00     88   11.6  403.6  403.6  403.6
   81.5  17951  -75.9  -87.6     15   0.00     87   11.7  403.8  403.8  403.8
   81.4  17960  -75.8  -87.7     14   0.00     86   11.8  404.2  404.2  404.2
   81.3  17970  -75.6  -87.8     13   0.00     85   11.9  404.6  404.6  404.6
   81.1  17978  -75.5  -88.0     13   0.00     84   12.0  405.1  405.1  405.1
   81.0  17985  -75.5  -88.2     12   0.00     83   12.1  405.4  405.4  405.4
   80.9  17993  -75.2  -88.2     12   0.00     82   12.2  406.0  406.0  406.0
   80.8  18003  -74.9  -88.2     11   0.00     81   12.4  406.9  406.9  406.9
   80.7  18013  -74.6  -88.2     11   0.00     80   12.5  407.5  407.5  407.5
   80.5  18023  -74.4  -88.3     10   0.00     79   12.7  408.2  408.2  408.2
   80.4  18032  -74.1  -88.3     10   0.00     77   12.8  408.9  409.0  408.9
   80.3  18040  -73.9  -88.2     10   0.00     76   13.0  409.6  409.6  409.6
   80.2  18049  -73.8  -88.3      9   0.00     75   13.2  410.0  410.0  410.0
   80.0  18058  -73.7  -88.3      9   0.00     74   13.4  410.4  410.5  410.4
   79.9  18067  -73.6  -88.4      9   0.00     73   13.7  410.7  410.7  410.7
   79.8  18076  -73.5  -88.5      9   0.00     73   13.9  411.0  411.0  411.0
   79.7  18085  -73.5  -88.6      8   0.00     72   14.2  411.3  411.3  411.3
   79.6  18093  -73.4  -88.6      8   0.00     71   14.4  411.7  411.7  411.7
   79.4  18103  -73.3  -88.7      8   0.00     71   14.7  412.1  412.1  412.1
   79.3  18112  -73.3  -88.7      8   0.00     70   15.0  412.3  412.3  412.3
   79.2  18121  -73.2  -88.8      8   0.00     70   15.2  412.6  412.6  412.6
   79.0  18131  -73.2  -88.8      8   0.00     70   15.5  412.9  412.9  412.9
   78.9  18139  -73.2  -88.9      8   0.00     69   15.7  413.0  413.0  413.0
   78.8  18147  -73.3  -89.0      8   0.00     69   15.9  413.1  413.1  413.1
   78.7  18156  -73.3  -89.1      7   0.00     69   16.2  413.1  413.2  413.1
   78.6  18165  -73.4  -89.3      7   0.00     69   16.4  413.2  413.2  413.2
   78.5  18174  -73.4  -89.4      7   0.00     69   16.6  413.2  413.2  413.2
   78.3  18184  -73.5  -89.5      7   0.00     69   16.9  413.4  413.4  413.4
   78.2  18194  -73.6  -89.7      7   0.00     69   17.1  413.4  413.4  413.4
   78.1  18204  -73.6  -89.8      7   0.00     69   17.4  413.5  413.5  413.5
   77.9  18214  -73.6  -89.9      7   0.00     69   17.6  413.8  413.8  413.8
   77.8  18223  -73.5  -89.9      7   0.00     70   17.9  414.0  414.0  414.0
   77.7  18232  -73.6  -90.0      7   0.00     70   18.1  414.1  414.1  414.1
   77.6  18241  -73.6  -90.1      7   0.00     70   18.3  414.2  414.2  414.2
   77.5  18249  -73.5  -90.1      7   0.00     70   18.6  414.5  414.5  414.5
   77.4  18257  -73.3  -90.0      6   0.00     70   18.7  415.1  415.1  415.1
   77.2  18267  -73.0  -89.7      6   0.00     70   18.9  416.1  416.1  416.1
   77.1  18277  -72.9  -89.7      6   0.00     70   19.0  416.5  416.5  416.5
   77.0  18287  -72.9  -89.7      6   0.00     70   19.1  416.7  416.7  416.7
   76.8  18297  -72.9  -89.7      6   0.00     70   19.1  416.9  416.9  416.9
   76.7  18306  -72.9  -89.7      6   0.00     70   19.1  417.0  417.0  417.0
   76.6  18314  -72.9  -89.7      6   0.00     70   19.1  417.3  417.3  417.3
   76.5  18322  -72.8  -89.7      6   0.00     70   19.0  417.5  417.6  417.5
   76.4  18331  -72.8  -89.7      6   0.00     70   18.9  417.7  417.8  417.7
   76.3  18341  -72.7  -89.6      6   0.00     70   18.8  418.2  418.2  418.2
   76.1  18350  -72.5  -89.6      6   0.00     70   18.7  418.8  418.8  418.8
   76.0  18359  -72.3  -89.5      6   0.00     70   18.6  419.3  419.3  419.3
   75.9  18368  -72.3  -89.4      6   0.00     70   18.5  419.6  419.6  419.6
   75.8  18377  -72.1  -89.3      6   0.00     70   18.4  420.2  420.2  420.2
   75.7  18387  -71.9  -89.2      6   0.00     70   18.3  420.7  420.7  420.7
   75.5  18397  -71.8  -89.2      6   0.00     70   18.3  421.1  421.2  421.1
   75.4  18405  -71.7  -89.1      6   0.00     70   18.3  421.5  421.5  421.5
   75.3  18415  -71.7  -89.1      6   0.00     70   18.4  421.7  421.7  421.7
   75.2  18425  -71.8  -89.1      6   0.00     70   18.4  421.8  421.8  421.8
   75.0  18435  -71.8  -89.2      6   0.00     70   18.5  422.0  422.0  422.0
   74.9  18444  -71.8  -89.2      6   0.00     70   18.6  422.1  422.1  422.1
   74.8  18453  -71.9  -89.2      6   0.00     70   18.8  422.2  422.2  422.2
   74.7  18462  -71.9  -89.2      6   0.00     70   18.9  422.2  422.3  422.2
   74.6  18471  -71.9  -89.1      6   0.00     70   19.0  422.4  422.4  422.4
   74.5  18481  -71.9  -89.1      6   0.00     70   19.1  422.6  422.6  422.6
   74.3  18491  -71.9  -89.0      6   0.00     71   19.3  423.0  423.0  423.0
   74.2  18500  -71.9  -89.1      6   0.00     71   19.3  423.0  423.0  423.0
   74.1  18510  -72.0  -89.1      6   0.00     71   19.4  423.0  423.0  423.0
   74.0  18519  -72.1  -89.2      6   0.00     71   19.5  423.0  423.1  423.0
   73.9  18528  -72.2  -89.3      6   0.00     72   19.5  423.1  423.1  423.1
   73.8  18537  -72.2  -89.3      6   0.00     72   19.5  423.1  423.1  423.1
   73.6  18546  -72.3  -89.4      6   0.00     73   19.5  423.2  423.2  423.2
   73.5  18555  -72.4  -89.4      6   0.00     73   19.5  423.2  423.2  423.2
   73.4  18564  -72.5  -89.5      6   0.00     73   19.5  423.2  423.2  423.2
   73.3  18574  -72.6  -89.5      6   0.00     74   19.5  423.2  423.2  423.2
   73.2  18583  -72.6  -89.6      6   0.00     74   19.5  423.3  423.3  423.3
   73.1  18592  -72.6  -89.5      6   0.00     74   19.5  423.5  423.5  423.5
   73.0  18601  -72.5  -89.4      6   0.00     74   19.5  423.9  423.9  423.9
   72.8  18611  -72.3  -89.2      6   0.00     74   19.5  424.7  424.7  424.7
   72.7  18619  -72.2  -89.2      6   0.00     75   19.6  425.0  425.0  425.0
   72.6  18627  -72.2  -89.2      6   0.00     75   19.6  425.1  425.1  425.1
   72.5  18636  -72.2  -89.2      6   0.00     75   19.6  425.2  425.3  425.2
   72.4  18646  -72.2  -89.2      6   0.00     75   19.7  425.4  425.4  425.4
   72.3  18655  -72.2  -89.2      6   0.00     75   19.8  425.6  425.6  425.6
   72.2  18664  -72.3  -89.3      6   0.00     75   19.9  425.7  425.7  425.7
   72.1  18674  -72.2  -89.2      6   0.00     75   20.0  425.9  425.9  425.9
   71.9  18685  -72.2  -89.2      6   0.00     75   20.1  426.3  426.3  426.3
   71.8  18695  -72.3  -89.3      6   0.00     75   20.2  426.4  426.4  426.4
   71.7  18704  -72.2  -89.2      6   0.00     75   20.4  426.6  426.6  426.6
   71.6  18712  -72.1  -89.1      6   0.00     76   20.5  427.0  427.0  427.0
   71.5  18722  -72.1  -89.1      6   0.00     76   20.6  427.2  427.2  427.2
   71.4  18731  -72.1  -89.1      6   0.00     76   20.7  427.4  427.4  427.4
   71.2  18741  -72.1  -89.1      6   0.00     77   20.8  427.7  427.7  427.7
   71.1  18750  -72.2  -89.1      6   0.00     77   20.9  427.8  427.8  427.8
   71.0  18760  -72.2  -89.2      6   0.00     77   20.9  427.9  427.9  427.9
   70.9  18769  -72.2  -89.2      6   0.00     77   21.0  428.0  428.0  428.0
   70.8  18778  -72.2  -89.3      6   0.00     78   21.0  428.1  428.2  428.1
   70.7  18786  -72.3  -89.3      6   0.00     78   21.0  428.2  428.2  428.2
   70.6  18796  -72.3  -89.3      6   0.00     77   21.0  428.4  428.4  428.4
   70.5  18805  -72.2  -89.3      6   0.00     77   21.0  428.8  428.8  428.8
   70.4  18814  -72.1  -89.2      6   0.00     77   21.0  429.1  429.1  429.1
   70.2  18824  -72.1  -89.2      6   0.00     77   20.9  429.5  429.5  429.5
   70.1  18834  -72.1  -89.2      6   0.00     76   20.9  429.7  429.7  429.7
   70.0  18845  -72.1  -89.3      6   0.00     75   20.8  429.8  429.8  429.8
   69.9  18853  -72.1  -89.3      6   0.00     75   20.8  430.0  430.0  430.0
   69.8  18862  -72.1  -89.3      6   0.00     75   20.8  430.1  430.2  430.1
   69.7  18871  -72.1  -89.4      6   0.00     74   20.8  430.3  430.4  430.3
   69.6  18880  -72.0  -89.3      6   0.00     74   20.7  430.7  430.7  430.7
   69.5  18890  -71.9  -89.3      6   0.00     74   20.7  431.0  431.0  431.0
   69.4  18899  -72.0  -89.3      6   0.00     74   20.6  431.1  431.2  431.1
   69.2  18910  -72.1  -89.4      6   0.00     74   20.5  431.3  431.3  431.3
   69.1  18920  -72.1  -89.4      6   0.00     74   20.4  431.3  431.4  431.3
   69.0  18930  -72.2  -89.4      6   0.00     74   20.4  431.5  431.5  431.5
   68.9  18939  -72.1  -89.4      6   0.00     75   20.3  431.7  431.7  431.7
   68.8  18947  -72.1  -89.4      6   0.00     75   20.3  431.9  432.0  431.9
   68.7  18956  -72.0  -89.4      6   0.00     76   20.2  432.2  432.3  432.2
   68.6  18964  -72.0  -89.4      6   0.00     77   20.2  432.5  432.5  432.5
   68.5  18973  -72.0  -89.5      6   0.00     78   20.2  432.6  432.6  432.6
   68.3  18985  -72.0  -89.6      6   0.00     79   20.3  433.0  433.0  433.0
   68.2  18996  -71.9  -89.6      6   0.00     80   20.4  433.3  433.4  433.3
   68.1  19005  -71.9  -89.6      6   0.00     81   20.5  433.6  433.6  433.6
   68.0  19014  -71.9  -89.7      6   0.00     81   20.7  433.8  433.8  433.8
   67.9  19023  -71.9  -89.7      5   0.00     82   20.9  433.9  433.9  433.9
   67.8  19032  -71.8  -89.7      5   0.00     83   21.0  434.3  434.3  434.3
   67.7  19040  -71.7  -89.7      5   0.00     83   21.2  434.7  434.7  434.7
   67.6  19049  -71.6  -89.6      5   0.00     83   21.5  435.2  435.2  435.2
   67.5  19058  -71.6  -89.7      5   0.00     84   21.7  435.4  435.4  435.4
   67.4  19067  -71.6  -89.7      5   0.00     84   21.9  435.6  435.6  435.6
   67.3  19077  -71.5  -89.7      5   0.00     84   22.1  436.0  436.0  436.0
   67.2  19086  -71.4  -89.7      5   0.00     84   22.3  436.4  436.4  436.4
   67.1  19094  -71.3  -89.7      5   0.00     85   22.4  436.8  436.8  436.8
   67.0  19103  -71.2  -89.8      5   0.00     85   22.6  437.2  437.2  437.2
   66.9  19112  -71.2  -89.8      5   0.00     85   22.7  437.4  437.5  437.4
   66.8  19121  -71.1  -89.9      5   0.00     85   22.8  437.8  437.8  437.8
   66.7  19131  -71.0  -89.9      5   0.00     85   22.9  438.1  438.1  438.1
   66.6  19140  -71.0  -90.0      5   0.00     85   22.9  438.3  438.3  438.3
   66.5  19149  -71.1  -90.1      4   0.00     86   22.9  438.4  438.4  438.4
   66.4  19158  -71.0  -90.2      4   0.00     86   23.0  438.7  438.7  438.7
   66.3  19167  -70.8  -90.2      4   0.00     86   23.0  439.3  439.3  439.3
   66.2  19176  -70.5  -90.0      4   0.00     86   23.0  440.2  440.2  440.2
   66.1  19185  -70.3  -90.0      4   0.00     87   23.0  440.8  440.9  440.8
   66.0  19194  -70.1  -89.9      4   0.00     87   23.0  441.5  441.5  441.5
   65.9  19204  -69.9  -89.8      4   0.00     87   23.1  442.1  442.1  442.1
   65.8  19214  -69.9  -89.9      4   0.00     87   23.1  442.3  442.4  442.4
   65.6  19223  -69.9  -89.9      4   0.00     88   23.1  442.7  442.7  442.7
   65.5  19233  -69.9  -90.0      4   0.00     88   23.2  442.8  442.8  442.8
   65.4  19243  -70.0  -90.1      4   0.00     88   23.3  442.9  442.9  442.9
   65.3  19252  -70.0  -90.1      4   0.00     88   23.3  442.9  442.9  442.9
   65.2  19260  -70.1  -90.2      4   0.00     89   23.4  443.0  443.0  443.0
   65.1  19269  -70.1  -90.2      4   0.00     89   23.5  443.1  443.1  443.1
   65.0  19278  -70.2  -90.2      4   0.00     89   23.6  443.2  443.3  443.2
   64.9  19288  -70.2  -90.3      4   0.00     90   23.7  443.4  443.4  443.4
   64.8  19299  -70.2  -90.3      4   0.00     90   23.8  443.5  443.5  443.5
   64.7  19309  -70.3  -90.4      4   0.00     90   23.8  443.6  443.6  443.6
   64.6  19319  -70.3  -90.4      4   0.00     91   23.9  443.8  443.8  443.8
   64.5  19328  -70.2  -90.5      4   0.00     91   23.9  444.1  444.1  444.1
   64.4  19337  -70.2  -90.5      4   0.00     91   23.9  444.3  444.3  444.3
   64.3  19347  -70.2  -90.6      4   0.00     92   23.9  444.6  444.6  444.6
   64.2  19357  -70.0  -90.5      4   0.00     92   23.8  445.1  445.1  445.1
   64.1  19368  -69.9  -90.4      4   0.00     92   23.8  445.7  445.7  445.7
   64.0  19378  -69.9  -90.5      4   0.00     93   23.7  445.8  445.8  445.8
   63.9  19388  -69.9  -90.7      3   0.00     93   23.6  445.9  445.9  445.9
   63.8  19398  -69.8  -90.7      3   0.00     93   23.5  446.3  446.3  446.3
   63.7  19407  -69.4  -90.4      3   0.00     94   23.4  447.5  447.5  447.5
   63.5  19417  -69.2  -90.3      3   0.00     94   23.4  448.4  448.4  448.4
   63.4  19427  -69.2  -90.4      3   0.00     94   23.3  448.5  448.5  448.5
   63.3  19437  -69.2  -90.5      3   0.00     95   23.3  448.7  448.7  448.7
   63.2  19447  -69.1  -90.5      3   0.00     95   23.2  449.0  449.0  449.0
   63.1  19457  -69.0  -90.5      3   0.00     96   23.2  449.6  449.6  449.6
   63.0  19467  -68.9  -90.5      3   0.00     96   23.2  450.0  450.1  450.0
   62.9  19477  -68.8  -90.5      3   0.00     96   23.2  450.3  450.3  450.3
   62.8  19487  -68.9  -90.6      3   0.00     97   23.2  450.4  450.4  450.4
   62.7  19497  -69.0  -90.7      3   0.00     97   23.3  450.5  450.5  450.5
   62.6  19507  -69.0  -90.7      3   0.00     97   23.3  450.6  450.6  450.6
   62.5  19516  -69.0  -90.8      3   0.00     97   23.3  450.8  450.8  450.8
   62.4  19526  -69.0  -90.8      3   0.00     97   23.2  451.0  451.0  451.0
   62.3  19536  -68.9  -90.8      3   0.00     97   23.2  451.4  451.4  451.4
   62.2  19546  -68.7  -90.7      3   0.00     97   23.1  452.0  452.0  452.0
   62.1  19556  -68.7  -90.7      3   0.00     97   23.0  452.4  452.4  452.4
   62.0  19565  -68.4  -90.6      3   0.00     97   22.9  453.1  453.1  453.1
   61.9  19575  -68.1  -90.4      3   0.00     97   22.7  454.0  454.0  454.0
   61.8  19586  -68.0  -90.4      3   0.00     97   22.6  454.4  454.4  454.4
   61.7  19596  -68.1  -90.4      3   0.00     96   22.4  454.5  454.5  454.5
   61.6  19606  -68.1  -90.5      3   0.00     96   22.2  454.6  454.6  454.6
   61.5  19616  -68.2  -90.5      3   0.00     95   21.9  454.7  454.7  454.7
   61.4  19626  -68.3  -90.6      3   0.00     95   21.7  454.7  454.7  454.7
   61.3  19635  -68.3  -90.6      3   0.00     95   21.6  454.8  454.8  454.8
   61.2  19645  -68.4  -90.7      3   0.00     94   21.4  454.9  454.9  454.9
   61.1  19655  -68.5  -90.7      3   0.00     94   21.2  454.9  454.9  454.9
   61.0  19665  -68.5  -90.7      3   0.00     94   21.1  455.0  455.0  455.0
   60.9  19676  -68.6  -90.8      3   0.00     93   21.0  455.1  455.1  455.1
   60.7  19687  -68.6  -90.8      3   0.00     93   20.9  455.4  455.4  455.4
   60.6  19698  -68.6  -90.8      3   0.00     93   20.9  455.6  455.6  455.6
   60.5  19708  -68.6  -90.8      3   0.00     93   20.9  455.9  455.9  455.9
   60.4  19718  -68.6  -90.8      3   0.00     93   20.9  456.2  456.2  456.2
   60.3  19729  -68.6  -90.8      3   0.00     93   21.0  456.4  456.4  456.4
   60.2  19739  -68.6  -90.9      3   0.00     93   21.1  456.5  456.5  456.5
   60.1  19748  -68.7  -90.9      3   0.00     93   21.2  456.6  456.6  456.6
   60.0  19758  -68.7  -91.0      3   0.00     93   21.4  456.6  456.7  456.6
   59.9  19768  -68.8  -91.0      3   0.00     93   21.5  456.8  456.9  456.8
   59.8  19778  -68.7  -90.9      3   0.00     93   21.7  457.2  457.3  457.2
   59.7  19789  -68.6  -90.9      3   0.00     93   21.9  457.7  457.7  457.7
   59.6  19800  -68.6  -90.9      3   0.00     94   22.1  457.9  457.9  457.9
   59.5  19810  -68.6  -90.9      3   0.00     94   22.3  458.1  458.1  458.1
   59.4  19821  -68.6  -91.0      3   0.00     94   22.5  458.2  458.2  458.2
   59.3  19832  -68.7  -91.0      3   0.00     94   22.7  458.4  458.4  458.4
   59.2  19843  -68.7  -91.1      3   0.00     94   22.8  458.6  458.6  458.6
   59.1  19852  -68.6  -91.0      3   0.00     94   22.9  458.9  458.9  458.9
   59.0  19862  -68.5  -91.0      3   0.00     94   23.0  459.5  459.5  459.5
   58.9  19872  -68.4  -90.9      3   0.00     94   23.1  459.9  460.0  459.9
   58.8  19883  -68.3  -90.9      3   0.00     94   23.2  460.3  460.4  460.3
   58.7  19893  -68.2  -90.9      3   0.00     94   23.2  460.6  460.7  460.6
   58.6  19904  -68.2  -90.9      3   0.00     94   23.3  460.9  460.9  460.9
   58.5  19914  -68.2  -90.9      3   0.00     94   23.3  461.1  461.1  461.1
   58.4  19925  -68.3  -91.0      3   0.00     94   23.3  461.2  461.2  461.2
   58.3  19937  -68.3  -91.0      3   0.00     94   23.3  461.4  461.4  461.4
   58.2  19947  -68.3  -91.0      3   0.00     93   23.3  461.7  461.7  461.7
   58.1  19957  -68.3  -91.0      3   0.00     93   23.3  462.0  462.0  462.0
   58.0  19967  -68.2  -90.9      3   0.00     92   23.3  462.4  462.4  462.4
   57.9  19978  -68.1  -90.9      3   0.00     92   23.4  462.7  462.7  462.7
   57.8  19989  -68.2  -91.0      3   0.00     91   23.4  462.8  462.8  462.8
   57.7  19999  -68.2  -91.0      3   0.00     91   23.5  463.0  463.0  463.0
   57.6  20010  -68.3  -91.1      3   0.00     90   23.5  463.1  463.1  463.1
   57.5  20021  -68.2  -91.1      3   0.00     90   23.6  463.4  463.4  463.4
   57.4  20031  -68.2  -91.0      3   0.00     89   23.7  463.7  463.7  463.7
   57.3  20041  -68.2  -91.0      3   0.00     89   23.8  463.9  464.0  463.9
   57.2  20052  -68.2  -91.1      3   0.00     89   23.8  464.1  464.1  464.1
   57.1  20062  -68.2  -91.1      3   0.00     89   23.9  464.3  464.3  464.3
   57.0  20073  -68.3  -91.1      3   0.00     89   24.0  464.5  464.5  464.5
   56.8  20084  -68.4  -91.2      3   0.00     89   24.1  464.7  464.8  464.7
   56.7  20105  -68.4  -91.3      2   0.00     90   24.3  464.8  464.8  464.8
   56.6  20115  -68.3  -91.2      2   0.00     90   24.4  465.3  465.3  465.3
   56.5  20125  -68.1  -91.1      2   0.00     91   24.5  466.0  466.0  466.0
   56.4  20135  -68.0  -91.1      2   0.00     91   24.6  466.5  466.5  466.5
   56.3  20146  -68.0  -91.1      2   0.00     92   24.6  466.8  466.8  466.8
   56.2  20157  -68.0  -91.1      2   0.00     93   24.7  467.0  467.0  467.0
   56.1  20166  -68.0  -91.1      2   0.00     93   24.8  467.3  467.3  467.3
   56.0  20175  -67.9  -91.1      2   0.00     94   24.8  467.6  467.6  467.6
   55.9  20185  -67.9  -91.1      2   0.00     94   24.8  467.8  467.8  467.8
   55.8  20196  -67.9  -91.1      2   0.00     95   24.9  468.1  468.1  468.1
   55.7  20206  -67.8  -91.1      2   0.00     95   24.8  468.5  468.5  468.5
   55.6  20215  -67.8  -91.0      2   0.00     96   24.8  468.8  468.8  468.8
   55.5  20225  -67.8  -91.1      2   0.00     96   24.8  469.1  469.1  469.1
   55.4  20235  -67.7  -91.0      2   0.00     97   24.7  469.5  469.5  469.5
   55.3  20254  -67.6  -90.9      2   0.00     97   24.6  470.1  470.1  470.1
   55.2  20264  -67.6  -91.0      2   0.00     97   24.6  470.2  470.3  470.2
   55.1  20274  -67.7  -91.0      2   0.00     97   24.6  470.3  470.3  470.3
   55.0  20284  -67.8  -91.1      2   0.00     97   24.5  470.4  470.4  470.4
   54.9  20294  -67.8  -91.2      2   0.00     97   24.5  470.5  470.5  470.5
   54.8  20303  -67.9  -91.2      2   0.00     97   24.5  470.7  470.7  470.7
   54.7  20313  -67.8  -91.2      2   0.00     96   24.5  471.1  471.1  471.1
   54.6  20322  -67.7  -91.2      2   0.00     96   24.5  471.6  471.6  471.6
   54.5  20342  -67.6  -91.2      2   0.00     95   24.6  472.1  472.1  472.1
   54.4  20352  -67.5  -91.2      2   0.00     94   24.6  472.4  472.4  472.4
   54.3  20363  -67.5  -91.2      2   0.00     94   24.7  472.8  472.8  472.8
   54.2  20374  -67.5  -91.2      2   0.00     93   24.7  473.1  473.1  473.1
   54.1  20384  -67.5  -91.2      2   0.00     93   24.7  473.3  473.3  473.3
   54.0  20394  -67.5  -91.3      2   0.00     93   24.8  473.5  473.5  473.5
   53.9  20404  -67.5  -91.3      2   0.00     93   24.8  473.7  473.7  473.7
   53.8  20413  -67.5  -91.4      2   0.00     92   24.7  474.0  474.0  474.0
   53.7  20423  -67.4  -91.4      2   0.00     93   24.7  474.4  474.4  474.4
   53.6  20433  -67.3  -91.4      2   0.00     93   24.6  474.8  474.8  474.8
   53.5  20451  -67.2  -91.4      2   0.00     93   24.4  475.3  475.3  475.3
   53.4  20461  -67.2  -91.4      2   0.00     93   24.2  475.6  475.7  475.6
   53.3  20470  -67.2  -91.4      2   0.00     93   24.1  476.0  476.0  476.0
   53.2  20481  -67.1  -91.4      2   0.00     93   23.9  476.4  476.4  476.4
   53.1  20491  -67.1  -91.4      2   0.00     93   23.7  476.6  476.6  476.6
   53.0  20500  -67.2  -91.5      2   0.00     93   23.5  476.8  476.8  476.8
   52.9  20520  -67.1  -91.5      2   0.00     92   23.1  477.2  477.3  477.2
   52.8  20530  -67.0  -91.4      2   0.00     92   22.9  477.6  477.7  477.6
   52.7  20540  -67.0  -91.4      2   0.00     92   22.7  478.0  478.0  478.0
   52.6  20551  -66.9  -91.4      2   0.00     92   22.6  478.3  478.3  478.3
   52.5  20560  -66.9  -91.4      2   0.00     92   22.4  478.6  478.6  478.6
   52.4  20570  -67.0  -91.5      2   0.00     92   22.3  478.8  478.8  478.8
   52.3  20581  -67.0  -91.5      2   0.00     92   22.2  479.0  479.0  479.0
   52.2  20601  -67.0  -91.6      2   0.00     93   22.1  479.1  479.1  479.1
   52.1  20611  -67.0  -91.7      2   0.00     93   22.0  479.4  479.5  479.4
   52.0  20622  -67.0  -91.7      2   0.00     93   22.0  479.8  479.9  479.8
   51.9  20633  -66.8  -91.6      2   0.00     93   22.0  480.4  480.4  480.4
   51.8  20641  -66.7  -91.6      2   0.00     93   21.9  481.0  481.0  481.0
   51.7  20651  -66.5  -91.5      2   0.00     94   22.0  481.7  481.7  481.7
   51.6  20662  -66.4  -91.4      2   0.00     94   22.0  482.3  482.3  482.3
   51.5  20681  -66.3  -91.5      2   0.00     94   22.1  482.6  482.6  482.6
   51.4  20691  -66.3  -91.6      2   0.00     94   22.2  483.0  483.0  483.0
   51.3  20701  -66.2  -91.5      2   0.00     94   22.4  483.5  483.5  483.5
   51.2  20710  -66.1  -91.6      2   0.00     93   22.5  483.9  483.9  483.9
   51.1  20720  -66.1  -91.6      2   0.00     93   22.6  484.2  484.2  484.2
   51.0  20742  -66.1  -91.6      2   0.00     93   22.8  484.6  484.6  484.6
   50.9  20752  -66.1  -91.7      2   0.00     94   22.9  484.8  484.9  484.8
   50.8  20762  -66.0  -91.6      2   0.00     94   23.0  485.3  485.3  485.3
   50.7  20772  -65.8  -91.5      2   0.00     94   23.1  486.0  486.0  486.0
   50.6  20783  -65.8  -91.5      2   0.00     94   23.1  486.4  486.5  486.4
   50.5  20793  -65.8  -91.5      2   0.00     94   23.2  486.7  486.7  486.7
   50.4  20814  -65.7  -91.5      2   0.00     95   23.1  487.2  487.2  487.2
   50.3  20824  -65.6  -91.5      2   0.00     95   23.0  487.7  487.7  487.7
   50.2  20835  -65.5  -91.5      2   0.00     95   22.9  488.1  488.1  488.1
   50.1  20847  -65.4  -91.4      2   0.00     95   22.8  488.7  488.7  488.7
   50.0  20858  -65.3  -91.4      2   0.00     95   22.6  489.3  489.3  489.3
   49.9  20867  -65.2  -91.4      2   0.00     95   22.6  489.6  489.6  489.6
   49.8  20878  -65.3  -91.4      2   0.00     95   22.4  489.8  489.9  489.8
   49.7  20899  -65.2  -91.5      2   0.00     94   22.2  490.2  490.3  490.2
   49.6  20911  -65.1  -91.4      2   0.00     93   22.0  490.7  490.7  490.7
   49.5  20922  -65.1  -91.4      2   0.00     93   21.9  491.1  491.1  491.1
   49.4  20935  -65.0  -91.4      2   0.00     92   21.8  491.6  491.6  491.6
   49.3  20947  -64.9  -91.4      2   0.00     91   21.7  492.0  492.0  492.0
   49.2  20958  -64.9  -91.4      2   0.00     89   21.6  492.4  492.4  492.4
   49.1  20969  -64.9  -91.4      2   0.00     88   21.6  492.8  492.8  492.8
   49.0  20980  -64.8  -91.3      2   0.00     87   21.5  493.2  493.2  493.2
   48.9  20991  -64.7  -91.3      2   0.00     86   21.5  493.6  493.6  493.6
   48.8  21002  -64.6  -91.2      2   0.00     85   21.6  494.2  494.2  494.2
   48.7  21014  -64.6  -91.2      2   0.00     84   21.6  494.6  494.6  494.6
   48.6  21036  -64.6  -91.2      2   0.00     81   21.7  494.9  494.9  494.9
   48.5  21047  -64.6  -91.2      2   0.00     80   21.8  495.1  495.1  495.1
   48.4  21058  -64.6  -91.2      2   0.00     79   21.9  495.4  495.4  495.4
   48.3  21069  -64.6  -91.1      2   0.00     78   21.9  495.7  495.7  495.7
   48.2  21080  -64.6  -91.1      2   0.00     78   22.0  496.0  496.1  496.0
   48.1  21091  -64.6  -91.1      2   0.00     77   22.1  496.3  496.3  496.3
   48.0  21101  -64.6  -91.2      2   0.00     77   22.1  496.5  496.6  496.5
   47.9  21124  -64.7  -91.2      2   0.00     76   22.2  496.7  496.7  496.7
   47.8  21134  -64.7  -91.2      2   0.00     76   22.2  497.0  497.0  497.0
   47.7  21145  -64.7  -91.2      2   0.00     77   22.3  497.3  497.3  497.3
   47.6  21157  -64.7  -91.3      1   0.00     77   22.4  497.5  497.6  497.5
   47.5  21168  -64.6  -91.2      1   0.00     77   22.4  498.0  498.0  498.0
   47.4  21179  -64.5  -91.1      1   0.00     78   22.5  498.6  498.7  498.6
   47.3  21201  -64.4  -91.1      1   0.00     79   22.7  499.2  499.2  499.2
   47.2  21212  -64.3  -91.0      1   0.00     79   22.8  499.7  499.7  499.7
   47.1  21224  -64.2  -91.0      1   0.00     79   22.9  500.1  500.1  500.1
   47.0  21234  -64.2  -91.0      1   0.00     80   23.1  500.5  500.5  500.5
   46.9  21244  -64.2  -91.0      1   0.00     81   23.3  500.8  500.8  500.8
   46.8  21266  -64.3  -91.0      1   0.00     81   23.7  501.0  501.0  501.0
   46.7  21278  -64.3  -91.0      1   0.00     82   23.9  501.1  501.2  501.2
   46.6  21288  -64.4  -91.0      2   0.00     82   24.2  501.3  501.3  501.3
   46.5  21300  -64.4  -91.0      2   0.00     83   24.4  501.5  501.5  501.5
   46.4  21312  -64.5  -91.0      2   0.00     83   24.7  501.8  501.8  501.8
   46.3  21322  -64.5  -91.0      2   0.00     84   24.9  502.0  502.1  502.0
   46.2  21342  -64.4  -90.9      2   0.00     84   25.3  502.4  502.4  502.4
   46.1  21352  -64.5  -90.9      2   0.00     85   25.4  502.6  502.6  502.6
   46.0  21362  -64.5  -90.9      2   0.00     85   25.5  502.8  502.9  502.8
   45.9  21384  -64.7  -91.0      2   0.00     85   25.7  502.8  502.8  502.8
   45.8  21395  -64.7  -91.0      2   0.00     85   25.7  503.0  503.0  503.0
   45.7  21407  -64.8  -91.0      2   0.00     86   25.6  503.2  503.2  503.2
   45.6  21417  -64.8  -91.0      2   0.00     86   25.6  503.4  503.4  503.4
   45.5  21438  -64.9  -91.0      2   0.00     86   25.3  503.6  503.6  503.6
   45.4  21449  -64.9  -91.0      2   0.00     86   25.1  503.9  503.9  503.9
   45.3  21459  -64.8  -91.0      2   0.00     86   24.9  504.3  504.3  504.3
   45.2  21470  -64.9  -91.0      2   0.00     86   24.7  504.6  504.6  504.6
   45.1  21492  -64.9  -91.0      2   0.00     85   24.2  504.9  504.9  504.9
   45.0  21503  -64.8  -91.0      2   0.00     85   24.0  505.3  505.3  505.3
   44.9  21513  -64.8  -91.0      2   0.00     85   23.9  505.6  505.6  505.6
   44.8  21524  -64.8  -91.1      2   0.00     84   23.6  505.9  506.0  505.9
   44.7  21543  -64.8  -91.1      2   0.00     84   23.3  506.2  506.3  506.2
   44.6  21552  -64.8  -91.2      2   0.00     83   23.1  506.6  506.7  506.6
   44.5  21574  -64.8  -91.2      2   0.00     83   22.8  507.0  507.0  507.0
   44.4  21585  -64.8  -91.2      2   0.00     83   22.7  507.4  507.4  507.4
   44.3  21595  -64.7  -91.2      2   0.00     83   22.6  507.9  507.9  507.9
   44.2  21605  -64.5  -91.2      1   0.00     83   22.5  508.6  508.6  508.6
   44.1  21625  -64.5  -91.2      1   0.00     83   22.2  509.0  509.0  509.0
   44.0  21636  -64.5  -91.2      1   0.00     83   22.2  509.4  509.4  509.4
   43.9  21646  -64.5  -91.2      1   0.00     83   22.1  509.7  509.7  509.7
   43.8  21667  -64.5  -91.3      1   0.00     83   21.9  509.9  509.9  509.9
   43.7  21677  -64.6  -91.3      1   0.00     84   21.9  510.2  510.2  510.2
   43.6  21697  -64.5  -91.3      1   0.00     84   21.8  510.7  510.8  510.7
   43.5  21708  -64.4  -91.3      1   0.00     85   21.8  511.2  511.2  511.2
   43.4  21719  -64.4  -91.3      1   0.00     85   21.8  511.6  511.6  511.6
   43.3  21730  -64.4  -91.3      1   0.00     85   21.8  512.0  512.0  512.0
   43.2  21751  -64.4  -91.4      1   0.00     86   21.8  512.3  512.3  512.3
   43.1  21761  -64.4  -91.4      1   0.00     87   21.9  512.6  512.6  512.6
   43.0  21772  -64.4  -91.5      1   0.00     87   21.9  513.0  513.0  513.0
   42.9  21795  -64.2  -91.6      1   0.00     88   22.0  513.7  513.7  513.7
   42.8  21806  -64.2  -91.6      1   0.00     88   22.0  514.1  514.1  514.1
   42.7  21817  -64.1  -91.6      1   0.00     88   22.0  514.6  514.6  514.6
   42.6  21837  -63.9  -91.6      1   0.00     89   22.0  515.6  515.6  515.6
   42.5  21846  -63.8  -91.5      1   0.00     89   21.9  516.2  516.2  516.2
   42.4  21858  -63.6  -91.4      1   0.00     89   21.9  516.9  516.9  516.9
   42.3  21878  -63.5  -91.4      1   0.00     89   21.7  517.5  517.5  517.5
   42.2  21888  -63.5  -91.4      1   0.00     89   21.6  517.8  517.8  517.8
   42.1  21910  -63.6  -91.4      1   0.00     89   21.4  518.0  518.0  518.0
   42.0  21920  -63.6  -91.4      1   0.00     89   21.2  518.3  518.3  518.3
   41.9  21932  -63.6  -91.3      1   0.00     89   21.1  518.8  518.8  518.8
   41.8  21954  -63.6  -91.2      1   0.00     89   20.7  519.2  519.2  519.2
   41.7  21966  -63.5  -91.1      1   0.00     89   20.6  519.6  519.7  519.6
   41.6  21976  -63.5  -91.0      1   0.00     89   20.4  520.0  520.1  520.0
   41.5  21994  -63.6  -91.0      1   0.00     88   20.2  520.2  520.2  520.2
   41.4  22004  -63.7  -91.0      1   0.00     87   20.1  520.4  520.4  520.4
   41.3  22026  -63.7  -91.0      1   0.00     87   20.0  520.5  520.5  520.5
   41.2  22037  -63.8  -91.0      1   0.00     86   20.0  520.7  520.7  520.7
   41.1  22058  -63.9  -91.1      1   0.00     85   20.2  520.9  520.9  520.9
   41.0  22069  -63.8  -91.0      1   0.00     85   20.3  521.4  521.5  521.4
   40.9  22080  -63.8  -91.0      1   0.00     85   20.5  521.8  521.9  521.8
   40.8  22102  -63.8  -91.0      1   0.00     84   21.0  522.2  522.2  522.2
   40.7  22111  -63.7  -91.0      1   0.00     84   21.2  522.8  522.8  522.8
   40.6  22133  -63.7  -91.0      1   0.00     83   21.9  523.1  523.1  523.1
   40.5  22144  -63.8  -91.0      1   0.00     83   22.2  523.3  523.3  523.3
   40.4  22156  -63.9  -91.1      1   0.00     83   22.5  523.5  523.5  523.5
   40.3  22180  -64.1  -91.2      1   0.00     82   23.1  523.4  523.4  523.4
   40.2  22191  -64.1  -91.3      1   0.00     82   23.4  523.5  523.5  523.5
   40.1  22201  -64.2  -91.3      1   0.00     82   23.6  523.7  523.7  523.7
   40.0  22222  -64.3  -91.4      1   0.00     82   23.9  523.9  524.0  523.9
   39.9  22234  -64.3  -91.4      1   0.00     83   23.9  524.2  524.3  524.2
   39.8  22246  -64.3  -91.5      1   0.00     83   23.9  524.5  524.5  524.5
   39.7  22268  -64.3  -91.6      1   0.00     84   23.9  524.9  525.0  525.0
   39.6  22280  -64.2  -91.6      1   0.00     84   23.8  525.7  525.7  525.7
   39.5  22293  -63.7  -91.3      1   0.00     84   23.7  527.2  527.2  527.2
   39.4  22314  -63.5  -91.2      1   0.00     85   23.6  528.2  528.2  528.2
   39.3  22326  -63.5  -91.3      1   0.00     85   23.6  528.6  528.6  528.6
   39.2  22338  -63.5  -91.3      1   0.00     86   23.5  528.8  528.9  528.8
   39.1  22362  -63.6  -91.5      1   0.00     86   23.5  529.0  529.0  529.0
   39.0  22373  -63.6  -91.5      1   0.00     86   23.5  529.4  529.4  529.4
   38.9  22385  -63.5  -91.4      1   0.00     87   23.5  530.1  530.2  530.1
   38.8  22410  -63.5  -91.3      1   0.00     87   23.5  530.5  530.5  530.5
   38.7  22423  -63.5  -91.4      1   0.00     88   23.5  530.8  530.8  530.8
   38.6  22435  -63.6  -91.4      1   0.00     88   23.4  531.1  531.1  531.1
   38.5  22458  -63.6  -91.4      1   0.00     88   23.2  531.4  531.4  531.4
   38.4  22470  -63.6  -91.4      1   0.00     89   23.1  531.9  531.9  531.9
   38.3  22482  -63.5  -91.3      1   0.00     89   22.9  532.4  532.4  532.4
   38.2  22506  -63.5  -91.4      1   0.00     89   22.5  532.8  532.8  532.8
   38.1  22517  -63.5  -91.4      1   0.00     90   22.4  533.2  533.2  533.2
   38.0  22529  -63.5  -91.4      1   0.00     90   22.2  533.6  533.7  533.6
   37.9  22552  -63.5  -91.3      1   0.00     90   22.0  534.1  534.2  534.1
   37.8  22564  -63.5  -91.3      1   0.00     90   21.9  534.5  534.6  534.6
   37.7  22577  -63.4  -91.3      1   0.00     90   21.9  535.0  535.0  535.0
   37.6  22599  -63.5  -91.3      1   0.00     90   21.9  535.4  535.4  535.4
   37.5  22611  -63.5  -91.3      1   0.00     90   22.0  535.6  535.7  535.6
   37.4  22635  -63.6  -91.4      1   0.00     90   22.1  535.9  535.9  535.9
   37.3  22647  -63.5  -91.3      1   0.00     90   22.2  536.4  536.5  536.4
   37.2  22660  -63.5  -91.2      1   0.00     90   22.3  537.0  537.0  537.0
   37.1  22683  -63.5  -91.2      1   0.00     90   22.4  537.4  537.5  537.4
   37.0  22695  -63.5  -91.2      1   0.00     90   22.5  537.7  537.8  537.8
   36.9  22718  -63.6  -91.2      1   0.00     90   22.6  537.9  538.0  537.9
   36.8  22728  -63.6  -91.2      1   0.00     90   22.6  538.2  538.3  538.2
   36.7  22753  -63.7  -91.2      1   0.00     89   22.6  538.5  538.5  538.5
   36.6  22763  -63.7  -91.2      1   0.00     89   22.6  538.9  539.0  538.9
   36.5  22775  -63.6  -91.2      1   0.00     89   22.6  539.5  539.5  539.5
   36.4  22801  -63.7  -91.2      1   0.00     88   22.6  539.7  539.7  539.7
   36.3  22812  -63.7  -91.3      1   0.00     87   22.6  540.0  540.1  540.0
   36.2  22834  -63.7  -91.2      1   0.00     86   22.7  540.6  540.6  540.6
   36.1  22846  -63.7  -91.2      1   0.00     86   22.8  541.1  541.1  541.1
   36.0  22868  -63.7  -91.3      1   0.00     85   23.0  541.4  541.4  541.4
   35.9  22879  -63.8  -91.3      1   0.00     85   23.2  541.6  541.6  541.6
   35.8  22902  -63.8  -91.4      1   0.00     84   23.6  542.0  542.0  542.0
   35.7  22914  -63.8  -91.4      1   0.00     85   23.8  542.4  542.5  542.4
   35.6  22936  -63.7  -91.4      1   0.00     85   24.2  543.2  543.2  543.2
   35.5  22947  -63.7  -91.5      1   0.00     85   24.5  543.7  543.7  543.7
   35.4  22970  -63.6  -91.5      1   0.00     86   24.9  544.4  544.4  544.4
   35.3  22982  -63.5  -91.4      1   0.00     86   25.0  545.1  545.1  545.1
   35.2  23006  -63.4  -91.5      1   0.00     87   25.2  545.7  545.7  545.7
   35.1  23017  -63.4  -91.5      1   0.00     87   25.2  546.2  546.3  546.2
   35.0  23040  -63.4  -91.5      1   0.00     88   25.2  546.6  546.7  546.6
   34.9  23051  -63.4  -91.5      1   0.00     88   25.1  547.0  547.1  547.0
   34.8  23073  -63.3  -91.4      1   0.00     89   24.7  547.6  547.7  547.6
   34.7  23095  -63.4  -91.4      1   0.00     89   24.3  548.1  548.1  548.1
   34.6  23106  -63.4  -91.4      1   0.00     90   24.1  548.5  548.5  548.5
   34.5  23129  -63.3  -91.4      1   0.00     90   23.7  549.1  549.1  549.1
   34.4  23140  -63.3  -91.3      1   0.00     90   23.5  549.6  549.6  549.6
   34.3  23161  -63.3  -91.4      1   0.00     89   23.1  549.9  550.0  549.9
   34.2  23183  -63.3  -91.3      1   0.00     89   22.9  550.5  550.6  550.5
   34.1  23194  -63.2  -91.3      1   0.00     89   22.8  551.1  551.2  551.1
   34.0  23216  -63.2  -91.3      1   0.00     88   22.8  551.7  551.7  551.7
   33.9  23237  -63.2  -91.4      1   0.00     88   23.1  552.0  552.0  552.0
   33.8  23248  -63.3  -91.4      1   0.00     87   23.3  552.5  552.5  552.5
   33.7  23269  -63.1  -91.4      1   0.00     87   23.8  553.2  553.2  553.2
   33.6  23289  -63.0  -91.4      1   0.00     87   24.4  554.1  554.1  554.1
   33.5  23312  -62.9  -91.5      1   0.00     87   25.1  554.9  554.9  554.9
   33.4  23322  -62.8  -91.5      1   0.00     87   25.5  555.5  555.6  555.5
   33.3  23341  -62.5  -91.5      1   0.00     87   26.1  556.7  556.8  556.7
   33.2  23360  -62.3  -91.5      1   0.00     87   26.6  557.9  558.0  557.9
   33.1  23381  -62.2  -91.7      1   0.00     88   26.8  558.6  558.6  558.6
   33.0  23402  -62.0  -91.7      1   0.00     89   26.9  559.6  559.6  559.6
   32.9  23423  -61.7  -91.6      1   0.00     90   26.8  561.0  561.0  561.0
   32.8  23433  -61.5  -91.5      1   0.00     91   26.7  561.9  561.9  561.9
   32.7  23453  -61.2  -91.4      1   0.00     92   26.5  563.1  563.1  563.1
   32.6  23473  -61.1  -91.3      1   0.00     93   26.3  564.0  564.1  564.0
   32.5  23494  -61.0  -91.3      1   0.00     94   26.2  564.6  564.7  564.6
   32.4  23513  -61.0  -91.3      1   0.00     94   26.2  565.2  565.2  565.2
   32.3  23530  -60.9  -91.3      1   0.00     94   26.3  565.8  565.9  565.8
   32.2  23549  -60.7  -91.1      1   0.00     94   26.3  566.9  567.0  566.9
   32.1  23569  -60.3  -90.9      1   0.00     93   26.4  568.4  568.5  568.4
   32.0  23590  -60.3  -90.9      1   0.00     92   26.4  569.1  569.2  569.1
   31.9  23610  -60.0  -90.8      1   0.00     92   26.3  570.3  570.3  570.3
   31.8  23631  -59.8  -90.7      1   0.00     92   26.1  571.3  571.4  571.3
   31.7  23651  -59.6  -90.6      1   0.00     92   25.8  572.5  572.5  572.5
   31.6  23668  -59.6  -90.6      1   0.00     92   25.5  573.0  573.0  573.0
   31.5  23689  -59.7  -90.7      1   0.00     93   25.0  573.3  573.4  573.3
   31.4  23709  -59.5  -90.6      1   0.00     93   24.5  574.3  574.3  574.3
   31.3  23730  -59.4  -90.4      1   0.00     93   23.9  575.0  575.0  575.0
   31.2  23749  -59.2  -90.2      1   0.00     93   23.4  576.1  576.1  576.1
   31.1  23770  -59.2  -90.0      1   0.00     93   22.8  576.8  576.8  576.8
   31.0  23791  -59.1  -89.9      1   0.00     93   22.4  577.4  577.4  577.4
   30.9  23813  -59.2  -89.8      1   0.00     93   22.0  577.7  577.7  577.7
   30.8  23823  -59.3  -89.8      1   0.00     93   21.8  578.0  578.1  578.0
   30.7  23845  -59.5  -89.8      1   0.00     93   21.5  578.1  578.2  578.1
   30.6  23868  -59.6  -89.9      1   0.00     92   21.3  578.2  578.2  578.2
   30.5  23890  -59.8  -90.0      1   0.00     92   21.2  578.2  578.3  578.2
   30.4  23911  -59.9  -90.0      1   0.00     92   21.2  578.4  578.5  578.4
   30.3  23931  -59.9  -90.0      1   0.00     92   21.4  579.0  579.0  579.0
   30.2  23955  -59.8  -89.9      1   0.00     91   21.5  579.8  579.9  579.9
   30.1  23977  -59.8  -89.9      1   0.00     91   21.8  580.4  580.4  580.4
   30.0  23997  -59.9  -89.9      1   0.00     91   21.9  580.7  580.7  580.7
   29.9  24010  -59.9  -89.9      1   0.00     91   22.1  581.2  581.3  581.2
   29.8  24032  -59.9  -89.9      1   0.00     90   22.3  581.8  581.8  581.8
   29.7  24054  -60.0  -89.9      1   0.00     89   22.5  582.2  582.2  582.2
   29.6  24077  -60.0  -89.9      1   0.00     88   22.7  582.6  582.6  582.6
   29.5  24100  -60.2  -89.9      1   0.00     87   22.9  582.7  582.8  582.7
   29.4  24113  -60.2  -89.9      1   0.00     86   23.0  583.2  583.2  583.2
   29.3  24137  -60.4  -89.9      1   0.00     85   23.1  583.4  583.4  583.4
   29.2  24159  -60.5  -89.9      1   0.00     84   23.3  583.7  583.7  583.7
   29.1  24181  -60.6  -89.9      1   0.00     83   23.3  583.9  583.9  583.9
   29.0  24204  -60.8  -90.0      1   0.00     82   23.4  584.0  584.1  584.0
   28.9  24227  -60.9  -90.1      1   0.00     81   23.4  584.1  584.2  584.1
   28.8  24249  -61.1  -90.2      1   0.00     80   23.4  584.3  584.4  584.3
   28.7  24274  -61.2  -90.3      1   0.00     80   23.5  584.5  584.5  584.5
   28.6  24286  -61.3  -90.4      1   0.00     79   23.5  585.0  585.0  585.0
   28.5  24309  -61.3  -90.4      1   0.00     79   23.6  585.6  585.6  585.6
   28.4  24331  -61.0  -90.3      1   0.00     79   23.6  586.7  586.8  586.7
   28.3  24356  -60.8  -90.2      1   0.00     79   23.6  588.0  588.0  588.0
   28.2  24377  -60.9  -90.3      1   0.00     79   23.6  588.4  588.5  588.4
   28.1  24400  -61.0  -90.4      1   0.00     79   23.5  588.8  588.8  588.8
   28.0  24424  -60.9  -90.4      1   0.00     79   23.5  589.4  589.4  589.4
   27.9  24447  -61.0  -90.5      1   0.00     79   23.4  589.8  589.8  589.8
   27.8  24470  -61.0  -90.5      1   0.00     79   23.4  590.3  590.4  590.3
   27.7  24493  -61.2  -90.6      1   0.00     79   23.4  590.6  590.6  590.6
   27.6  24505  -61.2  -90.6      1   0.00     79   23.4  591.1  591.1  591.1
   27.5  24528  -61.2  -90.6      1   0.00     80   23.5  591.6  591.6  591.6
   27.4  24551  -61.0  -90.4      1   0.00     81   23.7  592.8  592.8  592.8
   27.3  24573  -61.0  -90.4      1   0.00     81   23.9  593.5  593.5  593.5
   27.2  24606  -61.2  -90.6      1   0.00     81   24.3  593.7  593.7  593.7
   27.1  24628  -61.2  -90.7      1   0.00     80   24.6  594.3  594.3  594.3
   27.0  24649  -61.0  -90.7      1   0.00     79   24.9  595.3  595.4  595.3
   26.9  24672  -60.5  -90.5      1   0.00     78   25.3  597.5  597.6  597.5
   26.8  24694  -60.4  -90.6      1   0.00     76   25.6  598.3  598.3  598.3
   26.7  24717  -60.3  -90.6      1   0.00     75   26.1  599.2  599.3  599.2
   26.6  24741  -60.2  -90.6      1   0.00     74   26.6  600.1  600.2  600.1
   26.5  24763  -60.3  -90.8      1   0.00     74   27.1  600.7  600.7  600.7
   26.4  24786  -60.3  -91.0      1   0.00     73   27.8  601.1  601.2  601.1
   26.3  24811  -60.2  -91.2      1   0.00     73   28.2  602.2  602.2  602.2
   26.2  24834  -59.7  -91.1      1   0.00     73   28.7  604.2  604.3  604.2
   26.1  24855  -59.2  -91.0      1   0.00     73   29.1  606.4  606.5  606.4
   26.0  24878  -58.3  -90.6      1   0.00     73   29.6  609.6  609.7  609.6
   25.9  24901  -57.7  -90.4      1   0.00     73   29.9  611.8  611.9  611.8
   25.8  24936  -57.7  -90.4      1   0.00     74   30.3  612.6  612.7  612.6
   25.7  24960  -57.6  -90.3      1   0.00     74   30.5  613.6  613.7  613.6
   25.6  24982  -57.5  -90.3      1   0.00     75   30.8  614.6  614.7  614.6
   25.5  25003  -57.1  -90.1      1   0.00     76   31.1  616.2  616.3  616.2
   25.4  25026  -56.7  -89.8      1   0.00     76   31.5  618.2  618.3  618.2
   25.3  25048  -56.2  -89.5      1   0.01     77   31.8  620.2  620.2  620.2
   25.2  25084  -56.0  -89.4      1   0.01     78   32.0  621.6  621.6  621.6
   25.1  25105  -56.1  -89.6      1   0.01     79   32.2  621.9  621.9  621.9
   25.0  25127  -56.0  -89.6      1   0.01     80   32.1  623.0  623.0  623.0
   24.9  25149  -55.4  -89.3      1   0.01     81   32.0  625.4  625.4  625.4
   24.8  25184  -54.6  -88.9      1   0.01     83   31.7  628.4  628.5  628.4
   24.7  25206  -54.0  -88.7      1   0.01     84   31.3  630.8  630.9  630.8
   24.6  25228  -53.7  -88.6      1   0.01     84   31.0  632.4  632.5  632.4
   24.5  25262  -53.1  -88.3      1   0.01     85   30.5  635.0  635.1  635.0
   24.4  25286  -52.8  -88.1      1   0.01     86   30.3  636.6  636.7  636.6
   24.3  25309  -52.4  -87.9      1   0.01     86   30.1  638.4  638.5  638.4
   24.2  25333  -52.1  -87.6      1   0.01     87   30.0  640.1  640.1  640.1
   24.1  25367  -52.0  -87.3      1   0.01     88   29.9  641.2  641.2  641.2
   24.0  25391  -52.0  -87.1      1   0.01     89   29.9  642.0  642.1  642.0
   23.9  25415  -52.0  -86.9      1   0.01     90   30.0  642.5  642.6  642.5
   23.8  25449  -52.1  -86.7      1   0.01     91   30.2  643.1  643.2  643.1
   23.7  25473  -52.2  -86.7      1   0.01     92   30.3  643.5  643.6  643.5
   23.6  25496  -52.3  -86.6      1   0.01     92   30.4  644.2  644.3  644.2
   23.5  25534  -52.2  -86.4      1   0.01     92   30.6  645.3  645.4  645.3
   23.4  25557  -52.3  -86.4      1   0.01     93   30.9  645.6  645.7  645.7
   23.3  25580  -52.5  -86.4      1   0.01     93   31.2  645.8  645.9  645.8
   23.2  25613  -52.9  -86.6      1   0.01     94   31.8  645.7  645.7  645.7
   23.1  25636  -53.1  -86.8      1   0.01     95   32.2  645.8  645.9  645.8
   23.0  25660  -53.1  -86.9      1   0.01     96   32.6  646.5  646.6  646.5
   22.9  25695  -52.8  -86.8      1   0.01     97   33.0  648.2  648.3  648.2
   22.8  25719  -52.8  -87.0      1   0.01     97   33.1  648.9  649.0  648.9
   22.7  25754  -52.9  -87.2      1   0.01     97   32.9  649.7  649.7  649.7
   22.6  25778  -52.7  -87.3      1   0.01     97   32.6  650.9  651.0  650.9
   22.5  25812  -52.3  -87.2      1   0.01     96   32.1  653.0  653.1  653.0
   22.4  25834  -51.7  -87.0      1   0.01     95   31.8  655.6  655.7  655.6
   22.3  25867  -51.4  -87.1      1   0.01     95   31.4  657.2  657.3  657.2
   22.2  25889  -51.1  -86.9      1   0.01     95   31.2  659.1  659.1  659.1
   22.1  25924  -50.7  -86.8      1   0.01     96   30.8  661.2  661.3  661.2
   22.0  25957  -50.4  -86.7      1   0.01     97   30.2  662.7  662.8  662.7
   21.9  25978  -49.9  -86.4      1   0.01     98   29.6  665.1  665.2  665.1
   21.8  26010  -49.5  -86.2      1   0.01     98   28.5  667.1  667.3  667.1
   21.7  26043  -49.4  -86.2      1   0.01     97   27.2  668.4  668.5  668.4
   21.6  26074  -48.5  -85.6      1   0.01     96   25.9  672.1  672.2  672.1
   21.5  26105  -48.4  -85.6      1   0.01     93   25.0  673.2  673.3  673.2
   21.4  26134  -48.2  -85.5      1   0.01     91   24.3  674.8  674.9  674.8
   21.3  26167  -47.9  -85.4      1   0.01     89   24.1  676.4  676.5  676.4
   21.2  26197  -47.2  -85.0      1   0.01     86   24.0  679.4  679.5  679.4
   21.1  26227  -46.7  -84.6      1   0.01     85   23.9  682.0  682.2  682.0
   21.0  26257  -46.4  -84.5      1   0.02     84   23.7  683.6  683.8  683.6
   20.9  26288  -46.0  -84.2      1   0.02     83   23.3  685.8  686.0  685.8
   20.8  26317  -46.1  -84.1      1   0.02     81   22.9  686.6  686.8  686.7
   20.7  26358  -46.1  -84.0      1   0.02     79   22.3  687.5  687.7  687.5
   20.6  26389  -46.1  -83.9      1   0.02     77   21.9  688.5  688.6  688.5
   20.5  26423  -46.1  -84.0      1   0.02     75   21.3  689.5  689.7  689.5
   20.4  26445  -46.0  -84.0      1   0.02     74   20.8  690.7  690.9  690.7
   20.3  26477  -45.7  -84.0      1   0.02     73   20.0  692.6  692.8  692.6
   20.2  26512  -45.2  -83.8      1   0.02     71   19.3  695.2  695.3  695.2
   20.1  26547  -45.0  -83.8      1   0.02     69   18.9  696.7  696.9  696.7
   20.0  26593  -44.7  -83.6      1   0.02     65   18.8  698.5  698.7  698.5
   19.9  26614  -44.7  -83.6      1   0.02     64   18.9  699.6  699.8  699.6
   19.8  26649  -44.7  -83.6      1   0.02     62   19.4  700.6  700.8  700.7
   19.7  26685  -44.5  -83.4      1   0.02     60   19.9  702.3  702.5  702.3
   19.6  26717  -44.4  -83.3      1   0.02     59   20.4  703.5  703.7  703.5
   19.5  26753  -44.4  -83.3      1   0.02     58   20.8  704.6  704.8  704.6
   19.4  26790  -44.5  -83.3      1   0.02     58   21.1  705.3  705.5  705.3
   19.3  26814  -44.6  -83.3      1   0.02     58   21.1  706.1  706.3  706.1
   19.2  26850  -44.8  -83.4      1   0.02     58   21.3  706.4  706.6  706.4
   19.1  26888  -44.9  -83.4      1   0.02     59   21.2  707.0  707.3  707.1
   19.0  26921  -45.0  -83.4      1   0.02     61   21.1  708.1  708.3  708.1
   18.9  26958  -45.1  -83.5      1   0.02     62   20.7  708.7  708.9  708.7
   18.8  26992  -45.1  -83.5      1   0.02     64   20.3  709.8  710.0  709.8
   18.7  27027  -45.1  -83.5      1   0.02     64   19.9  710.7  710.9  710.7
   18.6  27061  -45.2  -83.5      1   0.02     63   19.6  711.6  711.9  711.7
   18.5  27105  -45.3  -83.6      1   0.02     61   19.2  712.3  712.5  712.3
   18.4  27143  -45.4  -83.7      1   0.02     61   19.1  713.2  713.4  713.2
   18.3  27177  -45.4  -83.7      1   0.02     61   19.0  714.2  714.5  714.2
   18.2  27212  -45.5  -83.7      1   0.02     61   19.0  715.1  715.4  715.1
   18.1  27247  -45.5  -83.7      1   0.02     60   19.3  716.1  716.3  716.1
   18.0  27283  -45.7  -83.7      1   0.02     59   19.7  716.9  717.1  716.9
   17.9  27318  -45.9  -83.8      1   0.02     59   20.3  717.2  717.4  717.2
   17.8  27353  -46.2  -83.9      1   0.02     59   20.8  717.4  717.6  717.4
   17.7  27391  -46.4  -84.0      1   0.02     60   21.2  718.1  718.3  718.1
   17.6  27427  -46.4  -84.1      1   0.02     62   21.6  719.2  719.4  719.2
   17.5  27475  -46.6  -84.3      1   0.02     66   22.0  719.6  719.8  719.6
   17.4  27510  -46.7  -84.4      1   0.02     69   22.4  720.5  720.7  720.5
   17.3  27544  -46.7  -84.4      1   0.02     71   22.8  721.8  722.0  721.8
   17.2  27588  -46.6  -84.4      1   0.02     73   23.4  723.3  723.5  723.3
   17.1  27622  -46.6  -84.4      1   0.02     74   23.8  724.3  724.6  724.4
   17.0  27667  -46.7  -84.4      1   0.02     74   24.0  725.3  725.5  725.3
   16.9  27701  -46.9  -84.4      1   0.02     74   24.1  725.9  726.1  725.9
   16.8  27745  -47.2  -84.4      1   0.02     74   24.2  726.2  726.4  726.2
   16.7  27780  -47.4  -84.5      1   0.02     73   24.5  726.8  727.1  726.9
   16.6  27815  -47.5  -84.6      1   0.02     72   24.8  727.6  727.9  727.7
   16.5  27860  -47.7  -84.6      1   0.02     71   25.3  728.4  728.6  728.4
   16.4  27898  -47.9  -84.7      1   0.02     70   25.5  729.0  729.2  729.0
   16.3  27935  -48.1  -84.8      1   0.02     69   25.8  729.6  729.8  729.6
   16.2  27983  -48.4  -85.0      1   0.02     70   26.2  730.0  730.2  730.0
   16.1  28017  -48.6  -85.1      1   0.02     71   26.7  730.6  730.8  730.6
   16.0  28065  -48.7  -85.2      1   0.02     72   27.6  731.4  731.6  731.4
   15.9  28099  -48.7  -85.2      1   0.02     72   28.2  733.0  733.2  733.0
   15.8  28146  -48.7  -85.2      1   0.02     72   28.8  734.2  734.4  734.2
   15.7  28182  -48.9  -85.4      1   0.02     72   29.0  734.8  735.0  734.8
   15.6  28228  -48.8  -85.5      1   0.02     72   29.0  736.3  736.5  736.3
   15.5  28264  -48.7  -85.5      1   0.02     73   28.9  738.2  738.4  738.2
   15.4  28310  -48.6  -85.6      1   0.02     74   28.8  740.0  740.1  740.0
   15.3  28359  -48.4  -85.6      1   0.02     76   29.1  741.8  742.0  741.8
   15.2  28395  -48.2  -85.5      1   0.02     76   29.4  743.9  744.1  743.9
   15.1  28444  -48.3  -85.6      1   0.02     77   29.7  745.0  745.2  745.0
   15.0  28481  -48.2  -85.6      1   0.02     78   29.7  746.6  746.8  746.6
   14.9  28532  -47.8  -85.4      1   0.02     79   29.5  749.5  749.7  749.5
   14.8  28569  -47.7  -85.4      1   0.02     81   29.1  751.3  751.5  751.3
   14.7  28622  -47.4  -85.3      1   0.02     82   28.5  753.8  754.0  753.8
   14.6  28660  -47.4  -85.3      1   0.02     83   27.9  755.4  755.6  755.4
   14.5  28711  -47.6  -85.3      1   0.02     85   27.2  756.0  756.3  756.1
   14.4  28749  -47.4  -85.1      1   0.02     85   26.6  758.2  758.5  758.3
   14.3  28801  -47.5  -85.1      1   0.02     86   25.8  759.4  759.6  759.4
   14.2  28840  -47.6  -85.1      1   0.02     86   25.3  760.6  760.8  760.6
   14.1  28892  -47.5  -85.0      1   0.02     87   24.7  762.4  762.6  762.4
   14.0  28944  -47.7  -85.1      1   0.02     87   24.5  763.3  763.6  763.3
   13.9  28985  -47.8  -85.0      1   0.02     87   24.7  764.7  764.9  764.7
   13.8  29036  -47.9  -85.0      1   0.02     87   25.6  765.8  766.0  765.8
   13.7  29087  -48.2  -85.2      1   0.02     87   26.8  766.5  766.8  766.5
   13.6  29125  -48.2  -85.1      1   0.02     87   28.0  768.0  768.2  768.0
   13.5  29179  -48.5  -85.2      1   0.02     87   29.5  768.7  768.9  768.7
   13.4  29228  -48.7  -85.3      1   0.02     87   30.9  769.4  769.6  769.4
   13.3  29278  -49.0  -85.4      1   0.02     87   32.0  770.2  770.4  770.2
   13.2  29329  -49.3  -85.7      1   0.02     88   32.6  770.9  771.1  770.9
   13.1  29378  -49.2  -86.0      1   0.02     90   33.0  772.8  773.0  772.8
   13.0  29428  -48.5  -86.1      1   0.02     92   33.1  776.8  777.0  776.8
   12.9  29479  -47.4  -85.8      0   0.02     95   32.9  782.4  782.7  782.4
   12.8  29528  -47.2  -85.9      0   0.02     98   32.5  784.9  785.1  784.9
   12.7  29575  -46.7  -85.6      0   0.02    101   32.1  788.4  788.7  788.4
   12.6  29632  -46.5  -85.5      0   0.02    101   31.6  790.9  791.1  790.9
   12.5  29683  -45.9  -85.1      0   0.02    100   31.2  794.8  795.1  794.8
   12.4  29734  -45.5  -84.9      0   0.02    100   30.7  798.0  798.3  798.0
   12.3  29787  -45.4  -84.8      0   0.02    101   30.4  800.3  800.6  800.3
   12.2  29838  -45.4  -84.8      0   0.02    103   30.4  802.1  802.4  802.1
   12.1  29903  -45.5  -84.8      0   0.02    106   31.1  803.5  803.8  803.5
   12.0  29955  -45.1  -84.6      0   0.03    109   31.8  806.9  807.2  806.9
   11.9  30005  -45.0  -84.5      0   0.03    109   32.0  809.3  809.6  809.3
   11.8  30071  -44.8  -84.4      0   0.03    108   31.6  811.8  812.2  811.9
   11.7  30123  -44.4  -84.2      0   0.03    105   31.2  815.2  815.5  815.2
   11.6  30179  -43.8  -83.8      0   0.03    103   30.9  819.3  819.7  819.3
   11.5  30236  -43.5  -83.6      0   0.03    102   30.3  822.5  822.9  822.5
   11.4  30291  -43.0  -83.2      0   0.03    102   29.5  826.3  826.8  826.4
   11.3  30349  -42.9  -83.2      0   0.04    103   29.0  828.8  829.3  828.8
   11.2  30418  -42.8  -83.1      0   0.04    104   28.8  831.2  831.7  831.2
   11.1  30471  -42.8  -83.1      0   0.04    105   28.7  833.5  833.9  833.5
   11.0  30538  -43.0  -83.3      0   0.04    106   28.4  834.7  835.2  834.7
   10.9  30591  -43.3  -83.4      0   0.04    107   28.3  836.1  836.5  836.1
   10.8  30655  -43.4  -83.5      0   0.03    107   28.2  837.9  838.3  837.9
   10.7  30717  -43.4  -83.5      0   0.03    105   28.4  839.8  840.3  839.9
   10.6  30779  -41.4  -82.2      0   0.04    101   29.0  849.5  850.1  849.6
   10.5  30852  -40.6  -81.6      0   0.05     96   29.9  855.0  855.6  855.0
   10.4  30912  -40.6  -81.7      0   0.05     92   30.4  857.2  857.9  857.3
   10.3  30971  -40.2  -81.4      0   0.05     91   30.4  861.2  861.8  861.2
   10.2  31046  -39.9  -81.2      0   0.05     91   30.7  864.6  865.3  864.7
   10.1  31107  -39.8  -81.1      0   0.06     92   31.6  867.5  868.2  867.5
   10.0  31206  -39.4  -80.9      0   0.06     91   33.2  871.4  872.2  871.5
    9.9  31242  -39.1  -80.7      0   0.06     90   33.4  875.0  875.7  875.0
    9.8  31321  -38.6  -80.4      0   0.06     88   33.2  879.3  880.1  879.3
    9.7  31390  -38.3  -80.2      0   0.07     88   32.6  883.2  884.0  883.2
    9.6  31457  -38.1  -80.1      0   0.07     88   31.7  886.3  887.2  886.3
    9.5  31527  -38.5  -80.3      0   0.07     88   30.5  887.6  888.5  887.7
    9.4  31601  -38.8  -80.5      0   0.07     89   29.3  889.2  890.0  889.2
    9.3  31674  -38.9  -80.5      0   0.07     89   28.6  891.6  892.4  891.6
    9.2  31746  -39.0  -80.6      0   0.07     90   28.3  894.0  894.9  894.0
    9.1  31817  -39.0  -80.6      0   0.07     90   28.1  896.6  897.5  896.6
    9.0  31903  -39.3  -80.9      0   0.06     88   28.4  898.1  899.0  898.2
    8.9  31975  -39.3  -80.8      0   0.07     86   29.2  901.3  902.2  901.3
    8.8  32048  -39.1  -80.7      0   0.07     84   29.6  905.0  905.9  905.0
    8.7  32132  -38.8  -80.5      0   0.07     82   28.7  909.1  910.0  909.1
    8.6  32203  -38.5  -80.3      0   0.07     80   27.5  913.2  914.2  913.2
    8.5  32289  -38.8  -80.5      0   0.07     79   26.3  915.2  916.2  915.2
    8.4  32369  -38.8  -80.5      0   0.07     79   26.1  918.3  919.3  918.3
    8.3  32449  -38.9  -80.6      0   0.07     79   27.7  920.9  921.9  921.0
    8.2  32537  -38.5  -80.3      0   0.08     77   30.7  925.6  926.7  925.6
    8.1  32611  -38.0  -80.0      0   0.08     75   31.8  930.7  931.9  930.8
    8.0  32707  -37.7  -79.8      0   0.09     70   30.7  935.4  936.6  935.5
    7.9  32792  -37.5  -79.6      0   0.09     68   30.0  939.6  940.9  939.7
    7.8  32879  -37.3  -79.5      0   0.09     71   30.5  943.8  945.1  943.8
    7.7  32963  -37.2  -79.5      0   0.09     76   32.2  947.5  948.8  947.6
    7.6  33052  -37.0  -79.3      0   0.10     75   32.8  951.9  953.2  951.9
    7.5  33138  -36.6  -79.0      0   0.10     73   31.6  957.4  958.8  957.4
    7.4  33231  -36.0  -78.7      0   0.11     76   31.8  963.5  965.1  963.6
    7.3  33334  -35.7  -78.5      0   0.12     79   33.2  968.4  970.0  968.4
    7.2  33420  -35.3  -78.2      0   0.12     79   32.9  973.9  975.7  974.0
    7.1  33519  -34.6  -77.7      0   0.13     78   32.6  980.8  982.7  980.8
    7.0  33622  -34.7  -77.9      0   0.13     76   33.2  984.0  985.9  984.1
    6.9  33717  -35.0  -78.0      0   0.13     77   34.5  987.1  989.0  987.1
    6.8  33817  -35.3  -78.2      0   0.13     80   36.4  989.7  991.6  989.8
    6.7  33924  -35.7  -78.5      0   0.13     84   36.9  992.5  994.3  992.5
    6.6  34022  -36.0  -78.7      0   0.12     85   37.6  995.3  997.1  995.4
    6.5  34136  -36.5  -79.0      0   0.12     85   39.2  997.8  999.6  997.9
    6.4  34244  -36.7  -79.1      0   0.12     84   40.5 1001.1 1002.9 1001.2
    6.3  34353  -36.8  -79.2      0   0.12     83   40.6 1005.3 1007.1 1005.3
    6.2  34455  -36.5  -79.0      0   0.13     82   39.6 1011.1 1013.0 1011.2
    6.1  34569  -36.7  -79.2      0   0.13     83   38.1 1014.9 1016.8 1014.9
    6.0  34684  -37.0  -79.3      0   0.12     86   37.7 1018.5 1020.4 1018.6
    5.9  34802  -36.7  -79.1      0   0.13     86   40.3 1025.0 1027.0 1025.1
