Latitude: 22.312 Longitude: 114.17
-----------------------------------------------------------------------------
   PRES   HGHT   TEMP   DWPT   RELH   MIXR   DRCT   SPED   THTA   THTE   THTV
    hPa      m      C      C      %   g/kg    deg    m/s      K      K      K 
-----------------------------------------------------------------------------
 1000.0     28                                                               
  995.8     66   29.9   26.3     81  22.13    317    0.4  303.4  369.7  307.4
  994.7     75   30.1   25.8     78  21.53    240    1.5  303.7  368.2  307.6
  993.6     86   30.0   25.8     78  21.47    239    1.9  303.7  368.0  307.6
  992.6     95   29.8   25.7     79  21.44    241    2.1  303.6  367.8  307.5
  991.6    103   29.7   25.7     79  21.45    242    2.3  303.6  367.8  307.5
  990.8    111   29.6   25.7     80  21.43    243    2.6  303.5  367.7  307.4
  989.9    119   29.5   25.6     80  21.38    243    2.8  303.5  367.6  307.4
  989.2    126   29.4   25.8     81  21.57    243    3.0  303.5  368.1  307.4
  988.6    131   29.3   25.8     81  21.56    244    3.2  303.5  368.0  307.4
  987.9    137   29.3   25.6     80  21.35    244    3.4  303.5  367.4  307.4
  987.1    144   29.3   25.6     80  21.34    244    3.6  303.5  367.4  307.4
  986.3    152   29.2   25.6     81  21.37    243    3.8  303.5  367.5  307.4
  985.5    159   29.1   25.6     81  21.39    243    4.0  303.5  367.6  307.4
  984.7    166   29.0   25.6     82  21.44    244    4.1  303.5  367.7  307.4
  983.9    173   29.0   25.6     82  21.41    244    4.2  303.5  367.6  307.4
  983.3    179   28.9   25.5     82  21.39    244    4.4  303.5  367.5  307.3
  982.6    186   28.8   25.5     83  21.40    245    4.5  303.5  367.5  307.3
  981.8    193   28.7   25.6     83  21.47    246    4.6  303.5  367.7  307.3
  981.0    200   28.7   25.5     83  21.44    247    4.7  303.5  367.6  307.3
  980.2    207   28.6   25.5     83  21.42    248    4.7  303.5  367.6  307.4
  979.1    217   28.6   25.6     84  21.58    249    4.8  303.5  368.1  307.4
  978.0    227   28.4   25.7     86  21.79    250    4.9  303.5  368.7  307.4
  977.1    236   28.3   25.7     86  21.75    251    4.9  303.4  368.6  307.4
  976.2    243   28.2   25.5     85  21.50    251    5.0  303.5  367.8  307.3
  975.5    250   28.3   25.2     84  21.16    252    5.1  303.6  366.9  307.4
  974.7    257   28.3   25.1     83  21.06    252    5.1  303.6  366.7  307.4
  973.7    266   28.2   25.1     83  20.99    252    5.2  303.6  366.5  307.4
  972.8    275   28.2   25.0     83  20.95    252    5.2  303.7  366.4  307.5
  971.9    283   28.0   25.3     85  21.34    252    5.3  303.6  367.5  307.5
  971.0    292   27.9   25.2     85  21.19    252    5.3  303.6  367.1  307.5
  970.1    299   27.9   24.9     84  20.90    252    5.4  303.7  366.3  307.5
  969.3    307   27.9   24.9     84  20.91    252    5.4  303.7  366.3  307.5
  968.4    315   27.8   24.9     84  20.88    252    5.4  303.7  366.2  307.5
  967.6    323   27.7   24.7     84  20.65    253    5.4  303.7  365.5  307.5
  966.7    331   27.7   24.7     84  20.68    253    5.4  303.8  365.7  307.5
  965.8    340   27.6   24.6     84  20.59    254    5.4  303.8  365.4  307.5
  965.0    347   27.6   24.5     83  20.41    255    5.4  303.8  364.9  307.5
  964.2    354   27.6   24.4     83  20.34    256    5.3  303.8  364.8  307.5
  963.2    364   27.5   24.4     83  20.33    257    5.2  303.9  364.8  307.6
  962.1    374   27.4   24.2     83  20.15    259    5.2  303.9  364.2  307.5
  961.0    384   27.4   24.1     83  20.10    260    5.1  304.0  364.2  307.6
  959.9    394   27.3   23.7     81  19.59    262    5.0  304.0  362.7  307.6
  959.0    402   27.3   23.4     79  19.27    263    4.9  304.1  361.8  307.6
  958.0    411   27.3   23.5     80  19.42    265    4.8  304.1  362.3  307.7
  956.8    423   27.2   23.4     80  19.33    266    4.7  304.1  362.1  307.6
  955.4    436   27.1   23.4     80  19.25    268    4.6  304.2  361.8  307.7
  954.2    447   27.0   23.4     81  19.28    269    4.5  304.2  361.9  307.7
  953.1    457   26.9   23.3     81  19.18    270    4.4  304.2  361.6  307.6
  952.0    467   26.8   23.3     81  19.24    271    4.2  304.2  361.8  307.7
  950.8    479   26.7   23.3     82  19.29    272    4.1  304.2  362.0  307.7
  949.7    489   26.6   23.2     82  19.23    272    3.9  304.2  361.8  307.7
  948.6    499   26.5   23.2     82  19.20    273    3.8  304.2  361.7  307.7
  947.6    508   26.4   23.2     83  19.22    273    3.6  304.2  361.8  307.7
  946.7    517   26.3   23.2     83  19.30    272    3.5  304.2  362.0  307.7
  945.4    529   26.2   23.2     84  19.33    272    3.3  304.2  362.1  307.7
  944.1    541   26.1   23.1     84  19.24    271    3.2  304.2  361.8  307.7
  943.1    551   26.0   23.1     84  19.25    270    3.1  304.2  361.9  307.7
  942.2    559   25.9   23.3     85  19.41    269    3.0  304.2  362.3  307.7
  941.2    569   25.8   23.4     87  19.56    267    2.9  304.1  362.8  307.7
  940.0    580   25.7   23.4     87  19.64    266    2.8  304.1  363.0  307.7
  938.9    590   25.6   23.5     89  19.81    264    2.8  304.1  363.5  307.7
  937.9    600   25.4   24.0     92  20.45    263    2.8  304.1  365.3  307.8
  936.8    610   25.2   24.2     94  20.70    262    2.8  304.0  366.0  307.7
  935.8    619   25.1   24.1     94  20.57    260    2.8  304.0  365.6  307.7
  934.8    629   25.1   24.3     95  20.85    259    2.8  304.1  366.6  307.8
  933.7    639   24.9   24.6     98  21.29    258    2.8  304.0  367.8  307.8
  932.6    650   24.7   24.5     99  21.17    257    2.9  303.9  367.3  307.7
  931.7    658   24.7   24.5     99  21.22    257    3.0  303.9  367.5  307.7
  930.8    667   24.6   24.5     99  21.20    256    3.1  303.9  367.4  307.7
  929.8    676   24.5   24.5    100  21.20    255    3.2  303.9  367.4  307.7
  928.6    687   24.5   24.4    100  21.22    254    3.3  304.0  367.6  307.8
  927.5    698   24.4   24.2     99  20.94    254    3.5  304.0  366.8  307.8
  926.6    707   24.3   23.5     95  20.03    253    3.6  304.0  364.0  307.6
  925.6    716   24.5   22.3     87  18.58    252    3.8  304.3  360.0  307.7
  925.0    722   24.7   22.1     86  18.42    252    3.8  304.5  359.8  307.9
  924.5    727   24.8   22.0     84  18.28    251    4.0  304.7  359.6  308.1
  923.2    739   24.8   22.0     85  18.38    250    4.1  304.8  360.0  308.1
  922.1    750   24.7   21.9     85  18.26    248    4.3  304.8  359.6  308.1
  921.1    759   24.6   21.8     84  18.15    247    4.4  304.8  359.3  308.1
  920.3    767   24.5   21.9     85  18.22    246    4.6  304.8  359.5  308.1
  919.3    776   24.5   21.7     85  18.04    244    4.7  304.8  359.0  308.1
  918.3    786   24.5   21.3     82  17.62    243    4.8  305.0  357.9  308.2
  917.4    794   24.4   21.3     83  17.70    242    4.9  305.0  358.2  308.2
  916.5    803   24.4   21.5     84  17.84    241    4.9  305.0  358.7  308.3
  915.7    811   24.3   21.5     84  17.88    241    4.9  305.1  358.8  308.3
  914.9    819   24.3   21.4     84  17.86    240    4.9  305.1  358.8  308.3
  913.9    828   24.3   21.2     83  17.61    240    4.9  305.1  358.1  308.4
  912.7    840   24.3   20.9     82  17.31    241    4.8  305.3  357.3  308.4
  911.5    851   24.2   20.7     81  17.10    241    4.7  305.4  356.8  308.5
  910.3    863   24.2   20.5     80  16.96    242    4.6  305.5  356.5  308.6
  909.2    873   24.1   20.6     80  17.01    242    4.5  305.5  356.7  308.6
  908.2    883   24.1   20.5     81  16.98    243    4.5  305.5  356.6  308.6
  906.9    895   24.0   20.3     80  16.79    243    4.4  305.6  356.1  308.7
  905.7    908   24.0   20.0     78  16.45    244    4.4  305.7  355.3  308.7
  904.6    918   24.1   19.4     75  15.83    244    4.3  305.8  353.6  308.7
  903.7    927   24.1   18.9     73  15.42    243    4.3  306.0  352.5  308.8
  902.6    937   24.1   18.8     72  15.26    243    4.4  306.1  352.1  308.9
  901.5    948   24.1   18.8     73  15.37    242    4.5  306.1  352.5  309.0
  900.5    958   24.0   19.2     74  15.73    241    4.5  306.2  353.7  309.1
  899.4    968   24.0   19.3     75  15.82    240    4.6  306.2  354.0  309.1
  898.4    979   23.9   19.5     76  16.06    239    4.7  306.3  354.8  309.2
  897.4    988   23.8   19.6     77  16.22    239    4.8  306.3  355.3  309.2
  896.6    997   23.7   19.5     77  16.13    238    4.9  306.3  355.0  309.2
  895.7   1005   23.7   19.5     78  16.15    237    5.0  306.3  355.1  309.3
  894.9   1013   23.6   19.5     78  16.14    237    5.0  306.3  355.1  309.3
  893.9   1022   23.6   19.4     78  16.11    236    5.1  306.4  355.0  309.3
  892.9   1032   23.5   19.5     78  16.15    236    5.1  306.4  355.2  309.4
  892.0   1041   23.4   19.5     78  16.16    236    5.1  306.4  355.2  309.4
  891.0   1051   23.4   19.1     77  15.85    235    5.0  306.5  354.4  309.4
  889.9   1062   23.6   18.3     72  15.02    235    4.9  306.8  352.3  309.6
  889.0   1071   23.6   18.0     71  14.76    235    4.9  306.9  351.7  309.7
  888.0   1080   23.7   18.1     71  14.90    234    4.8  307.1  352.2  309.8
  886.9   1091   23.6   18.2     72  14.99    234    4.7  307.1  352.6  309.9
  885.8   1102   23.5   18.2     72  15.02    234    4.6  307.1  352.6  309.9
  884.8   1112   23.4   18.2     72  15.05    234    4.5  307.1  352.8  309.9
  883.9   1121   23.4   18.2     73  15.09    234    4.4  307.2  352.9  309.9
  882.9   1131   23.3   18.2     73  15.10    234    4.3  307.2  352.9  309.9
  882.2   1138   23.2   18.2     73  15.05    234    4.2  307.2  352.8  309.9
  881.8   1142   23.2   18.1     73  14.98    234    4.2  307.2  352.6  309.9
  881.3   1147   23.2   17.8     72  14.71    234    4.2  307.3  351.9  310.0
  880.4   1156   23.4   17.3     69  14.26    234    4.1  307.5  350.8  310.1
  879.3   1167   23.5   17.0     67  13.96    234    4.1  307.7  350.2  310.3
  878.2   1178   23.5   16.7     66  13.72    234    4.1  307.8  349.6  310.4
  877.3   1187   23.5   16.5     65  13.55    233    4.1  307.9  349.2  310.4
  876.4   1196   23.5   16.4     64  13.50    232    4.0  308.0  349.1  310.5
  875.5   1205   23.5   16.2     64  13.35    231    4.0  308.1  348.7  310.6
  874.7   1213   23.5   16.1     63  13.25    229    3.9  308.2  348.6  310.6
  874.1   1219   23.5   16.0     63  13.24    227    3.8  308.2  348.6  310.7
  873.4   1226   23.4   16.0     63  13.23    224    3.6  308.3  348.6  310.7
  872.6   1234   23.4   16.2     64  13.42    221    3.5  308.3  349.3  310.8
  871.6   1244   23.3   16.3     65  13.53    217    3.3  308.3  349.6  310.8
  870.6   1254   23.2   16.4     65  13.57    213    3.1  308.3  349.7  310.8
  869.6   1264   23.2   16.4     66  13.66    209    3.0  308.4  350.0  310.9
  868.6   1274   23.1   16.5     66  13.70    205    2.8  308.4  350.2  310.9
  867.6   1284   23.1   16.7     67  13.91    201    2.7  308.5  350.9  311.0
  866.4   1296   23.0   16.7     68  13.97    197    2.6  308.5  351.2  311.1
  865.5   1305   22.9   16.7     68  13.94    194    2.5  308.6  351.1  311.1
  864.6   1314   22.9   16.7     68  13.95    192    2.4  308.6  351.2  311.2
  863.7   1324   22.9   16.6     68  13.91    191    2.3  308.7  351.1  311.2
  862.6   1335   22.8   16.6     68  13.88    191    2.3  308.7  351.1  311.3
  861.6   1344   22.8   16.4     68  13.79    193    2.3  308.8  350.9  311.3
  860.8   1352   22.7   16.5     68  13.82    196    2.3  308.8  351.0  311.4
  859.9   1361   22.6   16.6     69  13.93    199    2.3  308.8  351.4  311.4
  858.9   1372   22.6   16.5     69  13.90    203    2.4  308.8  351.3  311.4
  857.8   1384   22.5   16.4     68  13.78    208    2.5  308.9  351.0  311.4
  856.8   1393   22.4   16.2     68  13.63    212    2.6  308.9  350.5  311.4
  856.1   1400   22.4   16.2     68  13.65    216    2.7  308.9  350.6  311.4
  855.5   1406   22.3   16.1     68  13.61    220    2.8  308.9  350.5  311.4
  854.9   1413   22.3   16.1     68  13.58    224    2.9  308.9  350.4  311.5
  854.1   1421   22.2   16.1     68  13.58    227    3.0  309.0  350.5  311.5
  853.2   1430   22.2   16.1     68  13.62    230    3.1  309.0  350.7  311.5
  852.1   1442   22.1   16.1     69  13.65    233    3.1  309.1  350.8  311.6
  850.9   1454   22.0   16.0     69  13.57    236    3.2  309.1  350.6  311.6
  850.0   1463   21.9   15.9     69  13.47    241    3.1  309.1  350.2  311.5
  849.3   1470   21.8   15.9     69  13.53    241    3.1  309.1  350.4  311.6
  848.4   1479   21.8   16.0     69  13.57    243    3.0  309.1  350.6  311.6
  847.6   1488   21.7   15.8     69  13.47    246    2.9  309.1  350.3  311.6
  846.7   1497   21.7   15.8     69  13.44    249    2.8  309.2  350.3  311.6
  845.7   1507   21.6   15.7     69  13.42    251    2.7  309.2  350.2  311.7
  844.7   1517   21.5   15.7     69  13.37    254    2.6  309.2  350.1  311.7
  844.0   1525   21.5   15.5     69  13.26    256    2.5  309.3  349.9  311.7
  843.3   1531   21.6   15.3     68  13.10    259    2.5  309.4  349.5  311.8
  842.6   1539   21.5   15.3     67  13.06    261    2.4  309.5  349.5  311.9
  841.6   1549   21.5   15.1     67  12.96    262    2.4  309.5  349.3  311.9
  840.7   1559   21.4   14.9     67  12.82    264    2.3  309.6  348.9  311.9
  839.9   1567   21.4   14.8     66  12.73    265    2.3  309.6  348.7  312.0
  838.9   1577   21.3   14.9     67  12.79    266    2.3  309.6  348.9  312.0
  837.8   1588   21.3   14.8     66  12.70    267    2.3  309.7  348.6  312.0
  836.9   1598   21.2   14.6     66  12.60    268    2.3  309.7  348.4  312.1
  835.9   1609   21.2   14.5     66  12.52    268    2.3  309.8  348.2  312.1
  834.6   1622   21.1   14.1     64  12.20    269    2.4  309.9  347.4  312.2
  833.5   1634   21.1   13.8     63  11.98    270    2.4  309.9  346.8  312.2
  832.6   1643   21.0   13.8     63  11.97    271    2.5  310.0  346.8  312.2
  831.7   1652   21.0   14.0     64  12.20    272    2.5  310.1  347.6  312.3
  830.8   1661   21.0   14.1     65  12.31    272    2.6  310.1  348.0  312.4
  829.8   1672   20.9   14.2     66  12.39    273    2.7  310.1  348.3  312.5
  828.7   1684   20.8   14.4     67  12.51    272    2.8  310.2  348.6  312.5
  827.5   1696   20.7   14.3     67  12.49    272    2.9  310.2  348.6  312.5
  826.4   1707   20.6   14.2     66  12.38    272    3.0  310.2  348.3  312.5
  825.7   1715   20.5   14.1     66  12.33    271    3.1  310.2  348.2  312.5
  824.9   1723   20.5   14.1     67  12.40    270    3.2  310.2  348.4  312.6
  824.0   1733   20.4   14.2     67  12.45    269    3.3  310.3  348.6  312.6
  823.1   1742   20.3   14.1     67  12.39    268    3.4  310.3  348.4  312.6
  822.3   1751   20.2   14.2     68  12.44    267    3.4  310.3  348.5  312.6
  821.5   1759   20.2   14.1     68  12.41    266    3.4  310.3  348.4  312.6
  820.5   1769   20.1   14.1     68  12.39    266    3.4  310.3  348.4  312.6
  819.7   1778   20.0   14.1     69  12.43    265    3.4  310.3  348.6  312.6
  818.9   1786   20.0   14.2     69  12.51    265    3.3  310.4  348.9  312.7
  818.0   1796   20.0   14.2     70  12.59    264    3.2  310.4  349.2  312.8
  816.9   1807   19.9   14.2     70  12.59    264    3.2  310.4  349.2  312.8
  816.0   1817   19.8   14.2     70  12.58    264    3.1  310.5  349.2  312.8
  815.2   1825   19.8   14.2     70  12.55    264    3.0  310.5  349.2  312.8
  814.4   1833   19.7   14.1     70  12.53    264    2.9  310.6  349.2  312.9
  813.5   1843   19.7   14.1     70  12.50    264    2.8  310.7  349.2  313.0
  812.6   1853   19.7   13.9     69  12.39    265    2.7  310.8  349.0  313.1
  811.7   1863   19.8   13.9     69  12.43    266    2.6  310.9  349.2  313.2
  810.7   1873   19.7   14.1     70  12.61    267    2.4  311.0  349.9  313.3
  809.6   1885   19.7   14.2     70  12.65    269    2.3  311.0  350.1  313.4
  808.6   1896   19.6   14.1     71  12.63    271    2.1  311.0  350.0  313.4
  807.7   1905   19.5   14.2     71  12.73    275    1.9  311.1  350.4  313.5
  806.7   1916   19.4   14.2     72  12.77    279    1.7  311.1  350.5  313.5
  805.7   1927   19.3   14.2     72  12.76    284    1.6  311.1  350.5  313.5
  804.8   1936   19.2   14.2     73  12.75    290    1.4  311.1  350.5  313.5
  804.0   1944   19.2   14.3     73  12.82    297    1.3  311.1  350.6  313.5
  803.2   1954   19.1   14.3     74  12.84    303    1.3  311.1  350.7  313.5
  802.2   1964   19.0   14.2     74  12.82    309    1.2  311.1  350.6  313.5
  801.4   1973   18.9   14.2     74  12.82    314    1.2  311.1  350.6  313.5
  800.6   1982   18.8   14.3     75  12.87    316    1.2  311.1  350.8  313.5
  799.9   1989   18.7   14.3     76  12.93    317    1.3  311.1  351.0  313.5
  799.1   1998   18.6   14.4     76  13.00    316    1.3  311.1  351.2  313.5
  798.1   2008   18.5   14.3     77  12.97    315    1.3  311.1  351.1  313.5
  797.3   2017   18.4   14.2     77  12.92    312    1.4  311.1  350.9  313.5
  796.6   2025   18.4   14.3     77  13.01    308    1.4  311.1  351.2  313.5
  795.7   2035   18.3   14.3     78  13.02    305    1.5  311.1  351.3  313.6
  794.6   2046   18.2   14.2     77  12.90    301    1.6  311.2  351.0  313.6
  793.6   2057   18.2   14.1     77  12.84    297    1.6  311.2  350.8  313.6
  792.7   2067   18.1   14.2     78  12.95    294    1.7  311.2  351.2  313.6
  791.8   2077   18.0   14.3     79  13.03    290    1.8  311.2  351.4  313.7
  791.0   2085   17.9   14.3     79  13.03    287    1.9  311.2  351.5  313.7
  790.3   2092   17.9   14.3     79  13.07    284    1.9  311.3  351.6  313.7
  789.5   2102   17.9   14.2     79  13.03    280    2.0  311.4  351.6  313.8
  788.5   2112   17.8   14.1     79  12.93    277    2.0  311.4  351.3  313.8
  787.7   2120   17.8   14.2     80  13.04    275    2.1  311.4  351.7  313.9
  787.1   2128   17.7   14.3     80  13.13    272    2.1  311.5  352.0  313.9
  786.3   2137   17.7   14.3     80  13.11    271    2.1  311.5  352.1  314.0
  785.5   2145   17.7   14.2     80  13.04    270    2.2  311.6  351.9  314.0
  784.9   2152   17.6   14.1     80  12.99    270    2.2  311.6  351.7  314.0
  784.1   2160   17.6   14.1     80  13.02    270    2.2  311.7  351.9  314.1
  783.2   2170   17.5   14.1     80  13.05    272    2.3  311.7  352.0  314.1
  782.4   2179   17.4   14.1     81  13.03    274    2.4  311.7  352.0  314.1
  781.6   2188   17.4   14.2     82  13.12    276    2.5  311.7  352.3  314.2
  780.5   2200   17.3   14.1     82  13.12    278    2.6  311.7  352.3  314.2
  779.4   2211   17.2   14.0     82  13.01    281    2.7  311.7  352.0  314.2
  778.5   2222   17.1   13.9     81  12.93    282    2.8  311.8  351.8  314.2
  777.7   2230   17.1   13.7     80  12.78    284    3.0  311.8  351.4  314.2
  777.1   2237   17.1   13.6     80  12.73    285    3.1  311.9  351.3  314.3
  776.6   2243   17.1   13.6     80  12.68    285    3.2  311.9  351.2  314.3
  775.9   2250   17.0   13.5     80  12.66    285    3.3  312.0  351.2  314.4
  775.1   2259   17.0   13.4     79  12.60    284    3.4  312.1  351.1  314.4
  774.3   2268   17.0   13.4     80  12.62    284    3.4  312.1  351.2  314.5
  773.4   2278   16.9   13.4     80  12.61    282    3.5  312.1  351.2  314.5
  772.6   2287   16.8   13.3     80  12.51    281    3.5  312.1  350.9  314.5
  771.9   2295   16.8   13.1     79  12.36    280    3.6  312.2  350.5  314.5
  771.3   2302   16.8   13.0     79  12.32    278    3.7  312.2  350.4  314.5
  770.5   2310   16.7   12.9     78  12.27    277    3.7  312.3  350.4  314.6
  769.7   2319   16.7   13.1     79  12.38    276    3.9  312.4  350.8  314.7
  768.7   2330   16.7   13.2     80  12.49    276    4.0  312.5  351.2  314.8
  767.7   2341   16.6   13.2     80  12.49    275    4.1  312.5  351.3  314.9
  766.8   2351   16.6   13.1     80  12.43    275    4.3  312.5  351.1  314.9
  766.0   2360   16.5   13.0     80  12.43    275    4.4  312.6  351.2  314.9
  765.2   2369   16.5   13.0     80  12.42    275    4.6  312.6  351.2  314.9
  764.5   2377   16.4   12.9     79  12.30    275    4.7  312.7  350.8  315.0
  764.0   2382   16.4   12.7     79  12.15    275    4.9  312.7  350.4  314.9
  763.5   2388   16.4   12.6     79  12.12    275    4.9  312.7  350.4  315.0
  762.8   2396   16.3   12.6     78  12.09    275    5.0  312.8  350.4  315.0
  762.0   2404   16.3   12.3     77  11.90    274    5.0  312.8  349.8  315.1
  761.3   2413   16.3   12.1     76  11.77    273    5.0  312.9  349.5  315.1
  760.7   2419   16.3   12.4     78  12.00    272    4.9  312.9  350.3  315.2
  760.1   2426   16.2   12.9     81  12.38    271    4.8  312.9  351.4  315.3
  759.3   2435   16.2   12.5     79  12.12    270    4.7  313.0  350.7  315.3
  758.4   2445   16.3   12.2     77  11.86    268    4.5  313.2  350.2  315.5
  757.6   2454   16.3   12.4     78  12.07    266    4.4  313.3  350.9  315.6
  757.0   2461   16.2   12.3     78  11.99    264    4.2  313.3  350.7  315.6
  756.3   2469   16.2   12.3     78  11.98    262    4.1  313.4  350.7  315.6
  755.4   2479   16.1   12.2     77  11.89    260    3.9  313.4  350.5  315.7
  754.6   2488   16.1   11.8     75  11.59    257    3.8  313.5  349.7  315.7
  753.8   2497   16.1   11.7     75  11.53    255    3.7  313.6  349.6  315.8
  752.9   2508   16.1   11.5     74  11.41    253    3.6  313.7  349.4  315.9
  751.8   2519   16.1   11.3     73  11.23    252    3.6  313.8  348.9  315.9
  751.0   2529   16.0   11.1     72  11.12    251    3.5  313.8  348.6  315.9
  750.3   2537   16.0   11.1     73  11.14    250    3.5  313.9  348.7  316.0
  749.6   2545   15.9   11.1     73  11.13    250    3.5  313.9  348.7  316.0
  748.8   2554   15.9   11.0     73  11.10    250    3.6  314.0  348.7  316.1
  747.9   2564   15.9   11.1     73  11.19    250    3.6  314.0  349.0  316.2
  747.0   2574   15.9   11.0     73  11.08    251    3.6  314.1  348.8  316.2
  746.0   2586   15.8   10.4     70  10.72    252    3.6  314.2  347.8  316.3
  745.1   2596   15.9    9.7     67  10.22    253    3.6  314.4  346.4  316.3
  744.4   2604   15.8    9.4     66  10.03    254    3.6  314.4  345.9  316.3
  743.7   2611   15.8    9.2     64   9.85    255    3.6  314.5  345.5  316.4
  743.1   2618   15.8    9.1     64   9.79    257    3.6  314.6  345.4  316.4
  742.5   2625   15.8    9.1     64   9.80    258    3.5  314.6  345.4  316.5
  741.8   2634   15.8    8.9     64   9.70    259    3.5  314.7  345.2  316.5
  740.8   2645   15.8    8.7     63   9.57    260    3.4  314.8  344.9  316.6
  739.9   2656   15.7    8.6     63   9.52    262    3.3  314.8  344.8  316.6
  739.1   2665   15.6    8.5     62   9.46    263    3.3  314.8  344.6  316.6
  738.5   2672   15.6    8.5     63   9.51    264    3.2  314.9  344.8  316.7
  737.7   2681   15.5    8.6     63   9.53    265    3.2  314.9  345.0  316.7
  736.8   2692   15.5    8.6     64   9.56    267    3.2  314.9  345.0  316.7
  735.8   2703   15.4    8.7     65   9.66    268    3.3  314.9  345.4  316.8
  735.0   2712   15.3    8.9     65   9.76    270    3.4  315.0  345.7  316.8
  734.4   2719   15.2    8.9     66   9.82    272    3.5  315.0  345.9  316.8
  733.5   2729   15.2    9.1     67   9.97    273    3.6  315.0  346.4  316.9
  732.3   2743   15.0    9.7     70  10.40    275    3.8  315.0  347.7  317.0
  731.1   2757   14.9   10.4     75  10.90    276    4.0  315.0  349.2  317.0
  730.2   2768   14.7   10.2     74  10.78    277    4.1  315.0  348.8  317.0
  729.6   2775   14.7   10.2     74  10.76    278    4.3  315.0  348.8  317.0
  728.9   2782   14.6   10.1     74  10.75    278    4.4  315.0  348.8  317.0
  728.1   2793   14.6    9.9     74  10.60    279    4.5  315.0  348.4  317.0
  727.2   2803   14.5    9.2     70  10.09    279    4.5  315.1  346.9  317.0
  726.4   2812   14.5    8.5     67   9.67    279    4.5  315.2  345.7  317.0
  725.7   2821   14.6    8.3     66   9.52    279    4.4  315.3  345.4  317.1
  725.0   2829   14.5    8.2     66   9.47    279    4.3  315.4  345.3  317.2
  724.3   2837   14.5    8.2     66   9.47    279    4.2  315.4  345.3  317.2
  723.4   2847   14.4    8.3     67   9.52    278    4.0  315.4  345.5  317.2
  722.3   2860   14.3    8.2     67   9.52    278    3.8  315.4  345.5  317.3
  721.4   2871   14.3    8.1     66   9.45    277    3.6  315.5  345.4  317.3
  720.6   2880   14.2    8.3     67   9.57    276    3.4  315.6  345.8  317.4
  719.9   2888   14.1    8.5     69   9.73    276    3.2  315.6  346.3  317.4
  719.0   2899   14.0    8.7     70   9.87    275    3.0  315.6  346.7  317.4
  718.0   2911   13.9    9.1     73  10.19    274    2.9  315.5  347.7  317.5
  716.9   2923   13.7    9.3     75  10.35    274    2.9  315.5  348.1  317.5
  716.0   2934   13.6    9.3     75  10.35    273    2.8  315.5  348.1  317.5
  715.3   2942   13.5    9.4     76  10.45    272    2.9  315.5  348.4  317.5
  714.7   2949   13.5    9.5     77  10.47    272    2.9  315.5  348.5  317.5
  714.0   2957   13.4    9.3     76  10.39    272    3.0  315.5  348.3  317.5
  713.5   2964   13.3    9.2     76  10.31    271    3.2  315.5  348.0  317.5
  712.9   2970   13.3    9.2     76  10.31    271    3.3  315.5  348.0  317.5
  712.1   2980   13.2    9.4     78  10.45    270    3.4  315.5  348.5  317.5
  711.3   2989   13.1    9.4     78  10.46    270    3.5  315.5  348.5  317.5
  710.7   2997   13.1    9.3     78  10.42    269    3.7  315.5  348.4  317.5
  710.0   3005   13.0    9.2     78  10.39    268    3.8  315.6  348.3  317.5
  709.3   3013   12.9    9.1     77  10.26    266    3.9  315.6  347.9  317.5
  708.6   3022   12.9    8.9     77  10.17    264    3.9  315.6  347.7  317.6
  707.7   3033   12.8    8.9     77  10.17    263    4.0  315.7  347.8  317.6
  706.7   3044   12.8    9.2     79  10.39    261    4.0  315.7  348.5  317.7
  705.7   3057   12.7    9.0     78  10.25    258    4.0  315.8  348.2  317.8
  704.5   3071   12.7    8.5     75   9.92    256    4.0  316.0  347.3  317.8
  703.4   3084   12.7    8.0     73   9.61    255    4.1  316.0  346.5  317.9
  702.6   3093   12.7    7.7     72   9.44    253    4.0  316.1  346.0  317.9
  702.0   3100   12.6    7.9     73   9.57    252    4.0  316.2  346.5  318.0
  701.3   3108   12.6    7.9     73   9.61    251    4.0  316.2  346.7  318.1
  700.5   3119   12.6    7.7     72   9.44    251    4.0  316.3  346.2  318.1
  700.0   3124   12.5    7.5     72   9.37    251    4.0  316.3  346.0  318.1
  699.6   3129   12.5    7.4     71   9.29    251    3.9  316.3  345.8  318.1
  698.7   3139   12.4    7.1     70   9.12    252    3.9  316.4  345.3  318.1
  697.8   3151   12.4    6.7     68   8.87    253    3.8  316.5  344.7  318.2
  696.8   3163   12.4    6.4     67   8.67    255    3.8  316.6  344.1  318.2
  696.0   3173   12.3    6.0     65   8.49    257    3.8  316.6  343.7  318.3
  695.1   3183   12.3    6.2     66   8.58    260    3.7  316.7  344.0  318.4
  694.3   3193   12.3    6.2     66   8.58    263    3.7  316.8  344.1  318.4
  693.6   3202   12.2    6.1     66   8.55    266    3.7  316.8  344.0  318.4
  693.0   3209   12.1    6.2     67   8.60    269    3.7  316.8  344.2  318.4
  692.3   3217   12.1    6.3     68   8.68    271    3.8  316.8  344.4  318.5
  691.5   3227   12.0    6.6     70   8.89    274    3.8  316.8  345.1  318.5
  690.7   3237   11.9    7.1     72   9.20    277    3.8  316.8  346.1  318.6
  689.8   3247   11.8    7.7     76   9.64    279    3.8  316.8  347.4  318.6
  688.9   3258   11.7    7.9     78   9.75    281    3.9  316.8  347.7  318.7
  687.9   3270   11.6    7.8     77   9.68    283    3.9  316.8  347.6  318.7
  686.9   3283   11.5    7.6     77   9.62    285    3.9  316.9  347.4  318.7
  686.1   3293   11.4    7.3     76   9.38    287    3.9  316.9  346.7  318.7
  685.5   3300   11.4    6.8     73   9.06    289    3.9  317.0  345.8  318.7
  684.8   3308   11.4    6.6     72   8.98    290    3.9  317.0  345.6  318.8
  684.0   3319   11.3    6.2     71   8.75    292    3.9  317.1  345.0  318.8
  683.0   3330   11.3    5.9     69   8.55    293    3.9  317.2  344.4  318.8
  682.2   3340   11.3    5.7     69   8.47    293    3.9  317.3  344.3  318.9
  681.4   3351   11.3    6.0     70   8.63    293    3.9  317.4  344.9  319.0
  680.6   3360   11.2    6.0     70   8.65    293    3.9  317.4  345.0  319.0
  679.9   3369   11.2    5.7     69   8.47    292    3.9  317.5  344.5  319.1
  679.1   3379   11.2    5.4     68   8.35    291    3.9  317.5  344.2  319.1
  678.2   3390   11.1    5.7     69   8.53    289    3.9  317.6  344.9  319.3
  677.3   3400   11.1    6.1     71   8.74    288    4.0  317.7  345.6  319.3
  676.5   3411   11.0    5.8     71   8.62    285    4.0  317.7  345.2  319.3
  675.6   3422   10.9    5.6     70   8.51    283    4.1  317.7  344.9  319.4
  674.8   3432   10.8    5.6     70   8.50    281    4.1  317.7  344.9  319.4
  674.1   3441   10.7    5.7     71   8.55    279    4.1  317.8  345.1  319.4
  673.3   3450   10.7    5.8     72   8.62    278    4.1  317.8  345.3  319.4
  672.5   3460   10.6    5.8     72   8.63    276    4.1  317.8  345.3  319.4
  671.7   3470   10.5    5.7     72   8.57    276    4.0  317.8  345.2  319.4
  670.9   3480   10.4    5.7     73   8.61    276    4.0  317.8  345.3  319.5
  670.1   3490   10.4    5.5     72   8.52    276    3.9  317.9  345.1  319.5
  669.3   3500   10.3    5.3     71   8.40    277    3.8  317.9  344.8  319.5
  668.3   3512   10.2    5.1     70   8.26    278    3.7  317.9  344.4  319.5
  667.4   3523   10.1    4.8     69   8.10    280    3.6  318.0  343.9  319.5
  666.6   3533   10.1    4.6     69   8.04    282    3.5  318.0  343.8  319.6
  665.8   3543   10.1    5.1     71   8.32    285    3.5  318.1  344.8  319.7
  665.0   3554   10.0    5.6     74   8.63    287    3.5  318.1  345.8  319.8
  664.1   3565    9.9    5.5     74   8.57    288    3.5  318.2  345.7  319.9
  663.4   3574    9.9    5.3     73   8.49    290    3.6  318.2  345.4  319.9
  662.7   3583    9.9    5.1     72   8.36    290    3.7  318.3  345.1  319.9
  662.1   3591    9.9    4.9     71   8.24    290    3.8  318.4  344.8  320.0
  661.3   3600    9.8    4.7     71   8.15    290    3.9  318.5  344.6  320.0
  660.4   3611    9.8    4.8     71   8.18    289    4.0  318.5  344.8  320.1
  659.5   3622    9.7    4.9     72   8.25    288    4.1  318.5  345.0  320.1
  658.7   3633    9.6    4.8     72   8.23    287    4.2  318.6  345.0  320.1
  657.8   3645    9.5    4.5     71   8.06    285    4.2  318.6  344.5  320.1
  656.9   3655    9.5    3.9     68   7.73    284    4.2  318.7  343.5  320.1
  656.3   3664    9.4    3.8     68   7.67    283    4.2  318.7  343.4  320.2
  655.5   3673    9.4    3.8     68   7.68    281    4.2  318.8  343.5  320.2
  654.7   3683    9.3    3.4     66   7.48    280    4.2  318.8  342.9  320.3
  653.9   3694    9.3    3.0     65   7.28    279    4.1  318.9  342.4  320.3
  653.1   3704    9.3    2.6     63   7.10    278    4.0  319.0  341.9  320.3
  652.4   3713    9.2    2.3     62   6.96    276    3.9  319.0  341.5  320.3
  651.7   3721    9.2    2.0     61   6.81    275    3.8  319.0  341.1  320.4
  651.0   3731    9.1    1.9     61   6.79    273    3.7  319.1  341.1  320.4
  650.2   3741    9.1    2.4     63   7.05    272    3.6  319.2  341.9  320.5
  649.5   3750    9.0    2.8     65   7.23    270    3.5  319.2  342.5  320.6
  648.7   3759    9.0    3.0     66   7.37    268    3.4  319.2  343.0  320.6
  648.0   3769    8.9    3.1     67   7.39    265    3.3  319.3  343.1  320.7
  647.3   3778    8.8    3.1     67   7.42    263    3.2  319.3  343.3  320.7
  646.6   3787    8.8    3.2     68   7.50    260    3.1  319.3  343.5  320.8
  645.8   3798    8.7    3.3     69   7.57    258    3.1  319.3  343.7  320.8
  645.0   3808    8.6    3.4     70   7.60    256    3.1  319.3  343.8  320.8
  644.2   3818    8.5    3.4     70   7.60    255    3.1  319.3  343.9  320.8
  643.3   3829    8.4    3.4     71   7.62    254    3.1  319.4  344.0  320.8
  642.5   3839    8.3    3.3     71   7.61    254    3.1  319.4  343.9  320.9
  641.8   3849    8.3    3.2     71   7.56    254    3.2  319.4  343.8  320.9
  641.0   3859    8.2    3.2     71   7.52    255    3.2  319.4  343.7  320.9
  640.1   3870    8.1    3.0     70   7.44    256    3.3  319.5  343.5  320.9
  639.4   3880    8.0    2.9     70   7.40    257    3.4  319.5  343.4  320.9
  638.6   3890    8.0    2.9     70   7.40    258    3.5  319.5  343.5  321.0
  637.8   3901    7.9    2.7     70   7.29    260    3.6  319.6  343.1  321.0
  637.0   3910    7.8    2.5     69   7.22    260    3.6  319.6  343.0  321.0
  636.3   3919    7.8    2.8     71   7.40    261    3.7  319.6  343.6  321.1
  635.5   3930    7.7    3.1     73   7.58    262    3.7  319.6  344.1  321.1
  634.6   3942    7.6    3.1     73   7.57    262    3.7  319.7  344.1  321.1
  633.7   3954    7.5    2.7     71   7.37    262    3.7  319.7  343.6  321.2
  632.7   3966    7.4    2.8     72   7.41    262    3.7  319.8  343.8  321.2
  632.0   3975    7.3    2.5     71   7.27    262    3.6  319.8  343.3  321.2
  631.4   3984    7.3    2.0     69   7.04    262    3.6  319.9  342.7  321.2
  630.5   3995    7.3    1.9     69   7.00    263    3.5  320.0  342.7  321.3
  629.7   4005    7.2    1.9     69   6.99    263    3.5  320.0  342.7  321.3
  629.0   4014    7.2    1.9     69   7.03    264    3.4  320.0  342.8  321.4
  628.3   4024    7.1    2.0     70   7.05    266    3.4  320.0  342.9  321.4
  627.6   4033    7.0    2.0     70   7.05    267    3.3  320.1  343.0  321.4
  627.0   4042    7.0    2.2     71   7.17    269    3.4  320.1  343.3  321.5
  626.3   4051    6.9    2.7     75   7.46    271    3.4  320.1  344.2  321.5
  625.5   4061    6.8    3.2     78   7.72    273    3.4  320.1  345.0  321.6
  624.8   4071    6.7    3.2     79   7.75    274    3.5  320.1  345.2  321.6
  624.1   4079    6.6    3.1     78   7.72    276    3.6  320.1  345.1  321.6
  623.3   4090    6.6    2.9     78   7.61    277    3.6  320.1  344.8  321.6
  622.4   4101    6.5    2.7     77   7.51    278    3.7  320.2  344.5  321.6
  621.8   4110    6.4    2.5     76   7.42    279    3.8  320.2  344.2  321.6
  621.1   4119    6.3    2.6     77   7.45    279    3.8  320.2  344.4  321.7
  620.4   4128    6.2    2.6     77   7.47    280    3.9  320.2  344.4  321.7
  619.6   4138    6.2    2.5     78   7.45    280    3.9  320.2  344.4  321.7
  618.9   4148    6.1    2.6     78   7.48    280    3.8  320.2  344.5  321.7
  618.1   4158    6.0    2.7     79   7.54    281    3.8  320.2  344.7  321.7
  617.3   4169    5.9    2.6     79   7.50    281    3.7  320.3  344.6  321.7
  616.4   4181    5.8    2.4     79   7.43    282    3.7  320.3  344.4  321.8
  615.7   4191    5.8    2.3     78   7.38    282    3.6  320.4  344.3  321.8
  615.0   4200    5.8    2.2     78   7.34    283    3.5  320.5  344.3  321.9
  614.2   4210    5.7    2.1     77   7.26    284    3.4  320.5  344.1  321.9
  613.6   4219    5.7    1.9     77   7.21    286    3.4  320.6  344.0  322.0
  612.8   4230    5.6    1.8     77   7.15    287    3.4  320.6  343.8  322.0
  611.8   4242    5.5    1.4     75   6.96    289    3.3  320.7  343.3  322.0
  611.1   4252    5.5    1.0     73   6.74    290    3.4  320.7  342.7  322.0
  610.5   4260    5.4    0.9     72   6.69    292    3.4  320.8  342.6  322.1
  609.9   4268    5.4    0.6     71   6.59    293    3.5  320.8  342.3  322.1
  609.2   4277    5.4    0.4     70   6.50    294    3.5  320.9  342.1  322.2
  608.4   4288    5.3    0.7     72   6.62    295    3.6  320.9  342.5  322.2
  607.5   4301    5.2    1.1     75   6.84    296    3.7  320.9  343.2  322.3
  606.6   4313    5.1    1.4     77   6.99    297    3.7  321.0  343.8  322.3
  605.8   4323    5.1    1.8     79   7.20    298    3.8  321.0  344.5  322.4
  605.2   4332    5.0    2.0     81   7.35    298    3.8  321.1  345.0  322.5
  604.5   4341    4.9    2.4     84   7.56    299    3.9  321.1  345.7  322.6
  603.8   4350    5.0    2.4     83   7.56    300    3.9  321.2  345.8  322.7
  603.1   4360    5.0    2.1     82   7.42    301    3.9  321.4  345.5  322.8
  602.5   4368    4.9    2.1     82   7.43    302    3.9  321.4  345.6  322.8
  601.8   4378    4.9    2.1     82   7.43    303    3.9  321.4  345.6  322.9
  601.0   4389    4.8    2.1     83   7.46    304    4.0  321.5  345.8  322.9
  600.2   4400    4.7    2.1     83   7.44    305    4.0  321.5  345.7  323.0
  599.6   4408    4.7    2.1     83   7.44    307    4.0  321.5  345.8  323.0
  599.0   4416    4.6    2.2     85   7.53    308    4.0  321.5  346.1  323.0
  598.3   4425    4.5    2.5     87   7.68    309    4.1  321.6  346.6  323.1
  597.6   4435    4.4    2.9     90   7.93    311    4.1  321.5  347.3  323.1
  596.8   4446    4.3    3.2     92   8.10    312    4.1  321.6  347.8  323.1
  595.9   4457    4.2    3.1     93   8.08    314    4.2  321.6  347.8  323.1
  595.3   4467    4.2    2.9     92   7.98    315    4.2  321.6  347.5  323.2
  594.7   4475    4.1    2.7     91   7.86    316    4.3  321.6  347.2  323.2
  594.0   4484    4.1    2.3     88   7.65    317    4.3  321.7  346.6  323.2
  593.3   4493    4.0    2.3     88   7.65    318    4.4  321.8  346.7  323.2
  592.7   4502    4.0    2.3     89   7.68    319    4.5  321.8  346.8  323.3
  592.1   4511    3.9    2.3     90   7.69    319    4.6  321.8  346.8  323.3
  591.3   4521    3.8    2.4     90   7.71    320    4.7  321.8  346.9  323.3
  590.5   4533    3.7    2.2     89   7.61    320    4.8  321.9  346.6  323.3
  589.5   4546    3.7    1.8     88   7.42    320    5.0  321.9  346.1  323.4
  588.7   4557    3.7    1.4     85   7.23    320    5.1  322.1  345.7  323.5
  588.1   4565    3.7    1.4     85   7.21    319    5.2  322.1  345.7  323.5
  587.5   4574    3.6    1.4     85   7.22    319    5.2  322.2  345.7  323.6
  586.8   4583    3.5    1.3     85   7.20    319    5.3  322.2  345.7  323.6
  586.1   4593    3.5    1.3     85   7.19    318    5.3  322.3  345.7  323.6
  585.3   4604    3.4    1.1     85   7.09    318    5.3  322.3  345.5  323.7
  584.6   4614    3.4    0.5     81   6.82    318    5.2  322.4  344.7  323.7
  583.9   4624    3.4   -0.0     78   6.56    318    5.1  322.5  344.0  323.7
  583.1   4634    3.3   -0.5     76   6.35    319    5.1  322.5  343.4  323.8
  582.4   4644    3.3   -0.9     74   6.18    319    5.0  322.6  342.9  323.8
  581.7   4654    3.2   -1.0     74   6.15    320    4.8  322.6  342.9  323.8
  581.1   4663    3.1   -1.1     74   6.09    320    4.7  322.6  342.7  323.8
  580.4   4672    3.1   -1.1     74   6.10    321    4.6  322.7  342.8  323.9
  579.6   4684    3.0   -1.2     74   6.08    322    4.5  322.7  342.7  323.9
  578.7   4696    3.0   -1.5     72   5.95    322    4.4  322.8  342.5  324.0
  578.0   4705    3.0   -1.7     71   5.87    323    4.3  322.9  342.3  324.1
  577.4   4715    3.0   -2.8     66   5.40    324    4.3  323.1  341.0  324.1
  576.7   4724    3.1   -3.8     61   5.03    324    4.2  323.2  340.0  324.2
  576.1   4733    3.1   -4.1     59   4.92    324    4.1  323.3  339.7  324.3
  575.4   4743    3.0   -4.1     59   4.92    324    4.0  323.4  339.8  324.4
  574.6   4754    3.0   -2.8     66   5.41    325    4.0  323.5  341.4  324.5
  573.7   4767    2.8   -1.9     71   5.80    325    3.9  323.5  342.7  324.6
  572.8   4780    2.7   -2.0     71   5.80    325    3.8  323.4  342.6  324.6
  571.9   4791    2.6   -2.0     72   5.80    326    3.8  323.4  342.6  324.6
  571.3   4800    2.5   -2.0     72   5.78    326    3.7  323.4  342.6  324.6
  570.7   4808    2.4   -1.8     73   5.87    327    3.6  323.5  342.9  324.6
  570.2   4817    2.4   -1.7     74   5.93    327    3.6  323.5  343.1  324.7
  569.5   4826    2.4   -1.9     74   5.88    328    3.5  323.6  343.1  324.8
  568.8   4836    2.3   -2.3     71   5.68    329    3.5  323.6  342.5  324.8
  568.0   4848    2.3   -3.4     66   5.25    329    3.5  323.8  341.3  324.8
  567.1   4860    2.3   -3.8     64   5.12    330    3.5  323.9  341.0  324.9
  566.3   4871    2.2   -3.0     68   5.42    330    3.5  323.9  341.9  325.0
  565.6   4881    2.1   -2.5     72   5.64    331    3.6  323.9  342.7  325.0
  565.0   4891    2.0   -2.3     73   5.73    331    3.6  323.9  342.9  325.0
  564.3   4901    1.9   -2.3     74   5.76    332    3.7  323.9  343.0  325.1
  563.4   4913    1.9   -2.3     74   5.77    332    3.7  324.0  343.1  325.1
  562.6   4925    1.8   -2.2     75   5.80    332    3.8  324.0  343.3  325.2
  561.8   4936    1.7   -2.0     76   5.88    333    3.8  324.1  343.6  325.3
  561.1   4946    1.7   -2.0     76   5.90    334    3.9  324.2  343.7  325.3
  560.5   4956    1.6   -2.1     76   5.88    334    3.9  324.2  343.7  325.4
  559.7   4966    1.6   -2.4     75   5.76    335    4.0  324.3  343.4  325.4
  558.9   4977    1.6   -2.5     74   5.70    337    4.0  324.4  343.3  325.5
  558.3   4987    1.5   -2.8     73   5.59    338    4.1  324.4  343.0  325.5
  557.9   4993    1.5   -3.2     71   5.44    339    4.1  324.5  342.6  325.5
  557.3   5001    1.5   -3.1     71   5.46    341    4.2  324.6  342.8  325.6
  556.5   5012    1.4   -2.8     74   5.62    342    4.2  324.6  343.3  325.7
  555.8   5022    1.3   -2.6     75   5.69    343    4.3  324.6  343.6  325.8
  555.2   5032    1.3   -2.7     75   5.66    344    4.3  324.7  343.5  325.8
  554.5   5041    1.2   -2.8     75   5.65    345    4.3  324.7  343.5  325.8
  553.8   5051    1.1   -2.8     75   5.64    346    4.3  324.7  343.5  325.8
  553.1   5062    1.0   -3.0     75   5.57    347    4.2  324.7  343.3  325.8
  552.4   5073    0.9   -3.2     74   5.48    348    4.2  324.7  343.0  325.8
  551.6   5083    0.8   -3.5     73   5.37    348    4.1  324.8  342.7  325.8
  550.9   5094    0.8   -4.0     71   5.18    349    4.0  324.8  342.1  325.8
  550.2   5104    0.7   -4.4     69   5.04    349    3.9  324.8  341.7  325.8
  549.5   5115    0.6   -4.6     68   4.96    349    3.9  324.8  341.4  325.8
  548.8   5125    0.5   -4.9     67   4.85    349    3.8  324.8  341.1  325.8
  548.1   5135    0.4   -5.0     67   4.84    349    3.7  324.9  341.1  325.8
  547.4   5145    0.4   -4.8     68   4.90    349    3.6  324.9  341.3  325.8
  546.7   5156    0.3   -4.8     69   4.92    349    3.5  324.9  341.4  325.9
  545.9   5167    0.2   -5.2     67   4.76    349    3.4  324.9  340.9  325.9
  545.2   5178    0.1   -5.5     66   4.67    349    3.3  325.0  340.7  325.9
  544.5   5189    0.1   -6.2     63   4.42    349    3.3  325.0  339.9  325.9
  543.8   5198    0.1   -8.2     54   3.79    350    3.2  325.2  338.1  326.0
  543.1   5208    0.2   -9.6     48   3.41    350    3.2  325.5  337.1  326.1
  542.5   5218    0.2  -10.2     45   3.25    351    3.2  325.6  336.7  326.2
  541.8   5227    0.2  -10.4     45   3.20    351    3.1  325.7  336.6  326.3
  541.2   5236    0.2  -11.1     43   3.04    352    3.1  325.7  336.2  326.3
  540.7   5244    0.2  -11.1     43   3.04    352    3.1  325.8  336.3  326.4
  540.2   5252    0.1   -8.3     53   3.78    353    3.0  325.9  338.7  326.6
  539.5   5262    0.1   -6.8     60   4.26    352    3.0  325.9  340.3  326.7
  538.8   5272    0.2   -9.7     47   3.41    352    2.9  326.1  337.8  326.8
  538.2   5282    0.1  -10.9     43   3.09    351    2.9  326.2  336.8  326.8
  537.5   5292    0.1  -11.7     41   2.91    349    2.8  326.3  336.3  326.9
  536.9   5301    0.1  -12.4     39   2.76    347    2.7  326.3  335.9  326.9
  536.3   5310    0.1  -14.4     33   2.35    345    2.6  326.5  334.7  326.9
  535.8   5318    0.1  -15.1     31   2.20    342    2.5  326.6  334.4  327.1
  535.2   5326    0.1  -14.6     32   2.30    339    2.5  326.7  334.7  327.1
  534.7   5334    0.1  -14.5     32   2.32    336    2.4  326.7  334.9  327.2
  534.2   5342    0.1  -15.0     31   2.24    333    2.3  326.8  334.7  327.3
  533.6   5349    0.1  -15.3     30   2.18    331    2.2  326.9  334.6  327.4
  533.1   5357    0.0  -15.6     30   2.14    330    2.1  327.0  334.5  327.4
  532.6   5366    0.1  -16.2     28   2.04    329    2.0  327.1  334.3  327.5
  532.0   5374    0.1  -16.4     28   1.99    331    1.9  327.2  334.2  327.6
  531.5   5382    0.0  -17.2     26   1.88    333    1.8  327.3  333.9  327.6
  530.8   5393   -0.0  -17.2     26   1.87    337    1.7  327.3  333.9  327.7
  530.1   5403   -0.1  -17.2     26   1.87    343    1.6  327.3  334.0  327.7
  529.5   5412   -0.2  -17.2     26   1.87    350    1.6  327.3  334.0  327.7
  528.9   5421   -0.3  -17.2     27   1.88    358    1.5  327.3  334.0  327.7
  528.3   5429   -0.3  -17.1     27   1.90      5    1.6  327.4  334.1  327.7
  527.8   5437   -0.4  -16.9     28   1.94     12    1.7  327.4  334.2  327.7
  527.2   5446   -0.5  -16.5     29   2.01     17    1.8  327.4  334.5  327.8
  526.6   5456   -0.6  -16.3     29   2.03     20    1.9  327.4  334.5  327.8
  525.9   5466   -0.7  -16.2     30   2.06     23    2.0  327.4  334.7  327.8
  525.3   5475   -0.8  -15.9     31   2.11     24    2.2  327.4  334.8  327.8
  524.6   5485   -0.8  -15.8     31   2.12     25    2.3  327.4  334.9  327.8
  524.1   5494   -0.9  -15.9     31   2.12     25    2.4  327.4  334.9  327.8
  523.5   5502   -1.0  -15.7     32   2.15     25    2.5  327.4  335.0  327.9
  523.0   5511   -1.1  -15.6     32   2.17     25    2.6  327.4  335.1  327.9
  522.4   5520   -1.1  -15.0     34   2.28     25    2.7  327.5  335.5  327.9
  521.8   5529   -1.2  -14.2     36   2.44     26    2.7  327.5  336.1  328.0
  521.1   5540   -1.2  -14.1     37   2.46     26    2.7  327.6  336.3  328.1
  520.4   5551   -1.2  -14.5     36   2.39     26    2.7  327.7  336.1  328.2
  519.6   5562   -1.3  -14.4     36   2.42     27    2.6  327.8  336.3  328.3
  518.9   5573   -1.4  -14.3     37   2.45     27    2.6  327.8  336.4  328.3
  518.2   5584   -1.4  -14.4     36   2.42     28    2.5  327.8  336.3  328.3
  517.5   5595   -1.5  -15.3     34   2.26     29    2.4  327.9  335.8  328.3
  516.8   5606   -1.6  -15.7     33   2.18     29    2.3  327.9  335.6  328.4
  516.0   5618   -1.7  -15.5     34   2.23     30    2.2  327.9  335.8  328.4
  515.2   5629   -1.8  -15.3     35   2.26     32    2.1  328.0  335.9  328.4
  514.5   5641   -1.9  -14.7     37   2.39     33    2.0  328.0  336.3  328.4
  513.8   5651   -2.0  -13.6     41   2.61     35    1.9  327.9  337.0  328.4
  513.1   5662   -2.1  -14.1     39   2.50     37    1.8  327.9  336.7  328.4
  512.4   5673   -2.1  -16.8     32   2.00     39    1.8  328.0  335.1  328.4
  511.7   5684   -2.1  -18.8     27   1.69     42    1.7  328.2  334.2  328.5
  511.0   5695   -2.2  -18.1     28   1.80     44    1.7  328.3  334.7  328.6
  510.3   5706   -2.2  -18.5     28   1.75     47    1.7  328.3  334.5  328.7
  509.7   5715   -2.3  -18.8     27   1.71     48    1.7  328.4  334.4  328.7
  509.1   5724   -2.4  -17.0     32   1.98     50    1.7  328.4  335.4  328.8
  508.4   5735   -2.5  -13.7     42   2.61     51    1.7  328.3  337.4  328.8
  507.7   5746   -2.6  -12.0     49   3.02     51    1.7  328.3  338.8  328.9
  507.0   5757   -2.7  -10.5     55   3.39     51    1.7  328.4  340.1  329.1
  506.3   5769   -2.8   -9.9     58   3.56     51    1.7  328.4  340.7  329.1
  505.6   5780   -2.8  -10.3     56   3.47     51    1.7  328.5  340.5  329.2
  504.9   5790   -2.8  -11.0     53   3.27     50    1.7  328.7  340.0  329.3
  504.3   5800   -2.8  -11.7     50   3.10     50    1.7  328.8  339.5  329.4
  503.6   5811   -2.8  -13.3     44   2.72     50    1.6  328.8  338.4  329.4
  502.9   5821   -2.8  -13.8     43   2.63     50    1.6  329.0  338.2  329.5
  502.3   5832   -2.8  -14.0     42   2.58     51    1.6  329.1  338.2  329.6
  501.6   5843   -2.8  -14.2     41   2.55     51    1.6  329.2  338.2  329.7
  500.9   5853   -2.9  -15.0     39   2.38     52    1.5  329.3  337.7  329.7
  500.3   5863   -2.9  -15.0     39   2.38     52    1.5  329.3  337.8  329.8
  500.0   5868   -2.9  -15.1     39   2.38     52    1.5  329.4  337.8  329.9
  499.7   5873   -3.0  -15.1     39   2.38     52    1.5  329.4  337.8  329.9
  499.0   5884   -3.0  -15.5     37   2.29     51    1.4  329.5  337.6  330.0
  498.4   5894   -3.0  -15.6     37   2.29     49    1.3  329.6  337.7  330.1
  497.7   5904   -3.0  -17.3     32   1.98     46    1.3  329.8  336.8  330.2
  497.1   5914   -3.0  -18.9     28   1.74     41    1.2  329.9  336.1  330.2
  496.4   5925   -3.0  -18.6     29   1.78     36    1.2  330.0  336.3  330.3
  495.7   5937   -3.1  -18.7     29   1.77     30    1.1  330.0  336.3  330.3
  495.0   5948   -3.2  -18.8     29   1.76     23    1.1  330.0  336.3  330.4
  494.2   5959   -3.3  -18.8     29   1.76     17    1.1  330.1  336.4  330.4
  493.5   5971   -3.4  -18.9     29   1.75     13    1.1  330.1  336.4  330.4
  492.7   5983   -3.4  -18.9     29   1.75      9    1.0  330.2  336.4  330.5
  492.0   5995   -3.5  -19.2     28   1.70      7    1.0  330.2  336.4  330.6
  491.3   6007   -3.5  -19.6     27   1.65      7    1.0  330.4  336.4  330.7
  490.6   6018   -3.5  -20.0     27   1.59      9    0.9  330.5  336.2  330.8
  489.9   6029   -3.5  -19.8     27   1.62     14    0.8  330.6  336.4  330.9
  489.3   6039   -3.6  -19.2     29   1.72     20    0.8  330.6  336.8  330.9
  488.6   6050   -3.8  -18.7     30   1.80     29    0.7  330.6  337.0  330.9
  487.9   6061   -3.8  -20.6     26   1.53     38    0.7  330.6  336.2  330.9
  487.2   6073   -3.8  -24.5     18   1.08     47    0.7  330.8  334.7  331.0
  486.5   6084   -3.9  -26.2     16   0.93     54    0.7  330.8  334.3  331.0
  485.8   6095   -3.9  -27.2     14   0.85     60    0.8  330.9  334.1  331.1
  485.2   6105   -3.9  -27.4     14   0.83     63    0.8  331.0  334.1  331.2
  484.6   6115   -4.0  -25.3     17   1.01     64    0.8  331.0  334.8  331.2
  484.0   6124   -4.0  -24.3     19   1.11     64    0.8  331.1  335.2  331.3
  483.4   6134   -4.1  -22.3     23   1.32     63    0.8  331.1  336.0  331.4
  482.8   6145   -4.2  -21.0     26   1.49     61    0.8  331.2  336.6  331.5
  482.1   6156   -4.1  -24.5     19   1.09     59    0.8  331.4  335.4  331.6
  481.3   6168   -4.0  -29.3     12   0.70     57    0.8  331.7  334.4  331.8
  480.6   6180   -4.0  -30.3     11   0.65     56    0.7  331.8  334.3  332.0
  480.1   6189   -4.0  -30.6     11   0.62     56    0.7  331.9  334.3  332.0
  479.6   6197   -4.1  -30.2     11   0.65     57    0.6  331.9  334.4  332.0
  479.1   6204   -4.1  -29.6     12   0.69     61    0.6  331.9  334.6  332.1
  478.6   6213   -4.2  -28.1     14   0.79     67    0.5  332.0  334.9  332.1
  478.1   6222   -4.2  -27.8     14   0.81     76    0.5  332.1  335.1  332.2
  477.5   6232   -4.2  -27.1     15   0.87     88    0.5  332.1  335.4  332.3
  476.9   6241   -4.3  -24.1     20   1.15    100    0.5  332.2  336.5  332.4
  476.4   6249   -4.3  -23.4     21   1.22    111    0.6  332.3  336.8  332.5
  475.9   6257   -4.3  -23.5     21   1.21    121    0.6  332.3  336.8  332.6
  475.4   6266   -4.4  -23.4     21   1.22    129    0.7  332.4  336.9  332.6
  474.8   6276   -4.5  -23.4     21   1.22    136    0.8  332.4  336.9  332.7
  474.2   6287   -4.5  -22.8     23   1.30    142    0.9  332.4  337.2  332.7
  473.5   6298   -4.6  -22.7     23   1.30    148    0.9  332.5  337.3  332.8
  472.8   6310   -4.6  -23.7     21   1.20    154    1.0  332.6  337.0  332.9
  472.1   6321   -4.6  -25.2     18   1.05    160    1.1  332.8  336.7  333.0
  471.3   6334   -4.6  -25.2     18   1.05    166    1.2  333.0  336.9  333.2
  470.6   6346   -4.6  -25.0     19   1.07    172    1.2  333.1  337.1  333.3
  469.9   6357   -4.5  -27.1     15   0.89    177    1.3  333.3  336.7  333.5
  469.3   6368   -4.5  -27.8     14   0.83    182    1.4  333.4  336.6  333.6
  468.7   6378   -4.5  -27.0     16   0.90    186    1.5  333.5  336.9  333.7
  468.1   6388   -4.6  -25.2     18   1.06    190    1.6  333.6  337.6  333.8
  467.5   6398   -4.6  -23.7     21   1.21    192    1.7  333.7  338.2  333.9
  466.9   6408   -4.7  -23.0     22   1.29    194    1.7  333.7  338.5  333.9
  466.2   6419   -4.8  -23.3     22   1.26    194    1.8  333.7  338.4  334.0
  465.6   6429   -4.9  -23.7     21   1.21    193    1.8  333.7  338.2  334.0
  465.0   6439   -5.0  -23.8     21   1.20    191    1.8  333.8  338.2  334.0
  464.5   6449   -5.1  -23.4     22   1.25    188    1.8  333.7  338.4  334.0
  463.8   6460   -5.2  -23.1     23   1.29    184    1.9  333.7  338.5  334.0
  463.1   6472   -5.3  -23.4     23   1.26    179    1.9  333.8  338.4  334.0
  462.5   6483   -5.4  -23.2     23   1.28    173    1.9  333.8  338.5  334.0
  461.9   6492   -5.5  -22.5     25   1.36    167    1.9  333.8  338.8  334.1
  461.3   6502   -5.6  -22.0     26   1.43    161    2.0  333.8  339.1  334.1
  460.8   6512   -5.7  -21.5     28   1.50    156    2.0  333.8  339.3  334.1
  460.2   6522   -5.8  -21.2     28   1.53    151    2.1  333.8  339.4  334.1
  459.5   6533   -5.8  -20.9     29   1.58    147    2.1  333.9  339.7  334.2
  458.8   6545   -5.9  -20.7     30   1.61    143    2.1  333.9  339.8  334.2
  458.2   6556   -6.0  -20.7     30   1.61    140    2.0  333.9  339.8  334.2
  457.6   6567   -6.1  -20.3     32   1.67    137    2.0  333.9  340.0  334.3
  457.0   6577   -6.2  -19.3     35   1.82    136    1.9  333.9  340.6  334.3
  456.4   6587   -6.3  -18.6     37   1.94    134    1.8  333.9  341.0  334.3
  455.7   6599   -6.3  -17.6     41   2.12    134    1.6  334.0  341.6  334.4
  455.0   6611   -6.5  -15.9     47   2.44    134    1.5  334.0  342.7  334.5
  454.3   6622   -6.6  -14.4     54   2.77    135    1.4  334.0  343.9  334.6
  453.7   6633   -6.7  -12.6     63   3.21    138    1.2  334.0  345.3  334.6
  453.0   6645   -6.7  -11.8     67   3.42    141    1.2  334.0  346.1  334.7
  452.3   6656   -6.7  -12.1     65   3.36    144    1.1  334.3  346.1  334.9
  451.7   6668   -6.7  -12.9     61   3.15    148    1.1  334.4  345.5  335.0
  451.0   6680   -6.7  -14.2     55   2.83    151    1.1  334.5  344.6  335.1
  450.3   6692   -6.8  -15.4     50   2.58    153    1.2  334.6  343.8  335.1
  449.6   6703   -6.8  -16.2     47   2.42    154    1.3  334.7  343.4  335.2
  449.0   6714   -6.9  -16.4     47   2.37    155    1.4  334.7  343.2  335.2
  448.4   6725   -7.0  -16.3     47   2.39    155    1.5  334.7  343.3  335.2
  447.7   6737   -7.1  -16.3     48   2.40    155    1.7  334.7  343.3  335.2
  447.0   6749   -7.2  -16.3     48   2.41    156    1.8  334.7  343.4  335.2
  446.3   6761   -7.3  -16.4     48   2.39    156    1.9  334.8  343.3  335.2
  445.6   6773   -7.4  -16.7     47   2.32    158    2.0  334.8  343.1  335.2
  445.0   6783   -7.5  -17.2     46   2.24    159    2.2  334.8  342.9  335.2
  444.4   6793   -7.6  -17.3     46   2.23    161    2.3  334.8  342.9  335.3
  443.8   6804   -7.7  -17.1     47   2.26    164    2.4  334.8  343.0  335.3
  443.3   6813   -7.8  -16.8     48   2.33    166    2.5  334.8  343.2  335.3
  442.8   6823   -7.8  -16.6     49   2.37    169    2.5  334.9  343.4  335.4
  442.3   6832   -7.8  -18.3     43   2.04    172    2.6  335.0  342.4  335.4
  441.7   6842   -7.8  -20.3     36   1.73    174    2.7  335.1  341.5  335.5
  441.0   6854   -7.8  -20.7     35   1.68    177    2.8  335.2  341.4  335.6
  440.4   6865   -7.9  -21.9     32   1.51    178    2.8  335.3  340.8  335.6
  439.8   6875   -7.9  -23.7     27   1.29    180    2.9  335.4  340.2  335.6
  439.2   6885   -8.0  -23.6     27   1.30    181    2.9  335.5  340.3  335.7
  438.6   6896   -8.0  -21.0     34   1.64    181    3.0  335.5  341.6  335.9
  438.0   6907   -8.1  -19.1     41   1.93    182    3.0  335.6  342.6  335.9
  437.4   6917   -8.2  -19.0     41   1.95    181    3.0  335.6  342.7  336.0
  436.8   6929   -8.2  -19.4     40   1.88    180    3.0  335.7  342.5  336.0
  436.2   6940   -8.3  -19.8     39   1.83    179    3.0  335.7  342.4  336.1
  435.6   6949   -8.4  -20.0     39   1.80    178    3.0  335.7  342.3  336.1
  435.1   6958   -8.4  -20.6     37   1.70    177    3.0  335.8  342.1  336.1
  434.6   6968   -8.4  -21.8     33   1.54    175    3.0  335.9  341.5  336.2
  433.9   6979   -8.5  -23.6     28   1.32    174    3.0  336.0  340.9  336.3
  433.3   6990   -8.5  -26.2     22   1.04    172    3.1  336.1  340.1  336.3
  432.7   7001   -8.5  -24.9     25   1.18    171    3.1  336.2  340.7  336.5
  432.1   7013   -8.5  -22.9     30   1.41    170    3.1  336.3  341.5  336.6
  431.4   7025   -8.6  -23.0     30   1.39    169    3.2  336.4  341.5  336.6
  430.7   7037   -8.7  -22.2     33   1.51    169    3.2  336.4  342.0  336.7
  430.1   7048   -8.8  -21.6     35   1.58    168    3.2  336.4  342.2  336.7
  429.6   7058   -8.9  -21.0     37   1.68    168    3.3  336.3  342.5  336.7
  429.1   7067   -9.0  -19.7     42   1.87    168    3.2  336.3  343.2  336.7
  428.5   7077   -9.1  -18.0     49   2.17    168    3.2  336.4  344.3  336.8
  427.9   7088   -9.2  -14.5     65   2.92    168    3.1  336.4  346.9  337.0
  427.3   7098   -9.2  -12.8     75   3.36    167    3.1  336.6  348.5  337.3
  426.7   7110   -9.1  -14.2     67   3.00    167    2.9  336.7  347.5  337.3
  426.0   7122   -9.1  -18.6     46   2.08    167    2.8  337.0  344.6  337.4
  425.4   7133   -8.8  -22.6     32   1.47    166    2.7  337.4  342.9  337.7
  424.9   7143   -8.9  -19.1     43   1.99    165    2.5  337.5  344.8  337.9
  424.4   7151   -8.9  -18.4     46   2.12    164    2.4  337.5  345.2  337.9
  424.0   7159   -9.0  -19.3     43   1.96    162    2.3  337.6  344.8  338.0
  423.5   7168   -9.0  -19.3     43   1.97    160    2.2  337.6  344.9  338.0
  423.0   7176   -9.1  -18.8     45   2.06    159    2.2  337.6  345.1  338.0
  422.6   7184   -9.2  -18.6     47   2.10    157    2.1  337.6  345.3  338.0
  422.2   7192   -9.3  -18.6     47   2.10    156    2.1  337.6  345.3  338.0
  421.8   7200   -9.3  -18.4     48   2.13    154    2.2  337.6  345.4  338.0
  421.3   7208   -9.4  -18.1     49   2.18    154    2.3  337.6  345.6  338.0
  420.8   7217   -9.5  -17.9     51   2.23    154    2.3  337.6  345.7  338.1
  420.3   7227   -9.6  -17.8     51   2.25    154    2.4  337.6  345.8  338.1
  419.7   7238   -9.7  -17.9     51   2.24    154    2.5  337.6  345.8  338.1
  419.1   7248   -9.8  -17.8     52   2.26    155    2.6  337.6  345.9  338.1
  418.6   7258   -9.9  -16.8     57   2.45    157    2.7  337.6  346.5  338.1
  418.1   7267  -10.0  -16.5     59   2.53    158    2.8  337.6  346.8  338.1
  417.7   7275  -10.1  -16.8     58   2.47    160    2.9  337.6  346.6  338.1
  417.2   7283  -10.1  -16.7     58   2.48    163    2.9  337.7  346.7  338.2
  416.7   7293  -10.2  -15.8     64   2.70    166    2.9  337.6  347.4  338.2
  416.2   7303  -10.3  -15.0     69   2.87    169    2.9  337.6  347.9  338.2
  415.6   7313  -10.4  -14.3     73   3.05    173    2.9  337.6  348.6  338.2
  415.1   7322  -10.5  -14.4     73   3.04    178    2.9  337.6  348.5  338.3
  414.6   7332  -10.6  -14.6     72   2.98    183    2.9  337.7  348.4  338.3
  414.0   7342  -10.6  -14.7     72   2.96    188    3.0  337.8  348.4  338.4
  413.4   7354  -10.7  -14.7     72   2.96    193    3.0  337.8  348.5  338.5
  412.9   7364  -10.8  -14.8     72   2.94    197    3.1  337.8  348.4  338.5
  412.4   7372  -10.8  -14.9     72   2.92    202    3.2  337.9  348.4  338.5
  412.0   7379  -10.8  -14.9     72   2.92    205    3.3  338.0  348.5  338.6
  411.7   7387  -10.8  -15.1     71   2.89    209    3.4  338.1  348.5  338.7
  411.2   7394  -10.8  -15.2     70   2.86    211    3.5  338.2  348.5  338.8
  410.8   7402  -10.8  -15.3     70   2.84    213    3.6  338.2  348.5  338.8
  410.3   7412  -10.9  -15.6     68   2.77    215    3.7  338.3  348.3  338.9
  409.8   7422  -10.8  -16.3     64   2.61    216    3.8  338.5  348.0  339.1
  409.2   7432  -10.7  -16.7     61   2.53    217    3.8  338.8  348.0  339.3
  408.7   7442  -10.7  -16.4     63   2.61    217    3.8  338.9  348.3  339.4
  408.2   7452  -10.8  -16.5     63   2.60    217    3.8  339.0  348.4  339.5
  407.6   7463  -10.7  -17.2     59   2.45    217    3.8  339.1  348.1  339.7
  407.0   7475  -10.7  -17.9     55   2.30    216    3.7  339.3  347.8  339.8
  406.3   7487  -10.8  -18.0     55   2.29    215    3.7  339.4  347.8  339.9
  405.7   7498  -10.9  -18.1     55   2.28    214    3.6  339.4  347.8  339.9
  405.2   7509  -10.9  -18.1     55   2.27    212    3.5  339.4  347.8  339.9
  404.6   7519  -11.0  -18.2     55   2.26    211    3.4  339.5  347.8  339.9
  404.1   7529  -11.1  -18.1     56   2.27    209    3.4  339.5  347.8  339.9
  403.5   7540  -11.2  -18.0     57   2.30    207    3.3  339.5  347.9  340.0
  403.0   7550  -11.3  -17.5     60   2.41    205    3.2  339.5  348.3  340.0
  402.5   7561  -11.3  -16.8     64   2.56    204    3.2  339.6  348.9  340.1
  401.9   7571  -11.4  -16.9     63   2.53    202    3.2  339.6  348.9  340.2
  401.4   7580  -11.4  -17.1     62   2.49    201    3.1  339.7  348.8  340.3
  401.0   7588  -11.4  -17.3     62   2.47    200    3.1  339.8  348.8  340.3
  400.6   7596  -11.4  -17.3     61   2.46    199    3.1  339.9  348.9  340.4
  400.2   7603  -11.4  -17.3     62   2.47    198    3.1  340.0  349.0  340.5
  400.0   7607  -11.5  -17.2     62   2.49    198    3.1  340.0  349.1  340.5
  399.8   7611  -11.5  -17.2     63   2.50    198    3.1  340.0  349.1  340.5
  399.3   7621  -11.6  -17.2     63   2.50    198    3.1  340.0  349.2  340.5
  398.8   7631  -11.7  -17.2     64   2.50    198    3.0  340.0  349.2  340.5
  398.2   7642  -11.8  -17.2     64   2.50    199    3.0  340.0  349.2  340.6
  397.6   7653  -11.9  -17.3     64   2.49    200    2.9  340.0  349.2  340.6
  397.0   7666  -12.0  -17.3     65   2.49    200    2.8  340.1  349.2  340.6
  396.4   7677  -12.1  -17.3     65   2.50    201    2.7  340.1  349.2  340.6
  395.9   7687  -12.2  -17.4     65   2.48    203    2.6  340.0  349.1  340.6
  395.4   7696  -12.3  -17.4     65   2.47    204    2.4  340.1  349.1  340.6
  394.9   7706  -12.4  -17.4     66   2.48    206    2.3  340.1  349.1  340.6
  394.3   7717  -12.5  -17.3     67   2.50    209    2.1  340.1  349.2  340.6
  393.7   7729  -12.6  -17.3     68   2.51    212    1.9  340.1  349.3  340.6
  393.2   7740  -12.6  -17.2     69   2.53    215    1.8  340.1  349.4  340.6
  392.7   7748  -12.7  -17.2     69   2.53    219    1.7  340.1  349.4  340.6
  392.3   7756  -12.8  -17.2     69   2.53    224    1.6  340.1  349.4  340.7
  391.8   7765  -12.9  -17.2     70   2.54    228    1.5  340.2  349.4  340.7
  391.3   7775  -13.0  -17.2     71   2.55    231    1.5  340.2  349.5  340.7
  390.8   7786  -13.1  -17.2     71   2.55    233    1.5  340.2  349.5  340.7
  390.3   7795  -13.1  -17.2     71   2.54    233    1.5  340.2  349.5  340.7
  389.9   7803  -13.2  -17.2     72   2.54    233    1.6  340.2  349.5  340.7
  389.4   7813  -13.3  -17.3     72   2.53    231    1.6  340.2  349.4  340.7
  388.8   7824  -13.4  -17.6     71   2.48    229    1.7  340.2  349.3  340.7
  388.3   7835  -13.5  -17.9     70   2.42    226    1.8  340.2  349.1  340.7
  387.8   7845  -13.6  -18.0     69   2.39    223    1.9  340.2  349.0  340.7
  387.3   7854  -13.7  -18.1     69   2.37    220    2.0  340.3  349.0  340.7
  386.9   7863  -13.8  -18.2     69   2.36    217    2.0  340.3  348.9  340.7
  386.4   7871  -13.8  -18.4     69   2.34    213    2.1  340.3  348.9  340.8
  385.9   7881  -13.9  -18.5     68   2.32    210    2.2  340.3  348.8  340.8
  385.4   7891  -14.0  -18.8     67   2.26    208    2.3  340.4  348.7  340.8
  384.9   7901  -14.0  -19.2     65   2.19    205    2.3  340.4  348.5  340.9
  384.4   7910  -14.1  -19.7     62   2.09    203    2.4  340.4  348.2  340.9
  384.0   7918  -14.1  -20.7     57   1.93    202    2.4  340.6  347.7  341.0
  383.6   7927  -13.9  -22.1     50   1.71    201    2.4  340.8  347.2  341.2
  383.2   7936  -14.0  -22.1     50   1.70    200    2.5  340.9  347.3  341.3
  382.7   7945  -14.0  -22.2     50   1.69    200    2.5  341.0  347.3  341.3
  382.2   7954  -14.0  -21.7     52   1.77    200    2.5  341.0  347.7  341.4
  381.8   7963  -14.1  -21.4     54   1.82    200    2.5  341.1  347.9  341.4
  381.3   7972  -14.2  -21.3     55   1.83    200    2.4  341.1  347.9  341.5
  380.8   7982  -14.3  -21.5     54   1.81    201    2.4  341.1  347.9  341.5
  380.2   7994  -14.3  -22.2     51   1.70    201    2.3  341.2  347.6  341.6
  379.7   8005  -14.3  -23.5     46   1.52    202    2.2  341.4  347.1  341.7
  379.1   8016  -14.3  -24.4     42   1.40    203    2.1  341.6  346.8  341.8
  378.6   8027  -14.3  -24.5     42   1.40    204    2.0  341.6  346.9  341.9
  378.0   8039  -14.4  -24.4     42   1.40    205    1.9  341.6  347.0  341.9
  377.4   8050  -14.5  -24.4     43   1.41    207    1.8  341.7  347.0  342.0
  376.9   8060  -14.6  -24.2     44   1.43    209    1.6  341.7  347.1  342.0
  376.4   8070  -14.6  -24.3     44   1.43    211    1.5  341.8  347.2  342.1
  376.0   8079  -14.7  -24.3     44   1.42    213    1.4  341.8  347.1  342.1
  375.6   8087  -14.8  -24.3     44   1.43    215    1.4  341.8  347.2  342.1
  375.1   8096  -14.9  -24.2     45   1.45    218    1.3  341.8  347.3  342.1
  374.7   8105  -14.9  -24.0     46   1.47    220    1.3  341.8  347.4  342.1
  374.2   8114  -15.0  -23.8     47   1.50    221    1.3  341.8  347.5  342.1
  373.7   8124  -15.1  -23.3     50   1.57    222    1.3  341.8  347.7  342.1
  373.2   8134  -15.2  -22.4     54   1.71    223    1.3  341.9  348.3  342.2
  372.7   8144  -15.3  -21.6     58   1.83    223    1.3  341.9  348.8  342.3
  372.3   8154  -15.3  -20.3     66   2.06    223    1.4  341.9  349.5  342.3
  371.8   8163  -15.4  -19.6     70   2.18    224    1.4  341.9  350.0  342.4
  371.4   8172  -15.5  -19.4     72   2.22    224    1.5  342.0  350.2  342.4
  370.9   8181  -15.5  -18.9     75   2.32    224    1.5  342.1  350.6  342.6
  370.5   8190  -15.6  -19.0     75   2.31    225    1.5  342.1  350.6  342.6
  370.1   8199  -15.6  -18.9     76   2.33    226    1.5  342.1  350.7  342.6
  369.5   8210  -15.7  -18.9     77   2.34    227    1.5  342.2  350.8  342.7
  369.0   8221  -15.8  -19.0     77   2.33    230    1.5  342.2  350.8  342.7
  368.5   8231  -15.9  -19.1     76   2.31    233    1.4  342.2  350.7  342.7
  368.0   8241  -15.9  -19.1     76   2.30    238    1.3  342.2  350.7  342.7
  367.5   8252  -16.0  -19.2     77   2.29    244    1.2  342.3  350.7  342.7
  366.9   8263  -16.1  -19.1     78   2.31    253    1.1  342.3  350.8  342.8
  366.4   8274  -16.2  -19.1     78   2.31    264    1.0  342.3  350.8  342.8
  365.8   8286  -16.3  -19.2     79   2.30    279    0.9  342.3  350.8  342.8
  365.3   8296  -16.4  -19.3     78   2.28    295    0.9  342.3  350.8  342.8
  364.9   8305  -16.5  -19.3     79   2.29    310    1.0  342.4  350.8  342.8
  364.5   8313  -16.5  -19.4     78   2.27    322    1.1  342.4  350.9  342.9
  364.1   8321  -16.5  -19.6     77   2.23    331    1.2  342.6  350.9  343.1
  363.7   8330  -16.2  -19.7     75   2.21    338    1.4  343.0  351.2  343.4
  363.2   8340  -16.1  -19.8     73   2.20    342    1.5  343.3  351.5  343.8
  362.8   8349  -16.1  -19.8     73   2.19    346    1.7  343.4  351.6  343.9
  362.3   8359  -16.1  -19.9     73   2.19    348    1.8  343.5  351.7  344.0
  361.8   8369  -16.2  -20.1     72   2.15    349    1.9  343.5  351.5  344.0
  361.4   8378  -16.2  -20.8     68   2.02    350    2.0  343.6  351.1  344.0
  360.9   8387  -16.2  -21.5     64   1.90    351    2.1  343.8  350.9  344.2
  360.5   8395  -16.2  -21.9     62   1.85    352    2.2  343.9  350.8  344.3
  360.1   8404  -16.3  -22.4     59   1.76    352    2.3  343.9  350.6  344.3
  359.6   8415  -16.3  -23.3     54   1.63    353    2.4  344.1  350.3  344.4
  359.1   8426  -16.3  -24.3     50   1.50    354    2.5  344.2  349.9  344.5
  358.6   8437  -16.3  -25.1     47   1.39    355    2.6  344.2  349.5  344.5
  358.1   8447  -16.4  -26.3     42   1.25    357    2.7  344.3  349.1  344.6
  357.6   8457  -16.4  -28.0     36   1.07    358    2.7  344.4  348.6  344.6
  357.1   8467  -16.4  -28.4     35   1.03    360    2.8  344.5  348.5  344.7
  356.6   8478  -16.5  -28.7     34   1.01      1    2.8  344.5  348.5  344.7
  356.1   8488  -16.6  -29.0     34   0.98      3    2.9  344.6  348.4  344.8
  355.7   8498  -16.7  -28.5     35   1.03      5    2.9  344.6  348.6  344.8
  355.3   8506  -16.8  -26.5     43   1.24      7    2.9  344.6  349.3  344.8
  355.0   8512  -16.9  -25.5     47   1.35      9    3.0  344.5  349.7  344.8
  354.6   8520  -16.9  -25.7     47   1.34     10    3.0  344.5  349.7  344.8
  354.2   8529  -17.0  -25.2     49   1.39     12    3.0  344.5  349.9  344.8
  353.8   8538  -17.1  -23.2     59   1.67     14    3.0  344.5  350.8  344.9
  353.4   8546  -17.2  -22.7     62   1.75     15    3.1  344.5  351.1  344.9
  353.0   8555  -17.3  -23.2     60   1.67     16    3.1  344.5  350.9  344.9
  352.5   8564  -17.4  -22.8     62   1.74     17    3.2  344.5  351.1  344.9
  352.1   8573  -17.5  -22.7     64   1.76     17    3.3  344.5  351.2  344.9
  351.7   8582  -17.6  -22.5     65   1.79     17    3.4  344.5  351.2  344.9
  351.2   8592  -17.7  -22.1     68   1.86     17    3.5  344.5  351.5  344.9
  350.8   8602  -17.8  -22.0     69   1.87     16    3.6  344.5  351.5  344.9
  350.3   8611  -17.9  -21.7     72   1.93     15    3.7  344.5  351.7  344.9
  349.9   8621  -17.9  -21.2     75   2.01     14    3.8  344.5  352.1  344.9
  349.4   8630  -18.0  -21.2     76   2.03     13    3.9  344.5  352.1  345.0
  349.0   8639  -18.1  -21.3     76   2.01     12    4.0  344.5  352.0  344.9
  348.5   8649  -18.2  -20.9     79   2.08     10    4.1  344.5  352.3  345.0
  348.1   8660  -18.3  -20.9     80   2.08      9    4.2  344.5  352.3  345.0
  347.5   8671  -18.4  -21.1     79   2.06      7    4.2  344.6  352.3  345.0
  347.0   8682  -18.5  -21.2     79   2.04      5    4.3  344.6  352.3  345.0
  346.6   8692  -18.5  -21.3     79   2.02      3    4.3  344.6  352.2  345.0
  346.1   8702  -18.6  -21.3     79   2.03    360    4.3  344.7  352.3  345.1
  345.6   8712  -18.7  -21.2     80   2.04    358    4.4  344.7  352.4  345.2
  345.2   8722  -18.7  -21.2     81   2.05    355    4.4  344.8  352.5  345.2
  344.7   8731  -18.8  -21.2     82   2.05    352    4.4  344.8  352.5  345.2
  344.3   8741  -18.9  -21.2     82   2.06    350    4.4  344.8  352.5  345.2
  343.9   8749  -19.0  -21.2     83   2.06    347    4.4  344.8  352.5  345.2
  343.5   8758  -19.1  -21.2     84   2.07    345    4.3  344.8  352.5  345.2
  343.0   8769  -19.2  -21.2     84   2.06    342    4.3  344.8  352.5  345.2
  342.5   8779  -19.3  -21.3     84   2.05    340    4.2  344.8  352.5  345.2
  342.1   8788  -19.4  -21.3     85   2.05    338    4.1  344.8  352.5  345.2
  341.7   8797  -19.4  -21.3     85   2.05    336    4.0  344.8  352.5  345.2
  341.3   8806  -19.5  -21.4     85   2.04    334    3.9  344.8  352.5  345.2
  340.8   8816  -19.6  -21.4     85   2.04    333    3.8  344.9  352.5  345.3
  340.4   8826  -19.6  -21.5     85   2.03    332    3.7  345.0  352.6  345.4
  339.9   8836  -19.7  -21.6     85   2.02    330    3.5  345.0  352.6  345.4
  339.5   8846  -19.8  -21.6     85   2.00    329    3.4  345.0  352.5  345.4
  339.0   8856  -19.8  -21.8     85   1.98    328    3.3  345.0  352.5  345.5
  338.6   8865  -19.9  -21.9     84   1.96    327    3.2  345.1  352.5  345.5
  338.2   8874  -19.9  -22.1     83   1.93    326    3.1  345.2  352.4  345.6
  337.7   8884  -19.9  -22.4     81   1.89    325    3.0  345.3  352.4  345.7
  337.3   8894  -19.9  -22.5     80   1.87    324    2.9  345.4  352.5  345.8
  336.7   8906  -19.9  -22.7     79   1.85    322    2.8  345.6  352.6  346.0
  336.2   8917  -19.9  -22.9     77   1.82    321    2.8  345.7  352.6  346.1
  335.8   8928  -19.9  -23.0     76   1.79    320    2.7  345.8  352.7  346.2
  335.3   8938  -19.9  -23.2     75   1.76    318    2.6  346.0  352.7  346.4
  334.8   8948  -20.0  -23.3     74   1.75    317    2.6  346.1  352.7  346.5
  334.3   8959  -20.0  -23.3     75   1.75    316    2.5  346.1  352.8  346.5
  333.8   8971  -20.1  -23.4     75   1.75    316    2.5  346.2  352.8  346.6
  333.3   8981  -20.2  -23.5     75   1.73    316    2.5  346.2  352.8  346.6
  332.9   8990  -20.2  -23.6     75   1.72    316    2.5  346.3  352.8  346.6
  332.5   9000  -20.3  -23.6     75   1.72    316    2.6  346.3  352.8  346.7
  332.0   9010  -20.4  -23.6     76   1.72    317    2.6  346.3  352.9  346.7
  331.5   9021  -20.5  -23.6     76   1.72    318    2.7  346.3  352.9  346.7
  331.1   9031  -20.6  -23.7     76   1.71    319    2.9  346.3  352.8  346.7
  330.7   9041  -20.7  -23.8     76   1.71    320    3.0  346.4  352.9  346.7
  330.2   9051  -20.7  -23.7     77   1.71    321    3.2  346.4  353.0  346.8
  329.7   9062  -20.8  -23.6     78   1.73    322    3.3  346.5  353.1  346.9
  329.2   9074  -20.8  -23.6     78   1.74    323    3.5  346.6  353.2  346.9
  328.7   9085  -20.9  -23.7     79   1.73    324    3.7  346.6  353.2  347.0
  328.2   9096  -21.0  -23.7     79   1.72    324    3.8  346.7  353.2  347.0
  327.7   9107  -21.1  -23.8     78   1.71    325    4.0  346.7  353.2  347.1
  327.2   9119  -21.2  -23.8     79   1.71    326    4.1  346.7  353.2  347.1
  326.7   9129  -21.3  -24.0     79   1.70    326    4.2  346.7  353.2  347.1
  326.3   9140  -21.4  -24.0     80   1.70    327    4.2  346.7  353.2  347.1
  325.8   9150  -21.5  -24.0     80   1.69    328    4.3  346.7  353.2  347.1
  325.4   9159  -21.5  -24.3     79   1.66    328    4.3  346.8  353.1  347.1
  325.0   9168  -21.6  -24.3     79   1.65    329    4.2  346.8  353.1  347.1
  324.5   9179  -21.7  -24.3     80   1.66    330    4.2  346.8  353.1  347.2
  324.0   9190  -21.8  -24.4     79   1.64    332    4.1  346.8  353.1  347.2
  323.6   9201  -21.9  -24.6     79   1.62    333    4.1  346.8  353.0  347.2
  323.1   9211  -22.0  -24.7     79   1.61    335    4.0  346.8  353.0  347.2
  322.7   9221  -22.1  -24.7     79   1.60    337    3.9  346.8  352.9  347.1
  322.2   9232  -22.2  -24.8     80   1.60    338    3.9  346.8  352.9  347.2
  321.7   9244  -22.3  -24.8     80   1.59    340    3.9  346.9  352.9  347.2
  321.2   9256  -22.4  -25.0     79   1.58    342    3.9  346.9  352.9  347.2
  320.7   9266  -22.5  -25.2     79   1.55    344    3.9  346.9  352.9  347.3
  320.2   9277  -22.5  -25.3     78   1.54    345    3.9  347.0  352.9  347.3
  319.7   9288  -22.6  -25.3     79   1.54    346    4.0  347.0  352.9  347.4
  319.3   9299  -22.7  -25.3     79   1.53    347    4.0  347.0  352.9  347.4
  318.8   9309  -22.8  -25.4     79   1.53    348    4.1  347.1  352.9  347.4
  318.3   9320  -22.9  -25.4     80   1.53    348    4.2  347.1  353.0  347.4
  317.9   9330  -23.0  -25.4     80   1.52    348    4.3  347.1  352.9  347.4
  317.5   9340  -23.1  -25.5     81   1.52    349    4.3  347.1  352.9  347.4
  317.1   9350  -23.1  -25.5     81   1.52    349    4.3  347.2  353.0  347.5
  316.6   9360  -23.1  -25.6     80   1.52    349    4.3  347.3  353.1  347.6
  316.2   9370  -23.2  -25.7     80   1.50    350    4.3  347.3  353.1  347.6
  315.8   9380  -23.3  -25.8     80   1.48    350    4.2  347.3  353.0  347.6
  315.3   9390  -23.4  -26.2     77   1.43    351    4.2  347.4  352.9  347.7
  314.8   9402  -23.4  -26.5     76   1.40    351    4.1  347.4  352.8  347.7
  314.3   9414  -23.5  -26.6     76   1.39    352    4.0  347.4  352.8  347.7
  313.9   9424  -23.6  -26.7     76   1.38    353    3.9  347.4  352.8  347.7
  313.5   9433  -23.7  -26.7     77   1.38    354    3.8  347.5  352.8  347.7
  313.1   9443  -23.8  -26.6     78   1.39    354    3.7  347.5  352.8  347.8
  312.6   9453  -23.9  -26.5     79   1.41    355    3.7  347.5  352.9  347.8
  312.2   9464  -24.0  -26.6     79   1.39    355    3.6  347.5  352.9  347.8
  311.7   9474  -24.1  -26.8     78   1.38    355    3.6  347.5  352.9  347.8
  311.3   9483  -24.1  -27.0     77   1.35    355    3.7  347.5  352.8  347.8
  311.0   9491  -24.2  -27.1     77   1.34    354    3.7  347.6  352.7  347.8
  310.6   9501  -24.3  -27.1     77   1.34    354    3.8  347.6  352.8  347.9
  310.2   9511  -24.4  -27.2     77   1.33    353    3.9  347.6  352.7  347.9
  309.7   9521  -24.4  -27.3     77   1.32    353    4.0  347.7  352.8  347.9
  309.2   9533  -24.5  -27.3     77   1.32    353    4.1  347.7  352.8  348.0
  308.7   9545  -24.6  -27.4     77   1.31    353    4.3  347.7  352.8  348.0
  308.3   9556  -24.7  -27.6     77   1.29    353    4.4  347.7  352.7  348.0
  307.8   9566  -24.8  -27.8     76   1.27    353    4.5  347.8  352.7  348.0
  307.4   9577  -24.9  -27.8     76   1.27    353    4.6  347.8  352.7  348.1
  306.9   9587  -25.0  -27.9     77   1.27    354    4.7  347.8  352.7  348.1
  306.5   9597  -25.1  -27.9     77   1.26    355    4.8  347.8  352.7  348.1
  306.1   9607  -25.1  -27.9     78   1.27    356    4.9  347.8  352.8  348.1
  305.7   9617  -25.2  -27.9     78   1.27    357    5.0  347.8  352.7  348.1
  305.3   9626  -25.3  -27.9     79   1.26    358    5.1  347.9  352.8  348.1
  305.0   9634  -25.4  -28.0     79   1.26    359    5.1  347.8  352.7  348.1
  304.7   9640  -25.5  -28.0     79   1.25    360    5.1  347.8  352.7  348.1
  304.4   9647  -25.5  -28.0     80   1.26      1    5.1  347.8  352.7  348.1
  304.1   9654  -25.6  -28.0     80   1.26      1    5.1  347.8  352.7  348.1
  303.8   9662  -25.7  -28.0     81   1.26      2    5.1  347.8  352.7  348.1
  303.4   9671  -25.8  -28.0     81   1.26      2    5.1  347.8  352.7  348.1
  303.0   9680  -25.8  -28.1     81   1.25      2    5.1  347.9  352.7  348.1
  302.6   9690  -25.9  -28.4     80   1.22      2    5.1  347.9  352.6  348.1
  302.2   9700  -26.0  -28.6     79   1.20      1    5.1  348.0  352.6  348.2
  301.8   9709  -26.0  -28.6     78   1.20      1    5.1  348.0  352.7  348.3
  301.5   9717  -26.1  -28.6     79   1.20    360    5.1  348.0  352.7  348.3
  301.1   9726  -26.1  -28.6     80   1.21    359    5.1  348.0  352.8  348.3
  300.7   9735  -26.2  -28.5     81   1.22    358    5.2  348.0  352.8  348.3
  300.4   9744  -26.3  -28.5     82   1.21    356    5.2  348.0  352.7  348.3
  300.1   9751  -26.4  -28.5     82   1.21    355    5.3  348.0  352.7  348.3
  300.0   9753  -26.4  -28.5     82   1.21    354    5.4  348.0  352.7  348.3
  299.7   9759  -26.5  -28.5     83   1.22    354    5.4  348.0  352.8  348.3
  299.3   9769  -26.6  -28.6     83   1.21    353    5.5  348.0  352.7  348.3
  298.9   9779  -26.7  -28.6     84   1.21    353    5.6  348.0  352.7  348.3
  298.4   9791  -26.8  -28.5     85   1.22    352    5.7  348.0  352.8  348.3
  297.9   9803  -26.9  -28.6     86   1.22    352    5.7  348.0  352.8  348.3
  297.5   9813  -27.0  -28.7     85   1.20    352    5.8  348.1  352.8  348.3
  297.1   9823  -27.1  -28.8     85   1.20    352    5.8  348.1  352.7  348.3
  296.6   9834  -27.2  -28.8     86   1.20    352    5.9  348.1  352.8  348.4
  296.2   9845  -27.3  -28.8     86   1.20    352    5.9  348.1  352.8  348.4
  295.8   9855  -27.3  -28.7     88   1.21    352    5.9  348.1  352.9  348.4
  295.4   9864  -27.4  -28.5     90   1.23    352    5.9  348.2  353.0  348.5
  295.0   9873  -27.4  -28.7     89   1.22    352    6.0  348.3  353.0  348.5
  294.7   9882  -27.5  -28.9     88   1.20    352    6.0  348.3  353.0  348.6
  294.3   9891  -27.5  -29.1     87   1.18    352    6.1  348.4  353.0  348.6
  293.9   9901  -27.6  -29.2     86   1.16    352    6.2  348.4  353.0  348.7
  293.5   9910  -27.7  -29.2     87   1.17    352    6.2  348.5  353.0  348.7
  293.1   9919  -27.7  -29.2     87   1.17    352    6.3  348.5  353.1  348.7
  292.8   9929  -27.8  -29.3     87   1.16    352    6.4  348.5  353.0  348.7
  292.3   9939  -27.9  -29.4     87   1.15    352    6.5  348.5  353.0  348.8
  291.9   9951  -27.9  -29.6     86   1.13    352    6.5  348.6  353.0  348.8
  291.3   9964  -28.0  -29.6     86   1.13    352    6.6  348.6  353.1  348.9
  290.8   9976  -28.1  -29.8     86   1.12    352    6.6  348.7  353.1  348.9
  290.4   9988  -28.3  -29.8     86   1.11    352    6.7  348.7  353.0  348.9
  289.9   9998  -28.3  -29.9     86   1.11    353    6.7  348.7  353.0  348.9
  289.6  10007  -28.4  -29.9     87   1.11    353    6.8  348.7  353.1  349.0
  289.2  10016  -28.4  -29.9     87   1.10    353    6.8  348.8  353.1  349.0
  288.8  10027  -28.5  -30.0     87   1.10    354    6.9  348.8  353.1  349.1
  288.3  10038  -28.6  -30.1     87   1.09    355    6.9  348.9  353.1  349.1
  287.9  10049  -28.7  -30.2     87   1.09    356    7.0  348.9  353.1  349.1
  287.5  10059  -28.8  -30.3     87   1.08    356    7.1  348.9  353.1  349.1
  287.1  10070  -28.9  -30.3     87   1.08    357    7.1  348.9  353.1  349.1
  286.6  10082  -29.0  -30.3     88   1.08    358    7.2  348.9  353.2  349.1
  286.1  10094  -29.1  -30.3     89   1.08    359    7.2  348.9  353.2  349.2
  285.6  10105  -29.2  -30.4     90   1.08    360    7.2  348.9  353.2  349.2
  285.2  10117  -29.3  -30.5     90   1.06    360    7.3  348.9  353.1  349.2
  284.8  10126  -29.4  -30.7     88   1.04      1    7.3  349.0  353.1  349.2
  284.4  10136  -29.4  -30.9     87   1.03      1    7.3  349.0  353.1  349.3
  283.9  10148  -29.5  -30.9     88   1.03      2    7.2  349.1  353.1  349.3
  283.6  10157  -29.7  -30.9     89   1.03      2    7.2  349.0  353.1  349.2
  283.3  10163  -29.7  -30.8     90   1.04      3    7.2  349.0  353.1  349.2
  283.0  10171  -29.8  -31.0     90   1.02      3    7.2  349.0  353.0  349.2
  282.6  10181  -29.9  -31.4     87   0.98      3    7.2  349.0  352.9  349.2
  282.2  10191  -30.0  -31.5     87   0.98      3    7.2  349.0  352.9  349.2
  281.9  10200  -30.1  -31.6     87   0.97      2    7.2  349.0  352.8  349.2
  281.5  10210  -30.2  -31.5     89   0.98      2    7.3  349.0  352.9  349.2
  281.1  10220  -30.3  -31.4     90   0.99      2    7.4  349.0  352.9  349.2
  280.7  10231  -30.4  -31.5     90   0.98      2    7.4  349.0  352.9  349.2
  280.2  10242  -30.5  -32.1     86   0.93      2    7.5  349.0  352.7  349.2
  279.7  10255  -30.5  -32.8     80   0.87      2    7.6  349.2  352.7  349.4
  279.2  10268  -30.6  -32.8     81   0.87      2    7.7  349.3  352.8  349.5
  278.7  10281  -30.7  -32.7     82   0.88      3    7.8  349.3  352.8  349.5
  278.2  10292  -30.8  -32.8     82   0.88      3    7.8  349.3  352.8  349.5
  277.8  10303  -30.8  -32.8     83   0.88      4    7.9  349.4  352.9  349.6
  277.3  10315  -30.9  -32.6     85   0.89      5    7.9  349.4  352.9  349.6
  276.9  10327  -31.0  -32.8     85   0.88      6    8.0  349.4  352.9  349.6
  276.4  10339  -31.0  -33.5     79   0.82      7    8.0  349.6  352.9  349.8
  275.9  10351  -31.0  -34.4     73   0.76      8    8.0  349.8  352.8  349.9
  275.5  10361  -31.1  -34.9     69   0.72     10    8.1  349.8  352.7  350.0
  275.2  10371  -31.2  -35.3     67   0.69     10    8.1  349.8  352.6  350.0
  274.7  10382  -31.3  -36.0     63   0.65     11    8.1  349.9  352.5  350.0
  274.3  10393  -31.3  -36.5     60   0.62     12    8.1  350.0  352.5  350.1
  273.9  10405  -31.4  -36.5     61   0.62     12    8.1  349.9  352.5  350.1
  273.4  10416  -31.5  -37.1     58   0.58     12    8.1  350.0  352.4  350.1
  273.0  10426  -31.6  -37.8     54   0.54     12    8.1  350.1  352.3  350.2
  272.7  10436  -31.6  -37.7     55   0.55     11    8.1  350.1  352.3  350.2
  272.3  10445  -31.7  -37.5     57   0.56     11    8.1  350.1  352.4  350.2
  271.9  10455  -31.8  -37.5     57   0.56     10    8.0  350.1  352.4  350.2
  271.5  10466  -31.9  -37.6     57   0.56      9    7.9  350.1  352.4  350.2
  271.0  10478  -32.0  -37.6     58   0.56      8    7.9  350.1  352.4  350.3
  270.6  10490  -32.1  -37.6     58   0.56      7    7.8  350.1  352.4  350.2
  270.1  10502  -32.2  -37.9     57   0.54      7    7.7  350.2  352.4  350.3
  269.7  10514  -32.3  -38.1     56   0.53      6    7.7  350.2  352.3  350.3
  269.2  10526  -32.5  -38.4     55   0.52      6    7.6  350.2  352.3  350.3
  268.7  10538  -32.6  -38.5     55   0.51      6    7.6  350.2  352.3  350.3
  268.3  10549  -32.7  -38.6     56   0.51      5    7.5  350.2  352.3  350.3
  267.9  10559  -32.8  -38.8     55   0.50      5    7.5  350.2  352.3  350.3
  267.5  10571  -32.9  -39.0     54   0.49      5    7.4  350.2  352.2  350.3
  267.0  10583  -33.0  -39.4     53   0.47      5    7.4  350.3  352.2  350.4
  266.5  10596  -33.0  -39.8     51   0.45      5    7.3  350.4  352.2  350.5
  266.1  10608  -33.1  -39.8     51   0.45      5    7.3  350.4  352.2  350.4
  265.6  10620  -33.2  -39.9     51   0.45      5    7.2  350.4  352.3  350.5
  265.2  10630  -33.3  -40.2     50   0.43      4    7.1  350.5  352.3  350.6
  264.8  10641  -33.4  -40.5     49   0.42      4    7.0  350.5  352.3  350.6
  264.5  10650  -33.4  -40.5     49   0.42      3    6.9  350.5  352.3  350.6
  264.1  10661  -33.5  -40.6     49   0.42      2    6.7  350.6  352.3  350.6
  263.7  10671  -33.6  -41.0     48   0.40      1    6.6  350.6  352.3  350.7
  263.3  10681  -33.7  -41.6     45   0.38    360    6.4  350.6  352.2  350.7
  262.9  10693  -33.8  -42.1     43   0.36    359    6.3  350.7  352.2  350.7
  262.4  10706  -33.9  -42.1     43   0.36    358    6.1  350.7  352.2  350.8
  261.9  10719  -34.0  -42.0     44   0.36    357    6.0  350.7  352.2  350.8
  261.4  10731  -34.1  -42.1     44   0.36    356    5.9  350.7  352.3  350.8
  261.0  10743  -34.2  -42.2     44   0.36    355    5.8  350.8  352.3  350.8
  260.6  10754  -34.3  -42.2     44   0.36    355    5.7  350.8  352.3  350.8
  260.2  10765  -34.4  -42.3     45   0.36    354    5.7  350.8  352.3  350.8
  259.7  10778  -34.5  -42.3     45   0.36    354    5.7  350.8  352.3  350.9
  259.3  10789  -34.6  -42.4     45   0.35    354    5.7  350.8  352.3  350.9
  258.9  10799  -34.7  -42.8     43   0.34    354    5.8  350.9  352.3  350.9
  258.5  10809  -34.7  -43.1     42   0.33    355    5.8  350.9  352.3  351.0
  258.2  10819  -34.8  -43.5     41   0.32    355    5.9  350.9  352.2  350.9
  257.8  10830  -34.9  -43.7     41   0.31    355    6.1  350.9  352.2  351.0
  257.4  10841  -35.0  -43.5     42   0.32    356    6.2  350.9  352.2  351.0
  256.9  10853  -35.1  -42.6     46   0.35    356    6.4  351.0  352.4  351.0
  256.4  10866  -35.2  -41.8     51   0.38    356    6.5  351.0  352.6  351.1
  256.0  10879  -35.4  -41.3     54   0.40    356    6.6  350.9  352.6  351.0
  255.5  10891  -35.5  -40.8     58   0.42    356    6.8  351.0  352.8  351.1
  255.1  10903  -35.6  -40.4     61   0.44    356    6.9  351.0  352.8  351.1
  254.7  10915  -35.7  -40.0     65   0.46    355    7.0  351.0  352.9  351.1
  254.2  10927  -35.8  -39.8     67   0.47    355    7.1  351.0  353.0  351.1
  253.7  10941  -35.9  -39.8     67   0.47    354    7.1  351.1  353.0  351.2
  253.2  10956  -36.0  -39.6     69   0.48    353    7.2  351.1  353.1  351.2
  252.7  10969  -36.1  -39.6     70   0.49    352    7.3  351.1  353.1  351.2
  252.2  10981  -36.2  -39.8     69   0.48    352    7.4  351.2  353.1  351.3
  251.8  10993  -36.3  -40.2     67   0.46    351    7.4  351.3  353.2  351.4
  251.3  11006  -36.2  -40.6     64   0.44    351    7.5  351.5  353.4  351.6
  250.8  11019  -36.3  -41.9     56   0.38    350    7.6  351.6  353.2  351.7
  250.4  11032  -36.2  -43.8     45   0.32    350    7.7  352.0  353.3  352.1
  250.0  11043  -36.2  -43.9     45   0.31    350    7.7  352.1  353.4  352.1
  249.9  11044  -36.2  -43.9     45   0.31    351    7.8  352.1  353.4  352.2
  249.5  11056  -36.3  -43.6     47   0.32    351    7.9  352.1  353.5  352.2
  249.1  11067  -36.4  -43.4     49   0.33    351    7.9  352.1  353.5  352.2
  248.8  11076  -36.5  -43.0     51   0.34    352    8.0  352.1  353.6  352.2
  248.5  11086  -36.6  -42.4     55   0.37    353    8.0  352.1  353.6  352.2
  248.1  11096  -36.8  -42.0     58   0.39    354    8.0  352.0  353.6  352.1
  247.7  11106  -36.9  -42.2     58   0.38    355    8.0  352.0  353.6  352.1
  247.3  11116  -36.9  -43.0     53   0.35    355    7.9  352.2  353.6  352.2
  247.0  11127  -36.9  -43.3     51   0.34    356    7.9  352.2  353.6  352.3
  246.6  11139  -37.1  -43.2     53   0.34    357    7.9  352.2  353.6  352.3
  246.1  11150  -37.1  -43.3     52   0.34    358    7.8  352.3  353.7  352.3
  245.8  11161  -37.2  -43.4     52   0.33    359    7.8  352.3  353.7  352.3
  245.4  11170  -37.3  -43.3     54   0.34    359    7.8  352.3  353.7  352.3
  245.1  11180  -37.4  -43.1     55   0.35    360    7.8  352.3  353.7  352.3
  244.7  11191  -37.5  -43.2     55   0.34    360    7.9  352.3  353.7  352.3
  244.3  11201  -37.6  -43.1     56   0.35    360    7.9  352.3  353.8  352.4
  244.0  11211  -37.7  -43.0     57   0.35    360    8.0  352.3  353.8  352.4
  243.6  11221  -37.8  -42.8     59   0.36    360    8.0  352.4  353.9  352.4
  243.2  11233  -37.9  -42.8     60   0.36    359    8.1  352.4  353.9  352.5
  242.8  11245  -38.0  -43.1     59   0.35    359    8.1  352.3  353.8  352.4
  242.3  11259  -38.2  -43.1     59   0.35    358    8.2  352.3  353.8  352.4
  241.8  11272  -38.3  -43.0     61   0.35    357    8.3  352.3  353.8  352.4
  241.4  11284  -38.4  -43.0     62   0.36    356    8.4  352.3  353.8  352.4
  241.0  11295  -38.5  -42.9     63   0.36    355    8.4  352.4  353.9  352.5
  240.6  11307  -38.6  -43.0     63   0.36    354    8.5  352.4  353.9  352.5
  240.2  11319  -38.7  -42.9     64   0.36    353    8.6  352.4  353.9  352.5
  239.7  11332  -38.8  -42.6     68   0.38    352    8.6  352.4  354.0  352.5
  239.3  11343  -38.9  -42.1     72   0.39    351    8.7  352.4  354.1  352.5
  239.0  11353  -39.0  -42.4     71   0.39    350    8.8  352.4  354.0  352.5
  238.6  11365  -39.1  -42.7     69   0.37    350    8.8  352.4  354.0  352.5
  238.2  11377  -39.3  -42.8     69   0.37    350    8.8  352.4  353.9  352.5
  237.7  11390  -39.4  -42.6     71   0.38    350    8.8  352.4  354.0  352.5
  237.3  11401  -39.5  -42.5     73   0.38    350    8.7  352.4  354.0  352.5
  236.9  11412  -39.6  -42.4     74   0.39    351    8.7  352.4  354.1  352.5
  236.5  11424  -39.7  -42.4     76   0.39    351    8.6  352.4  354.1  352.5
  236.1  11437  -39.8  -42.5     76   0.38    352    8.5  352.4  354.0  352.5
  235.6  11450  -40.0  -42.6     76   0.38    353    8.4  352.4  354.0  352.5
  235.2  11461  -40.1  -42.8     75   0.37    355    8.3  352.4  354.0  352.5
  234.8  11473  -40.2  -42.9     75   0.37    356    8.2  352.4  353.9  352.5
  234.4  11485  -40.3  -42.8     77   0.37    358    8.2  352.4  354.0  352.5
  234.1  11496  -40.4  -42.9     77   0.37    360    8.2  352.4  353.9  352.4
  233.7  11505  -40.5  -43.2     75   0.36      1    8.3  352.4  354.0  352.5
  233.4  11516  -40.6  -43.2     76   0.36      3    8.5  352.4  354.0  352.5
  233.0  11527  -40.7  -43.0     78   0.37      5    8.7  352.4  354.0  352.5
  232.6  11539  -40.8  -42.9     80   0.37      6    9.0  352.4  354.0  352.5
  232.2  11550  -40.9  -43.0     80   0.37      7    9.3  352.5  354.0  352.5
  231.8  11562  -41.0  -43.6     76   0.35      8    9.6  352.4  353.9  352.5
  231.4  11575  -41.1  -45.1     65   0.30      9   10.0  352.5  353.8  352.6
  230.9  11588  -41.1  -46.9     53   0.24     10   10.3  352.7  353.8  352.8
  230.5  11600  -41.1  -47.7     49   0.22     11   10.6  352.9  353.8  352.9
  230.2  11609  -41.2  -47.3     51   0.23     12   10.9  352.9  353.9  353.0
  229.8  11620  -41.3  -46.8     55   0.25     13   11.2  352.9  354.0  353.0
  229.5  11630  -41.4  -46.5     58   0.25     13   11.4  352.9  353.9  352.9
  229.2  11640  -41.5  -46.4     59   0.26     14   11.5  352.9  354.0  352.9
  228.8  11651  -41.6  -46.3     60   0.26     15   11.7  352.9  354.0  353.0
  228.3  11664  -41.7  -46.3     61   0.26     15   11.9  353.0  354.1  353.0
  227.9  11678  -41.8  -46.2     62   0.27     16   12.0  353.0  354.1  353.1
  227.5  11688  -41.9  -46.0     64   0.27     16   12.1  353.0  354.2  353.0
  227.3  11696  -42.0  -46.0     65   0.27     17   12.2  353.0  354.1  353.0
  226.9  11706  -42.1  -46.1     65   0.27     17   12.3  353.0  354.1  353.0
  226.6  11716  -42.2  -46.2     64   0.27     17   12.4  353.0  354.1  353.0
  226.2  11726  -42.3  -46.5     63   0.26     17   12.5  353.0  354.1  353.1
  225.9  11735  -42.3  -46.1     66   0.27     17   12.6  353.1  354.3  353.2
  225.6  11745  -42.3  -45.2     73   0.30     17   12.8  353.3  354.5  353.3
  225.3  11755  -42.3  -44.6     78   0.32     17   12.9  353.4  354.7  353.4
  224.9  11766  -42.4  -44.8     77   0.32     17   13.1  353.4  354.7  353.5
  224.6  11776  -42.5  -45.0     76   0.31     16   13.2  353.4  354.7  353.4
  224.2  11787  -42.6  -45.1     77   0.31     16   13.4  353.4  354.7  353.5
  223.8  11799  -42.7  -45.0     78   0.31     16   13.6  353.5  354.8  353.5
  223.4  11811  -42.8  -45.0     79   0.31     16   13.7  353.5  354.8  353.5
  223.0  11824  -42.9  -45.2     77   0.30     16   13.9  353.5  354.8  353.6
  222.6  11836  -43.0  -45.7     75   0.29     16   14.1  353.6  354.8  353.6
  222.3  11846  -43.1  -46.1     72   0.27     16   14.2  353.6  354.7  353.6
  221.9  11856  -43.1  -46.7     68   0.26     16   14.4  353.6  354.7  353.7
  221.6  11866  -43.2  -47.1     65   0.25     16   14.5  353.6  354.7  353.7
  221.3  11877  -43.3  -47.8     61   0.23     16   14.6  353.7  354.6  353.7
  220.9  11887  -43.4  -48.6     56   0.21     16   14.8  353.7  354.7  353.8
  220.5  11898  -43.4  -49.5     51   0.19     16   14.9  353.8  354.6  353.9
  220.2  11909  -43.5  -50.3     47   0.17     16   14.9  353.8  354.6  353.9
  219.9  11919  -43.6  -50.7     45   0.17     16   15.0  353.9  354.6  353.9
  219.5  11930  -43.7  -50.6     46   0.17     16   15.1  353.9  354.6  353.9
  219.1  11941  -43.8  -50.9     45   0.16     16   15.1  353.9  354.6  354.0
  218.8  11952  -43.9  -52.3     39   0.14     17   15.2  353.9  354.5  354.0
  218.4  11965  -43.9  -54.4     30   0.11     17   15.2  354.1  354.5  354.1
  217.9  11978  -44.0  -56.5     24   0.08     17   15.2  354.2  354.6  354.2
  217.5  11991  -44.1  -57.4     21   0.08     17   15.2  354.2  354.6  354.2
  217.1  12003  -44.1  -58.8     18   0.06     17   15.3  354.3  354.6  354.3
  216.8  12014  -44.2  -61.1     13   0.05     17   15.3  354.4  354.6  354.4
  216.4  12025  -44.3  -64.7      8   0.03     17   15.3  354.4  354.6  354.4
  216.1  12036  -44.2  -69.1      5   0.02     17   15.2  354.6  354.7  354.6
  215.7  12047  -44.3  -69.0      5   0.02     17   15.2  354.8  354.8  354.8
  215.4  12058  -44.3  -66.5      7   0.02     18   15.2  354.8  354.9  354.8
  215.0  12068  -44.4  -65.3      8   0.03     18   15.3  354.8  355.0  354.8
  214.7  12079  -44.5  -64.7      9   0.03     18   15.3  354.8  354.9  354.8
  214.4  12089  -44.6  -64.2      9   0.03     18   15.3  354.8  355.0  354.8
  214.1  12098  -44.7  -63.6     10   0.03     18   15.4  354.8  355.0  354.8
  213.7  12108  -44.8  -63.1     11   0.04     18   15.4  354.9  355.0  354.9
  213.4  12119  -44.9  -62.5     12   0.04     18   15.5  354.9  355.1  354.9
  213.1  12128  -45.0  -62.1     13   0.04     18   15.6  354.9  355.1  354.9
  212.8  12137  -45.1  -61.6     14   0.04     18   15.8  354.9  355.1  354.9
  212.5  12148  -45.2  -60.9     15   0.05     19   15.9  354.9  355.1  354.9
  212.1  12159  -45.3  -60.5     16   0.05     19   16.0  354.9  355.2  354.9
  211.8  12169  -45.4  -60.4     17   0.05     19   16.1  354.9  355.1  354.9
  211.5  12179  -45.4  -60.7     16   0.05     19   16.2  354.9  355.2  354.9
  211.2  12189  -45.5  -61.3     15   0.05     19   16.3  354.9  355.1  354.9
  210.8  12200  -45.6  -62.3     14   0.04     19   16.3  355.0  355.2  355.0
  210.4  12212  -45.7  -63.6     12   0.04     19   16.4  355.0  355.2  355.0
  210.0  12225  -45.8  -64.8     10   0.03     19   16.4  355.1  355.2  355.1
  209.6  12237  -45.9  -65.4      9   0.03     19   16.4  355.2  355.3  355.2
  209.3  12250  -46.0  -65.1     10   0.03     19   16.3  355.2  355.3  355.2
  208.9  12262  -46.0  -64.5     11   0.03     19   16.3  355.3  355.4  355.3
  208.5  12274  -46.1  -63.8     12   0.03     19   16.2  355.4  355.5  355.4
  208.1  12286  -46.2  -62.4     14   0.04     18   16.1  355.4  355.6  355.4
  207.7  12299  -46.2  -60.3     19   0.05     18   16.0  355.6  355.9  355.6
  207.3  12311  -46.2  -58.0     25   0.07     18   16.0  355.8  356.1  355.8
  207.0  12322  -46.3  -56.8     29   0.09     17   15.9  355.8  356.1  355.8
  206.6  12334  -46.4  -56.5     31   0.09     17   15.8  355.8  356.2  355.8
  206.2  12346  -46.5  -56.7     30   0.09     17   15.8  355.9  356.3  355.9
  205.9  12357  -46.5  -56.9     30   0.08     17   15.7  355.9  356.3  355.9
  205.6  12368  -46.6  -57.0     30   0.08     17   15.7  356.0  356.3  356.0
  205.2  12380  -46.7  -56.1     33   0.09     17   15.7  356.0  356.5  356.1
  204.9  12391  -46.8  -54.9     39   0.11     17   15.7  356.1  356.6  356.1
  204.5  12402  -46.8  -53.7     45   0.13     17   15.7  356.2  356.7  356.2
  204.2  12412  -46.9  -52.4     53   0.15     17   15.8  356.2  356.8  356.2
  203.8  12425  -47.0  -51.9     58   0.16     17   15.8  356.2  356.9  356.2
  203.4  12437  -47.1  -51.5     61   0.16     17   15.9  356.2  357.0  356.3
  203.1  12448  -47.2  -51.6     61   0.16     18   15.9  356.3  357.0  356.3
  202.7  12459  -47.3  -52.2     57   0.15     18   15.9  356.4  357.0  356.4
  202.4  12470  -47.4  -53.2     51   0.13     18   16.0  356.4  357.0  356.4
  202.0  12482  -47.5  -54.1     46   0.12     18   16.0  356.4  357.0  356.5
  201.6  12495  -47.6  -55.0     42   0.11     18   16.1  356.5  357.0  356.5
  201.2  12509  -47.7  -56.0     38   0.10     18   16.1  356.5  356.9  356.5
  200.9  12520  -47.8  -56.6     35   0.09     18   16.2  356.5  356.9  356.5
  200.5  12532  -47.9  -56.8     35   0.09     19   16.2  356.5  356.9  356.5
  200.2  12544  -48.0  -57.1     34   0.08     19   16.3  356.5  356.9  356.5
  200.0  12549  -48.1  -57.4     33   0.08     19   16.3  356.5  356.9  356.5
  199.8  12555  -48.1  -57.7     32   0.08     19   16.3  356.5  356.9  356.5
  199.4  12568  -48.2  -58.5     30   0.07     19   16.4  356.5  356.9  356.6
  199.0  12581  -48.4  -59.3     27   0.06     20   16.5  356.5  356.8  356.6
  198.6  12594  -48.5  -60.1     25   0.06     20   16.7  356.6  356.8  356.6
  198.3  12606  -48.6  -60.6     23   0.05     20   16.8  356.5  356.8  356.5
  197.9  12619  -48.7  -60.9     23   0.05     20   17.0  356.6  356.8  356.6
  197.5  12632  -48.8  -61.2     22   0.05     20   17.2  356.6  356.8  356.6
  197.1  12644  -48.9  -61.6     21   0.05     20   17.4  356.6  356.9  356.7
  196.8  12656  -49.0  -62.1     20   0.05     20   17.6  356.6  356.8  356.6
  196.4  12668  -49.1  -62.5     20   0.04     20   17.8  356.6  356.8  356.6
  196.0  12681  -49.3  -62.7     19   0.04     20   18.0  356.7  356.9  356.7
  195.6  12696  -49.4  -62.7     20   0.04     20   18.2  356.6  356.8  356.6
  195.2  12710  -49.5  -62.5     20   0.04     20   18.4  356.6  356.8  356.6
  194.8  12722  -49.7  -62.2     21   0.05     20   18.6  356.6  356.8  356.6
  194.4  12734  -49.8  -62.0     22   0.05     20   18.8  356.6  356.8  356.6
  194.0  12748  -49.9  -61.8     23   0.05     20   19.0  356.7  356.9  356.7
  193.6  12762  -50.0  -62.2     22   0.05     20   19.2  356.6  356.9  356.7
  193.2  12776  -50.2  -63.3     20   0.04     20   19.3  356.7  356.8  356.7
  192.8  12789  -50.3  -65.1     16   0.03     20   19.5  356.7  356.8  356.7
  192.5  12801  -50.4  -67.8     11   0.02     20   19.6  356.7  356.8  356.7
  192.1  12813  -50.5  -69.7      8   0.02     20   19.7  356.7  356.8  356.7
  191.8  12825  -50.6  -69.6      9   0.02     20   19.9  356.7  356.8  356.7
  191.4  12837  -50.6  -68.4     10   0.02     20   20.0  356.9  357.0  356.9
  191.1  12849  -50.7  -67.0     13   0.02     20   20.1  356.9  357.0  356.9
  190.7  12861  -50.8  -65.8     15   0.03     20   20.2  357.0  357.1  357.0
  190.4  12873  -50.9  -64.7     18   0.03     20   20.3  357.0  357.1  357.0
  190.0  12884  -51.0  -63.8     20   0.04     20   20.5  357.0  357.2  357.0
  189.7  12896  -51.1  -63.0     23   0.04     20   20.6  357.1  357.3  357.1
  189.3  12908  -51.2  -62.2     26   0.05     20   20.8  357.2  357.4  357.2
  189.0  12920  -51.3  -61.4     29   0.05     20   21.0  357.1  357.4  357.2
  188.6  12932  -51.4  -60.5     33   0.06     19   21.2  357.2  357.5  357.2
  188.2  12946  -51.4  -59.3     38   0.07     19   21.4  357.3  357.6  357.3
  187.8  12959  -51.5  -58.2     45   0.08     19   21.7  357.4  357.8  357.4
  187.5  12971  -51.6  -57.1     51   0.09     19   21.9  357.4  357.8  357.4
  187.1  12985  -51.7  -56.7     55   0.10     19   22.1  357.5  357.9  357.5
  186.7  13000  -51.8  -56.7     56   0.10     19   22.3  357.5  357.9  357.5
  186.2  13015  -52.0  -57.0     55   0.09     19   22.5  357.5  358.0  357.6
  185.8  13029  -52.1  -57.3     54   0.09     19   22.6  357.6  358.0  357.6
  185.5  13041  -52.2  -57.3     54   0.09     20   22.7  357.6  358.0  357.6
  185.2  13052  -52.3  -56.8     58   0.09     20   22.9  357.5  357.9  357.5
  184.8  13065  -52.4  -56.1     64   0.10     20   22.9  357.6  358.1  357.7
  184.4  13079  -52.2  -55.1     71   0.12     20   23.0  358.1  358.6  358.1
  184.0  13093  -52.1  -54.3     78   0.13     20   23.0  358.5  359.0  358.5
  183.6  13107  -52.2  -54.0     81   0.13     20   23.1  358.5  359.1  358.6
  183.2  13120  -52.3  -54.3     79   0.13     20   23.1  358.6  359.2  358.6
  182.9  13133  -52.4  -54.7     76   0.12     20   23.1  358.6  359.2  358.6
  182.5  13147  -52.6  -55.0     75   0.12     20   23.1  358.6  359.1  358.6
  182.1  13161  -52.7  -55.2     74   0.12     20   23.1  358.7  359.2  358.7
  181.7  13174  -52.7  -55.2     74   0.12     21   23.1  358.8  359.3  358.8
  181.3  13187  -52.9  -55.4     74   0.12     21   23.1  358.8  359.3  358.8
  181.0  13199  -53.0  -55.4     75   0.12     21   23.1  358.8  359.3  358.8
  180.7  13211  -53.1  -55.4     76   0.12     21   23.1  358.7  359.3  358.8
  180.3  13223  -53.2  -55.5     76   0.11     21   23.1  358.8  359.3  358.8
  180.0  13235  -53.4  -55.6     76   0.11     21   23.1  358.7  359.2  358.7
  179.6  13248  -53.5  -55.8     75   0.11     21   23.1  358.7  359.2  358.8
  179.3  13260  -53.6  -56.1     74   0.11     22   23.1  358.7  359.2  358.8
  179.0  13272  -53.7  -56.5     72   0.10     22   23.0  358.7  359.2  358.8
  178.6  13285  -53.8  -56.8     70   0.10     22   23.0  358.8  359.3  358.8
  178.2  13298  -53.9  -57.0     69   0.10     22   22.9  358.9  359.3  358.9
  177.9  13310  -54.0  -57.1     69   0.10     22   22.9  358.8  359.3  358.9
  177.5  13323  -54.2  -57.2     69   0.09     22   22.9  358.9  359.3  358.9
  177.2  13335  -54.3  -57.2     70   0.09     22   22.8  358.9  359.3  358.9
  176.9  13347  -54.3  -57.1     71   0.10     22   22.8  358.9  359.3  358.9
  176.6  13358  -54.5  -57.1     73   0.10     22   22.7  358.9  359.3  358.9
  176.2  13370  -54.6  -57.0     74   0.10     22   22.7  359.0  359.4  359.0
  175.9  13383  -54.7  -57.0     76   0.10     22   22.7  358.9  359.4  359.0
  175.5  13395  -54.8  -56.9     77   0.10     22   22.7  359.0  359.4  359.0
  175.2  13408  -54.9  -57.0     77   0.10     22   22.7  359.0  359.4  359.0
  174.8  13422  -55.0  -57.2     76   0.10     23   22.7  359.0  359.4  359.0
  174.5  13435  -55.1  -57.5     75   0.09     23   22.7  359.0  359.4  359.0
  174.1  13448  -55.2  -57.8     72   0.09     23   22.7  359.2  359.6  359.2
  173.7  13463  -55.3  -58.2     70   0.08     24   22.8  359.3  359.6  359.3
  173.3  13477  -55.4  -58.6     67   0.08     24   22.8  359.3  359.7  359.4
  172.9  13491  -55.5  -58.9     65   0.08     25   22.9  359.4  359.7  359.4
  172.6  13504  -55.6  -59.2     64   0.08     25   23.0  359.4  359.8  359.4
  172.2  13517  -55.6  -59.5     62   0.07     25   23.0  359.6  359.9  359.6
  171.8  13532  -55.7  -59.7     61   0.07     26   23.1  359.7  360.0  359.7
  171.4  13547  -55.8  -60.0     60   0.07     26   23.2  359.7  360.0  359.7
  171.0  13561  -55.9  -60.2     59   0.07     26   23.3  359.8  360.1  359.8
  170.7  13574  -56.1  -60.3     59   0.07     26   23.3  359.7  360.0  359.7
  170.3  13588  -56.2  -60.4     59   0.07     26   23.4  359.7  360.1  359.8
  170.0  13601  -56.3  -60.3     61   0.07     27   23.4  359.7  360.0  359.7
  169.6  13615  -56.5  -60.3     62   0.07     27   23.4  359.7  360.0  359.7
  169.3  13627  -56.6  -60.3     63   0.07     27   23.4  359.7  360.0  359.7
  169.0  13638  -56.7  -60.2     64   0.07     27   23.4  359.7  360.0  359.7
  168.7  13649  -56.8  -60.2     65   0.07     27   23.4  359.7  360.0  359.7
  168.4  13661  -56.9  -60.3     66   0.07     27   23.3  359.7  360.0  359.7
  168.0  13674  -57.0  -60.3     66   0.07     27   23.3  359.7  360.1  359.8
  167.7  13688  -57.2  -60.5     66   0.07     27   23.3  359.7  360.0  359.7
  167.3  13702  -57.3  -60.6     66   0.07     27   23.2  359.7  360.0  359.7
  166.9  13717  -57.5  -60.7     67   0.06     27   23.2  359.7  360.0  359.7
  166.5  13732  -57.6  -60.7     68   0.06     27   23.1  359.7  360.0  359.7
  166.1  13746  -57.8  -60.8     68   0.06     27   23.1  359.7  360.0  359.7
  165.7  13760  -57.9  -60.8     69   0.06     27   23.0  359.8  360.1  359.8
  165.4  13773  -58.0  -60.9     69   0.06     27   23.0  359.7  360.0  359.7
  165.1  13786  -58.1  -61.1     68   0.06     27   22.9  359.7  360.0  359.7
  164.7  13799  -58.3  -61.3     68   0.06     27   22.8  359.8  360.0  359.8
  164.4  13811  -58.4  -61.5     67   0.06     28   22.8  359.8  360.0  359.8
  164.1  13825  -58.5  -61.8     65   0.06     28   22.7  359.7  360.0  359.7
  163.7  13839  -58.6  -62.2     64   0.05     28   22.6  359.7  360.0  359.7
  163.3  13854  -58.8  -62.5     62   0.05     28   22.5  359.8  360.0  359.8
  162.9  13869  -58.9  -62.7     61   0.05     29   22.4  359.9  360.1  359.9
  162.6  13882  -59.0  -63.0     60   0.05     29   22.3  359.9  360.1  359.9
  162.3  13893  -59.1  -63.2     59   0.05     29   22.2  359.9  360.1  359.9
  161.9  13907  -59.2  -63.4     58   0.05     29   22.1  360.0  360.2  360.0
  161.5  13923  -59.3  -63.7     56   0.05     29   21.9  360.1  360.3  360.1
  161.1  13938  -59.4  -63.9     55   0.04     29   21.8  360.2  360.4  360.2
  160.8  13949  -59.5  -64.1     54   0.04     29   21.7  360.2  360.4  360.2
  160.6  13960  -59.5  -64.3     54   0.04     29   21.6  360.2  360.4  360.2
  160.2  13972  -59.6  -64.4     53   0.04     29   21.5  360.4  360.6  360.4
  159.9  13985  -59.7  -64.6     53   0.04     29   21.4  360.4  360.5  360.4
  159.6  13999  -59.8  -64.6     53   0.04     29   21.3  360.3  360.5  360.4
  159.2  14012  -60.0  -64.7     54   0.04     29   21.2  360.4  360.6  360.4
  158.8  14027  -60.1  -64.7     55   0.04     29   21.2  360.4  360.6  360.4
  158.5  14041  -60.3  -64.7     56   0.04     29   21.1  360.3  360.5  360.3
  158.1  14055  -60.4  -64.7     57   0.04     29   21.1  360.4  360.6  360.4
  157.7  14070  -60.5  -64.6     58   0.04     29   21.0  360.4  360.6  360.4
  157.4  14085  -60.7  -64.6     60   0.04     29   21.0  360.4  360.6  360.4
  157.0  14098  -60.8  -64.5     61   0.04     30   21.0  360.4  360.6  360.4
  156.7  14111  -60.9  -64.5     62   0.04     30   21.0  360.4  360.6  360.4
  156.3  14125  -61.1  -64.6     63   0.04     30   21.0  360.4  360.6  360.4
  156.0  14141  -61.2  -64.7     63   0.04     30   21.0  360.4  360.6  360.4
  155.6  14156  -61.3  -64.7     64   0.04     31   21.1  360.4  360.6  360.4
  155.2  14171  -61.5  -64.8     65   0.04     31   21.2  360.4  360.6  360.4
  154.8  14188  -61.6  -64.9     65   0.04     31   21.3  360.4  360.6  360.4
  154.4  14203  -61.8  -64.9     66   0.04     31   21.4  360.4  360.6  360.4
  154.0  14218  -61.9  -65.0     66   0.04     31   21.5  360.5  360.6  360.5
  153.6  14234  -62.1  -65.1     66   0.04     32   21.6  360.5  360.7  360.5
  153.2  14252  -62.2  -65.3     66   0.04     32   21.7  360.5  360.7  360.6
  152.7  14270  -62.4  -65.5     66   0.04     32   21.7  360.6  360.8  360.6
  152.3  14286  -62.5  -65.7     66   0.04     32   21.7  360.6  360.8  360.6
  152.0  14301  -62.7  -65.8     65   0.04     32   21.7  360.6  360.7  360.6
  151.6  14314  -62.8  -66.0     65   0.03     32   21.6  360.6  360.8  360.6
  151.4  14324  -62.9  -66.2     64   0.03     32   21.5  360.5  360.7  360.6
  151.2  14333  -63.0  -66.5     63   0.03     32   21.3  360.5  360.7  360.6
  150.9  14345  -63.1  -66.7     61   0.03     32   21.1  360.6  360.7  360.6
  150.5  14360  -63.2  -67.0     60   0.03     32   21.0  360.6  360.7  360.6
  150.1  14376  -63.4  -67.2     60   0.03     32   20.8  360.6  360.8  360.6
  150.0  14381  -63.4  -67.2     60   0.03     32   20.7  360.6  360.7  360.6
  149.8  14391  -63.5  -67.2     61   0.03     32   20.7  360.6  360.7  360.6
  149.5  14403  -63.7  -67.2     62   0.03     32   20.7  360.5  360.7  360.6
  149.1  14417  -63.8  -67.1     64   0.03     32   20.7  360.6  360.8  360.6
  148.8  14432  -63.9  -67.1     65   0.03     32   20.7  360.5  360.7  360.6
  148.4  14448  -64.1  -67.1     67   0.03     32   20.8  360.5  360.7  360.5
  148.1  14460  -64.2  -67.2     67   0.03     31   21.0  360.6  360.7  360.6
  147.8  14470  -64.3  -67.3     66   0.03     31   21.2  360.6  360.7  360.6
  147.5  14482  -64.5  -67.7     65   0.03     31   21.5  360.6  360.7  360.6
  147.2  14496  -64.6  -68.0     63   0.03     31   21.8  360.5  360.7  360.5
  146.8  14512  -64.8  -68.3     61   0.03     31   22.1  360.5  360.7  360.5
  146.4  14529  -64.9  -68.6     61   0.03     31   22.4  360.5  360.6  360.5
  146.1  14541  -65.0  -68.6     61   0.03     31   22.6  360.5  360.7  360.5
  145.9  14551  -65.1  -68.8     60   0.02     31   22.9  360.6  360.7  360.6
  145.7  14561  -65.2  -69.0     59   0.02     30   23.2  360.6  360.7  360.6
  145.4  14570  -65.2  -69.2     57   0.02     30   23.4  360.7  360.8  360.7
  145.2  14579  -65.3  -69.6     56   0.02     30   23.7  360.7  360.8  360.7
  144.9  14591  -65.5  -69.9     54   0.02     29   23.9  360.7  360.8  360.7
  144.6  14603  -65.6  -70.1     54   0.02     28   24.1  360.7  360.8  360.7
  144.4  14616  -65.7  -70.2     53   0.02     28   24.3  360.6  360.7  360.6
  144.1  14627  -65.8  -70.2     54   0.02     27   24.4  360.6  360.7  360.6
  143.8  14640  -65.9  -70.2     55   0.02     27   24.6  360.7  360.8  360.7
  143.5  14653  -66.0  -70.2     56   0.02     27   24.7  360.7  360.8  360.7
  143.2  14664  -66.1  -70.2     56   0.02     27   24.8  360.7  360.8  360.7
  143.0  14673  -66.2  -70.3     56   0.02     27   24.8  360.7  360.8  360.7
  142.8  14682  -66.3  -70.5     55   0.02     27   24.9  360.7  360.8  360.7
  142.5  14693  -66.4  -70.7     54   0.02     27   24.9  360.7  360.8  360.7
  142.3  14704  -66.4  -70.9     53   0.02     28   24.9  360.8  360.9  360.8
  142.0  14715  -66.4  -71.1     52   0.02     28   24.9  361.2  361.2  361.2
  141.7  14726  -66.4  -71.3     50   0.02     28   24.9  361.3  361.4  361.3
  141.5  14736  -66.5  -71.5     50   0.02     29   24.9  361.3  361.4  361.3
  141.2  14747  -66.6  -71.6     49   0.02     29   24.9  361.4  361.5  361.4
  141.0  14759  -66.6  -71.8     48   0.02     29   24.9  361.4  361.5  361.4
  140.7  14771  -66.7  -72.0     47   0.02     29   24.9  361.5  361.6  361.5
  140.4  14783  -66.8  -72.1     47   0.02     30   24.9  361.6  361.7  361.6
  140.1  14795  -66.9  -72.3     47   0.02     30   25.0  361.7  361.7  361.7
  139.8  14808  -67.0  -72.4     46   0.02     30   25.0  361.7  361.8  361.7
  139.5  14821  -67.1  -72.5     46   0.02     31   25.0  361.7  361.8  361.7
  139.2  14833  -67.2  -72.5     47   0.02     31   24.9  361.8  361.9  361.8
  139.0  14844  -67.3  -72.5     47   0.02     31   24.9  361.8  361.9  361.8
  138.7  14856  -67.4  -72.6     48   0.02     31   24.8  361.9  361.9  361.9
  138.4  14869  -67.5  -72.6     48   0.02     32   24.7  361.9  362.0  361.9
  138.1  14882  -67.6  -72.7     48   0.01     32   24.5  361.9  362.0  361.9
  137.8  14894  -67.7  -72.8     48   0.01     32   24.3  361.9  362.0  361.9
  137.5  14907  -67.8  -73.0     48   0.01     32   24.1  362.0  362.0  362.0
  137.2  14921  -67.9  -73.1     48   0.01     32   23.9  362.0  362.0  362.0
  136.9  14935  -68.0  -73.1     48   0.01     32   23.6  362.0  362.1  362.0
  136.6  14950  -68.1  -73.1     48   0.01     32   23.3  362.2  362.3  362.2
  136.2  14967  -68.1  -73.1     49   0.01     32   23.0  362.4  362.5  362.4
  135.9  14980  -68.2  -73.1     49   0.01     32   22.7  362.5  362.6  362.5
  135.7  14989  -68.2  -73.1     49   0.01     32   22.4  362.7  362.7  362.7
  135.5  14998  -68.3  -73.1     49   0.01     32   22.1  362.7  362.8  362.7
  135.2  15009  -68.3  -73.2     49   0.01     32   21.7  362.8  362.9  362.8
  135.0  15020  -68.4  -73.4     49   0.01     32   21.4  362.7  362.8  362.7
  134.7  15032  -68.5  -73.5     49   0.01     32   21.1  362.8  362.9  362.8
  134.5  15043  -68.7  -73.5     49   0.01     32   20.8  362.8  362.8  362.8
  134.2  15053  -68.8  -73.6     50   0.01     33   20.5  362.8  362.9  362.8
  134.0  15064  -68.8  -73.6     50   0.01     33   20.2  362.8  362.9  362.8
  133.8  15075  -68.9  -73.7     50   0.01     33   20.0  362.8  362.9  362.8
  133.5  15087  -69.0  -73.7     50   0.01     33   19.8  363.0  363.0  363.0
  133.3  15096  -69.0  -73.7     51   0.01     33   19.7  363.0  363.1  363.0
  133.1  15106  -69.0  -73.7     51   0.01     33   19.5  363.2  363.2  363.2
  132.8  15117  -69.0  -73.6     51   0.01     34   19.5  363.5  363.6  363.5
  132.6  15126  -68.8  -73.5     51   0.01     34   19.4  363.9  364.0  363.9
  132.4  15136  -68.8  -73.4     51   0.01     34   19.4  364.1  364.2  364.1
  132.2  15144  -68.9  -73.5     51   0.01     34   19.5  364.1  364.1  364.1
  132.1  15152  -69.0  -73.6     51   0.01     35   19.5  364.1  364.1  364.1
  131.8  15161  -69.0  -73.8     50   0.01     35   19.6  364.2  364.2  364.2
  131.6  15173  -69.1  -73.9     50   0.01     35   19.7  364.2  364.2  364.2
  131.4  15183  -69.2  -74.1     49   0.01     35   19.8  364.2  364.2  364.2
  131.1  15195  -69.3  -74.2     49   0.01     36   19.9  364.3  364.3  364.3
  130.8  15208  -69.4  -74.3     49   0.01     36   20.0  364.3  364.3  364.3
  130.5  15220  -69.6  -74.4     49   0.01     36   20.2  364.3  364.3  364.3
  130.3  15232  -69.6  -74.4     50   0.01     36   20.3  364.3  364.4  364.3
  130.1  15243  -69.7  -74.4     50   0.01     37   20.4  364.4  364.5  364.4
  129.8  15254  -69.7  -74.5     50   0.01     37   20.5  364.5  364.6  364.5
  129.5  15268  -69.8  -74.6     49   0.01     37   20.7  364.6  364.7  364.6
  129.2  15282  -69.9  -74.8     49   0.01     37   20.8  364.7  364.8  364.7
  128.9  15297  -70.0  -74.9     49   0.01     38   20.9  364.8  364.8  364.8
  128.6  15309  -70.1  -75.0     48   0.01     38   21.0  364.8  364.9  364.8
  128.4  15320  -70.2  -75.1     48   0.01     38   21.1  364.8  364.8  364.8
  128.1  15332  -70.3  -75.2     48   0.01     38   21.2  364.9  365.0  364.9
  127.9  15344  -70.4  -75.4     48   0.01     38   21.3  364.9  365.0  364.9
  127.6  15355  -70.5  -75.5     47   0.01     39   21.3  365.0  365.1  365.0
  127.4  15366  -70.5  -75.6     47   0.01     39   21.3  365.0  365.1  365.0
  127.1  15378  -70.6  -75.7     47   0.01     39   21.3  365.1  365.1  365.1
  126.9  15390  -70.7  -75.8     47   0.01     39   21.2  365.2  365.2  365.2
  126.6  15402  -70.7  -75.9     47   0.01     39   21.1  365.3  365.4  365.3
  126.3  15415  -70.8  -75.9     47   0.01     39   20.9  365.4  365.5  365.4
  126.1  15428  -70.9  -75.9     47   0.01     39   20.7  365.4  365.4  365.4
  125.8  15440  -71.0  -76.0     48   0.01     39   20.5  365.5  365.5  365.5
  125.5  15452  -71.1  -76.0     48   0.01     39   20.2  365.5  365.6  365.5
  125.3  15466  -71.3  -76.2     48   0.01     39   19.9  365.5  365.5  365.5
  125.0  15479  -71.4  -76.3     48   0.01     39   19.6  365.5  365.6  365.5
  124.7  15492  -71.4  -76.4     48   0.01     39   19.2  365.7  365.7  365.7
  124.4  15505  -71.5  -76.4     48   0.01     39   18.9  365.8  365.8  365.8
  124.1  15519  -71.6  -76.5     48   0.01     39   18.5  365.8  365.9  365.8
  123.8  15533  -71.7  -76.6     48   0.01     39   18.1  365.8  365.9  365.8
  123.5  15547  -71.9  -76.7     49   0.01     39   17.7  365.8  365.9  365.9
  123.2  15562  -72.0  -76.8     49   0.01     39   17.3  365.9  365.9  365.9
  122.9  15578  -72.1  -76.8     49   0.01     39   16.9  366.0  366.1  366.0
  122.5  15596  -72.1  -76.9     49   0.01     39   16.5  366.3  366.3  366.3
  122.1  15614  -72.3  -77.0     49   0.01     38   16.2  366.3  366.4  366.3
  121.8  15631  -72.4  -77.1     49   0.01     38   15.8  366.3  366.4  366.3
  121.4  15648  -72.6  -77.2     50   0.01     38   15.4  366.4  366.4  366.4
  121.1  15666  -72.7  -77.3     50   0.01     38   15.0  366.4  366.4  366.4
  120.7  15684  -72.8  -77.4     50   0.01     38   14.7  366.5  366.6  366.5
  120.3  15701  -72.8  -77.4     50   0.01     38   14.4  366.8  366.9  366.8
  120.0  15716  -72.9  -77.4     51   0.01     38   14.1  366.9  367.0  366.9
  119.8  15730  -73.0  -77.5     51   0.01     38   13.8  366.9  366.9  366.9
  119.4  15745  -73.1  -77.6     51   0.01     38   13.6  367.1  367.2  367.1
  119.1  15760  -73.2  -77.7     50   0.01     38   13.3  367.2  367.3  367.2
  118.9  15773  -73.3  -77.8     50   0.01     38   13.2  367.2  367.3  367.2
  118.6  15788  -73.4  -78.0     50   0.01     39   13.0  367.2  367.3  367.2
  118.3  15802  -73.6  -78.1     50   0.01     39   12.9  367.2  367.3  367.2
  118.0  15816  -73.7  -78.2     50   0.01     39   12.8  367.3  367.3  367.3
  117.7  15832  -73.9  -78.3     51   0.01     39   12.7  367.2  367.3  367.2
  117.4  15846  -74.0  -78.4     51   0.01     39   12.6  367.3  367.3  367.3
  117.1  15858  -74.1  -78.5     51   0.01     39   12.6  367.3  367.4  367.3
  116.9  15870  -74.2  -78.5     51   0.01     39   12.5  367.4  367.4  367.4
  116.7  15882  -74.3  -78.6     51   0.01     39   12.5  367.4  367.5  367.4
  116.4  15895  -74.3  -78.7     51   0.01     39   12.4  367.5  367.6  367.5
  116.1  15908  -74.5  -78.9     50   0.01     39   12.4  367.6  367.6  367.6
  115.9  15919  -74.5  -79.0     50   0.01     39   12.3  367.7  367.7  367.7
  115.8  15928  -74.6  -79.1     49   0.01     39   12.2  367.6  367.7  367.6
  115.5  15938  -74.7  -79.3     49   0.01     39   12.1  367.7  367.8  367.7
  115.3  15950  -74.8  -79.5     48   0.01     38   11.9  367.7  367.8  367.7
  115.1  15962  -74.9  -79.7     47   0.01     38   11.8  367.7  367.7  367.7
  114.9  15973  -75.0  -79.8     47   0.01     38   11.7  367.7  367.7  367.7
  114.6  15985  -75.1  -79.9     47   0.01     37   11.6  367.8  367.8  367.8
  114.3  15999  -75.1  -79.9     47   0.01     36   11.5  368.0  368.0  368.0
  114.1  16013  -75.2  -80.0     47   0.01     36   11.4  368.0  368.0  368.0
  113.8  16026  -75.4  -80.1     48   0.01     35   11.3  368.0  368.0  368.0
  113.5  16041  -75.5  -80.2     48   0.01     34   11.2  368.1  368.1  368.1
  113.2  16059  -75.6  -80.3     48   0.01     34   11.2  368.1  368.1  368.1
  112.9  16075  -75.7  -80.4     48   0.01     34   11.2  368.2  368.2  368.2
  112.7  16083  -75.8  -80.5     48   0.01     33   11.3  368.2  368.3  368.2
  112.5  16093  -75.9  -80.6     48   0.01     33   11.3  368.2  368.3  368.2
  112.3  16103  -75.9  -80.7     47   0.01     33   11.4  368.4  368.4  368.4
  112.1  16113  -76.0  -80.8     47   0.01     33   11.6  368.4  368.4  368.4
  111.9  16124  -76.1  -80.9     46   0.01     33   11.7  368.5  368.5  368.5
  111.7  16135  -76.1  -81.0     46   0.01     33   11.9  368.6  368.6  368.6
  111.5  16146  -76.2  -81.2     46   0.00     33   12.0  368.6  368.6  368.6
  111.3  16156  -76.3  -81.3     45   0.00     33   12.2  368.6  368.6  368.6
  111.1  16168  -76.4  -81.3     45   0.00     33   12.4  368.6  368.7  368.6
  110.8  16180  -76.5  -81.4     46   0.00     33   12.6  368.8  368.8  368.8
  110.6  16193  -76.6  -81.5     46   0.00     33   12.7  368.8  368.8  368.8
  110.3  16205  -76.7  -81.5     46   0.00     33   12.9  368.9  368.9  368.9
  110.1  16218  -76.8  -81.6     47   0.00     34   13.1  368.9  368.9  368.9
  109.8  16231  -76.9  -81.6     47   0.00     34   13.2  368.9  368.9  368.9
  109.6  16246  -77.0  -81.7     47   0.00     34   13.4  368.9  368.9  368.9
  109.3  16261  -77.1  -81.8     47   0.00     35   13.6  369.0  369.0  369.0
  109.0  16275  -77.2  -81.9     48   0.00     35   13.8  369.1  369.1  369.1
  108.8  16288  -77.3  -81.9     48   0.00     36   14.0  369.2  369.2  369.2
  108.5  16300  -77.4  -82.0     48   0.00     37   14.2  369.3  369.3  369.3
  108.3  16314  -77.4  -82.1     47   0.00     38   14.5  369.4  369.4  369.4
  108.0  16329  -77.5  -82.2     47   0.00     39   14.7  369.5  369.5  369.5
  107.7  16343  -77.6  -82.3     47   0.00     40   15.0  369.7  369.7  369.7
  107.5  16356  -77.6  -82.4     47   0.00     41   15.4  369.7  369.8  369.7
  107.2  16369  -77.7  -82.5     46   0.00     42   15.7  369.9  369.9  369.9
  107.0  16381  -77.7  -82.5     46   0.00     43   16.1  370.1  370.1  370.1
  106.8  16393  -77.6  -82.4     46   0.00     43   16.5  370.6  370.6  370.6
  106.6  16405  -77.5  -82.4     46   0.00     44   17.0  370.8  370.9  370.8
  106.3  16417  -77.5  -82.4     46   0.00     44   17.4  371.1  371.2  371.1
  106.1  16430  -77.6  -82.5     45   0.00     45   17.9  371.2  371.3  371.2
  105.9  16442  -77.7  -82.7     45   0.00     45   18.3  371.3  371.3  371.3
  105.7  16453  -77.7  -82.8     44   0.00     45   18.7  371.5  371.5  371.5
  105.5  16464  -77.5  -82.7     44   0.00     46   19.2  371.9  371.9  371.9
  105.3  16475  -77.6  -82.8     43   0.00     46   19.5  372.1  372.1  372.1
  105.1  16485  -77.6  -82.8     43   0.00     47   19.9  372.3  372.3  372.3
  104.9  16496  -77.6  -82.8     43   0.00     47   20.2  372.5  372.5  372.5
  104.7  16507  -77.5  -82.7     43   0.00     48   20.5  372.8  372.8  372.8
  104.5  16519  -77.4  -82.6     44   0.00     48   20.8  373.2  373.2  373.2
  104.3  16530  -77.4  -82.5     44   0.00     49   20.9  373.4  373.4  373.4
  104.1  16540  -77.4  -82.5     44   0.00     49   21.1  373.5  373.6  373.5
  103.9  16551  -77.5  -82.6     44   0.00     50   21.2  373.6  373.6  373.6
  103.7  16562  -77.6  -82.7     44   0.00     50   21.2  373.7  373.7  373.7
  103.5  16573  -77.6  -82.8     43   0.00     51   21.2  373.9  373.9  373.9
  103.3  16584  -77.5  -82.8     43   0.00     52   21.2  374.2  374.2  374.2
  103.1  16595  -77.6  -82.8     43   0.00     52   21.1  374.3  374.3  374.3
  102.8  16608  -77.6  -82.9     43   0.00     53   21.1  374.6  374.6  374.6
  102.6  16621  -77.6  -82.9     43   0.00     53   20.9  374.8  374.8  374.8
  102.4  16632  -77.7  -82.9     43   0.00     54   20.8  374.9  374.9  374.9
  102.2  16645  -77.7  -82.9     43   0.00     55   20.7  374.9  375.0  374.9
  101.9  16659  -77.8  -82.9     44   0.00     55   20.5  375.2  375.2  375.2
  101.7  16671  -77.7  -82.8     44   0.00     56   20.4  375.5  375.6  375.5
  101.5  16683  -77.6  -82.7     44   0.00     57   20.3  375.9  375.9  375.9
  101.3  16694  -77.7  -82.7     44   0.00     57   20.1  376.0  376.0  376.0
  101.1  16704  -77.8  -82.8     45   0.00     58   20.0  376.0  376.0  376.0
  100.9  16716  -77.9  -82.9     45   0.00     59   19.9  376.0  376.0  376.0
  100.7  16728  -78.0  -82.9     45   0.00     59   19.9  376.1  376.1  376.1
  100.5  16740  -78.1  -83.0     45   0.00     60   19.8  376.1  376.1  376.1
  100.3  16752  -78.2  -83.0     46   0.00     60   19.8  376.1  376.1  376.1
  100.1  16764  -78.3  -83.0     46   0.00     61   19.8  376.1  376.1  376.1
  100.0  16768  -78.3  -83.0     47   0.00     61   19.8  376.1  376.1  376.1
  100.0  16768  -78.3  -83.0     47   0.00     61   19.8  376.1  376.1  376.1
   99.8  16777  -78.4  -83.0     47   0.00     61   19.8  376.1  376.2  376.1
   99.6  16790  -78.6  -83.0     48   0.00     61   19.8  376.1  376.1  376.1
   99.4  16803  -78.7  -83.0     49   0.00     62   19.8  376.1  376.2  376.1
   99.2  16816  -78.8  -83.0     50   0.00     62   19.8  376.1  376.1  376.1
   98.9  16829  -78.9  -83.0     51   0.00     62   19.9  376.2  376.2  376.2
   98.7  16841  -79.0  -83.0     52   0.00     62   19.8  376.2  376.2  376.2
   98.5  16853  -79.1  -83.1     53   0.00     62   19.8  376.2  376.2  376.2
   98.3  16865  -79.3  -83.1     53   0.00     62   19.7  376.2  376.2  376.2
   98.1  16878  -79.4  -83.2     53   0.00     62   19.6  376.2  376.2  376.2
   97.9  16890  -79.5  -83.3     53   0.00     62   19.6  376.2  376.2  376.2
   97.7  16901  -79.6  -83.5     53   0.00     62   19.5  376.2  376.2  376.2
   97.5  16913  -79.7  -83.6     53   0.00     62   19.4  376.2  376.2  376.2
   97.3  16925  -79.8  -83.8     52   0.00     62   19.2  376.2  376.3  376.2
   97.1  16938  -79.9  -83.9     51   0.00     63   19.1  376.2  376.3  376.2
   96.9  16950  -80.0  -84.1     51   0.00     63   19.0  376.3  376.3  376.3
   96.7  16961  -80.0  -84.2     50   0.00     63   18.8  376.5  376.5  376.5
   96.5  16973  -80.0  -84.3     49   0.00     64   18.6  376.7  376.7  376.7
   96.2  16986  -79.9  -84.4     48   0.00     65   18.4  377.2  377.2  377.2
   96.0  16998  -79.8  -84.4     47   0.00     65   18.3  377.6  377.6  377.6
   95.8  17011  -79.8  -84.6     46   0.00     66   18.2  377.8  377.9  377.8
   95.6  17022  -79.8  -84.7     44   0.00     67   18.1  378.2  378.2  378.2
   95.5  17031  -79.6  -84.7     43   0.00     68   18.1  378.7  378.7  378.7
   95.3  17042  -79.3  -84.6     42   0.00     69   18.1  379.4  379.4  379.4
   95.1  17054  -78.7  -84.2     41   0.00     70   18.2  380.8  380.8  380.8
   94.9  17066  -78.5  -84.2     39   0.00     70   18.3  381.5  381.6  381.5
   94.7  17077  -78.3  -84.2     38   0.00     71   18.4  382.1  382.2  382.1
   94.5  17088  -78.0  -84.1     37   0.00     71   18.5  382.9  382.9  382.9
   94.3  17099  -77.4  -83.7     36   0.00     72   18.7  384.4  384.4  384.4
   94.2  17109  -77.2  -83.6     36   0.00     72   18.7  384.9  384.9  384.9
   94.0  17120  -77.1  -83.5     35   0.00     73   18.8  385.3  385.3  385.3
   93.8  17131  -77.1  -83.5     35   0.00     73   18.9  385.5  385.6  385.5
   93.7  17140  -77.1  -83.6     35   0.00     73   18.9  385.5  385.5  385.5
   93.5  17149  -77.2  -83.6     35   0.00     74   18.9  385.6  385.6  385.6
   93.4  17158  -77.3  -83.7     35   0.00     74   18.9  385.6  385.6  385.6
   93.2  17167  -77.3  -83.8     35   0.00     75   18.9  385.7  385.8  385.7
   93.1  17177  -77.3  -83.8     35   0.00     76   18.9  385.9  385.9  385.9
   92.9  17186  -77.4  -83.9     35   0.00     76   19.0  386.0  386.1  386.0
   92.8  17196  -77.4  -84.0     35   0.00     77   19.0  386.0  386.0  386.0
   92.6  17206  -77.5  -84.1     34   0.00     78   19.0  386.1  386.2  386.1
   92.4  17217  -77.5  -84.2     34   0.00     79   19.1  386.3  386.3  386.3
   92.2  17228  -77.6  -84.4     33   0.00     80   19.2  386.4  386.4  386.4
   92.1  17239  -77.7  -84.5     33   0.00     81   19.3  386.4  386.4  386.4
   91.9  17249  -77.7  -84.7     32   0.00     83   19.5  386.6  386.7  386.6
   91.8  17258  -77.6  -84.7     31   0.00     84   19.6  387.0  387.0  387.0
   91.6  17266  -77.5  -84.8     30   0.00     85   19.8  387.4  387.4  387.4
   91.5  17277  -77.5  -84.9     30   0.00     86   19.9  387.5  387.5  387.5
   91.3  17289  -77.5  -85.1     29   0.00     86   20.1  387.6  387.6  387.6
   91.1  17299  -77.6  -85.1     29   0.00     87   20.2  387.8  387.8  387.8
   91.0  17308  -77.5  -85.2     29   0.00     88   20.3  388.0  388.0  388.0
   90.8  17317  -77.5  -85.3     28   0.00     89   20.5  388.2  388.2  388.2
   90.7  17328  -77.6  -85.4     28   0.00     89   20.6  388.2  388.2  388.2
   90.5  17338  -77.7  -85.6     27   0.00     90   20.8  388.3  388.3  388.3
   90.3  17349  -77.7  -85.7     27   0.00     90   20.9  388.5  388.5  388.5
   90.1  17360  -77.7  -85.8     27   0.00     91   21.1  388.7  388.8  388.7
   90.0  17370  -77.7  -85.8     26   0.00     91   21.2  388.9  388.9  388.9
   89.8  17380  -77.7  -85.8     26   0.00     91   21.3  389.2  389.2  389.2
   89.7  17390  -77.7  -85.9     26   0.00     91   21.4  389.2  389.2  389.2
   89.5  17400  -77.8  -86.0     26   0.00     91   21.4  389.3  389.4  389.3
   89.4  17410  -77.8  -86.1     26   0.00     92   21.4  389.4  389.4  389.4
   89.2  17419  -77.7  -86.1     25   0.00     92   21.4  389.8  389.9  389.8
   89.0  17430  -77.3  -85.8     25   0.00     92   21.4  390.8  390.8  390.8
   88.9  17441  -77.1  -85.7     24   0.00     92   21.3  391.4  391.4  391.4
   88.7  17451  -77.1  -85.8     24   0.00     93   21.2  391.6  391.6  391.6
   88.6  17460  -77.2  -85.8     24   0.00     93   21.1  391.7  391.7  391.7
   88.4  17468  -77.2  -85.9     24   0.00     93   20.9  391.9  392.0  391.9
   88.3  17477  -77.1  -86.0     24   0.00     94   20.7  392.1  392.1  392.1
   88.2  17487  -77.1  -86.0     23   0.00     94   20.5  392.3  392.3  392.3
   88.0  17497  -77.1  -86.1     23   0.00     95   20.3  392.6  392.6  392.6
   87.8  17507  -77.1  -86.2     23   0.00     95   20.2  392.7  392.8  392.7
   87.7  17518  -77.1  -86.2     23   0.00     95   20.0  392.9  392.9  392.9
   87.5  17528  -77.0  -86.1     23   0.00     96   19.8  393.4  393.4  393.4
   87.4  17536  -77.0  -86.1     23   0.00     96   19.7  393.5  393.6  393.5
   87.3  17547  -77.0  -86.1     23   0.00     96   19.5  393.7  393.7  393.7
   87.1  17556  -77.0  -86.1     22   0.00     95   19.4  394.0  394.0  394.0
   87.0  17564  -76.9  -86.1     22   0.00     95   19.3  394.2  394.2  394.2
   86.9  17573  -76.9  -86.2     22   0.00     95   19.2  394.4  394.4  394.4
   86.7  17583  -76.9  -86.3     21   0.00     94   19.1  394.7  394.7  394.7
   86.6  17593  -76.9  -86.4     21   0.00     94   19.0  394.9  394.9  394.9
   86.4  17603  -76.7  -86.4     20   0.00     93   18.9  395.4  395.4  395.4
   86.3  17612  -76.4  -86.2     20   0.00     93   18.8  396.1  396.2  396.1
   86.1  17623  -76.3  -86.2     20   0.00     93   18.7  396.6  396.6  396.6
   85.9  17634  -76.4  -86.3     20   0.00     92   18.7  396.7  396.7  396.7
   85.8  17646  -76.5  -86.4     20   0.00     91   18.7  396.7  396.7  396.7
   85.6  17657  -76.5  -86.4     20   0.00     91   18.7  396.9  396.9  396.9
   85.4  17668  -76.6  -86.4     20   0.00     90   18.8  397.0  397.0  397.0
   85.3  17679  -76.6  -86.5     20   0.00     89   18.9  397.1  397.1  397.1
   85.1  17689  -76.6  -86.5     20   0.00     89   19.1  397.3  397.3  397.3
   85.0  17700  -76.6  -86.5     20   0.00     88   19.4  397.4  397.4  397.4
   84.8  17711  -76.6  -86.5     20   0.00     87   19.7  397.7  397.7  397.7
   84.7  17721  -76.6  -86.6     20   0.00     86   20.1  397.9  397.9  397.9
   84.5  17730  -76.5  -86.5     19   0.00     85   20.5  398.3  398.3  398.3
   84.4  17738  -76.5  -86.6     19   0.00     84   20.9  398.6  398.6  398.6
   84.3  17748  -76.4  -86.6     19   0.00     83   21.4  398.8  398.8  398.8
   84.1  17757  -76.4  -86.7     18   0.00     82   21.8  399.1  399.1  399.1
   84.0  17766  -76.3  -86.7     18   0.00     82   22.3  399.4  399.5  399.5
   83.8  17776  -76.2  -86.7     18   0.00     81   22.7  399.9  399.9  399.9
   83.7  17785  -76.2  -86.8     18   0.00     81   23.0  400.0  400.0  400.0
   83.5  17797  -76.2  -86.9     17   0.00     80   23.3  400.3  400.3  400.3
   83.4  17809  -76.2  -86.9     17   0.00     80   23.6  400.5  400.5  400.5
   83.2  17819  -76.1  -86.9     17   0.00     80   23.8  401.0  401.0  401.0
   83.1  17828  -75.8  -86.7     17   0.00     80   24.0  401.6  401.6  401.6
   82.9  17839  -75.5  -86.5     17   0.00     80   24.1  402.5  402.5  402.5
   82.8  17848  -75.3  -86.4     16   0.00     81   24.1  403.2  403.2  403.2
   82.7  17858  -75.2  -86.4     16   0.00     81   24.1  403.4  403.4  403.4
   82.5  17867  -75.3  -86.5     16   0.00     81   24.1  403.6  403.6  403.6
   82.4  17875  -75.3  -86.7     16   0.00     81   24.1  403.6  403.6  403.6
   82.3  17884  -75.4  -86.8     16   0.00     82   24.0  403.7  403.7  403.7
   82.2  17892  -75.4  -86.8     15   0.00     82   24.0  403.8  403.8  403.8
   82.1  17900  -75.3  -86.9     15   0.00     82   23.9  404.0  404.0  404.0
   81.9  17909  -75.3  -86.9     15   0.00     83   23.8  404.4  404.4  404.4
   81.8  17919  -75.2  -86.9     15   0.00     83   23.7  404.7  404.7  404.7
   81.7  17928  -75.1  -86.8     15   0.00     83   23.7  405.1  405.1  405.1
   81.5  17939  -75.1  -86.9     15   0.00     84   23.6  405.4  405.4  405.4
   81.3  17951  -75.1  -86.9     14   0.00     84   23.5  405.8  405.8  405.8
   81.2  17962  -75.0  -86.9     14   0.00     85   23.5  406.0  406.0  406.0
   81.0  17973  -75.1  -87.0     14   0.00     86   23.4  406.1  406.1  406.1
   80.9  17983  -75.2  -87.1     14   0.00     86   23.3  406.1  406.1  406.1
   80.7  17994  -75.2  -87.2     14   0.00     87   23.2  406.3  406.3  406.3
   80.6  18005  -75.2  -87.3     14   0.00     88   23.1  406.4  406.4  406.4
   80.4  18015  -75.3  -87.4     14   0.00     89   23.0  406.6  406.6  406.6
   80.3  18025  -75.3  -87.5     13   0.00     90   22.9  406.7  406.8  406.7
   80.2  18036  -75.2  -87.6     13   0.00     90   22.8  406.9  407.0  406.9
   80.0  18047  -75.2  -87.7     13   0.00     91   22.6  407.3  407.3  407.3
   79.8  18059  -75.2  -87.8     13   0.00     92   22.5  407.6  407.6  407.6
   79.7  18072  -75.2  -87.8     13   0.00     93   22.3  407.8  407.8  407.8
   79.5  18085  -75.2  -87.9     12   0.00     94   22.2  408.1  408.1  408.1
   79.3  18097  -75.0  -87.9     12   0.00     95   22.1  408.7  408.7  408.7
   79.2  18107  -74.7  -87.7     12   0.00     96   21.9  409.5  409.5  409.5
   79.0  18117  -74.5  -87.6     12   0.00     97   21.8  410.3  410.3  410.3
   78.9  18126  -74.4  -87.6     12   0.00     98   21.7  410.5  410.6  410.5
   78.8  18136  -74.4  -87.7     12   0.00     99   21.7  410.7  410.7  410.7
   78.7  18146  -74.4  -87.7     11   0.00    100   21.6  410.9  410.9  410.9
   78.5  18155  -74.3  -87.7     11   0.00    101   21.6  411.3  411.3  411.3
   78.4  18165  -74.3  -87.7     11   0.00    101   21.6  411.5  411.5  411.5
   78.3  18174  -74.3  -87.8     11   0.00    102   21.6  411.6  411.6  411.6
   78.1  18184  -74.4  -87.8     11   0.00    103   21.5  411.8  411.8  411.8
   78.0  18194  -74.5  -87.8     11   0.00    103   21.4  411.8  411.8  411.8
   77.9  18203  -74.5  -87.9     11   0.00    104   21.3  411.8  411.8  411.8
   77.8  18212  -74.6  -87.9     11   0.00    104   21.2  411.8  411.8  411.8
   77.6  18221  -74.7  -88.0     11   0.00    104   21.1  412.0  412.0  412.0
   77.5  18230  -74.7  -88.1     11   0.00    104   20.9  412.1  412.1  412.1
   77.4  18240  -74.7  -88.1     11   0.00    104   20.6  412.3  412.3  412.3
   77.3  18249  -74.7  -88.1     11   0.00    104   20.4  412.4  412.4  412.4
   77.2  18257  -74.7  -88.2     11   0.00    103   20.2  412.5  412.5  412.5
   77.1  18265  -74.8  -88.3     11   0.00    102   19.9  412.5  412.5  412.5
   76.9  18275  -74.8  -88.5     11   0.00    102   19.8  412.7  412.7  412.7
   76.8  18285  -74.9  -88.6     10   0.00    101   19.6  412.8  412.8  412.8
   76.7  18295  -74.9  -88.8     10   0.00    100   19.5  412.8  412.8  412.8
   76.5  18306  -74.9  -88.9     10   0.00     99   19.4  413.2  413.2  413.2
   76.4  18318  -74.7  -88.8     10   0.00     98   19.4  413.9  413.9  413.9
   76.2  18330  -74.2  -88.5     10   0.00     97   19.5  415.1  415.1  415.1
   76.1  18341  -73.8  -88.2     10   0.00     96   19.6  416.0  416.1  416.0
   75.9  18352  -73.8  -88.2      9   0.00     95   19.7  416.5  416.5  416.5
   75.8  18363  -73.8  -88.3      9   0.00     94   19.9  416.6  416.6  416.6
   75.6  18375  -73.9  -88.4      9   0.00     93   20.1  416.7  416.8  416.7
   75.5  18387  -73.9  -88.5      9   0.00     92   20.3  416.8  416.8  416.8
   75.3  18398  -73.8  -88.4      9   0.00     92   20.5  417.3  417.3  417.3
   75.2  18407  -73.8  -88.4      9   0.00     91   20.7  417.5  417.6  417.5
   75.1  18417  -73.8  -88.4      9   0.00     91   20.9  417.7  417.7  417.7
   74.9  18427  -73.9  -88.5      9   0.00     90   21.0  417.9  417.9  417.9
   74.8  18439  -73.9  -88.5      9   0.00     90   21.2  418.0  418.0  418.0
   74.7  18450  -73.9  -88.6      9   0.00     89   21.3  418.1  418.1  418.1
   74.5  18460  -73.9  -88.6      9   0.00     89   21.4  418.4  418.4  418.4
   74.4  18470  -73.9  -88.6      9   0.00     89   21.6  418.6  418.7  418.6
   74.3  18479  -73.8  -88.5      9   0.00     88   21.7  419.0  419.1  419.0
   74.1  18489  -73.7  -88.5      9   0.00     88   21.8  419.4  419.4  419.4
   74.0  18500  -73.8  -88.6      9   0.00     88   21.9  419.4  419.5  419.4
   73.9  18512  -73.9  -88.7      9   0.00     87   22.0  419.4  419.4  419.4
   73.7  18522  -74.0  -88.8      9   0.00     87   22.1  419.6  419.6  419.6
   73.6  18532  -73.9  -88.8      9   0.00     87   22.2  419.9  419.9  419.9
   73.5  18544  -73.8  -88.8      9   0.00     87   22.4  420.2  420.2  420.2
   73.3  18555  -73.9  -88.9      8   0.00     87   22.6  420.5  420.5  420.5
   73.2  18565  -73.9  -89.0      8   0.00     87   22.7  420.6  420.6  420.6
   73.1  18576  -73.9  -89.1      8   0.00     87   22.9  420.7  420.7  420.7
   72.9  18586  -73.8  -89.1      8   0.00     87   23.1  421.2  421.2  421.2
   72.8  18597  -73.7  -89.1      8   0.00     87   23.3  421.6  421.6  421.6
   72.7  18608  -73.6  -89.1      8   0.00     88   23.5  422.0  422.0  422.0
   72.5  18619  -73.5  -89.2      8   0.00     88   23.6  422.5  422.5  422.5
   72.4  18630  -73.5  -89.2      8   0.00     89   23.7  422.8  422.8  422.8
   72.3  18640  -73.3  -89.2      7   0.00     89   23.8  423.3  423.3  423.3
   72.1  18649  -73.0  -89.1      7   0.00     89   23.8  424.2  424.3  424.2
   72.0  18659  -72.7  -89.0      7   0.00     89   23.8  425.1  425.1  425.1
   71.9  18670  -72.5  -89.0      7   0.00     90   23.7  425.6  425.6  425.6
   71.8  18679  -72.5  -89.2      7   0.00     90   23.5  425.8  425.8  425.8
   71.7  18688  -72.4  -89.3      6   0.00     90   23.3  426.2  426.2  426.2
   71.6  18696  -72.3  -89.3      6   0.00     90   23.0  426.6  426.6  426.6
   71.5  18705  -72.1  -89.2      6   0.00     90   22.7  427.3  427.3  427.3
   71.4  18712  -71.8  -89.1      6   0.00     90   22.4  428.1  428.1  428.1
   71.3  18719  -71.5  -89.0      6   0.00     89   22.0  428.8  428.8  428.8
   71.2  18727  -71.3  -88.9      6   0.00     89   21.7  429.4  429.4  429.4
   71.1  18735  -71.1  -88.8      6   0.00     89   21.3  430.1  430.1  430.1
   71.0  18744  -70.8  -88.7      6   0.00     89   21.0  430.7  430.7  430.7
   70.9  18752  -70.7  -88.7      6   0.00     89   20.6  431.3  431.3  431.3
   70.8  18760  -70.6  -88.7      5   0.00     89   20.3  431.6  431.6  431.6
   70.7  18770  -70.6  -88.8      5   0.00     89   20.0  431.7  431.8  431.7
   70.6  18780  -70.7  -88.9      5   0.00     89   19.6  431.8  431.8  431.8
   70.4  18790  -70.7  -89.0      5   0.00     89   19.3  432.0  432.0  432.0
   70.3  18799  -70.8  -89.1      5   0.00     89   19.0  432.0  432.0  432.0
   70.2  18808  -70.9  -89.1      5   0.00     90   18.7  432.1  432.1  432.1
   70.1  18818  -70.9  -89.2      5   0.00     90   18.3  432.1  432.1  432.1
   70.0  18827  -71.0  -89.3      5   0.00     90   18.3  432.2  432.2  432.2
   69.9  18838  -71.1  -89.3      5   0.00     90   17.7  432.2  432.2  432.2
   69.8  18848  -71.2  -89.4      5   0.00     91   17.4  432.2  432.2  432.2
   69.6  18858  -71.2  -89.5      5   0.00     91   17.1  432.4  432.4  432.4
   69.5  18866  -71.2  -89.5      5   0.00     91   16.8  432.6  432.6  432.6
   69.4  18876  -71.2  -89.5      5   0.00     90   16.5  432.7  432.7  432.7
   69.3  18885  -71.3  -89.6      5   0.00     90   16.3  432.8  432.8  432.8
   69.2  18894  -71.3  -89.7      5   0.00     90   16.2  432.9  433.0  432.9
   69.1  18904  -71.3  -89.7      5   0.00     89   16.1  433.1  433.1  433.1
   69.0  18915  -71.3  -89.7      5   0.00     88   16.0  433.3  433.4  433.3
   68.9  18924  -71.2  -89.7      5   0.00     88   16.0  433.6  433.6  433.6
   68.8  18934  -71.2  -89.7      5   0.00     87   16.0  433.8  433.8  433.8
   68.6  18944  -70.9  -89.5      5   0.00     86   16.0  434.8  434.8  434.8
   68.5  18954  -70.8  -89.4      5   0.00     85   16.0  435.3  435.3  435.3
   68.4  18965  -70.8  -89.4      5   0.00     84   16.1  435.5  435.5  435.5
   68.3  18976  -70.8  -89.4      5   0.00     83   16.1  435.7  435.7  435.7
   68.1  18986  -70.7  -89.4      5   0.00     83   16.2  436.2  436.2  436.2
   68.0  18996  -70.7  -89.3      5   0.00     82   16.3  436.5  436.5  436.5
   67.9  19006  -70.7  -89.3      5   0.00     82   16.3  436.6  436.6  436.6
   67.8  19017  -70.7  -89.4      5   0.00     81   16.4  436.8  436.8  436.8
   67.7  19026  -70.7  -89.4      5   0.00     81   16.5  436.9  436.9  436.9
   67.6  19034  -70.8  -89.4      5   0.00     81   16.6  437.0  437.0  437.0
   67.5  19043  -70.8  -89.4      5   0.00     81   16.8  437.1  437.1  437.1
   67.4  19053  -70.8  -89.5      5   0.00     81   16.9  437.3  437.3  437.3
   67.3  19062  -70.8  -89.5      5   0.00     81   17.1  437.5  437.5  437.5
   67.2  19071  -70.8  -89.5      5   0.00     82   17.4  437.6  437.7  437.6
   67.1  19081  -70.8  -89.5      5   0.00     82   17.6  437.8  437.9  437.9
   66.9  19092  -70.8  -89.5      5   0.00     83   17.9  438.2  438.3  438.2
   66.8  19102  -70.8  -89.5      5   0.00     83   18.2  438.5  438.5  438.5
   66.7  19113  -70.8  -89.6      5   0.00     84   18.6  438.7  438.7  438.7
   66.6  19123  -70.8  -89.6      5   0.00     85   18.9  438.9  438.9  438.9
   66.5  19132  -70.7  -89.5      5   0.00     85   19.2  439.2  439.2  439.2
   66.4  19142  -70.6  -89.4      5   0.00     86   19.4  439.6  439.6  439.6
   66.3  19152  -70.5  -89.4      5   0.00     86   19.7  439.9  439.9  439.9
   66.2  19161  -70.6  -89.4      5   0.00     87   19.9  440.0  440.1  440.0
   66.1  19169  -70.6  -89.5      5   0.00     87   20.0  440.1  440.1  440.1
   66.0  19178  -70.7  -89.5      5   0.00     87   20.2  440.2  440.2  440.2
   65.9  19187  -70.7  -89.6      5   0.00     88   20.2  440.3  440.3  440.3
   65.8  19197  -70.8  -89.7      5   0.00     88   20.3  440.4  440.4  440.4
   65.7  19206  -70.8  -89.7      5   0.00     88   20.3  440.5  440.5  440.5
   65.5  19217  -70.8  -89.8      5   0.00     88   20.2  440.8  440.8  440.8
   65.4  19226  -70.8  -89.9      5   0.00     88   20.2  441.0  441.0  441.0
   65.3  19236  -70.7  -89.8      5   0.00     88   20.1  441.5  441.5  441.5
   65.2  19245  -70.4  -89.6      4   0.00     88   20.1  442.3  442.3  442.3
   65.1  19254  -70.3  -89.6      4   0.00     88   20.1  442.6  442.6  442.6
   65.0  19263  -70.4  -89.7      4   0.00     88   20.1  442.8  442.8  442.8
   64.9  19272  -70.4  -89.8      4   0.00     89   20.1  443.0  443.0  443.0
   64.8  19282  -70.4  -89.9      4   0.00     89   20.2  443.2  443.2  443.2
   64.7  19292  -70.4  -89.9      4   0.00     90   20.2  443.3  443.3  443.3
   64.6  19302  -70.3  -89.9      4   0.00     90   20.4  443.7  443.7  443.7
   64.5  19312  -70.0  -89.8      4   0.00     91   20.5  444.6  444.6  444.6
   64.4  19321  -69.9  -89.7      4   0.00     91   20.6  445.1  445.1  445.1
   64.3  19330  -69.9  -89.8      4   0.00     92   20.8  445.3  445.3  445.3
   64.2  19340  -69.8  -89.8      4   0.00     92   21.0  445.6  445.6  445.6
   64.1  19350  -69.6  -89.7      4   0.00     93   21.1  446.1  446.1  446.1
   64.0  19360  -69.6  -89.7      4   0.00     93   21.3  446.5  446.5  446.5
   63.9  19370  -69.5  -89.6      4   0.00     93   21.5  446.9  446.9  446.9
   63.8  19381  -69.5  -89.7      4   0.00     93   21.6  447.0  447.1  447.0
   63.7  19391  -69.4  -89.7      4   0.00     94   21.8  447.4  447.4  447.4
   63.6  19399  -69.4  -89.7      4   0.00     94   21.9  447.7  447.7  447.7
   63.5  19408  -69.4  -89.7      4   0.00     94   22.1  447.9  448.0  447.9
   63.4  19417  -69.3  -89.8      4   0.00     94   22.2  448.2  448.2  448.2
   63.3  19426  -69.4  -89.9      4   0.00     94   22.3  448.3  448.3  448.3
   63.2  19436  -69.4  -89.9      4   0.00     94   22.4  448.5  448.5  448.5
   63.1  19445  -69.3  -89.9      4   0.00     94   22.5  448.9  448.9  448.9
   63.0  19455  -69.2  -89.9      4   0.00     94   22.6  449.4  449.4  449.4
   62.9  19466  -68.9  -89.7      4   0.00     94   22.7  450.2  450.2  450.2
   62.8  19475  -68.8  -89.7      4   0.00     94   22.7  450.6  450.6  450.6
   62.7  19484  -68.8  -89.7      3   0.00     95   22.7  450.8  450.8  450.8
   62.6  19493  -68.7  -89.7      3   0.00     95   22.6  451.1  451.2  451.1
   62.5  19502  -68.6  -89.7      3   0.00     96   22.5  451.6  451.6  451.6
   62.4  19514  -68.5  -89.6      3   0.00     96   22.4  452.2  452.2  452.2
   62.3  19524  -68.4  -89.6      3   0.00     97   22.2  452.5  452.5  452.5
   62.2  19532  -68.4  -89.7      3   0.00     98   22.0  452.7  452.8  452.7
   62.1  19540  -68.4  -89.7      3   0.00     98   21.7  452.9  452.9  452.9
   62.0  19550  -68.4  -89.7      3   0.00     99   21.4  453.1  453.1  453.1
   61.9  19560  -68.5  -89.8      3   0.00     99   21.2  453.2  453.2  453.2
   61.8  19569  -68.5  -89.8      3   0.00    100   20.9  453.4  453.4  453.4
   61.7  19578  -68.5  -89.8      3   0.00    100   20.7  453.7  453.7  453.7
   61.6  19589  -68.4  -89.7      3   0.00    101   20.5  453.9  454.0  453.9
   61.5  19598  -68.4  -89.7      3   0.00    101   20.4  454.1  454.1  454.1
   61.4  19607  -68.5  -89.7      3   0.00    101   20.3  454.3  454.3  454.3
   61.3  19618  -68.5  -89.8      3   0.00    102   20.2  454.4  454.4  454.4
   61.2  19628  -68.5  -89.8      3   0.00    102   20.2  454.7  454.7  454.7
   61.1  19637  -68.3  -89.6      3   0.00    102   20.3  455.3  455.3  455.3
   61.0  19647  -68.2  -89.6      3   0.00    102   20.4  455.8  455.8  455.8
   60.9  19655  -68.1  -89.5      3   0.00    102   20.5  456.1  456.1  456.1
   60.8  19663  -68.1  -89.5      3   0.00    102   20.6  456.3  456.4  456.3
   60.7  19673  -68.1  -89.6      3   0.00    102   20.7  456.5  456.6  456.5
   60.6  19683  -68.1  -89.6      3   0.00    102   20.8  456.7  456.7  456.7
   60.5  19692  -68.1  -89.6      3   0.00    102   20.9  456.9  456.9  456.9
   60.4  19701  -68.2  -89.7      3   0.00    102   21.0  457.1  457.1  457.1
   60.3  19710  -68.2  -89.7      3   0.00    102   21.0  457.2  457.2  457.2
   60.2  19721  -68.3  -89.7      3   0.00    102   21.0  457.3  457.3  457.3
   60.1  19731  -68.3  -89.8      3   0.00    101   21.0  457.5  457.5  457.5
   60.0  19749  -68.2  -89.7      3   0.00    101   20.9  457.9  457.9  457.9
   59.9  19758  -68.2  -89.7      3   0.00    100   20.8  458.1  458.2  458.1
   59.8  19767  -68.1  -89.6      3   0.00    100   20.7  458.6  458.6  458.6
   59.7  19777  -67.9  -89.5      3   0.00     99   20.6  459.2  459.2  459.2
   59.6  19787  -67.8  -89.5      3   0.00     99   20.5  459.6  459.6  459.6
   59.5  19796  -67.8  -89.5      3   0.00     98   20.5  459.8  459.8  459.8
   59.4  19805  -67.9  -89.6      3   0.00     98   20.4  459.9  459.9  459.9
   59.3  19814  -67.9  -89.6      3   0.00     97   20.3  460.0  460.0  460.0
   59.2  19824  -68.0  -89.7      3   0.00     96   20.3  460.1  460.1  460.1
   59.1  19834  -68.1  -89.8      3   0.00     96   20.2  460.1  460.1  460.1
   59.0  19843  -68.1  -89.8      3   0.00     95   20.2  460.2  460.3  460.2
   58.9  19853  -68.2  -89.9      3   0.00     94   20.1  460.3  460.4  460.3
   58.8  19863  -68.2  -89.9      3   0.00     94   20.0  460.5  460.5  460.5
   58.7  19873  -68.2  -89.9      3   0.00     93   19.9  460.8  460.8  460.8
   58.6  19883  -68.1  -89.9      3   0.00     93   19.8  461.1  461.1  461.1
   58.5  19893  -68.1  -89.9      3   0.00     93   19.6  461.4  461.4  461.4
   58.4  19902  -68.0  -89.9      3   0.00     93   19.5  461.8  461.8  461.8
   58.3  19912  -67.9  -89.8      3   0.00     93   19.3  462.3  462.3  462.3
   58.2  19931  -67.8  -89.8      3   0.00     93   18.8  462.8  462.8  462.8
   58.1  19940  -67.8  -89.9      3   0.00     94   18.6  463.0  463.0  463.0
   58.0  19950  -67.8  -89.9      3   0.00     94   18.4  463.2  463.2  463.2
   57.9  19959  -67.8  -89.9      3   0.00     95   18.1  463.4  463.4  463.4
   57.8  19969  -67.8  -89.9      3   0.00     95   17.9  463.7  463.7  463.7
   57.7  19979  -67.8  -89.9      3   0.00     96   17.8  464.0  464.0  464.0
   57.6  19989  -67.7  -89.9      3   0.00     96   17.6  464.3  464.3  464.3
   57.5  19999  -67.7  -89.9      3   0.00     96   17.5  464.7  464.7  464.7
   57.4  20010  -67.7  -89.9      3   0.00     97   17.5  464.9  464.9  464.9
   57.3  20020  -67.7  -90.0      3   0.00     97   17.5  465.2  465.2  465.2
   57.2  20029  -67.6  -90.0      3   0.00     97   17.5  465.5  465.5  465.5
   57.1  20039  -67.5  -89.9      3   0.00     96   17.6  466.1  466.1  466.1
   57.0  20049  -67.4  -89.9      3   0.00     96   17.8  466.5  466.5  466.5
   56.9  20060  -67.3  -90.0      3   0.00     96   18.0  466.8  466.8  466.8
   56.8  20070  -67.4  -90.1      3   0.00     95   18.2  467.0  467.0  467.0
   56.7  20081  -67.3  -90.1      3   0.00     94   18.5  467.3  467.3  467.3
   56.6  20092  -67.2  -90.1      3   0.00     94   18.8  467.9  467.9  467.9
   56.5  20103  -67.1  -90.1      3   0.00     93   19.2  468.3  468.3  468.3
   56.4  20112  -67.1  -90.2      3   0.00     93   19.6  468.4  468.4  468.4
   56.2  20133  -67.1  -90.3      2   0.00     91   20.4  469.1  469.1  469.1
   56.1  20154  -66.6  -90.1      2   0.00     90   21.1  470.4  470.4  470.4
   56.0  20164  -66.5  -90.0      2   0.00     90   21.4  470.8  470.8  470.8
   55.9  20175  -66.4  -90.0      2   0.00     89   21.7  471.3  471.3  471.3
   55.8  20186  -66.4  -90.1      2   0.00     89   21.9  471.6  471.6  471.6
   55.7  20195  -66.4  -90.1      2   0.00     88   22.0  471.8  471.8  471.8
   55.6  20206  -66.4  -90.2      2   0.00     88   22.0  472.0  472.1  472.0
   55.5  20216  -66.3  -90.2      2   0.00     88   22.0  472.5  472.5  472.5
   55.4  20227  -66.2  -90.2      2   0.00     87   21.9  473.0  473.0  473.0
   55.3  20238  -66.1  -90.2      2   0.00     87   21.7  473.5  473.5  473.5
   55.2  20249  -65.9  -90.0      2   0.00     87   21.5  474.3  474.3  474.3
   55.1  20260  -65.5  -89.8      2   0.00     87   21.3  475.2  475.2  475.2
   55.0  20271  -65.4  -89.7      2   0.00     87   21.0  475.8  475.8  475.8
   54.9  20282  -65.4  -89.7      2   0.00     87   20.8  476.2  476.2  476.2
   54.8  20292  -65.4  -89.8      2   0.00     87   20.5  476.4  476.4  476.4
   54.7  20303  -65.4  -89.8      2   0.00     87   20.3  476.5  476.6  476.5
   54.6  20314  -65.4  -89.7      2   0.00     87   20.2  476.8  476.8  476.8
   54.5  20326  -65.4  -89.8      2   0.00     86   20.1  477.0  477.0  477.0
   54.4  20338  -65.5  -89.8      2   0.00     86   20.0  477.2  477.2  477.2
   54.3  20349  -65.5  -89.8      2   0.00     86   20.0  477.3  477.3  477.3
   54.2  20360  -65.5  -89.7      2   0.00     86   20.1  477.5  477.5  477.5
   54.1  20371  -65.6  -89.8      2   0.00     86   20.2  477.6  477.7  477.6
   54.0  20382  -65.6  -89.7      2   0.00     86   20.3  477.9  477.9  477.9
   53.9  20394  -65.5  -89.6      2   0.00     86   20.5  478.3  478.3  478.3
   53.8  20406  -65.4  -89.5      2   0.00     86   20.7  478.8  478.8  478.8
   53.7  20416  -65.4  -89.5      2   0.00     86   20.9  479.0  479.0  479.0
   53.6  20427  -65.5  -89.6      2   0.00     86   21.1  479.0  479.1  479.0
   53.5  20438  -65.6  -89.6      2   0.00     86   21.4  479.1  479.1  479.1
   53.4  20450  -65.7  -89.6      2   0.00     86   21.6  479.2  479.2  479.2
   53.3  20461  -65.8  -89.6      2   0.00     86   21.8  479.3  479.3  479.3
   53.2  20472  -65.8  -89.7      2   0.00     86   22.0  479.4  479.5  479.4
   53.1  20483  -65.8  -89.7      2   0.00     86   22.3  479.7  479.7  479.7
   53.0  20493  -65.8  -89.6      2   0.00     86   22.5  480.0  480.1  480.0
   52.9  20505  -65.7  -89.6      2   0.00     86   22.7  480.5  480.5  480.5
   52.8  20515  -65.7  -89.6      2   0.00     87   22.9  480.7  480.7  480.7
   52.7  20526  -65.7  -89.6      2   0.00     87   23.0  481.0  481.0  481.0
   52.6  20537  -65.7  -89.6      2   0.00     87   23.2  481.2  481.3  481.2
   52.5  20548  -65.7  -89.7      2   0.00     87   23.4  481.4  481.4  481.4
   52.4  20560  -65.8  -89.8      2   0.00     87   23.5  481.4  481.5  481.4
   52.3  20571  -65.9  -89.9      2   0.00     87   23.7  481.5  481.5  481.5
   52.2  20582  -65.9  -90.0      2   0.00     88   23.9  481.7  481.8  481.7
   52.1  20593  -65.9  -90.0      2   0.00     88   24.0  482.1  482.2  482.1
   52.0  20604  -65.8  -90.0      2   0.00     87   24.2  482.6  482.7  482.6
   51.9  20626  -65.6  -90.1      2   0.00     87   24.4  483.3  483.3  483.3
   51.8  20638  -65.5  -90.2      2   0.00     87   24.6  483.8  483.8  483.8
   51.7  20649  -65.3  -90.2      2   0.00     87   24.7  484.5  484.5  484.5
   51.6  20661  -65.1  -90.1      2   0.00     87   24.8  485.3  485.4  485.3
   51.5  20672  -64.8  -90.1      2   0.00     87   24.8  486.3  486.3  486.3
   51.4  20684  -64.5  -90.0      2   0.00     87   24.8  487.1  487.1  487.1
   51.3  20694  -64.5  -90.1      2   0.00     87   24.8  487.5  487.6  487.6
   51.2  20705  -64.4  -90.1      2   0.00     88   24.7  488.0  488.0  488.0
   51.1  20716  -64.2  -90.1      2   0.00     88   24.6  488.6  488.6  488.6
   51.0  20727  -64.0  -90.0      2   0.00     88   24.4  489.4  489.4  489.4
   50.9  20739  -63.8  -90.0      2   0.00     89   24.2  490.1  490.1  490.1
   50.8  20749  -63.7  -90.0      2   0.00     89   24.0  490.6  490.6  490.6
   50.7  20759  -63.6  -89.9      2   0.00     90   23.8  491.1  491.2  491.1
   50.6  20779  -63.5  -89.9      2   0.00     91   23.3  491.7  491.7  491.7
   50.5  20790  -63.6  -90.0      2   0.00     91   23.1  491.9  491.9  491.9
   50.4  20802  -63.6  -90.0      2   0.00     92   22.9  492.1  492.1  492.1
   50.3  20813  -63.6  -90.0      2   0.00     92   22.7  492.4  492.5  492.4
   50.2  20822  -63.5  -89.9      2   0.00     92   22.6  492.8  492.9  492.8
   50.1  20832  -63.4  -89.9      2   0.00     92   22.4  493.3  493.3  493.3
   50.0  20849  -63.4  -89.8      2   0.00     93   22.3  493.7  493.7  493.7
   49.9  20863  -63.4  -89.8      2   0.00     92   22.2  494.0  494.0  494.0
   49.8  20873  -63.3  -89.8      2   0.00     92   22.1  494.4  494.4  494.4
   49.7  20884  -63.2  -89.7      2   0.00     92   22.1  494.9  494.9  494.9
   49.6  20895  -63.2  -89.7      2   0.00     92   22.1  495.2  495.2  495.2
   49.5  20905  -63.2  -89.7      2   0.00     91   22.0  495.5  495.5  495.5
   49.4  20927  -63.2  -89.7      2   0.00     91   21.9  495.9  495.9  495.9
   49.3  20938  -63.1  -89.6      2   0.00     90   21.9  496.5  496.5  496.5
   49.2  20948  -63.0  -89.6      2   0.00     90   21.8  496.8  496.8  496.8
   49.1  20959  -63.0  -89.6      2   0.00     90   21.7  497.2  497.3  497.2
   49.0  20970  -62.9  -89.6      2   0.00     90   21.6  497.6  497.6  497.6
   48.9  20980  -62.9  -89.5      2   0.00     89   21.5  498.0  498.0  498.0
   48.8  21002  -62.9  -89.5      2   0.00     89   21.2  498.3  498.3  498.3
   48.7  21013  -62.9  -89.6      2   0.00     89   21.1  498.5  498.6  498.5
   48.6  21024  -62.9  -89.6      2   0.00     89   21.0  498.8  498.8  498.8
   48.5  21034  -62.9  -89.5      2   0.00     89   20.8  499.2  499.2  499.2
   48.4  21046  -62.8  -89.5      2   0.00     89   20.7  499.7  499.7  499.7
   48.3  21059  -62.8  -89.5      2   0.00     88   20.5  499.9  500.0  499.9
   48.2  21071  -62.8  -89.5      2   0.00     88   20.4  500.2  500.2  500.2
   48.1  21091  -62.8  -89.5      2   0.00     88   20.2  500.6  500.6  500.6
   48.0  21103  -62.8  -89.5      2   0.00     88   20.2  500.8  500.8  500.8
   47.9  21113  -62.9  -89.6      2   0.00     88   20.1  501.0  501.0  501.0
   47.8  21124  -62.8  -89.6      2   0.00     87   20.2  501.4  501.4  501.4
   47.7  21135  -62.7  -89.5      2   0.00     87   20.2  502.0  502.0  502.0
   47.6  21156  -62.6  -89.5      2   0.00     87   20.4  502.6  502.6  502.6
   47.5  21166  -62.6  -89.6      2   0.00     87   20.6  502.8  502.9  502.8
   47.4  21176  -62.6  -89.6      2   0.00     87   20.7  503.1  503.1  503.1
   47.3  21188  -62.6  -89.6      2   0.00     88   20.9  503.5  503.6  503.5
   47.2  21199  -62.4  -89.6      2   0.00     88   21.1  504.1  504.2  504.1
   47.1  21221  -62.1  -89.4      2   0.00     88   21.4  505.3  505.3  505.3
   47.0  21231  -62.1  -89.4      2   0.00     88   21.5  505.6  505.6  505.6
   46.9  21244  -62.1  -89.4      1   0.00     88   21.6  505.9  505.9  505.9
   46.8  21255  -62.1  -89.4      1   0.00     88   21.6  506.2  506.2  506.2
