Latitude: 22.312 Longitude: 114.17
-----------------------------------------------------------------------------
   PRES   HGHT   TEMP   DWPT   RELH   MIXR   DRCT   SPED   THTA   THTE   THTV
    hPa      m      C      C      %   g/kg    deg    m/s      K      K      K 
-----------------------------------------------------------------------------
 1000.6     66   29.2   25.8     82  21.38    102    0.7  302.3  366.0  306.1
 1000.0     71   29.2   25.9     82  21.46    110    1.3  302.4  366.3  306.2
  998.9     80   29.3   26.0     82  21.59    110    1.3  302.5  366.9  306.4
  998.0     89   29.3   25.9     82  21.51    109    1.5  302.6  366.7  306.4
  996.9     98   29.1   25.6     81  21.19    108    1.7  302.5  365.7  306.4
  995.9    108   29.0   25.6     82  21.16    107    1.9  302.5  365.6  306.4
  994.7    119   28.9   25.6     82  21.21    106    2.1  302.5  365.8  306.4
  993.4    130   28.8   25.5     82  21.15    104    2.3  302.5  365.5  306.3
  992.2    141   28.7   25.5     83  21.12    103    2.5  302.5  365.5  306.3
  990.9    153   28.5   25.4     83  21.04    102    2.7  302.5  365.1  306.3
  989.5    166   28.4   25.4     84  21.04    101    2.9  302.5  365.2  306.3
  988.2    178   28.3   25.4     84  21.08    100    3.1  302.5  365.3  306.3
  986.9    189   28.2   25.3     84  21.05    100    3.3  302.5  365.2  306.3
  985.6    200   28.1   25.3     85  21.00     99    3.4  302.5  365.0  306.3
  984.3    212   28.0   25.3     85  21.05     99    3.6  302.5  365.2  306.3
  982.7    227   27.8   25.2     86  21.02     99    3.8  302.5  365.1  306.3
  980.9    243   27.7   25.2     86  21.02    100    4.0  302.5  365.1  306.3
  979.4    257   27.6   25.1     87  20.95    100    4.2  302.5  364.9  306.3
  978.3    267   27.5   25.2     87  21.00    101    4.4  302.5  365.1  306.3
  977.2    277   27.3   25.1     88  20.91    101    4.7  302.4  364.7  306.2
  976.2    286   27.2   25.2     89  21.12    102    4.9  302.4  365.3  306.2
  975.2    295   27.1   25.2     89  21.15    102    5.2  302.4  365.4  306.2
  973.9    307   27.0   25.2     90  21.10    102    5.4  302.4  365.3  306.2
  972.5    320   26.8   25.1     90  21.09    102    5.7  302.4  365.2  306.2
  971.1    333   26.7   25.1     91  21.13    102    5.9  302.4  365.3  306.2
  969.9    344   26.6   25.1     91  21.09    102    6.1  302.4  365.2  306.2
  968.7    354   26.5   25.0     91  20.97    102    6.3  302.4  364.9  306.2
  967.6    365   26.5   24.9     91  20.88    102    6.4  302.5  364.7  306.2
  966.5    375   26.4   24.8     91  20.85    102    6.6  302.5  364.6  306.3
  965.4    385   26.4   24.8     91  20.83    101    6.6  302.5  364.6  306.3
  964.3    395   26.3   24.7     91  20.67    101    6.7  302.6  364.1  306.3
  963.2    405   26.3   24.6     90  20.62    101    6.7  302.6  364.1  306.4
  962.2    415   26.2   24.6     91  20.64    101    6.7  302.6  364.1  306.3
  961.1    425   26.1   24.6     91  20.67    101    6.7  302.7  364.2  306.4
  960.0    435   26.0   24.7     93  20.78    101    6.7  302.6  364.5  306.4
  958.9    445   25.8   24.6     93  20.78    102    6.7  302.6  364.5  306.3
  958.0    453   25.7   24.6     93  20.72    102    6.7  302.6  364.3  306.3
  957.0    462   25.7   24.4     93  20.55    103    6.7  302.6  363.9  306.4
  955.9    473   25.7   24.2     92  20.34    103    6.7  302.7  363.3  306.4
  954.6    484   25.8   23.9     90  19.99    104    6.7  302.9  362.5  306.5
  953.4    495   25.8   23.9     90  19.99    104    6.7  303.0  362.6  306.6
  952.4    505   25.7   23.9     90  19.96    105    6.8  303.0  362.5  306.6
  951.6    513   25.6   23.8     90  19.92    106    6.8  303.0  362.4  306.6
  950.7    521   25.6   23.8     90  19.88    106    6.9  303.1  362.3  306.6
  949.7    530   25.4   23.8     91  19.96    107    7.0  303.0  362.6  306.6
  948.6    540   25.3   23.9     92  20.03    108    7.1  303.0  362.8  306.6
  947.3    553   25.2   23.9     92  20.11    109    7.2  303.0  363.0  306.7
  945.9    566   25.1   23.8     92  20.02    109    7.3  303.0  362.8  306.7
  944.8    576   25.0   23.7     92  19.89    110    7.4  303.0  362.4  306.6
  943.7    586   25.0   23.6     92  19.83    110    7.6  303.1  362.3  306.7
  942.6    597   24.9   23.6     92  19.79    111    7.7  303.2  362.2  306.7
  941.5    607   24.8   23.5     92  19.75    111    7.9  303.2  362.1  306.7
  940.5    617   24.8   23.5     92  19.70    112    8.1  303.2  362.0  306.7
  939.4    627   24.7   23.4     93  19.68    112    8.3  303.2  361.9  306.8
  938.3    637   24.6   23.5     94  19.79    113    8.4  303.2  362.2  306.8
  937.3    646   24.4   23.6     95  19.91    114    8.6  303.1  362.5  306.7
  936.2    657   24.3   23.6     96  19.94    114    8.7  303.1  362.7  306.7
  935.0    668   24.3   23.5     95  19.81    115    8.9  303.2  362.3  306.8
  933.8    679   24.3   23.3     94  19.65    116    9.0  303.3  362.0  306.9
  932.7    690   24.2   23.2     94  19.52    117    9.1  303.3  361.6  306.9
  931.5    701   24.1   23.3     95  19.69    117    9.2  303.3  362.1  306.9
  930.2    713   23.9   23.1     96  19.53    118    9.2  303.3  361.5  306.8
  929.0    724   24.1   22.8     93  19.18    119    9.3  303.6  360.9  307.0
  927.9    735   24.1   22.8     92  19.11    120    9.3  303.7  360.8  307.2
  926.7    746   24.1   22.7     92  19.08    120    9.4  303.8  360.8  307.2
  925.6    757   24.0   22.7     92  19.09    121    9.4  303.8  360.9  307.2
  925.0    763   24.0   22.6     92  18.99    121    9.4  303.8  360.6  307.2
  924.5    768   23.9   22.5     92  18.91    121    9.5  303.8  360.4  307.2
  923.4    778   24.0   22.4     90  18.74    121    9.5  304.0  360.1  307.4
  922.4    788   24.1   22.4     90  18.80    121    9.5  304.1  360.4  307.6
  921.2    799   23.9   22.4     91  18.83    122    9.5  304.1  360.4  307.5
  920.0    810   23.8   22.3     91  18.69    122    9.6  304.1  360.1  307.5
  918.9    821   23.7   22.1     91  18.57    122    9.6  304.2  359.7  307.5
  917.7    832   23.8   22.0     90  18.43    122    9.6  304.3  359.5  307.6
  916.4    844   23.8   21.9     89  18.33    122    9.6  304.4  359.3  307.7
  915.2    856   23.7   21.9     90  18.33    122    9.6  304.4  359.4  307.7
  914.0    868   23.6   21.9     90  18.39    122    9.6  304.4  359.5  307.8
  912.7    880   23.4   21.9     92  18.48    122    9.5  304.4  359.8  307.7
  911.6    891   23.3   21.8     91  18.30    123    9.5  304.4  359.3  307.8
  910.5    902   23.3   21.7     91  18.22    123    9.4  304.5  359.1  307.8
  909.4    912   23.2   21.7     91  18.23    124    9.3  304.5  359.2  307.8
  908.2    923   23.1   21.7     92  18.30    125    9.2  304.5  359.4  307.8
  907.0    935   23.0   21.8     93  18.39    125    9.0  304.5  359.6  307.9
  905.8    947   22.9   21.7     93  18.34    126    8.9  304.5  359.5  307.8
  904.5    959   22.8   21.5     93  18.16    126    8.8  304.5  359.0  307.8
  903.5    970   22.7   21.5     93  18.14    126    8.7  304.5  358.9  307.8
  902.5    978   22.6   21.6     94  18.26    126    8.6  304.5  359.3  307.9
  901.7    987   22.5   21.6     94  18.27    126    8.6  304.5  359.3  307.8
  900.7    996   22.4   21.5     94  18.16    125    8.6  304.5  359.0  307.8
  899.6   1007   22.3   21.4     95  18.13    125    8.6  304.5  358.9  307.8
  898.6   1017   22.2   21.4     95  18.15    124    8.7  304.5  358.9  307.8
  897.8   1025   22.1   21.4     96  18.20    123    8.8  304.5  359.1  307.8
  897.0   1032   22.1   21.4     96  18.20    122    9.0  304.6  359.1  307.9
  896.2   1040   22.1   21.2     95  17.99    122    9.2  304.7  358.7  308.0
  895.2   1050   22.2   21.0     93  17.81    121    9.4  304.8  358.3  308.1
  894.2   1060   22.1   20.9     93  17.72    121    9.6  304.8  358.0  308.1
  893.3   1069   22.0   20.9     94  17.70    120    9.8  304.8  357.9  308.0
  892.4   1077   21.9   20.9     94  17.74    120    9.9  304.8  358.0  308.0
  891.5   1086   21.9   21.0     95  17.81    120   10.1  304.8  358.3  308.1
  890.5   1096   21.7   21.0     96  17.80    120   10.2  304.8  358.2  308.0
  889.5   1105   21.6   20.9     95  17.72    120   10.3  304.8  358.0  308.0
  888.6   1115   21.6   20.8     95  17.67    120   10.3  304.8  357.9  308.0
  887.7   1123   21.5   20.8     96  17.67    120   10.3  304.9  357.9  308.1
  886.8   1132   21.4   20.8     96  17.73    120   10.2  304.9  358.1  308.1
  886.0   1140   21.3   20.9     97  17.78    120   10.2  304.8  358.2  308.1
  885.0   1150   21.3   20.7     97  17.64    119   10.1  304.9  357.8  308.1
  884.0   1160   21.3   20.5     95  17.38    119   10.0  305.0  357.1  308.1
  883.0   1170   21.3   20.4     94  17.29    118    9.9  305.1  357.1  308.3
  882.0   1179   21.3   20.2     93  17.10    117    9.9  305.2  356.6  308.3
  881.1   1188   21.4   20.0     92  16.93    116    9.8  305.4  356.4  308.5
  880.1   1198   21.4   20.0     92  16.97    115    9.8  305.5  356.5  308.6
  879.0   1209   21.3   19.9     91  16.84    114    9.8  305.5  356.2  308.6
  878.0   1219   21.3   19.7     90  16.64    114    9.8  305.6  355.7  308.7
  877.1   1228   21.3   19.6     90  16.55    113    9.8  305.7  355.5  308.7
  876.0   1238   21.3   19.5     89  16.48    113    9.9  305.8  355.4  308.8
  874.9   1249   21.2   19.5     90  16.49    113   10.0  305.8  355.5  308.9
  873.9   1259   21.2   19.5     90  16.57    113   10.1  305.9  355.9  309.0
  873.0   1268   21.2   19.4     89  16.48    114   10.1  306.0  355.7  309.0
  872.2   1277   21.2   19.3     89  16.42    114   10.2  306.0  355.5  309.0
  871.3   1286   21.1   19.1     88  16.17    114   10.4  306.1  354.9  309.0
  870.5   1294   21.1   18.8     87  15.90    114   10.5  306.2  354.2  309.1
  869.6   1303   21.2   18.6     85  15.73    115   10.6  306.3  353.8  309.2
  868.6   1313   21.2   18.4     84  15.49    115   10.7  306.4  353.2  309.2
  867.5   1323   21.2   18.0     82  15.18    114   10.8  306.5  352.4  309.3
  866.5   1334   21.4   17.8     80  14.93    114   10.9  306.8  352.0  309.6
  865.4   1344   21.3   17.8     80  14.95    114   10.9  306.9  352.1  309.6
  864.4   1354   21.2   18.0     82  15.18    113   11.0  306.9  352.9  309.7
  863.4   1365   21.1   18.4     84  15.62    113   11.1  306.9  354.2  309.8
  862.3   1376   21.0   19.0     88  16.24    113   11.1  306.9  356.0  309.8
  861.3   1386   21.0   18.4     85  15.70    112   11.2  306.9  354.5  309.8
  860.4   1395   21.1   17.6     81  14.91    112   11.2  307.2  352.3  309.9
  859.5   1404   21.1   17.7     81  15.04    112   11.2  307.3  352.9  310.0
  858.4   1415   21.0   18.2     84  15.55    112   11.1  307.3  354.5  310.2
  857.2   1427   20.9   18.6     87  15.89    112   11.1  307.2  355.4  310.2
  856.2   1437   20.7   18.5     87  15.83    112   11.0  307.2  355.2  310.1
  855.4   1446   20.7   18.5     87  15.84    113   11.0  307.2  355.2  310.1
  854.5   1454   20.6   18.5     88  15.89    113   10.9  307.2  355.4  310.2
  853.6   1463   20.5   18.5     88  15.89    113   10.9  307.2  355.4  310.2
  852.7   1473   20.5   18.4     88  15.79    113   10.8  307.3  355.2  310.2
  851.7   1484   20.5   18.1     86  15.55    114   10.8  307.4  354.6  310.3
  850.8   1493   20.5   17.9     85  15.39    114   10.8  307.5  354.2  310.3
  850.0   1501   20.5   17.8     85  15.26    114   10.8  307.6  353.9  310.4
  849.9   1501   20.5   17.8     85  15.24    114   10.7  307.6  353.8  310.4
  849.0   1510   20.4   17.7     84  15.18    115   10.8  307.6  353.7  310.4
  848.1   1520   20.4   17.5     83  15.04    115   10.8  307.7  353.4  310.5
  847.2   1529   20.5   17.5     83  14.98    115   10.8  307.9  353.4  310.6
  846.2   1539   20.5   17.8     84  15.31    115   10.9  308.0  354.5  310.8
  845.2   1550   20.4   17.7     84  15.26    115   11.0  308.0  354.5  310.9
  844.2   1560   20.4   17.6     84  15.14    115   11.1  308.1  354.2  310.9
  843.2   1571   20.4   17.5     84  15.13    115   11.2  308.2  354.2  311.0
  842.2   1581   20.4   17.5     84  15.14    115   11.3  308.3  354.4  311.1
  841.2   1591   20.3   17.5     84  15.10    115   11.4  308.3  354.3  311.1
  840.3   1601   20.3   17.5     84  15.14    114   11.5  308.4  354.5  311.2
  839.3   1611   20.2   17.5     84  15.16    114   11.7  308.4  354.6  311.2
  838.4   1620   20.2   17.5     84  15.15    114   11.8  308.5  354.6  311.3
  837.4   1630   20.1   17.4     85  15.12    113   11.9  308.5  354.6  311.3
  836.5   1640   20.0   17.3     84  15.03    113   12.0  308.5  354.3  311.3
  835.4   1651   20.0   17.1     83  14.85    113   12.1  308.6  353.9  311.3
  834.3   1662   20.0   16.7     81  14.52    112   12.2  308.7  353.0  311.4
  833.3   1673   20.0   16.7     81  14.49    112   12.3  308.8  353.1  311.5
  832.4   1682   19.9   16.7     82  14.56    112   12.3  308.9  353.3  311.6
  831.4   1692   19.9   16.8     82  14.64    112   12.4  308.9  353.6  311.6
  830.4   1703   19.9   16.8     83  14.69    112   12.4  309.0  353.9  311.7
  829.5   1712   19.8   16.8     83  14.65    112   12.5  309.0  353.8  311.7
  828.6   1722   19.7   16.8     83  14.68    112   12.5  309.0  353.9  311.7
  827.5   1733   19.6   16.7     84  14.65    112   12.5  309.0  353.8  311.7
  826.3   1745   19.5   16.6     83  14.55    112   12.5  309.0  353.5  311.7
  825.2   1757   19.4   16.5     83  14.49    113   12.5  309.1  353.4  311.8
  824.1   1769   19.4   16.3     82  14.28    113   12.5  309.2  352.8  311.8
  823.1   1780   19.3   16.2     82  14.20    113   12.5  309.2  352.6  311.8
  822.1   1789   19.3   16.2     82  14.21    114   12.4  309.2  352.7  311.9
  821.2   1799   19.2   16.2     83  14.26    114   12.3  309.2  352.8  311.9
  820.3   1809   19.1   16.0     82  14.12    115   12.2  309.2  352.4  311.9
  819.3   1819   19.0   15.7     81  13.85    116   12.0  309.3  351.7  311.9
  818.4   1829   19.0   15.5     80  13.64    117   11.8  309.4  351.1  311.9
  817.5   1838   19.0   15.4     80  13.58    118   11.6  309.4  351.0  312.0
  816.6   1847   18.9   15.4     80  13.61    119   11.4  309.5  351.1  312.0
  815.7   1857   18.8   15.4     80  13.59    120   11.2  309.5  351.1  312.0
  814.7   1868   18.8   15.3     80  13.58    121   11.0  309.6  351.2  312.1
  813.6   1879   18.8   15.3     80  13.58    123   10.8  309.7  351.3  312.2
  812.4   1892   18.8   15.3     80  13.55    124   10.7  309.8  351.3  312.3
  811.4   1902   18.8   15.1     79  13.42    125   10.6  309.9  351.1  312.4
  810.5   1912   18.8   15.1     79  13.45    126   10.5  310.0  351.3  312.5
  809.7   1921   18.8   15.1     79  13.43    127   10.5  310.1  351.3  312.6
  808.8   1930   18.8   14.9     78  13.30    127   10.5  310.2  351.0  312.6
  808.0   1938   18.8   14.8     78  13.21    127   10.5  310.3  350.8  312.7
  807.2   1947   18.7   14.6     77  13.07    127   10.5  310.3  350.5  312.7
  806.4   1955   18.7   14.5     77  13.01    126   10.5  310.3  350.3  312.8
  805.5   1965   18.6   14.4     76  12.89    125   10.5  310.4  350.0  312.8
  804.6   1974   18.6   14.3     76  12.85    124   10.5  310.4  349.9  312.8
  803.6   1985   18.5   14.0     75  12.63    123   10.5  310.4  349.3  312.8
  802.5   1997   18.5   13.3     72  12.07    121   10.5  310.5  347.7  312.8
  801.6   2008   18.4   13.2     71  11.96    119   10.4  310.6  347.4  312.8
  800.6   2018   18.4   13.1     71  11.96    117   10.4  310.7  347.6  312.9
  799.6   2029   18.4   13.5     73  12.23    115   10.3  310.7  348.4  313.0
  798.6   2039   18.2   14.4     78  13.01    113   10.2  310.7  350.7  313.1
  797.5   2051   18.0   14.8     82  13.44    111   10.1  310.6  352.0  313.1
  796.5   2062   17.9   14.8     82  13.45    110   10.1  310.6  352.0  313.1
  795.7   2070   17.9   14.4     80  13.11    108   10.0  310.7  351.1  313.1
  795.1   2077   18.0   14.2     78  12.89    107    9.9  310.8  350.6  313.2
  794.4   2085   18.1   14.1     78  12.81    105    9.9  311.0  350.5  313.4
  793.6   2093   18.0   14.1     78  12.90    104    9.8  311.1  350.8  313.5
  792.6   2104   18.0   14.5     80  13.18    104    9.8  311.1  351.7  313.5
  791.6   2114   17.9   14.4     80  13.11    104    9.8  311.1  351.6  313.6
  790.9   2123   17.9   14.2     79  13.03    104    9.9  311.2  351.4  313.6
  790.3   2129   17.8   14.1     79  12.87    104    9.9  311.2  350.9  313.6
  789.4   2138   17.8   14.3     80  13.09    105   10.0  311.3  351.7  313.7
  788.4   2150   17.7   15.3     86  14.00    105   10.1  311.3  354.4  313.9
  787.4   2160   17.5   15.7     89  14.40    106   10.2  311.2  355.6  313.9
  786.4   2171   17.4   15.8     90  14.56    108   10.4  311.2  356.1  314.0
  785.5   2182   17.4   15.8     90  14.53    109   10.6  311.3  356.1  314.0
  784.6   2191   17.4   15.8     90  14.54    110   10.8  311.4  356.2  314.1
  783.8   2200   17.4   15.7     90  14.49    111   10.9  311.5  356.2  314.2
  782.8   2211   17.3   15.5     89  14.29    112   11.0  311.5  355.7  314.2
  781.9   2221   17.3   15.4     89  14.25    113   11.1  311.6  355.6  314.2
  781.0   2230   17.2   15.5     90  14.33    114   11.2  311.6  355.8  314.3
  780.2   2239   17.1   15.4     90  14.26    115   11.1  311.6  355.6  314.2
  779.5   2247   17.1   15.2     89  14.08    115   11.1  311.6  355.1  314.3
  778.8   2255   17.2   14.2     83  13.22    116   10.9  311.8  352.7  314.3
  777.9   2264   17.5   12.5     72  11.76    116   10.7  312.3  348.8  314.5
  777.1   2274   17.6   11.6     68  11.14    116   10.4  312.5  347.1  314.6
  776.3   2283   17.8   10.9     64  10.63    116   10.1  312.8  345.9  314.8
  775.4   2292   17.8   11.0     64  10.72    116    9.7  312.9  346.4  314.9
  774.6   2301   17.8   10.8     63  10.56    116    9.4  313.0  346.0  315.0
  773.8   2310   17.9   10.5     62  10.35    116    9.1  313.2  345.5  315.1
  773.1   2318   17.9   10.5     62  10.38    116    8.8  313.3  345.7  315.2
  772.4   2326   17.9   10.5     62  10.36    116    8.5  313.3  345.7  315.3
  771.6   2335   17.8   10.3     61  10.27    117    8.3  313.3  345.5  315.3
  770.8   2343   17.8   10.1     61  10.14    117    8.1  313.4  345.2  315.3
  770.0   2352   17.8   10.2     61  10.18    118    8.0  313.5  345.4  315.5
  769.2   2361   17.9   10.0     60  10.06    119    7.9  313.7  345.2  315.6
  768.3   2371   18.0    9.7     58   9.89    121    7.9  313.9  344.9  315.8
  767.5   2380   17.9    9.6     58   9.85    122    7.9  314.0  344.9  315.8
  766.7   2389   17.9    9.6     58   9.87    124    7.9  314.0  345.0  315.9
  766.0   2397   18.0    9.6     58   9.83    125    7.9  314.2  345.0  316.0
  765.1   2407   18.0    9.6     58   9.86    127    7.9  314.3  345.3  316.2
  764.3   2416   18.0    9.6     58   9.90    128    7.9  314.4  345.5  316.2
  763.5   2425   18.0    9.6     58   9.86    129    7.8  314.5  345.5  316.3
  762.6   2435   18.1    8.9     55   9.45    131    7.7  314.7  344.4  316.5
  761.7   2445   18.3    7.9     51   8.83    131    7.6  315.0  342.9  316.6
  760.8   2455   18.4    7.6     49   8.64    132    7.4  315.2  342.5  316.8
  759.9   2466   18.4    7.7     50   8.69    133    7.1  315.3  342.8  316.9
  758.8   2478   18.3    7.6     50   8.67    133    6.9  315.4  342.8  317.0
  757.9   2488   18.3    7.4     49   8.55    133    6.6  315.5  342.6  317.1
  757.2   2496   18.3    7.3     49   8.49    133    6.4  315.6  342.5  317.2
  756.6   2503   18.3    7.3     49   8.51    134    6.1  315.6  342.6  317.2
  756.0   2509   18.2    7.3     49   8.51    134    5.9  315.6  342.6  317.3
  755.3   2517   18.2    7.2     48   8.46    134    5.6  315.7  342.6  317.3
  754.4   2527   18.2    7.1     48   8.41    134    5.4  315.8  342.5  317.4
  753.5   2538   18.2    6.9     48   8.32    134    5.2  315.9  342.3  317.4
  752.7   2547   18.1    6.8     47   8.25    135    5.0  315.9  342.1  317.5
  751.8   2557   18.1    6.7     47   8.21    135    4.8  316.0  342.1  317.6
  750.9   2567   18.1    6.5     47   8.13    136    4.7  316.1  341.9  317.6
  750.2   2576   18.0    6.5     47   8.10    136    4.6  316.1  341.9  317.6
  749.4   2585   18.0    6.5     47   8.12    137    4.4  316.1  342.0  317.7
  748.3   2597   17.8    6.4     47   8.11    137    4.3  316.1  341.9  317.7
  747.2   2610   17.7    6.3     47   8.04    137    4.2  316.1  341.7  317.7
  746.2   2621   17.7    6.3     47   8.07    138    4.2  316.2  341.9  317.7
  745.4   2631   17.6    6.5     48   8.18    138    4.1  316.2  342.2  317.7
  744.5   2641   17.5    6.5     48   8.19    138    4.1  316.2  342.3  317.8
  743.7   2650   17.4    6.5     49   8.18    138    4.1  316.2  342.3  317.8
  742.9   2659   17.4    6.5     49   8.20    137    4.2  316.3  342.4  317.8
  742.3   2667   17.3    6.5     49   8.24    137    4.3  316.3  342.5  317.8
  741.6   2674   17.3    6.6     50   8.30    137    4.4  316.3  342.8  317.9
  740.8   2684   17.3    6.5     49   8.25    136    4.5  316.4  342.7  318.0
  739.8   2694   17.2    6.5     49   8.21    136    4.6  316.4  342.6  318.0
  738.8   2706   17.1    6.4     49   8.19    136    4.8  316.5  342.5  318.0
  737.9   2717   17.0    6.3     49   8.16    136    4.9  316.5  342.5  318.0
  737.0   2727   16.9    6.2     49   8.12    136    5.1  316.5  342.4  318.1
  736.2   2736   16.9    6.1     49   8.07    137    5.2  316.5  342.3  318.1
  735.4   2746   16.8    6.2     49   8.10    137    5.3  316.6  342.4  318.1
  734.6   2755   16.8    6.3     50   8.19    137    5.4  316.7  342.8  318.2
  733.7   2765   16.8    6.2     50   8.16    137    5.5  316.8  342.8  318.3
  732.8   2776   16.8    6.2     49   8.13    138    5.5  316.9  342.8  318.4
  731.9   2787   16.8    6.2     49   8.13    138    5.6  317.0  342.9  318.5
  731.0   2797   16.7    6.1     49   8.10    138    5.6  317.0  342.9  318.6
  729.9   2809   16.7    6.1     49   8.10    138    5.6  317.1  343.0  318.7
  729.0   2821   16.7    5.9     49   8.05    138    5.5  317.2  342.9  318.7
  728.1   2831   16.6    6.0     49   8.08    138    5.5  317.3  343.1  318.8
  727.3   2840   16.6    5.9     49   8.06    137    5.4  317.3  343.1  318.8
  726.5   2849   16.5    6.0     50   8.08    137    5.3  317.3  343.2  318.9
  725.7   2859   16.4    6.0     50   8.09    137    5.2  317.4  343.2  318.9
  724.9   2868   16.4    6.0     50   8.10    136    5.1  317.4  343.3  318.9
  724.2   2877   16.3    6.0     50   8.12    136    5.0  317.4  343.4  318.9
  723.6   2884   16.2    6.0     51   8.12    136    4.8  317.4  343.4  318.9
  722.8   2893   16.1    6.0     51   8.14    136    4.7  317.4  343.4  319.0
  721.8   2905   16.0    6.0     51   8.13    136    4.6  317.4  343.4  319.0
  720.7   2918   15.9    5.8     51   8.08    136    4.4  317.4  343.3  319.0
  719.7   2930   15.8    5.9     52   8.15    136    4.3  317.4  343.5  319.0
  718.8   2941   15.7    6.0     52   8.22    136    4.2  317.5  343.7  319.0
  717.9   2951   15.7    6.1     53   8.26    136    4.1  317.5  344.0  319.1
  717.0   2961   15.7    6.0     53   8.22    136    4.0  317.6  343.9  319.2
  715.9   2974   15.6    5.8     52   8.11    136    3.9  317.7  343.6  319.2
  715.0   2986   15.5    5.5     51   7.97    136    3.8  317.7  343.2  319.2
  714.1   2996   15.4    5.5     52   7.99    136    3.8  317.7  343.3  319.2
  713.3   3006   15.3    5.6     52   8.05    136    3.7  317.7  343.5  319.2
  712.4   3016   15.2    5.6     53   8.04    136    3.7  317.7  343.5  319.3
  711.7   3025   15.2    5.5     53   8.02    137    3.7  317.7  343.4  319.3
  711.0   3033   15.1    5.7     53   8.13    137    3.7  317.8  343.8  319.3
  710.2   3043   15.1    6.1     55   8.34    137    3.7  317.8  344.5  319.4
  709.3   3053   15.0    6.2     56   8.39    137    3.8  317.8  344.7  319.4
  708.5   3062   14.9    6.2     56   8.45    138    3.8  317.8  344.9  319.4
  707.9   3070   14.8    6.4     57   8.53    138    3.9  317.8  345.1  319.5
  707.1   3080   14.7    6.2     57   8.47    138    4.0  317.9  345.0  319.5
  706.3   3089   14.7    6.1     56   8.38    138    4.1  317.9  344.7  319.5
  705.5   3098   14.6    6.0     56   8.37    138    4.1  317.9  344.7  319.5
  704.9   3106   14.6    5.8     56   8.24    138    4.2  318.0  344.4  319.5
  704.3   3114   14.6    5.4     54   8.02    138    4.3  318.0  343.7  319.5
  703.5   3123   14.5    5.0     53   7.80    138    4.4  318.1  343.1  319.6
  702.6   3134   14.5    4.8     52   7.71    138    4.5  318.2  343.0  319.7
  701.7   3144   14.5    4.8     52   7.70    138    4.6  318.3  343.0  319.7
  701.0   3153   14.4    4.7     52   7.67    138    4.6  318.3  342.9  319.7
  700.3   3162   14.3    4.8     52   7.71    138    4.6  318.3  343.1  319.8
  700.0   3165   14.3    4.7     53   7.70    138    4.6  318.3  343.1  319.8
  699.5   3171   14.3    4.7     53   7.69    138    4.6  318.3  343.0  319.8
  698.7   3180   14.2    4.7     53   7.71    139    4.6  318.3  343.1  319.8
  697.9   3190   14.1    4.8     53   7.75    139    4.6  318.4  343.3  319.9
  697.1   3200   14.1    4.8     53   7.76    140    4.5  318.4  343.4  319.9
  696.3   3210   14.0    4.8     54   7.76    140    4.5  318.5  343.4  320.0
  695.4   3221   14.0    4.7     54   7.74    140    4.4  318.5  343.5  320.0
  694.5   3232   13.9    4.7     54   7.75    140    4.3  318.6  343.6  320.1
  693.7   3241   13.9    4.7     54   7.74    140    4.1  318.6  343.5  320.1
  692.9   3251   13.8    4.7     54   7.75    139    4.0  318.6  343.6  320.1
  691.8   3264   13.7    4.6     54   7.73    138    3.9  318.7  343.6  320.2
  691.0   3275   13.6    4.5     54   7.66    137    3.7  318.7  343.4  320.2
  690.3   3283   13.6    4.5     54   7.66    135    3.6  318.7  343.4  320.2
  689.6   3291   13.5    4.5     55   7.71    133    3.5  318.8  343.6  320.2
  688.7   3302   13.4    4.6     55   7.77    131    3.4  318.8  343.8  320.3
  687.7   3315   13.3    4.7     56   7.80    128    3.4  318.8  343.9  320.3
  686.5   3329   13.2    4.6     56   7.76    126    3.3  318.9  343.8  320.3
  685.6   3341   13.1    4.4     56   7.69    125    3.3  318.8  343.6  320.3
  684.8   3350   13.0    4.4     56   7.68    124    3.3  318.9  343.6  320.3
  684.0   3359   12.9    4.4     56   7.72    124    3.4  318.9  343.7  320.3
  683.2   3370   12.8    4.5     57   7.74    125    3.5  318.9  343.8  320.4
  682.3   3381   12.7    4.4     57   7.73    126    3.6  318.9  343.8  320.4
  681.4   3392   12.7    4.4     57   7.73    129    3.7  318.9  343.8  320.4
  680.5   3403   12.6    4.4     57   7.73    131    3.8  319.0  343.9  320.5
  679.7   3413   12.6    4.4     57   7.74    134    4.0  319.1  344.0  320.6
  678.9   3422   12.6    4.4     58   7.76    136    4.2  319.1  344.2  320.6
  678.1   3433   12.5    4.4     58   7.74    139    4.3  319.1  344.1  320.6
  677.2   3444   12.4    4.3     58   7.70    141    4.5  319.2  344.0  320.7
  676.4   3453   12.3    4.3     58   7.72    143    4.7  319.2  344.1  320.7
  675.7   3462   12.2    4.2     58   7.68    145    4.8  319.2  344.0  320.7
  675.1   3470   12.2    4.1     58   7.66    146    4.9  319.2  343.9  320.7
  674.3   3480   12.1    4.1     58   7.63    147    5.0  319.2  343.8  320.7
  673.5   3489   12.0    4.0     58   7.60    147    5.1  319.2  343.8  320.7
  672.7   3499   11.9    4.0     58   7.59    147    5.1  319.3  343.8  320.7
  671.9   3510   11.9    4.0     58   7.59    147    5.2  319.3  343.8  320.8
  671.1   3519   11.8    4.0     59   7.61    147    5.2  319.3  343.9  320.8
  670.4   3529   11.7    3.9     59   7.60    146    5.2  319.3  343.9  320.8
  669.6   3539   11.7    3.8     58   7.53    146    5.3  319.4  343.8  320.9
  668.7   3549   11.7    3.7     58   7.52    145    5.3  319.6  343.9  321.0
  667.9   3560   11.6    3.8     58   7.54    144    5.4  319.6  344.0  321.1
  667.1   3570   11.6    3.8     59   7.56    144    5.5  319.6  344.1  321.1
  666.2   3581   11.5    3.9     60   7.63    143    5.6  319.7  344.3  321.1
  665.2   3593   11.4    3.9     60   7.66    143    5.7  319.7  344.5  321.2
  664.3   3606   11.4    3.7     59   7.53    142    5.8  319.8  344.1  321.2
  663.4   3616   11.3    3.5     59   7.46    142    6.0  319.8  344.0  321.3
  662.6   3626   11.2    3.5     59   7.44    141    6.1  319.8  343.9  321.3
  661.8   3636   11.1    3.4     59   7.42    141    6.1  319.9  343.9  321.3
  661.0   3647   11.1    3.4     59   7.40    140    6.2  319.9  343.9  321.3
  660.2   3657   11.0    3.4     60   7.42    139    6.3  319.9  343.9  321.3
  659.3   3668   10.9    3.4     60   7.42    139    6.3  319.9  343.9  321.3
  658.4   3680   10.8    3.3     60   7.40    138    6.4  319.9  343.9  321.3
  657.5   3691   10.7    3.4     61   7.45    138    6.4  319.9  344.1  321.4
  656.6   3702   10.6    3.5     62   7.52    137    6.5  319.9  344.3  321.4
  655.7   3713   10.4    3.7     63   7.66    137    6.5  319.9  344.7  321.4
  654.8   3725   10.3    3.8     64   7.69    137    6.6  319.9  344.8  321.4
  654.0   3736   10.3    3.7     64   7.68    137    6.6  320.0  344.8  321.5
  653.0   3749   10.3    3.9     65   7.80    138    6.7  320.1  345.3  321.6
  651.9   3762   10.2    4.5     68   8.15    139    6.8  320.2  346.5  321.8
  650.9   3775   10.2    4.2     66   7.99    140    6.8  320.3  346.2  321.9
  650.0   3786   10.1    4.2     67   8.00    141    6.9  320.3  346.2  321.9
  649.3   3796   10.0    4.5     69   8.19    142    6.9  320.3  346.8  321.9
  648.5   3805    9.9    4.5     69   8.17    143    7.0  320.3  346.7  321.9
  647.9   3814   10.0    3.4     63   7.55    144    7.0  320.5  345.0  322.0
  647.1   3824   10.0    2.4     59   7.06    145    6.9  320.7  343.6  322.0
  646.3   3834   10.0    1.7     56   6.74    145    6.9  320.8  342.7  322.1
  645.4   3846   10.0    1.1     54   6.43    146    6.8  320.9  341.9  322.1
  644.5   3858   10.0    1.2     55   6.50    145    6.7  321.0  342.2  322.2
  643.5   3871    9.9    1.6     56   6.71    145    6.6  321.0  342.9  322.3
  642.5   3883    9.8    1.6     57   6.71    143    6.6  321.1  343.0  322.4
  641.7   3894    9.8    1.3     56   6.59    142    6.5  321.2  342.7  322.5
  640.9   3904    9.8    1.1     55   6.49    140    6.5  321.2  342.5  322.5
  640.1   3914    9.8    1.0     54   6.45    138    6.4  321.4  342.5  322.6
  639.1   3928    9.8    0.8     54   6.38    135    6.4  321.5  342.4  322.7
  638.1   3941    9.8    0.7     53   6.35    133    6.5  321.7  342.5  322.9
  637.3   3951    9.7    0.8     54   6.36    131    6.5  321.7  342.6  323.0
  636.7   3959    9.7    0.9     54   6.42    128    6.6  321.8  342.9  323.0
  636.0   3968    9.7    1.0     55   6.49    126    6.6  321.8  343.1  323.1
  635.3   3976    9.6    1.1     55   6.53    124    6.7  321.9  343.3  323.2
  634.6   3986    9.6    1.1     56   6.57    123    6.7  321.9  343.5  323.2
  633.8   3996    9.5    1.2     56   6.63    121    6.7  322.0  343.7  323.2
  633.0   4007    9.4    1.3     57   6.68    120    6.7  322.0  343.9  323.3
  632.2   4017    9.3    1.5     58   6.76    119    6.6  322.0  344.2  323.3
  631.3   4029    9.3    1.6     59   6.84    118    6.6  322.1  344.5  323.4
  630.3   4042    9.2    1.6     59   6.83    118    6.5  322.1  344.5  323.4
  629.3   4055    9.1    1.2     58   6.64    117    6.4  322.2  344.0  323.5
  628.4   4068    9.1    0.6     55   6.40    117    6.3  322.3  343.3  323.6
  627.5   4079    9.0    0.5     55   6.35    118    6.3  322.4  343.3  323.6
  626.8   4088    9.0    0.4     55   6.32    118    6.2  322.4  343.2  323.7
  626.2   4097    8.9    0.4     55   6.31    119    6.2  322.4  343.2  323.7
  625.6   4105    8.9    0.4     55   6.31    120    6.2  322.5  343.2  323.7
  625.0   4113    8.8    0.3     55   6.28    121    6.3  322.5  343.1  323.7
  624.3   4122    8.7    0.4     56   6.32    122    6.3  322.5  343.3  323.7
  623.7   4130    8.7    0.4     56   6.33    123    6.4  322.5  343.4  323.8
  623.1   4138    8.6    0.3     56   6.29    123    6.4  322.6  343.3  323.8
  622.5   4145    8.6    0.2     56   6.25    124    6.5  322.6  343.2  323.8
  621.9   4154    8.5    0.2     56   6.26    125    6.5  322.6  343.2  323.8
  621.3   4162    8.5    0.1     56   6.24    125    6.5  322.6  343.2  323.8
  620.6   4171    8.4   -0.1     55   6.12    125    6.5  322.7  342.9  323.9
  620.0   4179    8.4   -0.3     54   6.04    126    6.5  322.7  342.7  323.9
  619.3   4189    8.4   -0.4     54   6.00    126    6.4  322.8  342.6  324.0
  618.4   4200    8.3   -0.4     54   6.01    126    6.3  322.8  342.7  324.0
  617.4   4213    8.2   -0.4     55   6.05    126    6.2  322.9  342.8  324.1
  616.6   4224    8.1   -0.4     55   6.02    126    6.1  322.9  342.8  324.1
  615.8   4235    8.0   -0.4     55   6.07    126    6.0  323.0  343.0  324.1
  615.0   4246    7.9   -0.3     56   6.11    127    5.8  323.0  343.1  324.2
  614.2   4256    7.8   -0.3     56   6.12    127    5.7  323.0  343.2  324.2
  613.6   4265    7.8   -0.3     57   6.13    128    5.6  323.0  343.2  324.2
  612.8   4276    7.7   -0.4     57   6.08    129    5.5  323.0  343.1  324.2
  611.9   4288    7.6   -0.7     56   5.97    130    5.4  323.0  342.8  324.2
  611.2   4297    7.5   -0.8     56   5.93    132    5.4  323.0  342.6  324.2
  610.6   4305    7.4   -0.7     56   5.97    132    5.4  323.0  342.8  324.2
  610.0   4313    7.4   -0.6     57   6.00    133    5.4  323.1  342.9  324.2
  609.2   4324    7.3   -0.6     57   6.02    134    5.5  323.1  343.0  324.3
  608.4   4335    7.2   -0.6     58   6.05    134    5.6  323.1  343.1  324.3
  607.6   4345    7.1   -0.5     58   6.09    134    5.7  323.1  343.2  324.3
  607.0   4354    7.1   -0.6     58   6.07    134    5.7  323.2  343.2  324.4
  606.4   4362    7.1   -0.7     58   6.02    133    5.8  323.2  343.1  324.4
  605.7   4372    7.1   -0.9     57   5.93    133    5.9  323.4  343.0  324.5
  604.8   4384    7.1   -1.1     56   5.87    133    6.0  323.5  342.9  324.6
  603.9   4396    7.0   -1.4     55   5.75    133    6.0  323.5  342.6  324.7
  603.0   4408    6.9   -1.3     56   5.80    133    6.0  323.6  342.8  324.7
  602.2   4420    6.8   -1.2     57   5.86    133    6.0  323.6  343.0  324.8
  601.4   4430    6.8   -1.2     57   5.83    134    6.0  323.7  343.0  324.8
  600.7   4440    6.7   -1.4     56   5.76    134    6.0  323.7  342.8  324.8
  600.0   4450    6.6   -1.7     55   5.65    135    5.9  323.7  342.5  324.9
  599.1   4461    6.6   -1.7     56   5.67    137    5.9  323.8  342.6  324.9
  598.2   4473    6.5   -1.6     56   5.71    138    5.8  323.8  342.8  324.9
  597.5   4484    6.4   -1.6     57   5.72    139    5.7  323.8  342.8  324.9
  596.8   4493    6.3   -1.6     57   5.73    141    5.7  323.8  342.9  325.0
  596.1   4502    6.2   -1.7     57   5.70    142    5.6  323.8  342.7  325.0
  595.3   4514    6.1   -2.1     56   5.54    143    5.6  323.9  342.3  324.9
  594.4   4527    6.0   -2.4     55   5.41    144    5.5  323.9  341.9  325.0
  593.5   4538    5.9   -2.4     55   5.42    145    5.4  323.9  342.0  325.0
  592.9   4547    5.9   -2.3     56   5.46    146    5.4  323.9  342.1  325.0
  592.3   4555    5.8   -2.3     56   5.48    147    5.3  323.9  342.2  325.0
  591.7   4563    5.7   -2.3     57   5.49    147    5.2  324.0  342.2  325.0
  591.1   4572    5.6   -2.1     58   5.58    147    5.0  324.0  342.5  325.1
  590.6   4579    5.6   -1.6     60   5.77    147    4.9  324.0  343.2  325.1
  590.0   4587    5.6   -1.6     60   5.79    147    4.7  324.0  343.3  325.2
  589.4   4596    5.5   -1.1     63   6.02    147    4.5  324.1  344.1  325.3
  588.7   4606    5.5   -1.4     61   5.89    146    4.3  324.1  343.7  325.3
  587.9   4616    5.5   -2.4     57   5.47    145    4.2  324.3  342.5  325.4
  587.2   4626    5.5   -2.6     56   5.40    144    4.0  324.4  342.4  325.5
  586.5   4635    5.4   -2.4     57   5.50    142    3.9  324.4  342.7  325.5
  585.9   4645    5.4   -2.5     57   5.46    141    3.8  324.5  342.7  325.5
  585.2   4654    5.3   -3.1     54   5.22    139    3.7  324.6  342.0  325.6
  584.4   4665    5.4   -3.5     53   5.07    137    3.7  324.7  341.7  325.7
  583.7   4675    5.3   -3.8     52   4.96    136    3.8  324.8  341.4  325.7
  583.0   4684    5.3   -4.2     50   4.81    135    3.8  324.9  341.0  325.8
  582.3   4694    5.3   -4.3     50   4.78    134    4.0  324.9  341.0  325.9
  581.6   4704    5.2   -4.2     51   4.81    135    4.1  324.9  341.1  325.9
  580.9   4715    5.1   -4.2     51   4.83    135    4.2  324.9  341.1  325.9
  580.0   4727    5.0   -4.2     51   4.84    137    4.4  325.0  341.2  325.9
  579.2   4738    4.9   -4.2     52   4.84    138    4.5  325.0  341.2  325.9
  578.6   4747    4.8   -4.2     52   4.84    140    4.7  325.0  341.2  325.9
  578.0   4755    4.7   -4.2     52   4.86    142    4.8  325.0  341.3  325.9
  577.4   4763    4.6   -4.2     53   4.88    145    4.9  325.0  341.4  325.9
  576.7   4773    4.6   -4.3     53   4.85    147    5.0  325.0  341.3  326.0
  576.0   4784    4.5   -4.4     52   4.80    149    5.0  325.0  341.2  326.0
  575.1   4796    4.4   -4.4     53   4.80    150    5.1  325.1  341.2  326.0
  574.3   4808    4.3   -4.8     52   4.67    152    5.1  325.1  340.8  326.0
  573.6   4817    4.3   -5.0     51   4.60    152    5.1  325.1  340.6  326.0
  573.1   4825    4.2   -5.1     51   4.59    153    5.1  325.2  340.6  326.1
  572.5   4833    4.1   -5.1     51   4.59    153    5.1  325.2  340.6  326.1
  571.9   4842    4.1   -4.9     52   4.67    153    5.1  325.2  340.9  326.1
  571.2   4851    4.0   -4.2     55   4.91    153    5.1  325.2  341.7  326.2
  570.6   4860    4.0   -3.9     56   5.03    152    5.1  325.3  342.2  326.3
  570.1   4868    3.9   -3.8     57   5.06    152    5.1  325.3  342.3  326.3
  569.5   4876    3.8   -3.9     57   5.03    151    5.1  325.3  342.2  326.3
  569.0   4883    3.8   -4.3     56   4.92    151    5.1  325.3  341.8  326.3
  568.4   4891    3.7   -4.6     55   4.81    151    5.1  325.4  341.6  326.3
  567.9   4899    3.7   -4.6     55   4.80    151    5.1  325.4  341.6  326.4
  567.3   4907    3.6   -4.6     55   4.80    151    5.1  325.5  341.6  326.4
  566.6   4918    3.6   -4.7     55   4.79    151    5.0  325.5  341.6  326.4
  565.8   4929    3.5   -4.6     55   4.80    151    5.0  325.5  341.7  326.5
  565.0   4941    3.4   -4.5     56   4.88    151    4.9  325.5  341.9  326.5
  564.2   4952    3.3   -4.2     58   4.97    152    4.8  325.6  342.2  326.5
  563.5   4962    3.2   -4.7     56   4.82    152    4.7  325.6  341.8  326.6
  562.9   4970    3.2   -4.9     55   4.73    152    4.6  325.7  341.6  326.6
  562.5   4977    3.2   -4.9     55   4.72    152    4.5  325.7  341.6  326.6
  561.9   4985    3.1   -5.1     55   4.66    151    4.4  325.7  341.4  326.6
  561.3   4993    3.1   -5.2     55   4.63    151    4.3  325.8  341.4  326.7
  560.7   5002    3.0   -5.3     54   4.60    150    4.2  325.8  341.3  326.7
  560.0   5012    3.0   -5.5     54   4.56    149    4.1  325.9  341.2  326.8
  559.4   5022    2.9   -5.4     54   4.59    148    4.1  325.9  341.4  326.8
  558.5   5034    2.9   -5.2     55   4.65    146    4.1  326.0  341.7  326.9
  557.6   5047    2.8   -5.3     55   4.64    145    4.1  326.1  341.8  327.0
  556.8   5059    2.9   -5.8     53   4.49    145    4.2  326.3  341.5  327.2
  556.0   5070    3.0   -6.2     51   4.33    145    4.3  326.5  341.2  327.4
  555.4   5080    3.0   -5.8     53   4.48    145    4.4  326.6  341.8  327.5
  554.8   5089    2.9   -6.0     52   4.41    145    4.5  326.7  341.7  327.6
  554.2   5097    2.9   -6.4     50   4.29    146    4.7  326.8  341.3  327.6
  553.5   5106    2.9   -7.1     48   4.08    148    4.9  326.8  340.7  327.6
  552.9   5116    2.9   -7.4     47   3.99    149    5.1  326.9  340.5  327.7
  552.3   5125    2.8   -7.9     45   3.82    151    5.3  327.0  340.0  327.8
  551.7   5133    2.8   -8.1     44   3.77    153    5.5  327.0  339.9  327.8
  551.2   5141    2.8   -7.8     46   3.88    154    5.7  327.1  340.3  327.9
  550.6   5150    2.7   -8.1     45   3.79    156    5.9  327.1  340.1  327.9
  549.8   5162    2.7   -8.8     42   3.58    158    6.1  327.3  339.5  328.0
  549.0   5173    2.7   -8.5     44   3.67    159    6.2  327.3  339.9  328.1
  548.2   5185    2.6   -8.9     42   3.57    161    6.3  327.5  339.7  328.2
  547.4   5196    2.6  -10.0     39   3.27    162    6.4  327.6  338.8  328.2
  546.6   5208    2.7  -11.3     35   2.95    162    6.4  327.8  338.0  328.4
  545.8   5221    2.7  -10.8     36   3.07    163    6.4  327.9  338.6  328.5
  545.0   5232    2.6   -9.7     40   3.36    163    6.3  328.0  339.6  328.7
  544.4   5241    2.6   -8.8     43   3.63    163    6.2  328.0  340.5  328.7
  543.8   5250    2.4   -7.9     47   3.90    163    6.1  328.0  341.4  328.8
  543.1   5260    2.3   -7.3     49   4.06    163    5.9  328.0  341.9  328.8
  542.4   5271    2.2   -7.7     48   3.97    162    5.8  328.0  341.6  328.8
  541.7   5282    2.2   -9.1     43   3.55    162    5.6  328.1  340.3  328.8
  540.9   5293    2.2  -10.0     40   3.32    161    5.5  328.2  339.7  328.9
  540.1   5305    2.2   -9.8     41   3.38    160    5.3  328.3  340.0  329.0
  539.3   5317    2.1   -9.5     42   3.45    160    5.2  328.4  340.3  329.1
  538.6   5328    2.1   -9.3     43   3.51    159    5.2  328.4  340.5  329.1
  537.9   5338    2.0   -8.8     45   3.65    159    5.1  328.4  341.0  329.2
  537.3   5346    1.9   -7.6     50   4.03    159    5.2  328.4  342.3  329.2
  536.7   5356    1.8   -6.8     53   4.28    159    5.2  328.4  343.1  329.3
  536.0   5367    1.7   -6.9     53   4.27    160    5.3  328.4  343.0  329.3
  535.3   5378    1.6   -7.0     53   4.23    161    5.5  328.5  342.9  329.3
  534.5   5390    1.5   -7.3     52   4.16    161    5.6  328.5  342.7  329.3
  533.6   5403    1.4   -7.8     50   4.01    162    5.8  328.5  342.3  329.3
  532.8   5416    1.3   -7.9     50   3.97    163    5.9  328.6  342.2  329.4
  532.0   5428    1.2   -8.0     50   3.95    164    6.1  328.6  342.1  329.4
  531.2   5440    1.1   -8.3     50   3.87    165    6.2  328.6  341.9  329.4
  530.4   5452    1.0   -8.8     48   3.72    166    6.2  328.6  341.4  329.4
  529.8   5461    1.0   -9.8     45   3.44    167    6.2  328.7  340.6  329.3
  529.2   5469    1.0  -10.3     43   3.32    168    6.2  328.8  340.3  329.4
  528.7   5478    0.9  -10.2     43   3.34    170    6.2  328.8  340.3  329.4
  528.1   5486    0.8  -10.3     43   3.31    171    6.1  328.8  340.3  329.5
  527.6   5494    0.8  -10.8     42   3.20    172    6.0  328.9  340.0  329.5
  527.0   5503    0.8  -11.8     38   2.94    174    5.9  329.0  339.2  329.6
  526.4   5512    0.9  -13.0     35   2.69    175    5.8  329.2  338.6  329.7
  525.9   5521    0.9  -12.8     35   2.73    176    5.7  329.3  338.8  329.8
  525.2   5530    0.9  -12.2     37   2.87    177    5.7  329.4  339.4  330.0
  524.6   5540    0.8  -11.7     39   2.99    178    5.6  329.4  339.9  330.0
  523.8   5551    0.8  -11.8     38   2.97    178    5.6  329.5  339.9  330.1
  523.0   5564    0.7  -12.3     37   2.86    178    5.6  329.6  339.6  330.2
  522.3   5575    0.7  -12.7     36   2.77    178    5.6  329.7  339.4  330.2
  521.7   5585    0.6  -12.8     36   2.74    178    5.7  329.7  339.3  330.3
  521.0   5595    0.6  -12.9     36   2.74    177    5.7  329.8  339.4  330.3
  520.3   5606    0.5  -12.7     36   2.78    176    5.7  329.8  339.5  330.4
  519.5   5618    0.4  -12.4     38   2.84    175    5.7  329.9  339.8  330.4
  518.7   5630    0.3  -12.3     38   2.88    173    5.7  329.9  339.9  330.4
  517.9   5643    0.2  -12.1     39   2.93    172    5.7  329.9  340.2  330.5
  517.2   5654    0.1  -11.8     40   3.02    170    5.7  329.9  340.5  330.5
  516.5   5664    0.0  -11.3     42   3.12    169    5.7  329.9  340.8  330.6
  515.9   5674   -0.0  -10.9     44   3.22    167    5.6  330.0  341.2  330.6
  515.2   5685   -0.2  -10.4     46   3.37    165    5.6  329.9  341.6  330.6
  514.4   5697   -0.3  -10.0     48   3.49    164    5.5  330.0  342.1  330.7
  513.7   5709   -0.4   -9.3     51   3.68    162    5.4  329.9  342.7  330.7
  512.8   5721   -0.5   -8.1     56   4.06    161    5.3  329.9  343.9  330.8
  512.0   5734   -0.6   -7.6     59   4.23    160    5.2  329.9  344.5  330.8
  511.3   5746   -0.8   -7.6     60   4.25    160    5.1  329.9  344.5  330.8
  510.6   5756   -0.8   -7.6     60   4.26    160    5.0  330.0  344.6  330.8
  510.1   5765   -0.9   -7.4     61   4.31    160    4.8  330.0  344.8  330.8
  509.5   5774   -1.0   -7.0     64   4.45    162    4.7  330.0  345.3  330.9
  508.9   5784   -1.0   -6.7     66   4.57    163    4.5  330.0  345.7  330.9
  508.3   5793   -1.1   -6.7     66   4.58    166    4.4  330.1  345.7  331.0
  507.7   5802   -1.1   -6.6     67   4.62    168    4.3  330.1  346.0  331.1
  507.1   5812   -1.2   -6.7     66   4.58    171    4.2  330.2  345.9  331.1
  506.4   5823   -1.2   -6.9     65   4.51    175    4.1  330.3  345.8  331.2
  505.6   5835   -1.3   -7.1     64   4.44    178    4.0  330.4  345.6  331.3
  504.9   5846   -1.3   -7.4     63   4.35    181    4.0  330.4  345.4  331.3
  504.4   5854   -1.4   -7.6     62   4.28    184    3.9  330.5  345.2  331.3
  503.9   5861   -1.4   -8.0     61   4.18    187    3.9  330.5  344.9  331.4
  503.4   5869   -1.4   -8.5     59   4.02    189    3.9  330.6  344.5  331.4
  502.9   5878   -1.5   -8.9     57   3.90    191    3.9  330.6  344.1  331.4
  502.4   5886   -1.5   -9.2     56   3.79    192    3.9  330.7  343.9  331.5
  501.8   5895   -1.5   -9.7     54   3.67    193    3.8  330.8  343.5  331.5
  501.2   5905   -1.5  -10.1     52   3.54    194    3.8  330.9  343.2  331.6
  500.6   5914   -1.6  -10.4     51   3.47    194    3.8  330.9  343.0  331.6
  500.0   5924   -1.7  -10.5     51   3.46    195    3.8  330.9  343.0  331.6
  499.5   5932   -1.7  -10.7     50   3.39    195    3.8  330.9  342.8  331.6
  498.9   5942   -1.8  -11.1     49   3.29    194    3.8  331.0  342.5  331.6
  498.3   5952   -1.9  -11.5     48   3.18    194    3.9  331.0  342.2  331.7
  497.7   5961   -1.9  -11.8     47   3.13    194    3.9  331.1  342.0  331.7
  497.0   5972   -2.0  -11.8     47   3.12    193    4.0  331.1  342.0  331.7
  496.2   5984   -2.1  -11.9     47   3.10    192    4.0  331.1  342.0  331.7
  495.5   5996   -2.2  -12.2     46   3.02    191    4.0  331.1  341.7  331.7
  494.9   6006   -2.3  -12.4     46   2.99    190    4.1  331.2  341.7  331.8
  494.2   6016   -2.3  -12.6     45   2.94    189    4.1  331.2  341.6  331.8
  493.6   6027   -2.4  -12.8     45   2.91    188    4.2  331.3  341.5  331.9
  492.9   6037   -2.4  -12.5     46   2.97    186    4.2  331.4  341.8  332.0
  492.2   6048   -2.5  -12.3     47   3.02    185    4.2  331.4  342.0  332.0
  491.5   6060   -2.6  -12.5     47   2.99    183    4.2  331.4  341.9  332.0
  490.8   6071   -2.7  -12.8     45   2.91    182    4.2  331.5  341.7  332.1
  490.0   6084   -2.7  -13.2     44   2.83    181    4.3  331.6  341.6  332.1
  489.3   6096   -2.8  -13.3     44   2.80    180    4.2  331.6  341.5  332.2
  488.6   6107   -2.9  -14.0     42   2.67    179    4.2  331.7  341.1  332.2
  487.9   6118   -2.9  -14.3     41   2.60    179    4.2  331.7  340.9  332.2
  487.3   6128   -3.0  -14.7     40   2.51    179    4.2  331.7  340.6  332.2
  486.6   6139   -3.1  -15.8     37   2.30    179    4.2  331.8  340.0  332.3
  485.9   6150   -3.1  -16.5     35   2.18    180    4.2  331.9  339.7  332.4
  485.3   6161   -3.1  -16.4     35   2.20    180    4.2  332.0  339.8  332.4
  484.7   6171   -3.2  -15.6     38   2.34    181    4.2  332.0  340.4  332.5
  484.2   6179   -3.2  -14.8     41   2.52    181    4.3  332.1  341.0  332.6
  483.6   6188   -3.3  -14.8     41   2.52    182    4.3  332.1  341.1  332.6
  483.1   6197   -3.3  -14.5     42   2.57    181    4.4  332.2  341.3  332.7
  482.5   6207   -3.4  -14.4     42   2.60    181    4.4  332.2  341.4  332.7
  481.9   6216   -3.5  -14.3     43   2.63    180    4.5  332.2  341.5  332.7
  481.3   6226   -3.6  -14.4     43   2.60    179    4.6  332.2  341.5  332.7
  480.7   6236   -3.6  -14.6     42   2.57    178    4.6  332.3  341.4  332.8
  480.0   6247   -3.7  -14.7     42   2.55    177    4.7  332.3  341.3  332.8
  479.3   6259   -3.8  -14.9     42   2.51    176    4.7  332.3  341.2  332.8
  478.6   6271   -3.9  -15.1     41   2.48    175    4.8  332.3  341.2  332.8
  478.0   6280   -4.0  -15.1     42   2.48    174    4.8  332.4  341.2  332.9
  477.5   6288   -4.1  -15.1     42   2.49    174    4.7  332.4  341.2  332.9
  477.0   6297   -4.1  -15.0     42   2.50    174    4.6  332.4  341.3  332.9
  476.5   6306   -4.2  -15.1     42   2.48    174    4.5  332.4  341.2  332.9
  475.9   6315   -4.3  -15.1     43   2.49    175    4.4  332.4  341.3  332.9
  475.3   6325   -4.2  -15.3     42   2.45    176    4.2  332.6  341.3  333.1
  474.7   6334   -4.3  -15.5     41   2.41    177    4.1  332.7  341.3  333.2
  474.2   6343   -4.3  -16.0     40   2.32    178    3.9  332.7  341.0  333.2
  473.6   6353   -4.3  -16.5     38   2.23    180    3.8  332.8  340.8  333.3
  473.0   6364   -4.4  -16.6     38   2.21    180    3.7  332.9  340.8  333.3
  472.4   6374   -4.4  -16.8     37   2.18    181    3.6  333.0  340.8  333.4
  471.7   6384   -4.5  -16.9     37   2.16    181    3.5  333.0  340.8  333.5
  471.1   6394   -4.5  -17.0     37   2.14    181    3.5  333.1  340.8  333.5
  470.5   6404   -4.6  -17.1     37   2.13    180    3.5  333.1  340.8  333.5
  469.9   6415   -4.7  -17.2     37   2.12    179    3.5  333.1  340.7  333.5
  469.3   6426   -4.8  -17.3     37   2.11    178    3.6  333.1  340.7  333.5
  468.7   6435   -4.9  -17.0     38   2.16    176    3.7  333.1  340.9  333.6
  468.2   6443   -5.0  -16.5     40   2.26    175    3.8  333.1  341.2  333.6
  467.7   6452   -5.0  -16.2     41   2.32    174    3.8  333.1  341.4  333.6
  467.1   6462   -5.1  -15.9     42   2.38    173    3.9  333.1  341.6  333.6
  466.5   6471   -5.2  -15.8     43   2.41    173    4.0  333.1  341.8  333.6
  465.9   6482   -5.3  -15.7     44   2.42    172    4.0  333.1  341.8  333.6
  465.2   6494   -5.4  -16.0     43   2.38    172    4.0  333.2  341.7  333.7
  464.6   6504   -5.5  -16.3     42   2.32    172    4.0  333.2  341.5  333.7
  464.0   6515   -5.5  -16.3     42   2.31    172    4.0  333.2  341.5  333.7
  463.4   6525   -5.6  -16.4     43   2.31    172    4.0  333.2  341.5  333.7
  462.9   6534   -5.7  -16.5     42   2.29    171    3.9  333.3  341.5  333.7
  462.3   6543   -5.8  -16.7     42   2.25    171    3.9  333.3  341.4  333.8
  461.8   6552   -5.9  -16.3     43   2.32    171    3.9  333.3  341.6  333.8
  461.3   6561   -5.9  -15.6     46   2.46    170    3.9  333.3  342.1  333.8
  460.7   6570   -6.0  -15.3     48   2.52    170    3.9  333.4  342.4  333.9
  460.1   6580   -6.1  -13.9     54   2.85    170    3.9  333.4  343.5  334.0
  459.6   6590   -6.1  -12.7     60   3.15    169    4.0  333.5  344.6  334.1
  459.0   6599   -6.1  -12.5     61   3.20    169    4.0  333.6  344.9  334.2
  458.5   6607   -6.2  -12.5     61   3.20    168    4.1  333.6  344.9  334.2
  458.1   6615   -6.2  -12.6     61   3.18    168    4.1  333.6  344.8  334.2
  457.6   6624   -6.3  -12.8     60   3.14    168    4.2  333.6  344.7  334.3
  457.1   6633   -6.3  -12.9     60   3.12    167    4.3  333.7  344.7  334.3
  456.5   6641   -6.4  -12.7     61   3.16    167    4.3  333.7  344.9  334.4
  456.0   6651   -6.5  -12.5     62   3.21    167    4.4  333.7  345.1  334.4
  455.4   6660   -6.5  -12.8     61   3.15    167    4.5  333.8  344.9  334.4
  454.9   6670   -6.5  -13.2     59   3.06    167    4.5  333.9  344.8  334.6
  454.3   6680   -6.6  -13.0     60   3.09    167    4.6  334.0  344.9  334.6
  453.7   6691   -6.6  -12.9     61   3.13    167    4.6  334.0  345.1  334.7
  453.1   6701   -6.7  -12.9     62   3.14    167    4.7  334.0  345.1  334.7
  452.5   6710   -6.8  -12.8     62   3.17    167    4.7  334.1  345.3  334.7
  452.0   6720   -6.9  -12.8     63   3.17    167    4.7  334.1  345.3  334.7
  451.4   6730   -7.0  -12.9     63   3.15    167    4.8  334.1  345.2  334.7
  450.8   6740   -7.1  -12.8     64   3.18    167    4.8  334.1  345.3  334.7
  450.3   6750   -7.2  -12.7     65   3.22    167    4.8  334.1  345.5  334.7
  449.6   6761   -7.3  -12.5     66   3.27    167    4.9  334.1  345.6  334.8
  449.0   6772   -7.4  -12.4     67   3.29    167    4.9  334.1  345.7  334.8
  448.3   6784   -7.5  -12.3     68   3.32    167    4.9  334.1  345.9  334.8
  447.7   6794   -7.6  -12.1     70   3.38    167    4.9  334.1  346.1  334.8
  447.0   6806   -7.6  -12.0     71   3.42    166    4.9  334.2  346.2  334.9
  446.3   6818   -7.7  -11.7     73   3.52    166    4.9  334.2  346.6  334.9
  445.7   6830   -7.8  -11.6     74   3.55    165    4.8  334.3  346.8  335.0
  445.1   6840   -7.8  -11.9     72   3.46    164    4.8  334.4  346.6  335.1
  444.5   6849   -7.8  -12.1     71   3.41    163    4.7  334.5  346.5  335.2
  444.0   6858   -7.9  -12.2     71   3.40    161    4.6  334.5  346.5  335.2
  443.5   6868   -8.0  -12.2     72   3.39    160    4.5  334.5  346.5  335.2
  442.8   6880   -8.1  -12.2     72   3.40    159    4.4  334.5  346.5  335.2
  442.2   6891   -8.2  -12.3     72   3.37    158    4.3  334.5  346.4  335.2
  441.6   6900   -8.2  -12.5     71   3.33    157    4.2  334.6  346.3  335.3
  441.1   6909   -8.3  -12.6     71   3.30    156    4.1  334.6  346.3  335.3
  440.6   6918   -8.3  -12.7     71   3.27    156    4.0  334.7  346.3  335.3
  440.0   6930   -8.4  -12.7     71   3.28    156    3.9  334.7  346.3  335.4
  439.3   6941   -8.5  -12.8     71   3.27    156    3.9  334.7  346.3  335.4
  438.7   6951   -8.6  -12.8     71   3.26    156    3.9  334.8  346.3  335.4
  438.1   6962   -8.7  -13.0     71   3.22    157    3.8  334.8  346.2  335.5
  437.5   6973   -8.7  -13.1     70   3.19    158    3.9  334.9  346.2  335.5
  436.9   6985   -8.8  -13.1     71   3.20    158    3.9  334.9  346.2  335.5
  436.2   6996   -8.9  -13.0     72   3.22    159    3.9  334.9  346.3  335.6
  435.6   7006   -8.9  -13.1     72   3.20    159    4.0  335.0  346.4  335.7
  435.1   7015   -9.0  -13.2     71   3.18    160    4.0  335.1  346.4  335.7
  434.6   7025   -9.0  -13.2     72   3.19    160    4.1  335.1  346.4  335.8
  434.0   7036   -9.1  -13.3     71   3.17    159    4.1  335.2  346.4  335.8
  433.3   7048   -9.1  -13.7     69   3.08    159    4.1  335.3  346.3  336.0
  432.6   7061   -9.0  -14.4     65   2.91    158    4.2  335.6  346.0  336.2
  431.9   7074   -8.9  -14.8     62   2.82    158    4.2  335.9  345.9  336.4
  431.1   7087   -9.0  -14.9     62   2.80    157    4.2  336.0  346.0  336.5
  430.4   7101   -9.1  -15.0     62   2.78    156    4.2  336.0  346.0  336.6
  429.7   7113   -9.1  -14.9     63   2.81    155    4.2  336.1  346.1  336.6
  429.0   7125   -9.2  -14.8     64   2.85    154    4.2  336.2  346.4  336.7
  428.4   7137   -9.3  -14.8     64   2.83    154    4.2  336.2  346.3  336.8
  427.8   7147   -9.4  -14.9     64   2.82    153    4.2  336.2  346.3  336.8
  427.3   7156   -9.4  -14.9     64   2.82    153    4.2  336.3  346.4  336.9
  426.8   7166   -9.4  -14.8     65   2.84    152    4.2  336.3  346.5  336.9
  426.2   7175   -9.5  -14.8     66   2.86    152    4.2  336.4  346.6  337.0
  425.7   7184   -9.6  -14.8     66   2.85    152    4.2  336.4  346.6  337.0
  425.2   7194   -9.6  -14.9     66   2.84    152    4.1  336.4  346.6  337.0
  424.6   7205   -9.7  -15.0     66   2.83    152    4.1  336.5  346.6  337.0
  424.1   7214   -9.8  -15.0     66   2.82    152    4.1  336.5  346.6  337.1
  423.6   7224   -9.9  -15.0     66   2.83    152    4.0  336.5  346.6  337.1
  423.0   7234  -10.0  -15.0     67   2.83    152    4.0  336.5  346.7  337.1
  422.5   7244  -10.0  -15.1     66   2.81    152    3.9  336.5  346.6  337.1
  421.9   7254  -10.1  -15.3     66   2.77    152    3.9  336.6  346.5  337.1
  421.3   7264  -10.2  -15.4     66   2.74    152    3.9  336.6  346.5  337.1
  420.8   7274  -10.3  -15.5     66   2.73    153    3.9  336.6  346.4  337.2
  420.3   7284  -10.4  -15.5     66   2.73    153    3.8  336.6  346.4  337.2
  419.7   7295  -10.5  -15.5     67   2.73    153    3.8  336.6  346.4  337.2
  419.1   7306  -10.6  -15.5     67   2.73    153    3.8  336.6  346.4  337.2
  418.5   7316  -10.7  -15.6     67   2.73    153    3.8  336.6  346.4  337.2
  418.0   7326  -10.8  -15.6     67   2.72    153    3.7  336.6  346.4  337.2
  417.5   7334  -10.8  -15.8     67   2.69    153    3.7  336.7  346.3  337.2
  417.1   7343  -10.9  -15.8     67   2.68    153    3.7  336.7  346.3  337.3
  416.6   7352  -10.9  -15.6     68   2.73    153    3.6  336.7  346.6  337.3
  416.1   7361  -11.0  -15.5     70   2.76    153    3.6  336.7  346.7  337.3
  415.5   7372  -11.1  -15.4     71   2.78    153    3.6  336.7  346.7  337.3
  414.9   7383  -11.2  -15.4     71   2.78    153    3.6  336.8  346.8  337.3
  414.3   7393  -11.3  -15.4     72   2.80    152    3.6  336.8  346.9  337.4
  413.7   7404  -11.4  -15.4     72   2.79    151    3.7  336.9  346.9  337.4
  413.1   7416  -11.4  -15.6     71   2.75    150    3.7  336.9  346.8  337.5
  412.5   7428  -11.5  -15.8     70   2.72    149    3.8  337.0  346.8  337.5
  411.9   7439  -11.6  -15.9     70   2.71    148    3.9  337.0  346.8  337.6
  411.3   7450  -11.6  -15.9     70   2.70    147    4.0  337.1  346.8  337.7
  410.7   7462  -11.6  -16.0     70   2.68    146    4.1  337.3  346.9  337.8
  410.0   7474  -11.6  -16.1     69   2.66    144    4.2  337.4  347.0  338.0
  409.3   7487  -11.7  -16.3     68   2.62    143    4.3  337.5  347.0  338.1
  408.6   7500  -11.7  -16.5     67   2.58    141    4.4  337.6  347.0  338.2
  407.9   7513  -11.8  -16.5     68   2.60    140    4.5  337.7  347.1  338.3
  407.3   7525  -11.9  -16.4     69   2.61    138    4.5  337.7  347.2  338.3
  406.7   7536  -11.9  -16.5     69   2.60    136    4.5  337.8  347.2  338.3
  406.1   7547  -12.0  -16.5     69   2.59    134    4.4  337.9  347.3  338.4
  405.5   7559  -12.0  -16.7     68   2.57    132    4.4  338.0  347.3  338.5
  404.8   7571  -12.1  -16.7     69   2.56    131    4.3  338.0  347.3  338.5
  404.3   7582  -12.2  -16.8     69   2.55    129    4.2  338.0  347.2  338.5
  403.7   7592  -12.3  -16.8     69   2.54    127    4.1  338.0  347.3  338.6
  403.2   7603  -12.4  -16.8     70   2.56    125    4.0  338.0  347.3  338.5
  402.5   7615  -12.5  -16.8     70   2.55    124    4.0  338.0  347.3  338.5
  402.0   7625  -12.6  -17.0     70   2.52    123    3.8  338.0  347.2  338.5
  401.6   7633  -12.7  -17.0     70   2.51    122    3.7  338.0  347.1  338.5
  401.0   7643  -12.8  -17.0     70   2.52    121    3.6  338.0  347.2  338.6
  400.4   7655  -12.9  -17.1     71   2.52    121    3.5  338.0  347.2  338.6
  400.0   7663  -13.0  -17.1     71   2.51    121    3.5  338.0  347.2  338.6
  399.8   7667  -13.0  -17.1     71   2.51    120    3.3  338.0  347.1  338.6
  399.2   7679  -13.1  -17.1     72   2.52    120    3.2  338.0  347.2  338.6
  398.5   7691  -13.2  -17.1     73   2.52    120    3.0  338.1  347.2  338.6
  397.9   7704  -13.4  -17.1     73   2.51    119    2.9  338.0  347.2  338.6
  397.2   7717  -13.5  -17.2     74   2.51    119    2.7  338.0  347.1  338.6
  396.6   7729  -13.6  -17.2     74   2.51    118    2.5  338.1  347.2  338.6
  396.0   7739  -13.7  -17.2     75   2.52    117    2.4  338.1  347.2  338.6
  395.4   7751  -13.8  -17.2     75   2.51    116    2.2  338.1  347.2  338.6
  394.8   7762  -13.9  -17.2     76   2.51    116    2.1  338.1  347.2  338.6
  394.3   7773  -14.0  -17.2     77   2.52    115    2.0  338.1  347.2  338.6
  393.7   7784  -14.1  -17.2     77   2.53    115    2.0  338.1  347.3  338.6
  393.2   7794  -14.2  -17.2     78   2.53    115    1.9  338.1  347.3  338.6
  392.6   7806  -14.3  -17.2     79   2.54    116    1.9  338.1  347.3  338.6
  392.0   7817  -14.4  -17.2     79   2.53    117    2.0  338.1  347.3  338.6
  391.4   7829  -14.5  -17.3     80   2.53    119    2.0  338.1  347.3  338.6
  390.8   7840  -14.6  -17.4     79   2.50    122    2.1  338.1  347.2  338.6
  390.2   7853  -14.6  -18.1     75   2.36    124    2.1  338.2  346.8  338.7
  389.5   7866  -14.6  -18.8     71   2.24    126    2.2  338.4  346.6  338.9
  388.8   7879  -14.7  -18.6     72   2.28    128    2.3  338.5  346.9  339.0
  388.1   7892  -14.8  -17.8     78   2.45    130    2.4  338.6  347.5  339.1
  387.5   7904  -14.9  -17.5     80   2.51    131    2.5  338.6  347.7  339.1
  387.0   7914  -14.9  -17.5     81   2.51    131    2.6  338.7  347.8  339.2
  386.4   7925  -14.9  -17.6     80   2.49    131    2.7  338.8  347.9  339.3
  385.8   7937  -15.0  -17.8     79   2.45    130    2.8  338.9  347.8  339.4
  385.3   7948  -15.1  -18.0     79   2.42    129    2.8  338.9  347.7  339.4
  384.7   7958  -15.2  -18.3     77   2.35    128    2.9  339.0  347.5  339.4
  384.2   7969  -15.2  -18.4     76   2.33    126    2.9  339.0  347.5  339.5
  383.7   7978  -15.3  -18.5     76   2.32    125    2.9  339.0  347.5  339.5
  383.2   7988  -15.4  -18.9     75   2.26    123    3.0  339.0  347.3  339.5
  382.7   7998  -15.4  -19.4     72   2.16    122    3.0  339.1  347.0  339.5
  382.2   8008  -15.5  -19.5     71   2.14    121    2.9  339.1  347.0  339.6
  381.7   8019  -15.6  -19.6     71   2.12    120    2.9  339.1  346.9  339.6
  381.1   8031  -15.7  -19.8     71   2.10    120    2.9  339.2  346.9  339.6
  380.4   8044  -15.8  -19.9     71   2.08    121    2.9  339.2  346.8  339.6
  379.8   8056  -15.9  -19.8     72   2.09    122    2.8  339.2  346.9  339.6
  379.2   8068  -16.0  -19.7     73   2.11    123    2.8  339.2  347.0  339.7
  378.7   8078  -16.1  -19.9     73   2.09    125    2.7  339.2  346.9  339.6
  378.2   8088  -16.2  -19.8     74   2.11    126    2.7  339.2  346.9  339.6
  377.6   8099  -16.3  -19.7     75   2.14    128    2.6  339.2  347.1  339.7
  377.0   8112  -16.4  -19.7     76   2.14    129    2.6  339.3  347.1  339.7
  376.4   8124  -16.5  -19.7     76   2.14    129    2.5  339.3  347.1  339.7
  375.8   8136  -16.6  -19.6     78   2.16    129    2.5  339.3  347.2  339.8
  375.2   8147  -16.7  -19.4     80   2.21    127    2.4  339.3  347.4  339.8
  374.6   8159  -16.8  -19.1     82   2.26    125    2.3  339.4  347.7  339.8
  374.1   8170  -16.8  -18.9     84   2.31    122    2.3  339.4  347.9  339.9
  373.5   8181  -16.8  -18.8     85   2.33    119    2.2  339.6  348.1  340.1
  373.0   8192  -16.9  -18.9     84   2.31    115    2.2  339.6  348.1  340.1
  372.4   8204  -17.0  -19.0     84   2.29    111    2.2  339.6  348.0  340.1
  371.8   8215  -17.1  -19.1     84   2.27    106    2.3  339.7  348.1  340.2
  371.3   8227  -17.1  -19.3     83   2.24    103    2.4  339.8  348.0  340.2
  370.7   8239  -17.2  -19.5     82   2.21     99    2.5  339.8  347.9  340.3
  370.1   8251  -17.3  -19.8     81   2.16     97    2.7  339.9  347.8  340.3
  369.5   8262  -17.4  -20.1     79   2.11     94    2.8  340.0  347.7  340.4
  369.0   8273  -17.4  -20.2     79   2.10     93    3.1  340.0  347.8  340.5
  368.5   8283  -17.5  -20.1     80   2.11     92    3.3  340.1  347.9  340.5
  367.9   8294  -17.5  -20.0     81   2.13     91    3.5  340.1  348.0  340.6
  367.4   8306  -17.6  -20.0     81   2.13     90    3.8  340.2  348.0  340.6
  366.8   8318  -17.7  -20.0     82   2.14     89    4.1  340.2  348.1  340.6
  366.2   8329  -17.8  -20.1     82   2.12     88    4.4  340.3  348.1  340.7
  365.7   8341  -17.8  -20.3     81   2.10     87    4.7  340.3  348.1  340.8
  365.2   8351  -17.9  -20.2     82   2.11     87    4.9  340.3  348.1  340.8
  364.7   8361  -18.0  -20.2     83   2.12     86    5.2  340.3  348.1  340.8
  364.1   8372  -18.1  -20.3     83   2.10     85    5.4  340.4  348.1  340.8
  363.6   8383  -18.2  -20.3     83   2.09     84    5.6  340.4  348.1  340.8
  363.1   8393  -18.3  -20.4     84   2.08     83    5.7  340.4  348.1  340.8
  362.6   8403  -18.4  -20.9     81   2.00     82    5.9  340.4  347.8  340.8
  362.1   8414  -18.3  -21.5     76   1.90     82    6.0  340.6  347.7  341.0
  361.6   8423  -18.4  -21.7     75   1.87     81    6.0  340.7  347.6  341.1
  361.1   8434  -18.4  -22.4     71   1.76     80    6.1  340.8  347.3  341.1
  360.5   8446  -18.4  -23.2     66   1.65     79    6.1  340.9  347.1  341.3
  360.0   8458  -18.5  -23.2     67   1.65     79    6.1  340.9  347.1  341.3
  359.4   8470  -18.6  -23.1     68   1.66     78    6.1  341.0  347.2  341.3
  358.8   8482  -18.7  -23.2     68   1.66     77    6.1  341.0  347.2  341.3
  358.3   8494  -18.8  -23.4     68   1.63     77    6.1  341.0  347.1  341.3
  357.7   8505  -18.9  -23.6     66   1.60     76    6.2  341.0  347.0  341.3
  357.2   8515  -19.0  -23.7     67   1.59     75    6.2  341.0  347.0  341.4
  356.7   8525  -19.1  -23.6     67   1.60     75    6.2  341.0  347.1  341.4
  356.3   8535  -19.2  -23.7     67   1.59     74    6.2  341.1  347.0  341.4
  355.8   8544  -19.2  -23.9     66   1.56     74    6.2  341.1  347.0  341.5
  355.4   8554  -19.3  -24.1     66   1.54     73    6.2  341.2  347.0  341.5
  354.9   8564  -19.3  -24.2     65   1.53     73    6.3  341.2  347.0  341.6
  354.4   8575  -19.4  -24.2     65   1.53     73    6.3  341.3  347.1  341.6
  353.8   8587  -19.5  -24.2     66   1.54     73    6.3  341.4  347.2  341.7
  353.2   8600  -19.6  -24.2     66   1.53     73    6.3  341.4  347.1  341.7
  352.6   8612  -19.7  -24.3     67   1.52     73    6.4  341.4  347.1  341.7
  352.0   8625  -19.8  -24.3     67   1.52     73    6.4  341.4  347.1  341.7
  351.4   8637  -19.9  -24.4     67   1.52     74    6.5  341.4  347.1  341.7
  350.9   8648  -20.0  -24.4     68   1.51     74    6.6  341.4  347.1  341.7
  350.4   8659  -20.1  -24.4     69   1.52     74    6.6  341.4  347.1  341.7
  349.8   8670  -20.2  -24.4     69   1.52     75    6.7  341.4  347.1  341.7
  349.3   8681  -20.3  -24.5     70   1.52     75    6.7  341.4  347.1  341.7
  348.9   8689  -20.4  -24.5     70   1.51     75    6.7  341.4  347.1  341.8
  348.5   8698  -20.5  -24.5     70   1.51     75    6.7  341.4  347.1  341.8
  348.0   8709  -20.6  -24.5     71   1.52     75    6.7  341.4  347.2  341.7
  347.5   8720  -20.7  -24.6     71   1.51     74    6.6  341.4  347.1  341.7
  347.1   8729  -20.8  -24.9     70   1.47     74    6.5  341.4  347.0  341.7
  346.7   8738  -20.8  -25.6     65   1.38     73    6.4  341.5  346.7  341.8
  346.2   8747  -20.8  -26.3     62   1.30     72    6.3  341.6  346.5  341.9
  345.8   8757  -20.9  -26.7     60   1.25     71    6.2  341.7  346.4  341.9
  345.3   8766  -20.9  -27.4     56   1.17     69    6.0  341.8  346.3  342.0
  344.9   8775  -20.9  -28.3     52   1.09     68    5.9  341.9  346.1  342.2
  344.5   8784  -20.9  -29.1     48   1.00     67    5.8  342.0  345.9  342.2
  344.1   8793  -20.8  -30.1     43   0.92     66    5.7  342.2  345.8  342.4
  343.6   8803  -20.8  -30.1     43   0.92     65    5.6  342.4  345.9  342.5
  343.2   8813  -20.9  -29.9     44   0.94     64    5.6  342.4  346.0  342.6
  342.6   8824  -20.9  -29.6     45   0.96     64    5.6  342.5  346.3  342.7
  342.1   8835  -21.0  -29.4     47   0.98     63    5.6  342.6  346.4  342.8
  341.7   8844  -21.0  -29.1     48   1.01     64    5.6  342.7  346.6  342.9
  341.2   8854  -21.0  -28.9     49   1.03     64    5.6  342.8  346.8  343.0
  340.8   8864  -21.1  -28.8     50   1.05     65    5.6  342.9  346.9  343.1
  340.3   8875  -21.1  -28.6     51   1.06     65    5.7  343.0  347.1  343.2
  339.8   8886  -21.2  -28.7     51   1.06     66    5.7  343.0  347.1  343.2
  339.3   8895  -21.3  -28.7     51   1.06     67    5.8  343.0  347.1  343.2
  338.9   8905  -21.4  -28.7     52   1.06     68    5.9  343.0  347.1  343.2
  338.4   8915  -21.4  -28.7     52   1.07     68    5.9  343.0  347.1  343.3
  337.9   8926  -21.5  -28.7     53   1.07     69    6.0  343.1  347.2  343.3
  337.5   8936  -21.6  -28.7     53   1.06     69    6.0  343.1  347.1  343.3
  337.0   8947  -21.7  -28.9     52   1.04     69    6.0  343.1  347.1  343.3
  336.5   8957  -21.8  -29.4     50   1.00     69    6.0  343.1  347.0  343.4
  336.0   8967  -21.8  -30.1     47   0.94     69    6.0  343.3  346.9  343.5
  335.6   8978  -21.8  -30.3     46   0.92     69    6.0  343.3  346.9  343.5
  335.1   8987  -21.9  -30.4     46   0.91     68    5.9  343.4  346.9  343.6
  334.7   8996  -22.0  -30.6     46   0.90     68    5.8  343.4  346.9  343.6
  334.3   9005  -22.0  -30.7     45   0.89     67    5.8  343.5  346.9  343.6
  333.9   9014  -22.1  -30.9     44   0.87     67    5.7  343.5  346.9  343.7
  333.4   9025  -22.1  -31.1     44   0.86     67    5.6  343.6  347.0  343.8
  332.9   9036  -22.2  -31.3     43   0.85     68    5.6  343.7  347.0  343.8
  332.4   9047  -22.2  -31.5     43   0.83     68    5.5  343.7  347.0  343.9
  331.9   9058  -22.3  -31.6     43   0.82     70    5.5  343.7  347.0  343.9
  331.5   9068  -22.4  -31.6     43   0.82     71    5.5  343.7  346.9  343.9
  331.0   9078  -22.5  -31.6     43   0.83     73    5.5  343.8  347.0  343.9
  330.6   9088  -22.5  -31.5     44   0.83     75    5.5  343.8  347.1  344.0
  330.1   9099  -22.6  -31.7     43   0.82     77    5.6  343.9  347.1  344.1
  329.6   9109  -22.6  -33.3     37   0.70     79    5.7  344.0  346.8  344.2
  329.2   9118  -22.5  -36.2     27   0.53     80    5.7  344.3  346.4  344.4
  328.9   9126  -22.4  -38.0     23   0.44     82    5.8  344.5  346.2  344.6
  328.5   9134  -22.4  -39.5     20   0.38     83    5.9  344.6  346.1  344.7
  328.2   9141  -22.4  -41.1     17   0.32     84    5.9  344.7  346.0  344.8
  327.9   9148  -22.4  -42.7     14   0.27     85    6.0  344.9  346.0  344.9
  327.6   9155  -22.3  -44.5     11   0.22     85    6.0  345.0  345.9  345.0
  327.2   9164  -22.2  -46.5      9   0.18     85    6.0  345.3  346.0  345.3
  326.8   9173  -22.2  -47.2      8   0.17     85    6.0  345.4  346.1  345.4
  326.4   9182  -22.3  -47.2      8   0.17     85    6.0  345.5  346.2  345.5
  325.9   9192  -22.3  -47.1      9   0.17     85    6.0  345.5  346.2  345.5
  325.5   9202  -22.4  -47.1      9   0.17     84    6.0  345.5  346.2  345.5
  325.1   9211  -22.5  -47.2      9   0.17     84    6.0  345.5  346.3  345.6
  324.6   9221  -22.6  -47.2      9   0.17     84    6.0  345.6  346.3  345.6
  324.2   9231  -22.7  -47.1      9   0.17     84    5.9  345.6  346.3  345.6
  323.8   9241  -22.7  -47.1      9   0.17     83    5.9  345.6  346.3  345.7
  323.3   9250  -22.8  -47.3      9   0.17     84    5.9  345.7  346.4  345.7
  323.0   9259  -22.8  -47.4      9   0.16     84    5.9  345.7  346.4  345.7
  322.6   9268  -22.9  -47.4      9   0.16     84    5.9  345.7  346.4  345.8
  322.2   9277  -23.0  -47.5      9   0.16     84    5.9  345.8  346.5  345.8
  321.7   9288  -23.0  -47.6      9   0.16     85    5.9  345.8  346.5  345.9
  321.2   9298  -23.1  -47.6      9   0.16     85    5.9  345.9  346.5  345.9
  320.8   9308  -23.2  -47.7      9   0.16     85    5.9  345.9  346.6  345.9
  320.4   9318  -23.3  -47.8      9   0.16     85    5.9  345.9  346.6  345.9
  320.0   9327  -23.4  -47.8      9   0.16     85    5.9  345.9  346.6  345.9
  319.6   9335  -23.4  -48.0      9   0.16     85    5.9  345.9  346.6  345.9
  319.2   9344  -23.5  -48.0      9   0.16     85    5.9  345.9  346.6  346.0
  318.9   9353  -23.6  -47.9      9   0.16     85    5.9  345.9  346.6  345.9
  318.4   9362  -23.7  -47.9      9   0.16     85    5.9  345.9  346.6  346.0
  318.0   9372  -23.8  -48.0      9   0.16     84    5.9  345.9  346.6  346.0
  317.6   9382  -23.9  -48.1      9   0.15     84    5.9  346.0  346.6  346.0
  317.1   9392  -23.9  -48.1      9   0.16     83    5.9  346.0  346.7  346.0
  316.7   9402  -24.0  -48.1      9   0.16     83    5.8  346.0  346.7  346.1
  316.2   9413  -24.1  -48.0      9   0.16     82    5.7  346.0  346.7  346.1
  315.8   9423  -24.2  -47.8      9   0.16     82    5.7  346.0  346.7  346.1
  315.4   9432  -24.3  -47.5     10   0.17     81    5.6  346.1  346.8  346.1
  315.0   9442  -24.3  -47.2     10   0.17     81    5.5  346.1  346.8  346.1
  314.5   9452  -24.4  -46.8     11   0.18     80    5.4  346.1  346.9  346.2
  314.2   9461  -24.5  -46.2     11   0.19     80    5.2  346.1  346.9  346.1
  313.7   9471  -24.6  -45.5     13   0.21     79    5.1  346.1  347.0  346.2
  313.3   9482  -24.7  -44.5     14   0.23     79    5.0  346.1  347.1  346.2
  312.7   9494  -24.8  -43.9     15   0.25     78    4.9  346.2  347.2  346.2
  312.3   9504  -24.9  -43.6     16   0.26     77    4.9  346.1  347.2  346.2
  311.9   9513  -25.0  -43.5     16   0.26     76    4.8  346.1  347.2  346.2
  311.5   9523  -25.1  -43.2     17   0.27     75    4.8  346.1  347.3  346.2
  311.0   9535  -25.2  -42.8     18   0.28     73    4.8  346.2  347.3  346.2
  310.5   9546  -25.3  -42.2     19   0.30     71    4.8  346.2  347.4  346.2
  310.0   9558  -25.4  -41.4     21   0.33     69    4.9  346.2  347.6  346.3
  309.5   9570  -25.5  -41.2     22   0.33     67    5.0  346.2  347.6  346.3
  309.0   9581  -25.6  -41.4     21   0.33     65    5.1  346.2  347.6  346.3
  308.5   9592  -25.7  -40.9     23   0.35     63    5.2  346.2  347.7  346.3
  308.1   9602  -25.8  -40.7     23   0.36     62    5.4  346.2  347.7  346.3
  307.7   9612  -25.9  -41.1     23   0.34     60    5.5  346.2  347.7  346.3
  307.2   9623  -26.0  -41.5     22   0.33     59    5.7  346.3  347.7  346.4
  306.8   9634  -26.1  -42.1     21   0.31     58    5.8  346.3  347.6  346.4
  306.3   9645  -26.1  -42.9     19   0.28     57    5.9  346.4  347.6  346.5
  305.8   9656  -26.2  -43.5     18   0.27     56    6.0  346.5  347.6  346.6
  305.3   9667  -26.2  -44.4     16   0.24     56    6.0  346.6  347.6  346.7
  304.9   9678  -26.2  -45.9     14   0.21     56    6.1  346.7  347.6  346.8
  304.4   9689  -26.2  -47.0     12   0.18     56    6.1  346.9  347.7  347.0
  304.0   9700  -26.3  -46.8     13   0.19     56    6.1  346.9  347.7  347.0
  303.5   9712  -26.4  -46.5     13   0.19     57    6.0  346.9  347.8  347.0
  303.0   9723  -26.5  -46.4     13   0.20     57    6.0  347.0  347.8  347.0
  302.6   9733  -26.6  -46.5     13   0.19     58    5.9  346.9  347.8  347.0
  302.1   9745  -26.7  -47.1     13   0.18     58    5.9  347.0  347.8  347.0
  301.6   9757  -26.7  -48.4     11   0.16     59    5.8  347.1  347.8  347.1
  301.0   9770  -26.8  -49.4     10   0.14     59    5.8  347.2  347.8  347.2
  300.6   9780  -26.8  -49.6     10   0.14     60    5.7  347.3  347.9  347.3
  300.3   9788  -26.9  -49.6     10   0.14     60    5.6  347.3  347.9  347.3
  300.0   9795  -27.0  -49.6     10   0.14     60    5.6  347.3  347.9  347.3
  299.9   9797  -27.0  -49.6     10   0.14     60    5.6  347.3  347.9  347.3
  299.5   9806  -27.1  -49.8     10   0.13     59    5.5  347.3  347.9  347.3
  299.1   9816  -27.1  -50.6      9   0.12     59    5.4  347.3  347.8  347.3
  298.7   9826  -27.2  -51.3      8   0.11     58    5.4  347.3  347.8  347.4
  298.3   9836  -27.3  -51.4      8   0.11     57    5.3  347.4  347.9  347.4
  297.8   9847  -27.4  -51.4      8   0.11     56    5.2  347.4  347.9  347.4
  297.4   9857  -27.5  -51.4      8   0.11     55    5.2  347.4  347.9  347.4
  297.0   9868  -27.6  -51.5      8   0.11     54    5.1  347.4  347.9  347.4
  296.4   9881  -27.7  -51.7      8   0.11     53    5.1  347.5  347.9  347.5
  295.9   9894  -27.8  -51.9      8   0.11     51    5.1  347.5  348.0  347.5
  295.5   9904  -27.8  -52.1      8   0.11     50    5.0  347.5  348.0  347.5
  295.1   9914  -27.9  -52.3      8   0.10     49    5.0  347.6  348.1  347.6
  294.6   9924  -27.9  -52.4      8   0.10     48    5.0  347.7  348.2  347.8
  294.2   9936  -28.0  -52.4      8   0.10     48    5.0  347.8  348.2  347.8
  293.7   9947  -28.0  -52.6      8   0.10     47    5.0  347.8  348.3  347.9
  293.2   9959  -28.1  -52.9      7   0.10     47    5.0  347.9  348.4  348.0
  292.7   9972  -28.1  -52.9      7   0.10     47    5.1  348.1  348.5  348.1
  292.2   9984  -28.2  -52.9      7   0.10     47    5.1  348.1  348.5  348.1
  291.8   9995  -28.3  -52.9      8   0.10     47    5.1  348.1  348.5  348.1
  291.3  10005  -28.4  -52.9      8   0.10     47    5.2  348.1  348.6  348.2
  290.8  10018  -28.5  -53.0      8   0.10     47    5.2  348.1  348.6  348.2
  290.3  10030  -28.6  -53.0      8   0.10     47    5.2  348.1  348.6  348.2
  289.9  10041  -28.7  -53.0      8   0.10     47    5.2  348.1  348.6  348.2
  289.5  10051  -28.8  -53.1      8   0.09     46    5.2  348.2  348.6  348.2
  289.1  10060  -28.9  -53.0      8   0.10     46    5.2  348.2  348.6  348.2
  288.7  10070  -29.0  -53.1      8   0.10     45    5.2  348.2  348.6  348.2
  288.3  10079  -29.1  -53.1      8   0.10     45    5.2  348.2  348.6  348.2
  288.0  10088  -29.2  -53.1      8   0.10     44    5.3  348.1  348.6  348.2
  287.6  10097  -29.3  -53.0      8   0.10     44    5.3  348.2  348.6  348.2
  287.2  10108  -29.4  -51.5     10   0.12     44    5.3  348.2  348.7  348.2
  286.8  10118  -29.5  -49.8     12   0.14     45    5.4  348.2  348.8  348.2
  286.5  10126  -29.6  -50.1     12   0.14     45    5.5  348.2  348.7  348.2
  286.1  10134  -29.6  -50.2     12   0.14     45    5.7  348.2  348.8  348.2
  285.7  10144  -29.7  -49.5     13   0.15     45    5.8  348.2  348.8  348.2
  285.3  10154  -29.8  -48.3     15   0.17     46    6.0  348.2  348.9  348.2
  284.9  10164  -29.9  -48.0     15   0.17     46    6.2  348.2  348.9  348.2
  284.6  10172  -30.0  -47.0     17   0.19     45    6.3  348.2  349.0  348.2
  284.3  10181  -30.1  -45.6     21   0.23     45    6.5  348.1  349.1  348.2
  283.9  10190  -30.2  -45.8     20   0.22     44    6.6  348.2  349.1  348.2
  283.5  10200  -30.3  -45.3     22   0.24     43    6.7  348.2  349.2  348.2
  283.1  10210  -30.4  -44.7     23   0.25     42    6.8  348.2  349.2  348.2
  282.7  10221  -30.5  -45.2     22   0.24     41    6.8  348.1  349.2  348.2
  282.3  10231  -30.6  -45.8     21   0.22     39    6.8  348.2  349.1  348.2
  281.8  10242  -30.7  -45.2     23   0.24     38    6.8  348.2  349.2  348.2
  281.4  10254  -30.8  -43.8     27   0.28     36    6.7  348.2  349.3  348.2
  280.9  10266  -30.9  -42.1     32   0.34     34    6.6  348.2  349.6  348.3
  280.4  10279  -31.0  -41.5     35   0.36     32    6.5  348.3  349.8  348.4
  279.9  10291  -31.0  -42.4     32   0.33     31    6.4  348.4  349.8  348.5
  279.4  10302  -31.0  -44.7     25   0.26     29    6.3  348.6  349.7  348.6
  279.0  10313  -31.0  -46.6     20   0.21     28    6.2  348.7  349.5  348.7
  278.5  10325  -31.1  -45.6     23   0.23     27    6.2  348.7  349.7  348.8
  278.1  10337  -31.2  -44.3     27   0.27     26    6.1  348.7  349.9  348.8
  277.6  10349  -31.2  -46.1     22   0.22     25    6.1  348.9  349.8  348.9
  277.1  10362  -31.3  -48.0     18   0.18     25    6.0  349.0  349.7  349.0
  276.6  10374  -31.4  -49.2     15   0.16     24    6.0  349.0  349.7  349.1
  276.1  10386  -31.5  -49.8     15   0.15     24    6.0  349.1  349.7  349.1
  275.7  10398  -31.6  -50.1     14   0.14     24    6.0  349.1  349.7  349.1
  275.2  10410  -31.7  -50.0     15   0.14     24    6.0  349.1  349.8  349.2
  274.7  10422  -31.8  -49.9     15   0.14     24    6.0  349.2  349.8  349.2
  274.2  10435  -31.9  -49.1     16   0.16     24    6.1  349.2  349.9  349.2
  273.8  10447  -32.0  -47.3     20   0.20     24    6.1  349.2  350.0  349.2
  273.4  10458  -32.1  -45.1     26   0.25     24    6.1  349.2  350.3  349.2
  272.9  10469  -32.2  -42.9     34   0.32     24    6.2  349.2  350.6  349.3
  272.5  10480  -32.3  -42.2     37   0.34     24    6.2  349.2  350.6  349.3
  272.1  10491  -32.4  -42.8     35   0.32     24    6.3  349.2  350.6  349.3
  271.6  10502  -32.5  -42.8     35   0.32     24    6.3  349.2  350.6  349.3
  271.2  10513  -32.6  -40.7     44   0.40     23    6.4  349.2  350.9  349.3
  270.8  10524  -32.7  -39.6     50   0.45     23    6.4  349.2  351.1  349.3
  270.4  10534  -32.8  -39.8     49   0.44     23    6.5  349.2  351.1  349.3
  270.1  10544  -32.9  -39.6     51   0.45     23    6.6  349.2  351.1  349.3
  269.7  10554  -33.0  -39.1     54   0.48     23    6.6  349.2  351.2  349.3
  269.3  10564  -33.1  -38.8     56   0.49     23    6.7  349.3  351.3  349.4
  268.9  10574  -33.1  -38.4     59   0.52     23    6.7  349.3  351.4  349.4
  268.5  10584  -33.2  -37.9     63   0.55     24    6.8  349.4  351.6  349.5
  268.1  10596  -33.2  -37.9     63   0.55     24    6.9  349.4  351.7  349.6
  267.6  10607  -33.3  -38.3     61   0.53     24    6.9  349.6  351.7  349.7
  267.2  10619  -33.3  -38.2     61   0.53     25    7.0  349.7  351.9  349.8
  266.7  10631  -33.4  -37.9     64   0.55     25    7.1  349.8  352.0  349.9
  266.3  10643  -33.4  -38.0     64   0.55     26    7.2  349.8  352.1  349.9
  265.8  10655  -33.5  -38.0     64   0.55     26    7.3  349.9  352.1  350.0
  265.3  10667  -33.6  -38.0     64   0.54     27    7.3  349.9  352.1  350.0
  264.9  10679  -33.7  -38.6     62   0.52     27    7.4  349.9  352.0  350.0
  264.5  10690  -33.8  -39.7     55   0.46     27    7.5  349.9  351.8  350.0
  264.1  10701  -33.9  -41.0     49   0.40     27    7.5  350.0  351.7  350.1
  263.7  10712  -34.0  -42.1     44   0.36     28    7.6  350.0  351.5  350.1
  263.3  10723  -34.1  -43.3     39   0.32     28    7.6  350.0  351.4  350.1
  262.9  10733  -34.2  -45.3     32   0.26     28    7.7  350.1  351.2  350.1
  262.5  10743  -34.2  -46.9     27   0.21     28    7.7  350.1  351.0  350.1
  262.1  10754  -34.3  -48.8     22   0.17     28    7.7  350.2  350.9  350.2
  261.7  10764  -34.4  -48.4     23   0.18     29    7.8  350.2  351.0  350.2
  261.3  10773  -34.5  -47.7     25   0.20     29    7.8  350.2  351.1  350.3
  261.0  10784  -34.5  -48.1     24   0.19     29    7.9  350.2  351.0  350.3
  260.5  10795  -34.6  -48.6     23   0.18     30    7.9  350.3  351.1  350.3
  260.1  10806  -34.7  -48.8     23   0.17     30    8.0  350.3  351.1  350.4
  259.8  10816  -34.8  -48.8     23   0.18     30    8.0  350.3  351.0  350.3
  259.3  10827  -34.9  -48.9     23   0.17     31    8.1  350.3  351.1  350.4
  259.0  10837  -35.0  -49.1     22   0.17     31    8.1  350.3  351.1  350.4
  258.6  10846  -35.1  -49.0     23   0.17     31    8.2  350.4  351.1  350.4
  258.3  10856  -35.2  -48.9     23   0.17     31    8.2  350.4  351.1  350.4
  257.9  10866  -35.2  -49.1     23   0.17     31    8.2  350.4  351.1  350.4
  257.5  10875  -35.3  -49.4     22   0.16     31    8.2  350.4  351.2  350.5
  257.2  10885  -35.4  -49.2     23   0.17     31    8.2  350.5  351.2  350.5
  256.8  10896  -35.5  -49.0     24   0.17     31    8.2  350.5  351.2  350.5
  256.4  10906  -35.6  -49.0     24   0.17     30    8.2  350.5  351.2  350.5
  256.0  10916  -35.7  -49.1     24   0.17     30    8.2  350.5  351.3  350.5
  255.6  10927  -35.8  -49.4     23   0.16     30    8.2  350.5  351.2  350.6
  255.2  10938  -35.9  -49.5     23   0.16     29    8.1  350.5  351.2  350.6
  254.9  10948  -36.0  -49.8     23   0.16     29    8.1  350.5  351.2  350.5
  254.5  10958  -36.1  -50.4     21   0.15     29    8.1  350.5  351.2  350.6
  254.1  10968  -36.1  -50.7     21   0.14     29    8.1  350.5  351.2  350.6
  253.7  10979  -36.2  -50.6     21   0.15     29    8.1  350.6  351.2  350.6
  253.3  10991  -36.3  -50.6     22   0.15     29    8.1  350.6  351.2  350.6
  252.9  11002  -36.4  -50.6     22   0.15     29    8.1  350.6  351.2  350.6
  252.5  11013  -36.5  -50.6     22   0.15     29    8.1  350.6  351.3  350.6
  252.1  11024  -36.6  -50.4     23   0.15     30    8.1  350.6  351.3  350.6
  251.7  11034  -36.7  -49.8     24   0.16     30    8.2  350.6  351.3  350.7
  251.4  11044  -36.8  -49.5     26   0.17     30    8.2  350.6  351.4  350.7
  251.0  11053  -36.9  -49.6     25   0.16     30    8.2  350.7  351.4  350.7
  250.7  11063  -37.0  -49.8     25   0.16     31    8.3  350.7  351.4  350.7
  250.3  11073  -37.0  -50.3     24   0.15     31    8.3  350.7  351.4  350.8
  250.0  11082  -37.1  -50.6     23   0.15     31    8.3  350.7  351.4  350.8
  249.7  11091  -37.2  -50.5     24   0.15     31    8.4  350.7  351.4  350.8
  249.3  11101  -37.3  -50.4     24   0.15     31    8.4  350.8  351.4  350.8
  249.0  11110  -37.3  -50.6     24   0.15     31    8.5  350.8  351.4  350.8
  248.7  11118  -37.4  -50.8     24   0.15     31    8.5  350.8  351.4  350.8
  248.3  11128  -37.5  -50.8     24   0.15     31    8.6  350.8  351.5  350.9
  248.0  11138  -37.6  -50.8     24   0.15     31    8.6  350.8  351.4  350.8
  247.6  11147  -37.7  -50.9     24   0.14     31    8.7  350.8  351.5  350.9
  247.3  11157  -37.8  -51.1     24   0.14     31    8.8  350.8  351.5  350.9
  246.9  11167  -37.9  -51.1     24   0.14     30    8.8  350.9  351.5  350.9
  246.5  11178  -37.9  -51.1     24   0.14     30    8.9  350.9  351.5  350.9
  246.2  11188  -38.0  -51.1     24   0.14     30    9.0  350.9  351.5  350.9
  245.8  11199  -38.2  -51.2     24   0.14     29    9.1  350.9  351.5  350.9
  245.4  11209  -38.2  -51.3     24   0.14     29    9.1  350.9  351.5  350.9
  245.1  11219  -38.3  -51.3     24   0.14     29    9.2  350.9  351.5  350.9
  244.7  11231  -38.5  -51.2     25   0.14     28    9.3  350.9  351.5  350.9
  244.3  11241  -38.5  -51.2     25   0.14     28    9.3  350.9  351.5  350.9
  243.9  11251  -38.6  -51.1     26   0.14     28    9.3  350.9  351.6  351.0
  243.6  11260  -38.7  -50.9     27   0.15     28    9.3  350.9  351.6  351.0
  243.3  11270  -38.8  -50.9     27   0.15     28    9.3  350.9  351.6  351.0
  242.9  11279  -38.9  -51.0     27   0.15     28    9.3  351.0  351.6  351.0
  242.6  11289  -39.0  -51.1     27   0.14     28    9.3  351.0  351.6  351.0
  242.2  11300  -39.1  -51.2     27   0.14     28    9.2  351.0  351.6  351.0
  241.8  11312  -39.2  -51.4     26   0.14     28    9.2  351.0  351.6  351.0
  241.4  11323  -39.3  -51.5     26   0.14     28    9.2  351.0  351.6  351.1
  241.0  11334  -39.3  -51.7     26   0.14     28    9.1  351.1  351.7  351.1
  240.6  11345  -39.4  -51.7     26   0.13     28    9.1  351.1  351.7  351.2
  240.3  11355  -39.5  -51.7     26   0.14     28    9.1  351.1  351.7  351.1
  239.9  11366  -39.6  -51.6     27   0.14     28    9.2  351.1  351.7  351.2
  239.5  11378  -39.7  -51.3     28   0.14     28    9.2  351.2  351.8  351.2
  239.0  11390  -39.8  -51.0     29   0.15     27    9.2  351.2  351.9  351.3
  238.6  11401  -39.9  -51.1     29   0.15     27    9.3  351.2  351.9  351.3
  238.2  11413  -40.0  -51.3     29   0.14     26    9.3  351.3  351.9  351.3
  237.8  11426  -40.1  -51.6     28   0.14     26    9.3  351.3  351.9  351.3
  237.3  11438  -40.2  -52.3     26   0.13     25    9.4  351.4  351.9  351.4
  236.9  11450  -40.3  -53.0     24   0.12     25    9.4  351.4  351.9  351.4
  236.6  11461  -40.3  -53.4     23   0.11     24    9.4  351.4  351.9  351.5
  236.1  11473  -40.4  -54.0     22   0.10     23    9.4  351.5  352.0  351.5
  235.7  11486  -40.5  -53.6     23   0.11     22    9.4  351.5  352.0  351.6
  235.3  11497  -40.6  -53.3     24   0.11     22    9.4  351.6  352.1  351.6
  235.0  11507  -40.7  -51.9     29   0.14     21    9.4  351.5  352.1  351.6
  234.6  11517  -40.8  -49.1     40   0.19     20    9.4  351.7  352.5  351.7
  234.3  11526  -40.8  -48.5     43   0.20     19    9.4  351.7  352.6  351.7
  234.0  11535  -40.9  -49.3     40   0.18     18    9.4  351.7  352.5  351.7
  233.7  11544  -41.0  -49.0     42   0.19     17    9.4  351.7  352.5  351.7
  233.4  11553  -41.1  -48.6     44   0.20     16    9.4  351.7  352.5  351.7
  233.0  11563  -41.2  -48.6     44   0.20     16    9.5  351.7  352.6  351.7
  232.7  11574  -41.3  -48.8     44   0.19     15    9.5  351.7  352.5  351.7
  232.3  11584  -41.4  -49.1     43   0.19     15    9.5  351.7  352.6  351.8
  232.0  11594  -41.5  -49.8     40   0.17     15    9.5  351.7  352.5  351.8
  231.6  11604  -41.5  -50.2     38   0.17     15    9.5  351.8  352.5  351.8
  231.3  11615  -41.7  -50.5     38   0.16     15    9.6  351.7  352.4  351.8
  230.9  11625  -41.7  -50.3     39   0.17     15    9.6  351.8  352.5  351.8
  230.5  11636  -41.9  -50.1     40   0.17     15    9.6  351.8  352.5  351.8
  230.2  11647  -42.0  -49.9     42   0.17     16    9.6  351.7  352.5  351.8
  229.8  11658  -42.1  -49.4     44   0.18     16    9.7  351.7  352.5  351.8
  229.4  11670  -42.2  -49.1     47   0.19     16    9.7  351.7  352.6  351.8
  229.0  11681  -42.3  -48.9     49   0.20     16    9.8  351.7  352.6  351.8
  228.7  11691  -42.4  -48.6     51   0.20     17    9.8  351.7  352.6  351.8
  228.3  11701  -42.5  -48.4     53   0.21     17    9.9  351.8  352.7  351.8
  228.0  11710  -42.6  -48.3     53   0.21     17   10.0  351.7  352.7  351.8
  227.7  11719  -42.7  -48.3     54   0.21     17   10.1  351.7  352.7  351.8
  227.4  11729  -42.8  -47.9     57   0.22     17   10.2  351.7  352.7  351.8
  227.0  11740  -42.9  -47.5     60   0.23     17   10.2  351.8  352.8  351.8
  226.7  11750  -42.9  -47.5     61   0.23     16   10.3  351.8  352.8  351.8
  226.4  11760  -43.0  -47.6     61   0.23     16   10.4  351.8  352.7  351.8
  226.0  11770  -43.1  -47.7     61   0.23     15   10.4  351.8  352.8  351.9
  225.7  11780  -43.2  -47.7     61   0.23     15   10.4  351.8  352.8  351.9
  225.3  11791  -43.3  -47.8     61   0.23     14   10.4  351.9  352.8  351.9
  225.0  11801  -43.4  -47.9     61   0.22     13   10.4  351.9  352.8  351.9
  224.6  11812  -43.5  -47.9     62   0.22     12   10.4  351.9  352.9  352.0
  224.2  11824  -43.5  -47.7     63   0.23     11   10.4  352.0  353.0  352.0
  223.8  11835  -43.6  -47.6     64   0.23     10   10.3  352.1  353.1  352.1
  223.5  11846  -43.5  -47.6     64   0.23      9   10.2  352.3  353.3  352.4
  223.1  11857  -43.5  -47.6     64   0.23      7   10.1  352.5  353.5  352.5
  222.7  11869  -43.6  -47.7     64   0.23      6   10.0  352.5  353.5  352.6
  222.3  11882  -43.7  -47.7     64   0.23      5    9.9  352.6  353.6  352.6
  221.9  11893  -43.8  -47.7     65   0.23      3    9.7  352.6  353.6  352.7
  221.5  11905  -43.9  -47.8     65   0.23      2    9.6  352.7  353.7  352.7
  221.1  11917  -44.0  -47.7     67   0.23    360    9.4  352.7  353.7  352.8
  220.7  11929  -44.0  -47.5     68   0.24    358    9.3  352.8  353.8  352.8
  220.3  11941  -44.1  -47.5     69   0.24    357    9.1  352.9  354.0  353.0
  219.9  11955  -44.1  -47.3     70   0.24    355    8.9  353.0  354.0  353.0
  219.4  11969  -44.2  -47.4     71   0.24    354    8.8  353.1  354.1  353.1
  219.0  11980  -44.3  -47.6     69   0.24    352    8.7  353.1  354.2  353.2
  218.7  11992  -44.4  -47.8     68   0.23    351    8.5  353.2  354.2  353.3
  218.2  12005  -44.5  -47.8     69   0.23    349    8.5  353.3  354.3  353.3
  217.8  12019  -44.6  -47.6     72   0.24    348    8.4  353.3  354.3  353.3
  217.4  12030  -44.7  -47.6     73   0.24    347    8.4  353.2  354.3  353.3
  217.1  12039  -44.8  -47.7     73   0.24    347    8.3  353.3  354.3  353.3
  216.8  12049  -44.9  -47.8     72   0.23    346    8.3  353.3  354.3  353.3
  216.5  12060  -45.0  -47.9     73   0.23    346    8.4  353.2  354.2  353.3
  216.1  12071  -45.1  -47.9     73   0.23    346    8.4  353.3  354.3  353.3
  215.7  12082  -45.2  -48.1     73   0.23    345    8.5  353.3  354.2  353.3
  215.4  12092  -45.3  -48.2     72   0.22    345    8.5  353.3  354.2  353.3
  215.1  12103  -45.4  -48.3     72   0.22    345    8.6  353.3  354.3  353.4
  214.7  12114  -45.5  -48.2     74   0.23    345    8.6  353.3  354.3  353.4
  214.4  12124  -45.6  -48.2     74   0.23    345    8.7  353.3  354.3  353.4
  214.1  12134  -45.7  -48.3     75   0.22    345    8.7  353.3  354.3  353.4
  213.7  12144  -45.7  -48.4     75   0.22    344    8.7  353.4  354.4  353.5
  213.4  12154  -45.8  -48.6     74   0.22    344    8.7  353.4  354.4  353.5
  213.1  12163  -45.9  -48.8     72   0.21    343    8.7  353.5  354.4  353.6
  212.8  12173  -45.9  -48.9     71   0.21    343    8.7  353.6  354.5  353.6
  212.4  12184  -46.0  -49.0     72   0.21    343    8.7  353.6  354.5  353.7
  212.2  12193  -46.1  -49.0     72   0.21    342    8.7  353.6  354.5  353.6
  211.9  12202  -46.1  -49.2     71   0.21    342    8.6  353.6  354.5  353.7
  211.6  12212  -46.2  -49.4     70   0.20    342    8.6  353.7  354.5  353.7
  211.3  12222  -46.3  -49.6     69   0.20    342    8.5  353.7  354.5  353.7
  210.9  12232  -46.4  -49.6     70   0.20    342    8.4  353.7  354.6  353.8
  210.6  12244  -46.5  -49.6     71   0.20    342    8.3  353.7  354.6  353.7
  210.2  12256  -46.6  -49.6     72   0.20    342    8.2  353.7  354.6  353.7
  209.8  12267  -46.7  -49.7     72   0.19    342    8.1  353.7  354.6  353.8
  209.5  12279  -46.8  -49.9     71   0.19    343    8.0  353.7  354.5  353.7
  209.1  12291  -47.0  -50.1     70   0.19    343    8.0  353.7  354.5  353.7
  208.7  12301  -47.0  -50.3     69   0.18    344    7.9  353.8  354.6  353.8
  208.4  12310  -47.1  -50.5     68   0.18    344    7.8  353.8  354.6  353.8
  208.1  12320  -47.2  -50.7     68   0.18    345    7.8  353.8  354.6  353.8
  207.8  12331  -47.3  -50.7     68   0.17    346    7.7  353.8  354.6  353.8
  207.5  12342  -47.4  -50.8     68   0.17    346    7.7  353.8  354.5  353.8
  207.1  12353  -47.5  -51.0     67   0.17    347    7.7  353.8  354.6  353.9
  206.8  12364  -47.6  -51.2     66   0.17    348    7.7  353.8  354.6  353.9
  206.4  12374  -47.7  -51.5     65   0.16    349    7.7  353.9  354.6  354.0
  206.1  12384  -47.7  -51.6     65   0.16    350    7.7  353.9  354.6  354.0
  205.8  12393  -47.8  -51.6     65   0.16    350    7.7  354.0  354.7  354.0
  205.6  12403  -47.9  -51.5     66   0.16    351    7.8  353.9  354.6  354.0
  205.2  12413  -48.0  -51.6     66   0.16    352    7.8  354.0  354.7  354.0
  204.9  12423  -48.1  -51.7     66   0.16    352    7.8  354.0  354.7  354.0
  204.6  12433  -48.2  -51.9     65   0.16    353    7.8  354.0  354.7  354.1
  204.3  12443  -48.2  -52.1     64   0.15    353    7.8  354.1  354.7  354.1
  204.0  12452  -48.3  -52.2     64   0.15    354    7.8  354.1  354.8  354.1
  203.7  12462  -48.4  -52.3     64   0.15    354    7.8  354.1  354.8  354.2
  203.4  12471  -48.5  -52.4     64   0.15    354    7.8  354.1  354.8  354.2
  203.1  12481  -48.6  -52.5     64   0.15    354    7.7  354.2  354.8  354.2
  202.8  12492  -48.6  -52.6     63   0.14    354    7.7  354.2  354.8  354.2
  202.5  12502  -48.7  -52.6     64   0.14    354    7.7  354.2  354.9  354.2
  202.2  12511  -48.8  -52.6     64   0.14    355    7.6  354.2  354.9  354.3
  201.9  12521  -48.9  -52.6     65   0.14    355    7.6  354.2  354.9  354.3
  201.6  12530  -49.0  -52.7     65   0.14    355    7.6  354.3  354.9  354.3
  201.3  12540  -49.1  -52.8     64   0.14    355    7.6  354.3  354.9  354.3
  201.0  12550  -49.1  -53.0     64   0.14    356    7.6  354.3  354.9  354.3
  200.7  12560  -49.2  -53.1     64   0.14    356    7.6  354.3  354.9  354.3
  200.4  12570  -49.3  -53.1     64   0.14    357    7.7  354.3  354.9  354.3
  200.1  12580  -49.4  -53.1     65   0.14    358    7.7  354.3  354.9  354.4
  200.0  12583  -49.4  -53.1     65   0.14    358    7.8  354.3  354.9  354.4
  199.8  12589  -49.5  -53.1     65   0.14    358    7.8  354.3  354.9  354.4
  199.5  12600  -49.6  -53.1     66   0.14    359    7.9  354.3  355.0  354.4
  199.1  12611  -49.7  -53.2     66   0.14    360    8.0  354.4  355.0  354.4
  198.8  12621  -49.8  -53.2     67   0.14    360    8.1  354.4  355.0  354.4
  198.5  12631  -49.9  -53.2     67   0.14      1    8.2  354.4  355.0  354.4
  198.3  12640  -49.9  -53.2     68   0.14      2    8.3  354.4  355.0  354.4
  198.0  12649  -50.0  -53.2     69   0.14      2    8.4  354.4  355.0  354.4
  197.7  12659  -50.1  -53.2     70   0.14      2    8.5  354.4  355.0  354.4
  197.4  12669  -50.2  -53.2     71   0.14      3    8.6  354.4  355.0  354.4
  197.1  12680  -50.3  -53.2     72   0.14      3    8.6  354.4  355.0  354.4
  196.7  12690  -50.4  -53.2     72   0.14      3    8.7  354.4  355.0  354.4
  196.5  12700  -50.5  -53.3     72   0.14      4    8.7  354.4  355.0  354.4
  196.2  12709  -50.6  -53.4     73   0.14      4    8.8  354.4  355.0  354.4
  195.9  12719  -50.7  -53.5     72   0.13      5    8.8  354.4  355.0  354.4
  195.6  12728  -50.8  -53.6     71   0.13      6    8.8  354.4  355.0  354.5
  195.3  12737  -50.9  -53.8     71   0.13      7    8.8  354.5  355.0  354.5
  195.1  12746  -50.9  -54.0     70   0.13      8    8.8  354.4  355.0  354.5
  194.8  12756  -51.0  -54.1     70   0.13      9    8.8  354.4  355.0  354.5
  194.4  12768  -51.1  -54.2     69   0.12     11    8.9  354.5  355.1  354.5
  194.0  12781  -51.2  -54.2     70   0.12     12    8.9  354.6  355.1  354.6
  193.7  12792  -51.3  -54.2     71   0.13     13    8.9  354.6  355.1  354.6
  193.4  12800  -51.4  -54.1     73   0.13     14    9.0  354.6  355.1  354.6
  193.2  12808  -51.5  -54.1     73   0.13     15    9.0  354.6  355.2  354.6
  193.0  12816  -51.5  -54.0     74   0.13     15    9.0  354.6  355.1  354.6
  192.7  12824  -51.6  -54.0     75   0.13     15    9.0  354.6  355.2  354.6
  192.5  12833  -51.7  -54.0     76   0.13     16    9.0  354.6  355.2  354.6
  192.2  12842  -51.8  -54.1     76   0.13     16    9.0  354.6  355.2  354.7
  191.9  12852  -51.8  -54.0     77   0.13     16    9.0  354.7  355.3  354.7
  191.7  12860  -51.9  -54.0     78   0.13     16    9.0  354.7  355.3  354.7
  191.4  12869  -52.0  -53.9     79   0.13     15    9.0  354.8  355.3  354.8
  191.2  12877  -52.0  -53.9     80   0.13     15    8.9  354.7  355.3  354.8
  190.9  12885  -52.1  -53.9     81   0.13     15    8.9  354.8  355.4  354.8
  190.7  12894  -52.2  -54.0     81   0.13     15    8.8  354.8  355.3  354.8
  190.4  12902  -52.3  -54.0     81   0.13     15    8.7  354.8  355.4  354.8
  190.2  12910  -52.3  -54.1     81   0.13     15    8.6  354.8  355.4  354.8
  189.9  12918  -52.4  -54.2     81   0.13     15    8.6  354.8  355.4  354.9
  189.7  12927  -52.5  -54.3     80   0.13     15    8.5  354.8  355.4  354.9
  189.4  12936  -52.6  -54.4     80   0.12     15    8.4  354.9  355.4  354.9
  189.2  12944  -52.6  -54.4     81   0.12     16    8.3  354.8  355.4  354.9
  188.9  12954  -52.7  -54.5     81   0.12     16    8.2  354.9  355.4  354.9
  188.6  12964  -52.8  -54.5     82   0.12     16    8.2  354.9  355.4  354.9
  188.4  12972  -52.9  -54.5     82   0.12     17    8.2  354.9  355.4  354.9
  188.1  12981  -53.0  -54.6     82   0.12     17    8.2  354.9  355.5  354.9
  187.8  12990  -53.0  -54.6     83   0.12     17    8.2  354.9  355.5  355.0
  187.6  12999  -53.1  -54.7     83   0.12     18    8.3  354.9  355.5  354.9
  187.3  13008  -53.2  -55.0     81   0.12     18    8.4  354.9  355.5  355.0
  187.1  13016  -53.3  -55.4     77   0.11     18    8.5  355.0  355.5  355.0
  186.8  13025  -53.3  -55.9     73   0.10     19    8.6  355.1  355.5  355.1
  186.6  13034  -53.3  -56.6     68   0.10     19    8.8  355.1  355.6  355.2
  186.3  13043  -53.4  -57.3     62   0.09     19    9.0  355.2  355.6  355.2
  186.0  13052  -53.4  -58.0     58   0.08     19    9.1  355.3  355.6  355.3
  185.8  13062  -53.5  -58.4     55   0.08     20    9.3  355.2  355.6  355.2
  185.5  13071  -53.6  -58.8     53   0.07     20    9.4  355.3  355.6  355.3
  185.2  13081  -53.7  -59.1     51   0.07     21    9.6  355.3  355.6  355.3
  184.9  13092  -53.8  -59.5     50   0.07     21    9.7  355.3  355.6  355.3
  184.6  13104  -53.9  -59.7     49   0.07     22    9.7  355.3  355.6  355.3
  184.3  13112  -54.0  -59.9     48   0.06     23    9.8  355.4  355.7  355.4
  184.1  13120  -54.0  -59.9     48   0.06     24    9.8  355.3  355.6  355.4
  183.9  13127  -54.1  -59.9     49   0.06     25    9.8  355.3  355.6  355.4
  183.6  13135  -54.2  -59.9     49   0.06     26    9.8  355.4  355.7  355.4
  183.4  13145  -54.3  -60.1     48   0.06     27    9.8  355.4  355.7  355.4
  183.1  13154  -54.3  -60.4     47   0.06     28    9.8  355.4  355.7  355.4
  182.9  13163  -54.4  -60.8     45   0.06     29    9.7  355.4  355.7  355.4
  182.6  13172  -54.5  -61.6     41   0.05     30    9.6  355.5  355.7  355.5
  182.4  13180  -54.5  -62.3     37   0.05     30    9.6  355.5  355.7  355.5
  182.2  13188  -54.6  -63.0     35   0.04     31    9.5  355.5  355.7  355.5
  181.9  13195  -54.7  -63.6     32   0.04     32    9.4  355.5  355.7  355.5
  181.7  13204  -54.7  -64.2     30   0.04     32    9.4  355.5  355.7  355.5
  181.5  13212  -54.8  -64.7     29   0.04     32    9.4  355.5  355.7  355.5
  181.2  13220  -54.9  -64.8     28   0.03     33    9.3  355.5  355.7  355.5
  181.0  13228  -55.0  -64.7     29   0.03     33    9.3  355.5  355.7  355.5
  180.8  13236  -55.1  -64.7     29   0.04     33    9.3  355.5  355.7  355.5
  180.6  13244  -55.1  -64.8     29   0.03     33    9.3  355.5  355.7  355.5
  180.3  13252  -55.2  -65.0     28   0.03     33    9.4  355.6  355.7  355.6
  180.1  13260  -55.3  -65.3     28   0.03     34    9.4  355.5  355.7  355.5
  179.9  13268  -55.3  -65.6     27   0.03     34    9.4  355.6  355.7  355.6
  179.6  13276  -55.4  -66.0     25   0.03     34    9.5  355.6  355.8  355.6
  179.4  13284  -55.5  -66.3     25   0.03     35    9.5  355.6  355.7  355.6
  179.2  13292  -55.6  -66.5     24   0.03     35    9.5  355.6  355.7  355.6
  179.0  13299  -55.6  -66.6     24   0.03     36    9.5  355.6  355.7  355.6
  178.8  13307  -55.7  -66.8     24   0.03     36    9.5  355.6  355.7  355.6
  178.6  13314  -55.8  -66.8     24   0.03     37    9.5  355.6  355.7  355.6
  178.4  13322  -55.8  -67.0     23   0.03     37    9.5  355.6  355.7  355.6
  178.1  13330  -55.9  -67.1     23   0.03     38    9.4  355.6  355.8  355.6
  177.9  13339  -56.0  -67.1     24   0.03     38    9.4  355.6  355.7  355.6
  177.6  13348  -56.1  -67.1     24   0.03     38    9.4  355.6  355.7  355.6
  177.4  13357  -56.2  -67.1     24   0.03     39    9.4  355.6  355.7  355.6
  177.1  13366  -56.3  -67.2     24   0.03     39    9.4  355.6  355.8  355.6
  176.9  13373  -56.3  -67.4     24   0.02     39    9.4  355.6  355.7  355.6
  176.7  13381  -56.4  -67.6     23   0.02     39    9.4  355.6  355.7  355.6
  176.5  13390  -56.5  -68.0     22   0.02     39    9.3  355.6  355.7  355.6
  176.2  13398  -56.6  -68.2     22   0.02     39    9.3  355.7  355.8  355.7
  176.0  13406  -56.6  -68.4     21   0.02     39    9.3  355.7  355.8  355.7
  175.8  13413  -56.7  -68.6     21   0.02     39    9.3  355.7  355.8  355.7
  175.6  13422  -56.8  -68.8     21   0.02     39    9.3  355.7  355.8  355.7
  175.3  13431  -56.8  -68.9     20   0.02     39    9.3  355.7  355.8  355.7
  175.1  13439  -56.9  -68.9     20   0.02     38    9.2  355.8  355.9  355.8
  174.9  13447  -57.0  -68.8     21   0.02     38    9.2  355.8  355.9  355.8
  174.7  13454  -57.0  -68.7     21   0.02     38    9.1  355.8  355.9  355.8
  174.5  13462  -57.1  -68.7     22   0.02     38    9.1  355.8  355.9  355.8
  174.2  13470  -57.2  -68.6     22   0.02     38    9.0  355.9  356.0  355.9
  174.0  13478  -57.2  -68.6     22   0.02     38    9.0  355.8  355.9  355.8
  173.8  13487  -57.3  -68.6     23   0.02     38    8.9  355.8  355.9  355.8
  173.6  13495  -57.4  -68.5     23   0.02     38    8.9  355.8  355.9  355.8
  173.3  13503  -57.5  -68.4     24   0.02     38    8.8  355.9  356.0  355.9
  173.1  13510  -57.5  -68.4     24   0.02     39    8.8  355.9  356.0  355.9
  172.9  13518  -57.6  -68.4     24   0.02     39    8.8  355.9  356.0  355.9
  172.7  13526  -57.7  -68.4     24   0.02     39    8.7  355.9  356.0  355.9
  172.5  13534  -57.8  -68.4     25   0.02     40    8.7  355.8  356.0  355.9
  172.3  13541  -57.8  -68.4     25   0.02     40    8.7  355.9  356.0  355.9
  172.1  13549  -57.9  -68.4     25   0.02     40    8.7  355.9  356.0  355.9
  171.8  13558  -58.0  -68.4     25   0.02     40    8.7  355.9  356.0  355.9
  171.6  13565  -58.0  -68.3     26   0.02     41    8.7  355.9  356.0  355.9
  171.4  13573  -58.1  -68.3     26   0.02     41    8.7  355.9  356.0  355.9
  171.2  13582  -58.2  -68.3     26   0.02     40    8.7  355.9  356.0  355.9
  170.9  13590  -58.3  -68.3     27   0.02     40    8.7  355.9  356.0  355.9
  170.7  13599  -58.4  -68.2     27   0.02     40    8.6  355.9  356.0  355.9
  170.5  13607  -58.5  -68.2     27   0.02     40    8.6  355.9  356.0  355.9
  170.3  13616  -58.5  -68.2     28   0.02     40    8.6  355.9  356.0  355.9
  170.0  13624  -58.6  -68.2     28   0.02     40    8.5  355.9  356.0  355.9
  169.8  13633  -58.7  -68.2     28   0.02     40    8.5  355.9  356.0  355.9
  169.5  13642  -58.8  -68.2     29   0.02     40    8.4  355.9  356.1  355.9
  169.3  13652  -58.9  -68.2     29   0.02     40    8.3  355.9  356.0  355.9
  169.0  13661  -59.0  -68.2     29   0.02     40    8.3  356.0  356.1  356.0
  168.8  13671  -59.0  -68.2     30   0.02     40    8.2  355.9  356.0  355.9
  168.5  13680  -59.1  -68.2     30   0.02     41    8.1  356.0  356.1  356.0
  168.3  13689  -59.2  -68.2     30   0.02     41    7.9  356.0  356.1  356.0
  168.1  13698  -59.3  -68.1     31   0.02     42    7.8  355.9  356.1  355.9
  167.8  13706  -59.4  -68.1     31   0.02     42    7.7  356.0  356.1  356.0
  167.6  13715  -59.5  -68.2     31   0.02     42    7.5  356.0  356.1  356.0
  167.4  13724  -59.5  -68.3     31   0.02     43    7.3  356.0  356.1  356.0
  167.1  13733  -59.6  -68.3     31   0.02     43    7.1  356.0  356.1  356.0
  166.9  13742  -59.7  -68.4     31   0.02     44    7.0  356.0  356.1  356.0
  166.6  13752  -59.8  -68.5     31   0.02     44    6.8  356.1  356.2  356.1
  166.4  13761  -59.8  -68.6     31   0.02     45    6.6  356.1  356.2  356.1
  166.1  13770  -59.9  -68.7     31   0.02     45    6.4  356.2  356.3  356.2
  165.9  13780  -59.9  -68.8     30   0.02     45    6.3  356.2  356.3  356.2
  165.6  13789  -60.0  -69.0     30   0.02     45    6.2  356.3  356.4  356.3
  165.4  13798  -60.1  -69.0     30   0.02     46    6.0  356.3  356.4  356.3
  165.1  13807  -60.1  -69.0     30   0.02     46    6.0  356.4  356.5  356.4
  164.9  13816  -60.2  -69.0     31   0.02     46    5.9  356.4  356.5  356.4
  164.7  13825  -60.2  -68.9     31   0.02     45    5.9  356.5  356.6  356.5
  164.4  13834  -60.2  -68.7     32   0.02     45    5.9  356.7  356.8  356.7
  164.2  13843  -60.2  -68.4     33   0.02     45    5.9  356.9  357.0  356.9
  163.9  13853  -60.2  -68.2     34   0.02     44    5.9  357.0  357.1  357.0
  163.7  13862  -60.3  -68.0     35   0.02     44    6.0  357.0  357.1  357.0
  163.4  13871  -60.4  -67.8     37   0.03     44    6.1  357.1  357.2  357.1
  163.2  13880  -60.4  -67.6     38   0.03     43    6.1  357.0  357.2  357.1
  163.0  13889  -60.5  -67.4     40   0.03     43    6.2  357.0  357.2  357.0
  162.7  13898  -60.6  -67.3     41   0.03     42    6.3  357.1  357.2  357.1
  162.5  13907  -60.7  -67.2     42   0.03     42    6.4  357.0  357.2  357.1
  162.3  13915  -60.8  -67.2     42   0.03     42    6.5  357.0  357.2  357.0
  162.1  13924  -60.8  -67.1     43   0.03     41    6.6  357.1  357.2  357.1
  161.8  13934  -60.9  -67.1     44   0.03     41    6.8  357.1  357.3  357.1
  161.6  13943  -61.0  -67.1     44   0.03     41    6.9  357.1  357.3  357.1
  161.3  13953  -61.1  -67.2     44   0.03     41    7.0  357.2  357.3  357.2
  161.1  13963  -61.1  -67.2     44   0.03     42    7.2  357.2  357.3  357.2
  160.8  13972  -61.2  -67.3     44   0.03     42    7.3  357.3  357.4  357.3
  160.6  13981  -61.3  -67.3     45   0.03     42    7.4  357.3  357.4  357.3
  160.4  13989  -61.4  -67.3     45   0.03     43    7.5  357.2  357.4  357.3
  160.1  13999  -61.4  -67.3     46   0.03     43    7.6  357.3  357.5  357.3
  159.9  14009  -61.5  -67.2     47   0.03     44    7.7  357.4  357.5  357.4
  159.6  14019  -61.6  -67.1     48   0.03     45    7.8  357.4  357.6  357.4
  159.4  14028  -61.6  -67.0     49   0.03     46    7.8  357.5  357.6  357.5
  159.1  14038  -61.7  -66.9     50   0.03     47    7.9  357.6  357.7  357.6
  158.8  14048  -61.7  -66.8     51   0.03     48    7.9  357.6  357.8  357.7
  158.6  14058  -61.8  -66.6     52   0.03     49    7.8  357.7  357.9  357.7
  158.3  14068  -61.8  -66.5     53   0.03     50    7.8  357.9  358.1  357.9
  158.1  14079  -61.8  -66.4     55   0.03     51    7.8  357.9  358.1  357.9
  157.8  14090  -61.9  -66.3     56   0.03     52    7.8  358.0  358.1  358.0
  157.5  14101  -62.0  -66.3     56   0.03     54    7.7  358.0  358.2  358.0
  157.2  14112  -62.1  -66.4     56   0.03     55    7.7  358.1  358.2  358.1
  157.0  14121  -62.2  -66.6     55   0.03     56    7.7  358.0  358.2  358.0
  156.7  14131  -62.3  -66.8     55   0.03     57    7.6  358.1  358.2  358.1
  156.5  14142  -62.4  -66.9     54   0.03     59    7.6  358.1  358.2  358.1
  156.2  14153  -62.5  -67.1     53   0.03     60    7.6  358.1  358.3  358.1
  155.9  14164  -62.5  -67.3     52   0.03     61    7.7  358.2  358.3  358.2
  155.7  14172  -62.6  -67.6     51   0.03     62    7.7  358.2  358.3  358.2
  155.4  14182  -62.7  -67.9     49   0.03     63    7.8  358.2  358.3  358.2
  155.2  14192  -62.8  -68.2     48   0.03     64    7.9  358.2  358.3  358.2
  155.0  14201  -62.8  -68.5     46   0.02     65    8.0  358.2  358.4  358.2
  154.7  14211  -62.9  -68.8     45   0.02     66    8.1  358.4  358.5  358.4
  154.4  14223  -63.0  -69.0     44   0.02     66    8.2  358.4  358.5  358.4
  154.1  14235  -63.1  -69.2     43   0.02     67    8.4  358.5  358.6  358.5
  153.8  14247  -63.2  -69.3     43   0.02     68    8.5  358.5  358.6  358.5
  153.5  14258  -63.3  -69.3     44   0.02     68    8.7  358.5  358.6  358.5
  153.3  14269  -63.4  -69.4     44   0.02     69    8.8  358.5  358.6  358.5
  153.0  14280  -63.5  -69.5     44   0.02     70    9.0  358.5  358.6  358.5
  152.7  14290  -63.6  -69.4     45   0.02     70    9.2  358.5  358.6  358.5
  152.5  14299  -63.7  -69.4     46   0.02     71    9.3  358.5  358.6  358.5
  152.3  14308  -63.8  -69.3     47   0.02     72    9.4  358.5  358.6  358.5
  152.0  14319  -63.9  -69.2     48   0.02     72    9.5  358.5  358.6  358.5
  151.8  14328  -64.0  -69.2     49   0.02     73    9.6  358.5  358.6  358.5
  151.5  14338  -64.0  -69.2     50   0.02     74    9.7  358.5  358.6  358.5
  151.3  14349  -64.1  -69.2     50   0.02     74    9.7  358.5  358.6  358.5
  151.0  14359  -64.2  -69.1     51   0.02     75    9.7  358.6  358.7  358.6
  150.7  14370  -64.3  -69.2     51   0.02     75    9.7  358.7  358.8  358.7
  150.5  14381  -64.4  -69.2     51   0.02     76    9.6  358.6  358.7  358.6
  150.2  14391  -64.4  -69.2     52   0.02     77    9.6  358.7  358.9  358.7
  150.0  14401  -64.4  -69.2     52   0.02     77    9.6  358.9  359.0  358.9
  149.7  14413  -64.5  -69.2     52   0.02     77    9.4  359.0  359.1  359.0
  149.4  14424  -64.6  -69.2     53   0.02     78    9.3  359.0  359.1  359.0
  149.2  14435  -64.7  -69.3     53   0.02     78    9.2  359.0  359.1  359.0
  148.9  14444  -64.8  -69.3     53   0.02     78    9.1  359.1  359.2  359.1
  148.7  14453  -64.8  -69.5     53   0.02     78    9.1  359.1  359.2  359.1
  148.5  14462  -64.9  -69.6     52   0.02     79    9.1  359.1  359.2  359.1
  148.3  14472  -65.0  -69.7     52   0.02     79    9.1  359.1  359.2  359.1
  148.0  14482  -65.1  -69.8     52   0.02     79    9.2  359.1  359.2  359.1
  147.8  14492  -65.1  -69.9     51   0.02     79    9.2  359.2  359.3  359.2
  147.5  14502  -65.2  -70.0     51   0.02     79    9.3  359.3  359.4  359.3
  147.3  14513  -65.3  -70.2     51   0.02     79    9.5  359.3  359.4  359.3
  147.0  14523  -65.4  -70.3     51   0.02     80    9.6  359.3  359.4  359.3
  146.8  14533  -65.5  -70.3     51   0.02     80    9.7  359.3  359.4  359.3
  146.5  14545  -65.6  -70.3     52   0.02     80    9.8  359.3  359.4  359.3
  146.2  14557  -65.7  -70.4     52   0.02     81    9.9  359.3  359.4  359.3
  145.9  14570  -65.8  -70.5     52   0.02     81   10.0  359.3  359.4  359.3
  145.6  14582  -65.9  -70.5     52   0.02     81   10.1  359.3  359.4  359.3
  145.3  14594  -66.1  -70.6     53   0.02     81   10.1  359.3  359.4  359.3
  145.0  14606  -66.2  -70.7     53   0.02     81   10.1  359.4  359.5  359.4
  144.8  14617  -66.3  -70.7     53   0.02     81   10.2  359.3  359.4  359.3
  144.5  14630  -66.4  -70.8     54   0.02     81   10.2  359.3  359.4  359.3
  144.1  14643  -66.5  -70.9     54   0.02     80   10.2  359.4  359.5  359.4
  143.8  14656  -66.7  -71.1     54   0.02     80   10.2  359.4  359.5  359.4
  143.6  14667  -66.8  -71.2     54   0.02     79   10.2  359.3  359.4  359.3
  143.3  14678  -66.9  -71.3     54   0.02     79   10.2  359.4  359.4  359.4
  143.0  14689  -67.0  -71.4     53   0.02     78   10.2  359.4  359.5  359.4
  142.8  14701  -67.1  -71.6     53   0.02     78   10.2  359.3  359.4  359.3
  142.5  14713  -67.2  -71.7     53   0.02     78   10.2  359.4  359.4  359.4
  142.2  14725  -67.3  -71.7     53   0.02     77   10.1  359.4  359.4  359.4
  141.9  14737  -67.4  -71.8     54   0.02     77   10.1  359.4  359.5  359.4
  141.6  14748  -67.5  -71.9     54   0.02     76   10.1  359.4  359.5  359.4
  141.4  14761  -67.6  -71.9     54   0.02     76   10.1  359.4  359.5  359.4
  141.1  14773  -67.8  -72.0     55   0.02     76   10.1  359.4  359.5  359.4
  140.8  14786  -67.9  -72.0     56   0.02     76   10.1  359.4  359.4  359.4
  140.5  14798  -68.0  -72.0     56   0.02     76   10.1  359.4  359.5  359.4
  140.2  14811  -68.1  -72.1     57   0.02     75   10.1  359.4  359.5  359.4
  139.9  14824  -68.3  -72.1     58   0.02     75   10.2  359.4  359.5  359.4
  139.6  14836  -68.4  -72.1     59   0.02     75   10.3  359.4  359.5  359.4
  139.3  14847  -68.5  -72.1     60   0.02     75   10.4  359.5  359.6  359.5
  139.1  14859  -68.5  -72.0     61   0.02     75   10.5  359.5  359.6  359.5
  138.8  14871  -68.7  -72.0     62   0.02     75   10.6  359.5  359.6  359.5
  138.5  14883  -68.8  -72.0     63   0.02     75   10.7  359.5  359.6  359.5
  138.3  14893  -68.9  -72.0     64   0.02     75   10.9  359.5  359.6  359.5
  138.0  14904  -69.0  -72.0     65   0.02     75   11.0  359.5  359.6  359.5
  137.8  14914  -69.1  -72.0     65   0.02     75   11.1  359.5  359.6  359.5
  137.5  14925  -69.2  -72.1     65   0.02     75   11.3  359.6  359.7  359.6
  137.3  14936  -69.3  -72.2     65   0.02     75   11.4  359.6  359.6  359.6
  137.0  14946  -69.4  -72.4     65   0.02     75   11.5  359.6  359.7  359.6
  136.8  14956  -69.4  -72.5     64   0.02     75   11.6  359.6  359.7  359.6
  136.6  14966  -69.5  -72.7     63   0.02     75   11.7  359.6  359.7  359.6
  136.4  14975  -69.6  -72.9     62   0.01     76   11.7  359.6  359.7  359.6
  136.1  14985  -69.7  -73.1     61   0.01     76   11.7  359.8  359.8  359.8
  135.9  14997  -69.7  -73.3     59   0.01     76   11.7  359.8  359.9  359.8
  135.6  15009  -69.8  -73.6     58   0.01     77   11.7  359.9  359.9  359.9
  135.3  15021  -69.9  -73.8     56   0.01     77   11.6  359.9  360.0  359.9
  135.1  15032  -70.0  -74.0     56   0.01     78   11.6  360.0  360.0  360.0
  134.8  15045  -70.0  -74.2     55   0.01     78   11.5  360.1  360.2  360.1
  134.5  15056  -70.1  -74.4     54   0.01     78   11.3  360.2  360.2  360.2
  134.3  15068  -70.2  -74.6     53   0.01     79   11.2  360.1  360.2  360.1
  134.0  15080  -70.3  -74.8     52   0.01     79   11.1  360.1  360.2  360.1
  133.7  15093  -70.5  -75.1     51   0.01     80   10.9  360.2  360.2  360.2
  133.4  15108  -70.6  -75.3     50   0.01     80   10.8  360.2  360.2  360.2
  133.0  15122  -70.7  -75.5     49   0.01     80   10.7  360.2  360.3  360.3
  132.8  15135  -70.8  -75.7     49   0.01     81   10.5  360.2  360.2  360.2
  132.5  15148  -70.9  -75.8     48   0.01     81   10.4  360.2  360.3  360.2
  132.2  15159  -71.0  -76.0     48   0.01     82   10.3  360.3  360.3  360.3
  132.0  15170  -71.1  -76.1     48   0.01     82   10.2  360.3  360.3  360.3
  131.7  15182  -71.2  -76.3     47   0.01     83   10.1  360.3  360.4  360.3
  131.4  15195  -71.4  -76.5     46   0.01     83   10.0  360.4  360.4  360.4
  131.1  15209  -71.5  -76.7     45   0.01     83   10.0  360.4  360.4  360.4
  130.9  15221  -71.6  -76.9     45   0.01     84    9.9  360.3  360.4  360.3
  130.6  15231  -71.7  -77.0     45   0.01     84    9.8  360.4  360.4  360.4
  130.4  15242  -71.8  -77.1     45   0.01     84    9.7  360.4  360.4  360.4
  130.1  15253  -71.9  -77.2     45   0.01     85    9.6  360.5  360.5  360.5
  129.9  15264  -72.0  -77.3     45   0.01     85    9.6  360.5  360.5  360.5
  129.6  15275  -72.1  -77.4     44   0.01     85    9.5  360.5  360.6  360.5
  129.4  15288  -72.2  -77.5     44   0.01     85    9.4  360.5  360.5  360.5
  129.1  15299  -72.3  -77.7     44   0.01     85    9.3  360.5  360.6  360.5
  128.9  15310  -72.4  -77.8     44   0.01     85    9.2  360.5  360.6  360.5
  128.6  15321  -72.5  -77.9     44   0.01     85    9.2  360.6  360.6  360.6
  128.4  15332  -72.6  -78.0     43   0.01     85    9.1  360.6  360.6  360.6
  128.2  15342  -72.7  -78.2     43   0.01     85    9.0  360.5  360.6  360.5
  127.9  15354  -72.8  -78.3     43   0.01     86    9.0  360.6  360.6  360.6
  127.7  15366  -72.9  -78.5     43   0.01     86    8.9  360.5  360.6  360.5
  127.4  15379  -73.0  -78.6     42   0.01     87    8.8  360.6  360.6  360.6
  127.0  15394  -73.1  -78.7     42   0.01     88    8.7  360.7  360.7  360.7
  126.7  15411  -73.3  -78.8     43   0.01     88    8.6  360.6  360.6  360.6
  126.3  15426  -73.5  -78.9     43   0.01     89    8.5  360.6  360.7  360.6
  126.1  15439  -73.5  -78.9     44   0.01     89    8.4  360.7  360.7  360.7
  125.8  15452  -73.7  -78.9     44   0.01     90    8.3  360.7  360.7  360.7
  125.5  15466  -73.8  -79.0     45   0.01     90    8.2  360.7  360.8  360.7
  125.2  15479  -73.8  -79.1     45   0.01     91    8.1  360.9  360.9  360.9
  125.0  15488  -73.9  -79.2     44   0.01     91    8.1  361.0  361.0  361.0
  124.8  15497  -73.9  -79.3     44   0.01     91    8.0  361.0  361.0  361.0
  124.6  15508  -74.0  -79.4     43   0.01     91    7.9  361.1  361.1  361.1
  124.4  15519  -74.0  -79.5     43   0.01     90    7.9  361.2  361.2  361.2
  124.1  15530  -74.1  -79.6     43   0.01     90    7.8  361.2  361.3  361.2
  123.9  15540  -74.2  -79.6     43   0.01     89    7.8  361.2  361.3  361.2
  123.7  15550  -74.3  -79.7     43   0.01     88    7.9  361.2  361.3  361.2
  123.5  15560  -74.4  -79.8     44   0.01     87    7.9  361.2  361.2  361.2
  123.2  15571  -74.5  -79.8     44   0.01     86    8.0  361.3  361.3  361.3
  123.0  15582  -74.6  -79.9     44   0.01     85    8.1  361.3  361.3  361.3
  122.8  15594  -74.7  -79.9     44   0.01     83    8.2  361.3  361.3  361.3
  122.5  15606  -74.8  -80.0     45   0.01     82    8.4  361.3  361.3  361.3
  122.3  15617  -74.9  -80.0     45   0.01     81    8.5  361.3  361.4  361.3
  122.1  15627  -75.0  -80.1     45   0.01     80    8.7  361.4  361.4  361.4
  121.9  15636  -75.0  -80.1     45   0.01     79    8.9  361.6  361.6  361.6
  121.7  15647  -74.9  -80.0     45   0.01     79    9.1  361.9  361.9  361.9
  121.4  15658  -74.9  -80.0     45   0.01     78    9.2  362.1  362.2  362.1
  121.2  15668  -74.9  -79.9     45   0.01     78    9.4  362.4  362.4  362.4
  121.0  15678  -74.8  -79.9     45   0.01     77    9.6  362.6  362.6  362.6
  120.8  15689  -74.8  -79.9     45   0.01     77    9.7  362.8  362.8  362.8
  120.6  15699  -74.8  -79.9     45   0.01     77    9.9  362.9  362.9  362.9
  120.3  15709  -74.9  -80.0     45   0.01     77   10.0  363.0  363.1  363.0
  120.1  15720  -75.0  -80.0     46   0.01     77   10.1  363.0  363.1  363.0
  119.9  15731  -75.1  -80.1     46   0.01     77   10.2  363.1  363.1  363.1
  119.7  15741  -75.2  -80.1     46   0.01     78   10.4  363.1  363.1  363.1
  119.5  15752  -75.2  -80.1     47   0.01     78   10.5  363.1  363.2  363.1
  119.3  15761  -75.3  -80.2     47   0.01     78   10.6  363.2  363.2  363.2
  119.1  15771  -75.4  -80.2     47   0.01     79   10.8  363.2  363.3  363.2
  118.9  15781  -75.5  -80.2     47   0.01     79   10.9  363.3  363.3  363.3
  118.7  15791  -75.5  -80.3     48   0.01     79   11.1  363.3  363.3  363.3
  118.5  15801  -75.6  -80.3     48   0.01     80   11.3  363.3  363.4  363.3
  118.3  15810  -75.7  -80.4     48   0.01     80   11.6  363.4  363.4  363.4
  118.1  15820  -75.8  -80.5     48   0.01     80   11.9  363.4  363.4  363.4
  117.9  15830  -75.8  -80.5     48   0.01     80   12.1  363.5  363.5  363.5
  117.7  15839  -75.9  -80.6     48   0.01     80   12.5  363.6  363.6  363.6
  117.5  15848  -75.9  -80.7     47   0.01     81   12.8  363.6  363.6  363.6
  117.3  15857  -76.0  -80.8     47   0.01     81   13.1  363.7  363.7  363.7
  117.1  15866  -76.0  -80.8     47   0.01     81   13.5  363.8  363.9  363.8
  116.9  15875  -76.0  -80.8     47   0.01     80   13.8  364.0  364.1  364.0
  116.8  15885  -76.0  -80.9     47   0.00     80   14.1  364.1  364.1  364.1
  116.6  15894  -76.1  -80.9     46   0.00     80   14.4  364.2  364.2  364.2
  116.4  15903  -76.1  -81.0     46   0.00     80   14.7  364.3  364.3  364.3
  116.2  15913  -76.1  -81.0     46   0.00     80   15.0  364.4  364.4  364.4
  116.0  15922  -76.1  -81.0     46   0.00     79   15.2  364.6  364.6  364.6
  115.8  15930  -76.1  -81.0     46   0.00     79   15.4  364.8  364.8  364.8
  115.7  15939  -76.1  -81.0     46   0.00     79   15.6  364.9  364.9  364.9
  115.5  15948  -76.1  -81.0     46   0.00     79   15.8  365.2  365.2  365.2
  115.3  15958  -76.0  -80.9     46   0.00     78   16.0  365.5  365.5  365.5
  115.1  15967  -75.9  -80.9     46   0.01     78   16.1  365.8  365.8  365.8
  114.9  15976  -75.9  -80.9     45   0.01     78   16.2  366.0  366.0  366.0
  114.7  15985  -75.9  -80.9     45   0.00     77   16.4  366.2  366.2  366.2
  114.5  15995  -75.9  -81.0     45   0.00     77   16.5  366.3  366.4  366.3
  114.3  16005  -75.9  -81.0     45   0.00     76   16.6  366.5  366.6  366.5
  114.2  16015  -75.9  -81.1     44   0.00     75   16.8  366.6  366.6  366.6
  114.0  16024  -76.0  -81.2     44   0.00     75   16.9  366.7  366.7  366.7
  113.8  16034  -75.9  -81.1     44   0.00     74   17.1  366.9  367.0  366.9
  113.6  16044  -75.8  -81.0     44   0.00     73   17.3  367.4  367.4  367.4
  113.4  16054  -75.8  -81.0     44   0.01     73   17.5  367.6  367.6  367.6
  113.2  16064  -75.8  -81.0     44   0.01     72   17.7  367.7  367.7  367.7
  113.0  16073  -75.9  -81.0     45   0.01     72   17.9  367.7  367.8  367.7
  112.8  16083  -75.9  -81.0     45   0.01     71   18.1  367.9  367.9  367.9
  112.6  16092  -75.9  -81.0     45   0.01     71   18.4  368.1  368.1  368.1
  112.4  16102  -76.0  -81.1     45   0.00     70   18.6  368.2  368.2  368.2
  112.2  16112  -76.0  -81.1     45   0.00     70   18.8  368.3  368.3  368.3
  112.0  16122  -76.0  -81.1     45   0.00     70   19.0  368.5  368.5  368.5
  111.9  16131  -76.0  -81.1     45   0.00     69   19.2  368.6  368.6  368.6
  111.7  16140  -76.1  -81.1     45   0.00     69   19.5  368.7  368.7  368.7
  111.5  16148  -76.1  -81.2     45   0.00     69   19.7  368.8  368.8  368.8
  111.4  16157  -76.1  -81.2     45   0.00     69   19.9  368.8  368.9  368.8
  111.2  16165  -76.2  -81.3     45   0.00     69   20.1  368.9  368.9  368.9
  111.0  16175  -76.2  -81.3     45   0.00     68   20.3  369.0  369.0  369.0
  110.9  16183  -76.3  -81.4     44   0.00     68   20.5  369.0  369.0  369.0
  110.7  16192  -76.3  -81.4     44   0.00     68   20.7  369.1  369.1  369.1
  110.5  16201  -76.4  -81.5     44   0.00     68   20.9  369.2  369.2  369.2
  110.4  16210  -76.5  -81.6     44   0.00     68   21.1  369.2  369.2  369.2
  110.2  16219  -76.5  -81.7     44   0.00     68   21.3  369.3  369.3  369.3
  110.0  16227  -76.5  -81.7     44   0.00     68   21.5  369.5  369.5  369.5
  109.9  16235  -76.5  -81.7     43   0.00     68   21.6  369.6  369.6  369.6
  109.7  16244  -76.5  -81.8     43   0.00     68   21.8  369.8  369.8  369.8
  109.5  16254  -76.5  -81.8     43   0.00     68   22.0  370.0  370.0  370.0
  109.3  16263  -76.5  -81.8     43   0.00     69   22.2  370.2  370.2  370.2
  109.2  16272  -76.5  -81.8     43   0.00     69   22.4  370.2  370.2  370.2
  109.0  16281  -76.5  -81.8     43   0.00     69   22.6  370.3  370.4  370.3
  108.8  16291  -76.6  -81.8     43   0.00     69   22.8  370.4  370.5  370.4
  108.6  16302  -76.7  -81.9     43   0.00     70   22.9  370.5  370.5  370.5
  108.4  16312  -76.7  -81.9     44   0.00     70   23.1  370.6  370.6  370.6
  108.2  16322  -76.8  -82.0     44   0.00     70   23.3  370.6  370.6  370.6
  108.0  16332  -76.9  -82.0     44   0.00     70   23.4  370.7  370.7  370.7
  107.9  16341  -76.9  -82.0     44   0.00     71   23.6  370.7  370.7  370.7
  107.7  16350  -76.9  -82.0     44   0.00     71   23.8  370.9  370.9  370.9
  107.5  16360  -77.0  -82.1     44   0.00     71   24.0  371.0  371.0  371.0
  107.3  16370  -77.0  -82.1     44   0.00     72   24.1  371.1  371.2  371.1
  107.1  16380  -77.0  -82.2     44   0.00     72   24.3  371.3  371.3  371.3
  106.9  16390  -77.1  -82.2     44   0.00     72   24.5  371.4  371.4  371.4
  106.8  16401  -77.1  -82.3     43   0.00     72   24.7  371.4  371.4  371.4
  106.6  16410  -77.2  -82.4     43   0.00     72   24.9  371.5  371.5  371.5
  106.4  16420  -77.2  -82.5     43   0.00     72   25.1  371.6  371.6  371.6
  106.2  16430  -77.3  -82.6     42   0.00     73   25.3  371.8  371.8  371.8
  106.0  16440  -77.3  -82.7     42   0.00     73   25.5  371.9  371.9  371.9
  105.9  16449  -77.3  -82.7     42   0.00     73   25.8  371.9  371.9  371.9
  105.7  16458  -77.4  -82.8     42   0.00     73   26.0  372.0  372.1  372.0
  105.5  16468  -77.4  -82.9     41   0.00     73   26.3  372.1  372.1  372.1
  105.3  16479  -77.5  -83.0     41   0.00     74   26.6  372.2  372.2  372.2
  105.1  16489  -77.5  -83.1     41   0.00     74   26.8  372.3  372.3  372.3
  104.9  16499  -77.6  -83.1     41   0.00     74   27.0  372.4  372.4  372.4
  104.8  16507  -77.6  -83.2     41   0.00     74   27.3  372.5  372.5  372.5
  104.6  16517  -77.6  -83.2     40   0.00     74   27.5  372.7  372.7  372.7
  104.4  16527  -77.6  -83.3     40   0.00     75   27.8  372.9  372.9  372.9
  104.3  16537  -77.6  -83.2     40   0.00     75   28.0  373.1  373.1  373.1
  104.1  16546  -77.5  -83.3     40   0.00     75   28.2  373.4  373.4  373.4
  103.9  16556  -77.5  -83.3     39   0.00     75   28.4  373.6  373.7  373.6
  103.7  16565  -77.4  -83.3     39   0.00     76   28.5  374.0  374.0  374.0
  103.6  16574  -77.3  -83.3     38   0.00     76   28.7  374.3  374.3  374.3
  103.4  16583  -77.2  -83.2     38   0.00     76   28.8  374.6  374.6  374.6
  103.2  16592  -77.1  -83.2     38   0.00     77   28.9  375.0  375.1  375.0
  103.1  16602  -77.1  -83.1     38   0.00     77   28.9  375.3  375.3  375.3
  102.9  16612  -77.0  -83.0     38   0.00     77   29.0  375.6  375.6  375.6
  102.7  16621  -77.0  -83.0     38   0.00     78   29.0  375.9  375.9  375.9
  102.5  16631  -77.0  -83.0     38   0.00     78   29.1  376.0  376.0  376.0
  102.4  16641  -77.1  -83.0     38   0.00     78   29.1  376.0  376.0  376.0
  102.2  16651  -77.2  -83.1     38   0.00     79   29.1  376.0  376.1  376.0
  102.0  16661  -77.2  -83.2     38   0.00     79   29.1  376.1  376.1  376.1
  101.8  16671  -77.3  -83.3     38   0.00     79   29.1  376.2  376.2  376.2
  101.7  16681  -77.3  -83.4     37   0.00     79   29.1  376.4  376.4  376.4
  101.5  16690  -77.1  -83.4     36   0.00     80   29.1  376.8  376.8  376.8
  101.3  16700  -77.0  -83.4     36   0.00     80   29.1  377.2  377.3  377.2
  101.2  16709  -76.8  -83.3     35   0.00     80   29.2  377.7  377.8  377.7
  101.0  16719  -76.7  -83.3     35   0.00     80   29.2  378.1  378.1  378.1
  100.8  16729  -76.8  -83.4     34   0.00     81   29.3  378.3  378.3  378.3
  100.6  16739  -76.8  -83.5     34   0.00     81   29.3  378.4  378.5  378.4
  100.5  16749  -76.8  -83.6     33   0.00     82   29.4  378.5  378.5  378.5
  100.3  16759  -76.8  -83.7     33   0.00     82   29.4  378.7  378.7  378.7
  100.1  16769  -76.7  -83.7     32   0.00     83   29.5  379.1  379.1  379.1
  100.0  16776  -76.5  -83.6     32   0.00     83   29.5  379.7  379.7  379.7
  100.0  16776  -76.5  -83.6     32   0.00     83   29.5  379.7  379.7  379.7
   99.9  16779  -76.4  -83.6     31   0.00     83   29.5  380.0  380.0  380.0
   99.8  16789  -76.3  -83.6     31   0.00     84   29.5  380.3  380.3  380.3
   99.6  16799  -76.2  -83.7     30   0.00     85   29.5  380.7  380.7  380.7
   99.4  16809  -76.1  -83.6     30   0.00     85   29.5  381.2  381.2  381.2
   99.2  16819  -76.0  -83.6     29   0.00     86   29.4  381.6  381.6  381.6
   99.1  16829  -75.9  -83.6     29   0.00     87   29.3  381.8  381.8  381.8
   98.9  16839  -75.8  -83.6     28   0.00     87   29.2  382.2  382.2  382.2
   98.7  16848  -75.7  -83.7     28   0.00     87   29.2  382.6  382.6  382.6
   98.6  16858  -75.6  -83.7     27   0.00     88   29.0  383.0  383.0  383.0
   98.4  16866  -75.6  -83.8     26   0.00     88   28.9  383.2  383.2  383.2
   98.3  16876  -75.5  -83.9     26   0.00     88   28.7  383.4  383.4  383.4
   98.1  16886  -75.5  -84.0     26   0.00     88   28.6  383.6  383.7  383.6
   97.9  16895  -75.5  -84.1     25   0.00     88   28.4  383.8  383.8  383.8
   97.8  16906  -75.5  -84.2     25   0.00     88   28.3  384.0  384.0  384.0
   97.6  16916  -75.6  -84.2     25   0.00     88   28.2  384.1  384.2  384.1
   97.4  16926  -75.6  -84.4     25   0.00     88   28.1  384.2  384.2  384.2
   97.3  16936  -75.7  -84.5     24   0.00     88   28.0  384.1  384.1  384.1
   97.1  16945  -75.8  -84.6     24   0.00     88   27.9  384.2  384.2  384.2
   97.0  16954  -75.9  -84.8     24   0.00     88   27.8  384.1  384.1  384.1
   96.8  16966  -76.0  -84.9     24   0.00     88   27.7  384.2  384.2  384.2
   96.6  16977  -76.1  -85.1     23   0.00     88   27.6  384.2  384.2  384.2
   96.4  16987  -76.2  -85.2     23   0.00     88   27.5  384.3  384.3  384.3
   96.2  16997  -76.2  -85.2     23   0.00     88   27.4  384.5  384.5  384.5
   96.1  17006  -76.2  -85.2     23   0.00     88   27.3  384.6  384.6  384.6
   95.9  17016  -76.2  -85.3     23   0.00     88   27.1  384.8  384.8  384.8
   95.7  17026  -76.3  -85.3     23   0.00     88   27.0  384.8  384.9  384.8
   95.6  17036  -76.4  -85.4     23   0.00     88   26.9  384.8  384.8  384.8
   95.4  17046  -76.5  -85.4     23   0.00     88   26.7  384.9  384.9  384.9
   95.2  17057  -76.5  -85.5     23   0.00     88   26.6  384.9  385.0  384.9
   95.1  17067  -76.6  -85.5     23   0.00     87   26.4  385.0  385.0  385.0
   94.9  17076  -76.6  -85.5     23   0.00     87   26.3  385.3  385.3  385.3
   94.8  17086  -76.6  -85.5     23   0.00     87   26.2  385.4  385.4  385.4
   94.6  17096  -76.6  -85.5     24   0.00     87   26.1  385.5  385.5  385.5
   94.4  17107  -76.7  -85.5     24   0.00     86   25.9  385.6  385.6  385.6
   94.3  17117  -76.7  -85.5     24   0.00     86   25.8  385.6  385.6  385.6
   94.1  17126  -76.8  -85.4     24   0.00     86   25.7  385.7  385.8  385.7
   93.9  17136  -76.8  -85.4     25   0.00     86   25.6  385.9  385.9  385.9
   93.8  17146  -76.9  -85.4     25   0.00     86   25.6  385.9  385.9  385.9
   93.6  17155  -76.9  -85.4     25   0.00     85   25.5  386.1  386.1  386.1
   93.5  17165  -77.0  -85.5     25   0.00     85   25.4  386.1  386.1  386.1
   93.3  17174  -77.0  -85.5     25   0.00     85   25.3  386.2  386.3  386.2
   93.2  17185  -77.0  -85.5     25   0.00     84   25.2  386.3  386.3  386.3
   93.0  17195  -77.0  -85.4     25   0.00     84   25.2  386.7  386.7  386.7
   92.8  17206  -77.0  -85.4     25   0.00     83   25.1  386.9  386.9  386.9
   92.6  17217  -77.1  -85.4     25   0.00     83   25.1  386.9  387.0  386.9
   92.5  17227  -77.2  -85.5     25   0.00     82   25.1  386.9  386.9  386.9
   92.3  17237  -77.2  -85.5     25   0.00     81   25.1  387.1  387.1  387.1
   92.1  17247  -77.1  -85.5     25   0.00     81   25.1  387.6  387.6  387.6
   92.0  17258  -77.0  -85.4     25   0.00     80   25.1  387.9  387.9  387.9
   91.8  17268  -76.8  -85.3     25   0.00     79   25.2  388.4  388.4  388.4
   91.7  17277  -76.6  -85.1     25   0.00     78   25.2  388.9  388.9  388.9
   91.5  17288  -76.5  -85.0     25   0.00     78   25.2  389.5  389.5  389.5
   91.3  17300  -76.6  -85.0     25   0.00     77   25.3  389.5  389.5  389.5
   91.1  17310  -76.6  -85.1     25   0.00     76   25.3  389.6  389.6  389.6
   91.0  17320  -76.7  -85.1     25   0.00     76   25.4  389.7  389.7  389.7
   90.8  17330  -76.6  -85.1     25   0.00     76   25.4  390.0  390.0  390.0
   90.6  17341  -76.6  -85.1     25   0.00     76   25.4  390.4  390.4  390.4
   90.5  17351  -76.5  -85.1     25   0.00     76   25.4  390.6  390.6  390.6
   90.4  17360  -76.5  -85.1     25   0.00     76   25.4  390.7  390.8  390.7
   90.2  17369  -76.5  -85.1     25   0.00     76   25.4  391.0  391.0  391.0
   90.0  17379  -76.4  -85.1     24   0.00     77   25.4  391.5  391.5  391.5
   89.9  17390  -76.2  -85.0     24   0.00     77   25.4  392.1  392.1  392.1
   89.7  17401  -76.1  -85.0     23   0.00     78   25.4  392.5  392.5  392.5
   89.6  17411  -76.0  -85.1     23   0.00     78   25.4  392.7  392.7  392.7
   89.4  17421  -76.0  -85.2     23   0.00     79   25.4  392.9  393.0  392.9
   89.2  17431  -76.0  -85.2     22   0.00     80   25.4  393.2  393.2  393.2
   89.1  17441  -76.1  -85.3     22   0.00     80   25.5  393.3  393.3  393.3
   88.9  17452  -76.1  -85.5     22   0.00     80   25.5  393.4  393.4  393.4
   88.8  17462  -76.2  -85.7     21   0.00     81   25.6  393.4  393.4  393.4
   88.6  17472  -76.2  -85.9     21   0.00     81   25.6  393.6  393.6  393.6
   88.5  17482  -76.1  -85.9     20   0.00     81   25.7  393.9  393.9  393.9
   88.3  17492  -75.8  -85.8     20   0.00     82   25.8  394.8  394.8  394.8
   88.1  17502  -75.4  -85.6     19   0.00     82   25.8  395.8  395.8  395.8
   88.0  17513  -75.0  -85.5     18   0.00     82   25.9  396.7  396.7  396.7
   87.8  17524  -74.8  -85.5     18   0.00     82   25.9  397.4  397.4  397.4
   87.7  17533  -74.8  -85.6     17   0.00     83   25.9  397.5  397.5  397.5
   87.5  17544  -74.8  -85.7     17   0.00     83   25.9  397.9  397.9  397.9
   87.4  17554  -74.6  -85.8     17   0.00     83   25.9  398.3  398.4  398.3
   87.2  17565  -74.4  -85.7     16   0.00     84   25.8  399.1  399.1  399.1
   87.1  17574  -74.2  -85.7     16   0.00     84   25.7  399.6  399.6  399.6
   86.9  17585  -73.9  -85.5     15   0.00     84   25.6  400.4  400.4  400.4
   86.8  17595  -73.9  -85.6     15   0.00     85   25.5  400.6  400.6  400.6
   86.6  17605  -73.9  -85.6     15   0.00     85   25.3  400.8  400.8  400.8
   86.4  17616  -74.0  -85.7     15   0.00     85   25.1  400.9  400.9  400.9
   86.3  17627  -74.1  -85.8     15   0.00     85   24.9  400.9  400.9  400.9
   86.1  17637  -74.1  -85.8     15   0.00     86   24.7  401.0  401.1  401.0
   86.0  17648  -74.2  -85.9     15   0.00     86   24.6  401.0  401.1  401.0
   85.8  17658  -74.3  -86.0     15   0.00     86   24.3  401.2  401.2  401.2
   85.7  17668  -74.3  -86.1     15   0.00     86   24.1  401.2  401.2  401.2
   85.5  17678  -74.3  -86.1     15   0.00     86   23.9  401.4  401.4  401.4
   85.4  17688  -74.4  -86.2     15   0.00     86   23.8  401.5  401.5  401.5
   85.2  17698  -74.4  -86.3     15   0.00     87   23.6  401.7  401.7  401.7
   85.1  17709  -74.4  -86.4     14   0.00     87   23.5  401.8  401.8  401.8
   84.9  17719  -74.4  -86.5     14   0.00     87   23.3  402.0  402.0  402.0
   84.8  17729  -74.5  -86.6     14   0.00     87   23.1  402.1  402.1  402.1
   84.7  17738  -74.3  -86.6     14   0.00     87   23.0  402.5  402.5  402.5
   84.5  17747  -74.2  -86.6     13   0.00     87   22.8  403.0  403.0  403.0
   84.4  17756  -74.1  -86.6     13   0.00     87   22.6  403.4  403.4  403.4
   84.3  17765  -74.0  -86.7     13   0.00     87   22.5  403.6  403.6  403.6
   84.1  17775  -74.0  -86.8     13   0.00     87   22.3  404.0  404.0  404.0
   84.0  17785  -74.0  -86.8     13   0.00     86   22.2  404.1  404.1  404.1
   83.8  17795  -74.1  -86.8     13   0.00     86   22.1  404.3  404.3  404.3
   83.7  17806  -74.1  -86.9     13   0.00     86   21.9  404.2  404.3  404.2
   83.5  17817  -74.2  -86.9     13   0.00     85   21.8  404.4  404.4  404.4
   83.4  17827  -74.2  -86.9     13   0.00     85   21.8  404.5  404.5  404.5
   83.2  17838  -74.2  -86.9     13   0.00     84   21.7  404.8  404.8  404.8
   83.0  17850  -74.3  -86.9     13   0.00     84   21.7  405.0  405.0  405.0
   82.9  17861  -74.3  -86.9     13   0.00     83   21.7  405.0  405.0  405.0
   82.7  17871  -74.4  -87.0     13   0.00     83   21.7  405.2  405.2  405.2
   82.6  17880  -74.4  -87.0     13   0.00     82   21.7  405.2  405.2  405.2
   82.5  17889  -74.5  -87.1     13   0.00     82   21.7  405.2  405.2  405.2
   82.3  17899  -74.6  -87.2     13   0.00     81   21.7  405.4  405.4  405.4
   82.2  17908  -74.5  -87.2     13   0.00     80   21.7  405.7  405.7  405.7
   82.1  17918  -74.4  -87.2     13   0.00     80   21.7  405.9  405.9  405.9
   81.9  17928  -74.4  -87.2     12   0.00     79   21.7  406.2  406.2  406.2
   81.8  17937  -74.4  -87.3     12   0.00     79   21.6  406.3  406.3  406.3
   81.7  17947  -74.5  -87.3     12   0.00     78   21.5  406.4  406.4  406.4
   81.5  17956  -74.5  -87.4     12   0.00     77   21.4  406.6  406.6  406.6
   81.4  17966  -74.5  -87.5     12   0.00     77   21.3  406.7  406.7  406.7
   81.3  17976  -74.5  -87.4     12   0.00     76   21.1  406.9  406.9  406.9
   81.1  17987  -74.4  -87.3     12   0.00     76   21.0  407.5  407.5  407.5
   81.0  17997  -74.4  -87.3     12   0.00     76   20.8  407.6  407.6  407.6
   80.8  18007  -74.4  -87.3     12   0.00     75   20.7  407.9  407.9  407.9
   80.7  18017  -74.4  -87.3     12   0.00     75   20.5  408.0  408.0  408.0
   80.5  18029  -74.5  -87.4     12   0.00     75   20.3  408.1  408.1  408.1
   80.4  18040  -74.5  -87.4     12   0.00     74   20.2  408.1  408.1  408.1
   80.2  18049  -74.6  -87.5     12   0.00     74   20.0  408.2  408.3  408.2
   80.1  18060  -74.6  -87.5     12   0.00     74   19.8  408.4  408.4  408.4
   80.0  18069  -74.6  -87.5     12   0.00     74   19.7  408.7  408.7  408.7
   79.8  18078  -74.6  -87.6     12   0.00     74   19.6  409.0  409.0  409.0
   79.7  18091  -74.6  -87.7     12   0.00     74   19.5  409.1  409.1  409.1
   79.5  18106  -74.4  -87.7     12   0.00     74   19.3  409.6  409.6  409.6
   79.3  18116  -74.3  -87.6     11   0.00     73   19.2  410.2  410.2  410.2
   79.2  18126  -74.2  -87.6     11   0.00     73   19.1  410.5  410.5  410.5
   79.0  18138  -74.2  -87.7     11   0.00     73   19.0  410.9  410.9  410.9
   78.8  18152  -74.1  -87.7     11   0.00     73   18.9  411.3  411.3  411.3
   78.7  18163  -74.1  -87.7     11   0.00     73   18.9  411.5  411.6  411.5
   78.6  18171  -74.1  -87.7     11   0.00     73   18.8  411.8  411.8  411.8
   78.4  18181  -74.0  -87.7     11   0.00     72   18.7  412.2  412.3  412.2
   78.3  18192  -73.8  -87.6     11   0.00     72   18.7  412.6  412.7  412.6
   78.1  18204  -73.9  -87.7     11   0.00     72   18.6  412.9  412.9  412.9
   78.0  18214  -73.9  -87.7     11   0.00     72   18.6  413.0  413.0  413.0
   77.9  18223  -73.9  -87.8     11   0.00     72   18.5  413.0  413.1  413.0
   77.8  18232  -74.0  -87.8     11   0.00     71   18.5  413.1  413.1  413.1
   77.6  18243  -74.1  -87.9     10   0.00     71   18.5  413.2  413.2  413.2
   77.5  18253  -74.2  -88.0     10   0.00     71   18.5  413.2  413.2  413.2
   77.4  18263  -74.2  -88.0     10   0.00     71   18.6  413.2  413.2  413.2
   77.2  18272  -74.3  -88.1     10   0.00     71   18.6  413.4  413.4  413.4
   77.1  18283  -74.3  -88.1     10   0.00     71   18.7  413.6  413.6  413.6
   77.0  18293  -74.1  -88.0     10   0.00     71   18.7  414.0  414.1  414.0
   76.8  18303  -74.0  -88.0     10   0.00     72   18.8  414.5  414.5  414.5
   76.7  18312  -74.0  -88.0     10   0.00     72   18.9  414.8  414.8  414.8
   76.6  18323  -74.0  -88.0     10   0.00     72   18.9  414.9  415.0  414.9
   76.4  18333  -74.0  -88.0     10   0.00     73   19.0  415.3  415.3  415.3
   76.3  18342  -74.0  -88.1     10   0.00     73   19.1  415.4  415.4  415.4
   76.2  18352  -74.0  -88.2     10   0.00     74   19.2  415.5  415.5  415.5
   76.1  18362  -74.1  -88.3     10   0.00     75   19.2  415.6  415.6  415.6
   75.9  18371  -74.1  -88.3     10   0.00     76   19.3  415.8  415.8  415.8
   75.8  18382  -74.1  -88.4     10   0.00     76   19.4  415.9  415.9  415.9
   75.6  18393  -74.2  -88.4     10   0.00     77   19.5  416.2  416.2  416.2
   75.5  18404  -74.2  -88.5     10   0.00     78   19.5  416.2  416.2  416.2
   75.4  18415  -74.1  -88.5      9   0.00     79   19.6  416.5  416.5  416.5
   75.2  18427  -74.0  -88.4      9   0.00     80   19.7  417.2  417.2  417.2
   75.1  18438  -73.9  -88.4      9   0.00     80   19.8  417.5  417.5  417.5
   74.9  18449  -73.9  -88.4      9   0.00     81   19.9  417.9  417.9  417.9
   74.8  18460  -73.9  -88.4      9   0.00     81   20.0  418.0  418.0  418.0
   74.6  18471  -73.8  -88.4      9   0.00     82   20.0  418.4  418.4  418.4
   74.5  18481  -73.8  -88.3      9   0.00     82   20.1  418.7  418.7  418.7
   74.4  18493  -73.9  -88.4      9   0.00     82   20.2  418.7  418.7  418.7
   74.2  18505  -73.9  -88.5      9   0.00     82   20.3  418.9  418.9  418.9
   74.0  18518  -73.8  -88.5      9   0.00     82   20.4  419.4  419.4  419.4
   73.9  18529  -73.8  -88.4      9   0.00     82   20.5  419.7  419.7  419.7
   73.7  18541  -73.7  -88.4      9   0.00     81   20.6  420.2  420.3  420.2
   73.6  18554  -73.6  -88.4      9   0.00     81   20.8  420.5  420.5  420.5
   73.4  18565  -73.5  -88.4      9   0.00     80   20.9  421.0  421.0  421.0
   73.3  18575  -73.5  -88.4      9   0.00     79   21.1  421.2  421.2  421.2
   73.2  18585  -73.6  -88.4      9   0.00     79   21.3  421.3  421.3  421.3
   73.1  18594  -73.6  -88.5      9   0.00     78   21.6  421.4  421.4  421.4
   72.9  18604  -73.6  -88.5      9   0.00     77   21.8  421.6  421.6  421.6
   72.8  18614  -73.7  -88.5      9   0.00     76   22.1  421.7  421.7  421.7
   72.7  18623  -73.7  -88.5      9   0.00     76   22.3  421.7  421.8  421.7
   72.6  18634  -73.8  -88.6      9   0.00     75   22.5  421.8  421.8  421.8
   72.5  18643  -73.9  -88.6      9   0.00     75   22.7  421.8  421.8  421.8
   72.3  18653  -73.9  -88.7      9   0.00     75   22.9  422.0  422.0  422.0
   72.2  18664  -74.0  -88.8      9   0.00     74   23.0  422.0  422.1  422.0
   72.1  18674  -74.0  -88.9      9   0.00     74   23.1  422.1  422.1  422.1
   72.0  18684  -74.1  -88.9      9   0.00     74   23.1  422.1  422.1  422.1
   71.8  18695  -74.1  -89.0      9   0.00     74   23.1  422.5  422.5  422.5
   71.7  18705  -74.1  -89.0      9   0.00     74   23.0  422.7  422.7  422.7
   71.6  18715  -74.0  -89.0      9   0.00     75   22.9  423.1  423.1  423.1
   71.5  18724  -73.7  -88.8      8   0.00     75   22.6  423.8  423.8  423.8
   71.3  18734  -73.6  -88.8      8   0.00     75   22.4  424.3  424.3  424.3
   71.2  18744  -73.7  -88.9      8   0.00     76   22.1  424.4  424.4  424.4
   71.1  18755  -73.6  -89.0      8   0.00     76   21.8  424.6  424.6  424.6
   71.0  18767  -73.5  -88.9      8   0.00     77   21.4  425.0  425.0  425.0
   70.8  18777  -73.4  -88.8      8   0.00     78   21.1  425.6  425.6  425.6
   70.7  18785  -73.4  -88.8      8   0.00     78   20.8  425.8  425.8  425.8
   70.6  18793  -73.4  -88.9      8   0.00     79   20.6  425.9  425.9  425.9
   70.5  18803  -73.5  -88.9      8   0.00     80   20.3  426.0  426.0  426.0
   70.4  18813  -73.5  -88.9      8   0.00     80   20.2  426.1  426.2  426.1
   70.3  18822  -73.5  -88.9      8   0.00     81   20.0  426.3  426.3  426.3
   70.2  18832  -73.5  -88.9      8   0.00     81   19.9  426.4  426.4  426.4
   70.0  18845  -73.5  -88.9      8   0.00     82   19.9  426.9  426.9  426.9
   69.9  18852  -73.5  -88.9      8   0.00     82   19.9  427.1  427.1  427.1
   69.8  18862  -73.5  -89.0      8   0.00     83   19.9  427.2  427.2  427.2
   69.7  18872  -73.5  -89.0      8   0.00     83   19.9  427.3  427.4  427.3
   69.6  18882  -73.5  -89.0      8   0.00     83   20.0  427.5  427.6  427.5
   69.4  18894  -73.5  -89.1      8   0.00     84   20.1  427.8  427.8  427.8
   69.3  18904  -73.6  -89.2      8   0.00     84   20.2  427.8  427.8  427.8
   69.2  18912  -73.6  -89.2      8   0.00     84   20.4  428.0  428.0  428.0
   69.1  18921  -73.5  -89.2      8   0.00     84   20.5  428.3  428.3  428.3
   69.0  18930  -73.5  -89.2      8   0.00     84   20.6  428.5  428.5  428.5
   68.9  18940  -73.5  -89.2      8   0.00     84   20.8  428.8  428.9  428.8
   68.8  18950  -73.4  -89.1      8   0.00     84   21.0  429.1  429.1  429.1
   68.7  18959  -73.4  -89.1      8   0.00     83   21.1  429.4  429.4  429.4
   68.6  18967  -73.3  -89.0      8   0.00     83   21.4  429.7  429.7  429.7
   68.5  18976  -73.3  -89.0      8   0.00     83   21.6  430.0  430.0  430.0
   68.3  18986  -73.2  -89.0      8   0.00     82   21.8  430.4  430.4  430.4
   68.2  18995  -73.3  -89.1      8   0.00     82   22.1  430.4  430.4  430.4
   68.1  19003  -73.4  -89.1      8   0.00     82   22.4  430.4  430.5  430.4
   68.0  19012  -73.4  -89.2      8   0.00     81   22.7  430.5  430.5  430.5
   67.9  19022  -73.5  -89.3      7   0.00     81   22.9  430.6  430.6  430.6
   67.8  19032  -73.5  -89.4      7   0.00     81   23.1  430.7  430.7  430.7
   67.7  19042  -73.5  -89.4      7   0.00     81   23.3  431.0  431.0  431.0
   67.6  19052  -73.4  -89.4      7   0.00     81   23.5  431.2  431.3  431.2
   67.5  19061  -73.4  -89.4      7   0.00     82   23.7  431.4  431.5  431.4
   67.4  19070  -73.4  -89.4      7   0.00     82   23.9  431.7  431.7  431.7
   67.3  19078  -73.4  -89.4      7   0.00     83   24.0  431.9  431.9  431.9
   67.2  19088  -73.4  -89.5      7   0.00     83   24.1  432.1  432.1  432.1
   67.0  19097  -73.4  -89.5      7   0.00     84   24.2  432.5  432.5  432.5
   66.9  19108  -73.4  -89.5      7   0.00     85   24.2  432.7  432.7  432.7
   66.8  19117  -73.3  -89.6      7   0.00     85   24.1  432.9  432.9  432.9
   66.7  19125  -73.3  -89.6      7   0.00     86   24.0  433.2  433.2  433.2
   66.6  19133  -73.1  -89.5      7   0.00     87   23.9  433.8  433.8  433.8
   66.5  19141  -72.9  -89.4      7   0.00     88   23.8  434.5  434.5  434.5
   66.4  19151  -72.8  -89.4      7   0.00     88   23.7  434.9  434.9  434.9
   66.3  19162  -72.7  -89.4      7   0.00     89   23.6  435.2  435.3  435.2
   66.2  19172  -72.6  -89.4      6   0.00     89   23.5  435.6  435.6  435.6
   66.1  19179  -72.7  -89.5      6   0.00     90   23.4  435.7  435.7  435.7
   66.0  19189  -72.7  -89.5      6   0.00     90   23.3  435.8  435.8  435.8
   65.9  19201  -72.7  -89.6      6   0.00     91   23.2  436.0  436.0  436.0
   65.8  19211  -72.7  -89.6      6   0.00     91   23.1  436.2  436.2  436.2
   65.7  19220  -72.6  -89.6      6   0.00     91   22.9  436.5  436.5  436.5
   65.6  19228  -72.6  -89.6      6   0.00     92   22.8  436.7  436.8  436.7
   65.5  19236  -72.6  -89.6      6   0.00     92   22.7  436.9  436.9  436.9
   65.3  19248  -72.6  -89.6      6   0.00     92   22.5  437.4  437.4  437.4
   65.2  19259  -72.5  -89.6      6   0.00     93   22.3  437.7  437.7  437.7
   65.1  19267  -72.5  -89.7      6   0.00     93   22.2  437.9  437.9  437.9
   65.0  19279  -72.5  -89.7      6   0.00     93   22.0  438.1  438.1  438.1
   64.9  19293  -72.4  -89.7      6   0.00     94   21.8  438.5  438.5  438.5
   64.7  19303  -72.3  -89.7      6   0.00     94   21.6  439.1  439.1  439.1
   64.6  19320  -72.3  -89.8      6   0.00     94   21.2  439.3  439.3  439.3
   64.4  19331  -72.3  -89.9      6   0.00     94   21.0  439.6  439.6  439.6
   64.3  19343  -72.4  -90.0      6   0.00     93   20.8  439.8  439.8  439.8
   64.2  19354  -72.3  -90.0      6   0.00     93   20.6  440.2  440.2  440.2
   64.1  19364  -72.2  -90.0      5   0.00     93   20.4  440.6  440.6  440.6
   64.0  19374  -72.0  -89.9      5   0.00     92   20.2  441.1  441.1  441.1
   63.8  19386  -71.9  -89.9      5   0.00     92   20.0  441.7  441.7  441.7
   63.7  19398  -71.9  -90.0      5   0.00     91   19.8  442.0  442.0  442.0
   63.6  19408  -71.8  -90.0      5   0.00     91   19.7  442.3  442.3  442.3
   63.5  19418  -71.7  -89.9      5   0.00     90   19.6  442.7  442.7  442.7
   63.4  19430  -71.6  -89.9      5   0.00     90   19.4  443.1  443.1  443.1
   63.2  19441  -71.6  -89.9      5   0.00     89   19.3  443.6  443.6  443.6
   63.1  19452  -71.6  -90.0      5   0.00     89   19.2  443.8  443.8  443.8
   63.0  19462  -71.6  -90.0      5   0.00     89   19.1  444.0  444.0  444.0
   62.9  19474  -71.4  -89.9      5   0.00     89   19.0  444.6  444.6  444.6
   62.8  19486  -71.2  -89.8      5   0.00     89   18.9  445.4  445.4  445.4
   62.6  19496  -71.1  -89.8      5   0.00     89   18.8  445.9  446.0  445.9
   62.5  19507  -71.0  -89.7      5   0.00     89   18.7  446.4  446.4  446.4
   62.4  19519  -70.9  -89.7      5   0.00     89   18.6  446.7  446.8  446.7
   62.3  19531  -70.9  -89.7      5   0.00     89   18.4  446.9  446.9  446.9
   62.2  19542  -70.9  -89.7      5   0.00     89   18.3  447.2  447.2  447.2
   62.0  19554  -71.0  -89.8      5   0.00     90   18.1  447.5  447.5  447.5
   61.9  19565  -71.0  -89.8      5   0.00     90   18.0  447.6  447.7  447.6
   61.8  19575  -71.0  -89.8      5   0.00     90   17.8  447.7  447.7  447.7
   61.7  19586  -71.1  -89.8      5   0.00     91   17.7  447.8  447.8  447.8
   61.6  19599  -71.2  -89.9      5   0.00     91   17.6  447.8  447.8  447.8
   61.4  19611  -71.3  -90.0      5   0.00     91   17.6  448.0  448.0  448.0
   61.3  19622  -71.3  -89.9      5   0.00     91   17.5  448.2  448.2  448.2
   61.2  19633  -71.2  -89.8      5   0.00     91   17.5  448.5  448.6  448.5
   61.1  19646  -71.3  -89.9      5   0.00     91   17.6  448.5  448.5  448.5
   60.9  19661  -71.5  -90.0      5   0.00     92   17.7  448.6  448.6  448.6
   60.8  19674  -71.6  -90.0      5   0.00     91   17.8  448.5  448.5  448.5
   60.7  19684  -71.7  -90.1      5   0.00     91   17.8  448.5  448.5  448.5
   60.6  19697  -71.8  -90.1      5   0.00     91   18.0  448.5  448.5  448.5
   60.4  19712  -71.9  -90.2      5   0.00     91   18.2  448.8  448.8  448.8
   60.3  19724  -71.7  -90.0      5   0.00     91   18.4  449.5  449.5  449.5
   60.2  19734  -71.6  -89.9      5   0.00     91   18.6  449.8  449.8  449.8
   60.1  19745  -71.6  -89.9      5   0.00     91   18.9  450.2  450.2  450.2
   60.0  19756  -71.6  -89.9      5   0.00     91   19.2  450.3  450.3  450.3
   59.8  19767  -71.7  -89.9      5   0.00     91   19.5  450.5  450.5  450.5
   59.7  19777  -71.8  -90.0      5   0.00     91   19.8  450.5  450.5  450.5
   59.6  19791  -71.8  -90.0      5   0.00     91   20.1  450.6  450.6  450.6
   59.5  19803  -71.9  -90.0      5   0.00     91   20.4  450.8  450.8  450.8
   59.4  19814  -71.9  -90.0      5   0.00     91   20.7  450.9  450.9  450.9
   59.3  19825  -72.0  -90.0      5   0.00     92   21.0  451.0  451.0  451.0
   59.1  19838  -72.1  -90.0      5   0.00     92   21.2  451.2  451.2  451.2
   59.0  19851  -72.2  -90.1      5   0.00     92   21.4  451.2  451.2  451.2
   58.9  19864  -72.3  -90.1      5   0.00     92   21.6  451.1  451.1  451.1
   58.8  19875  -72.4  -90.2      5   0.00     92   21.7  451.2  451.2  451.2
   58.6  19886  -72.5  -90.2      5   0.00     92   21.8  451.4  451.4  451.4
   58.5  19897  -72.5  -90.3      5   0.00     92   21.8  451.4  451.4  451.4
   58.4  19908  -72.6  -90.4      5   0.00     92   21.8  451.5  451.5  451.5
   58.3  19919  -72.7  -90.5      5   0.00     92   21.7  451.5  451.5  451.5
   58.2  19930  -72.8  -90.6      5   0.00     92   21.6  451.5  451.5  451.5
   58.1  19939  -72.8  -90.7      5   0.00     92   21.5  451.7  451.7  451.7
   58.0  19947  -72.7  -90.7      5   0.00     91   21.3  452.2  452.2  452.2
   57.9  19956  -72.1  -90.4      5   0.00     91   21.2  453.7  453.7  453.7
   57.8  19973  -71.9  -90.3      5   0.00     91   20.8  454.5  454.5  454.5
   57.7  19982  -71.9  -90.4      5   0.00     90   20.6  454.6  454.6  454.6
   57.6  19991  -71.9  -90.5      5   0.00     90   20.4  454.8  454.9  454.8
   57.5  20000  -71.9  -90.6      5   0.00     90   20.2  455.1  455.1  455.1
   57.4  20009  -71.9  -90.6      5   0.00     90   20.0  455.3  455.3  455.3
   57.3  20018  -71.7  -90.6      5   0.00     91   19.8  455.9  455.9  455.9
   57.2  20028  -71.5  -90.4      5   0.00     91   19.7  456.7  456.7  456.7
   57.1  20038  -71.3  -90.4      4   0.00     91   19.6  457.3  457.3  457.3
   57.0  20055  -71.3  -90.5      4   0.00     92   19.4  457.5  457.5  457.5
   56.9  20064  -71.3  -90.6      4   0.00     92   19.4  457.7  457.8  457.7
   56.8  20073  -71.3  -90.6      4   0.00     92   19.4  458.1  458.1  458.1
   56.7  20082  -71.2  -90.6      4   0.00     92   19.5  458.6  458.6  458.6
   56.6  20091  -70.9  -90.4      4   0.00     93   19.6  459.3  459.3  459.3
   56.5  20109  -70.9  -90.4      4   0.00     93   19.8  459.8  459.8  459.8
   56.4  20118  -70.8  -90.4      4   0.00     93   19.9  460.0  460.0  460.0
   56.3  20126  -70.8  -90.4      4   0.00     93   20.1  460.3  460.3  460.3
   56.2  20136  -70.9  -90.5      4   0.00     93   20.2  460.4  460.5  460.4
   56.1  20146  -70.9  -90.6      4   0.00     93   20.3  460.5  460.5  460.5
   56.0  20154  -71.0  -90.6      4   0.00     93   20.4  460.6  460.6  460.6
   55.9  20164  -71.0  -90.6      4   0.00     93   20.5  460.8  460.8  460.8
   55.8  20174  -71.0  -90.6      4   0.00     93   20.6  461.1  461.1  461.1
   55.7  20192  -70.9  -90.5      4   0.00     93   20.6  461.6  461.6  461.6
   55.6  20202  -70.8  -90.4      4   0.00     93   20.6  462.0  462.0  462.0
   55.5  20211  -70.8  -90.4      4   0.00     93   20.6  462.2  462.2  462.2
   55.4  20221  -70.9  -90.4      4   0.00     93   20.6  462.4  462.4  462.4
   55.3  20229  -70.9  -90.5      4   0.00     93   20.6  462.5  462.5  462.5
   55.2  20247  -71.1  -90.6      4   0.00     93   20.5  462.3  462.3  462.3
   55.1  20256  -71.1  -90.6      4   0.00     93   20.5  462.4  462.4  462.4
   55.0  20265  -71.2  -90.7      4   0.00     93   20.5  462.5  462.5  462.5
   54.9  20275  -71.3  -90.8      4   0.00     93   20.4  462.5  462.5  462.5
   54.8  20285  -71.4  -90.9      4   0.00     93   20.4  462.5  462.5  462.5
   54.7  20294  -71.5  -91.0      4   0.00     93   20.3  462.5  462.6  462.5
   54.6  20312  -71.6  -91.2      4   0.00     93   20.1  462.5  462.5  462.5
   54.5  20321  -71.6  -91.3      4   0.00     92   20.0  462.8  462.9  462.8
   54.4  20329  -71.5  -91.3      4   0.00     92   19.8  463.2  463.2  463.2
   54.3  20339  -71.3  -91.3      4   0.00     92   19.6  464.1  464.1  464.1
   54.2  20349  -70.8  -91.0      4   0.00     92   19.4  465.5  465.5  465.5
   54.1  20357  -70.6  -91.1      4   0.00     92   19.1  466.2  466.2  466.2
   54.0  20374  -70.1  -91.1      3   0.00     92   18.6  467.6  467.6  467.6
   53.9  20382  -69.7  -91.0      3   0.00     92   18.4  468.7  468.7  468.7
   53.8  20391  -69.7  -91.2      3   0.00     92   18.1  468.9  468.9  468.9
   53.7  20409  -69.4  -91.3      3   0.00     92   17.5  469.8  469.8  469.8
   53.6  20418  -69.3  -91.5      3   0.00     92   17.2  470.3  470.3  470.3
   53.5  20429  -69.2  -91.6      3   0.00     92   16.9  470.7  470.7  470.7
   53.4  20439  -68.9  -91.6      3   0.00     93   16.7  471.7  471.7  471.7
   53.3  20448  -68.1  -91.1      2   0.00     93   16.4  473.7  473.8  473.7
   53.2  20458  -67.4  -90.7      2   0.00     93   16.2  475.6  475.7  475.6
   53.1  20469  -67.1  -90.6      2   0.00     93   16.0  476.8  476.8  476.8
   53.0  20480  -67.0  -90.6      2   0.00     92   15.9  477.2  477.3  477.2
   52.9  20492  -66.9  -90.7      2   0.00     92   15.7  477.6  477.6  477.6
   52.8  20504  -66.9  -90.7      2   0.00     92   15.6  478.0  478.0  478.0
   52.7  20515  -66.9  -90.8      2   0.00     92   15.5  478.1  478.1  478.1
   52.6  20526  -67.0  -90.8      2   0.00     92   15.4  478.3  478.3  478.3
   52.5  20546  -66.8  -90.7      2   0.00     92   15.3  478.9  478.9  478.9
   52.4  20557  -66.8  -90.7      2   0.00     92   15.2  479.2  479.2  479.2
   52.3  20568  -66.8  -90.7      2   0.00     91   15.3  479.4  479.4  479.4
   52.2  20580  -66.9  -90.7      2   0.00     91   15.3  479.6  479.6  479.6
   52.1  20592  -66.9  -90.7      2   0.00     91   15.3  479.7  479.7  479.7
   52.0  20603  -66.9  -90.6      2   0.00     91   15.4  479.9  480.0  479.9
   51.9  20615  -66.9  -90.5      2   0.00     90   15.5  480.3  480.3  480.3
   51.8  20628  -66.9  -90.5      2   0.00     90   15.6  480.4  480.5  480.4
   51.7  20639  -67.0  -90.5      2   0.00     90   15.7  480.5  480.5  480.5
   51.6  20650  -67.1  -90.5      2   0.00     89   15.8  480.7  480.7  480.7
   51.5  20662  -67.1  -90.5      2   0.00     88   15.9  480.9  480.9  480.9
   51.4  20674  -67.1  -90.5      2   0.00     88   16.0  481.0  481.1  481.0
   51.3  20686  -67.2  -90.5      2   0.00     87   16.1  481.3  481.3  481.3
   51.2  20697  -67.1  -90.4      2   0.00     87   16.1  481.6  481.6  481.6
   51.1  20708  -67.1  -90.4      2   0.00     86   16.2  481.8  481.9  481.8
   51.0  20719  -67.2  -90.4      2   0.00     86   16.2  482.0  482.0  482.0
   50.9  20730  -67.2  -90.4      2   0.00     85   16.3  482.2  482.2  482.2
   50.8  20741  -67.2  -90.4      2   0.00     85   16.4  482.4  482.4  482.4
   50.7  20753  -67.3  -90.5      2   0.00     85   16.5  482.6  482.6  482.6
   50.6  20764  -67.3  -90.5      2   0.00     85   16.6  482.8  482.8  482.8
   50.5  20776  -67.3  -90.5      2   0.00     84   16.8  483.1  483.1  483.1
   50.4  20787  -67.4  -90.5      2   0.00     85   16.9  483.2  483.3  483.2
   50.3  20799  -67.4  -90.5      2   0.00     85   17.1  483.4  483.4  483.4
   50.2  20811  -67.5  -90.6      2   0.00     85   17.2  483.5  483.5  483.5
   50.1  20822  -67.5  -90.6      2   0.00     85   17.5  483.7  483.7  483.7
   50.0  20836  -67.5  -90.7      2   0.00     86   18.0  483.9  483.9  483.9
   49.9  20843  -67.6  -90.7      2   0.00     86   18.0  484.1  484.1  484.1
   49.8  20864  -67.5  -90.7      2   0.00     88   18.6  484.5  484.5  484.5
   49.7  20875  -67.5  -90.6      2   0.00     88   18.8  484.9  484.9  484.9
   49.6  20886  -67.4  -90.6      2   0.00     89   19.0  485.3  485.3  485.3
   49.5  20896  -67.4  -90.6      2   0.00     89   19.2  485.7  485.7  485.7
   49.4  20906  -67.4  -90.6      2   0.00     90   19.4  486.0  486.0  486.0
   49.3  20915  -67.4  -90.6      2   0.00     91   19.6  486.3  486.3  486.3
   49.2  20936  -67.3  -90.6      2   0.00     91   19.9  486.6  486.7  486.6
   49.1  20947  -67.4  -90.7      2   0.00     92   20.1  486.9  486.9  486.9
   49.0  20958  -67.4  -90.7      2   0.00     92   20.2  487.0  487.0  487.0
   48.9  20970  -67.5  -90.8      2   0.00     92   20.3  487.1  487.1  487.1
   48.8  20982  -67.6  -90.9      2   0.00     92   20.3  487.2  487.2  487.2
   48.7  20994  -67.6  -90.9      2   0.00     92   20.4  487.4  487.4  487.4
   48.6  21004  -67.5  -90.8      2   0.00     92   20.4  487.9  487.9  487.9
   48.5  21021  -67.3  -90.7      2   0.00     92   20.6  488.8  488.8  488.8
   48.4  21031  -67.2  -90.6      2   0.00     92   20.6  489.2  489.2  489.2
   48.3  21041  -67.2  -90.6      2   0.00     92   20.6  489.6  489.6  489.6
   48.2  21060  -67.3  -90.7      2   0.00     91   20.7  489.7  489.7  489.7
   48.1  21069  -67.3  -90.7      2   0.00     91   20.8  489.8  489.8  489.8
   48.0  21079  -67.4  -90.7      2   0.00     90   20.9  490.0  490.0  490.0
   47.9  21097  -67.5  -90.7      2   0.00     89   21.1  490.1  490.1  490.1
   47.8  21107  -67.5  -90.7      2   0.00     89   21.2  490.2  490.3  490.2
   47.7  21116  -67.5  -90.7      2   0.00     89   21.3  490.5  490.5  490.5
   47.6  21132  -67.6  -90.7      2   0.00     88   21.6  490.7  490.7  490.7
   47.5  21141  -67.6  -90.7      2   0.00     88   21.7  490.9  490.9  490.9
   47.4  21158  -67.6  -90.8      2   0.00     87   21.9  491.1  491.2  491.1
   47.3  21166  -67.6  -90.8      2   0.00     87   22.0  491.4  491.4  491.4
   47.2  21182  -67.6  -90.8      2   0.00     87   22.0  491.7  491.7  491.7
   47.1  21191  -67.7  -90.9      2   0.00     87   21.9  491.9  492.0  491.9
   47.0  21207  -67.6  -90.9      2   0.00     87   21.8  492.4  492.4  492.4
   46.9  21222  -67.6  -90.9      2   0.00     88   21.6  492.8  492.8  492.8
   46.8  21228  -67.5  -90.9      2   0.00     88   21.5  493.2  493.2  493.2
   46.7  21243  -67.4  -90.9      2   0.00     89   21.3  493.8  493.8  493.8
   46.6  21258  -67.3  -90.9      2   0.00     89   21.2  494.4  494.4  494.4
   46.5  21272  -67.2  -90.9      2   0.00     90   21.2  494.8  494.8  494.8
   46.4  21285  -67.2  -90.9      2   0.00     90   21.3  495.1  495.1  495.1
   46.3  21299  -67.1  -90.8      2   0.00     90   21.4  495.7  495.7  495.7
   46.2  21312  -67.1  -90.9      2   0.00     90   21.4  495.9  495.9  495.9
   46.1  21324  -67.1  -90.9      2   0.00     91   21.4  496.2  496.3  496.2
   46.0  21337  -67.1  -90.9      2   0.00     91   21.4  496.5  496.6  496.5
   45.9  21349  -67.2  -90.9      2   0.00     91   21.3  496.8  496.8  496.8
   45.8  21360  -67.2  -90.9      2   0.00     92   21.2  497.1  497.1  497.1
   45.7  21376  -67.0  -90.8      2   0.00     92   21.2  497.8  497.9  497.8
   45.6  21386  -67.0  -90.9      2   0.00     93   21.2  498.0  498.0  498.0
   45.5  21401  -67.1  -91.0      2   0.00     93   21.4  498.1  498.1  498.1
   45.4  21414  -67.0  -91.0      2   0.00     94   21.4  498.7  498.8  498.7
   45.3  21427  -66.8  -91.1      2   0.00     94   21.3  499.5  499.6  499.5
   45.2  21439  -66.6  -91.1      2   0.00     95   20.9  500.4  500.4  500.4
   45.1  21455  -66.2  -91.0      2   0.00     95   20.3  501.7  501.7  501.7
   45.0  21465  -66.0  -90.9      2   0.00     96   19.6  502.3  502.4  502.3
   44.9  21479  -66.1  -90.9      2   0.00     95   18.6  502.6  502.6  502.6
