Latitude: 22.312 Longitude: 114.17
-----------------------------------------------------------------------------
   PRES   HGHT   TEMP   DWPT   RELH   MIXR   DRCT   SPED   THTA   THTE   THTV
    hPa      m      C      C      %   g/kg    deg    m/s      K      K      K 
-----------------------------------------------------------------------------
 1000.0     66   29.5   24.4     74  19.60    256    1.2  302.7  361.0  306.2
  999.7     68   29.1   24.6     76  19.83    271    2.4  302.3  361.3  305.9
  997.4     89   29.0   24.5     76  19.74    272    2.8  302.4  361.1  306.0
  995.5    106   29.1   24.3     75  19.54    272    3.0  302.6  360.8  306.1
  994.1    119   29.1   24.2     75  19.46    273    3.3  302.7  360.7  306.2
  993.0    129   28.9   24.1     75  19.36    274    3.5  302.7  360.3  306.2
  991.8    139   28.7   23.8     75  19.01    275    3.6  302.6  359.2  306.0
  990.4    152   28.8   23.7     74  18.91    276    3.8  302.8  359.1  306.2
  988.9    166   28.8   23.5     73  18.79    277    3.8  302.9  358.9  306.3
  987.5    178   28.7   23.4     73  18.71    278    3.8  302.9  358.7  306.3
  986.4    188   28.7   23.4     73  18.65    279    3.8  303.0  358.6  306.4
  985.4    197   28.6   23.3     73  18.63    281    3.7  303.0  358.5  306.3
  984.4    206   28.5   23.3     73  18.60    282    3.7  303.0  358.5  306.4
  983.5    214   28.5   23.3     73  18.57    283    3.6  303.0  358.4  306.4
  982.7    222   28.4   23.2     73  18.52    285    3.5  303.1  358.3  306.4
  981.8    230   28.4   23.2     74  18.55    285    3.4  303.1  358.4  306.5
  980.5    241   28.3   23.2     74  18.58    286    3.3  303.2  358.6  306.5
  979.2    254   28.2   23.2     74  18.55    286    3.2  303.2  358.5  306.5
  978.0    264   28.1   23.0     74  18.38    285    3.2  303.2  358.0  306.5
  977.0    274   28.1   22.5     71  17.79    284    3.1  303.3  356.3  306.5
  976.0    282   28.3   21.5     67  16.73    283    3.1  303.5  353.5  306.5
  975.2    290   28.5   20.9     63  16.15    281    3.0  303.8  352.1  306.7
  974.3    298   28.5   21.0     64  16.25    279    3.0  303.9  352.5  306.9
  973.3    307   28.5   21.1     64  16.42    277    3.0  304.0  353.2  307.0
  972.4    316   28.5   21.2     65  16.52    275    3.0  304.1  353.5  307.1
  971.5    324   28.4   21.1     65  16.47    273    2.9  304.1  353.3  307.1
  970.4    334   28.3   21.2     65  16.52    271    2.9  304.1  353.5  307.1
  969.3    344   28.2   21.2     66  16.57    270    2.9  304.1  353.7  307.1
  968.2    354   28.1   21.3     66  16.69    269    2.8  304.1  354.0  307.1
  967.3    363   28.0   21.3     67  16.70    269    2.8  304.0  354.0  307.1
  966.4    371   27.9   21.2     67  16.62    269    2.7  304.0  353.8  307.1
  965.6    378   27.9   21.2     67  16.66    270    2.6  304.1  353.9  307.1
  964.9    385   27.8   21.3     68  16.75    272    2.4  304.0  354.2  307.1
  964.2    391   27.8   21.1     67  16.60    275    2.3  304.1  353.8  307.1
  963.3    399   27.7   21.1     67  16.60    278    2.2  304.1  353.8  307.1
  962.4    408   27.6   21.1     67  16.55    282    2.1  304.1  353.6  307.1
  961.4    417   27.5   21.0     68  16.55    286    2.0  304.1  353.6  307.1
  960.5    425   27.5   21.0     68  16.54    291    1.9  304.1  353.6  307.1
  959.8    432   27.4   21.1     68  16.59    296    1.9  304.1  353.7  307.1
  959.0    439   27.3   21.2     69  16.74    301    2.0  304.1  354.2  307.1
  958.0    448   27.2   21.5     71  17.14    304    2.0  304.1  355.4  307.2
  956.8    460   27.1   22.1     74  17.80    307    2.1  304.0  357.3  307.3
  955.6    471   26.9   22.0     74  17.69    308    2.2  304.0  356.9  307.2
  954.6    480   26.8   21.7     74  17.42    309    2.3  304.0  356.1  307.2
  953.7    488   26.8   21.8     74  17.45    309    2.3  304.0  356.2  307.2
  952.8    497   26.7   21.9     75  17.64    309    2.4  304.0  356.8  307.2
  951.6    508   26.6   22.0     76  17.78    308    2.5  304.0  357.2  307.2
  950.3    520   26.5   22.2     77  18.02    307    2.5  304.0  357.9  307.3
  949.2    530   26.3   22.4     79  18.27    305    2.5  303.9  358.6  307.2
  948.3    539   26.2   22.4     80  18.31    304    2.5  304.0  358.7  307.3
  947.5    546   26.2   22.3     80  18.23    304    2.5  304.0  358.5  307.3
  946.8    552   26.1   22.3     80  18.18    303    2.5  304.0  358.3  307.3
  946.2    559   26.1   22.3     80  18.21    303    2.5  304.0  358.5  307.3
  945.3    566   26.0   22.3     80  18.27    303    2.5  304.0  358.7  307.3
  944.5    574   25.9   22.2     80  18.15    303    2.5  304.0  358.3  307.3
  943.8    581   25.9   22.1     79  17.99    304    2.5  304.0  357.9  307.3
  943.0    588   25.9   22.0     79  17.94    305    2.5  304.1  357.8  307.4
  942.1    597   25.9   22.0     79  17.93    307    2.5  304.2  357.9  307.4
  941.1    606   25.8   21.9     79  17.90    308    2.5  304.2  357.8  307.5
  940.2    615   25.8   21.9     79  17.83    310    2.6  304.2  357.6  307.5
  939.3    623   25.7   21.8     79  17.76    312    2.6  304.3  357.4  307.5
  938.4    631   25.7   21.8     79  17.74    313    2.6  304.3  357.4  307.5
  937.5    640   25.6   21.8     79  17.79    315    2.7  304.3  357.6  307.5
  936.8    647   25.5   21.9     80  17.92    317    2.7  304.3  358.0  307.6
  936.1    653   25.5   21.9     81  17.93    318    2.8  304.3  358.0  307.6
  935.5    659   25.4   21.9     81  17.96    319    2.9  304.3  358.1  307.6
  934.6    667   25.4   22.0     81  18.04    320    2.9  304.3  358.4  307.6
  933.5    677   25.3   22.0     82  18.10    321    3.0  304.4  358.6  307.7
  932.5    687   25.3   21.9     81  17.97    321    3.0  304.4  358.3  307.7
  931.6    696   25.3   21.5     80  17.63    321    3.1  304.6  357.4  307.8
  930.7    704   25.3   21.2     78  17.33    320    3.2  304.6  356.6  307.8
  929.7    713   25.3   21.3     79  17.38    319    3.2  304.7  356.8  307.8
  928.8    722   25.2   21.3     79  17.41    318    3.3  304.7  356.9  307.9
  928.0    730   25.1   21.4     80  17.50    316    3.3  304.7  357.2  307.9
  927.1    739   25.0   21.3     80  17.49    314    3.3  304.7  357.1  307.9
  926.1    748   24.9   21.5     82  17.74    312    3.3  304.7  357.9  307.9
  925.1    757   24.8   21.5     82  17.77    310    3.4  304.6  357.9  307.9
  925.0    758   24.8   21.5     82  17.76    308    3.4  304.6  357.9  307.9
  924.1    767   24.7   21.4     82  17.68    308    3.4  304.6  357.7  307.8
  923.3    775   24.6   21.5     82  17.70    307    3.4  304.6  357.8  307.9
  922.4    783   24.6   21.4     82  17.61    305    3.3  304.7  357.5  307.9
  921.3    794   24.5   21.1     81  17.36    304    3.3  304.7  356.8  307.9
  920.2    805   24.5   20.8     80  17.04    304    3.3  304.8  355.9  307.9
  919.1    815   24.5   20.6     79  16.86    303    3.3  304.9  355.5  307.9
  918.0    825   24.4   20.5     79  16.81    304    3.3  304.9  355.4  308.0
  916.8    837   24.3   20.5     79  16.79    305    3.3  304.9  355.4  308.0
  915.7    847   24.2   20.3     79  16.61    306    3.4  305.0  354.8  308.0
  914.9    855   24.2   20.3     79  16.56    307    3.4  305.0  354.7  308.0
  914.3    861   24.1   20.3     79  16.59    308    3.5  304.9  354.7  308.0
  913.6    868   24.0   20.1     79  16.45    308    3.5  305.0  354.4  308.0
  912.6    877   24.0   19.9     78  16.25    309    3.6  305.0  353.8  308.0
  911.5    888   23.9   19.8     78  16.12    309    3.7  305.1  353.5  308.0
  910.4    898   23.9   19.5     76  15.85    308    3.7  305.1  352.8  308.0
  909.4    908   23.8   19.2     75  15.60    308    3.8  305.2  352.0  308.0
  908.5    917   23.7   19.0     75  15.38    306    3.8  305.1  351.4  308.0
  907.5    927   23.7   18.5     72  14.93    305    3.8  305.2  350.1  308.0
  906.5    936   23.7   18.6     73  15.02    303    3.8  305.3  350.5  308.0
  905.7    944   23.6   18.6     74  15.07    301    3.8  305.3  350.6  308.0
  904.8    953   23.5   18.8     75  15.26    299    3.8  305.3  351.2  308.1
  903.9    962   23.4   18.9     76  15.34    297    3.8  305.2  351.3  308.0
  902.9    970   23.4   18.6     74  15.07    295    3.7  305.3  350.7  308.1
  901.8    981   23.3   18.7     75  15.23    294    3.6  305.3  351.1  308.1
  900.7    992   23.2   18.5     75  15.00    293    3.6  305.4  350.5  308.1
  899.4   1004   23.1   18.5     75  15.04    293    3.5  305.4  350.7  308.2
  898.2   1016   23.0   18.1     74  14.75    293    3.4  305.4  349.8  308.1
  897.3   1026   23.0   18.0     74  14.63    295    3.3  305.4  349.5  308.1
  896.4   1034   22.9   18.0     74  14.62    297    3.3  305.5  349.5  308.1
  895.5   1043   22.8   18.0     74  14.65    299    3.2  305.4  349.5  308.1
  894.5   1052   22.8   17.5     72  14.17    302    3.1  305.5  348.2  308.1
  893.9   1059   22.8   17.1     70  13.87    305    3.1  305.6  347.4  308.2
  893.3   1064   22.8   17.1     70  13.84    308    3.1  305.7  347.4  308.2
  892.6   1071   22.8   17.0     70  13.79    311    3.1  305.7  347.3  308.3
  891.8   1079   22.8   16.9     69  13.74    313    3.1  305.8  347.3  308.3
  890.9   1088   22.8   16.9     69  13.75    314    3.1  305.9  347.4  308.4
  890.0   1097   22.8   17.1     70  13.93    315    3.0  306.0  348.1  308.6
  888.9   1108   22.8   17.2     71  14.07    315    3.0  306.0  348.5  308.6
  887.9   1117   22.7   17.2     71  14.05    314    2.9  306.0  348.4  308.6
  887.1   1125   22.6   17.5     73  14.37    313    2.8  306.0  349.4  308.7
  886.2   1134   22.5   17.7     74  14.56    311    2.6  306.0  349.9  308.7
  885.3   1143   22.4   17.9     76  14.73    308    2.5  306.0  350.5  308.7
  884.5   1151   22.3   18.0     76  14.84    306    2.3  306.0  350.8  308.7
  883.6   1160   22.3   18.1     77  14.93    303    2.2  306.0  351.1  308.8
  882.7   1169   22.3   17.6     75  14.51    299    2.0  306.1  349.9  308.8
  881.9   1176   22.4   16.8     70  13.74    296    1.8  306.4  347.9  308.9
  881.3   1183   22.5   16.2     68  13.27    293    1.7  306.5  346.7  309.0
  880.6   1189   22.6   16.0     66  13.07    291    1.5  306.7  346.3  309.1
  879.8   1197   22.6   16.0     66  13.12    289    1.4  306.8  346.5  309.2
  879.0   1206   22.6   16.2     67  13.29    288    1.3  306.8  347.1  309.2
  878.0   1215   22.5   16.5     69  13.55    287    1.1  306.8  347.9  309.3
  877.1   1224   22.4   16.8     71  13.88    286    1.0  306.8  348.8  309.3
  876.1   1234   22.2   17.1     73  14.15    285    0.9  306.7  349.6  309.3
  875.3   1242   22.1   17.3     74  14.32    285    0.8  306.7  350.0  309.3
  874.5   1250   22.0   17.6     76  14.66    284    0.7  306.7  351.0  309.4
  873.9   1256   21.9   17.9     78  14.91    283    0.6  306.6  351.7  309.4
  873.4   1261   21.8   18.1     79  15.13    280    0.5  306.6  352.3  309.4
  872.8   1267   21.8   18.0     79  15.03    277    0.3  306.6  352.1  309.3
  871.9   1276   21.7   17.9     79  14.98    272    0.2  306.6  351.9  309.4
  870.9   1286   21.7   17.5     77  14.63    262    0.1  306.7  351.0  309.4
  869.9   1296   21.7   16.9     74  14.10    134    0.0  306.8  349.5  309.4
  869.0   1305   21.6   16.6     73  13.78     93    0.1  306.9  348.6  309.4
  868.0   1315   21.6   16.4     72  13.68     83    0.2  306.9  348.4  309.5
  867.1   1324   21.6   16.4     72  13.65     73    0.3  307.0  348.4  309.6
  866.4   1331   21.6   16.4     72  13.64     62    0.4  307.1  348.4  309.6
  865.5   1340   21.5   16.4     73  13.72     52    0.4  307.1  348.7  309.6
  864.4   1351   21.5   16.5     73  13.78     41    0.5  307.1  348.9  309.7
  863.1   1364   21.4   16.2     72  13.51     31    0.6  307.2  348.2  309.7
  862.0   1375   21.5   15.0     66  12.53     22    0.7  307.4  345.5  309.7
  861.1   1384   21.6   14.1     63  11.85     16    0.8  307.6  343.7  309.8
  860.3   1393   21.7   12.7     57  10.77     10    0.9  307.8  340.7  309.8
  859.3   1402   22.0   11.7     52  10.09      6    1.0  308.2  339.1  310.0
  858.0   1415   22.0   11.5     51  10.00      3    1.1  308.4  339.0  310.2
  856.7   1429   22.0   11.7     52  10.10      1    1.2  308.5  339.5  310.3
  855.7   1439   21.9   11.7     52  10.14    360    1.3  308.5  339.6  310.3
  854.8   1449   21.8   11.5     52  10.02    360    1.4  308.5  339.2  310.3
  853.7   1459   21.7   11.4     52   9.95    359    1.5  308.5  339.0  310.3
  852.6   1471   21.6   11.2     51   9.84    358    1.5  308.5  338.7  310.3
  851.6   1481   21.6   11.0     51   9.73    357    1.6  308.6  338.4  310.4
  850.7   1490   21.5   11.1     51   9.77    355    1.6  308.6  338.6  310.4
  850.0   1497   21.4   11.1     52   9.82    355    1.6  308.6  338.7  310.4
  849.8   1499   21.4   11.1     52   9.83    353    1.6  308.6  338.8  310.4
  849.0   1508   21.3   11.2     52   9.89    351    1.7  308.5  338.9  310.4
  848.2   1516   21.2   11.3     53   9.96    347    1.7  308.5  339.1  310.4
  847.3   1524   21.2   11.3     53   9.97    344    1.7  308.6  339.2  310.4
  846.4   1534   21.1   11.2     53   9.94    340    1.7  308.6  339.1  310.4
  845.3   1545   21.0   10.8     52   9.65    336    1.8  308.6  338.3  310.4
  844.2   1557   21.0   10.5     51   9.51    333    1.8  308.7  337.9  310.4
  843.2   1567   20.9   10.5     52   9.52    331    1.8  308.7  338.0  310.5
  842.3   1576   20.8   10.6     52   9.60    330    1.9  308.7  338.2  310.5
  841.6   1583   20.7   10.6     52   9.60    330    1.9  308.7  338.2  310.5
  840.9   1591   20.6   10.8     53   9.71    330    1.9  308.7  338.5  310.5
  840.1   1599   20.6   10.8     54   9.75    331    2.0  308.7  338.7  310.5
  839.0   1609   20.6   10.7     53   9.67    333    2.0  308.8  338.6  310.6
  837.9   1621   20.5   10.6     53   9.63    336    2.0  308.8  338.5  310.6
  836.8   1633   20.4   10.5     53   9.54    339    2.0  308.9  338.2  310.6
  835.9   1642   20.3   10.4     53   9.52    342    2.1  308.9  338.2  310.7
  834.8   1653   20.2   10.4     53   9.54    344    2.1  308.9  338.3  310.7
  833.7   1665   20.1   10.4     54   9.55    347    2.2  308.9  338.3  310.7
  832.7   1675   20.0   10.4     54   9.55    348    2.3  308.9  338.3  310.7
  831.7   1686   19.9   10.4     54   9.56    349    2.4  308.9  338.3  310.7
  830.6   1697   19.8   10.5     55   9.64    350    2.5  308.9  338.6  310.7
  829.3   1710   19.7   10.6     56   9.76    350    2.6  308.9  338.9  310.7
  828.0   1724   19.6   11.1     58  10.09    350    2.7  308.9  339.9  310.8
  826.9   1736   19.5   12.2     63  10.84    349    2.8  308.9  342.2  311.0
  825.9   1745   19.4   12.7     65  11.24    348    2.9  309.0  343.5  311.1
  825.0   1755   19.3   12.5     65  11.11    346    3.0  309.0  343.1  311.1
  823.9   1767   19.3   12.4     64  11.03    345    3.1  309.0  342.9  311.1
  822.7   1779   19.2   12.3     64  10.98    344    3.2  309.1  342.8  311.1
  821.7   1790   19.2   12.0     63  10.81    342    3.2  309.2  342.4  311.2
  820.9   1798   19.1   11.9     63  10.75    341    3.2  309.2  342.2  311.2
  820.2   1805   19.1   11.9     63  10.75    339    3.2  309.2  342.3  311.2
  819.6   1812   19.0   12.1     64  10.92    338    3.2  309.3  342.8  311.3
  818.9   1819   19.0   12.4     66  11.15    337    3.2  309.3  343.5  311.3
  818.1   1827   18.9   12.4     66  11.17    335    3.2  309.3  343.6  311.4
  817.2   1837   18.8   12.3     66  11.09    335    3.1  309.3  343.4  311.4
  816.2   1847   18.8   12.3     66  11.06    334    3.0  309.4  343.3  311.4
  815.2   1858   18.7   12.3     66  11.12    334    3.0  309.4  343.5  311.4
  814.2   1868   18.6   12.2     67  11.07    333    2.9  309.4  343.4  311.4
  813.4   1877   18.5   12.1     66  10.99    333    2.9  309.4  343.1  311.4
  812.6   1885   18.5   12.1     66  11.00    334    2.9  309.4  343.2  311.5
  811.7   1895   18.4   12.2     67  11.09    334    2.9  309.4  343.5  311.5
  810.7   1906   18.3   12.2     68  11.12    335    2.9  309.5  343.6  311.5
  809.8   1915   18.2   12.1     67  11.04    336    2.9  309.5  343.4  311.5
  809.1   1922   18.2   12.1     67  11.02    338    3.0  309.5  343.4  311.6
  808.3   1931   18.1   12.2     68  11.09    339    3.0  309.6  343.6  311.6
  807.4   1940   18.1   12.1     68  11.09    340    3.1  309.6  343.7  311.7
  806.5   1951   18.1   12.1     68  11.08    342    3.2  309.7  343.7  311.7
  805.4   1962   18.0   12.0     68  11.03    343    3.4  309.7  343.6  311.7
  804.3   1973   17.9   11.8     68  10.91    345    3.5  309.8  343.3  311.8
  803.4   1983   17.9   11.8     68  10.87    346    3.7  309.8  343.3  311.8
  802.6   1991   17.8   12.1     69  11.11    347    3.9  309.8  344.0  311.9
  801.9   1999   17.7   12.4     71  11.36    348    4.0  309.8  344.7  311.9
  801.0   2008   17.6   12.6     72  11.53    349    4.3  309.8  345.3  312.0
  800.0   2020   17.7   12.1     70  11.18    349    4.5  310.0  344.4  312.1
  799.1   2030   17.7   11.8     69  10.97    349    4.7  310.1  343.8  312.1
  798.4   2037   17.7   11.9     69  11.06    349    4.9  310.1  344.2  312.2
  797.5   2046   17.6   12.1     70  11.22    348    5.1  310.2  344.8  312.3
  796.7   2055   17.6   11.8     69  11.00    347    5.2  310.3  344.2  312.3
  795.7   2066   17.6   11.8     69  10.98    346    5.4  310.3  344.2  312.4
  794.6   2077   17.5   11.7     69  10.93    345    5.5  310.4  344.1  312.4
  793.6   2088   17.4   11.5     68  10.81    343    5.7  310.4  343.8  312.4
  792.6   2100   17.4   11.5     69  10.85    342    5.8  310.5  344.0  312.5
  791.5   2111   17.4   11.5     68  10.86    340    5.8  310.6  344.1  312.6
  790.5   2122   17.4   11.2     67  10.67    339    5.9  310.7  343.7  312.7
  789.6   2132   17.5   11.1     66  10.55    338    5.9  310.9  343.5  312.9
  788.8   2140   17.4   11.0     66  10.50    336    5.9  311.0  343.5  312.9
  788.2   2147   17.4   11.0     66  10.54    335    5.9  311.0  343.6  313.0
  787.5   2155   17.3   11.1     67  10.61    335    5.9  311.0  343.8  313.0
  786.7   2163   17.3   11.2     68  10.71    334    5.8  311.0  344.2  313.0
  785.9   2172   17.2   11.4     69  10.82    334    5.8  311.0  344.5  313.0
  785.1   2180   17.1   11.4     69  10.89    334    5.7  311.0  344.7  313.1
  784.3   2189   17.0   11.7     71  11.05    334    5.7  311.0  345.2  313.1
  783.3   2200   17.0   12.1     73  11.42    334    5.7  311.1  346.4  313.2
  782.4   2210   17.0   12.4     74  11.62    335    5.6  311.2  347.1  313.4
  781.6   2219   16.9   12.2     74  11.52    336    5.6  311.2  346.9  313.4
  780.8   2227   16.9   12.1     73  11.46    336    5.6  311.3  346.7  313.4
  780.2   2234   16.9   12.1     74  11.45    337    5.6  311.3  346.7  313.5
  779.5   2242   16.8   12.2     74  11.51    338    5.7  311.3  346.9  313.5
  778.8   2249   16.7   12.2     75  11.58    339    5.7  311.4  347.2  313.5
  778.0   2258   16.7   12.2     75  11.55    340    5.8  311.4  347.1  313.5
  777.1   2267   16.6   12.1     75  11.49    341    5.8  311.4  346.9  313.5
  776.2   2278   16.5   12.0     75  11.43    342    5.9  311.4  346.8  313.6
  775.3   2287   16.4   11.9     74  11.36    343    6.0  311.4  346.6  313.6
  774.3   2299   16.4   11.8     74  11.30    344    6.0  311.5  346.4  313.6
  773.1   2313   16.3   11.6     74  11.19    345    6.1  311.5  346.1  313.6
  771.8   2326   16.2   11.4     73  11.07    346    6.1  311.6  345.9  313.7
  770.8   2338   16.2   11.5     74  11.12    347    6.2  311.7  346.1  313.8
  769.7   2350   16.1   11.6     74  11.21    348    6.2  311.7  346.5  313.8
  768.6   2361   16.0   11.5     75  11.19    349    6.3  311.8  346.5  313.9
  767.7   2372   16.0   11.4     74  11.11    350    6.3  311.8  346.2  313.9
  767.0   2380   15.9   11.3     74  11.07    351    6.3  311.8  346.1  313.9
  766.2   2388   15.9   11.3     75  11.08    352    6.3  311.8  346.2  313.9
  765.4   2397   15.8   11.2     74  11.00    353    6.2  311.9  346.0  313.9
  764.7   2405   15.8   11.1     74  10.94    353    6.2  311.9  345.9  314.0
  764.0   2413   15.7   11.1     74  10.93    354    6.2  311.9  345.9  314.0
  763.1   2423   15.7   10.6     72  10.62    354    6.1  312.0  345.0  314.0
  762.0   2435   15.7    9.9     68  10.10    355    6.0  312.2  343.7  314.1
  760.9   2447   15.8    9.7     67  10.00    355    5.9  312.4  343.5  314.2
  759.9   2459   15.6    9.6     67   9.93    356    5.8  312.4  343.3  314.2
  759.1   2468   15.6    9.5     67   9.86    356    5.7  312.4  343.1  314.2
  758.4   2476   15.6    9.3     67   9.78    357    5.6  312.4  342.9  314.3
  757.6   2485   15.5    9.4     67   9.80    357    5.5  312.5  343.0  314.3
  756.8   2494   15.4    9.3     67   9.80    357    5.4  312.5  343.0  314.3
  756.0   2503   15.3    9.5     68   9.94    358    5.3  312.5  343.5  314.4
  755.1   2513   15.2    9.6     69  10.01    358    5.2  312.5  343.6  314.3
  754.0   2525   15.1    9.7     70  10.10    358    5.1  312.5  344.0  314.4
  753.1   2535   15.0    9.8     71  10.16    357    5.0  312.5  344.1  314.4
  752.4   2542   14.9    9.8     71  10.14    357    4.9  312.5  344.1  314.4
  751.7   2551   14.9    9.7     71  10.14    355    4.9  312.5  344.1  314.4
  750.6   2563   14.8    9.9     72  10.24    354    4.9  312.5  344.4  314.5
  749.5   2576   14.7    9.9     73  10.27    352    4.9  312.6  344.6  314.5
  748.5   2587   14.6    9.7     72  10.16    350    4.9  312.6  344.2  314.5
  747.8   2595   14.5    9.6     72  10.10    348    4.9  312.6  344.1  314.5
  746.9   2606   14.4    9.6     73  10.08    346    5.0  312.6  344.0  314.5
  745.7   2618   14.4    9.5     73  10.09    344    5.1  312.7  344.1  314.6
  744.6   2631   14.3    9.5     73  10.09    342    5.3  312.7  344.2  314.6
  743.4   2645   14.2    9.6     74  10.14    341    5.4  312.8  344.4  314.7
  742.2   2658   14.2    9.6     74  10.19    339    5.5  312.9  344.7  314.8
  741.2   2670   14.1    9.5     74  10.14    338    5.6  313.0  344.6  314.9
  740.5   2678   14.1    9.5     74  10.14    338    5.8  313.0  344.6  314.9
  739.8   2686   14.0    9.6     75  10.23    337    5.8  313.0  344.9  314.9
  739.0   2696   14.0    9.5     74  10.16    337    5.9  313.1  344.8  315.0
  738.1   2705   14.0    9.3     74  10.05    337    6.0  313.2  344.5  315.0
  737.5   2713   13.9    9.3     74  10.01    336    6.0  313.1  344.4  315.0
  736.7   2721   13.8    9.4     74  10.08    336    6.0  313.2  344.6  315.1
  735.8   2732   13.7    9.5     76  10.19    336    5.9  313.2  345.0  315.1
  734.9   2742   13.7    9.6     76  10.28    335    5.9  313.2  345.3  315.2
  734.1   2752   13.6    9.5     76  10.25    335    5.8  313.2  345.2  315.2
  733.4   2759   13.6    9.6     77  10.29    334    5.8  313.3  345.4  315.2
  732.7   2768   13.5    9.8     78  10.42    334    5.7  313.3  345.9  315.3
  731.8   2777   13.5   10.0     79  10.59    333    5.6  313.4  346.5  315.4
  731.0   2787   13.5    9.8     78  10.47    332    5.6  313.5  346.2  315.4
  730.3   2796   13.4    9.7     78  10.44    331    5.5  313.5  346.1  315.5
  729.5   2805   13.3    9.7     79  10.43    330    5.4  313.5  346.1  315.5
  728.5   2816   13.3    9.7     79  10.42    329    5.4  313.5  346.1  315.5
  727.4   2829   13.2    9.7     79  10.42    328    5.3  313.6  346.2  315.5
  726.2   2843   13.1    9.5     79  10.33    327    5.3  313.6  345.9  315.6
  725.0   2857   13.0    9.4     79  10.25    326    5.2  313.6  345.7  315.6
  723.7   2871   12.8    9.3     79  10.21    325    5.2  313.7  345.6  315.6
  722.7   2883   12.8    9.0     78  10.06    325    5.1  313.8  345.3  315.7
  721.8   2893   12.8    8.8     76   9.88    324    5.1  313.8  344.8  315.7
  721.0   2903   12.8    8.5     75   9.72    323    5.0  313.9  344.4  315.7
  720.2   2913   12.7    8.5     76   9.76    323    5.0  313.9  344.5  315.8
  719.2   2924   12.6    8.6     76   9.78    322    5.0  314.0  344.7  315.8
  718.4   2933   12.5    8.4     76   9.69    322    4.9  314.0  344.4  315.8
  717.8   2940   12.5    8.3     76   9.66    322    4.9  314.0  344.3  315.8
  717.3   2946   12.4    8.4     76   9.68    322    4.8  314.0  344.3  315.8
  716.8   2953   12.3    8.4     77   9.73    322    4.8  314.0  344.5  315.8
  716.2   2959   12.3    8.6     78   9.83    323    4.7  314.0  344.8  315.8
  715.7   2966   12.2    8.7     79   9.90    323    4.7  314.0  345.0  315.8
  715.0   2973   12.2    8.7     80   9.96    323    4.6  314.0  345.3  315.9
  714.4   2980   12.1    8.7     80   9.97    324    4.5  314.0  345.3  315.9
  713.9   2986   12.1    8.7     80   9.97    324    4.4  314.0  345.3  315.9
  713.3   2993   12.0    8.8     81  10.00    324    4.3  314.0  345.4  315.9
  712.6   3002   11.9    8.8     81  10.01    324    4.2  314.0  345.4  315.9
  711.7   3012   11.9    8.9     82  10.09    324    4.1  314.1  345.7  316.0
  710.8   3023   11.8    8.8     82  10.07    323    4.0  314.1  345.7  316.0
  710.0   3032   11.7    8.7     82  10.02    323    3.9  314.1  345.5  316.0
  709.4   3039   11.6    8.7     82  10.03    323    3.9  314.1  345.6  316.0
  708.8   3047   11.6    8.8     83  10.09    322    3.8  314.1  345.8  316.0
  708.0   3056   11.5    9.0     84  10.22    322    3.8  314.2  346.2  316.1
  707.2   3065   11.4    9.0     85  10.25    322    3.7  314.2  346.3  316.1
  706.5   3074   11.4    8.9     85  10.18    322    3.7  314.2  346.2  316.2
  705.6   3085   11.4    8.9     84  10.18    322    3.7  314.4  346.3  316.3
  704.6   3096   11.4    8.8     84  10.16    322    3.7  314.5  346.4  316.4
  703.9   3105   11.3    8.7     84  10.10    323    3.7  314.5  346.2  316.4
  703.4   3111   11.2    8.6     84  10.05    323    3.7  314.5  346.0  316.4
  702.7   3118   11.2    8.8     85  10.18    323    3.7  314.5  346.4  316.4
  702.0   3127   11.1    8.8     86  10.18    324    3.7  314.5  346.5  316.4
  701.3   3136   11.1    8.7     85  10.10    324    3.6  314.5  346.3  316.4
  700.5   3146   11.0    8.7     86  10.12    324    3.6  314.5  346.3  316.5
  700.0   3151   10.9    8.6     86  10.10    324    3.6  314.6  346.3  316.5
  699.6   3156   10.9    8.6     86  10.09    324    3.5  314.6  346.3  316.5
  698.8   3165   10.9    8.5     85  10.00    324    3.4  314.6  346.0  316.5
  698.2   3173   10.8    8.3     84   9.91    323    3.4  314.7  345.8  316.5
  697.5   3181   10.8    8.3     84   9.89    323    3.3  314.7  345.8  316.6
  696.8   3189   10.7    8.2     84   9.83    322    3.2  314.8  345.7  316.6
  696.2   3196   10.7    8.1     84   9.81    321    3.1  314.8  345.7  316.7
  695.6   3204   10.7    8.2     84   9.84    321    3.0  314.8  345.8  316.7
  694.8   3213   10.6    8.1     85   9.81    320    2.9  314.8  345.7  316.7
  694.2   3221   10.5    8.0     85   9.78    319    2.8  314.8  345.6  316.7
  693.6   3228   10.5    8.1     85   9.81    319    2.6  314.9  345.7  316.7
  692.9   3237   10.4    8.0     85   9.79    318    2.5  314.9  345.7  316.7
  692.0   3247   10.3    7.9     85   9.73    318    2.4  314.9  345.6  316.8
  691.1   3259   10.4    7.6     83   9.52    318    2.3  315.1  345.1  316.9
  690.2   3269   10.5    7.2     80   9.30    318    2.1  315.3  344.6  317.1
  689.4   3278   10.4    7.2     81   9.32    319    2.0  315.4  344.8  317.1
  688.8   3286   10.3    7.2     81   9.31    319    1.9  315.3  344.7  317.1
  688.2   3294   10.3    7.1     81   9.27    320    1.8  315.4  344.7  317.1
  687.5   3302   10.2    7.2     82   9.32    322    1.8  315.4  344.8  317.2
  686.8   3311   10.1    7.1     82   9.29    323    1.7  315.4  344.7  317.1
  686.0   3320   10.1    7.0     81   9.22    325    1.7  315.4  344.5  317.2
  685.2   3330   10.0    7.0     82   9.21    327    1.7  315.4  344.5  317.2
  684.3   3341    9.9    6.8     81   9.08    329    1.7  315.4  344.1  317.1
  683.3   3352    9.8    6.7     81   9.05    331    1.7  315.5  344.1  317.2
  682.4   3364    9.7    6.5     81   8.96    333    1.7  315.4  343.8  317.2
  681.4   3376    9.6    6.4     80   8.87    335    1.8  315.5  343.5  317.1
  680.4   3388    9.5    6.4     81   8.89    337    1.8  315.5  343.6  317.2
  679.8   3396    9.4    6.2     81   8.81    338    1.9  315.5  343.3  317.1
  679.3   3401    9.3    6.1     80   8.74    340    2.0  315.5  343.1  317.1
  678.6   3410    9.3    5.9     79   8.63    341    2.0  315.6  342.9  317.2
  677.8   3420    9.5    5.7     77   8.50    342    2.1  315.8  342.8  317.4
  677.0   3430    9.4    5.7     77   8.50    343    2.1  315.9  342.9  317.5
  676.3   3438    9.4    5.5     77   8.43    344    2.2  315.9  342.7  317.5
  675.8   3445    9.3    5.5     77   8.41    345    2.3  315.9  342.6  317.5
  675.2   3453    9.3    5.6     78   8.46    345    2.3  315.9  342.8  317.5
  674.5   3461    9.2    5.5     78   8.46    346    2.4  316.0  342.8  317.6
  673.8   3470    9.2    5.5     78   8.45    347    2.5  316.0  342.9  317.7
  673.0   3479    9.1    5.5     78   8.46    347    2.6  316.1  343.0  317.7
  672.4   3487    9.1    5.5     78   8.46    348    2.7  316.2  343.0  317.8
  671.6   3496    9.1    5.4     78   8.41    349    2.8  316.2  342.9  317.8
  670.9   3505    9.1    5.1     76   8.24    349    2.9  316.3  342.5  317.9
  670.1   3516    9.1    4.8     74   8.06    350    3.1  316.4  342.1  318.0
  669.3   3525    9.1    4.8     75   8.11    350    3.2  316.5  342.3  318.1
  668.5   3535    9.0    5.0     76   8.23    350    3.3  316.5  342.7  318.1
  667.6   3546    8.9    5.1     77   8.30    351    3.4  316.6  343.0  318.2
  666.7   3557    8.8    5.2     78   8.34    351    3.5  316.6  343.1  318.2
  665.8   3569    8.7    5.0     77   8.23    352    3.6  316.6  342.8  318.2
  664.9   3580    8.7    4.6     75   8.04    352    3.7  316.7  342.4  318.3
  664.1   3589    8.7    4.4     74   7.94    352    3.7  316.8  342.2  318.3
  663.4   3598    8.7    4.3     74   7.90    353    3.8  316.9  342.1  318.4
  662.6   3608    8.6    4.5     75   7.98    353    3.8  316.9  342.4  318.5
  661.8   3618    8.6    4.4     75   7.97    354    3.8  317.0  342.5  318.6
  661.0   3628    8.5    4.3     75   7.90    355    3.7  317.0  342.3  318.6
  660.2   3639    8.5    4.2     74   7.85    356    3.7  317.1  342.2  318.6
  659.3   3650    8.4    4.1     74   7.82    358    3.7  317.2  342.2  318.7
  658.4   3660    8.4    4.1     74   7.82    360    3.6  317.2  342.2  318.7
  657.7   3670    8.3    4.2     75   7.89      3    3.6  317.2  342.4  318.7
  656.8   3681    8.2    4.3     77   7.99      5    3.6  317.2  342.8  318.8
  655.9   3693    8.1    4.4     77   8.00      8    3.6  317.3  342.9  318.8
  654.8   3706    8.1    4.3     77   7.98     11    3.6  317.4  342.9  318.9
  653.8   3718    8.1    4.5     78   8.11     14    3.6  317.5  343.4  319.1
  653.1   3728    8.0    4.9     81   8.35     17    3.6  317.5  344.1  319.1
  652.5   3736    7.9    4.9     81   8.37     20    3.7  317.5  344.2  319.1
  651.8   3745    7.9    4.7     80   8.26     22    3.7  317.6  343.9  319.1
  651.1   3753    7.8    4.7     81   8.27     24    3.8  317.6  344.1  319.2
  650.3   3763    7.7    5.0     83   8.45     25    3.8  317.6  344.6  319.2
  649.4   3775    7.6    5.0     83   8.45     26    3.9  317.6  344.6  319.2
  648.5   3787    7.5    5.0     84   8.45     27    3.9  317.6  344.6  319.3
  647.5   3799    7.5    4.8     83   8.37     27    4.0  317.7  344.5  319.3
  646.4   3813    7.4    4.7     83   8.33     27    4.1  317.8  344.5  319.4
  645.5   3824    7.3    4.7     83   8.33     26    4.2  317.9  344.5  319.5
  644.7   3835    7.3    4.5     82   8.24     26    4.4  318.0  344.3  319.5
  644.0   3844    7.3    4.0     80   7.97     26    4.6  318.0  343.6  319.6
  643.3   3853    7.3    3.8     79   7.87     25    4.8  318.1  343.4  319.6
  642.5   3864    7.3    3.6     77   7.73     25    5.0  318.2  343.0  319.7
  641.7   3874    7.2    3.3     76   7.61     25    5.2  318.2  342.7  319.7
  640.8   3884    7.1    3.1     76   7.49     25    5.4  318.3  342.4  319.7
  639.8   3898    7.0    3.0     76   7.46     25    5.6  318.3  342.3  319.7
  638.7   3912    7.0    2.9     75   7.40     25    5.8  318.4  342.2  319.8
  637.6   3926    7.0    2.7     74   7.34     24    6.0  318.6  342.2  320.0
  636.7   3938    6.9    2.6     74   7.25     24    6.1  318.7  342.0  320.0
  635.6   3951    6.9    2.4     73   7.20     24    6.2  318.7  341.9  320.1
  634.7   3964    6.7    2.4     74   7.20     23    6.2  318.7  341.9  320.1
  633.9   3973    6.7    2.3     74   7.16     22    6.2  318.7  341.8  320.1
  633.3   3982    6.6    2.2     74   7.13     21    6.2  318.7  341.7  320.1
  632.5   3992    6.5    2.4     75   7.22     20    6.2  318.7  342.0  320.1
  631.8   4002    6.4    2.3     75   7.17     19    6.1  318.8  341.9  320.1
  630.9   4013    6.3    2.1     74   7.06     18    6.0  318.8  341.6  320.1
  630.0   4024    6.3    2.0     74   7.03     17    6.0  318.8  341.5  320.2
  629.2   4036    6.2    1.9     74   7.00     15    5.9  318.8  341.4  320.2
  628.3   4047    6.0    1.8     74   6.98     14    5.9  318.8  341.4  320.2
  627.5   4058    5.9    1.8     75   6.96     13    5.9  318.8  341.3  320.2
  626.7   4068    5.8    1.7     75   6.95     13    6.0  318.8  341.2  320.1
  626.0   4078    5.7    1.6     75   6.90     12    6.0  318.8  341.1  320.1
  625.2   4087    5.7    1.6     75   6.89     12    6.1  318.8  341.1  320.2
  624.5   4097    5.7    1.5     74   6.85     12    6.2  319.0  341.1  320.3
  623.7   4107    5.7    1.4     74   6.80     12    6.4  319.1  341.1  320.4
  623.0   4117    5.6    1.3     74   6.75     12    6.5  319.1  340.9  320.4
  622.3   4126    5.6    1.2     73   6.72     12    6.6  319.2  340.9  320.5
  621.5   4136    5.5    1.2     73   6.72     12    6.7  319.2  341.0  320.5
  620.6   4148    5.5    1.0     72   6.63     12    6.8  319.3  340.8  320.6
  619.8   4158    5.5    0.9     73   6.63     12    6.9  319.4  340.9  320.7
  619.2   4167    5.4    1.0     73   6.68     12    6.9  319.5  341.1  320.7
  618.4   4177    5.4    1.0     74   6.69     12    7.0  319.5  341.2  320.8
  617.6   4187    5.3    1.0     74   6.70     11    7.0  319.5  341.3  320.8
  616.9   4198    5.2    1.0     74   6.70     11    7.0  319.5  341.3  320.8
  616.1   4208    5.1    1.0     74   6.68     10    6.9  319.6  341.3  320.9
  615.2   4219    5.1    0.9     74   6.68      9    6.9  319.7  341.4  321.0
  614.3   4232    5.0    0.8     74   6.64      9    6.8  319.7  341.2  321.0
  613.4   4244    4.9    0.8     74   6.62      8    6.8  319.8  341.3  321.0
  612.6   4254    4.9    0.8     74   6.62      7    6.7  319.9  341.4  321.1
  611.9   4264    4.9    0.9     75   6.69      7    6.7  319.9  341.6  321.2
  611.2   4273    4.8    0.9     76   6.73      7    6.7  320.0  341.8  321.3
  610.5   4282    4.8    0.9     76   6.72      6    6.6  320.0  341.8  321.3
  609.8   4292    4.7    0.7     75   6.62      6    6.6  320.0  341.6  321.3
  609.2   4300    4.7    0.6     75   6.61      6    6.7  320.1  341.6  321.4
  608.7   4307    4.6    0.6     75   6.58      7    6.7  320.1  341.5  321.4
  608.1   4314    4.6    0.6     76   6.62      7    6.7  320.1  341.6  321.4
  607.5   4322    4.6    0.9     77   6.76      7    6.7  320.2  342.2  321.5
  606.9   4330    4.5    0.9     78   6.78      7    6.8  320.3  342.3  321.6
  606.3   4338    4.4    0.9     78   6.75      7    6.8  320.3  342.2  321.6
  605.7   4347    4.4    0.8     78   6.73      7    6.8  320.3  342.2  321.6
  605.0   4356    4.3    0.8     78   6.74      6    6.8  320.3  342.2  321.6
  604.2   4367    4.2    0.9     79   6.77      6    6.8  320.3  342.3  321.6
  603.4   4378    4.1    1.0     80   6.82      6    6.7  320.3  342.5  321.7
  602.5   4390    4.1    1.0     80   6.84      5    6.6  320.4  342.6  321.7
  601.7   4400    4.0    0.9     80   6.81      5    6.5  320.4  342.6  321.8
  601.2   4408    3.9    0.8     80   6.77      4    6.4  320.4  342.5  321.7
  600.5   4417    3.9    0.8     81   6.80      3    6.3  320.5  342.6  321.8
  599.8   4427    3.8    0.9     81   6.83      2    6.1  320.5  342.7  321.8
  599.1   4436    3.7    0.9     82   6.84      1    6.0  320.5  342.8  321.8
  598.3   4446    3.6    0.9     82   6.85    360    5.9  320.5  342.8  321.8
  597.5   4457    3.5    0.9     83   6.85    359    5.8  320.5  342.8  321.9
  596.8   4467    3.4    0.8     83   6.82    359    5.7  320.5  342.7  321.9
  596.0   4477    3.4    0.8     83   6.82    358    5.6  320.6  342.7  321.9
  595.2   4489    3.3    0.7     84   6.81    358    5.6  320.6  342.7  321.9
  594.6   4497    3.2    0.7     84   6.80    358    5.5  320.6  342.7  321.9
  594.1   4504    3.1    0.7     84   6.79    358    5.5  320.6  342.7  321.9
  593.5   4512    3.0    0.7     85   6.82    358    5.4  320.6  342.8  321.9
  592.9   4521    3.0    0.7     85   6.82    359    5.4  320.6  342.8  321.9
  592.2   4530    2.9    0.7     85   6.83    359    5.3  320.6  342.9  322.0
  591.4   4541    2.9    0.6     85   6.80    360    5.2  320.7  342.8  322.0
  590.6   4551    2.8    0.5     85   6.75      1    5.1  320.7  342.7  322.0
  590.1   4559    2.7    0.3     84   6.67      1    5.0  320.8  342.5  322.0
  589.6   4566    2.7    0.2     84   6.61      2    4.8  320.8  342.3  322.1
  589.0   4574    2.7    0.2     84   6.61      2    4.7  320.8  342.4  322.1
  588.3   4583    2.6    0.2     84   6.62      2    4.5  320.8  342.4  322.1
  587.6   4593    2.5    0.1     84   6.59      2    4.4  320.9  342.4  322.2
  587.0   4602    2.4    0.0     84   6.56      2    4.2  320.9  342.3  322.2
  586.3   4611    2.4   -0.2     83   6.46      1    4.1  320.9  342.0  322.2
  585.6   4621    2.4   -0.6     81   6.29    360    4.0  321.1  341.6  322.3
  585.1   4628    2.5   -0.7     79   6.22    360    3.9  321.2  341.6  322.4
  584.5   4636    2.5   -0.6     80   6.27    359    3.9  321.3  341.8  322.6
  583.8   4645    2.5   -0.6     80   6.31    359    3.8  321.4  342.1  322.7
  583.3   4652    2.5   -0.6     80   6.29    359    3.8  321.5  342.1  322.8
  582.8   4659    2.5   -0.7     79   6.26    359    3.8  321.6  342.1  322.8
  582.3   4667    2.4   -0.7     80   6.26    360    3.8  321.6  342.1  322.8
  581.6   4676    2.3   -0.7     80   6.27      1    3.8  321.6  342.2  322.8
  580.8   4687    2.2   -0.8     81   6.26      2    3.8  321.6  342.1  322.8
  580.0   4699    2.1   -0.8     81   6.26      3    3.8  321.6  342.2  322.9
  579.2   4710    2.0   -0.8     81   6.23      4    3.8  321.6  342.0  322.8
  578.6   4718    1.9   -0.9     82   6.22      5    3.8  321.6  342.0  322.8
  578.2   4724    1.9   -0.9     82   6.21      6    3.7  321.6  342.0  322.8
  577.6   4732    1.8   -0.8     83   6.27      7    3.7  321.6  342.1  322.8
  576.9   4742    1.7   -0.8     84   6.28      8    3.6  321.6  342.2  322.8
  576.2   4752    1.6   -0.8     84   6.29      8    3.6  321.6  342.2  322.8
  575.5   4761    1.5   -0.8     85   6.32      8    3.5  321.6  342.3  322.9
  574.9   4770    1.4   -0.8     85   6.30      7    3.5  321.6  342.3  322.9
  574.2   4780    1.4   -0.9     85   6.27      7    3.4  321.6  342.2  322.9
  573.6   4788    1.3   -0.8     86   6.29      6    3.4  321.7  342.3  322.9
  572.9   4798    1.2   -0.8     86   6.30      6    3.3  321.7  342.3  322.9
  572.1   4810    1.1   -0.8     87   6.31      6    3.3  321.7  342.4  322.9
  571.2   4821    1.1   -0.9     87   6.31      5    3.3  321.8  342.5  323.0
  570.5   4832    1.0   -1.0     87   6.27      6    3.3  321.8  342.4  323.0
  569.6   4844    0.9   -1.1     87   6.23      6    3.3  321.9  342.3  323.1
  568.8   4856    0.9   -1.2     86   6.18      7    3.3  322.0  342.3  323.2
  568.3   4863    1.0   -1.4     84   6.10      9    3.2  322.1  342.2  323.3
  567.8   4870    1.0   -1.5     83   6.04     11    3.2  322.2  342.1  323.4
  567.2   4878    1.0   -1.5     84   6.08     13    3.2  322.3  342.3  323.5
  566.6   4887    0.9   -1.4     84   6.09     15    3.1  322.4  342.4  323.5
  566.0   4896    0.9   -1.5     84   6.08     18    3.0  322.4  342.4  323.6
  565.4   4904    0.8   -1.6     84   6.04     21    2.9  322.4  342.3  323.6
  564.7   4914    0.7   -1.6     84   6.03     23    2.8  322.5  342.3  323.6
  564.1   4923    0.7   -1.7     84   6.02     26    2.7  322.5  342.3  323.6
  563.5   4932    0.6   -1.8     84   5.98     28    2.6  322.5  342.2  323.7
  562.9   4940    0.6   -1.8     84   5.96     30    2.4  322.5  342.2  323.7
  562.2   4950    0.5   -1.9     84   5.96     31    2.3  322.6  342.2  323.7
  561.6   4959    0.5   -1.9     84   5.93     31    2.1  322.6  342.2  323.8
  560.9   4969    0.5   -2.0     83   5.89     31    1.9  322.7  342.2  323.9
  560.0   4981    0.4   -2.0     84   5.91     29    1.8  322.9  342.4  324.0
  559.2   4994    0.3   -2.1     84   5.90     26    1.7  322.9  342.3  324.0
  558.3   5006    0.2   -2.1     84   5.88     21    1.6  322.9  342.3  324.0
  557.4   5018    0.1   -2.2     85   5.86     17    1.5  322.9  342.2  324.0
  556.6   5030    0.0   -2.2     85   5.86     12    1.5  322.9  342.3  324.1
  555.9   5040   -0.1   -2.3     85   5.85      8    1.6  322.9  342.3  324.1
  555.4   5048   -0.1   -2.3     85   5.85      4    1.6  323.0  342.3  324.1
  554.8   5057   -0.2   -2.3     85   5.83      3    1.7  323.0  342.3  324.2
  554.2   5065   -0.3   -2.3     86   5.86      2    1.7  323.0  342.4  324.2
  553.6   5073   -0.3   -2.3     86   5.87      2    1.8  323.1  342.5  324.2
  553.1   5081   -0.3   -2.3     87   5.86      2    1.8  323.1  342.4  324.2
  552.6   5088   -0.4   -2.3     87   5.85      4    1.8  323.1  342.5  324.3
  552.0   5096   -0.4   -2.4     87   5.83      5    1.8  323.2  342.4  324.3
  551.4   5105   -0.5   -2.4     87   5.82      7    1.7  323.2  342.4  324.3
  550.8   5114   -0.6   -2.5     87   5.79      9    1.7  323.2  342.4  324.3
  550.2   5123   -0.7   -2.6     87   5.78     12    1.6  323.2  342.3  324.3
  549.6   5132   -0.8   -2.6     88   5.79     14    1.6  323.2  342.3  324.3
  548.9   5142   -0.9   -2.6     88   5.78     15    1.5  323.2  342.3  324.3
  548.3   5150   -1.0   -2.6     88   5.76     16    1.4  323.2  342.2  324.3
  547.7   5160   -1.0   -2.6     89   5.77     16    1.4  323.2  342.3  324.3
  546.8   5172   -1.1   -2.7     89   5.76     16    1.3  323.3  342.3  324.4
  546.0   5184   -1.2   -2.8     89   5.72     15    1.3  323.3  342.2  324.4
  545.4   5193   -1.2   -2.9     88   5.67     13    1.3  323.3  342.1  324.5
  544.9   5200   -1.3   -2.9     89   5.68     10    1.3  323.3  342.1  324.4
  544.3   5209   -1.4   -2.9     90   5.70      8    1.4  323.3  342.2  324.5
  543.6   5219   -1.5   -2.9     90   5.72      6    1.4  323.4  342.3  324.5
  542.8   5231   -1.6   -2.9     91   5.71      4    1.5  323.4  342.3  324.5
  542.0   5243   -1.7   -2.9     91   5.72      2    1.6  323.4  342.3  324.5
  541.2   5255   -1.8   -2.9     92   5.71      1    1.6  323.4  342.3  324.5
  540.6   5264   -1.9   -3.1     91   5.66    360    1.7  323.4  342.2  324.5
  540.0   5272   -1.9   -3.1     92   5.65    360    1.8  323.4  342.1  324.5
  539.4   5281   -2.0   -3.0     93   5.69    359    1.9  323.4  342.3  324.5
  538.9   5289   -2.1   -3.1     93   5.68    359    1.9  323.5  342.3  324.6
  538.2   5298   -2.1   -3.1     93   5.68    358    2.0  323.5  342.3  324.6
  537.6   5308   -2.2   -3.1     94   5.69    358    2.1  323.5  342.3  324.6
  537.0   5317   -2.3   -3.1     94   5.69    357    2.2  323.5  342.3  324.6
  536.3   5326   -2.4   -3.2     94   5.64    357    2.2  323.5  342.2  324.6
  535.6   5337   -2.4   -3.4     93   5.58    357    2.3  323.6  342.2  324.7
  534.9   5348   -2.5   -3.5     92   5.53    356    2.4  323.7  342.0  324.8
  534.1   5360   -2.5   -3.6     92   5.51    357    2.5  323.7  342.0  324.8
  533.4   5370   -2.6   -3.6     92   5.49    357    2.6  323.8  342.1  324.9
  532.7   5380   -2.7   -3.7     93   5.49    358    2.6  323.8  342.0  324.9
  531.9   5393   -2.8   -3.6     94   5.54    359    2.7  323.8  342.2  324.9
  531.1   5405   -2.9   -3.6     95   5.53      1    2.7  323.8  342.1  324.9
  530.4   5414   -3.0   -3.8     94   5.47      3    2.7  323.8  342.0  324.9
  529.9   5423   -3.0   -3.9     93   5.41      6    2.7  323.9  341.8  324.9
  529.2   5433   -3.1   -3.9     94   5.45      9    2.6  323.9  342.0  325.0
  528.6   5442   -3.2   -3.9     95   5.43     13    2.6  323.9  342.0  325.0
  528.0   5451   -3.2   -4.0     94   5.39     17    2.6  324.0  342.0  325.1
  527.4   5460   -3.2   -4.2     93   5.34     21    2.5  324.1  341.8  325.1
  526.8   5468   -3.2   -4.3     92   5.28     25    2.5  324.2  341.8  325.2
  526.2   5477   -3.2   -4.5     91   5.22     29    2.5  324.3  341.7  325.3
  525.6   5487   -3.2   -4.6     90   5.19     33    2.4  324.4  341.7  325.4
  525.0   5496   -3.2   -4.7     90   5.16     37    2.4  324.5  341.7  325.5
  524.4   5505   -3.3   -4.8     89   5.13     41    2.4  324.5  341.6  325.5
  523.7   5515   -3.4   -4.8     90   5.15     44    2.4  324.6  341.7  325.6
  523.0   5527   -3.4   -4.9     90   5.11     48    2.3  324.6  341.7  325.6
  522.3   5537   -3.4   -5.0     89   5.07     52    2.3  324.7  341.6  325.7
  521.6   5547   -3.5   -5.1     89   5.05     56    2.3  324.7  341.6  325.7
  520.9   5558   -3.6   -5.0     90   5.07     60    2.2  324.7  341.7  325.7
  520.2   5569   -3.8   -5.1     90   5.05     65    2.2  324.7  341.6  325.7
  519.5   5579   -3.8   -5.2     90   5.01     70    2.1  324.8  341.6  325.8
  518.7   5592   -3.8   -5.3     90   5.00     75    2.1  324.9  341.6  325.9
  517.9   5604   -3.7   -5.2     89   5.02     81    2.0  325.2  342.0  326.2
  517.3   5613   -3.7   -5.3     89   4.98     87    2.0  325.3  342.0  326.2
  516.7   5621   -3.8   -5.4     89   4.97     93    1.9  325.3  342.0  326.3
  516.1   5631   -3.8   -5.4     89   4.98     98    1.9  325.4  342.1  326.4
  515.5   5641   -3.9   -5.4     89   4.98    103    1.8  325.4  342.1  326.4
  514.9   5650   -4.0   -5.4     90   4.98    108    1.8  325.4  342.1  326.4
  514.3   5659   -4.0   -5.4     90   4.98    112    1.8  325.4  342.1  326.4
  513.9   5666   -4.1   -5.4     91   4.98    116    1.7  325.4  342.1  326.4
  513.4   5673   -4.2   -5.5     91   4.97    119    1.7  325.4  342.1  326.4
  512.9   5681   -4.2   -5.5     91   4.98    121    1.7  325.4  342.1  326.4
  512.3   5690   -4.3   -5.5     92   4.97    123    1.6  325.4  342.1  326.4
  511.8   5697   -4.4   -5.6     91   4.94    125    1.6  325.4  342.0  326.4
  511.3   5706   -4.5   -5.7     91   4.91    127    1.6  325.4  341.9  326.4
  510.6   5716   -4.6   -5.8     91   4.89    128    1.6  325.4  341.8  326.4
  510.0   5725   -4.7   -5.8     92   4.87    130    1.6  325.4  341.7  326.3
  509.4   5734   -4.8   -5.9     92   4.85    131    1.5  325.4  341.7  326.3
  508.8   5744   -4.9   -5.9     92   4.85    131    1.5  325.4  341.7  326.4
  508.2   5752   -4.9   -6.0     92   4.83    131    1.5  325.4  341.7  326.4
  507.7   5761   -5.0   -6.0     93   4.82    131    1.5  325.5  341.7  326.4
  507.1   5771   -5.1   -6.0     93   4.85    129    1.5  325.5  341.8  326.4
  506.5   5780   -5.1   -6.0     93   4.84    127    1.5  325.6  341.8  326.5
  505.8   5790   -5.1   -6.1     93   4.82    123    1.5  325.6  341.8  326.6
  505.2   5801   -5.2   -6.1     93   4.81    118    1.5  325.6  341.8  326.6
  504.6   5810   -5.3   -6.1     94   4.81    113    1.5  325.6  341.8  326.6
  503.9   5820   -5.4   -6.2     94   4.79    107    1.6  325.6  341.7  326.6
  503.0   5834   -5.5   -6.3     94   4.76    102    1.7  325.7  341.7  326.6
  502.2   5846   -5.6   -6.4     94   4.75     97    1.8  325.8  341.7  326.7
  501.6   5856   -5.6   -6.4     94   4.72     93    2.0  325.8  341.7  326.7
  501.0   5865   -5.7   -6.5     94   4.71     90    2.1  325.8  341.7  326.8
  500.4   5874   -5.8   -6.8     93   4.61     88    2.3  325.9  341.4  326.8
  500.0   5881   -5.7   -7.2     89   4.46     88    2.3  326.1  341.1  327.0
  499.8   5884   -5.6   -7.4     87   4.39     87    2.5  326.2  341.0  327.0
  499.1   5896   -5.5   -7.7     84   4.29     86    2.6  326.5  341.0  327.3
  498.3   5908   -5.3   -7.6     84   4.35     86    2.8  326.9  341.6  327.7
  497.7   5917   -5.2   -7.7     82   4.32     86    2.9  327.1  341.8  327.9
  497.3   5923   -5.2   -7.9     81   4.27     86    3.1  327.2  341.7  328.0
  496.8   5931   -5.1   -7.8     81   4.28     86    3.2  327.3  341.9  328.2
  496.2   5941   -5.1   -7.9     81   4.27     87    3.3  327.4  341.9  328.3
  495.6   5950   -5.1   -8.2     78   4.16     88    3.4  327.6  341.8  328.5
  495.1   5959   -4.9   -8.8     74   3.98     88    3.5  327.9  341.5  328.7
  494.6   5966   -4.9   -9.0     73   3.93     89    3.6  328.1  341.5  328.8
  494.2   5974   -4.9   -9.1     73   3.91     89    3.7  328.1  341.5  328.9
  493.7   5980   -4.9   -9.4     71   3.81     90    3.8  328.2  341.3  328.9
  493.3   5988   -4.9   -9.8     68   3.68     90    3.8  328.3  340.9  329.0
  492.8   5996   -5.0  -10.1     67   3.61     90    3.9  328.3  340.7  329.0
  492.3   6003   -5.0  -10.3     66   3.56     91    3.9  328.3  340.6  329.1
  491.8   6011   -5.0  -10.4     66   3.54     91    4.0  328.4  340.6  329.1
  491.3   6019   -5.1  -10.4     66   3.54     91    4.1  328.4  340.6  329.1
  490.7   6028   -5.2  -10.5     66   3.52     92    4.1  328.4  340.6  329.1
  490.2   6037   -5.3  -10.5     67   3.53     92    4.2  328.4  340.6  329.1
  489.6   6046   -5.3  -10.5     67   3.52     92    4.3  328.5  340.6  329.2
  489.2   6053   -5.4  -10.5     67   3.53     93    4.4  328.4  340.6  329.1
  488.7   6060   -5.5  -10.5     68   3.53     93    4.5  328.4  340.6  329.1
  488.3   6067   -5.5  -10.7     67   3.49     93    4.5  328.4  340.5  329.1
  487.8   6076   -5.6  -11.0     66   3.40     93    4.6  328.5  340.2  329.2
  487.2   6085   -5.6  -11.3     64   3.32     94    4.7  328.6  340.1  329.2
  486.5   6096   -5.7  -11.4     64   3.30     94    4.8  328.6  340.1  329.3
  485.9   6106   -5.7  -11.3     65   3.32     94    4.9  328.7  340.1  329.3
  485.2   6117   -5.8  -11.4     65   3.31     94    4.9  328.7  340.2  329.4
  484.6   6127   -5.8  -11.5     64   3.29     94    5.0  328.8  340.2  329.4
  484.1   6135   -5.9  -11.5     64   3.28     94    5.0  328.8  340.1  329.4
  483.7   6142   -5.9  -11.5     65   3.29     94    5.1  328.9  340.2  329.5
  483.3   6148   -6.0  -11.6     64   3.26     94    5.1  328.9  340.2  329.5
  482.9   6155   -5.9  -11.9     63   3.20     94    5.1  329.0  340.1  329.6
  482.5   6161   -5.9  -12.3     61   3.10     93    5.2  329.2  339.9  329.8
  482.1   6168   -5.8  -12.7     58   3.01     93    5.2  329.4  339.8  330.0
  481.6   6175   -5.8  -12.8     57   2.97     93    5.3  329.5  339.8  330.1
  481.2   6182   -5.8  -13.0     57   2.94     93    5.3  329.5  339.7  330.1
  480.8   6189   -5.8  -13.0     57   2.92     93    5.4  329.5  339.7  330.1
  480.3   6197   -5.9  -13.2     56   2.89     93    5.4  329.6  339.7  330.1
  479.9   6203   -5.9  -13.4     56   2.85     93    5.5  329.6  339.6  330.2
  479.6   6209   -5.9  -13.6     55   2.81     93    5.6  329.7  339.5  330.2
  479.2   6215   -5.9  -13.8     54   2.75     93    5.6  329.7  339.3  330.2
  478.8   6221   -5.9  -14.1     52   2.69     93    5.7  329.9  339.3  330.4
  478.5   6227   -5.8  -14.4     51   2.62     93    5.8  330.0  339.2  330.5
  478.1   6233   -5.8  -14.8     49   2.55     94    5.8  330.1  339.1  330.6
  477.7   6239   -5.8  -15.1     48   2.49     94    5.8  330.2  339.0  330.7
  477.4   6244   -5.8  -15.3     47   2.44     94    5.8  330.2  338.8  330.7
  477.0   6252   -5.8  -15.6     46   2.38     95    5.8  330.3  338.7  330.8
  476.4   6260   -5.7  -15.9     45   2.34     95    5.7  330.6  338.9  331.0
  476.0   6267   -5.7  -16.0     44   2.31     96    5.6  330.6  338.8  331.1
  475.5   6275   -5.8  -16.2     44   2.28     96    5.5  330.6  338.7  331.1
  475.1   6283   -5.8  -16.4     43   2.24     97    5.3  330.7  338.6  331.1
  474.7   6289   -5.8  -16.8     42   2.17     97    5.2  330.7  338.5  331.2
  474.3   6296   -5.7  -17.4     39   2.06     98    5.0  330.9  338.3  331.4
  473.8   6304   -5.7  -17.7     38   2.02     98    4.9  331.1  338.3  331.5
  473.3   6312   -5.7  -17.8     38   2.00     99    4.7  331.2  338.3  331.6
  472.8   6321   -5.6  -17.8     38   2.00     99    4.6  331.4  338.5  331.8
  472.3   6329   -5.6  -17.9     37   1.98    100    4.5  331.5  338.6  331.9
  471.8   6336   -5.6  -18.0     37   1.97    100    4.4  331.6  338.7  332.0
  471.4   6344   -5.7  -18.0     37   1.97    101    4.3  331.6  338.7  332.0
  470.9   6352   -5.8  -18.1     37   1.96    102    4.3  331.6  338.6  332.0
  470.4   6360   -5.8  -18.1     37   1.96    103    4.3  331.7  338.7  332.1
  470.0   6367   -5.8  -18.1     37   1.96    104    4.3  331.7  338.7  332.0
  469.4   6376   -5.9  -18.2     37   1.95    105    4.3  331.7  338.7  332.1
  468.8   6387   -5.9  -18.1     38   1.97    106    4.4  331.8  338.9  332.2
  468.2   6397   -6.0  -17.9     38   2.00    106    4.5  331.9  339.0  332.3
  467.8   6404   -6.0  -17.8     39   2.02    107    4.5  331.9  339.1  332.3
  467.4   6410   -6.1  -17.8     39   2.03    108    4.6  331.9  339.2  332.3
  467.0   6417   -6.2  -17.8     39   2.03    109    4.7  331.9  339.1  332.3
  466.4   6426   -6.3  -17.7     40   2.05    109    4.8  331.8  339.2  332.3
  465.9   6436   -6.4  -17.7     40   2.06    110    4.9  331.8  339.2  332.2
  465.4   6444   -6.4  -17.6     41   2.07    110    4.9  331.9  339.3  332.3
  464.9   6452   -6.5  -17.7     41   2.06    111    5.0  331.9  339.3  332.3
  464.5   6459   -6.6  -17.7     41   2.05    111    5.0  331.9  339.3  332.3
  464.1   6465   -6.6  -17.7     41   2.05    111    5.0  331.9  339.3  332.3
  463.7   6472   -6.7  -17.7     41   2.05    111    5.0  331.9  339.3  332.3
  463.3   6479   -6.8  -17.7     41   2.06    112    5.0  331.9  339.3  332.3
  462.9   6486   -6.8  -17.7     42   2.07    112    5.0  331.9  339.3  332.3
  462.5   6493   -6.9  -17.6     42   2.07    112    5.0  331.9  339.3  332.3
  462.0   6500   -6.9  -17.7     42   2.07    113    5.0  331.9  339.3  332.3
  461.6   6508   -7.0  -17.7     42   2.06    113    5.0  331.9  339.3  332.3
  461.1   6516   -7.1  -17.8     42   2.06    114    5.0  331.9  339.3  332.4
  460.6   6525   -7.1  -17.8     42   2.06    114    5.0  332.0  339.3  332.4
  460.0   6534   -7.2  -17.8     43   2.06    115    5.1  332.0  339.4  332.4
  459.4   6545   -7.3  -17.8     43   2.06    115    5.2  332.0  339.4  332.4
  458.8   6555   -7.4  -17.8     43   2.07    115    5.3  332.0  339.4  332.4
  458.1   6566   -7.5  -17.6     44   2.10    116    5.4  332.0  339.5  332.4
  457.6   6575   -7.6  -17.3     46   2.15    116    5.5  332.0  339.7  332.5
  457.2   6583   -7.6  -17.3     46   2.15    116    5.6  332.0  339.7  332.5
  456.7   6591   -7.6  -17.3     46   2.15    116    5.7  332.1  339.9  332.6
  456.1   6600   -7.6  -17.4     46   2.15    116    5.9  332.3  340.0  332.7
  455.6   6610   -7.7  -17.5     45   2.13    115    6.1  332.3  339.9  332.7
  455.1   6618   -7.7  -17.5     45   2.13    115    6.2  332.4  340.1  332.9
  454.7   6626   -7.7  -17.6     45   2.11    115    6.4  332.5  340.1  333.0
  454.1   6635   -7.7  -17.8     44   2.09    114    6.6  332.6  340.1  333.0
  453.4   6647   -7.6  -17.8     44   2.08    113    6.7  332.8  340.3  333.3
  452.7   6659   -7.7  -17.9     44   2.07    112    6.9  332.9  340.3  333.3
  452.1   6669   -7.8  -18.0     44   2.06    111    7.1  332.9  340.3  333.3
  451.7   6676   -7.9  -18.1     44   2.05    110    7.3  332.9  340.2  333.3
  451.3   6684   -7.9  -18.0     44   2.06    108    7.5  332.9  340.3  333.3
  450.8   6692   -7.9  -18.1     44   2.05    107    7.7  333.0  340.4  333.4
  450.3   6700   -8.0  -18.1     44   2.05    106    7.9  333.0  340.4  333.5
  449.9   6707   -8.0  -18.1     44   2.04    105    8.1  333.1  340.4  333.5
  449.5   6714   -8.1  -18.2     44   2.04    103    8.3  333.1  340.5  333.5
  449.2   6720   -8.1  -18.2     44   2.04    102    8.5  333.1  340.5  333.5
  448.8   6726   -8.2  -18.1     44   2.05    101    8.7  333.1  340.5  333.6
  448.4   6733   -8.2  -18.1     45   2.06    101    8.8  333.2  340.6  333.6
  448.0   6741   -8.2  -18.0     45   2.07    100    9.0  333.2  340.7  333.6
  447.6   6748   -8.2  -17.6     47   2.15     99    9.2  333.3  341.0  333.7
  447.1   6757   -8.3  -16.7     51   2.33     99    9.3  333.4  341.7  333.8
  446.4   6767   -8.3  -16.3     53   2.41     98    9.4  333.4  342.1  333.9
  445.8   6778   -8.4  -16.4     53   2.40     98    9.5  333.5  342.0  333.9
  445.3   6788   -8.5  -16.5     52   2.36     97    9.6  333.4  341.9  333.9
  444.8   6796   -8.6  -16.5     53   2.37     97    9.6  333.4  341.9  333.9
  444.3   6804   -8.7  -16.6     53   2.35     96    9.7  333.4  341.9  333.9
  443.8   6814   -8.8  -16.7     53   2.33     96    9.7  333.4  341.8  333.9
  443.2   6824   -8.9  -16.7     54   2.35     95    9.7  333.4  341.8  333.8
  442.6   6835   -9.0  -16.7     54   2.35     94    9.7  333.4  341.8  333.9
  442.0   6846   -9.1  -16.8     54   2.32     94    9.7  333.4  341.7  333.9
  441.4   6856   -9.2  -16.8     54   2.33     93    9.6  333.4  341.7  333.8
  440.8   6867   -9.3  -16.7     55   2.35     92    9.6  333.4  341.8  333.9
  440.1   6878   -9.4  -16.9     55   2.32     91    9.6  333.4  341.7  333.9
  439.5   6888   -9.5  -17.1     54   2.29     90    9.7  333.4  341.6  333.9
  439.0   6897   -9.6  -17.0     55   2.30     89    9.7  333.4  341.6  333.8
  438.6   6905   -9.7  -17.1     55   2.29     88    9.7  333.3  341.5  333.8
  438.2   6912   -9.8  -17.0     56   2.30     88    9.8  333.3  341.6  333.8
  437.7   6920   -9.9  -17.0     56   2.31     87    9.8  333.3  341.6  333.8
  437.2   6929  -10.0  -16.8     57   2.35     86    9.8  333.3  341.7  333.8
  436.7   6938  -10.0  -16.7     58   2.38     86    9.9  333.4  341.9  333.9
  436.2   6947  -10.1  -16.8     58   2.35     85    9.9  333.4  341.8  333.9
  435.6   6957  -10.2  -16.5     60   2.43     85   10.0  333.4  342.1  333.9
  435.0   6967  -10.3  -16.4     61   2.44     84   10.0  333.4  342.2  333.9
  434.4   6980  -10.4  -16.5     61   2.43     83   10.1  333.4  342.1  333.9
  433.6   6994  -10.5  -16.5     62   2.44     83   10.1  333.4  342.1  333.9
  432.9   7006  -10.6  -16.1     64   2.52     82   10.1  333.5  342.4  334.0
  432.4   7014  -10.6  -15.9     65   2.57     81   10.1  333.6  342.7  334.1
  432.0   7021  -10.8  -16.0     65   2.55     80   10.1  333.5  342.6  334.0
  431.6   7028  -10.8  -15.8     66   2.59     80   10.1  333.6  342.8  334.1
  431.2   7036  -10.8  -15.7     67   2.62     79   10.1  333.6  342.9  334.1
  430.7   7045  -10.8  -15.6     68   2.65     78   10.1  333.7  343.2  334.2
  430.2   7053  -10.9  -15.7     68   2.62     77   10.0  333.7  343.1  334.3
  429.8   7061  -10.9  -15.7     68   2.63     76   10.0  333.8  343.1  334.3
  429.4   7068  -11.0  -15.6     68   2.64     75   10.0  333.8  343.2  334.4
  429.0   7075  -11.0  -15.6     69   2.65     75    9.9  333.8  343.3  334.4
  428.6   7081  -11.0  -15.7     68   2.64     74    9.9  333.9  343.3  334.4
  428.2   7089  -11.1  -15.8     68   2.61     73    9.9  334.0  343.3  334.5
  427.8   7097  -11.1  -16.0     67   2.58     72    9.9  334.0  343.2  334.5
  427.4   7104  -11.2  -16.2     66   2.53     72    9.9  334.0  343.0  334.5
  427.1   7109  -11.1  -16.3     66   2.52     72    9.9  334.1  343.1  334.6
  426.7   7116  -11.2  -16.5     65   2.47     71    9.9  334.2  343.0  334.7
  426.4   7123  -11.2  -16.6     64   2.45     71    9.9  334.2  342.9  334.7
  425.9   7130  -11.3  -16.7     64   2.43     71   10.0  334.2  342.9  334.7
  425.5   7138  -11.4  -16.8     64   2.41     71   10.0  334.2  342.8  334.7
  425.1   7145  -11.4  -17.1     63   2.37     70   10.1  334.2  342.7  334.7
  424.7   7152  -11.4  -17.2     62   2.34     70   10.1  334.3  342.7  334.7
  424.3   7160  -11.5  -17.4     62   2.31     70   10.2  334.3  342.6  334.8
  423.9   7168  -11.5  -17.6     61   2.27     70   10.3  334.3  342.5  334.8
  423.5   7175  -11.6  -17.8     60   2.24     70   10.4  334.3  342.4  334.8
  423.1   7182  -11.6  -17.9     60   2.22     70   10.5  334.4  342.4  334.8
  422.7   7188  -11.7  -18.0     60   2.21     70   10.6  334.4  342.4  334.9
  422.3   7195  -11.7  -18.2     58   2.16     70   10.7  334.4  342.2  334.9
  421.9   7203  -11.7  -18.4     57   2.13     70   10.8  334.5  342.2  335.0
  421.5   7210  -11.8  -18.5     57   2.11     70   10.9  334.5  342.2  335.0
  420.9   7221  -11.9  -18.6     57   2.10     70   11.1  334.6  342.2  335.0
  420.3   7232  -11.9  -18.8     57   2.07     70   11.2  334.7  342.2  335.1
  420.0   7237  -12.0  -18.9     57   2.06     70   11.3  334.6  342.1  335.0
  419.6   7244  -12.1  -19.0     57   2.04     70   11.5  334.6  342.0  335.0
  419.1   7254  -12.1  -19.1     56   2.02     70   11.7  334.6  341.9  335.0
  418.6   7263  -12.2  -19.3     56   1.99     70   11.9  334.6  341.9  335.0
  418.1   7272  -12.3  -19.7     54   1.92     70   12.0  334.7  341.6  335.1
  417.5   7283  -12.2  -20.1     52   1.86     70   12.2  334.9  341.6  335.2
  417.0   7293  -12.4  -20.1     52   1.86     70   12.5  334.8  341.6  335.2
  416.4   7304  -12.5  -20.1     53   1.86     69   12.6  334.8  341.6  335.2
  415.9   7313  -12.6  -20.2     53   1.86     69   12.8  334.8  341.6  335.2
  415.3   7323  -12.6  -20.2     53   1.86     69   13.0  334.8  341.6  335.2
  414.7   7334  -12.7  -20.2     54   1.86     69   13.2  334.9  341.6  335.2
  414.1   7345  -12.8  -20.2     54   1.86     68   13.3  334.9  341.7  335.2
  413.6   7355  -12.9  -20.1     55   1.88     68   13.4  334.9  341.7  335.2
  413.1   7364  -12.9  -19.5     58   1.98     68   13.5  335.0  342.2  335.4
  412.5   7375  -13.0  -18.0     66   2.26     67   13.6  335.1  343.3  335.6
  411.9   7386  -13.0  -17.4     70   2.37     67   13.7  335.1  343.7  335.6
  411.4   7395  -13.0  -17.9     67   2.28     67   13.7  335.2  343.5  335.7
  410.9   7406  -13.0  -18.9     61   2.10     67   13.8  335.4  343.0  335.8
  410.2   7417  -13.0  -19.5     58   1.99     67   13.8  335.6  342.9  336.0
  409.6   7428  -13.0  -21.2     50   1.73     67   13.9  335.7  342.1  336.1
  409.1   7439  -12.9  -25.4     34   1.19     67   13.9  336.0  340.4  336.2
  408.5   7450  -12.8  -31.4     20   0.68     67   14.0  336.3  338.9  336.4
  408.0   7460  -12.8  -32.7     17   0.60     67   14.0  336.4  338.7  336.5
  407.5   7468  -12.8  -32.9     17   0.59     67   14.0  336.4  338.7  336.6
  407.1   7475  -12.9  -33.5     16   0.56     68   14.1  336.4  338.6  336.6
  406.7   7483  -13.0  -34.3     15   0.52     68   14.1  336.4  338.4  336.5
  406.2   7493  -13.0  -35.5     13   0.46     68   14.1  336.5  338.3  336.6
  405.6   7503  -13.1  -36.7     12   0.41     68   14.1  336.6  338.2  336.7
  405.1   7514  -13.1  -37.2     11   0.39     69   14.1  336.7  338.2  336.8
  404.6   7523  -13.2  -37.3     11   0.38     69   14.1  336.7  338.2  336.8
  404.1   7531  -13.2  -37.5     11   0.38     69   14.1  336.7  338.2  336.8
  403.7   7540  -13.3  -37.6     11   0.37     69   14.1  336.8  338.3  336.9
  403.2   7549  -13.3  -37.6     11   0.37     68   14.0  336.8  338.3  336.9
  402.7   7558  -13.3  -37.7     11   0.37     68   14.0  336.9  338.4  337.0
  402.2   7567  -13.4  -37.7     11   0.37     68   14.0  336.9  338.4  337.0
  401.7   7577  -13.5  -37.8     11   0.37     68   14.1  336.9  338.4  337.0
  401.2   7587  -13.5  -37.8     11   0.37     67   14.1  337.0  338.5  337.1
  400.8   7595  -13.6  -37.8     11   0.37     67   14.1  337.0  338.5  337.1
  400.4   7602  -13.6  -37.9     11   0.37     67   14.2  337.1  338.5  337.2
  400.0   7610  -13.7  -37.9     11   0.36     67   14.2  337.1  338.6  337.2
  399.5   7618  -13.7  -38.0     11   0.36     66   14.3  337.2  338.7  337.3
  399.1   7627  -13.8  -38.4     11   0.35     66   14.4  337.2  338.6  337.3
  398.7   7634  -13.8  -38.6     10   0.34     66   14.5  337.3  338.6  337.3
  398.3   7642  -13.9  -38.6     10   0.34     66   14.6  337.3  338.7  337.4
  397.9   7650  -13.9  -38.5     11   0.35     66   14.6  337.3  338.7  337.4
  397.5   7658  -14.0  -38.4     11   0.35     66   14.6  337.4  338.8  337.4
  397.1   7665  -14.0  -38.4     11   0.35     66   14.7  337.3  338.7  337.4
  396.8   7670  -14.1  -38.4     11   0.35     66   14.7  337.3  338.7  337.4
  396.4   7677  -14.2  -38.4     11   0.35     65   14.7  337.3  338.7  337.4
  396.1   7685  -14.2  -38.4     11   0.35     65   14.7  337.4  338.8  337.4
  395.7   7692  -14.3  -38.3     11   0.35     65   14.7  337.4  338.8  337.4
  395.3   7700  -14.4  -38.4     11   0.35     65   14.7  337.3  338.7  337.4
  394.9   7708  -14.4  -38.4     11   0.35     65   14.7  337.4  338.8  337.5
  394.5   7715  -14.5  -38.4     11   0.35     65   14.7  337.4  338.8  337.5
  394.2   7721  -14.5  -38.4     11   0.35     65   14.7  337.4  338.8  337.5
  393.8   7728  -14.6  -38.4     11   0.35     65   14.7  337.4  338.8  337.5
  393.5   7735  -14.7  -38.4     11   0.35     65   14.7  337.4  338.8  337.5
  393.1   7741  -14.8  -38.5     11   0.35     65   14.7  337.4  338.8  337.5
  392.8   7747  -14.8  -38.6     11   0.35     65   14.8  337.4  338.8  337.5
  392.5   7754  -14.9  -38.6     11   0.35     65   14.8  337.4  338.8  337.5
  392.1   7761  -14.9  -38.7     11   0.35     65   14.9  337.4  338.8  337.5
  391.7   7769  -15.0  -38.7     11   0.34     65   14.9  337.4  338.8  337.5
  391.4   7775  -15.0  -38.7     11   0.34     65   15.0  337.5  338.8  337.5
  391.0   7781  -15.1  -38.7     11   0.34     65   15.0  337.5  338.9  337.6
  390.6   7789  -15.1  -38.8     11   0.34     65   15.1  337.5  338.9  337.6
  390.2   7797  -15.2  -38.8     11   0.34     65   15.2  337.6  338.9  337.6
  389.9   7803  -15.2  -38.5     12   0.35     65   15.2  337.6  339.0  337.6
  389.6   7809  -15.3  -38.5     12   0.35     65   15.3  337.6  339.0  337.6
  389.2   7816  -15.3  -38.5     12   0.35     65   15.3  337.6  339.1  337.7
  388.9   7823  -15.3  -38.6     12   0.35     64   15.4  337.7  339.1  337.7
  388.5   7830  -15.4  -38.9     11   0.34     64   15.4  337.7  339.1  337.8
  388.2   7837  -15.4  -39.2     11   0.33     64   15.5  337.7  339.1  337.8
  387.9   7843  -15.4  -39.3     11   0.33     64   15.5  337.8  339.1  337.8
  387.5   7849  -15.5  -39.2     11   0.33     64   15.6  337.8  339.2  337.9
  387.1   7857  -15.5  -39.0     11   0.34     64   15.6  337.9  339.3  338.0
  386.8   7864  -15.5  -38.9     12   0.34     63   15.7  337.9  339.3  338.0
  386.4   7871  -15.6  -38.8     12   0.34     63   15.7  337.9  339.3  338.0
  386.1   7877  -15.6  -38.9     12   0.34     63   15.8  338.0  339.3  338.0
  385.7   7885  -15.7  -39.0     12   0.34     63   15.8  338.0  339.4  338.1
  385.3   7892  -15.8  -39.0     12   0.34     63   15.9  338.0  339.4  338.1
  384.9   7900  -15.8  -39.2     12   0.33     63   15.9  338.1  339.4  338.1
  384.6   7907  -15.8  -39.3     11   0.33     63   15.9  338.1  339.4  338.2
  384.2   7915  -15.9  -39.5     11   0.32     63   15.9  338.1  339.4  338.2
  383.8   7922  -15.9  -39.5     11   0.32     63   15.9  338.2  339.5  338.3
  383.5   7928  -16.0  -39.4     11   0.33     64   16.0  338.2  339.5  338.3
  383.2   7935  -16.0  -39.3     12   0.33     64   16.0  338.2  339.6  338.3
  382.8   7942  -16.0  -39.5     11   0.33     64   16.0  338.3  339.7  338.4
  382.3   7951  -16.0  -39.8     11   0.31     64   16.0  338.4  339.7  338.5
  381.9   7959  -16.0  -40.2     11   0.30     65   16.0  338.5  339.7  338.6
  381.6   7965  -16.1  -40.4     10   0.30     65   16.0  338.6  339.8  338.6
  381.3   7971  -16.0  -40.4     10   0.30     65   16.0  338.6  339.8  338.7
  380.9   7979  -16.2  -40.3     11   0.30     65   16.1  338.6  339.8  338.7
  380.5   7986  -16.1  -40.0     11   0.31     66   16.1  338.7  340.0  338.8
  380.2   7993  -16.2  -40.0     11   0.31     66   16.1  338.7  340.0  338.8
  379.9   8000  -16.3  -40.0     11   0.31     66   16.1  338.7  340.0  338.8
  379.5   8007  -16.3  -40.0     11   0.31     66   16.1  338.7  340.0  338.8
  379.2   8013  -16.4  -40.1     11   0.31     66   16.1  338.7  340.0  338.8
  378.8   8020  -16.5  -40.0     11   0.31     66   16.1  338.7  340.0  338.8
  378.5   8028  -16.5  -40.0     11   0.31     66   16.1  338.7  340.0  338.8
  378.1   8035  -16.6  -39.9     11   0.32     66   16.1  338.7  340.0  338.8
  377.8   8041  -16.6  -39.7     12   0.32     66   16.1  338.7  340.0  338.8
  377.4   8049  -16.7  -39.6     12   0.32     66   16.1  338.8  340.1  338.9
  377.0   8056  -16.7  -39.7     12   0.32     66   16.1  338.8  340.1  338.9
  376.7   8063  -16.7  -39.7     12   0.32     66   16.1  338.9  340.2  339.0
  376.3   8072  -16.8  -39.6     12   0.33     66   16.1  339.0  340.3  339.0
  375.9   8079  -16.8  -39.6     12   0.33     66   16.1  339.0  340.3  339.0
  375.5   8086  -16.9  -39.7     12   0.33     66   16.1  339.0  340.3  339.0
  375.2   8093  -17.0  -39.7     12   0.33     66   16.2  339.0  340.3  339.0
  374.7   8102  -17.0  -39.8     12   0.32     65   16.2  339.0  340.3  339.1
  374.3   8110  -17.0  -40.1     12   0.31     65   16.3  339.1  340.4  339.2
  374.0   8117  -17.0  -40.6     11   0.30     65   16.3  339.2  340.4  339.3
  373.6   8124  -17.0  -40.9     11   0.29     65   16.4  339.3  340.5  339.4
  373.2   8132  -17.1  -41.0     11   0.29     65   16.5  339.4  340.5  339.4
  372.8   8140  -17.1  -41.0     11   0.29     65   16.5  339.4  340.6  339.5
  372.4   8148  -17.1  -41.0     11   0.29     66   16.6  339.5  340.6  339.5
  372.0   8157  -17.2  -40.8     11   0.29     66   16.7  339.5  340.7  339.6
  371.5   8166  -17.2  -40.5     11   0.30     66   16.7  339.6  340.8  339.7
  371.1   8174  -17.2  -40.3     12   0.31     66   16.8  339.7  340.9  339.7
  370.8   8181  -17.2  -40.3     12   0.31     66   16.8  339.8  341.0  339.8
  370.5   8188  -17.3  -40.6     11   0.30     66   16.9  339.8  341.0  339.8
  370.1   8195  -17.3  -40.6     11   0.30     67   16.9  339.8  341.0  339.9
  369.8   8201  -17.4  -40.7     11   0.30     67   16.9  339.8  341.0  339.8
  369.5   8208  -17.5  -40.8     11   0.29     67   17.0  339.8  341.0  339.9
  369.1   8216  -17.5  -40.1     12   0.31     67   17.0  339.9  341.2  340.0
  368.7   8224  -17.5  -39.7     13   0.33     68   17.0  339.9  341.3  340.0
  368.2   8233  -17.6  -39.8     13   0.33     68   17.0  340.0  341.3  340.0
  367.8   8241  -17.7  -39.2     13   0.35     68   17.0  340.0  341.4  340.0
  367.5   8249  -17.8  -38.7     14   0.37     68   17.1  339.9  341.4  340.0
  367.1   8256  -17.8  -38.5     15   0.38     68   17.1  340.0  341.5  340.1
  366.7   8264  -17.8  -38.5     15   0.37     68   17.1  340.1  341.6  340.1
  366.3   8273  -17.9  -38.5     15   0.38     68   17.1  340.1  341.6  340.1
  365.9   8280  -18.0  -38.5     15   0.38     68   17.0  340.1  341.6  340.1
  365.6   8288  -18.1  -38.5     15   0.38     68   17.0  340.0  341.5  340.1
  365.2   8295  -18.1  -38.4     15   0.38     68   17.0  340.1  341.6  340.1
  364.8   8304  -18.2  -38.3     15   0.38     68   17.0  340.1  341.6  340.1
  364.4   8312  -18.3  -38.4     15   0.38     68   17.0  340.0  341.6  340.1
  364.0   8318  -18.3  -38.3     16   0.38     67   16.9  340.1  341.7  340.2
  363.7   8326  -18.4  -38.3     16   0.39     67   16.9  340.1  341.6  340.2
  363.3   8333  -18.5  -38.3     16   0.39     67   16.9  340.1  341.7  340.2
  363.0   8340  -18.5  -38.4     16   0.38     67   16.9  340.1  341.7  340.2
  362.6   8348  -18.6  -38.5     16   0.38     66   16.9  340.2  341.7  340.2
  362.2   8356  -18.6  -38.5     16   0.38     66   16.9  340.2  341.7  340.3
  361.8   8364  -18.8  -38.6     16   0.38     66   17.0  340.1  341.7  340.2
  361.4   8374  -18.8  -38.5     16   0.38     65   17.0  340.2  341.7  340.3
  361.0   8381  -18.9  -38.5     16   0.38     65   17.0  340.2  341.7  340.3
  360.6   8389  -18.9  -38.6     16   0.38     65   17.1  340.2  341.8  340.3
  360.2   8398  -19.0  -38.3     16   0.39     64   17.1  340.3  341.9  340.4
  359.8   8406  -19.0  -38.0     17   0.40     64   17.2  340.3  342.0  340.4
  359.4   8414  -19.0  -37.9     17   0.41     64   17.2  340.4  342.1  340.5
  359.0   8422  -19.1  -37.7     18   0.41     64   17.3  340.4  342.1  340.5
  358.6   8431  -19.2  -37.6     18   0.42     64   17.3  340.4  342.1  340.5
  358.2   8439  -19.3  -37.5     18   0.43     64   17.3  340.4  342.1  340.5
  357.8   8447  -19.3  -37.4     19   0.43     64   17.4  340.5  342.2  340.6
  357.6   8452  -19.4  -37.5     18   0.42     64   17.4  340.4  342.1  340.5
  357.3   8458  -19.5  -37.5     19   0.43     64   17.5  340.4  342.1  340.5
  357.0   8463  -19.5  -37.5     19   0.43     64   17.5  340.4  342.1  340.5
  356.7   8471  -19.6  -37.3     19   0.43     64   17.6  340.4  342.1  340.5
  356.3   8479  -19.7  -37.2     19   0.44     64   17.6  340.4  342.1  340.5
  355.9   8487  -19.8  -37.2     20   0.44     65   17.7  340.4  342.2  340.5
  355.6   8494  -19.8  -37.3     19   0.44     65   17.8  340.5  342.2  340.6
  355.2   8501  -19.7  -38.1     18   0.40     65   17.8  340.7  342.3  340.8
  354.9   8507  -19.6  -38.7     17   0.38     65   17.9  340.9  342.4  340.9
  354.6   8514  -19.6  -38.3     17   0.40     66   18.0  340.9  342.5  341.0
  354.2   8522  -19.7  -38.6     17   0.38     66   18.0  341.0  342.5  341.0
  353.9   8529  -19.7  -39.3     16   0.36     66   18.1  341.0  342.5  341.1
  353.5   8536  -19.8  -39.8     15   0.34     66   18.1  341.0  342.4  341.1
  353.2   8543  -19.8  -39.4     16   0.35     66   18.2  341.1  342.5  341.1
  352.9   8550  -19.9  -39.2     16   0.36     67   18.2  341.1  342.6  341.2
  352.5   8559  -19.9  -39.3     16   0.36     67   18.3  341.1  342.6  341.2
  352.1   8567  -19.9  -39.3     16   0.36     67   18.3  341.2  342.7  341.3
  351.8   8574  -20.0  -39.2     16   0.36     67   18.4  341.2  342.7  341.3
  351.4   8581  -20.1  -39.1     17   0.37     67   18.4  341.2  342.7  341.3
  351.1   8588  -20.1  -39.0     17   0.37     67   18.5  341.2  342.7  341.3
  350.7   8595  -20.2  -38.9     17   0.38     67   18.6  341.2  342.7  341.3
  350.4   8602  -20.3  -38.7     18   0.38     67   18.6  341.2  342.8  341.3
  350.1   8609  -20.3  -38.2     19   0.40     67   18.7  341.2  342.8  341.3
  349.6   8619  -20.4  -38.1     19   0.41     67   18.7  341.2  342.9  341.3
  349.2   8628  -20.5  -38.1     19   0.41     67   18.8  341.2  342.9  341.3
  348.8   8636  -20.6  -37.9     20   0.42     67   18.9  341.2  342.9  341.3
  348.4   8644  -20.6  -37.5     21   0.44     67   18.9  341.3  343.1  341.4
  348.1   8652  -20.7  -36.9     22   0.47     67   19.0  341.3  343.2  341.4
  347.7   8659  -20.8  -36.3     23   0.49     67   19.0  341.3  343.3  341.4
  347.4   8666  -20.9  -36.0     25   0.51     68   19.1  341.2  343.3  341.3
  347.0   8673  -20.9  -35.7     25   0.53     68   19.1  341.3  343.4  341.4
  346.7   8681  -21.0  -35.4     26   0.54     68   19.2  341.3  343.5  341.4
  346.4   8688  -21.0  -35.1     27   0.56     68   19.2  341.3  343.5  341.4
  346.1   8695  -21.1  -34.8     28   0.58     68   19.3  341.3  343.6  341.4
  345.7   8703  -21.2  -34.4     29   0.60     68   19.3  341.3  343.7  341.5
  345.3   8711  -21.2  -34.5     29   0.59     68   19.4  341.4  343.7  341.5
  345.0   8718  -21.2  -35.0     28   0.57     68   19.5  341.5  343.7  341.6
  344.6   8725  -21.2  -34.7     29   0.58     68   19.5  341.6  343.9  341.7
  344.2   8734  -21.3  -34.2     30   0.62     68   19.6  341.6  344.1  341.8
  343.9   8741  -21.3  -34.5     29   0.60     68   19.7  341.6  344.0  341.8
  343.5   8749  -21.4  -35.6     27   0.54     68   19.7  341.7  343.8  341.8
  343.2   8757  -21.4  -35.6     26   0.54     68   19.8  341.7  343.9  341.9
  342.8   8765  -21.4  -35.5     27   0.55     68   19.9  341.8  344.0  341.9
  342.4   8772  -21.5  -35.5     27   0.54     68   20.0  341.8  343.9  341.9
  342.1   8779  -21.5  -36.1     26   0.51     68   20.0  341.8  343.9  342.0
  341.8   8786  -21.5  -37.4     23   0.45     68   20.1  341.9  343.7  342.0
  341.4   8794  -21.6  -38.0     21   0.43     68   20.1  342.0  343.7  342.1
  341.1   8801  -21.6  -37.9     21   0.43     67   20.2  342.0  343.7  342.1
  340.7   8809  -21.7  -38.0     21   0.42     67   20.3  342.1  343.8  342.1
  340.4   8817  -21.7  -37.8     22   0.44     67   20.3  342.1  343.8  342.2
  340.0   8824  -21.8  -38.0     22   0.43     68   20.4  342.1  343.8  342.2
  339.7   8830  -21.8  -38.2     21   0.42     68   20.4  342.1  343.8  342.2
  339.4   8838  -21.9  -39.0     20   0.38     68   20.4  342.1  343.7  342.2
  339.0   8846  -21.9  -39.8     18   0.36     68   20.5  342.2  343.7  342.3
  338.7   8853  -22.0  -39.7     18   0.36     68   20.5  342.2  343.7  342.3
  338.4   8859  -22.1  -39.5     19   0.37     68   20.5  342.2  343.7  342.3
  338.1   8866  -22.1  -39.6     19   0.36     68   20.5  342.2  343.7  342.3
  337.8   8873  -22.2  -39.9     18   0.35     68   20.5  342.2  343.6  342.3
  337.4   8881  -22.3  -39.9     19   0.35     68   20.5  342.2  343.7  342.3
  337.1   8888  -22.3  -40.2     18   0.34     69   20.5  342.2  343.6  342.3
  336.7   8897  -22.4  -40.4     18   0.34     69   20.5  342.2  343.6  342.3
  336.4   8904  -22.4  -40.3     18   0.34     69   20.5  342.3  343.7  342.4
  336.1   8911  -22.5  -40.2     18   0.35     69   20.5  342.3  343.7  342.4
  335.8   8917  -22.6  -40.0     19   0.35     69   20.5  342.3  343.7  342.3
  335.5   8924  -22.6  -39.9     19   0.36     69   20.5  342.3  343.7  342.3
  335.1   8931  -22.7  -39.9     19   0.36     69   20.5  342.3  343.8  342.4
  334.8   8938  -22.8  -40.0     19   0.35     69   20.5  342.3  343.7  342.4
  334.5   8945  -22.8  -40.1     19   0.35     69   20.5  342.3  343.7  342.4
  334.1   8952  -22.9  -39.9     20   0.36     69   20.5  342.3  343.8  342.4
  333.8   8960  -22.9  -39.4     21   0.38     69   20.5  342.3  343.9  342.4
  333.4   8968  -23.0  -38.9     22   0.39     69   20.5  342.4  344.0  342.5
  333.1   8975  -23.0  -38.9     22   0.40     69   20.5  342.4  344.1  342.5
  332.8   8982  -23.0  -39.2     21   0.39     69   20.5  342.5  344.0  342.6
  332.5   8988  -23.1  -39.3     21   0.38     69   20.4  342.4  344.0  342.5
  332.2   8995  -23.2  -39.2     22   0.39     68   20.4  342.5  344.0  342.6
  331.9   9002  -23.2  -38.5     23   0.41     68   20.4  342.5  344.2  342.6
  331.5   9010  -23.3  -37.9     25   0.44     68   20.4  342.5  344.3  342.6
  331.2   9017  -23.3  -37.6     26   0.46     68   20.4  342.5  344.4  342.6
  330.9   9024  -23.4  -37.4     26   0.47     68   20.4  342.6  344.4  342.7
  330.6   9031  -23.5  -37.5     26   0.46     68   20.4  342.6  344.4  342.7
  330.2   9039  -23.5  -37.8     26   0.45     68   20.4  342.6  344.4  342.7
  329.9   9047  -23.6  -38.0     25   0.44     68   20.4  342.6  344.4  342.7
  329.5   9055  -23.6  -38.3     25   0.43     68   20.4  342.7  344.4  342.7
  329.2   9062  -23.7  -38.7     24   0.41     68   20.5  342.7  344.3  342.7
  328.9   9069  -23.7  -39.1     23   0.40     68   20.5  342.7  344.3  342.8
  328.5   9076  -23.8  -39.2     23   0.39     68   20.5  342.7  344.3  342.8
  328.2   9083  -23.8  -39.4     22   0.38     68   20.6  342.7  344.3  342.8
  327.9   9091  -23.9  -39.6     22   0.37     69   20.6  342.7  344.3  342.8
  327.5   9099  -24.0  -39.8     22   0.37     69   20.6  342.8  344.3  342.9
  327.2   9106  -24.0  -39.8     22   0.37     69   20.6  342.8  344.3  342.9
  326.8   9114  -24.0  -40.0     22   0.36     69   20.7  342.9  344.4  343.0
  326.5   9121  -24.1  -40.3     21   0.35     69   20.7  342.9  344.4  343.0
  326.2   9128  -24.1  -40.4     21   0.35     69   20.8  343.0  344.4  343.1
  325.9   9135  -24.1  -40.6     20   0.34     69   20.8  343.1  344.5  343.2
  325.5   9143  -24.0  -41.2     19   0.32     69   20.8  343.3  344.6  343.4
  325.2   9151  -24.1  -41.4     19   0.31     70   20.9  343.3  344.6  343.4
  324.9   9158  -24.1  -41.3     19   0.32     70   20.9  343.4  344.7  343.5
  324.6   9165  -24.1  -41.3     19   0.32     70   20.9  343.4  344.7  343.5
  324.3   9172  -24.2  -41.3     19   0.32     70   21.0  343.4  344.7  343.5
  324.0   9179  -24.2  -41.2     19   0.32     70   21.0  343.5  344.8  343.5
  323.6   9186  -24.3  -41.1     19   0.32     70   21.0  343.6  344.9  343.6
  323.3   9194  -24.3  -41.2     19   0.32     70   21.0  343.6  344.9  343.7
  323.0   9201  -24.3  -41.2     20   0.32     70   21.1  343.6  344.9  343.7
  322.7   9207  -24.4  -41.2     19   0.32     70   21.1  343.6  344.9  343.7
  322.4   9214  -24.5  -41.4     19   0.32     70   21.1  343.6  344.9  343.7
  322.1   9221  -24.5  -41.5     19   0.31     70   21.1  343.7  345.0  343.8
  321.8   9228  -24.6  -41.8     19   0.30     70   21.1  343.7  344.9  343.7
  321.5   9234  -24.6  -42.1     18   0.30     70   21.2  343.7  344.9  343.8
  321.2   9241  -24.7  -42.1     18   0.30     70   21.2  343.7  345.0  343.8
  320.9   9248  -24.7  -42.1     18   0.29     70   21.2  343.7  345.0  343.8
  320.6   9254  -24.8  -42.4     18   0.29     70   21.2  343.8  344.9  343.8
  320.3   9261  -24.8  -42.8     17   0.27     70   21.2  343.8  344.9  343.9
  320.0   9268  -24.9  -43.0     17   0.27     71   21.2  343.8  344.9  343.8
  319.6   9276  -24.9  -43.3     16   0.26     71   21.3  343.9  344.9  343.9
  319.3   9284  -25.0  -43.6     16   0.25     71   21.3  343.9  344.9  343.9
  318.9   9292  -25.1  -43.4     16   0.26     71   21.3  343.9  344.9  343.9
  318.6   9299  -25.1  -43.4     17   0.26     71   21.3  343.9  345.0  343.9
  318.3   9307  -25.2  -43.4     17   0.26     71   21.3  343.9  344.9  343.9
  317.9   9315  -25.2  -43.1     17   0.27     72   21.3  344.0  345.1  344.0
  317.7   9321  -25.3  -42.9     18   0.27     72   21.3  344.0  345.1  344.0
  317.4   9327  -25.4  -42.8     18   0.28     72   21.4  343.9  345.1  344.0
  317.1   9335  -25.4  -42.7     18   0.28     72   21.4  343.9  345.1  344.0
  316.7   9343  -25.5  -42.8     18   0.28     72   21.4  343.9  345.1  344.0
  316.4   9350  -25.6  -42.9     18   0.28     72   21.4  343.9  345.1  344.0
  316.1   9357  -25.7  -43.0     18   0.27     72   21.4  343.9  345.1  344.0
  315.8   9364  -25.7  -42.7     19   0.28     72   21.4  343.9  345.1  344.0
  315.5   9372  -25.8  -42.5     19   0.29     72   21.4  343.9  345.1  344.0
  315.1   9380  -25.9  -42.5     19   0.29     72   21.4  344.0  345.2  344.0
  314.8   9387  -25.9  -42.5     20   0.29     72   21.5  343.9  345.1  344.0
  314.5   9394  -26.0  -42.5     20   0.29     71   21.5  343.9  345.1  344.0
  314.2   9401  -26.1  -42.4     20   0.29     71   21.5  343.9  345.1  344.0
  313.8   9409  -26.1  -42.4     20   0.29     71   21.5  344.0  345.2  344.0
  313.5   9416  -26.2  -42.4     20   0.29     71   21.6  344.0  345.2  344.0
  313.2   9424  -26.3  -42.2     21   0.30     71   21.6  343.9  345.2  344.0
  312.8   9432  -26.4  -42.0     22   0.31     70   21.7  344.0  345.2  344.0
  312.5   9440  -26.4  -42.0     22   0.31     70   21.7  344.0  345.2  344.0
  312.1   9449  -26.5  -42.0     22   0.31     70   21.8  344.0  345.2  344.0
  311.7   9458  -26.6  -41.9     22   0.31     70   21.9  344.0  345.2  344.0
  311.4   9466  -26.7  -41.7     23   0.32     69   21.9  344.0  345.3  344.1
  311.0   9475  -26.7  -41.4     24   0.33     69   22.0  344.0  345.4  344.1
  310.7   9483  -26.8  -40.9     25   0.35     69   22.1  344.0  345.5  344.1
  310.3   9490  -26.9  -40.4     27   0.36     69   22.2  344.1  345.6  344.1
  310.0   9497  -26.9  -40.2     27   0.37     68   22.2  344.1  345.6  344.2
  309.7   9504  -27.0  -40.3     27   0.37     68   22.3  344.0  345.6  344.1
  309.4   9511  -27.1  -40.1     28   0.38     68   22.4  344.0  345.6  344.1
  309.1   9518  -27.1  -39.4     30   0.41     67   22.4  344.1  345.7  344.2
  308.8   9525  -27.2  -38.8     32   0.43     67   22.5  344.1  345.9  344.2
  308.5   9532  -27.1  -38.4     33   0.45     66   22.6  344.3  346.1  344.4
  308.2   9539  -27.1  -38.4     33   0.45     66   22.7  344.4  346.3  344.5
  307.9   9548  -27.1  -38.5     33   0.45     66   22.8  344.4  346.3  344.5
  307.5   9555  -27.2  -38.6     33   0.44     65   22.9  344.5  346.3  344.6
  307.2   9564  -27.2  -38.7     33   0.44     65   23.0  344.5  346.3  344.6
  306.8   9572  -27.2  -38.5     33   0.45     64   23.1  344.7  346.5  344.8
  306.5   9579  -27.2  -38.2     34   0.46     64   23.2  344.8  346.7  344.9
  306.2   9588  -27.2  -37.7     36   0.49     63   23.3  344.9  346.8  345.0
  305.8   9595  -27.3  -37.5     37   0.50     63   23.4  344.9  346.9  345.0
  305.5   9602  -27.4  -37.3     38   0.51     62   23.5  344.9  347.0  345.0
  305.2   9610  -27.4  -37.2     39   0.51     62   23.6  344.9  347.0  345.0
  304.8   9619  -27.5  -36.9     40   0.53     62   23.7  344.9  347.0  345.0
  304.5   9626  -27.6  -35.6     47   0.61     62   23.8  344.9  347.3  345.0
  304.2   9634  -27.7  -33.0     60   0.78     62   23.8  344.9  347.9  345.0
  303.9   9641  -27.8  -30.6     77   0.99     61   23.9  344.8  348.7  345.0
  303.5   9649  -27.9  -29.9     83   1.06     61   23.9  344.8  348.9  345.0
  303.2   9657  -27.9  -30.9     75   0.96     61   23.9  344.8  348.6  345.0
  302.9   9665  -28.0  -32.2     67   0.85     61   24.0  344.8  348.2  345.0
  302.5   9673  -28.1  -33.5     59   0.75     61   24.0  344.9  347.9  345.1
  302.2   9681  -28.1  -33.8     58   0.73     61   23.9  344.9  347.8  345.1
  301.9   9688  -28.2  -33.6     60   0.75     61   23.9  345.0  347.9  345.1
  301.6   9696  -28.2  -35.2     51   0.64     61   23.9  345.0  347.6  345.1
  301.3   9703  -28.2  -35.5     50   0.62     61   23.9  345.0  347.5  345.2
  301.0   9709  -28.3  -35.2     52   0.64     61   23.9  345.0  347.6  345.2
  300.7   9716  -28.3  -34.6     55   0.68     61   23.9  345.1  347.8  345.3
  300.5   9723  -28.3  -34.7     54   0.67     61   23.9  345.2  347.8  345.3
  300.2   9729  -28.4  -35.4     51   0.63     61   23.9  345.2  347.7  345.3
  300.0   9734  -28.4  -35.9     48   0.59     61   23.9  345.2  347.6  345.4
  299.9   9737  -28.4  -36.4     46   0.57     61   23.9  345.2  347.5  345.4
  299.5   9744  -28.4  -38.9     36   0.44     61   23.8  345.4  347.2  345.5
  299.3   9751  -28.4  -40.5     30   0.37     61   23.8  345.5  347.0  345.5
  299.0   9758  -28.5  -41.0     29   0.36     61   23.8  345.5  346.9  345.6
  298.7   9765  -28.5  -41.2     28   0.35     61   23.8  345.5  346.9  345.6
  298.4   9773  -28.6  -41.2     29   0.35     61   23.7  345.5  346.9  345.6
  298.0   9781  -28.6  -41.4     28   0.34     61   23.7  345.6  347.0  345.6
  297.7   9788  -28.7  -41.5     28   0.34     61   23.7  345.6  347.0  345.6
  297.4   9796  -28.8  -41.5     28   0.34     61   23.6  345.6  347.0  345.6
  297.1   9803  -28.8  -41.4     29   0.34     61   23.6  345.6  347.0  345.6
  296.8   9811  -28.9  -41.6     28   0.34     61   23.5  345.6  347.0  345.6
  296.5   9818  -29.0  -42.0     27   0.32     61   23.5  345.6  346.9  345.6
  296.2   9825  -29.0  -42.2     27   0.31     61   23.5  345.6  346.9  345.7
  295.9   9832  -29.1  -42.3     27   0.31     61   23.4  345.6  346.9  345.7
  295.6   9839  -29.2  -42.4     27   0.31     61   23.4  345.6  346.9  345.7
  295.3   9846  -29.2  -42.3     27   0.31     61   23.4  345.6  346.9  345.7
  295.0   9853  -29.3  -42.3     27   0.31     61   23.4  345.6  346.9  345.7
  294.7   9860  -29.4  -42.4     27   0.31     61   23.4  345.6  346.9  345.7
  294.4   9867  -29.4  -42.4     27   0.31     61   23.4  345.7  347.0  345.7
  294.1   9875  -29.4  -42.5     27   0.31     61   23.4  345.7  347.0  345.8
  293.8   9882  -29.5  -42.6     27   0.31     60   23.4  345.8  347.1  345.8
  293.5   9889  -29.5  -42.6     27   0.31     60   23.5  345.8  347.1  345.9
  293.2   9897  -29.5  -42.5     27   0.31     60   23.5  345.9  347.2  346.0
  292.9   9904  -29.5  -42.4     28   0.31     60   23.5  346.0  347.3  346.0
  292.6   9911  -29.6  -42.2     28   0.32     60   23.6  346.0  347.3  346.1
  292.3   9919  -29.7  -41.7     30   0.34     59   23.6  346.0  347.4  346.1
  292.0   9926  -29.7  -41.2     32   0.36     59   23.6  346.0  347.5  346.1
  291.7   9933  -29.8  -40.6     34   0.38     59   23.6  346.0  347.6  346.1
  291.4   9941  -29.9  -40.5     35   0.38     58   23.6  346.0  347.6  346.1
  291.1   9949  -29.9  -40.4     35   0.39     58   23.6  346.1  347.7  346.2
  290.8   9956  -29.8  -40.3     36   0.39     58   23.6  346.3  347.9  346.4
  290.5   9963  -29.7  -41.3     32   0.36     58   23.6  346.5  348.0  346.6
  290.2   9971  -29.6  -42.8     27   0.30     58   23.6  346.8  348.0  346.8
  289.9   9978  -29.5  -43.3     25   0.29     57   23.6  347.0  348.2  347.1
  289.6   9985  -29.5  -43.6     24   0.28     57   23.5  347.2  348.4  347.3
  289.3   9992  -29.4  -43.9     23   0.27     57   23.5  347.4  348.5  347.4
  289.0   9999  -29.4  -44.0     23   0.27     57   23.4  347.5  348.6  347.6
  288.8  10005  -29.4  -44.0     23   0.27     57   23.4  347.6  348.7  347.6
  288.6  10011  -29.5  -44.0     23   0.27     57   23.3  347.5  348.7  347.6
  288.3  10018  -29.5  -44.0     23   0.27     57   23.3  347.5  348.7  347.6
  288.0  10026  -29.6  -44.1     23   0.27     57   23.2  347.6  348.7  347.6
  287.7  10032  -29.6  -44.0     23   0.27     57   23.2  347.6  348.7  347.7
  287.4  10039  -29.7  -44.0     24   0.27     57   23.1  347.6  348.8  347.7
  287.1  10047  -29.8  -44.0     24   0.27     57   23.1  347.7  348.8  347.7
  286.9  10053  -29.8  -44.0     24   0.27     57   23.0  347.7  348.8  347.7
  286.6  10060  -29.9  -44.1     24   0.27     58   23.0  347.7  348.8  347.7
  286.3  10067  -29.9  -44.2     24   0.26     58   23.0  347.7  348.8  347.7
  286.0  10074  -30.0  -44.3     23   0.26     58   22.9  347.7  348.8  347.8
  285.8  10080  -30.0  -44.4     23   0.26     58   22.9  347.7  348.8  347.8
  285.5  10088  -30.1  -44.5     23   0.25     58   22.9  347.8  348.8  347.8
  285.2  10096  -30.1  -44.7     23   0.25     58   22.9  347.8  348.8  347.8
  284.9  10103  -30.2  -45.1     22   0.24     58   22.9  347.8  348.8  347.9
  284.6  10110  -30.2  -45.6     21   0.23     58   22.9  347.9  348.8  347.9
  284.3  10117  -30.3  -45.6     21   0.23     58   22.9  347.9  348.9  347.9
  284.0  10125  -30.3  -45.4     22   0.23     58   22.9  347.9  348.9  348.0
  283.7  10132  -30.4  -45.2     22   0.24     58   23.0  348.0  349.0  348.0
  283.4  10139  -30.4  -45.2     22   0.24     59   23.0  348.0  349.0  348.0
  283.1  10146  -30.5  -45.7     21   0.23     59   23.0  348.0  349.0  348.1
  282.8  10154  -30.5  -46.5     19   0.21     59   23.0  348.2  349.0  348.2
  282.5  10161  -30.5  -46.9     18   0.20     59   23.0  348.2  349.1  348.3
  282.2  10169  -30.5  -47.2     18   0.19     59   23.0  348.3  349.2  348.4
  281.9  10177  -30.4  -47.2     18   0.19     60   23.0  348.5  349.3  348.5
  281.6  10184  -30.5  -47.0     18   0.20     60   23.0  348.5  349.4  348.6
  281.3  10192  -30.6  -47.3     18   0.19     60   23.0  348.5  349.4  348.6
  281.0  10199  -30.6  -48.1     16   0.17     60   23.0  348.6  349.4  348.7
  280.7  10206  -30.6  -48.9     15   0.16     60   22.9  348.7  349.4  348.7
  280.5  10214  -30.6  -49.5     14   0.15     60   22.9  348.8  349.4  348.8
  280.2  10220  -30.6  -49.7     14   0.15     60   22.8  348.9  349.5  348.9
  279.9  10228  -30.6  -49.9     13   0.14     61   22.8  349.0  349.6  349.0
  279.5  10237  -30.6  -49.9     13   0.14     61   22.7  349.1  349.7  349.1
  279.2  10245  -30.7  -49.8     14   0.14     61   22.7  349.1  349.7  349.1
  278.9  10253  -30.8  -49.8     14   0.15     61   22.7  349.0  349.7  349.1
  278.6  10261  -30.8  -49.9     14   0.14     61   22.6  349.1  349.7  349.1
  278.3  10269  -30.9  -50.0     14   0.14     61   22.6  349.1  349.7  349.1
  278.0  10277  -31.0  -50.0     14   0.14     61   22.6  349.1  349.7  349.1
  277.7  10285  -31.0  -49.9     14   0.14     62   22.6  349.1  349.7  349.1
  277.3  10293  -31.1  -49.9     14   0.14     62   22.6  349.1  349.8  349.2
  277.0  10301  -31.2  -50.0     14   0.14     62   22.6  349.2  349.8  349.2
  276.7  10310  -31.3  -50.0     14   0.14     62   22.7  349.2  349.8  349.2
  276.4  10318  -31.3  -50.0     14   0.14     62   22.7  349.2  349.8  349.2
  276.1  10326  -31.4  -50.2     14   0.14     62   22.7  349.2  349.8  349.2
  275.8  10334  -31.4  -50.6     13   0.13     63   22.8  349.2  349.8  349.3
  275.5  10341  -31.4  -51.4     12   0.12     63   22.8  349.3  349.9  349.4
  275.2  10348  -31.4  -52.2     11   0.11     63   22.9  349.5  350.0  349.5
  274.9  10356  -31.4  -52.3     11   0.11     63   22.9  349.6  350.0  349.6
  274.5  10365  -31.5  -51.8     12   0.12     63   22.9  349.6  350.2  349.7
  274.2  10373  -31.5  -51.6     12   0.12     63   22.9  349.7  350.2  349.7
  273.9  10381  -31.6  -51.7     12   0.12     63   22.9  349.7  350.2  349.7
  273.6  10389  -31.6  -51.9     12   0.12     63   22.9  349.8  350.3  349.8
  273.3  10397  -31.7  -52.0     12   0.12     63   22.9  349.8  350.3  349.8
  273.0  10404  -31.7  -51.9     12   0.12     63   22.9  349.9  350.4  349.9
  272.7  10412  -31.8  -52.0     12   0.12     63   22.9  349.9  350.4  349.9
  272.4  10419  -31.8  -51.9     12   0.12     63   22.9  349.9  350.4  349.9
  272.1  10427  -31.9  -51.8     12   0.12     63   22.9  349.9  350.4  349.9
  271.8  10436  -32.0  -51.8     12   0.12     63   22.9  349.9  350.4  349.9
  271.5  10444  -32.1  -51.9     12   0.12     63   22.9  349.9  350.4  349.9
  271.2  10451  -32.1  -52.1     12   0.11     63   22.9  349.9  350.4  349.9
  270.9  10459  -32.2  -52.2     12   0.11     64   22.9  350.0  350.5  350.0
  270.6  10467  -32.3  -52.2     12   0.11     64   22.9  349.9  350.4  349.9
  270.3  10475  -32.3  -52.2     12   0.11     64   22.9  350.0  350.5  350.0
  270.0  10483  -32.4  -52.2     12   0.11     64   22.9  350.0  350.5  350.0
  269.7  10492  -32.5  -52.3     12   0.11     64   22.9  350.0  350.5  350.0
  269.3  10500  -32.6  -52.4     12   0.11     64   22.9  350.0  350.5  350.0
  269.0  10508  -32.6  -52.4     12   0.11     64   22.9  350.0  350.5  350.0
  268.7  10516  -32.7  -52.4     12   0.11     64   22.9  350.0  350.5  350.0
  268.4  10524  -32.8  -52.5     12   0.11     64   22.8  350.0  350.5  350.0
  268.1  10532  -32.9  -52.7     12   0.11     65   22.8  350.0  350.5  350.0
  267.8  10540  -32.9  -52.7     12   0.11     65   22.8  350.0  350.5  350.0
  267.5  10548  -33.0  -52.9     12   0.11     65   22.8  350.0  350.5  350.1
  267.2  10556  -33.1  -53.1     12   0.10     65   22.8  350.0  350.5  350.1
  266.9  10563  -33.1  -53.2     12   0.10     65   22.8  350.1  350.5  350.1
  266.7  10571  -33.2  -53.0     12   0.10     65   22.8  350.0  350.5  350.1
  266.4  10578  -33.3  -53.0     12   0.11     65   22.8  350.0  350.5  350.1
  266.1  10586  -33.4  -52.9     12   0.11     66   22.8  350.0  350.5  350.1
  265.8  10594  -33.4  -53.1     12   0.10     66   22.8  350.0  350.5  350.1
  265.5  10602  -33.5  -53.3     12   0.10     66   22.8  350.1  350.5  350.1
  265.2  10610  -33.6  -53.3     12   0.10     66   22.8  350.0  350.5  350.1
  264.8  10618  -33.7  -53.4     12   0.10     66   22.8  350.1  350.5  350.1
  264.5  10627  -33.7  -53.4     12   0.10     66   22.8  350.1  350.5  350.1
  264.2  10635  -33.8  -53.7     12   0.10     66   22.8  350.1  350.5  350.1
  263.9  10643  -33.9  -54.3     11   0.09     66   22.8  350.1  350.5  350.1
  263.6  10651  -33.9  -54.1     11   0.09     67   22.9  350.1  350.5  350.1
  263.3  10659  -34.0  -53.6     12   0.10     67   22.9  350.2  350.6  350.2
  263.0  10668  -34.1  -53.7     12   0.10     67   22.9  350.1  350.6  350.2
  262.7  10676  -34.2  -54.0     12   0.09     67   22.9  350.1  350.6  350.2
  262.4  10684  -34.2  -53.7     12   0.10     67   23.0  350.2  350.6  350.2
  262.0  10693  -34.3  -53.5     13   0.10     67   23.0  350.2  350.7  350.2
  261.7  10701  -34.4  -53.6     12   0.10     67   23.0  350.2  350.7  350.2
  261.5  10708  -34.4  -53.7     12   0.10     67   23.0  350.2  350.6  350.2
  261.2  10716  -34.5  -53.8     12   0.10     67   23.0  350.2  350.6  350.2
  260.9  10724  -34.6  -53.8     12   0.10     67   23.1  350.2  350.6  350.2
  260.6  10732  -34.7  -53.8     13   0.10     67   23.1  350.2  350.6  350.2
  260.2  10741  -34.8  -53.9     13   0.10     67   23.1  350.2  350.7  350.2
  259.9  10749  -34.8  -53.9     12   0.10     67   23.1  350.2  350.7  350.3
  259.6  10757  -34.9  -54.0     12   0.09     67   23.1  350.2  350.7  350.3
  259.3  10766  -35.0  -54.0     13   0.10     67   23.2  350.2  350.7  350.3
  259.0  10774  -35.1  -54.0     13   0.10     67   23.2  350.2  350.7  350.2
  258.7  10783  -35.1  -54.0     13   0.10     67   23.2  350.2  350.7  350.2
  258.4  10791  -35.2  -54.1     13   0.09     67   23.2  350.2  350.7  350.3
  258.1  10798  -35.3  -54.2     13   0.09     67   23.2  350.2  350.7  350.3
  257.8  10806  -35.4  -54.3     13   0.09     67   23.3  350.2  350.7  350.3
  257.5  10814  -35.5  -54.2     13   0.09     67   23.3  350.2  350.7  350.3
  257.2  10822  -35.5  -54.2     13   0.09     67   23.3  350.2  350.7  350.3
  256.9  10830  -35.6  -54.2     13   0.09     67   23.3  350.2  350.7  350.3
  256.6  10838  -35.7  -54.2     13   0.09     67   23.4  350.3  350.7  350.3
  256.3  10846  -35.8  -54.3     13   0.09     67   23.4  350.2  350.7  350.3
  256.0  10855  -35.8  -54.3     13   0.09     67   23.4  350.3  350.7  350.3
  255.7  10864  -35.9  -54.4     13   0.09     67   23.4  350.3  350.7  350.3
  255.4  10871  -36.0  -54.6     13   0.09     67   23.4  350.2  350.6  350.3
  255.1  10879  -36.1  -54.7     13   0.09     67   23.4  350.3  350.7  350.3
  254.9  10886  -36.2  -54.8     13   0.09     67   23.4  350.2  350.6  350.2
  254.6  10894  -36.2  -54.8     13   0.09     67   23.4  350.2  350.6  350.3
  254.3  10902  -36.3  -55.0     13   0.09     67   23.3  350.2  350.6  350.3
  254.0  10911  -36.4  -55.1     13   0.08     68   23.3  350.2  350.6  350.3
  253.6  10920  -36.5  -55.2     13   0.08     68   23.3  350.3  350.7  350.3
  253.3  10929  -36.6  -55.3     13   0.08     68   23.2  350.3  350.6  350.3
  252.9  10939  -36.7  -55.3     13   0.08     68   23.2  350.3  350.6  350.3
  252.6  10949  -36.7  -55.4     13   0.08     68   23.1  350.3  350.6  350.3
  252.3  10957  -36.8  -55.5     13   0.08     68   23.1  350.2  350.6  350.2
  252.0  10964  -36.9  -55.6     13   0.08     68   23.1  350.3  350.6  350.3
  251.7  10971  -37.0  -55.7     13   0.08     69   23.0  350.3  350.6  350.3
  251.5  10979  -37.0  -55.9     12   0.08     69   23.0  350.3  350.6  350.3
  251.2  10988  -37.1  -56.3     12   0.07     69   22.9  350.3  350.6  350.3
  250.8  10996  -37.1  -56.4     12   0.07     69   22.9  350.4  350.7  350.4
  250.5  11005  -37.2  -56.4     12   0.07     69   22.9  350.4  350.7  350.4
  250.2  11013  -37.3  -56.3     12   0.07     69   22.8  350.4  350.7  350.4
  250.0  11019  -37.3  -56.4     12   0.07     69   22.8  350.4  350.7  350.4
  249.7  11028  -37.4  -56.5     12   0.07     70   22.8  350.4  350.7  350.4
  249.4  11037  -37.5  -56.6     12   0.07     70   22.8  350.4  350.7  350.4
  249.1  11044  -37.6  -56.6     12   0.07     70   22.8  350.4  350.7  350.4
  248.8  11052  -37.7  -56.5     12   0.07     70   22.8  350.4  350.7  350.4
  248.6  11060  -37.7  -56.5     12   0.07     70   22.8  350.4  350.7  350.4
  248.3  11068  -37.8  -56.5     12   0.07     70   22.8  350.4  350.7  350.4
  248.0  11075  -37.9  -56.5     13   0.07     70   22.8  350.4  350.7  350.4
  247.8  11082  -38.0  -56.4     13   0.07     70   22.8  350.4  350.7  350.4
  247.5  11089  -38.0  -56.4     13   0.07     71   22.9  350.4  350.7  350.4
  247.2  11098  -38.1  -56.5     13   0.07     71   22.9  350.4  350.7  350.4
  246.8  11107  -38.2  -56.5     13   0.07     71   22.9  350.4  350.8  350.5
  246.6  11115  -38.3  -56.4     13   0.07     71   22.9  350.4  350.7  350.4
  246.3  11122  -38.3  -56.4     13   0.07     71   22.9  350.4  350.8  350.4
  246.0  11131  -38.4  -56.5     13   0.07     71   22.9  350.4  350.8  350.4
  245.7  11139  -38.5  -56.6     13   0.07     72   22.9  350.4  350.8  350.4
  245.4  11147  -38.5  -56.6     13   0.07     72   22.8  350.5  350.8  350.5
  245.1  11155  -38.6  -56.8     13   0.07     72   22.8  350.5  350.8  350.5
  244.8  11163  -38.6  -57.1     13   0.07     72   22.8  350.6  350.9  350.6
  244.6  11171  -38.6  -57.2     12   0.07     72   22.9  350.6  351.0  350.7
  244.3  11178  -38.7  -57.3     12   0.07     73   22.9  350.7  351.0  350.7
  244.1  11185  -38.8  -57.3     12   0.07     73   22.9  350.7  351.0  350.7
  243.8  11193  -38.8  -57.4     12   0.07     73   22.9  350.7  351.0  350.7
  243.5  11200  -38.9  -57.7     12   0.06     74   22.9  350.8  351.0  350.8
  243.3  11207  -38.9  -58.1     11   0.06     74   23.0  350.8  351.1  350.8
  243.0  11215  -39.0  -58.1     11   0.06     74   23.0  350.8  351.1  350.9
  242.7  11222  -39.0  -58.1     12   0.06     74   23.1  350.8  351.1  350.9
  242.5  11230  -39.1  -58.1     11   0.06     75   23.1  350.9  351.1  350.9
  242.2  11238  -39.1  -58.2     11   0.06     75   23.2  350.9  351.2  350.9
  241.9  11246  -39.2  -58.4     11   0.06     76   23.2  351.0  351.2  351.0
  241.6  11256  -39.2  -58.5     11   0.06     76   23.3  351.0  351.3  351.0
  241.2  11266  -39.3  -58.5     11   0.06     77   23.3  351.0  351.3  351.1
  240.9  11273  -39.4  -58.5     11   0.06     77   23.4  351.1  351.3  351.1
  240.7  11279  -39.5  -58.6     11   0.06     77   23.4  351.0  351.3  351.1
  240.5  11287  -39.5  -58.6     11   0.06     78   23.5  351.1  351.3  351.1
  240.2  11295  -39.5  -58.6     11   0.06     78   23.5  351.1  351.4  351.1
  239.9  11303  -39.6  -58.6     11   0.06     78   23.5  351.2  351.4  351.2
  239.6  11311  -39.7  -58.5     12   0.06     79   23.6  351.1  351.4  351.1
  239.3  11319  -39.8  -58.2     12   0.06     79   23.6  351.1  351.4  351.2
  239.0  11327  -39.9  -58.2     12   0.06     79   23.6  351.2  351.4  351.2
  238.8  11334  -39.9  -58.1     13   0.06     79   23.6  351.1  351.4  351.2
  238.6  11340  -40.0  -58.1     13   0.06     79   23.6  351.1  351.4  351.1
  238.4  11347  -40.0  -58.2     13   0.06     79   23.6  351.1  351.4  351.1
  238.1  11354  -40.1  -58.2     13   0.06     79   23.6  351.2  351.5  351.2
  237.8  11362  -40.2  -58.3     13   0.06     79   23.7  351.2  351.5  351.2
  237.6  11369  -40.2  -58.7     12   0.06     79   23.7  351.2  351.5  351.2
  237.3  11377  -40.3  -58.8     12   0.06     79   23.7  351.3  351.5  351.3
  237.0  11385  -40.3  -58.9     12   0.06     79   23.7  351.3  351.6  351.3
  236.8  11392  -40.4  -59.0     12   0.06     79   23.7  351.3  351.5  351.3
  236.6  11398  -40.5  -59.0     12   0.06     79   23.7  351.3  351.5  351.3
  236.3  11405  -40.5  -58.9     12   0.06     79   23.7  351.3  351.5  351.3
  236.1  11412  -40.6  -58.9     12   0.06     79   23.7  351.3  351.6  351.3
  235.9  11418  -40.7  -58.9     12   0.06     79   23.7  351.3  351.5  351.3
  235.6  11425  -40.7  -58.9     12   0.06     78   23.7  351.3  351.5  351.3
  235.4  11432  -40.8  -59.0     12   0.06     78   23.7  351.3  351.5  351.3
  235.2  11439  -40.8  -59.0     12   0.06     78   23.7  351.3  351.5  351.3
  234.9  11445  -40.9  -58.9     13   0.06     78   23.7  351.3  351.6  351.3
  234.7  11452  -41.0  -59.0     13   0.06     78   23.7  351.3  351.5  351.3
  234.5  11459  -41.0  -59.0     13   0.06     78   23.7  351.3  351.5  351.3
  234.2  11466  -41.1  -59.1     13   0.06     78   23.7  351.3  351.5  351.3
  234.0  11472  -41.2  -59.2     12   0.06     77   23.7  351.3  351.6  351.3
  233.8  11479  -41.2  -59.3     12   0.06     77   23.7  351.3  351.5  351.3
  233.5  11485  -41.3  -59.3     13   0.06     77   23.7  351.3  351.6  351.3
  233.3  11492  -41.4  -59.3     13   0.05     77   23.7  351.3  351.5  351.3
  233.1  11499  -41.4  -59.4     12   0.05     77   23.7  351.3  351.6  351.3
  232.9  11505  -41.5  -59.5     12   0.05     76   23.7  351.3  351.5  351.3
  232.7  11511  -41.5  -59.5     13   0.05     76   23.7  351.3  351.5  351.3
  232.4  11518  -41.6  -59.4     13   0.05     76   23.6  351.3  351.6  351.4
  232.2  11524  -41.7  -59.4     13   0.05     75   23.6  351.3  351.6  351.3
  232.0  11530  -41.7  -59.5     13   0.05     75   23.6  351.3  351.6  351.3
  231.8  11537  -41.7  -59.6     13   0.05     75   23.5  351.4  351.6  351.4
  231.5  11545  -41.8  -59.6     13   0.05     75   23.5  351.4  351.7  351.4
  231.2  11554  -41.8  -59.6     13   0.05     75   23.5  351.5  351.7  351.5
  230.9  11562  -41.9  -59.7     13   0.05     74   23.4  351.5  351.7  351.5
  230.7  11569  -42.0  -60.0     12   0.05     74   23.4  351.5  351.7  351.5
  230.5  11575  -42.0  -60.2     12   0.05     74   23.4  351.5  351.7  351.5
  230.2  11582  -42.1  -60.5     12   0.05     74   23.3  351.5  351.8  351.6
  230.0  11589  -42.2  -60.7     11   0.05     74   23.3  351.5  351.7  351.5
  229.8  11596  -42.2  -60.7     11   0.05     74   23.3  351.6  351.8  351.6
  229.6  11602  -42.2  -60.5     12   0.05     74   23.2  351.6  351.8  351.6
  229.3  11609  -42.3  -60.2     12   0.05     74   23.2  351.6  351.8  351.6
  229.1  11617  -42.4  -60.1     13   0.05     74   23.2  351.6  351.8  351.6
  228.9  11623  -42.4  -60.1     13   0.05     74   23.2  351.6  351.9  351.6
  228.6  11629  -42.5  -60.1     13   0.05     74   23.2  351.6  351.9  351.6
  228.4  11636  -42.5  -60.3     13   0.05     74   23.2  351.6  351.9  351.6
  228.2  11643  -42.6  -60.5     12   0.05     74   23.2  351.6  351.9  351.6
  228.0  11649  -42.7  -60.6     12   0.05     74   23.1  351.6  351.8  351.6
  227.7  11656  -42.7  -60.7     12   0.05     74   23.1  351.7  351.9  351.7
  227.5  11662  -42.8  -60.9     12   0.05     74   23.1  351.6  351.9  351.7
  227.3  11670  -42.8  -60.9     12   0.05     74   23.0  351.7  351.9  351.7
  227.0  11677  -42.9  -60.9     12   0.05     73   23.0  351.7  351.9  351.7
  226.8  11685  -43.0  -60.8     12   0.05     73   22.9  351.7  351.9  351.7
  226.5  11692  -43.1  -60.8     12   0.05     73   22.9  351.7  351.9  351.7
  226.2  11701  -43.1  -60.8     13   0.05     73   22.9  351.7  352.0  351.8
  225.9  11709  -43.2  -60.8     13   0.05     73   22.9  351.7  351.9  351.7
  225.7  11717  -43.3  -60.8     13   0.05     73   22.9  351.7  351.9  351.7
  225.4  11724  -43.4  -60.9     13   0.05     73   22.9  351.7  351.9  351.7
  225.2  11731  -43.4  -60.9     13   0.05     73   22.9  351.7  351.9  351.7
  225.0  11737  -43.5  -60.8     13   0.05     73   22.9  351.7  351.9  351.7
  224.8  11744  -43.6  -60.9     13   0.05     73   22.9  351.7  351.9  351.7
  224.5  11752  -43.7  -60.9     13   0.05     73   23.0  351.7  351.9  351.7
  224.2  11760  -43.7  -60.7     14   0.05     73   23.0  351.7  351.9  351.7
  224.0  11768  -43.8  -60.6     14   0.05     73   23.1  351.7  351.9  351.7
  223.7  11775  -43.8  -60.4     14   0.05     73   23.1  351.7  352.0  351.8
  223.5  11782  -43.9  -60.4     14   0.05     73   23.1  351.7  351.9  351.7
  223.3  11788  -44.0  -60.4     14   0.05     73   23.2  351.7  351.9  351.7
  223.1  11794  -44.0  -60.5     14   0.05     74   23.2  351.7  351.9  351.7
  222.9  11801  -44.1  -60.6     14   0.05     74   23.2  351.7  351.9  351.7
  222.6  11808  -44.2  -60.6     14   0.05     74   23.2  351.7  351.9  351.7
  222.4  11816  -44.3  -60.6     15   0.05     74   23.1  351.7  351.9  351.7
  222.1  11823  -44.3  -60.5     15   0.05     74   23.1  351.8  352.0  351.8
  221.9  11830  -44.4  -60.6     15   0.05     74   23.1  351.7  352.0  351.7
  221.7  11837  -44.4  -60.5     15   0.05     74   23.0  351.7  352.0  351.7
  221.4  11845  -44.5  -59.9     16   0.05     74   23.0  351.8  352.0  351.8
  221.2  11853  -44.6  -58.8     19   0.06     75   22.9  351.8  352.1  351.8
  220.9  11860  -44.6  -57.7     22   0.07     75   22.9  351.9  352.2  351.9
  220.7  11866  -44.6  -57.2     23   0.08     75   22.8  352.0  352.3  352.0
  220.6  11871  -44.6  -57.0     24   0.08     75   22.8  351.9  352.3  352.0
  220.3  11878  -44.6  -57.1     24   0.08     75   22.8  352.0  352.4  352.1
  220.1  11885  -44.7  -57.3     23   0.08     75   22.8  352.1  352.4  352.1
  219.9  11892  -44.7  -57.4     23   0.07     75   22.8  352.1  352.4  352.1
  219.7  11898  -44.8  -57.6     23   0.07     75   22.8  352.1  352.4  352.1
  219.5  11902  -44.8  -57.8     22   0.07     76   22.9  352.1  352.5  352.2
  219.4  11908  -44.9  -58.0     22   0.07     76   22.9  352.1  352.4  352.1
  219.2  11914  -44.9  -58.0     22   0.07     76   23.0  352.1  352.4  352.1
  219.0  11920  -45.0  -57.9     22   0.07     76   23.0  352.1  352.5  352.2
  218.7  11926  -45.0  -58.0     22   0.07     76   23.1  352.2  352.5  352.2
  218.5  11932  -45.1  -58.0     22   0.07     76   23.1  352.2  352.5  352.2
  218.4  11938  -45.1  -58.1     22   0.07     77   23.2  352.2  352.5  352.2
  218.1  11945  -45.2  -58.2     22   0.07     77   23.2  352.2  352.5  352.3
  217.9  11952  -45.2  -58.3     21   0.07     77   23.2  352.3  352.6  352.3
  217.7  11957  -45.3  -58.4     21   0.07     77   23.3  352.3  352.6  352.3
  217.6  11962  -45.3  -58.5     21   0.07     77   23.3  352.2  352.5  352.2
  217.4  11968  -45.4  -58.5     22   0.07     77   23.3  352.2  352.6  352.3
  217.1  11975  -45.4  -58.4     22   0.07     77   23.3  352.3  352.6  352.3
  216.9  11982  -45.5  -58.3     22   0.07     77   23.3  352.3  352.6  352.3
  216.8  11987  -45.6  -58.4     22   0.07     77   23.3  352.2  352.6  352.3
  216.6  11993  -45.6  -58.5     22   0.07     77   23.3  352.2  352.6  352.3
  216.4  11999  -45.7  -58.5     22   0.07     77   23.3  352.3  352.6  352.3
  216.2  12005  -45.7  -58.5     22   0.07     77   23.3  352.3  352.6  352.3
  216.0  12012  -45.8  -58.5     23   0.07     76   23.3  352.3  352.6  352.3
  215.7  12019  -45.9  -58.4     23   0.07     76   23.3  352.3  352.6  352.3
  215.5  12026  -45.9  -58.5     23   0.07     76   23.3  352.3  352.6  352.3
  215.3  12032  -46.0  -58.6     23   0.07     76   23.3  352.3  352.6  352.3
  215.1  12038  -46.0  -58.7     22   0.06     76   23.3  352.3  352.6  352.3
  214.9  12044  -46.1  -58.8     22   0.06     76   23.3  352.3  352.6  352.3
  214.7  12050  -46.2  -58.9     22   0.06     76   23.3  352.3  352.6  352.3
  214.5  12056  -46.2  -58.9     22   0.06     76   23.2  352.3  352.6  352.3
  214.3  12062  -46.3  -58.9     22   0.06     75   23.2  352.3  352.6  352.3
  214.1  12069  -46.3  -58.9     23   0.06     75   23.2  352.3  352.6  352.4
  213.9  12075  -46.4  -58.9     23   0.06     75   23.2  352.3  352.6  352.4
  213.7  12081  -46.4  -58.9     23   0.06     75   23.2  352.3  352.6  352.4
  213.5  12087  -46.5  -58.9     23   0.06     75   23.1  352.4  352.6  352.4
  213.3  12093  -46.5  -59.0     23   0.06     75   23.1  352.4  352.6  352.4
  213.2  12098  -46.6  -59.0     23   0.06     75   23.1  352.3  352.6  352.3
  213.0  12104  -46.7  -59.0     23   0.06     75   23.1  352.3  352.6  352.3
  212.8  12110  -46.7  -59.1     23   0.06     75   23.1  352.3  352.6  352.3
  212.6  12116  -46.8  -59.1     23   0.06     75   23.2  352.3  352.6  352.3
  212.4  12122  -46.8  -59.2     23   0.06     75   23.2  352.3  352.6  352.3
  212.2  12129  -46.9  -59.2     23   0.06     75   23.2  352.3  352.6  352.3
  211.9  12136  -47.0  -59.3     23   0.06     76   23.2  352.4  352.7  352.4
  211.7  12143  -47.0  -59.4     23   0.06     76   23.2  352.4  352.7  352.4
  211.5  12149  -47.1  -59.4     23   0.06     76   23.3  352.4  352.7  352.4
  211.3  12156  -47.1  -59.5     23   0.06     76   23.3  352.4  352.7  352.4
  211.1  12163  -47.2  -59.5     23   0.06     76   23.3  352.4  352.7  352.4
  210.9  12170  -47.2  -59.5     23   0.06     76   23.3  352.4  352.7  352.4
  210.7  12176  -47.3  -59.6     23   0.06     76   23.3  352.4  352.7  352.4
  210.5  12182  -47.4  -59.6     23   0.06     76   23.3  352.4  352.7  352.4
  210.3  12189  -47.4  -59.6     23   0.06     76   23.3  352.4  352.7  352.4
  210.0  12196  -47.5  -59.5     24   0.06     76   23.3  352.5  352.7  352.5
  209.8  12202  -47.6  -59.5     24   0.06     76   23.3  352.4  352.7  352.5
  209.6  12209  -47.6  -59.5     24   0.06     75   23.3  352.4  352.7  352.5
  209.4  12217  -47.7  -59.5     24   0.06     75   23.3  352.4  352.7  352.4
  209.1  12224  -47.7  -59.5     24   0.06     75   23.3  352.5  352.8  352.5
  208.9  12231  -47.8  -59.6     24   0.06     75   23.3  352.5  352.7  352.5
  208.7  12237  -47.9  -59.7     24   0.06     75   23.3  352.5  352.7  352.5
  208.5  12244  -47.9  -59.7     24   0.06     75   23.3  352.5  352.7  352.5
  208.3  12250  -48.0  -59.8     24   0.06     75   23.3  352.5  352.7  352.5
  208.1  12258  -48.1  -59.7     25   0.06     75   23.3  352.5  352.7  352.5
  207.9  12265  -48.1  -59.8     25   0.06     75   23.3  352.5  352.7  352.5
  207.7  12271  -48.2  -59.8     25   0.06     75   23.3  352.5  352.7  352.5
  207.5  12278  -48.3  -59.8     25   0.06     75   23.3  352.4  352.7  352.5
  207.3  12284  -48.3  -59.9     25   0.06     76   23.3  352.5  352.7  352.5
  207.0  12291  -48.4  -60.0     25   0.06     76   23.3  352.5  352.8  352.5
  206.8  12298  -48.4  -60.1     25   0.06     76   23.3  352.5  352.8  352.5
  206.6  12305  -48.5  -60.2     25   0.06     76   23.3  352.5  352.8  352.5
  206.4  12312  -48.5  -60.2     25   0.06     76   23.3  352.5  352.8  352.6
  206.2  12319  -48.6  -60.3     25   0.06     76   23.3  352.6  352.8  352.6
  205.9  12326  -48.7  -60.4     24   0.05     76   23.3  352.6  352.8  352.6
  205.7  12333  -48.7  -60.6     24   0.05     76   23.3  352.6  352.8  352.6
  205.5  12340  -48.8  -60.8     23   0.05     76   23.3  352.6  352.9  352.6
  205.3  12347  -48.8  -61.1     23   0.05     76   23.3  352.6  352.9  352.6
  205.1  12354  -48.9  -61.3     22   0.05     76   23.3  352.6  352.9  352.7
  204.8  12361  -48.9  -61.4     22   0.05     76   23.3  352.7  352.9  352.7
  204.6  12368  -49.0  -61.5     22   0.05     76   23.3  352.7  352.9  352.7
  204.4  12375  -49.0  -61.6     22   0.05     76   23.2  352.8  353.0  352.8
  204.2  12382  -49.1  -61.7     21   0.05     76   23.2  352.8  353.0  352.8
  204.0  12389  -49.1  -61.8     21   0.05     76   23.2  352.8  353.0  352.8
  203.8  12396  -49.2  -62.0     21   0.04     76   23.2  352.8  353.0  352.8
  203.5  12404  -49.2  -62.1     21   0.04     76   23.2  352.9  353.1  352.9
  203.2  12412  -49.3  -62.3     21   0.04     76   23.2  352.9  353.1  352.9
  203.0  12420  -49.4  -62.4     20   0.04     76   23.2  352.9  353.1  352.9
  202.8  12427  -49.4  -62.6     20   0.04     76   23.2  352.9  353.1  352.9
  202.6  12434  -49.5  -62.9     19   0.04     76   23.2  352.9  353.1  353.0
  202.4  12441  -49.5  -63.3     18   0.04     76   23.2  353.0  353.2  353.0
  202.1  12449  -49.5  -63.6     18   0.04     76   23.1  353.1  353.3  353.1
  201.8  12458  -49.6  -63.8     17   0.04     76   23.1  353.2  353.3  353.2
  201.6  12467  -49.7  -63.9     17   0.04     76   23.1  353.1  353.3  353.1
  201.3  12475  -49.7  -63.9     17   0.04     76   23.1  353.2  353.4  353.2
  201.0  12483  -49.8  -64.0     17   0.03     76   23.1  353.2  353.4  353.2
  200.8  12491  -49.9  -64.1     17   0.03     76   23.0  353.2  353.4  353.2
  200.6  12499  -49.9  -64.3     17   0.03     76   23.0  353.2  353.4  353.2
  200.3  12507  -50.0  -64.4     17   0.03     77   23.0  353.3  353.4  353.3
  200.1  12514  -50.0  -64.5     16   0.03     77   23.0  353.3  353.5  353.3
  200.0  12518  -50.1  -64.6     16   0.03     77   23.0  353.3  353.5  353.3
  199.9  12521  -50.1  -64.6     16   0.03     77   23.0  353.3  353.5  353.3
  199.7  12529  -50.2  -64.6     17   0.03     77   23.0  353.3  353.5  353.3
  199.4  12536  -50.2  -64.7     16   0.03     77   23.0  353.4  353.6  353.4
  199.2  12543  -50.2  -64.9     16   0.03     77   23.1  353.5  353.6  353.5
  199.0  12550  -50.2  -64.9     16   0.03     77   23.1  353.6  353.7  353.6
  198.8  12557  -50.2  -65.0     16   0.03     78   23.1  353.7  353.8  353.7
  198.6  12564  -50.3  -65.0     16   0.03     78   23.1  353.7  353.8  353.7
  198.3  12572  -50.3  -64.9     16   0.03     78   23.1  353.8  353.9  353.8
  198.1  12580  -50.4  -64.9     16   0.03     78   23.1  353.8  353.9  353.8
  197.9  12588  -50.5  -65.0     16   0.03     79   23.1  353.8  353.9  353.8
  197.6  12595  -50.5  -65.3     16   0.03     79   23.1  353.8  354.0  353.8
  197.4  12603  -50.5  -65.6     15   0.03     79   23.1  353.9  354.0  353.9
  197.2  12610  -50.5  -65.9     14   0.03     79   23.1  354.0  354.1  354.0
  197.0  12617  -50.6  -66.3     14   0.03     79   23.1  354.0  354.1  354.0
  196.7  12625  -50.6  -66.5     14   0.03     79   23.1  354.1  354.2  354.1
  196.5  12632  -50.7  -66.5     14   0.03     79   23.1  354.1  354.2  354.1
  196.3  12640  -50.8  -66.6     14   0.03     79   23.1  354.1  354.2  354.1
  196.0  12648  -50.8  -66.6     14   0.02     79   23.1  354.1  354.2  354.1
  195.8  12656  -50.9  -66.6     14   0.02     79   23.1  354.1  354.2  354.1
  195.6  12663  -51.0  -66.7     14   0.02     79   23.1  354.1  354.2  354.1
  195.4  12671  -51.0  -66.7     14   0.02     79   23.1  354.1  354.2  354.1
  195.1  12678  -51.1  -66.7     14   0.02     79   23.1  354.2  354.3  354.2
  194.9  12686  -51.2  -66.7     14   0.02     79   23.0  354.2  354.3  354.2
  194.7  12694  -51.2  -66.8     14   0.02     79   23.0  354.2  354.3  354.2
  194.4  12702  -51.3  -66.8     14   0.02     78   22.9  354.2  354.3  354.2
  194.2  12709  -51.4  -66.8     14   0.02     78   22.9  354.2  354.3  354.2
  194.0  12717  -51.5  -66.9     14   0.02     78   22.8  354.2  354.3  354.2
  193.7  12725  -51.5  -67.0     14   0.02     78   22.8  354.2  354.4  354.3
  193.5  12733  -51.6  -67.2     14   0.02     78   22.7  354.3  354.4  354.3
  193.3  12741  -51.6  -67.4     13   0.02     78   22.7  354.3  354.4  354.3
  193.0  12748  -51.7  -67.7     13   0.02     77   22.6  354.4  354.5  354.4
  192.8  12756  -51.7  -68.0     12   0.02     77   22.6  354.4  354.5  354.4
  192.6  12764  -51.7  -68.2     12   0.02     77   22.6  354.5  354.6  354.5
  192.3  12773  -51.8  -68.3     12   0.02     77   22.5  354.5  354.6  354.6
  192.1  12781  -51.9  -68.3     12   0.02     77   22.5  354.5  354.6  354.5
  191.8  12788  -51.9  -68.2     12   0.02     77   22.5  354.6  354.7  354.6
  191.6  12796  -52.0  -68.0     13   0.02     77   22.5  354.6  354.7  354.6
  191.4  12804  -52.0  -67.8     13   0.02     77   22.4  354.6  354.7  354.6
  191.2  12812  -52.1  -67.6     14   0.02     76   22.4  354.6  354.7  354.6
  190.9  12820  -52.2  -67.5     14   0.02     76   22.4  354.6  354.8  354.7
  190.7  12828  -52.3  -67.5     14   0.02     76   22.4  354.6  354.7  354.6
  190.4  12837  -52.3  -67.4     15   0.02     76   22.4  354.7  354.8  354.7
  190.2  12846  -52.4  -67.4     15   0.02     76   22.4  354.7  354.8  354.7
  189.9  12854  -52.5  -67.4     15   0.02     76   22.4  354.7  354.8  354.7
  189.7  12862  -52.6  -67.4     15   0.02     76   22.4  354.7  354.8  354.7
  189.4  12871  -52.7  -67.4     15   0.02     75   22.4  354.7  354.8  354.7
  189.1  12880  -52.7  -67.3     15   0.02     75   22.4  354.7  354.8  354.7
  188.9  12889  -52.8  -67.3     16   0.02     75   22.4  354.7  354.8  354.7
  188.6  12898  -52.9  -67.3     16   0.02     75   22.4  354.7  354.8  354.7
  188.4  12907  -53.0  -67.3     16   0.02     75   22.4  354.7  354.8  354.7
  188.1  12915  -53.1  -67.4     16   0.02     75   22.3  354.7  354.8  354.7
  187.9  12924  -53.2  -67.4     16   0.02     75   22.3  354.7  354.8  354.7
  187.6  12933  -53.2  -67.5     16   0.02     75   22.3  354.8  354.9  354.8
  187.3  12941  -53.3  -67.7     16   0.02     75   22.3  354.8  354.9  354.8
  187.1  12950  -53.3  -67.8     16   0.02     75   22.3  354.9  355.0  354.9
  186.8  12959  -53.4  -67.9     15   0.02     76   22.3  354.9  355.1  355.0
  186.6  12969  -53.4  -68.0     15   0.02     76   22.3  354.9  355.0  354.9
  186.3  12978  -53.5  -68.1     15   0.02     76   22.3  355.0  355.1  355.0
  186.0  12987  -53.6  -68.1     15   0.02     76   22.3  355.0  355.1  355.0
  185.8  12996  -53.7  -68.1     15   0.02     76   22.3  355.0  355.1  355.0
  185.5  13004  -53.8  -68.2     16   0.02     76   22.3  355.0  355.1  355.0
  185.3  13012  -53.8  -68.2     15   0.02     76   22.3  355.0  355.1  355.0
  185.1  13021  -53.9  -68.3     15   0.02     76   22.3  355.0  355.1  355.0
  184.8  13030  -54.0  -68.4     15   0.02     75   22.3  355.1  355.2  355.1
  184.5  13039  -54.1  -68.5     15   0.02     75   22.3  355.1  355.2  355.1
  184.3  13048  -54.1  -68.6     15   0.02     75   22.3  355.1  355.2  355.1
  184.0  13057  -54.2  -68.6     15   0.02     75   22.3  355.1  355.2  355.1
  183.8  13066  -54.3  -68.6     16   0.02     75   22.3  355.1  355.2  355.1
  183.5  13075  -54.4  -68.7     16   0.02     75   22.4  355.1  355.2  355.1
  183.2  13084  -54.5  -68.7     16   0.02     75   22.4  355.1  355.2  355.1
  183.0  13093  -54.6  -68.7     16   0.02     75   22.4  355.1  355.2  355.1
  182.7  13101  -54.7  -68.8     16   0.02     75   22.4  355.1  355.2  355.1
  182.5  13110  -54.7  -68.9     16   0.02     75   22.4  355.1  355.2  355.1
  182.3  13118  -54.8  -69.0     16   0.02     75   22.4  355.1  355.2  355.1
  182.0  13128  -54.9  -69.0     16   0.02     75   22.5  355.1  355.2  355.1
  181.8  13136  -55.0  -69.1     16   0.02     75   22.5  355.1  355.2  355.1
  181.5  13144  -55.1  -69.1     16   0.02     75   22.5  355.1  355.2  355.1
  181.3  13152  -55.2  -69.2     16   0.02     74   22.4  355.1  355.2  355.1
  181.0  13161  -55.2  -69.1     16   0.02     74   22.4  355.1  355.2  355.1
  180.8  13170  -55.3  -69.1     16   0.02     74   22.4  355.1  355.2  355.1
  180.5  13178  -55.4  -69.0     17   0.02     74   22.4  355.1  355.2  355.1
  180.3  13187  -55.5  -69.0     17   0.02     74   22.4  355.1  355.2  355.1
  180.1  13196  -55.6  -69.0     17   0.02     74   22.4  355.1  355.2  355.1
  179.8  13204  -55.7  -69.0     17   0.02     74   22.4  355.1  355.2  355.1
  179.6  13212  -55.7  -69.0     18   0.02     74   22.3  355.1  355.2  355.1
  179.4  13220  -55.8  -69.0     18   0.02     74   22.3  355.1  355.2  355.1
  179.1  13228  -55.9  -69.1     18   0.02     74   22.3  355.1  355.2  355.1
  178.9  13236  -56.0  -69.2     17   0.02     74   22.3  355.1  355.2  355.1
  178.7  13245  -56.1  -69.3     18   0.02     73   22.3  355.0  355.1  355.0
  178.4  13253  -56.2  -69.3     18   0.02     73   22.2  355.1  355.2  355.1
  178.2  13262  -56.2  -69.3     18   0.02     73   22.2  355.1  355.2  355.1
  178.0  13270  -56.3  -69.3     18   0.02     73   22.2  355.0  355.1  355.1
  177.7  13279  -56.4  -69.3     18   0.02     73   22.2  355.1  355.2  355.1
  177.5  13287  -56.5  -69.4     18   0.02     73   22.1  355.1  355.2  355.1
  177.3  13295  -56.6  -69.4     18   0.02     73   22.1  355.1  355.1  355.1
  177.0  13304  -56.6  -69.5     18   0.02     73   22.1  355.1  355.2  355.1
  176.8  13313  -56.7  -69.6     18   0.02     73   22.0  355.1  355.2  355.1
  176.5  13321  -56.8  -69.7     18   0.02     72   22.0  355.2  355.2  355.2
  176.3  13329  -56.8  -69.8     18   0.02     72   21.9  355.2  355.2  355.2
  176.1  13337  -56.9  -69.8     18   0.02     72   21.9  355.1  355.2  355.1
  175.9  13346  -57.0  -69.8     18   0.02     72   21.8  355.1  355.2  355.1
  175.6  13354  -57.1  -69.8     18   0.02     73   21.7  355.2  355.2  355.2
  175.4  13362  -57.2  -69.8     19   0.02     73   21.7  355.1  355.2  355.1
  175.2  13370  -57.2  -69.9     19   0.02     73   21.6  355.1  355.2  355.1
  174.9  13379  -57.3  -69.9     19   0.02     73   21.5  355.2  355.3  355.2
  174.7  13388  -57.4  -70.0     19   0.02     73   21.5  355.2  355.2  355.2
  174.4  13397  -57.5  -70.0     19   0.02     73   21.4  355.2  355.3  355.2
  174.2  13406  -57.5  -69.9     19   0.02     73   21.3  355.2  355.3  355.2
  174.0  13414  -57.5  -69.7     20   0.02     73   21.3  355.3  355.4  355.3
  173.7  13422  -57.5  -69.4     21   0.02     73   21.2  355.5  355.6  355.5
  173.5  13431  -57.6  -69.1     22   0.02     73   21.2  355.6  355.7  355.6
  173.3  13439  -57.6  -68.6     23   0.02     73   21.2  355.7  355.8  355.7
  173.0  13448  -57.6  -68.1     25   0.02     73   21.1  355.9  356.0  355.9
  172.8  13456  -57.6  -67.8     26   0.02     73   21.1  355.9  356.0  355.9
  172.6  13464  -57.6  -67.4     28   0.03     73   21.2  356.0  356.1  356.0
  172.4  13472  -57.7  -67.2     29   0.03     73   21.2  356.1  356.2  356.1
  172.1  13481  -57.7  -67.2     29   0.03     73   21.2  356.1  356.2  356.1
  171.9  13490  -57.8  -67.2     29   0.03     73   21.2  356.1  356.3  356.1
  171.6  13499  -57.9  -67.2     29   0.03     73   21.2  356.2  356.3  356.2
  171.4  13507  -57.9  -67.3     29   0.03     72   21.3  356.2  356.4  356.2
  171.2  13516  -58.0  -67.4     29   0.03     72   21.3  356.3  356.4  356.3
  171.0  13524  -58.1  -67.6     28   0.03     72   21.3  356.2  356.4  356.2
  170.7  13532  -58.1  -67.7     28   0.02     72   21.2  356.3  356.4  356.3
  170.5  13541  -58.2  -67.9     28   0.02     72   21.2  356.3  356.4  356.3
  170.3  13550  -58.3  -68.1     27   0.02     72   21.2  356.3  356.4  356.3
  170.0  13559  -58.3  -68.3     27   0.02     73   21.1  356.4  356.5  356.4
  169.8  13568  -58.4  -68.6     26   0.02     73   21.1  356.5  356.6  356.5
  169.5  13577  -58.4  -68.8     25   0.02     73   21.0  356.7  356.8  356.7
  169.3  13585  -58.4  -69.0     24   0.02     73   20.9  356.7  356.8  356.7
  169.1  13594  -58.4  -69.2     24   0.02     73   20.9  356.8  356.9  356.8
  168.8  13602  -58.5  -69.4     23   0.02     73   20.8  356.8  356.9  356.8
  168.6  13610  -58.6  -69.6     23   0.02     73   20.8  356.8  356.9  356.8
  168.4  13618  -58.6  -69.7     23   0.02     73   20.8  356.8  356.9  356.8
  168.2  13626  -58.7  -69.8     23   0.02     74   20.8  356.8  356.9  356.8
  168.0  13633  -58.8  -69.8     23   0.02     74   20.8  356.9  357.0  356.9
  167.8  13640  -58.8  -69.9     23   0.02     74   20.8  356.9  357.0  356.9
  167.6  13649  -58.9  -69.9     23   0.02     74   20.8  356.9  357.0  356.9
  167.4  13657  -59.0  -70.0     23   0.02     74   20.9  356.9  357.0  356.9
  167.2  13665  -59.0  -70.0     23   0.02     74   21.0  356.9  357.0  356.9
  166.9  13673  -59.1  -70.0     23   0.02     74   21.0  357.0  357.0  357.0
  166.7  13682  -59.2  -70.0     23   0.02     74   21.1  357.0  357.0  357.0
  166.5  13690  -59.3  -70.0     24   0.02     74   21.2  356.9  357.0  357.0
  166.3  13698  -59.3  -70.0     24   0.02     74   21.3  357.0  357.0  357.0
  166.0  13707  -59.4  -70.0     24   0.02     74   21.4  357.0  357.1  357.0
  165.8  13716  -59.5  -70.0     24   0.02     74   21.4  357.0  357.1  357.0
  165.6  13724  -59.6  -70.0     25   0.02     74   21.5  357.0  357.1  357.0
  165.4  13733  -59.7  -70.0     25   0.02     74   21.5  356.9  357.0  356.9
  165.1  13741  -59.8  -70.0     25   0.02     74   21.6  357.0  357.1  357.0
  164.9  13749  -59.9  -70.0     25   0.02     74   21.6  357.0  357.1  357.0
  164.7  13757  -59.9  -70.0     26   0.02     74   21.6  357.0  357.0  357.0
  164.5  13767  -60.0  -70.0     26   0.02     74   21.6  356.9  357.0  356.9
  164.2  13775  -60.1  -70.0     26   0.02     75   21.5  357.0  357.1  357.0
  164.0  13783  -60.2  -70.0     27   0.02     75   21.5  357.0  357.1  357.0
  163.8  13790  -60.3  -70.0     27   0.02     75   21.4  357.0  357.1  357.0
  163.6  13798  -60.3  -70.0     27   0.02     75   21.3  357.0  357.1  357.0
  163.4  13805  -60.4  -70.1     27   0.02     75   21.2  357.0  357.0  357.0
  163.2  13813  -60.5  -70.1     27   0.02     76   21.1  357.0  357.1  357.0
  163.0  13822  -60.5  -70.2     27   0.02     76   20.9  357.0  357.1  357.0
  162.8  13830  -60.6  -70.2     27   0.02     76   20.8  357.0  357.1  357.0
  162.6  13839  -60.7  -70.3     27   0.02     76   20.6  357.0  357.1  357.0
  162.3  13849  -60.8  -70.4     27   0.02     76   20.5  357.0  357.1  357.0
  162.1  13859  -60.9  -70.6     27   0.02     76   20.4  357.0  357.1  357.0
  161.8  13867  -60.9  -70.8     26   0.02     77   20.2  357.1  357.2  357.1
  161.6  13875  -61.0  -70.9     26   0.02     77   20.1  357.2  357.2  357.2
  161.4  13884  -61.0  -71.1     25   0.02     77   20.0  357.2  357.3  357.2
  161.2  13892  -61.1  -71.2     25   0.02     77   19.9  357.2  357.3  357.2
  161.0  13899  -61.1  -71.3     25   0.02     77   19.9  357.3  357.4  357.3
  160.8  13906  -61.2  -71.4     25   0.02     78   19.8  357.3  357.4  357.3
  160.6  13913  -61.3  -71.6     24   0.02     78   19.7  357.3  357.4  357.3
  160.4  13921  -61.3  -71.7     24   0.01     78   19.7  357.3  357.4  357.3
  160.3  13928  -61.4  -71.9     24   0.01     78   19.7  357.3  357.4  357.3
  160.1  13935  -61.4  -72.0     23   0.01     79   19.6  357.4  357.4  357.4
  159.9  13942  -61.4  -72.1     23   0.01     79   19.6  357.4  357.5  357.4
  159.7  13950  -61.5  -72.2     23   0.01     79   19.6  357.5  357.5  357.5
  159.5  13957  -61.6  -72.3     23   0.01     79   19.6  357.5  357.6  357.5
  159.3  13964  -61.6  -72.5     22   0.01     79   19.6  357.5  357.6  357.5
  159.1  13971  -61.7  -72.8     21   0.01     79   19.6  357.6  357.6  357.6
  159.0  13978  -61.7  -73.0     21   0.01     79   19.5  357.6  357.6  357.6
  158.8  13985  -61.8  -73.3     20   0.01     79   19.5  357.6  357.7  357.6
  158.6  13992  -61.8  -73.5     19   0.01     80   19.4  357.7  357.8  357.7
  158.4  14000  -61.8  -73.7     19   0.01     80   19.3  357.8  357.8  357.8
  158.2  14006  -61.9  -73.9     19   0.01     80   19.3  357.8  357.8  357.8
  158.1  14013  -62.0  -74.0     19   0.01     80   19.2  357.7  357.8  357.7
  157.9  14021  -62.0  -74.1     18   0.01     80   19.1  357.7  357.8  357.7
  157.7  14028  -62.1  -74.1     18   0.01     80   19.0  357.8  357.8  357.8
  157.5  14035  -62.2  -74.2     18   0.01     80   18.8  357.8  357.8  357.8
  157.3  14043  -62.2  -74.3     18   0.01     80   18.7  357.8  357.9  357.8
  157.1  14050  -62.3  -74.4     18   0.01     80   18.5  357.8  357.9  357.9
  156.9  14057  -62.3  -74.5     18   0.01     80   18.4  357.9  357.9  357.9
  156.8  14064  -62.4  -74.6     18   0.01     80   18.2  357.9  357.9  357.9
  156.6  14071  -62.4  -74.7     18   0.01     80   18.1  358.0  358.0  358.0
  156.4  14077  -62.4  -74.7     18   0.01     80   17.9  358.0  358.1  358.0
  156.3  14084  -62.5  -74.8     18   0.01     80   17.8  358.0  358.0  358.0
  156.1  14091  -62.6  -74.8     18   0.01     80   17.7  358.0  358.1  358.0
  155.9  14099  -62.6  -74.7     18   0.01     81   17.6  358.0  358.1  358.0
  155.7  14106  -62.7  -74.6     19   0.01     81   17.5  358.0  358.1  358.0
  155.5  14113  -62.7  -74.5     19   0.01     81   17.4  358.1  358.1  358.1
  155.3  14120  -62.8  -74.3     20   0.01     81   17.3  358.1  358.2  358.1
  155.2  14127  -62.8  -74.2     20   0.01     81   17.3  358.1  358.2  358.1
  155.0  14134  -62.9  -74.1     21   0.01     81   17.3  358.2  358.3  358.2
  154.8  14140  -62.9  -74.0     21   0.01     82   17.4  358.2  358.3  358.2
  154.7  14147  -63.0  -74.0     21   0.01     82   17.5  358.2  358.3  358.2
  154.5  14154  -63.0  -74.0     21   0.01     82   17.5  358.3  358.4  358.3
  154.3  14161  -63.0  -74.1     21   0.01     82   17.7  358.4  358.5  358.4
  154.1  14169  -63.0  -74.3     21   0.01     82   17.8  358.5  358.6  358.5
  153.9  14176  -63.1  -74.5     20   0.01     82   17.9  358.6  358.6  358.6
  153.8  14183  -63.1  -74.8     19   0.01     82   18.0  358.5  358.6  358.5
  153.6  14191  -63.2  -75.1     19   0.01     82   18.2  358.6  358.6  358.6
  153.4  14198  -63.2  -75.4     18   0.01     83   18.3  358.7  358.7  358.7
  153.2  14205  -63.2  -75.6     17   0.01     83   18.4  358.8  358.8  358.8
  153.1  14211  -63.2  -75.8     17   0.01     83   18.5  358.8  358.9  358.8
  152.9  14218  -63.3  -76.0     16   0.01     83   18.6  358.9  359.0  358.9
  152.7  14225  -63.3  -76.1     16   0.01     83   18.6  359.0  359.0  359.0
  152.5  14232  -63.3  -76.3     16   0.01     84   18.7  359.1  359.1  359.1
  152.4  14238  -63.4  -76.4     16   0.01     84   18.7  359.1  359.1  359.1
  152.2  14245  -63.4  -76.5     15   0.01     84   18.8  359.1  359.1  359.1
  152.1  14251  -63.5  -76.5     15   0.01     84   18.8  359.1  359.1  359.1
  151.9  14257  -63.5  -76.6     16   0.01     85   18.9  359.1  359.2  359.1
  151.8  14263  -63.6  -76.6     16   0.01     85   18.9  359.1  359.1  359.1
  151.6  14270  -63.6  -76.6     16   0.01     85   18.9  359.1  359.2  359.1
  151.4  14276  -63.7  -76.5     16   0.01     85   18.9  359.2  359.2  359.2
  151.3  14283  -63.8  -76.5     16   0.01     85   19.0  359.1  359.2  359.1
  151.1  14290  -63.8  -76.4     16   0.01     86   19.0  359.2  359.2  359.2
  151.0  14296  -63.9  -76.4     17   0.01     86   19.0  359.2  359.2  359.2
  150.8  14302  -63.9  -76.4     17   0.01     86   19.0  359.2  359.2  359.2
  150.6  14309  -64.0  -76.4     17   0.01     86   19.0  359.2  359.3  359.2
  150.5  14316  -64.0  -76.4     17   0.01     86   19.1  359.2  359.3  359.2
  150.3  14323  -64.1  -76.4     17   0.01     86   19.1  359.3  359.3  359.3
  150.1  14329  -64.2  -76.4     17   0.01     86   19.1  359.3  359.3  359.3
  150.0  14335  -64.2  -76.4     17   0.01     86   19.1  359.3  359.3  359.3
  149.8  14343  -64.3  -76.4     18   0.01     86   19.1  359.3  359.3  359.3
  149.6  14350  -64.4  -76.4     18   0.01     86   19.1  359.3  359.3  359.3
  149.5  14357  -64.4  -76.4     18   0.01     86   19.2  359.2  359.3  359.2
  149.3  14364  -64.5  -76.4     18   0.01     86   19.2  359.3  359.3  359.3
  149.1  14372  -64.6  -76.3     18   0.01     86   19.2  359.3  359.3  359.3
  148.9  14379  -64.6  -76.3     19   0.01     86   19.3  359.3  359.3  359.3
  148.8  14386  -64.7  -76.3     19   0.01     86   19.3  359.2  359.3  359.2
  148.6  14393  -64.8  -76.3     19   0.01     85   19.4  359.3  359.3  359.3
  148.4  14401  -64.8  -76.2     19   0.01     85   19.5  359.3  359.3  359.3
  148.2  14409  -64.9  -76.2     20   0.01     85   19.6  359.3  359.3  359.3
  148.0  14416  -65.0  -76.2     20   0.01     85   19.7  359.3  359.4  359.3
  147.9  14423  -65.0  -76.1     20   0.01     85   19.8  359.3  359.3  359.3
  147.7  14431  -65.1  -76.1     21   0.01     84   20.0  359.3  359.3  359.3
  147.5  14439  -65.2  -76.1     21   0.01     84   20.1  359.3  359.3  359.3
  147.3  14447  -65.3  -76.1     21   0.01     84   20.2  359.3  359.3  359.3
  147.1  14455  -65.4  -76.1     21   0.01     84   20.3  359.3  359.3  359.3
  146.9  14462  -65.4  -76.0     22   0.01     83   20.5  359.3  359.4  359.3
  146.7  14469  -65.5  -76.0     22   0.01     83   20.6  359.3  359.4  359.4
  146.6  14475  -65.5  -76.0     22   0.01     83   20.7  359.3  359.4  359.3
  146.4  14482  -65.6  -75.9     23   0.01     83   20.7  359.4  359.4  359.4
  146.3  14489  -65.7  -75.8     23   0.01     83   20.8  359.3  359.4  359.3
  146.1  14496  -65.7  -75.8     23   0.01     82   20.9  359.4  359.4  359.4
  145.9  14504  -65.8  -75.7     24   0.01     82   20.9  359.4  359.5  359.4
  145.7  14511  -65.8  -75.7     24   0.01     82   21.0  359.5  359.5  359.5
  145.6  14517  -65.9  -75.7     24   0.01     82   21.0  359.4  359.5  359.4
  145.4  14524  -66.0  -75.7     24   0.01     82   21.0  359.4  359.5  359.4
  145.2  14532  -66.0  -75.8     24   0.01     81   21.0  359.5  359.5  359.5
  145.0  14540  -66.1  -75.8     25   0.01     81   21.0  359.5  359.5  359.5
  144.9  14547  -66.2  -75.8     25   0.01     81   21.0  359.4  359.5  359.4
  144.7  14555  -66.2  -75.8     25   0.01     81   21.0  359.5  359.5  359.5
  144.5  14561  -66.3  -75.8     25   0.01     81   21.1  359.5  359.5  359.5
  144.4  14568  -66.4  -75.8     25   0.01     81   21.1  359.5  359.5  359.5
  144.2  14576  -66.4  -75.8     26   0.01     81   21.1  359.5  359.5  359.5
  144.0  14584  -66.5  -75.9     26   0.01     81   21.2  359.5  359.5  359.5
  143.8  14592  -66.6  -75.9     26   0.01     81   21.3  359.5  359.6  359.5
  143.6  14601  -66.6  -75.9     26   0.01     80   21.3  359.6  359.6  359.6
  143.4  14609  -66.7  -75.9     26   0.01     80   21.5  359.5  359.6  359.6
  143.2  14619  -66.8  -75.9     27   0.01     80   21.6  359.5  359.6  359.5
  142.9  14628  -66.9  -75.9     27   0.01     80   21.7  359.6  359.6  359.6
  142.7  14638  -67.0  -75.9     27   0.01     80   21.8  359.6  359.6  359.6
  142.5  14647  -67.1  -76.0     28   0.01     79   21.9  359.5  359.6  359.5
  142.3  14656  -67.2  -76.0     28   0.01     79   22.0  359.5  359.6  359.5
  142.1  14665  -67.2  -76.0     28   0.01     79   22.1  359.6  359.6  359.6
  141.9  14673  -67.3  -76.0     28   0.01     79   22.2  359.5  359.6  359.6
  141.7  14682  -67.4  -76.0     29   0.01     78   22.3  359.6  359.6  359.6
  141.5  14690  -67.5  -76.0     29   0.01     78   22.4  359.6  359.6  359.6
  141.3  14698  -67.6  -76.0     29   0.01     78   22.4  359.6  359.6  359.6
  141.1  14706  -67.6  -76.0     29   0.01     78   22.5  359.6  359.6  359.6
  140.9  14715  -67.7  -76.0     30   0.01     77   22.5  359.6  359.6  359.6
  140.7  14723  -67.8  -76.1     30   0.01     77   22.5  359.6  359.6  359.6
  140.5  14731  -67.9  -76.1     30   0.01     77   22.6  359.6  359.7  359.6
  140.3  14739  -67.9  -76.1     30   0.01     77   22.6  359.7  359.7  359.7
  140.1  14747  -68.0  -76.1     31   0.01     76   22.6  359.7  359.7  359.7
  140.0  14754  -68.1  -76.1     31   0.01     76   22.6  359.6  359.7  359.6
  139.8  14762  -68.1  -76.1     31   0.01     76   22.6  359.7  359.7  359.7
  139.6  14769  -68.2  -76.1     31   0.01     76   22.7  359.7  359.7  359.7
  139.5  14776  -68.3  -76.1     32   0.01     75   22.7  359.6  359.7  359.6
  139.3  14784  -68.4  -76.1     32   0.01     75   22.7  359.7  359.7  359.7
  139.1  14791  -68.4  -76.1     32   0.01     75   22.8  359.7  359.7  359.7
  138.9  14799  -68.5  -76.1     32   0.01     75   22.9  359.7  359.8  359.7
  138.8  14806  -68.5  -76.1     33   0.01     74   22.9  359.7  359.8  359.7
  138.6  14813  -68.6  -76.1     33   0.01     74   23.0  359.8  359.9  359.8
  138.4  14821  -68.6  -76.1     33   0.01     74   23.1  359.9  360.0  359.9
  138.2  14829  -68.7  -76.1     33   0.01     74   23.2  359.9  360.0  360.0
  138.1  14836  -68.7  -76.2     34   0.01     74   23.4  359.9  359.9  359.9
  137.9  14844  -68.8  -76.1     34   0.01     74   23.5  360.0  360.0  360.0
  137.7  14851  -68.8  -76.2     34   0.01     74   23.6  360.0  360.1  360.0
  137.6  14859  -68.9  -76.2     34   0.01     75   23.7  360.0  360.0  360.0
  137.4  14867  -69.0  -76.2     34   0.01     75   23.9  360.0  360.0  360.0
  137.2  14874  -69.0  -76.2     35   0.01     75   24.0  360.0  360.1  360.0
  137.1  14881  -69.1  -76.3     35   0.01     75   24.1  360.0  360.0  360.0
  136.9  14888  -69.1  -76.3     35   0.01     76   24.2  360.1  360.1  360.1
  136.7  14895  -69.1  -76.3     34   0.01     76   24.3  360.2  360.3  360.2
  136.5  14903  -69.1  -76.3     34   0.01     76   24.4  360.4  360.5  360.4
  136.4  14911  -69.1  -76.3     34   0.01     76   24.5  360.5  360.5  360.5
  136.2  14918  -69.2  -76.4     34   0.01     77   24.6  360.6  360.6  360.6
  136.0  14925  -69.2  -76.4     34   0.01     77   24.6  360.6  360.7  360.6
  135.9  14932  -69.2  -76.4     34   0.01     77   24.7  360.7  360.8  360.7
  135.7  14940  -69.2  -76.5     34   0.01     77   24.8  360.8  360.9  360.8
  135.5  14947  -69.2  -76.5     34   0.01     77   24.9  360.9  361.0  360.9
  135.4  14955  -69.3  -76.6     34   0.01     77   25.0  361.0  361.0  361.0
  135.2  14963  -69.3  -76.6     34   0.01     78   25.1  361.1  361.1  361.1
  135.0  14971  -69.3  -76.7     34   0.01     78   25.2  361.1  361.2  361.1
  134.8  14979  -69.4  -76.8     33   0.01     78   25.3  361.3  361.3  361.3
  134.6  14988  -69.3  -76.8     33   0.01     78   25.4  361.5  361.5  361.5
  134.4  14995  -69.4  -76.9     33   0.01     78   25.5  361.6  361.6  361.6
  134.3  15003  -69.4  -76.9     33   0.01     78   25.7  361.6  361.7  361.6
  134.1  15010  -69.4  -77.0     32   0.01     78   25.8  361.8  361.8  361.8
  133.9  15018  -69.4  -77.0     32   0.01     78   26.0  361.8  361.9  361.8
  133.8  15026  -69.5  -77.1     32   0.01     78   26.1  361.9  361.9  361.9
  133.6  15034  -69.5  -77.2     32   0.01     79   26.2  361.9  362.0  361.9
  133.4  15043  -69.6  -77.3     32   0.01     79   26.4  362.0  362.0  362.0
  133.2  15051  -69.6  -77.3     31   0.01     79   26.5  362.1  362.2  362.1
  133.0  15060  -69.6  -77.4     31   0.01     79   26.6  362.2  362.2  362.2
  132.8  15068  -69.7  -77.4     32   0.01     79   26.7  362.3  362.3  362.3
  132.6  15077  -69.7  -77.4     32   0.01     80   26.8  362.4  362.4  362.4
  132.4  15086  -69.6  -77.4     32   0.01     80   26.8  362.7  362.7  362.7
  132.2  15094  -69.6  -77.4     32   0.01     80   26.8  362.8  362.8  362.8
  132.1  15102  -69.7  -77.4     32   0.01     80   26.8  362.8  362.9  362.8
  131.9  15110  -69.6  -77.3     32   0.01     81   26.8  363.2  363.2  363.2
  131.7  15118  -69.5  -77.4     31   0.01     81   26.8  363.4  363.4  363.4
  131.5  15126  -69.5  -77.4     31   0.01     81   26.8  363.6  363.7  363.6
  131.4  15134  -69.4  -77.4     30   0.01     82   26.8  363.9  364.0  363.9
  131.2  15142  -69.3  -77.5     30   0.01     82   26.7  364.2  364.2  364.2
  131.0  15150  -69.2  -77.5     29   0.01     82   26.7  364.5  364.5  364.5
  130.8  15159  -69.3  -77.6     29   0.01     83   26.7  364.5  364.6  364.5
  130.6  15168  -69.3  -77.6     29   0.01     83   26.7  364.6  364.6  364.6
  130.4  15176  -69.4  -77.7     29   0.01     83   26.7  364.6  364.6  364.6
  130.2  15184  -69.5  -77.7     30   0.01     84   26.7  364.6  364.7  364.6
  130.1  15192  -69.6  -77.7     30   0.01     84   26.8  364.5  364.6  364.6
  129.9  15201  -69.7  -77.8     30   0.01     85   26.8  364.6  364.6  364.6
  129.7  15210  -69.7  -77.8     30   0.01     85   26.9  364.6  364.7  364.6
  129.5  15219  -69.7  -77.8     30   0.01     85   26.9  364.8  364.9  364.8
  129.3  15227  -69.7  -77.8     30   0.01     85   27.0  365.0  365.1  365.0
  129.1  15235  -69.7  -77.9     29   0.01     86   27.1  365.2  365.2  365.2
  129.0  15244  -69.7  -77.9     29   0.01     86   27.2  365.2  365.3  365.2
  128.8  15253  -69.7  -77.9     30   0.01     86   27.3  365.4  365.4  365.4
  128.6  15261  -69.7  -77.9     30   0.01     86   27.4  365.5  365.5  365.5
  128.4  15270  -69.8  -77.9     30   0.01     86   27.5  365.6  365.7  365.6
  128.2  15279  -69.8  -77.9     30   0.01     86   27.5  365.8  365.8  365.8
  128.0  15288  -69.8  -77.9     30   0.01     86   27.6  365.8  365.9  365.8
  127.8  15296  -69.9  -78.1     29   0.01     86   27.7  365.9  365.9  365.9
  127.7  15304  -70.0  -78.2     29   0.01     86   27.7  365.8  365.8  365.8
  127.5  15311  -70.0  -78.3     29   0.01     86   27.8  365.9  365.9  365.9
  127.3  15320  -70.0  -78.3     29   0.01     86   27.8  366.2  366.2  366.2
  127.1  15328  -69.8  -78.2     28   0.01     86   27.9  366.6  366.6  366.6
  127.0  15337  -69.8  -78.2     28   0.01     86   27.9  366.6  366.6  366.6
  126.8  15345  -69.9  -78.3     29   0.01     86   28.0  366.7  366.7  366.7
  126.6  15353  -70.0  -78.3     29   0.01     86   28.0  366.7  366.8  366.7
  126.4  15361  -70.0  -78.3     29   0.01     86   28.1  366.8  366.8  366.8
  126.3  15369  -70.0  -78.4     29   0.01     86   28.1  366.9  366.9  366.9
  126.1  15377  -70.0  -78.4     28   0.01     86   28.2  367.0  367.0  367.0
  125.9  15385  -70.0  -78.5     28   0.01     86   28.3  367.2  367.2  367.2
  125.8  15393  -70.0  -78.7     27   0.01     85   28.4  367.2  367.3  367.2
  125.6  15402  -70.1  -78.8     27   0.01     85   28.6  367.3  367.3  367.3
  125.4  15411  -70.1  -79.0     26   0.01     85   28.7  367.4  367.4  367.4
  125.2  15420  -70.2  -79.2     25   0.01     84   28.8  367.5  367.5  367.5
  125.0  15428  -70.2  -79.4     25   0.01     84   29.0  367.6  367.6  367.6
  124.8  15437  -70.2  -79.6     24   0.01     83   29.2  367.9  367.9  367.9
  124.6  15446  -70.1  -79.7     23   0.01     83   29.3  368.1  368.1  368.1
  124.4  15456  -70.1  -79.9     23   0.01     82   29.5  368.3  368.3  368.3
  124.2  15467  -70.1  -80.1     22   0.01     81   29.6  368.5  368.5  368.5
  124.0  15476  -70.1  -80.2     21   0.01     81   29.7  368.7  368.7  368.7
  123.8  15484  -70.0  -80.3     21   0.01     80   29.9  368.9  368.9  368.9
  123.7  15493  -69.9  -80.3     20   0.01     80   30.0  369.4  369.4  369.4
  123.5  15502  -69.6  -80.3     20   0.01     80   30.1  369.9  369.9  369.9
  123.3  15510  -69.6  -80.4     20   0.01     79   30.1  370.1  370.1  370.1
  123.1  15518  -69.7  -80.6     19   0.00     79   30.2  370.2  370.2  370.2
  123.0  15526  -69.7  -80.8     19   0.00     79   30.3  370.2  370.2  370.2
  122.8  15534  -69.8  -80.9     18   0.00     79   30.3  370.2  370.3  370.2
  122.7  15542  -69.9  -81.0     18   0.00     79   30.4  370.2  370.2  370.2
  122.5  15549  -69.9  -81.1     18   0.00     79   30.4  370.2  370.3  370.2
  122.4  15555  -69.9  -81.1     18   0.00     79   30.4  370.4  370.4  370.4
  122.2  15562  -69.9  -81.0     18   0.00     79   30.5  370.6  370.6  370.6
  122.1  15569  -69.9  -80.9     19   0.00     79   30.5  370.7  370.7  370.7
  121.9  15576  -70.0  -80.9     19   0.00     80   30.6  370.7  370.7  370.7
  121.8  15584  -70.0  -80.9     19   0.00     80   30.6  370.6  370.7  370.6
  121.6  15591  -70.1  -80.9     19   0.00     80   30.7  370.7  370.7  370.7
  121.5  15598  -70.1  -80.9     19   0.00     81   30.7  370.7  370.8  370.7
  121.3  15605  -70.2  -80.9     19   0.00     81   30.8  370.8  370.8  370.8
  121.2  15612  -70.3  -80.9     20   0.00     81   30.8  370.8  370.8  370.8
  121.1  15619  -70.3  -81.0     20   0.00     82   30.9  370.7  370.7  370.7
  120.9  15626  -70.4  -81.0     20   0.00     82   30.9  370.8  370.8  370.8
  120.8  15633  -70.5  -81.0     20   0.00     82   30.9  370.7  370.8  370.7
  120.7  15639  -70.5  -81.0     20   0.00     83   30.9  370.7  370.7  370.7
  120.5  15646  -70.6  -81.0     20   0.00     83   30.9  370.7  370.8  370.7
  120.4  15652  -70.7  -81.0     21   0.00     83   30.9  370.7  370.7  370.7
  120.2  15660  -70.7  -80.9     21   0.00     83   30.9  370.9  370.9  370.9
  120.1  15667  -70.7  -80.9     21   0.00     83   30.8  371.0  371.0  371.0
  119.9  15675  -70.7  -81.0     21   0.00     83   30.8  371.2  371.2  371.2
  119.8  15683  -70.7  -81.1     20   0.00     83   30.7  371.3  371.3  371.3
  119.6  15690  -70.6  -81.1     20   0.00     84   30.6  371.5  371.6  371.6
  119.5  15697  -70.6  -81.1     20   0.00     84   30.6  371.6  371.6  371.6
  119.3  15704  -70.7  -81.2     20   0.00     84   30.5  371.7  371.7  371.7
  119.2  15711  -70.7  -81.2     20   0.00     84   30.5  371.6  371.7  371.6
  119.1  15718  -70.8  -81.3     20   0.00     84   30.4  371.7  371.7  371.7
  118.9  15726  -70.8  -81.3     20   0.00     83   30.4  371.8  371.8  371.8
  118.8  15733  -70.9  -81.3     20   0.00     83   30.3  371.7  371.8  371.7
  118.6  15741  -71.0  -81.4     20   0.00     83   30.3  371.8  371.8  371.8
  118.4  15749  -71.0  -81.5     20   0.00     83   30.3  371.9  371.9  371.9
  118.3  15756  -71.1  -81.5     20   0.00     84   30.2  371.8  371.9  371.8
  118.1  15764  -71.2  -81.6     20   0.00     84   30.2  371.9  371.9  371.9
  118.0  15771  -71.2  -81.7     20   0.00     84   30.2  371.8  371.9  371.8
  117.8  15779  -71.3  -81.8     20   0.00     84   30.1  371.9  371.9  371.9
  117.7  15787  -71.4  -81.9     20   0.00     84   30.1  371.9  371.9  371.9
  117.5  15795  -71.4  -81.9     20   0.00     84   30.0  371.9  371.9  371.9
  117.3  15804  -71.5  -82.0     20   0.00     84   29.9  371.9  371.9  371.9
  117.2  15812  -71.6  -82.1     20   0.00     84   29.8  371.9  371.9  371.9
  117.0  15820  -71.7  -82.2     20   0.00     84   29.7  371.9  371.9  371.9
  116.8  15829  -71.8  -82.3     20   0.00     84   29.6  371.9  371.9  371.9
  116.7  15837  -71.9  -82.4     20   0.00     84   29.4  371.9  371.9  371.9
  116.6  15844  -71.9  -82.4     19   0.00     84   29.3  371.8  371.9  371.8
  116.4  15852  -72.0  -82.5     19   0.00     84   29.2  371.9  371.9  371.9
  116.2  15860  -72.0  -82.6     19   0.00     84   29.0  372.0  372.0  372.0
  116.1  15869  -72.1  -82.7     19   0.00     84   28.9  371.9  371.9  371.9
  115.9  15878  -72.2  -82.8     19   0.00     84   28.8  371.9  372.0  371.9
  115.7  15887  -72.3  -82.9     19   0.00     83   28.7  372.0  372.0  372.0
  115.6  15894  -72.3  -83.0     19   0.00     83   28.7  372.0  372.0  372.0
  115.4  15902  -72.4  -83.1     19   0.00     83   28.6  372.0  372.0  372.0
  115.2  15911  -72.5  -83.2     19   0.00     83   28.5  372.0  372.1  372.0
  115.1  15920  -72.6  -83.3     18   0.00     83   28.5  372.0  372.0  372.0
  114.9  15927  -72.6  -83.4     18   0.00     83   28.5  372.1  372.1  372.1
  114.8  15935  -72.7  -83.5     18   0.00     83   28.5  372.0  372.0  372.0
  114.6  15943  -72.8  -83.6     18   0.00     83   28.4  372.1  372.1  372.1
  114.5  15951  -72.9  -83.7     18   0.00     82   28.4  372.0  372.0  372.0
  114.3  15959  -72.9  -83.7     18   0.00     82   28.4  372.0  372.1  372.0
  114.1  15968  -73.0  -83.8     18   0.00     82   28.4  372.1  372.1  372.1
  114.0  15976  -73.1  -83.8     18   0.00     82   28.4  372.0  372.1  372.0
  113.8  15984  -73.2  -83.8     18   0.00     82   28.4  372.1  372.1  372.1
  113.6  15992  -73.2  -83.9     19   0.00     82   28.4  372.2  372.2  372.2
  113.5  16000  -73.3  -83.9     19   0.00     82   28.4  372.1  372.1  372.1
  113.3  16008  -73.4  -83.9     19   0.00     82   28.3  372.2  372.2  372.2
  113.2  16016  -73.5  -83.9     19   0.00     82   28.3  372.1  372.1  372.1
  113.0  16025  -73.5  -84.0     19   0.00     82   28.3  372.2  372.2  372.2
  112.9  16033  -73.6  -84.0     19   0.00     82   28.3  372.1  372.1  372.1
  112.7  16041  -73.7  -84.1     19   0.00     82   28.3  372.2  372.2  372.2
  112.5  16049  -73.7  -84.1     19   0.00     82   28.2  372.3  372.3  372.3
  112.4  16057  -73.8  -84.2     19   0.00     82   28.2  372.2  372.2  372.2
  112.2  16065  -73.9  -84.3     19   0.00     82   28.1  372.3  372.3  372.3
  112.1  16074  -73.9  -84.3     19   0.00     82   28.1  372.2  372.3  372.2
  111.9  16082  -74.0  -84.3     19   0.00     82   28.0  372.3  372.3  372.3
  111.8  16090  -74.1  -84.4     19   0.00     82   27.9  372.3  372.3  372.3
  111.6  16099  -74.1  -84.4     19   0.00     82   27.9  372.3  372.4  372.3
  111.4  16108  -74.2  -84.4     19   0.00     82   27.8  372.4  372.5  372.4
  111.3  16116  -74.3  -84.5     20   0.00     82   27.7  372.4  372.4  372.4
  111.1  16124  -74.3  -84.5     20   0.00     82   27.6  372.5  372.5  372.5
  110.9  16133  -74.4  -84.5     20   0.00     82   27.5  372.5  372.6  372.6
  110.8  16141  -74.5  -84.6     20   0.00     82   27.4  372.5  372.5  372.5
  110.6  16150  -74.5  -84.6     20   0.00     82   27.3  372.6  372.6  372.6
  110.5  16158  -74.6  -84.7     20   0.00     82   27.1  372.6  372.6  372.6
  110.3  16167  -74.6  -84.7     20   0.00     82   27.0  372.7  372.7  372.7
  110.1  16175  -74.7  -84.7     20   0.00     82   26.8  372.8  372.8  372.8
  110.0  16184  -74.7  -84.8     20   0.00     82   26.7  372.8  372.8  372.8
  109.8  16192  -74.7  -84.8     20   0.00     83   26.5  373.0  373.0  373.0
  109.6  16201  -74.8  -84.8     20   0.00     83   26.3  373.1  373.1  373.1
  109.5  16210  -74.8  -84.8     20   0.00     83   26.2  373.2  373.2  373.2
  109.3  16218  -74.8  -84.8     20   0.00     83   26.0  373.3  373.3  373.3
  109.2  16227  -74.9  -84.9     20   0.00     83   25.8  373.3  373.3  373.3
  109.0  16236  -74.9  -84.9     20   0.00     83   25.7  373.4  373.4  373.4
  108.8  16244  -75.0  -84.9     20   0.00     84   25.6  373.5  373.5  373.5
  108.7  16252  -75.0  -84.9     20   0.00     84   25.5  373.6  373.6  373.6
  108.5  16260  -75.0  -84.9     20   0.00     84   25.4  373.8  373.8  373.8
  108.4  16268  -75.0  -85.0     20   0.00     84   25.3  373.9  373.9  373.9
  108.2  16276  -74.9  -85.0     20   0.00     85   25.2  374.1  374.2  374.1
  108.1  16284  -74.9  -85.0     20   0.00     85   25.1  374.3  374.4  374.3
  107.9  16291  -74.9  -84.9     20   0.00     85   25.1  374.6  374.6  374.6
  107.8  16299  -74.8  -84.9     20   0.00     86   25.0  374.7  374.8  374.7
  107.7  16307  -74.8  -85.0     20   0.00     86   25.0  374.8  374.9  374.8
  107.5  16315  -74.8  -85.0     20   0.00     86   24.9  375.1  375.1  375.1
  107.4  16323  -74.8  -85.0     19   0.00     87   24.8  375.2  375.3  375.2
  107.2  16330  -74.8  -84.9     19   0.00     87   24.7  375.5  375.5  375.5
  107.1  16338  -74.8  -85.0     19   0.00     87   24.5  375.6  375.6  375.6
  106.9  16346  -74.8  -85.0     19   0.00     88   24.4  375.8  375.8  375.8
  106.8  16355  -74.8  -85.0     19   0.00     88   24.2  375.8  375.9  375.8
  106.6  16363  -74.8  -85.1     19   0.00     88   24.0  376.0  376.0  376.0
  106.5  16371  -74.8  -85.2     19   0.00     89   23.8  376.0  376.1  376.0
  106.3  16379  -74.8  -85.2     19   0.00     89   23.6  376.3  376.3  376.3
  106.2  16387  -74.7  -85.2     18   0.00     89   23.4  376.6  376.6  376.6
  106.0  16395  -74.4  -85.0     18   0.00     89   23.2  377.4  377.4  377.4
  105.9  16403  -74.2  -84.9     18   0.00     89   23.0  377.8  377.9  377.8
  105.8  16410  -74.2  -84.9     18   0.00     89   22.8  378.0  378.0  378.0
  105.6  16418  -74.3  -84.9     18   0.00     89   22.6  378.1  378.1  378.1
  105.5  16426  -74.3  -84.9     18   0.00     89   22.4  378.1  378.1  378.1
  105.3  16434  -74.3  -84.8     19   0.00     89   22.3  378.2  378.2  378.2
  105.2  16442  -74.4  -84.8     19   0.00     89   22.1  378.2  378.2  378.2
  105.1  16449  -74.5  -84.8     19   0.00     89   22.0  378.2  378.2  378.2
  104.9  16457  -74.5  -84.8     19   0.00     89   21.8  378.3  378.3  378.3
  104.8  16465  -74.6  -84.8     19   0.00     89   21.7  378.3  378.3  378.3
  104.6  16473  -74.6  -84.8     19   0.00     89   21.6  378.4  378.4  378.4
  104.5  16480  -74.7  -84.9     20   0.00     89   21.5  378.4  378.4  378.4
  104.4  16488  -74.7  -84.9     20   0.00     89   21.4  378.4  378.4  378.4
  104.2  16495  -74.8  -85.0     20   0.00     89   21.3  378.5  378.5  378.5
  104.1  16502  -74.8  -85.0     20   0.00     88   21.2  378.5  378.5  378.5
  104.0  16510  -74.9  -85.0     20   0.00     88   21.1  378.5  378.5  378.5
  103.8  16517  -74.9  -85.0     20   0.00     88   21.0  378.6  378.6  378.6
  103.7  16524  -75.0  -85.1     20   0.00     88   20.9  378.7  378.7  378.7
  103.6  16532  -75.0  -85.1     20   0.00     88   20.8  378.8  378.8  378.8
  103.4  16540  -74.9  -85.0     20   0.00     88   20.7  379.1  379.2  379.1
  103.3  16548  -74.8  -84.9     20   0.00     88   20.7  379.5  379.5  379.5
  103.1  16556  -74.7  -84.8     20   0.00     88   20.6  379.9  379.9  379.9
  103.0  16564  -74.6  -84.7     20   0.00     88   20.5  380.2  380.2  380.2
  102.9  16572  -74.5  -84.7     20   0.00     88   20.4  380.4  380.4  380.4
  102.7  16579  -74.5  -84.6     20   0.00     88   20.3  380.6  380.6  380.6
  102.6  16586  -74.6  -84.6     20   0.00     88   20.2  380.6  380.6  380.6
  102.5  16594  -74.6  -84.7     20   0.00     88   20.1  380.6  380.6  380.6
  102.3  16601  -74.7  -84.7     20   0.00     88   20.1  380.7  380.7  380.7
  102.2  16609  -74.7  -84.7     20   0.00     87   20.0  380.7  380.7  380.7
  102.1  16616  -74.8  -84.7     20   0.00     87   19.9  380.7  380.7  380.7
  102.0  16623  -74.9  -84.7     21   0.00     87   19.8  380.6  380.7  380.6
  101.8  16631  -74.9  -84.7     21   0.00     86   19.7  380.7  380.7  380.7
  101.7  16639  -75.0  -84.7     21   0.00     86   19.7  380.7  380.7  380.7
  101.6  16646  -75.1  -84.7     21   0.00     86   19.6  380.7  380.7  380.7
  101.4  16654  -75.1  -84.7     21   0.00     85   19.6  380.8  380.8  380.8
  101.3  16662  -75.2  -84.7     22   0.00     85   19.5  380.8  380.8  380.8
  101.2  16669  -75.2  -84.7     22   0.00     84   19.5  380.8  380.8  380.8
  101.0  16677  -75.3  -84.8     22   0.00     84   19.4  381.0  381.0  381.0
  100.9  16685  -75.3  -84.8     22   0.00     83   19.3  381.0  381.0  381.0
  100.7  16692  -75.3  -84.8     22   0.00     82   19.2  381.2  381.2  381.2
  100.6  16700  -75.3  -84.8     22   0.00     82   19.1  381.4  381.4  381.4
  100.5  16707  -75.3  -84.8     21   0.00     81   19.0  381.5  381.5  381.5
  100.4  16715  -75.3  -84.8     21   0.00     81   19.0  381.6  381.6  381.6
  100.2  16723  -75.3  -84.9     21   0.00     80   18.9  381.8  381.8  381.8
  100.1  16731  -75.3  -84.9     21   0.00     79   18.7  381.8  381.8  381.8
  100.0  16736  -75.3  -84.9     21   0.00     79   18.7  381.9  381.9  381.9
  100.0  16736  -75.3  -84.9     21   0.00     79   18.7  381.9  381.9  381.9
   99.9  16739  -75.3  -84.9     21   0.00     79   18.7  382.0  382.1  382.0
   99.8  16747  -75.4  -85.0     21   0.00     78   18.6  382.1  382.1  382.1
   99.7  16755  -75.4  -85.0     21   0.00     77   18.5  382.1  382.1  382.1
   99.5  16763  -75.4  -85.0     21   0.00     77   18.4  382.4  382.4  382.4
   99.4  16771  -75.4  -84.9     21   0.00     76   18.3  382.5  382.5  382.5
   99.3  16779  -75.4  -85.0     21   0.00     75   18.2  382.5  382.5  382.5
   99.1  16787  -75.5  -85.0     22   0.00     75   18.1  382.6  382.6  382.6
   99.0  16795  -75.6  -85.1     22   0.00     74   18.0  382.6  382.6  382.6
   98.8  16803  -75.6  -85.1     21   0.00     73   17.9  382.7  382.7  382.7
   98.7  16811  -75.6  -85.1     21   0.00     72   17.8  382.8  382.8  382.8
   98.6  16819  -75.6  -85.2     21   0.00     72   17.7  382.9  382.9  382.9
   98.4  16827  -75.7  -85.3     21   0.00     71   17.6  383.0  383.1  383.0
   98.3  16835  -75.7  -85.3     21   0.00     70   17.5  383.1  383.1  383.1
   98.2  16843  -75.8  -85.4     21   0.00     69   17.4  383.1  383.1  383.1
   98.0  16851  -75.8  -85.5     21   0.00     68   17.4  383.2  383.3  383.2
   97.9  16859  -75.8  -85.5     21   0.00     68   17.3  383.4  383.4  383.4
   97.7  16868  -75.7  -85.5     21   0.00     67   17.3  383.7  383.7  383.7
   97.6  16876  -75.7  -85.5     20   0.00     67   17.2  383.9  383.9  383.9
   97.5  16884  -75.7  -85.5     20   0.00     66   17.2  384.0  384.0  384.0
   97.3  16893  -75.7  -85.5     20   0.00     65   17.1  384.1  384.1  384.1
   97.2  16901  -75.8  -85.5     20   0.00     65   17.1  384.2  384.2  384.2
   97.0  16909  -75.8  -85.5     20   0.00     64   17.0  384.4  384.4  384.4
   96.9  16917  -75.8  -85.5     20   0.00     63   17.0  384.5  384.5  384.5
   96.8  16925  -75.8  -85.5     20   0.00     63   16.9  384.6  384.6  384.6
   96.6  16934  -75.8  -85.6     20   0.00     62   16.9  384.7  384.7  384.7
   96.5  16942  -75.9  -85.7     20   0.00     62   16.9  384.7  384.7  384.7
   96.4  16950  -76.0  -85.7     20   0.00     61   16.8  384.7  384.7  384.7
   96.2  16958  -76.0  -85.7     20   0.00     61   16.8  385.0  385.0  385.0
   96.1  16967  -75.8  -85.6     20   0.00     61   16.8  385.3  385.3  385.3
   95.9  16975  -75.8  -85.6     20   0.00     60   16.8  385.5  385.6  385.6
   95.8  16983  -75.9  -85.7     20   0.00     60   16.8  385.6  385.6  385.6
   95.7  16992  -75.9  -85.7     20   0.00     60   16.8  385.6  385.6  385.6
   95.5  17000  -76.0  -85.8     20   0.00     60   16.9  385.7  385.7  385.7
   95.4  17008  -76.0  -85.8     20   0.00     59   16.9  385.7  385.7  385.7
   95.3  17017  -76.1  -85.9     20   0.00     59   17.0  385.7  385.7  385.7
   95.1  17025  -76.2  -85.9     20   0.00     59   17.1  385.8  385.8  385.8
   95.0  17034  -76.3  -86.0     20   0.00     58   17.3  385.7  385.7  385.7
   94.8  17042  -76.3  -86.0     21   0.00     58   17.4  385.8  385.8  385.8
   94.7  17050  -76.4  -86.0     21   0.00     58   17.6  385.8  385.8  385.8
   94.6  17059  -76.5  -86.1     21   0.00     57   17.8  385.8  385.8  385.8
   94.4  17067  -76.5  -86.2     21   0.00     57   18.0  385.9  385.9  385.9
   94.3  17076  -76.6  -86.3     21   0.00     57   18.2  385.9  385.9  385.9
   94.1  17085  -76.5  -86.3     20   0.00     56   18.4  386.2  386.3  386.2
   94.0  17094  -76.5  -86.3     20   0.00     56   18.6  386.4  386.4  386.4
   93.8  17103  -76.5  -86.3     20   0.00     56   18.8  386.7  386.7  386.7
   93.7  17111  -76.5  -86.3     20   0.00     56   18.9  386.9  386.9  386.9
   93.6  17120  -76.4  -86.3     20   0.00     56   19.1  387.1  387.1  387.1
   93.4  17129  -76.3  -86.2     20   0.00     56   19.2  387.5  387.6  387.5
   93.3  17137  -76.3  -86.2     20   0.00     56   19.3  387.7  387.7  387.7
   93.1  17146  -76.3  -86.2     20   0.00     56   19.4  387.8  387.8  387.8
   93.0  17155  -76.4  -86.2     20   0.00     56   19.4  387.8  387.8  387.8
   92.8  17164  -76.5  -86.3     20   0.00     56   19.5  387.8  387.8  387.8
   92.7  17173  -76.6  -86.3     20   0.00     56   19.5  387.8  387.8  387.8
   92.6  17182  -76.7  -86.3     21   0.00     57   19.6  387.7  387.7  387.7
   92.4  17191  -76.8  -86.4     21   0.00     57   19.6  387.8  387.8  387.8
   92.3  17200  -76.8  -86.4     21   0.00     57   19.7  387.8  387.8  387.8
   92.1  17208  -76.9  -86.5     21   0.00     58   19.7  387.8  387.8  387.8
   92.0  17217  -77.0  -86.5     21   0.00     58   19.8  387.8  387.8  387.8
   91.8  17226  -77.1  -86.6     21   0.00     59   19.8  387.9  387.9  387.9
   91.7  17235  -77.2  -86.7     21   0.00     59   19.8  387.9  387.9  387.9
   91.6  17243  -77.2  -86.7     21   0.00     60   19.9  387.9  387.9  387.9
   91.4  17252  -77.3  -86.8     21   0.00     60   19.9  388.0  388.0  388.0
   91.3  17262  -77.4  -86.8     21   0.00     61   19.9  388.0  388.0  388.0
   91.1  17271  -77.4  -86.8     21   0.00     61   19.9  388.1  388.1  388.1
   91.0  17279  -77.5  -86.9     21   0.00     62   19.8  388.1  388.1  388.1
   90.9  17288  -77.5  -86.9     21   0.00     62   19.8  388.1  388.2  388.1
   90.7  17298  -77.5  -86.9     21   0.00     63   19.7  388.4  388.4  388.4
   90.5  17308  -77.5  -86.9     21   0.00     63   19.6  388.6  388.6  388.6
   90.4  17318  -77.5  -86.8     21   0.00     63   19.5  388.8  388.8  388.8
   90.3  17326  -77.5  -86.8     21   0.00     64   19.4  388.9  388.9  388.9
   90.1  17335  -77.5  -86.8     21   0.00     64   19.3  389.1  389.2  389.1
   90.0  17343  -77.5  -86.9     21   0.00     65   19.2  389.2  389.2  389.2
   89.8  17353  -77.6  -86.9     21   0.00     65   19.1  389.4  389.4  389.4
   89.7  17363  -77.7  -87.0     21   0.00     65   19.0  389.3  389.3  389.3
   89.5  17373  -77.7  -87.0     21   0.00     66   18.9  389.5  389.5  389.5
   89.4  17382  -77.7  -87.0     21   0.00     66   18.9  389.7  389.7  389.7
   89.2  17391  -77.6  -86.9     21   0.00     66   18.8  390.0  390.1  390.0
   89.1  17401  -77.6  -86.9     21   0.00     66   18.8  390.2  390.2  390.2
   88.9  17411  -77.6  -86.9     21   0.00     66   18.8  390.4  390.4  390.4
   88.8  17420  -77.6  -87.0     21   0.00     66   18.8  390.5  390.5  390.5
   88.6  17430  -77.6  -86.9     21   0.00     66   18.9  390.8  390.8  390.8
   88.5  17439  -77.6  -86.9     21   0.00     66   18.9  391.0  391.1  391.0
   88.3  17449  -77.6  -86.9     21   0.00     66   19.0  391.3  391.3  391.3
   88.2  17459  -77.5  -86.9     21   0.00     66   19.1  391.4  391.5  391.4
   88.1  17468  -77.6  -86.9     21   0.00     66   19.3  391.5  391.5  391.5
   87.9  17476  -77.6  -87.0     21   0.00     66   19.4  391.6  391.6  391.6
   87.8  17485  -77.7  -87.0     21   0.00     66   19.6  391.6  391.7  391.6
   87.6  17495  -77.8  -87.0     22   0.00     66   19.8  391.8  391.8  391.8
   87.5  17505  -77.8  -87.0     22   0.00     66   20.0  391.8  391.8  391.8
   87.3  17514  -77.9  -87.1     22   0.00     66   20.2  391.9  391.9  391.9
   87.2  17524  -77.9  -87.1     22   0.00     66   20.5  392.0  392.0  392.0
   87.1  17533  -78.0  -87.1     22   0.00     67   20.7  392.0  392.0  392.0
   86.9  17543  -78.0  -87.1     22   0.00     67   20.9  392.1  392.1  392.1
   86.8  17552  -78.1  -87.2     22   0.00     67   21.2  392.2  392.2  392.2
   86.6  17561  -78.1  -87.1     22   0.00     67   21.4  392.4  392.5  392.4
   86.5  17570  -78.1  -87.1     22   0.00     67   21.6  392.6  392.6  392.6
   86.4  17579  -78.1  -87.1     22   0.00     67   21.8  392.6  392.7  392.6
   86.2  17588  -78.1  -87.2     22   0.00     67   22.0  392.9  392.9  392.9
   86.1  17598  -78.1  -87.2     22   0.00     68   22.1  393.0  393.0  393.0
   85.9  17607  -78.1  -87.1     22   0.00     68   22.3  393.3  393.4  393.3
   85.8  17616  -78.0  -87.1     22   0.00     68   22.4  393.6  393.6  393.6
   85.7  17625  -78.0  -87.1     22   0.00     68   22.5  393.8  393.8  393.8
   85.5  17635  -78.0  -87.1     22   0.00     68   22.7  394.0  394.0  394.0
   85.4  17644  -78.1  -87.2     22   0.00     68   22.8  394.0  394.0  394.0
   85.2  17654  -78.0  -87.2     22   0.00     68   22.9  394.3  394.3  394.3
   85.1  17663  -78.0  -87.2     22   0.00     68   23.0  394.5  394.5  394.5
   85.0  17673  -78.1  -87.2     22   0.00     69   23.1  394.6  394.6  394.6
   84.8  17682  -78.1  -87.2     22   0.00     69   23.2  394.8  394.8  394.8
   84.7  17691  -78.1  -87.2     22   0.00     69   23.3  394.8  394.8  394.8
   84.5  17701  -78.2  -87.2     22   0.00     69   23.5  394.9  394.9  394.9
   84.4  17710  -78.3  -87.2     23   0.00     70   23.6  394.9  394.9  394.9
   84.3  17719  -78.4  -87.2     23   0.00     70   23.7  394.8  394.8  394.8
   84.1  17728  -78.5  -87.3     23   0.00     70   23.9  395.0  395.0  395.0
   84.0  17736  -78.5  -87.3     23   0.00     71   24.0  395.0  395.0  395.0
   83.9  17745  -78.6  -87.3     23   0.00     71   24.2  395.0  395.0  395.0
   83.8  17754  -78.6  -87.4     23   0.00     71   24.3  395.0  395.0  395.0
   83.6  17762  -78.7  -87.4     23   0.00     72   24.5  395.1  395.2  395.1
   83.5  17770  -78.8  -87.5     23   0.00     72   24.6  395.1  395.1  395.1
   83.4  17778  -78.8  -87.6     23   0.00     73   24.8  395.1  395.2  395.1
   83.3  17786  -78.9  -87.6     23   0.00     73   24.9  395.2  395.2  395.2
   83.2  17794  -78.8  -87.7     23   0.00     74   25.0  395.4  395.4  395.4
   83.0  17803  -78.8  -87.7     22   0.00     74   25.1  395.6  395.7  395.6
   82.9  17811  -78.9  -87.8     22   0.00     75   25.2  395.8  395.8  395.8
   82.8  17819  -78.8  -87.8     22   0.00     75   25.3  396.1  396.1  396.1
   82.7  17827  -78.6  -87.8     22   0.00     76   25.4  396.5  396.5  396.5
   82.6  17836  -78.6  -87.9     21   0.00     76   25.4  396.6  396.6  396.6
   82.4  17844  -78.7  -88.0     21   0.00     77   25.5  396.8  396.8  396.8
   82.3  17852  -78.7  -88.0     21   0.00     77   25.5  397.0  397.0  397.0
   82.2  17860  -78.4  -87.9     20   0.00     78   25.5  397.6  397.6  397.6
   82.1  17868  -78.3  -87.9     20   0.00     78   25.5  398.0  398.0  398.0
   82.0  17877  -78.3  -87.9     20   0.00     79   25.5  398.2  398.2  398.2
   81.8  17885  -78.2  -88.0     20   0.00     79   25.3  398.5  398.5  398.5
   81.7  17892  -78.2  -88.0     19   0.00     80   25.2  398.7  398.8  398.7
   81.6  17900  -78.2  -88.1     19   0.00     80   25.0  398.9  398.9  398.9
   81.5  17908  -78.2  -88.1     19   0.00     80   24.8  399.1  399.1  399.1
   81.4  17915  -78.1  -88.1     19   0.00     80   24.6  399.5  399.5  399.5
   81.3  17922  -78.0  -88.1     18   0.00     80   24.3  399.8  399.8  399.8
   81.2  17930  -77.9  -88.2     18   0.00     80   24.1  400.1  400.2  400.1
   81.1  17937  -77.7  -88.2     17   0.00     80   23.9  400.6  400.6  400.6
   81.0  17945  -77.5  -88.1     17   0.00     80   23.7  401.2  401.2  401.2
   80.9  17953  -77.3  -88.0     17   0.00     80   23.5  401.8  401.8  401.8
   80.8  17961  -77.2  -88.1     16   0.00     81   23.3  402.1  402.1  402.1
   80.7  17968  -77.2  -88.1     16   0.00     81   23.2  402.3  402.3  402.3
   80.6  17976  -77.2  -88.2     16   0.00     81   23.2  402.4  402.5  402.4
   80.5  17983  -77.1  -88.3     16   0.00     81   23.2  402.7  402.7  402.7
   80.3  17990  -76.9  -88.2     15   0.00     82   23.2  403.4  403.4  403.4
   80.2  17999  -76.7  -88.2     15   0.00     82   23.2  403.9  403.9  403.9
   80.1  18007  -76.6  -88.3     14   0.00     83   23.3  404.3  404.3  404.3
   80.0  18015  -76.4  -88.3     14   0.00     84   23.4  404.9  404.9  404.9
   79.9  18022  -76.1  -88.2     13   0.00     84   23.5  405.7  405.7  405.7
   79.8  18030  -75.7  -88.1     13   0.00     84   23.6  406.5  406.6  406.5
   79.7  18038  -75.5  -88.0     13   0.00     85   23.7  407.2  407.3  407.2
   79.6  18045  -75.3  -88.0     12   0.00     85   23.8  407.8  407.8  407.8
   79.5  18053  -75.0  -87.8     12   0.00     85   23.9  408.5  408.5  408.5
   79.4  18061  -74.9  -87.8     12   0.00     85   24.0  408.9  408.9  408.9
   79.3  18068  -74.8  -87.9     12   0.00     84   24.1  409.1  409.1  409.1
   79.2  18075  -74.9  -88.0     12   0.00     84   24.2  409.2  409.2  409.2
   79.1  18083  -74.8  -88.1     11   0.00     84   24.4  409.4  409.4  409.4
   79.0  18091  -74.6  -88.0     11   0.00     83   24.5  410.0  410.0  410.0
   78.9  18098  -74.5  -88.0     11   0.00     83   24.6  410.5  410.5  410.5
   78.8  18106  -74.3  -88.0     11   0.00     83   24.7  410.9  411.0  410.9
   78.7  18113  -74.2  -88.0     10   0.00     82   24.9  411.4  411.4  411.4
   78.6  18121  -74.1  -88.1     10   0.00     82   25.0  411.7  411.7  411.7
   78.5  18128  -73.9  -88.2     10   0.00     81   25.2  412.2  412.2  412.2
   78.4  18136  -73.8  -88.2     10   0.00     81   25.3  412.6  412.6  412.6
   78.3  18143  -73.6  -88.2      9   0.00     81   25.5  413.1  413.1  413.1
   78.2  18150  -73.5  -88.2      9   0.00     80   25.7  413.5  413.5  413.5
   78.1  18158  -73.4  -88.3      9   0.00     80   25.9  413.8  413.8  413.8
   78.0  18165  -73.4  -88.4      9   0.00     80   26.1  414.0  414.0  414.0
   77.9  18173  -73.3  -88.4      8   0.00     80   26.3  414.4  414.4  414.4
   77.8  18181  -73.1  -88.4      8   0.00     80   26.4  415.0  415.0  415.0
   77.7  18188  -72.8  -88.3      8   0.00     80   26.6  415.8  415.8  415.8
   77.6  18195  -72.6  -88.4      8   0.00     81   26.7  416.2  416.2  416.2
   77.5  18201  -72.4  -88.5      7   0.00     81   26.8  416.8  416.8  416.8
   77.4  18208  -72.1  -88.4      7   0.00     81   26.8  417.6  417.6  417.6
   77.3  18216  -71.8  -88.3      7   0.00     81   26.9  418.5  418.5  418.5
   77.2  18224  -71.5  -88.2      7   0.00     82   26.9  419.3  419.3  419.3
   77.1  18232  -71.4  -88.3      7   0.00     82   27.0  419.6  419.7  419.6
   77.0  18241  -71.2  -88.4      6   0.00     82   27.0  420.0  420.0  420.0
   76.9  18249  -71.1  -88.5      6   0.00     83   27.1  420.4  420.5  420.4
   76.8  18257  -71.0  -88.5      6   0.00     83   27.1  420.8  420.9  420.8
   76.7  18265  -70.9  -88.6      6   0.00     83   27.1  421.2  421.3  421.3
   76.6  18273  -70.8  -88.6      6   0.00     84   27.2  421.7  421.7  421.7
   76.5  18281  -70.6  -88.7      6   0.00     84   27.2  422.1  422.1  422.1
   76.4  18289  -70.5  -88.7      5   0.00     84   27.3  422.5  422.5  422.5
   76.2  18297  -70.4  -88.7      5   0.00     85   27.3  423.0  423.1  423.0
   76.1  18304  -70.3  -88.8      5   0.00     85   27.3  423.4  423.4  423.4
   76.0  18319  -70.1  -89.1      5   0.00     86   27.3  424.1  424.1  424.1
   75.9  18327  -69.7  -89.0      5   0.00     86   27.3  425.0  425.0  425.0
   75.8  18335  -69.5  -89.1      4   0.00     87   27.2  425.6  425.6  425.6
   75.7  18343  -69.4  -89.2      4   0.00     87   27.1  426.0  426.0  426.0
   75.6  18351  -69.2  -89.3      4   0.00     88   27.0  426.4  426.5  426.4
   75.5  18359  -69.1  -89.3      4   0.00     88   26.9  426.9  426.9  426.9
   75.4  18367  -68.9  -89.3      4   0.00     89   26.7  427.4  427.4  427.4
   75.3  18375  -68.7  -89.3      4   0.00     90   26.5  428.0  428.0  428.0
   75.2  18383  -68.7  -89.4      4   0.00     90   26.3  428.2  428.2  428.2
   75.0  18391  -68.6  -89.4      4   0.00     91   26.1  428.7  428.7  428.7
   74.9  18400  -68.4  -89.3      4   0.00     92   25.9  429.3  429.3  429.3
   74.8  18408  -68.3  -89.3      4   0.00     93   25.7  429.8  429.8  429.8
   74.7  18415  -68.1  -89.3      3   0.00     93   25.6  430.2  430.2  430.2
   74.6  18423  -68.2  -89.4      3   0.00     94   25.4  430.3  430.3  430.3
   74.5  18432  -68.1  -89.5      3   0.00     94   25.3  430.5  430.5  430.5
   74.4  18440  -68.0  -89.4      3   0.00     95   25.2  431.0  431.0  431.0
   74.3  18448  -67.9  -89.3      3   0.00     95   25.1  431.4  431.4  431.4
   74.2  18457  -67.9  -89.3      3   0.00     96   24.9  431.6  431.6  431.6
   74.1  18465  -67.9  -89.3      3   0.00     96   24.8  431.7  431.7  431.7
   74.0  18473  -67.9  -89.3      3   0.00     97   24.7  431.9  431.9  431.9
   73.9  18482  -68.0  -89.3      3   0.00     97   24.6  431.9  431.9  431.9
   73.8  18490  -68.0  -89.2      3   0.00     97   24.5  432.0  432.0  432.0
   73.7  18499  -68.1  -89.2      3   0.00     98   24.4  432.0  432.0  432.0
   73.6  18507  -68.1  -89.2      3   0.00     98   24.3  432.1  432.1  432.1
   73.5  18515  -68.2  -89.2      4   0.00     98   24.2  432.1  432.1  432.1
   73.4  18524  -68.3  -89.3      4   0.00     99   24.0  432.1  432.1  432.1
   73.3  18532  -68.3  -89.3      4   0.00     99   23.9  432.1  432.1  432.1
   73.2  18540  -68.4  -89.3      4   0.00     99   23.8  432.1  432.2  432.1
   73.1  18548  -68.5  -89.3      4   0.00     99   23.7  432.1  432.2  432.1
   73.0  18556  -68.6  -89.3      4   0.00     99   23.7  432.1  432.2  432.1
   72.9  18565  -68.6  -89.3      4   0.00     99   23.6  432.2  432.2  432.2
   72.8  18572  -68.7  -89.3      4   0.00     98   23.6  432.2  432.2  432.2
   72.7  18580  -68.8  -89.3      4   0.00     98   23.6  432.2  432.2  432.2
   72.6  18588  -68.8  -89.3      4   0.00     98   23.6  432.3  432.3  432.3
   72.5  18596  -68.9  -89.3      4   0.00     97   23.6  432.3  432.3  432.3
   72.4  18604  -68.9  -89.4      4   0.00     97   23.7  432.4  432.4  432.4
   72.3  18612  -69.0  -89.4      4   0.00     96   23.8  432.4  432.4  432.4
   72.2  18621  -69.0  -89.4      4   0.00     96   24.0  432.5  432.5  432.5
   72.1  18629  -68.9  -89.2      4   0.00     95   24.1  433.0  433.0  433.0
   72.0  18638  -68.8  -89.2      4   0.00     94   24.3  433.3  433.4  433.3
   71.9  18646  -68.8  -89.1      4   0.00     94   24.5  433.6  433.6  433.6
   71.8  18654  -68.8  -89.1      4   0.00     93   24.6  433.7  433.7  433.7
   71.7  18663  -68.8  -89.1      4   0.00     93   24.8  433.8  433.8  433.8
   71.6  18671  -68.9  -89.1      4   0.00     92   25.0  433.9  433.9  433.9
   71.5  18679  -68.9  -89.1      4   0.00     91   25.2  434.0  434.0  434.0
   71.4  18688  -69.0  -89.2      4   0.00     91   25.5  434.1  434.1  434.1
   71.3  18695  -69.0  -89.2      4   0.00     91   25.7  434.1  434.1  434.1
   71.2  18704  -69.0  -89.2      4   0.00     90   25.9  434.2  434.2  434.2
   71.1  18713  -69.1  -89.2      4   0.00     90   26.2  434.3  434.3  434.3
   71.0  18722  -69.1  -89.3      4   0.00     90   26.4  434.4  434.4  434.4
   70.9  18731  -69.2  -89.3      4   0.00     89   26.7  434.5  434.5  434.5
   70.8  18739  -69.2  -89.3      4   0.00     89   26.9  434.5  434.5  434.5
   70.7  18747  -69.3  -89.4      4   0.00     89   27.2  434.6  434.7  434.6
   70.6  18755  -69.3  -89.4      4   0.00     90   27.4  434.8  434.8  434.8
   70.5  18763  -69.3  -89.4      4   0.00     90   27.6  435.0  435.0  435.0
   70.4  18771  -69.2  -89.5      4   0.00     90   27.8  435.2  435.2  435.2
   70.3  18780  -69.2  -89.5      4   0.00     90   27.9  435.4  435.4  435.4
   70.2  18788  -69.2  -89.5      4   0.00     91   28.0  435.7  435.7  435.7
   70.1  18797  -69.2  -89.6      4   0.00     91   28.0  435.9  435.9  435.9
   70.0  18808  -69.0  -89.5      4   0.00     92   28.0  436.3  436.3  436.3
   69.9  18814  -68.9  -89.5      4   0.00     92   28.0  436.9  436.9  436.9
   69.8  18822  -68.5  -89.2      4   0.00     92   27.9  437.9  437.9  437.9
   69.7  18837  -68.4  -89.3      4   0.00     93   27.7  438.3  438.3  438.3
   69.6  18845  -68.4  -89.3      4   0.00     93   27.6  438.4  438.4  438.4
   69.5  18853  -68.5  -89.3      4   0.00     93   27.5  438.5  438.5  438.5
   69.4  18861  -68.5  -89.4      4   0.00     94   27.3  438.6  438.6  438.6
   69.3  18869  -68.5  -89.4      4   0.00     94   27.2  438.7  438.8  438.7
   69.2  18877  -68.6  -89.4      4   0.00     94   27.0  438.8  438.8  438.8
   69.1  18885  -68.6  -89.4      4   0.00     95   26.9  438.8  438.8  438.8
   69.0  18893  -68.7  -89.4      4   0.00     95   26.8  438.9  438.9  438.9
   68.9  18901  -68.8  -89.4      4   0.00     95   26.7  438.9  438.9  438.9
   68.8  18908  -68.8  -89.4      4   0.00     96   26.6  439.0  439.0  439.0
   68.7  18923  -68.9  -89.4      4   0.00     97   26.4  438.9  438.9  438.9
   68.6  18930  -69.0  -89.4      4   0.00     97   26.3  439.0  439.0  439.0
   68.5  18938  -69.0  -89.5      4   0.00     97   26.2  439.2  439.2  439.2
   68.4  18945  -69.0  -89.5      4   0.00     98   26.1  439.3  439.3  439.3
   68.3  18953  -69.0  -89.5      4   0.00     98   26.0  439.4  439.4  439.4
   68.2  18960  -69.1  -89.6      4   0.00     98   25.8  439.6  439.6  439.6
   68.1  18974  -69.0  -89.5      4   0.00     99   25.4  439.9  440.0  439.9
   68.0  18981  -68.9  -89.5      4   0.00     99   25.2  440.2  440.2  440.2
   67.9  18988  -69.0  -89.6      4   0.00     99   24.9  440.3  440.3  440.3
   67.8  19000  -69.0  -89.6      4   0.00     99   24.3  440.4  440.4  440.4
   67.7  19008  -69.0  -89.7      4   0.00     99   24.0  440.6  440.6  440.6
   67.6  19015  -69.1  -89.7      4   0.00     99   23.7  440.7  440.7  440.7
   67.5  19023  -69.1  -89.8      4   0.00     99   23.5  440.8  440.8  440.8
   67.4  19037  -69.0  -89.8      4   0.00    100   22.9  441.2  441.2  441.2
   67.3  19045  -68.9  -89.8      4   0.00    100   22.7  441.5  441.5  441.5
   67.2  19053  -68.8  -89.8      3   0.00    100   22.4  441.9  441.9  441.9
   67.1  19060  -68.6  -89.7      3   0.00    100   22.2  442.5  442.6  442.5
   67.0  19067  -68.5  -89.6      3   0.00    100   22.0  443.1  443.1  443.1
   66.9  19081  -68.4  -89.6      3   0.00    101   21.6  443.5  443.5  443.5
   66.8  19088  -68.4  -89.7      3   0.00    101   21.4  443.6  443.6  443.6
   66.7  19095  -68.4  -89.7      3   0.00    101   21.2  443.8  443.8  443.8
   66.6  19102  -68.4  -89.8      3   0.00    101   21.0  443.9  444.0  443.9
   66.5  19116  -68.3  -89.8      3   0.00    101   20.5  444.4  444.5  444.4
   66.4  19123  -68.2  -89.8      3   0.00    101   20.3  444.7  444.7  444.7
   66.3  19130  -68.2  -89.8      3   0.00    100   20.0  444.9  444.9  444.9
   66.2  19138  -68.3  -89.9      3   0.00    100   19.8  445.1  445.1  445.1
   66.1  19152  -68.1  -89.9      3   0.00     99   19.3  445.6  445.6  445.6
   66.0  19159  -68.1  -89.9      3   0.00     98   19.1  445.8  445.8  445.8
   65.9  19166  -68.1  -90.0      3   0.00     97   18.8  446.1  446.1  446.1
   65.8  19181  -67.7  -89.8      3   0.00     96   18.5  447.0  447.1  447.1
   65.7  19189  -67.6  -89.7      3   0.00     95   18.4  447.5  447.5  447.5
   65.6  19196  -67.5  -89.8      3   0.00     94   18.4  447.8  447.8  447.8
   65.5  19204  -67.5  -89.8      3   0.00     93   18.4  448.0  448.0  448.0
   65.4  19211  -67.5  -89.9      3   0.00     93   18.4  448.2  448.2  448.2
   65.3  19227  -67.5  -90.0      3   0.00     92   18.5  448.4  448.4  448.4
   65.2  19235  -67.5  -90.0      3   0.00     91   18.7  448.6  448.6  448.6
   65.1  19243  -67.5  -90.1      3   0.00     91   18.8  448.9  448.9  448.9
   65.0  19251  -67.3  -90.0      3   0.00     90   19.0  449.4  449.4  449.4
   64.9  19260  -67.1  -89.9      3   0.00     90   19.3  450.1  450.1  450.1
   64.8  19268  -66.9  -89.8      3   0.00     90   19.5  450.8  450.8  450.8
   64.7  19277  -66.8  -89.7      3   0.00     90   19.8  451.2  451.3  451.2
   64.6  19285  -66.7  -89.7      3   0.00     90   20.0  451.6  451.6  451.6
   64.5  19302  -66.8  -89.8      3   0.00     90   20.6  451.7  451.7  451.7
   64.4  19311  -66.8  -89.8      3   0.00     90   20.9  451.9  451.9  451.9
   64.3  19319  -66.8  -89.9      3   0.00     90   21.1  452.0  452.0  452.0
   64.2  19327  -66.8  -89.9      3   0.00     89   21.3  452.1  452.1  452.1
   64.1  19335  -66.9  -89.9      3   0.00     89   21.5  452.2  452.2  452.2
   64.0  19344  -66.9  -89.9      3   0.00     89   21.6  452.4  452.4  452.4
   63.9  19353  -66.9  -89.9      3   0.00     89   21.8  452.5  452.5  452.5
   63.8  19362  -67.0  -89.9      3   0.00     89   21.9  452.6  452.6  452.6
   63.7  19371  -67.0  -89.9      3   0.00     89   22.0  452.7  452.7  452.7
   63.6  19380  -67.0  -90.0      3   0.00     89   22.1  452.8  452.9  452.8
   63.5  19397  -67.1  -90.0      3   0.00     88   22.2  452.9  452.9  452.9
   63.4  19407  -67.1  -90.0      3   0.00     88   22.2  453.2  453.2  453.2
   63.3  19415  -67.0  -90.0      3   0.00     88   22.2  453.5  453.5  453.5
   63.2  19424  -67.1  -90.0      3   0.00     88   22.3  453.6  453.6  453.6
   63.1  19434  -67.1  -90.1      3   0.00     88   22.3  453.7  453.7  453.7
   63.0  19443  -67.1  -90.1      3   0.00     88   22.3  453.9  454.0  453.9
   62.9  19453  -67.0  -90.1      3   0.00     88   22.4  454.3  454.3  454.3
   62.8  19462  -67.0  -90.1      3   0.00     89   22.4  454.5  454.5  454.5
   62.7  19471  -67.0  -90.2      3   0.00     89   22.5  454.7  454.7  454.7
   62.6  19480  -67.0  -90.3      2   0.00     89   22.5  455.0  455.0  455.0
   62.5  19489  -66.9  -90.3      2   0.00     89   22.5  455.5  455.5  455.5
   62.4  19498  -66.6  -90.1      2   0.00     90   22.6  456.4  456.4  456.4
   62.3  19508  -66.3  -89.9      2   0.00     90   22.6  457.3  457.3  457.3
   62.2  19518  -66.1  -89.9      2   0.00     91   22.5  457.7  457.8  457.7
   62.1  19528  -66.2  -90.0      2   0.00     91   22.5  457.9  457.9  457.9
   62.0  19538  -66.2  -90.0      2   0.00     92   22.4  458.1  458.1  458.1
   61.9  19548  -66.1  -90.0      2   0.00     92   22.4  458.4  458.4  458.4
   61.8  19558  -66.2  -90.0      2   0.00     93   22.3  458.5  458.5  458.5
   61.7  19567  -66.2  -90.0      2   0.00     93   22.2  458.6  458.6  458.6
   61.6  19576  -66.3  -90.0      2   0.00     94   22.1  458.6  458.6  458.6
   61.5  19586  -66.4  -90.0      2   0.00     94   22.0  458.7  458.7  458.7
   61.4  19596  -66.5  -90.0      2   0.00     95   22.0  458.7  458.7  458.7
   61.3  19605  -66.5  -90.0      2   0.00     95   21.9  458.8  458.8  458.8
   61.2  19614  -66.6  -90.0      2   0.00     95   21.8  458.9  458.9  458.9
   61.1  19624  -66.6  -90.0      2   0.00     95   21.7  459.0  459.0  459.0
   61.0  19633  -66.7  -90.1      2   0.00     95   21.6  459.1  459.1  459.1
   60.9  19642  -66.8  -90.1      2   0.00     95   21.6  459.1  459.1  459.1
   60.8  19652  -66.8  -90.2      2   0.00     95   21.5  459.3  459.3  459.3
   60.7  19663  -66.7  -90.1      2   0.00     95   21.4  459.7  459.7  459.7
   60.6  19673  -66.6  -90.1      2   0.00     94   21.4  460.2  460.2  460.2
   60.5  19683  -66.4  -90.0      2   0.00     93   21.4  460.8  460.8  460.8
   60.4  19692  -66.3  -90.0      2   0.00     93   21.4  461.2  461.2  461.2
   60.3  19701  -66.3  -90.0      2   0.00     92   21.4  461.4  461.5  461.4
   60.2  19711  -66.4  -90.1      2   0.00     92   21.4  461.5  461.5  461.5
   60.1  19730  -66.5  -90.3      2   0.00     91   21.5  461.5  461.5  461.5
   60.0  19740  -66.5  -90.3      2   0.00     90   21.6  461.7  461.7  461.7
   59.9  19749  -66.4  -90.3      2   0.00     90   21.7  462.0  462.0  462.0
   59.8  19759  -66.4  -90.2      2   0.00     90   21.7  462.3  462.3  462.3
   59.7  19768  -66.4  -90.2      2   0.00     90   21.8  462.6  462.6  462.6
   59.6  19778  -66.4  -90.2      2   0.00     90   21.8  462.9  462.9  462.9
   59.5  19788  -66.4  -90.2      2   0.00     90   21.8  463.1  463.1  463.1
   59.4  19798  -66.4  -90.2      2   0.00     90   21.8  463.2  463.2  463.2
   59.3  19808  -66.4  -90.2      2   0.00     90   21.8  463.4  463.4  463.4
   59.2  19817  -66.4  -90.2      2   0.00     91   21.7  463.6  463.6  463.6
   59.1  19827  -66.4  -90.2      2   0.00     91   21.7  463.8  463.8  463.8
   59.0  19836  -66.4  -90.2      2   0.00     91   21.6  464.1  464.1  464.1
   58.9  19845  -66.4  -90.2      2   0.00     91   21.5  464.3  464.3  464.3
   58.8  19855  -66.4  -90.2      2   0.00     91   21.3  464.5  464.5  464.5
   58.7  19865  -66.4  -90.3      2   0.00     92   21.2  464.7  464.7  464.7
   58.6  19874  -66.4  -90.3      2   0.00     92   21.1  464.9  464.9  464.9
   58.5  19892  -66.3  -90.3      2   0.00     92   20.8  465.5  465.5  465.5
   58.4  19901  -66.2  -90.2      2   0.00     92   20.7  466.0  466.0  466.0
   58.3  19911  -66.1  -90.2      2   0.00     92   20.6  466.3  466.3  466.3
   58.2  19920  -66.1  -90.2      2   0.00     92   20.5  466.6  466.6  466.6
   58.1  19929  -66.1  -90.2      2   0.00     92   20.4  466.7  466.8  466.8
   58.0  19939  -66.2  -90.3      2   0.00     92   20.3  466.8  466.8  466.8
   57.9  19948  -66.3  -90.4      2   0.00     92   20.2  466.9  466.9  466.9
   57.8  19957  -66.3  -90.5      2   0.00     93   20.0  467.1  467.1  467.1
   57.7  19975  -66.2  -90.5      2   0.00     93   19.8  467.5  467.5  467.5
   57.6  19984  -66.0  -90.4      2   0.00     94   19.7  468.1  468.1  468.1
   57.5  19994  -65.8  -90.3      2   0.00     94   19.6  468.9  468.9  468.9
   57.4  20002  -65.7  -90.3      2   0.00     94   19.4  469.3  469.4  469.3
   57.3  20010  -65.6  -90.2      2   0.00     95   19.3  469.8  469.8  469.8
   57.2  20028  -65.5  -90.2      2   0.00     95   19.0  470.2  470.2  470.2
   57.1  20038  -65.6  -90.2      2   0.00     96   18.9  470.3  470.3  470.3
   57.0  20047  -65.7  -90.2      2   0.00     96   18.8  470.3  470.4  470.3
   56.9  20056  -65.8  -90.3      2   0.00     96   18.6  470.4  470.4  470.4
   56.8  20066  -65.8  -90.3      2   0.00     97   18.5  470.5  470.5  470.5
   56.7  20075  -65.9  -90.3      2   0.00     97   18.5  470.6  470.6  470.6
   56.6  20084  -65.9  -90.3      2   0.00     97   18.4  470.8  470.8  470.8
   56.5  20102  -65.8  -90.2      2   0.00     97   18.3  471.2  471.2  471.2
   56.4  20110  -65.6  -90.0      2   0.00     97   18.2  472.0  472.0  472.0
   56.3  20119  -65.4  -89.9      2   0.00     97   18.1  472.6  472.6  472.6
   56.2  20128  -65.3  -89.8      2   0.00     97   18.0  473.2  473.2  473.2
   56.1  20146  -65.3  -89.9      2   0.00     98   17.9  473.2  473.3  473.2
   56.0  20154  -65.4  -89.9      2   0.00     98   17.8  473.3  473.4  473.3
   55.9  20162  -65.5  -89.9      2   0.00     98   17.7  473.5  473.5  473.5
   55.8  20170  -65.5  -89.9      2   0.00     98   17.7  473.6  473.6  473.6
   55.7  20187  -65.7  -89.9      2   0.00     98   17.6  473.5  473.5  473.5
   55.6  20195  -65.7  -89.9      2   0.00     97   17.7  473.6  473.6  473.6
   55.5  20203  -65.8  -89.9      2   0.00     97   17.7  473.7  473.7  473.7
   55.4  20221  -65.9  -89.9      2   0.00     97   17.8  473.6  473.6  473.6
   55.3  20229  -66.0  -89.9      2   0.00     97   18.0  473.7  473.7  473.7
   55.2  20238  -66.1  -89.8      2   0.00     97   18.1  473.8  473.8  473.8
   55.1  20255  -66.2  -89.9      2   0.00     97   18.5  473.8  473.8  473.8
   55.0  20263  -66.2  -89.9      2   0.00     97   18.8  473.9  474.0  473.9
   54.9  20272  -66.2  -89.9      2   0.00     97   19.0  474.1  474.2  474.1
   54.8  20280  -66.2  -89.9      2   0.00     96   19.3  474.4  474.4  474.4
   54.7  20297  -66.4  -90.0      2   0.00     96   20.0  474.4  474.4  474.4
   54.6  20306  -66.4  -90.1      2   0.00     96   20.3  474.4  474.4  474.4
   54.5  20314  -66.5  -90.2      2   0.00     97   20.6  474.5  474.5  474.5
   54.4  20331  -66.4  -90.2      2   0.00     97   21.2  474.9  474.9  474.9
   54.3  20340  -66.4  -90.2      2   0.00     97   21.5  475.2  475.2  475.2
   54.2  20348  -66.4  -90.3      2   0.00     97   21.7  475.5  475.5  475.5
   54.1  20363  -66.4  -90.4      2   0.00     96   22.0  475.7  475.7  475.7
   54.0  20372  -66.4  -90.5      2   0.00     96   22.1  476.0  476.0  476.0
   53.9  20388  -66.3  -90.5      2   0.00     96   22.1  476.5  476.5  476.5
   53.8  20396  -66.1  -90.4      2   0.00     95   22.0  477.2  477.2  477.2
   53.7  20405  -66.0  -90.4      2   0.00     95   21.9  477.8  477.8  477.8
   53.6  20421  -66.0  -90.6      2   0.00     94   21.7  477.9  478.0  477.9
   53.5  20429  -66.0  -90.6      2   0.00     94   21.5  478.2  478.2  478.2
   53.4  20438  -66.0  -90.7      2   0.00     94   21.3  478.5  478.5  478.5
   53.3  20454  -65.9  -90.7      2   0.00     93   20.9  478.8  478.8  478.8
   53.2  20463  -65.9  -90.7      2   0.00     93   20.8  479.1  479.1  479.1
   53.1  20471  -65.9  -90.7      2   0.00     93   20.6  479.5  479.5  479.5
   53.0  20487  -65.8  -90.7      2   0.00     93   20.4  479.9  479.9  479.9
   52.9  20495  -65.8  -90.7      2   0.00     93   20.2  480.2  480.2  480.2
   52.8  20511  -65.7  -90.7      2   0.00     93   20.1  480.8  480.8  480.8
   52.7  20519  -65.6  -90.7      2   0.00     93   20.1  481.1  481.1  481.1
   52.6  20534  -65.6  -90.7      2   0.00     93   20.0  481.4  481.4  481.4
   52.5  20542  -65.6  -90.7      2   0.00     93   20.0  481.8  481.8  481.8
   52.4  20557  -65.4  -90.6      2   0.00     93   20.0  482.4  482.5  482.4
   52.3  20565  -65.3  -90.6      2   0.00     93   20.0  482.9  483.0  482.9
   52.2  20581  -65.2  -90.6      2   0.00     92   20.1  483.4  483.5  483.4
   52.1  20589  -65.1  -90.6      2   0.00     92   20.1  483.8  483.9  483.8
   52.0  20606  -65.2  -90.7      2   0.00     91   20.1  483.9  483.9  483.9
   51.9  20613  -65.3  -90.8      2   0.00     91   20.1  484.1  484.1  484.1
   51.8  20628  -65.2  -90.8      2   0.00     90   20.0  484.5  484.5  484.5
   51.7  20634  -65.2  -90.8      2   0.00     90   20.0  484.9  484.9  484.9
   51.6  20652  -65.0  -90.7      2   0.00     90   19.9  485.6  485.6  485.6
   51.5  20663  -64.8  -90.7      2   0.00     90   19.9  486.2  486.2  486.2
   51.4  20675  -64.7  -90.6      2   0.00     90   19.9  486.6  486.7  486.6
   51.3  20683  -64.7  -90.6      2   0.00     90   19.9  487.1  487.1  487.1
   51.2  20694  -64.6  -90.5      2   0.00     90   20.0  487.6  487.6  487.6
   51.1  20712  -64.6  -90.5      2   0.00     90   20.2  487.9  487.9  487.9
   51.0  20721  -64.6  -90.5      2   0.00     91   20.3  488.1  488.1  488.1
   50.9  20730  -64.6  -90.6      2   0.00     91   20.4  488.3  488.4  488.3
   50.8  20747  -64.6  -90.6      2   0.00     91   20.5  488.5  488.6  488.5
   50.7  20755  -64.6  -90.5      2   0.00     91   20.6  488.9  488.9  488.9
   50.6  20765  -64.5  -90.5      2   0.00     92   20.6  489.4  489.4  489.4
   50.5  20776  -64.5  -90.4      2   0.00     92   20.6  489.8  489.8  489.8
   50.4  20797  -64.5  -90.4      2   0.00     92   20.6  489.9  489.9  489.9
   50.3  20807  -64.6  -90.5      2   0.00     91   20.6  490.1  490.1  490.1
   50.2  20815  -64.6  -90.5      2   0.00     91   20.6  490.3  490.3  490.3
   50.1  20830  -64.6  -90.5      2   0.00     91   20.7  490.6  490.6  490.6
   50.0  20843  -64.6  -90.5      2   0.00     90   20.9  490.7  490.7  490.7
   49.9  20851  -64.7  -90.6      2   0.00     90   20.9  490.9  490.9  490.9
   49.8  20868  -64.7  -90.7      2   0.00     89   21.3  491.1  491.2  491.1
   49.7  20876  -64.7  -90.7      2   0.00     89   21.5  491.5  491.6  491.5
   49.6  20892  -64.3  -90.5      2   0.00     89   22.1  492.6  492.6  492.6
   49.5  20900  -64.2  -90.5      2   0.00     88   22.3  493.1  493.1  493.1
   49.4  20917  -64.2  -90.6      2   0.00     88   22.8  493.5  493.5  493.5
   49.3  20926  -64.1  -90.6      2   0.00     88   23.1  493.9  493.9  493.9
   49.2  20943  -64.0  -90.6      2   0.00     88   23.6  494.6  494.6  494.6
   49.1  20951  -63.9  -90.5      2   0.00     88   23.8  495.1  495.1  495.1
   49.0  20968  -63.9  -90.6      2   0.00     88   24.1  495.3  495.3  495.3
   48.9  20976  -63.9  -90.6      2   0.00     88   24.1  495.6  495.6  495.6
   48.8  20993  -63.8  -90.5      2   0.00     89   24.1  496.2  496.2  496.2
   48.7  21002  -63.7  -90.5      2   0.00     89   24.0  496.7  496.7  496.7
   48.6  21010  -63.6  -90.5      2   0.00     89   23.9  497.1  497.2  497.1
   48.5  21028  -63.5  -90.4      2   0.00     90   23.6  497.8  497.8  497.8
   48.4  21036  -63.4  -90.3      2   0.00     90   23.4  498.2  498.2  498.2
   48.3  21053  -63.5  -90.4      2   0.00     91   23.0  498.3  498.3  498.3
   48.2  21062  -63.6  -90.4      2   0.00     91   22.8  498.5  498.5  498.5
   48.1  21081  -63.6  -90.4      2   0.00     91   22.5  498.7  498.7  498.7
   48.0  21090  -63.5  -90.3      2   0.00     91   22.4  499.1  499.1  499.1
   47.9  21100  -63.5  -90.3      2   0.00     91   22.3  499.5  499.5  499.5
   47.8  21118  -63.5  -90.2      2   0.00     90   22.1  499.9  499.9  499.9
   47.7  21128  -63.4  -90.2      2   0.00     90   22.1  500.3  500.3  500.3
   47.6  21146  -63.4  -90.2      2   0.00     90   22.0  500.7  500.7  500.7
   47.5  21155  -63.4  -90.2      2   0.00     89   21.9  501.0  501.0  501.0
   47.4  21165  -63.4  -90.2      2   0.00     89   21.9  501.3  501.3  501.3
   47.3  21182  -63.4  -90.2      2   0.00     89   21.9  501.6  501.6  501.6
   47.2  21191  -63.4  -90.1      2   0.00     89   21.9  501.9  501.9  501.9
   47.1  21209  -63.4  -90.1      2   0.00     89   21.9  502.2  502.2  502.2
   47.0  21218  -63.4  -90.1      2   0.00     89   21.9  502.4  502.4  502.4
   46.9  21237  -63.5  -90.1      2   0.00     89   21.8  502.5  502.5  502.5
   46.8  21246  -63.6  -90.1      2   0.00     89   21.8  502.7  502.7  502.7
   46.7  21255  -63.6  -90.1      2   0.00     89   21.8  502.9  502.9  502.9
   46.6  21272  -63.7  -90.1      2   0.00     89   21.7  503.0  503.0  503.0
   46.5  21282  -63.7  -90.1      2   0.00     89   21.6  503.3  503.3  503.3
   46.4  21300  -63.7  -90.1      2   0.00     89   21.4  503.6  503.6  503.6
   46.3  21308  -63.7  -90.1      2   0.00     89   21.3  503.9  504.0  503.9
   46.2  21325  -63.7  -90.2      2   0.00     89   21.0  504.2  504.2  504.2
   46.1  21343  -63.7  -90.3      2   0.00     89   20.6  504.6  504.6  504.6
   46.0  21351  -63.6  -90.3      2   0.00     89   20.4  505.0  505.0  505.0
   45.9  21367  -63.5  -90.3      2   0.00     89   20.0  505.6  505.6  505.6
   45.8  21376  -63.4  -90.2      2   0.00     89   19.8  506.1  506.2  506.1
   45.7  21394  -63.3  -90.2      2   0.00     88   19.5  506.7  506.8  506.7
   45.6  21403  -63.3  -90.2      2   0.00     88   19.4  507.1  507.1  507.1
   45.5  21420  -63.3  -90.3      2   0.00     88   19.0  507.4  507.4  507.4
   45.4  21429  -63.3  -90.2      2   0.00     87   18.8  507.7  507.7  507.7
   45.3  21446  -63.3  -90.2      2   0.00     87   18.4  508.0  508.0  508.0
   45.2  21455  -63.3  -90.2      2   0.00     86   18.2  508.3  508.3  508.3
   45.1  21472  -63.3  -90.2      2   0.00     86   17.8  508.6  508.7  508.6
   45.0  21490  -63.3  -90.1      2   0.00     85   17.5  509.0  509.0  509.0
   44.9  21499  -63.3  -90.1      2   0.00     85   17.4  509.3  509.3  509.3
   44.8  21516  -63.3  -90.1      2   0.00     85   17.1  509.6  509.6  509.6
   44.7  21524  -63.3  -90.1      2   0.00     85   17.0  509.8  509.9  509.8
   44.6  21540  -63.4  -90.1      2   0.00     85   16.8  510.1  510.1  510.1
   44.5  21557  -63.4  -90.1      2   0.00     85   16.7  510.5  510.5  510.5
   44.4  21566  -63.3  -90.1      2   0.00     84   16.7  511.0  511.0  511.0
   44.3  21583  -63.3  -90.2      2   0.00     84   16.7  511.2  511.2  511.2
   44.2  21600  -63.2  -90.2      1   0.00     83   16.7  511.7  511.7  511.7
   44.1  21608  -63.2  -90.2      1   0.00     82   16.7  512.1  512.1  512.1
   44.0  21625  -63.2  -90.3      1   0.00     81   16.7  512.6  512.6  512.6
   43.9  21642  -63.1  -90.2      1   0.00     79   16.8  513.1  513.1  513.1
   43.8  21651  -63.1  -90.2      1   0.00     78   16.9  513.5  513.5  513.5
   43.7  21668  -63.1  -90.2      1   0.00     77   17.0  513.7  513.8  513.7
   43.6  21676  -63.1  -90.2      1   0.00     76   17.0  514.0  514.0  514.0
   43.5  21693  -63.2  -90.2      1   0.00     75   17.1  514.2  514.2  514.2
   43.4  21710  -63.2  -90.1      2   0.00     74   17.2  514.5  514.6  514.5
   43.3  21718  -63.1  -90.1      2   0.00     73   17.2  515.0  515.0  515.0
   43.2  21735  -63.0  -90.0      1   0.00     73   17.2  515.7  515.7  515.7
   43.1  21752  -63.0  -90.1      1   0.00     72   17.1  516.1  516.1  516.1
   43.0  21769  -62.8  -90.1      1   0.00     72   17.0  516.8  516.9  516.8
   42.9  21777  -62.8  -90.1      1   0.00     72   16.9  517.2  517.3  517.2
   42.8  21793  -62.7  -90.2      1   0.00     73   16.8  517.7  517.7  517.7
   42.7  21810  -62.6  -90.3      1   0.00     74   16.6  518.3  518.3  518.3
   42.6  21826  -62.6  -90.3      1   0.00     75   16.5  518.8  518.9  518.8
   42.5  21834  -62.5  -90.3      1   0.00     75   16.4  519.3  519.3  519.3
   42.4  21851  -62.4  -90.2      1   0.00     77   16.3  519.8  519.9  519.8
   42.3  21867  -62.3  -90.1      1   0.00     78   16.1  520.4  520.4  520.4
   42.2  21884  -62.3  -90.0      1   0.00     79   16.0  521.0  521.0  521.0
   42.1  21892  -62.2  -89.9      1   0.00     80   15.9  521.4  521.4  521.4
   42.0  21908  -62.4  -89.9      1   0.00     80   15.9  521.4  521.4  521.4
   41.9  21925  -62.4  -89.9      1   0.00     80   15.9  521.6  521.6  521.6
   41.8  21941  -62.5  -89.8      1   0.00     78   15.9  521.9  521.9  521.9
   41.7  21957  -62.4  -89.8      1   0.00     76   16.1  522.4  522.4  522.4
   41.6  21972  -62.3  -89.7      1   0.00     74   16.2  522.9  522.9  522.9
   41.5  21980  -62.3  -89.7      1   0.00     73   16.3  523.3  523.4  523.3
   41.4  21996  -62.3  -89.7      1   0.00     71   16.6  523.8  523.8  523.8
   41.3  22012  -62.2  -89.7      1   0.00     68   16.8  524.3  524.3  524.3
   41.2  22028  -62.2  -89.8      1   0.00     66   17.1  524.8  524.8  524.8
   41.1  22044  -62.1  -89.8      1   0.00     64   17.4  525.3  525.3  525.3
   41.0  22059  -62.1  -89.8      1   0.00     63   17.6  525.6  525.7  525.6
   40.9  22074  -62.2  -89.8      1   0.00     62   17.9  525.9  525.9  525.9
   40.8  22089  -62.2  -89.9      1   0.00     60   18.2  526.1  526.1  526.1
   40.7  22104  -62.3  -89.8      1   0.00     59   18.6  526.3  526.4  526.3
   40.6  22120  -62.2  -89.7      1   0.00     58   18.9  527.0  527.0  527.0
   40.5  22136  -62.2  -89.7      1   0.00     57   19.3  527.2  527.2  527.2
   40.4  22152  -62.3  -89.7      1   0.00     56   19.6  527.4  527.4  527.4
   40.3  22167  -62.4  -89.7      1   0.00     55   19.9  527.6  527.6  527.6
   40.2  22183  -62.4  -89.7      1   0.00     55   20.2  527.9  527.9  527.9
   40.1  22199  -62.4  -89.7      1   0.00     54   20.6  528.2  528.2  528.2
   40.0  22207  -62.5  -89.7      1   0.00     53   20.7  528.5  528.5  528.5
   39.9  22223  -62.5  -89.7      1   0.00     52   21.1  528.8  528.8  528.8
   39.8  22239  -62.5  -89.8      1   0.00     52   21.5  529.2  529.2  529.2
   39.7  22254  -62.6  -89.8      1   0.00     52   21.9  529.3  529.4  529.3
   39.6  22269  -62.6  -89.9      1   0.00     52   22.2  529.6  529.6  529.6
   39.5  22285  -62.6  -89.8      1   0.00     52   22.4  530.1  530.1  530.1
   39.4  22301  -62.5  -89.8      1   0.00     53   22.6  530.6  530.6  530.6
   39.3  22317  -62.6  -89.9      1   0.00     54   22.9  530.9  530.9  530.9
   39.2  22333  -62.7  -89.9      1   0.00     56   23.2  531.1  531.1  531.1
   39.1  22348  -62.7  -90.0      1   0.00     57   23.4  531.5  531.5  531.5
   39.0  22364  -62.6  -90.0      1   0.00     58   23.6  531.9  532.0  531.9
   38.9  22379  -62.5  -90.0      1   0.00     60   23.6  532.6  532.6  532.6
   38.8  22398  -62.4  -90.0      1   0.00     61   23.6  533.2  533.2  533.2
   38.7  22417  -62.2  -90.0      1   0.00     62   23.6  534.2  534.3  534.2
   38.6  22432  -61.9  -89.9      1   0.00     62   23.7  535.2  535.2  535.2
   38.5  22450  -61.8  -90.0      1   0.00     63   23.8  535.9  535.9  535.9
   38.4  22459  -61.8  -90.0      1   0.00     64   23.9  536.5  536.5  536.5
   38.3  22476  -61.6  -90.0      1   0.00     64   24.1  537.2  537.2  537.2
   38.2  22491  -61.5  -89.9      1   0.00     65   24.4  537.8  537.9  537.9
   38.1  22507  -61.5  -89.9      1   0.00     66   24.6  538.4  538.4  538.4
   38.0  22524  -61.3  -89.8      1   0.00     67   24.9  539.2  539.2  539.2
   37.9  22543  -61.2  -89.6      1   0.00     67   25.2  540.0  540.0  540.0
   37.8  22562  -61.0  -89.5      1   0.00     68   25.5  540.8  540.9  540.8
   37.7  22581  -61.0  -89.4      1   0.00     69   25.7  541.3  541.3  541.3
   37.6  22590  -61.0  -89.4      1   0.00     69   25.9  541.7  541.7  541.7
   37.5  22610  -61.0  -89.3      1   0.00     70   26.1  542.1  542.2  542.1
   37.4  22629  -61.0  -89.4      1   0.00     71   26.4  542.4  542.4  542.4
   37.3  22639  -61.1  -89.4      1   0.00     71   26.5  542.8  542.8  542.8
   37.2  22658  -61.1  -89.4      1   0.00     72   26.7  543.1  543.2  543.1
   37.1  22678  -60.9  -89.3      1   0.00     73   26.8  543.9  544.0  543.9
   37.0  22689  -60.8  -89.3      1   0.00     74   26.8  544.5  544.6  544.5
   36.9  22708  -60.7  -89.2      1   0.00     75   26.9  545.3  545.3  545.3
   36.8  22729  -60.6  -89.1      1   0.00     76   26.9  545.9  546.0  545.9
   36.7  22749  -60.7  -89.1      1   0.00     77   26.8  546.2  546.3  546.2
   36.6  22759  -60.7  -89.2      1   0.00     77   26.8  546.5  546.6  546.6
   36.5  22779  -60.8  -89.2      1   0.00     78   26.6  546.8  546.8  546.8
   36.4  22800  -60.8  -89.1      1   0.00     79   26.5  547.1  547.2  547.1
   36.3  22810  -60.8  -89.1      1   0.00     79   26.3  547.6  547.6  547.6
   36.2  22831  -60.8  -89.0      1   0.00     81   26.0  548.0  548.1  548.0
   36.1  22852  -60.8  -89.0      1   0.00     82   25.7  548.4  548.5  548.4
   36.0  22862  -60.9  -89.0      1   0.00     82   25.6  548.8  548.8  548.8
   35.9  22882  -60.9  -89.1      1   0.00     84   25.3  549.1  549.2  549.1
   35.8  22903  -60.8  -89.0      1   0.00     86   25.1  549.9  549.9  549.9
   35.7  22914  -60.7  -89.0      1   0.00     87   25.0  550.5  550.5  550.5
   35.6  22934  -60.8  -89.1      1   0.00     88   24.8  550.8  550.8  550.8
   35.5  22952  -60.7  -89.1      1   0.00     90   24.7  551.3  551.3  551.3
   35.4  22971  -60.7  -89.0      1   0.00     92   24.5  552.0  552.0  552.0
   35.3  22981  -60.7  -89.0      1   0.00     92   24.4  552.4  552.4  552.4
   35.2  23000  -60.7  -89.0      1   0.00     94   24.1  552.8  552.9  552.8
   35.1  23018  -60.7  -89.0      1   0.00     95   23.8  553.2  553.2  553.2
   35.0  23038  -60.8  -89.1      1   0.00     95   23.4  553.4  553.5  553.4
   34.9  23057  -60.9  -89.2      1   0.00     96   22.9  553.6  553.6  553.6
   34.8  23076  -60.7  -89.0      1   0.00     96   22.5  554.6  554.6  554.6
   34.7  23093  -60.6  -89.0      1   0.00     96   22.1  555.2  555.2  555.2
   34.6  23110  -60.7  -89.0      1   0.00     96   21.5  555.3  555.4  555.3
   34.5  23130  -60.8  -89.0      1   0.00     96   21.0  555.6  555.7  555.6
   34.4  23148  -60.9  -89.0      1   0.00     95   20.4  555.9  556.0  555.9
   34.3  23166  -61.0  -89.0      1   0.00     95   19.9  556.2  556.2  556.2
   34.2  23185  -61.0  -89.0      1   0.00     94   19.2  556.4  556.4  556.4
   34.1  23202  -61.1  -89.0      1   0.00     93   18.6  556.7  556.7  556.7
   34.0  23221  -61.1  -89.0      1   0.00     91   18.0  557.1  557.2  557.1
   33.9  23240  -61.2  -89.0      1   0.00     90   17.6  557.5  557.5  557.5
   33.8  23259  -61.2  -89.1      1   0.00     88   17.3  557.8  557.9  557.8
   33.7  23277  -61.4  -89.2      1   0.00     86   17.0  557.8  557.9  557.8
   33.6  23289  -61.4  -89.2      1   0.00     85   16.9  558.3  558.3  558.3
   33.5  23311  -61.4  -89.2      1   0.00     84   16.8  558.8  558.9  558.8
   33.4  23331  -61.5  -89.2      1   0.00     82   16.8  559.1  559.1  559.1
   33.3  23350  -61.5  -89.2      1   0.00     81   16.9  559.6  559.6  559.6
   33.2  23370  -61.2  -89.1      1   0.00     80   17.0  560.6  560.6  560.6
   33.1  23380  -61.3  -89.1      1   0.00     79   17.1  561.0  561.1  561.0
   33.0  23407  -61.4  -89.3      1   0.00     78   17.7  561.1  561.1  561.1
   32.9  23424  -61.4  -89.3      1   0.00     77   18.1  561.5  561.6  561.5
   32.8  23445  -61.5  -89.3      1   0.00     76   18.6  562.0  562.0  562.0
   32.7  23463  -61.4  -89.3      1   0.00     75   19.2  562.5  562.6  562.5
   32.6  23474  -61.5  -89.3      1   0.00     74   19.4  562.9  563.0  562.9
   32.5  23496  -61.5  -89.3      1   0.00     73   19.9  563.4  563.4  563.4
   32.4  23516  -61.5  -89.3      1   0.00     72   20.4  563.9  563.9  563.9
   32.3  23536  -61.5  -89.2      1   0.00     72   20.7  564.4  564.5  564.4
   32.2  23556  -61.5  -89.3      1   0.00     71   21.0  564.7  564.8  564.7
   32.1  23577  -61.6  -89.3      1   0.00     71   21.2  565.0  565.1  565.0
   32.0  23596  -61.7  -89.4      1   0.00     72   21.2  565.2  565.3  565.2
   31.9  23617  -61.8  -89.5      1   0.00     72   21.1  565.5  565.5  565.5
   31.8  23628  -61.8  -89.5      1   0.00     73   21.0  565.9  566.0  566.0
   31.7  23648  -61.7  -89.4      1   0.00     74   20.8  566.8  566.9  566.8
   31.6  23669  -61.5  -89.3      1   0.00     75   20.5  568.0  568.0  568.0
   31.5  23689  -61.6  -89.4      1   0.00     76   20.2  568.0  568.1  568.0
   31.4  23708  -61.8  -89.4      1   0.00     77   19.9  568.2  568.2  568.2
   31.3  23727  -61.9  -89.4      1   0.00     78   19.6  568.2  568.3  568.3
   31.2  23746  -62.0  -89.4      1   0.00     79   19.4  568.5  568.5  568.5
   31.1  23767  -62.2  -89.4      1   0.00     81   19.3  568.7  568.8  568.7
   31.0  23787  -62.3  -89.5      1   0.00     82   19.3  568.9  569.0  568.9
   30.9  23805  -62.2  -89.5      1   0.00     83   19.5  569.7  569.7  569.7
   30.8  23825  -62.1  -89.4      1   0.00     84   19.8  570.4  570.4  570.4
   30.7  23845  -62.2  -89.6      1   0.00     85   20.1  570.7  570.7  570.7
   30.6  23871  -62.3  -89.7      1   0.00     86   20.8  571.1  571.1  571.1
   30.5  23890  -62.2  -89.7      1   0.00     86   21.2  571.7  571.7  571.7
   30.4  23909  -62.4  -89.8      1   0.00     86   21.6  571.8  571.9  571.8
   30.3  23926  -62.4  -89.9      1   0.00     86   22.0  572.2  572.3  572.2
   30.2  23952  -62.4  -89.9      1   0.00     86   22.6  572.9  572.9  572.9
   30.1  23970  -62.3  -89.9      1   0.00     86   23.0  573.7  573.7  573.7
   30.0  23997  -61.9  -89.8      1   0.00     85   23.7  575.4  575.4  575.4
   29.9  24013  -61.6  -89.7      1   0.00     85   23.9  576.6  576.6  576.6
   29.8  24030  -61.7  -89.8      1   0.00     85   24.2  577.0  577.1  577.0
   29.7  24054  -61.7  -89.8      1   0.00     85   24.8  577.5  577.5  577.5
   29.6  24070  -61.8  -89.8      1   0.00     86   25.2  577.9  577.9  577.9
   29.5  24093  -61.8  -89.9      1   0.00     86   25.9  578.3  578.3  578.3
   29.4  24117  -61.7  -89.8      1   0.00     88   26.7  579.1  579.1  579.1
   29.3  24139  -61.7  -90.0      1   0.00     89   27.3  579.6  579.7  579.6
   29.2  24154  -61.6  -90.1      1   0.00     91   27.6  580.5  580.5  580.5
   29.1  24176  -61.0  -89.9      1   0.00     92   27.9  582.9  582.9  582.9
   29.0  24197  -60.5  -89.9      1   0.00     94   28.1  584.9  584.9  584.9
   28.9  24224  -59.9  -89.7      1   0.00     95   28.1  586.9  586.9  586.9
   28.8  24245  -59.8  -89.7      1   0.00     95   28.1  588.0  588.0  588.0
   28.7  24264  -59.6  -89.5      1   0.00     95   28.1  589.1  589.1  589.1
   28.6  24283  -59.2  -89.3      1   0.00     95   28.2  590.7  590.7  590.7
   28.5  24311  -58.7  -89.0      1   0.01     95   28.3  592.6  592.7  592.6
   28.4  24331  -58.5  -88.8      1   0.01     94   28.5  593.9  594.0  593.9
   28.3  24352  -58.3  -88.6      1   0.01     93   28.8  594.8  594.9  594.8
   28.2  24372  -58.3  -88.5      1   0.01     93   29.2  595.5  595.5  595.5
   28.1  24398  -58.2  -88.5      1   0.01     94   29.4  596.4  596.5  596.4
   28.0  24419  -57.9  -88.4      1   0.01     95   29.4  597.7  597.8  597.7
   27.9  24442  -57.7  -88.3      1   0.01     96   29.1  599.1  599.2  599.1
   27.8  24465  -57.4  -88.2      1   0.01     97   28.9  600.6  600.7  600.6
   27.7  24490  -57.1  -88.2      1   0.01     99   28.7  601.9  601.9  601.9
   27.6  24507  -56.9  -88.1      1   0.01    100   28.5  603.2  603.3  603.2
   27.5  24532  -56.4  -87.9      1   0.01    101   28.4  605.2  605.2  605.2
   27.4  24559  -56.0  -87.7      1   0.01    102   28.3  607.0  607.0  607.0
   27.3  24577  -55.7  -87.6      1   0.01    102   28.2  608.3  608.4  608.3
   27.2  24605  -55.4  -87.3      1   0.01    101   28.1  610.0  610.0  610.0
   27.1  24623  -55.3  -87.2      1   0.01    101   28.1  610.6  610.7  610.6
   27.0  24653  -55.5  -87.0      1   0.01    100   28.2  610.9  611.0  610.9
   26.9  24674  -55.6  -87.0      1   0.01     99   28.4  611.1  611.2  611.1
   26.8  24695  -55.8  -86.9      1   0.01     99   28.7  611.3  611.4  611.3
   26.7  24725  -56.0  -86.9      1   0.01     98   29.2  611.3  611.4  611.3
   26.6  24743  -56.1  -87.0      1   0.01     97   29.5  611.7  611.7  611.7
   26.5  24774  -56.1  -87.0      1   0.01     97   30.0  612.4  612.5  612.4
   26.4  24795  -55.9  -86.9      1   0.01     97   30.2  613.6  613.7  613.6
   26.3  24815  -56.0  -87.0      1   0.01     97   30.4  614.0  614.1  614.0
   26.2  24847  -55.9  -86.9      1   0.01     99   30.5  615.1  615.2  615.1
   26.1  24868  -55.8  -86.9      1   0.01    100   30.5  615.9  615.9  615.9
   26.0  24888  -55.9  -86.9      1   0.01    101   30.3  616.4  616.5  616.4
   25.9  24920  -56.0  -87.1      1   0.01    102   29.9  616.7  616.7  616.7
   25.8  24940  -56.0  -87.1      1   0.01    103   29.5  617.3  617.4  617.3
   25.7  24959  -55.7  -86.9      1   0.01    104   29.2  618.8  618.9  618.9
   25.6  24990  -55.7  -87.0      1   0.01    105   28.7  619.6  619.6  619.6
   25.5  25009  -55.7  -87.0      1   0.01    105   28.3  620.4  620.5  620.4
   25.4  25038  -55.5  -86.9      1   0.01    106   27.8  621.7  621.7  621.7
   25.3  25067  -55.6  -87.0      1   0.01    106   27.5  622.1  622.2  622.1
   25.2  25086  -55.4  -87.0      1   0.01    106   27.5  623.2  623.3  623.2
   25.1  25112  -55.0  -86.8      1   0.01    105   27.6  625.2  625.2  625.2
   25.0  25139  -54.9  -86.8      1   0.01    105   27.7  626.2  626.3  626.2
   24.9  25166  -54.8  -86.8      1   0.01    104   27.8  627.3  627.3  627.3
   24.8  25192  -54.6  -86.6      1   0.01    104   27.8  628.4  628.5  628.4
   24.7  25218  -54.4  -86.5      1   0.01    103   27.7  629.8  629.9  629.8
   24.6  25245  -54.4  -86.5      1   0.01    103   27.4  630.5  630.6  630.5
   24.5  25271  -54.3  -86.5      1   0.01    102   26.7  631.4  631.5  631.4
   24.4  25298  -54.1  -86.5      1   0.01    102   25.8  632.8  632.9  632.8
   24.3  25316  -53.8  -86.3      1   0.01    101   25.1  634.6  634.7  634.6
   24.2  25344  -53.4  -86.1      1   0.01    101   24.3  636.3  636.4  636.3
   24.1  25371  -53.4  -86.0      1   0.01    101   23.2  637.1  637.2  637.1
   24.0  25398  -53.4  -85.9      1   0.01    101   22.4  637.9  638.0  637.9
   23.9  25426  -53.4  -85.8      1   0.01    101   22.1  638.7  638.8  638.7
   23.8  25455  -53.4  -85.8      1   0.01    101   21.9  639.4  639.5  639.4
   23.7  25484  -53.4  -85.7      1   0.01    101   21.9  640.2  640.4  640.2
   23.6  25513  -53.4  -85.7      1   0.01    101   22.0  640.8  640.9  640.8
   23.5  25534  -53.4  -85.7      1   0.01    101   22.2  641.7  641.8  641.7
   23.4  25565  -53.4  -85.7      1   0.01    100   22.5  642.4  642.5  642.4
   23.3  25586  -53.5  -85.8      1   0.01    100   22.6  642.9  643.0  642.9
   23.2  25619  -53.5  -85.9      1   0.01    100   22.8  643.6  643.7  643.6
   23.1  25652  -53.2  -85.8      1   0.01    100   22.6  645.5  645.6  645.5
   23.0  25673  -53.0  -85.8      1   0.01     99   22.4  646.7  646.8  646.7
   22.9  25707  -52.8  -85.8      1   0.01     98   21.7  648.4  648.5  648.4
   22.8  25729  -52.3  -85.6      1   0.01     97   21.3  650.5  650.6  650.5
   22.7  25763  -52.3  -85.7      1   0.01     93   20.6  651.3  651.4  651.3
   22.6  25785  -52.3  -85.7      1   0.01     90   20.4  652.2  652.3  652.2
   22.5  25817  -52.0  -85.6      1   0.01     85   20.4  653.9  654.0  653.9
   22.4  25849  -51.7  -85.6      1   0.01     80   20.7  655.7  655.8  655.7
   22.3  25870  -51.5  -85.5      1   0.01     77   21.1  657.1  657.2  657.1
   22.2  25901  -50.9  -85.1      1   0.01     74   21.7  659.7  659.8  659.7
   22.1  25933  -50.3  -84.8      1   0.01     72   22.3  662.3  662.4  662.3
   22.0  25966  -50.4  -84.8      1   0.01     70   22.8  662.8  663.0  662.8
   21.9  25987  -50.5  -84.8      1   0.01     70   23.2  663.3  663.5  663.3
   21.8  26020  -50.6  -84.7      1   0.01     69   23.8  664.1  664.2  664.1
   21.7  26053  -50.4  -84.5      1   0.01     68   24.3  665.4  665.5  665.4
   21.6  26086  -50.3  -84.3      1   0.02     67   24.7  666.7  666.8  666.7
   21.5  26107  -50.3  -84.3      1   0.02     67   25.0  667.6  667.7  667.6
   21.4  26141  -50.4  -84.3      1   0.02     67   25.3  668.1  668.3  668.1
   21.3  26174  -50.4  -84.3      1   0.02     67   25.7  669.0  669.2  669.0
   21.2  26207  -50.5  -84.3      1   0.02     67   26.2  669.6  669.7  669.6
   21.1  26229  -50.5  -84.3      1   0.02     67   26.5  670.4  670.5  670.4
   21.0  26262  -50.4  -84.2      1   0.02     67   27.0  671.6  671.7  671.6
   20.9  26294  -50.6  -84.3      1   0.02     68   27.4  672.1  672.3  672.1
   20.8  26326  -50.7  -84.4      1   0.02     69   27.5  672.5  672.7  672.5
   20.7  26359  -50.6  -84.4      1   0.02     70   27.4  673.8  674.0  673.8
   20.6  26392  -50.5  -84.3      1   0.02     72   27.0  675.2  675.4  675.2
   20.5  26422  -50.4  -84.4      1   0.02     74   26.6  676.4  676.6  676.5
   20.4  26454  -50.2  -84.3      1   0.02     76   26.2  677.8  677.9  677.8
   20.3  26485  -50.2  -84.4      1   0.02     77   25.9  678.9  679.1  678.9
   20.2  26517  -50.1  -84.4      1   0.02     78   25.7  680.2  680.4  680.3
   20.1  26549  -49.9  -84.3      1   0.02     79   25.7  681.8  681.9  681.8
   20.0  26593  -49.6  -84.1      1   0.02     79   25.9  683.6  683.8  683.7
   19.9  26615  -49.6  -84.0      1   0.02     80   26.3  684.6  684.8  684.6
   19.8  26647  -49.7  -84.0      1   0.02     80   26.8  685.1  685.3  685.1
   19.7  26680  -49.9  -83.9      1   0.02     81   27.2  685.7  685.9  685.7
   19.6  26712  -50.0  -83.9      1   0.02     81   27.4  686.4  686.6  686.4
   19.5  26747  -50.2  -83.9      1   0.02     82   27.5  686.7  686.9  686.7
   19.4  26780  -50.4  -84.0      1   0.02     82   27.5  687.0  687.2  687.0
   19.3  26816  -50.6  -84.1      1   0.02     83   27.4  687.4  687.6  687.4
   19.2  26852  -50.8  -84.2      1   0.02     84   27.2  687.8  688.0  687.8
   19.1  26887  -51.0  -84.2      1   0.02     85   26.9  688.2  688.4  688.2
   19.0  26912  -51.1  -84.3      1   0.02     86   26.7  689.0  689.2  689.0
   18.9  26949  -51.2  -84.4      1   0.02     87   26.2  689.8  689.9  689.8
   18.8  26987  -51.5  -84.6      1   0.02     89   25.5  689.9  690.1  689.9
   18.7  27014  -51.5  -84.7      1   0.02     91   25.1  691.0  691.2  691.0
   18.6  27056  -51.1  -84.6      1   0.02     92   24.3  693.1  693.2  693.1
   18.5  27083  -51.0  -84.5      1   0.02     92   23.8  694.5  694.7  694.5
   18.4  27124  -51.1  -84.6      1   0.02     93   23.1  695.4  695.6  695.4
   18.3  27167  -51.3  -84.7      1   0.02     92   22.5  695.8  695.9  695.8
   18.2  27194  -51.5  -84.7      1   0.02     92   22.2  696.4  696.6  696.4
   18.1  27238  -51.7  -84.7      1   0.02     91   21.9  696.8  697.0  696.8
   18.0  27266  -51.7  -84.6      1   0.02     90   21.9  697.7  697.9  697.7
   17.9  27310  -52.0  -84.7      1   0.02     89   22.0  698.2  698.3  698.2
   17.8  27338  -52.1  -84.7      1   0.02     88   22.2  698.9  699.1  698.9
   17.7  27380  -52.3  -84.9      1   0.02     87   22.7  699.3  699.5  699.3
   17.6  27409  -52.4  -84.9      1   0.02     86   23.0  700.3  700.4  700.3
   17.5  27451  -52.4  -85.0      1   0.02     86   23.6  701.2  701.4  701.3
   17.4  27479  -52.4  -85.0      1   0.02     86   23.9  702.3  702.4  702.3
   17.3  27522  -52.6  -85.1      1   0.02     86   24.5  702.9  703.1  703.0
   17.2  27562  -52.8  -85.3      1   0.02     87   25.1  703.4  703.6  703.4
   17.1  27602  -52.9  -85.3      1   0.02     88   25.6  704.4  704.6  704.4
   17.0  27641  -52.9  -85.2      1   0.02     90   25.9  705.5  705.7  705.5
   16.9  27667  -53.0  -85.3      1   0.02     91   26.0  706.2  706.4  706.3
   16.8  27715  -53.3  -85.4      1   0.02     92   26.2  706.6  706.8  706.6
   16.7  27751  -53.5  -85.6      1   0.02     93   26.3  707.1  707.3  707.1
   16.6  27785  -53.6  -85.7      1   0.02     94   26.4  708.0  708.2  708.0
   16.5  27828  -53.6  -85.8      1   0.02     95   26.6  709.2  709.4  709.2
   16.4  27867  -53.4  -85.9      1   0.02     95   26.9  711.1  711.3  711.1
   16.3  27902  -53.1  -85.9      1   0.02     95   27.5  713.4  713.6  713.4
   16.2  27941  -52.9  -85.9      1   0.02     93   28.6  715.4  715.5  715.4
   16.1  27983  -52.3  -85.8      1   0.02     91   30.0  718.4  718.6  718.5
   16.0  28019  -51.8  -85.6      1   0.02     90   31.0  721.6  721.7  721.6
   15.9  28062  -51.1  -85.5      1   0.02     86   32.6  725.0  725.2  725.0
   15.8  28101  -49.8  -85.0      1   0.02     86   34.0  730.4  730.6  730.4
   15.7  28146  -48.7  -84.5      1   0.02     87   33.1  735.4  735.6  735.4
   15.6  28186  -48.5  -84.1      1   0.02     89   32.2  737.6  737.8  737.6
   15.5  28232  -48.4  -84.1      1   0.02     91   31.7  739.3  739.6  739.3
   15.4  28277  -47.3  -83.6      1   0.02     92   31.6  744.0  744.3  744.0
   15.3  28315  -46.9  -83.5      1   0.02     93   31.4  746.8  747.1  746.9
   15.2  28360  -46.7  -83.2      1   0.03     94   31.1  749.0  749.3  749.0
   15.1  28408  -46.7  -83.1      1   0.03     94   30.7  750.2  750.5  750.2
   15.0  28444  -46.7  -82.9      1   0.03     94   30.5  751.6  752.0  751.7
   14.9  28498  -46.8  -82.8      1   0.03     94   30.4  753.0  753.3  753.0
   14.8  28540  -46.9  -82.8      1   0.03     93   30.4  753.8  754.2  753.8
   14.7  28582  -47.2  -82.8      1   0.03     93   30.5  754.5  754.8  754.5
   14.6  28625  -47.4  -83.0      1   0.03     92   30.7  755.1  755.4  755.1
   14.5  28669  -47.5  -83.1      1   0.03     91   31.0  756.2  756.6  756.3
   14.4  28713  -47.5  -83.1      1   0.03     89   31.2  757.9  758.3  758.0
   14.3  28770  -47.2  -83.1      1   0.03     88   31.0  760.6  760.9  760.6
   14.2  28812  -46.8  -83.0      1   0.03     87   30.5  763.3  763.6  763.3
   14.1  28855  -46.6  -83.0      1   0.03     87   29.6  765.5  765.8  765.5
   14.0  28897  -46.6  -83.0      1   0.03     87   28.6  766.9  767.2  766.9
   13.9  28950  -46.6  -82.9      1   0.03     88   27.3  768.6  768.9  768.6
   13.8  29002  -46.7  -82.9      1   0.03     89   26.2  770.0  770.4  770.1
   13.7  29040  -46.5  -82.7      1   0.03     89   25.5  772.2  772.5  772.2
   13.6  29097  -46.7  -82.9      1   0.03     89   24.7  773.1  773.4  773.1
   13.5  29143  -46.8  -83.1      1   0.03     88   24.3  774.3  774.7  774.4
   13.4  29188  -46.6  -83.0      1   0.03     86   24.2  776.9  777.2  776.9
   13.3  29241  -45.9  -82.8      1   0.03     82   24.5  780.8  781.2  780.8
   13.2  29291  -45.9  -82.8      1   0.03     78   24.9  782.4  782.8  782.4
   13.1  29342  -45.4  -82.5      1   0.03     75   24.8  785.9  786.3  785.9
   13.0  29389  -45.5  -82.6      1   0.03     72   24.4  787.1  787.5  787.1
   12.9  29447  -45.4  -82.6      1   0.03     69   23.9  789.4  789.8  789.4
   12.8  29495  -45.0  -82.6      1   0.03     66   24.3  792.4  792.8  792.4
   12.7  29543  -44.0  -82.2      1   0.04     63   25.3  797.8  798.2  797.8
   12.6  29600  -43.8  -82.0      1   0.04     62   26.4  800.4  800.9  800.4
   12.5  29655  -43.8  -81.8      1   0.04     63   27.3  802.1  802.6  802.1
   12.4  29707  -44.0  -81.8      1   0.04     64   28.2  803.3  803.7  803.3
   12.3  29758  -44.2  -81.8      1   0.04     64   28.8  804.4  804.9  804.4
   12.2  29814  -44.3  -81.9      1   0.04     62   28.5  806.1  806.5  806.1
   12.1  29869  -44.4  -82.0      1   0.04     60   27.3  807.6  808.1  807.6
   12.0  29926  -44.3  -81.9      1   0.04     57   26.0  809.9  810.4  809.9
   11.9  29986  -44.4  -82.0      1   0.04     55   25.4  811.3  811.8  811.4
   11.8  30034  -44.5  -82.0      1   0.04     54   25.5  812.8  813.3  812.9
   11.7  30092  -44.5  -81.9      1   0.04     55   26.0  815.0  815.5  815.0
   11.6  30155  -44.9  -82.0      1   0.04     55   27.2  815.5  816.0  815.5
   11.5  30207  -45.3  -82.2      1   0.04     54   28.1  816.2  816.7  816.2
   11.4  30271  -45.8  -82.5      1   0.04     53   28.6  816.4  816.9  816.5
   11.3  30324  -45.1  -82.3      1   0.04     52   28.6  820.8  821.3  820.8
   11.2  30390  -45.1  -82.3      1   0.04     53   28.5  822.9  823.4  822.9
   11.1  30445  -45.4  -82.3      1   0.04     54   28.5  824.1  824.6  824.1
   11.0  30503  -45.9  -82.4      1   0.04     55   28.6  824.3  824.8  824.3
   10.9  30566  -46.4  -82.4      1   0.04     57   28.8  824.5  825.0  824.5
   10.8  30627  -47.1  -82.6      1   0.04     58   29.5  824.4  824.9  824.4
   10.7  30687  -47.7  -82.8      1   0.04     59   30.2  824.4  824.9  824.4
   10.6  30747  -48.2  -83.1      1   0.04     60   31.0  824.5  825.0  824.6
   10.5  30815  -48.8  -83.4      1   0.04     63   31.4  824.6  825.0  824.6
   10.4  30869  -49.2  -83.8      1   0.03     66   31.1  825.3  825.8  825.4
   10.3  30936  -49.2  -83.9      1   0.03     69   30.0  827.6  828.0  827.6
   10.2  31000  -49.4  -84.2      1   0.03     71   28.9  829.5  829.9  829.5
   10.1  31066  -49.1  -84.2      1   0.03     74   28.5  832.6  833.1  832.7
   10.0  31156  -48.0  -84.1      1   0.03     83   26.8  839.3  839.7  839.3
    9.9  31193  -47.5  -84.1      1   0.03     87   26.0  843.6  844.0  843.6
    9.8  31256  -46.8  -83.7      1   0.04     92   25.7  848.8  849.3  848.8
    9.7  31326  -45.9  -83.2      1   0.04     88   28.3  854.3  854.9  854.4
    9.6  31394  -45.8  -82.7      1   0.04     86   31.3  857.3  857.9  857.3
