Latitude: 22.312 Longitude: 114.17
-----------------------------------------------------------------------------
   PRES   HGHT   TEMP   DWPT   RELH   MIXR   DRCT   SPED   THTA   THTE   THTV
    hPa      m      C      C      %   g/kg    deg    m/s      K      K      K 
-----------------------------------------------------------------------------
 1000.0     57                                                               
  999.1     66   32.9   27.0     71  22.98    230    0.3  306.1  375.8  310.3
  997.1     84   31.5   26.3     74  22.06    265    1.3  304.9  371.4  308.9
  996.2     92   31.5   26.2     73  21.92    267    1.6  305.0  371.1  309.0
  995.1    102   31.6   26.0     72  21.72    269    1.7  305.2  370.8  309.2
  994.0    111   31.7   25.9     72  21.64    271    1.9  305.3  370.6  309.3
  993.1    120   31.4   25.9     73  21.64    274    2.1  305.1  370.4  309.1
  992.1    129   31.3   25.9     73  21.63    276    2.2  305.1  370.4  309.1
  991.0    139   31.3   25.8     73  21.57    278    2.4  305.2  370.3  309.1
  990.1    148   31.1   25.8     74  21.58    279    2.5  305.1  370.2  309.0
  989.1    156   30.8   25.7     74  21.46    280    2.6  304.9  369.5  308.8
  988.1    165   30.6   25.6     75  21.41    281    2.7  304.8  369.2  308.7
  987.2    174   30.7   25.7     74  21.46    281    2.8  305.0  369.7  308.9
  986.4    181   30.8   25.7     74  21.57    280    2.9  305.1  370.2  309.0
  985.7    188   30.6   25.9     76  21.82    279    2.9  305.0  370.9  309.0
  984.8    196   30.4   26.1     77  22.06    278    3.0  304.9  371.4  308.9
  984.1    202   30.3   26.1     78  22.13    276    3.0  304.8  371.5  308.8
  983.5    208   30.2   26.0     78  21.98    274    3.1  304.7  371.0  308.7
  982.8    214   30.0   25.8     78  21.80    271    3.2  304.7  370.3  308.6
  982.1    220   29.9   25.4     77  21.23    269    3.3  304.6  368.4  308.4
  981.3    227   29.8   25.1     76  20.89    267    3.4  304.6  367.4  308.4
  980.4    236   29.8   25.1     76  20.88    265    3.5  304.6  367.4  308.4
  979.5    244   29.7   25.0     76  20.73    263    3.7  304.7  367.0  308.4
  978.7    251   29.7   24.9     75  20.61    261    3.8  304.7  366.7  308.4
  977.9    259   29.7   24.9     76  20.72    259    3.9  304.7  367.1  308.5
  976.9    268   29.6   24.9     76  20.73    258    4.0  304.8  367.1  308.5
  976.0    276   29.6   24.9     76  20.73    256    4.1  304.8  367.2  308.6
  975.1    285   29.5   24.9     76  20.77    254    4.2  304.8  367.3  308.6
  974.1    294   29.4   24.9     77  20.80    252    4.2  304.8  367.4  308.6
  973.2    302   29.3   24.8     77  20.72    249    4.2  304.8  367.2  308.6
  972.3    310   29.3   24.7     76  20.53    247    4.1  304.9  366.7  308.6
  971.5    318   29.3   24.6     76  20.48    244    4.0  304.9  366.5  308.6
  970.7    325   29.2   24.6     76  20.42    242    3.8  305.0  366.4  308.7
  969.9    333   29.2   24.4     75  20.23    240    3.5  305.0  365.9  308.7
  969.1    340   29.3   24.2     74  20.04    238    3.3  305.1  365.5  308.8
  968.3    348   29.2   24.3     75  20.10    236    3.0  305.2  365.7  308.8
  967.3    356   29.2   24.2     75  20.09    235    2.7  305.2  365.7  308.9
  966.5    364   29.2   24.0     74  19.85    235    2.4  305.3  365.0  308.9
  965.7    371   29.2   23.6     72  19.30    237    2.1  305.4  363.5  308.9
  964.8    379   29.2   23.4     71  19.07    241    1.9  305.5  363.0  309.0
  964.0    387   29.2   23.2     70  18.93    248    1.7  305.6  362.7  309.0
  963.2    395   29.2   23.2     70  18.90    256    1.7  305.6  362.6  309.1
  962.3    403   29.2   23.2     70  18.90    265    1.8  305.6  362.6  309.1
  961.5    411   29.1   23.2     71  18.93    272    1.9  305.6  362.7  309.1
  960.6    419   29.0   23.2     71  18.93    277    2.2  305.7  362.8  309.1
  959.7    427   29.0   23.2     71  19.03    280    2.5  305.7  363.1  309.2
  958.7    436   28.9   23.4     72  19.28    281    2.8  305.7  363.8  309.2
  957.6    446   28.8   23.4     73  19.24    282    3.2  305.7  363.7  309.2
  956.6    456   28.7   23.2     72  19.04    281    3.5  305.7  363.2  309.2
  955.7    465   28.7   23.1     72  18.96    281    3.8  305.8  363.0  309.2
  954.8    473   28.6   23.0     72  18.80    280    4.2  305.8  362.5  309.2
  953.9    482   28.6   22.6     70  18.42    279    4.4  305.8  361.4  309.2
  952.9    491   28.6   22.2     68  17.93    278    4.7  306.0  360.1  309.2
  951.9    500   28.6   22.0     67  17.71    277    4.9  306.1  359.5  309.3
  951.0    508   28.6   21.8     67  17.56    277    5.1  306.1  359.1  309.3
  950.1    516   28.5   21.8     67  17.56    277    5.2  306.1  359.2  309.3
  949.2    525   28.4   21.9     68  17.73    276    5.3  306.1  359.7  309.4
  948.1    535   28.3   22.0     69  17.85    277    5.3  306.1  360.0  309.4
  946.8    547   28.2   21.8     68  17.60    277    5.3  306.1  359.3  309.4
  945.4    561   28.2   21.5     67  17.35    277    5.3  306.2  358.6  309.4
  943.9    575   28.1   21.3     67  17.13    278    5.2  306.3  358.0  309.4
  942.7    587   28.0   21.1     66  16.97    279    5.1  306.3  357.6  309.4
  941.6    597   28.0   21.1     66  16.94    280    4.9  306.4  357.6  309.5
  940.6    607   27.9   21.1     66  16.95    282    4.8  306.4  357.6  309.5
  939.7    615   27.8   21.0     66  16.87    283    4.6  306.4  357.3  309.5
  938.8    624   27.8   20.8     66  16.75    284    4.5  306.4  357.0  309.5
  937.8    633   27.7   20.8     66  16.69    285    4.3  306.4  356.9  309.5
  936.9    641   27.6   20.7     66  16.65    286    4.1  306.4  356.8  309.5
  936.0    650   27.5   20.7     66  16.65    287    3.9  306.4  356.7  309.5
  935.1    658   27.5   20.7     66  16.62    288    3.7  306.4  356.7  309.5
  934.1    668   27.4   20.6     67  16.60    289    3.5  306.4  356.6  309.5
  933.1    677   27.3   20.7     67  16.65    289    3.3  306.5  356.8  309.5
  932.2    686   27.2   20.7     68  16.75    290    3.1  306.5  357.1  309.5
  931.3    695   27.2   20.8     68  16.85    291    3.0  306.5  357.4  309.6
  930.3    704   27.1   20.8     69  16.88    292    2.8  306.5  357.5  309.6
  929.3    714   27.0   20.9     69  16.94    293    2.7  306.5  357.7  309.6
  928.2    724   26.8   20.8     69  16.89    295    2.6  306.4  357.5  309.5
  927.3    733   26.8   20.7     69  16.80    297    2.5  306.4  357.2  309.5
  926.5    740   26.7   21.0     71  17.11    300    2.5  306.4  358.2  309.6
  925.6    749   26.6   21.6     74  17.84    303    2.5  306.4  360.3  309.7
  925.0    755   26.5   22.1     77  18.43    303    2.5  306.3  362.1  309.7
  924.7    758   26.4   22.4     79  18.74    306    2.5  306.3  363.0  309.8
  923.8    766   26.3   22.5     80  18.88    310    2.5  306.3  363.3  309.7
  922.8    776   26.2   22.5     80  18.92    313    2.5  306.2  363.4  309.7
  921.7    787   26.0   22.6     81  19.04    316    2.5  306.2  363.8  309.7
  920.7    796   25.9   22.6     82  19.09    319    2.5  306.2  363.9  309.7
  919.8    805   25.8   22.7     83  19.18    321    2.4  306.2  364.2  309.7
  918.8    814   25.8   22.7     83  19.29    323    2.4  306.2  364.5  309.7
  917.9    823   25.7   22.7     83  19.21    325    2.4  306.2  364.3  309.7
  917.1    831   25.6   22.6     83  19.14    326    2.4  306.2  364.1  309.7
  916.1    840   25.5   22.7     84  19.24    326    2.4  306.3  364.4  309.8
  915.1    850   25.5   22.7     85  19.29    326    2.4  306.3  364.6  309.8
  914.2    859   25.4   22.7     85  19.35    326    2.4  306.3  364.8  309.8
  913.4    867   25.3   22.7     86  19.38    326    2.4  306.3  364.9  309.8
  912.6    875   25.3   22.6     85  19.24    326    2.5  306.3  364.5  309.8
  911.6    884   25.3   22.5     84  19.11    325    2.5  306.4  364.2  309.9
  910.6    894   25.2   22.5     85  19.12    325    2.6  306.5  364.3  310.0
  909.7    903   25.2   22.4     84  19.04    325    2.7  306.5  364.1  310.0
  908.7    912   25.1   22.1     83  18.78    325    2.8  306.6  363.4  310.0
  907.7    922   25.2   21.9     82  18.55    325    2.9  306.7  362.8  310.1
  906.7    931   25.1   22.0     83  18.64    324    2.9  306.7  363.2  310.1
  905.8    940   25.0   22.0     83  18.69    323    3.0  306.7  363.3  310.1
  905.0    949   24.9   22.0     84  18.67    321    3.1  306.7  363.2  310.1
  904.1    957   24.8   21.9     84  18.62    319    3.1  306.7  363.0  310.1
  903.2    966   24.7   21.9     85  18.68    316    3.1  306.6  363.2  310.1
  902.2    975   24.6   21.9     85  18.62    312    3.1  306.7  363.0  310.1
  901.3    985   24.6   21.8     84  18.53    307    3.1  306.7  362.8  310.1
  900.4    993   24.5   21.7     84  18.43    302    3.2  306.7  362.5  310.1
  899.5   1002   24.5   21.6     84  18.31    296    3.2  306.8  362.2  310.1
  898.6   1011   24.4   21.6     84  18.33    290    3.3  306.8  362.3  310.1
  897.5   1021   24.3   21.5     84  18.25    285    3.3  306.8  362.1  310.1
  896.5   1031   24.2   21.4     84  18.20    280    3.4  306.8  361.9  310.1
  895.6   1040   24.2   21.3     84  18.14    275    3.4  306.8  361.7  310.1
  894.7   1049   24.1   21.0     83  17.74    271    3.4  306.9  360.6  310.1
  893.8   1057   24.1   20.8     82  17.58    268    3.3  306.9  360.2  310.1
  893.0   1066   24.0   20.8     82  17.57    266    3.2  306.9  360.1  310.1
  892.1   1074   24.0   20.5     81  17.26    265    3.1  307.0  359.3  310.1
  891.2   1084   24.0   20.2     80  17.00    265    3.0  307.1  358.6  310.2
  890.2   1093   24.0   20.1     79  16.90    267    2.8  307.1  358.4  310.2
  889.3   1102   23.9   19.9     78  16.64    269    2.7  307.2  357.6  310.2
  888.4   1112   23.9   19.2     75  16.00    273    2.6  307.3  355.8  310.2
  887.4   1121   23.9   19.3     75  16.08    278    2.5  307.3  356.1  310.3
  886.5   1130   23.8   19.8     78  16.57    283    2.5  307.3  357.6  310.3
  885.7   1138   23.7   19.3     76  16.10    288    2.6  307.3  356.1  310.3
  884.9   1146   23.7   18.5     73  15.35    292    2.7  307.4  354.0  310.2
  884.1   1154   23.7   18.4     72  15.22    295    2.8  307.5  353.7  310.3
  883.2   1162   23.6   18.4     73  15.28    297    3.0  307.5  353.9  310.3
  882.3   1172   23.5   18.4     73  15.30    298    3.1  307.5  353.9  310.3
  881.3   1182   23.5   18.4     73  15.27    298    3.3  307.5  353.9  310.3
  880.4   1191   23.4   18.4     73  15.26    298    3.4  307.5  353.9  310.3
  879.4   1200   23.3   18.3     73  15.24    298    3.5  307.6  353.8  310.4
  878.5   1209   23.3   18.3     73  15.20    298    3.5  307.6  353.7  310.4
  877.7   1218   23.2   18.3     74  15.23    297    3.6  307.6  353.8  310.4
  876.8   1226   23.1   18.3     75  15.31    297    3.7  307.6  354.1  310.4
  875.9   1236   23.0   18.4     75  15.40    296    3.8  307.6  354.3  310.4
  874.9   1245   22.9   18.4     76  15.45    296    3.9  307.6  354.5  310.4
  873.9   1255   22.9   18.4     76  15.43    296    4.0  307.6  354.5  310.5
  872.9   1265   22.8   18.3     76  15.36    295    4.1  307.7  354.3  310.5
  871.9   1275   22.7   18.3     76  15.34    295    4.3  307.7  354.3  310.5
  871.0   1284   22.6   18.4     77  15.45    295    4.4  307.7  354.6  310.5
  870.3   1291   22.6   18.4     77  15.50    295    4.5  307.7  354.8  310.5
  869.6   1299   22.5   18.3     77  15.44    295    4.7  307.7  354.6  310.5
  868.8   1306   22.4   18.2     77  15.29    295    4.8  307.7  354.2  310.5
  868.0   1314   22.4   18.0     76  15.17    295    4.8  307.7  353.8  310.5
  867.2   1322   22.3   17.9     76  15.09    295    4.9  307.8  353.6  310.5
  866.3   1332   22.3   18.0     77  15.16    295    4.8  307.8  353.8  310.6
  865.3   1342   22.2   18.0     77  15.21    296    4.8  307.8  354.0  310.6
  864.3   1352   22.1   18.0     78  15.24    296    4.7  307.8  354.1  310.6
  863.3   1362   22.0   18.0     78  15.24    297    4.6  307.8  354.1  310.6
  862.3   1372   21.9   18.1     79  15.32    297    4.5  307.8  354.4  310.7
  861.2   1383   21.9   18.1     79  15.39    297    4.4  307.9  354.7  310.7
  860.2   1393   21.7   18.1     80  15.33    297    4.3  307.8  354.4  310.7
  859.4   1402   21.6   18.1     80  15.38    297    4.3  307.8  354.6  310.6
  858.5   1411   21.6   18.1     81  15.37    297    4.2  307.8  354.5  310.7
  857.6   1419   21.5   18.0     80  15.28    296    4.2  307.9  354.3  310.7
  856.7   1429   21.5   17.8     80  15.16    296    4.2  307.9  354.0  310.7
  855.7   1439   21.4   17.8     80  15.18    296    4.3  308.0  354.1  310.8
  854.8   1448   21.3   17.8     80  15.21    296    4.3  308.0  354.2  310.8
  854.0   1456   21.3   17.9     81  15.30    297    4.4  308.0  354.5  310.8
  853.2   1464   21.2   18.0     82  15.40    298    4.5  308.0  354.8  310.8
  852.4   1473   21.1   18.0     83  15.42    300    4.6  308.0  354.9  310.8
  851.5   1481   21.0   17.9     82  15.34    303    4.7  308.0  354.7  310.8
  850.8   1489   20.9   17.9     83  15.39    306    4.8  308.0  354.8  310.8
  850.0   1497   20.9   18.0     84  15.49    306    4.8  308.0  355.1  310.9
  849.9   1498   20.9   18.0     84  15.50    308    4.9  308.0  355.1  310.9
  849.0   1507   20.8   18.1     85  15.59    311    5.1  308.0  355.4  310.9
  848.2   1515   20.7   18.1     85  15.58    314    5.2  308.0  355.4  310.9
  847.4   1523   20.7   18.1     85  15.59    316    5.3  308.0  355.4  310.9
  846.6   1532   20.6   18.0     85  15.57    317    5.5  308.0  355.4  310.9
  845.7   1541   20.5   17.9     85  15.48    318    5.5  308.1  355.2  310.9
  844.9   1549   20.5   17.6     83  15.21    317    5.6  308.2  354.4  311.0
  844.0   1558   20.6   17.4     82  14.94    316    5.6  308.3  353.8  311.1
  843.2   1566   20.6   17.2     81  14.79    314    5.6  308.4  353.5  311.2
  842.4   1575   20.6   17.0     80  14.67    311    5.6  308.5  353.2  311.2
  841.5   1585   20.6   16.9     79  14.52    307    5.6  308.6  352.9  311.3
  840.5   1595   20.6   16.7     78  14.39    303    5.6  308.7  352.6  311.4
  839.5   1604   20.6   16.4     77  14.08    298    5.7  308.8  351.8  311.4
  838.6   1614   20.6   16.2     76  13.96    293    5.8  308.9  351.5  311.5
  837.7   1623   20.6   15.8     74  13.57    289    5.9  309.0  350.4  311.5
  836.8   1632   20.6   14.9     70  12.84    286    6.1  309.1  348.4  311.5
  836.0   1641   20.6   14.5     68  12.54    283    6.2  309.2  347.6  311.5
  835.2   1649   20.6   14.6     69  12.65    280    6.4  309.2  348.0  311.6
  834.4   1658   20.5   14.8     70  12.81    279    6.5  309.2  348.5  311.6
  833.6   1666   20.5   14.9     70  12.88    278    6.6  309.3  348.7  311.7
  832.8   1674   20.4   14.9     71  12.91    278    6.6  309.3  348.9  311.7
  832.0   1682   20.4   14.7     70  12.71    277    6.6  309.4  348.3  311.8
  831.2   1690   20.4   14.6     69  12.66    278    6.5  309.4  348.3  311.8
  830.4   1699   20.3   14.3     68  12.42    278    6.4  309.5  347.6  311.8
  829.6   1708   20.4   13.7     66  11.99    278    6.2  309.6  346.4  311.8
  828.8   1716   20.5   13.8     65  12.03    277    6.0  309.8  346.8  312.0
  828.0   1725   20.5   14.0     66  12.19    276    5.8  309.9  347.4  312.2
  827.1   1734   20.5   13.9     66  12.20    274    5.5  310.0  347.5  312.2
  826.1   1744   20.4   13.8     66  12.09    272    5.2  310.0  347.2  312.3
  825.2   1754   20.4   13.7     65  12.01    268    5.0  310.1  347.0  312.3
  824.4   1763   20.3   13.6     66  12.00    264    4.8  310.1  347.0  312.3
  823.5   1771   20.2   13.4     65  11.85    259    4.7  310.1  346.6  312.3
  822.7   1779   20.1   13.5     66  11.93    253    4.6  310.1  346.8  312.3
  822.0   1787   20.1   14.0     68  12.29    248    4.7  310.1  347.9  312.4
  821.2   1795   20.0   14.3     70  12.58    244    4.7  310.1  348.8  312.5
  820.4   1804   19.9   14.3     70  12.62    240    4.8  310.1  348.9  312.5
  819.7   1811   19.9   14.4     71  12.67    236    5.0  310.1  349.1  312.5
  819.0   1819   19.8   14.3     70  12.59    234    5.1  310.1  348.8  312.5
  818.3   1827   19.8   14.1     70  12.43    231    5.1  310.2  348.4  312.5
  817.5   1835   19.7   14.0     69  12.39    229    5.1  310.2  348.4  312.6
  816.6   1844   19.7   14.0     70  12.39    227    5.1  310.3  348.4  312.6
  815.8   1852   19.6   13.9     69  12.32    225    5.0  310.3  348.3  312.6
  815.0   1861   19.6   13.7     69  12.17    224    4.8  310.3  347.8  312.6
  814.1   1871   19.5   13.3     67  11.89    222    4.6  310.4  347.0  312.6
  813.2   1880   19.5   13.0     66  11.69    220    4.3  310.5  346.5  312.7
  812.5   1888   19.5   13.0     66  11.66    218    4.0  310.5  346.5  312.7
  811.7   1896   19.5   13.6     69  12.17    216    3.7  310.6  348.1  312.9
  810.9   1904   19.4   14.1     71  12.54    215    3.3  310.6  349.3  313.0
  810.1   1913   19.5   13.2     67  11.89    214    3.0  310.8  347.5  313.0
  809.3   1922   19.6   12.5     63  11.30    215    2.7  311.0  345.9  313.1
  808.5   1930   19.6   12.4     63  11.25    219    2.4  311.0  345.8  313.1
  807.7   1939   19.5   12.3     63  11.24    225    2.2  311.1  345.8  313.2
  806.8   1948   19.5   12.4     64  11.27    234    2.1  311.1  346.0  313.2
  805.9   1958   19.4   12.3     64  11.25    245    2.1  311.2  346.0  313.3
  805.0   1967   19.3   12.3     64  11.25    255    2.3  311.2  346.0  313.3
  804.2   1976   19.3   12.3     64  11.24    263    2.5  311.2  346.0  313.3
  803.4   1984   19.2   12.3     64  11.30    269    2.9  311.2  346.2  313.3
  802.6   1994   19.1   12.6     66  11.54    273    3.3  311.2  346.9  313.4
  801.7   2003   19.0   12.7     67  11.61    275    3.6  311.2  347.1  313.4
  800.9   2011   18.9   12.9     68  11.78    277    3.9  311.2  347.6  313.4
  800.2   2019   18.8   13.1     69  11.93    278    4.2  311.2  348.0  313.4
  799.4   2027   18.8   13.2     70  12.02    278    4.3  311.2  348.3  313.4
  798.7   2036   18.7   13.1     70  11.93    278    4.3  311.2  348.1  313.4
  797.8   2045   18.6   13.0     70  11.87    278    4.3  311.2  347.9  313.4
  797.0   2054   18.6   13.0     70  11.86    278    4.1  311.2  347.9  313.5
  796.2   2063   18.5   13.1     71  11.95    277    3.8  311.3  348.2  313.5
  795.3   2072   18.4   13.1     71  12.04    276    3.5  311.3  348.5  313.5
  794.4   2081   18.3   13.2     72  12.06    274    3.1  311.3  348.6  313.6
  793.6   2090   18.3   13.0     71  11.94    272    2.7  311.4  348.3  313.6
  792.7   2100   18.3   12.7     70  11.74    271    2.3  311.4  347.7  313.6
  791.8   2110   18.2   12.7     70  11.71    269    1.9  311.5  347.7  313.7
  791.1   2118   18.2   12.7     70  11.76    267    1.6  311.5  347.9  313.7
  790.4   2125   18.1   12.8     71  11.85    267    1.3  311.5  348.1  313.7
  789.5   2134   18.1   12.8     71  11.86    269    1.1  311.6  348.3  313.8
  788.6   2145   18.0   12.9     72  11.94    274    0.9  311.6  348.6  313.9
  787.7   2154   18.0   12.7     71  11.84    283    0.8  311.7  348.3  313.9
  786.9   2163   17.9   12.7     71  11.78    295    0.8  311.7  348.2  313.9
  786.0   2173   17.9   12.7     72  11.87    305    0.8  311.8  348.5  314.0
  785.2   2182   17.9   12.7     72  11.82    312    0.9  311.8  348.5  314.0
  784.4   2190   17.8   12.6     72  11.80    316    1.1  311.8  348.4  314.1
  783.6   2199   17.7   12.6     72  11.78    317    1.2  311.9  348.4  314.1
  782.8   2209   17.7   12.5     72  11.72    316    1.2  311.9  348.2  314.1
  782.0   2217   17.7   12.3     71  11.57    314    1.3  312.0  347.9  314.2
  781.1   2226   17.7   12.1     70  11.46    310    1.4  312.1  347.6  314.2
  780.2   2236   17.6   12.0     70  11.38    305    1.4  312.1  347.5  314.3
  779.4   2245   17.6   11.9     69  11.30    300    1.5  312.2  347.2  314.3
  778.6   2254   17.5   11.8     69  11.23    295    1.6  312.2  347.1  314.3
  777.8   2263   17.5   11.7     69  11.19    291    1.7  312.2  347.0  314.3
  776.9   2273   17.4   11.7     69  11.21    288    1.8  312.3  347.1  314.4
  775.9   2284   17.3   11.8     70  11.27    287    2.0  312.3  347.3  314.4
  775.0   2293   17.2   11.8     70  11.27    287    2.2  312.3  347.3  314.4
  774.2   2302   17.1   11.7     70  11.26    288    2.3  312.3  347.3  314.4
  773.4   2312   17.1   11.7     71  11.23    290    2.5  312.3  347.2  314.4
  772.5   2321   17.0   11.7     71  11.23    292    2.6  312.3  347.2  314.4
  771.8   2330   16.9   11.7     71  11.25    294    2.7  312.3  347.3  314.4
  771.0   2338   16.8   11.6     71  11.21    295    2.7  312.3  347.1  314.4
  770.2   2347   16.7   11.6     72  11.21    297    2.7  312.3  347.1  314.4
  769.3   2357   16.6   11.5     72  11.17    297    2.6  312.3  347.1  314.4
  768.4   2366   16.6   11.4     72  11.12    295    2.4  312.4  346.9  314.4
  767.5   2376   16.5   11.4     72  11.07    292    2.2  312.4  346.8  314.5
  766.6   2387   16.4   11.4     72  11.11    286    2.0  312.4  347.0  314.5
  765.6   2398   16.3   11.4     73  11.13    277    1.8  312.4  347.0  314.5
  764.7   2408   16.2   11.4     73  11.13    265    1.8  312.4  347.0  314.5
  763.8   2418   16.1   11.3     73  11.12    252    1.8  312.4  347.0  314.5
  762.9   2428   16.1   11.2     73  11.03    242    2.0  312.5  346.8  314.5
  762.1   2437   16.0   11.1     72  10.93    235    2.3  312.5  346.5  314.5
  761.3   2446   15.9   11.0     73  10.93    231    2.6  312.5  346.5  314.6
  760.5   2455   15.8   11.0     73  10.95    230    2.8  312.5  346.6  314.6
  759.7   2463   15.8   11.0     73  10.90    230    3.1  312.5  346.4  314.6
  759.0   2472   15.7   11.0     73  10.90    232    3.3  312.5  346.4  314.6
  758.1   2482   15.6   10.7     73  10.76    235    3.4  312.6  346.1  314.6
  757.3   2491   15.6   10.5     72  10.61    239    3.5  312.6  345.7  314.6
  756.5   2500   15.5   10.6     72  10.66    244    3.6  312.6  345.8  314.6
  755.7   2509   15.4   10.8     74  10.83    250    3.6  312.6  346.3  314.7
  754.9   2518   15.3   11.0     75  11.00    256    3.7  312.6  346.9  314.7
  754.0   2527   15.3   11.0     76  11.03    263    3.7  312.7  347.0  314.7
  753.2   2537   15.2   11.0     76  11.00    270    3.8  312.7  346.9  314.7
  752.4   2546   15.1   10.9     76  10.95    276    3.8  312.7  346.8  314.7
  751.5   2556   15.0   10.7     75  10.84    282    4.0  312.7  346.4  314.7
  750.5   2567   14.9   10.6     75  10.75    287    4.1  312.7  346.2  314.7
  749.7   2577   14.9   10.6     75  10.75    291    4.2  312.7  346.2  314.7
  748.9   2586   14.8   10.6     76  10.77    295    4.3  312.7  346.2  314.7
  748.0   2595   14.7   10.7     77  10.87    297    4.3  312.7  346.6  314.8
  747.2   2605   14.6   10.8     78  10.93    297    4.4  312.7  346.7  314.8
  746.3   2615   14.5   10.9     79  11.07    297    4.4  312.7  347.2  314.8
  745.5   2624   14.4   10.8     79  10.97    296    4.3  312.8  346.9  314.8
  744.7   2633   14.4   10.4     77  10.68    294    4.3  312.8  346.1  314.8
  743.9   2643   14.4   10.3     76  10.62    292    4.2  312.9  346.0  314.9
  743.0   2652   14.4   10.2     76  10.58    288    4.2  313.0  346.0  315.0
  742.2   2662   14.3   10.2     76  10.56    285    4.1  313.1  346.0  315.0
  741.4   2671   14.3   10.1     76  10.55    281    4.1  313.1  346.0  315.1
  740.5   2681   14.3   10.1     76  10.56    278    4.2  313.2  346.1  315.1
  739.7   2691   14.2   10.1     77  10.58    276    4.2  313.2  346.2  315.2
  738.9   2700   14.1   10.1     77  10.59    275    4.3  313.2  346.2  315.2
  738.0   2709   14.0   10.1     77  10.55    274    4.4  313.2  346.1  315.2
  737.2   2719   14.0   10.0     77  10.51    274    4.4  313.2  346.0  315.2
  736.4   2729   13.9    9.9     77  10.46    276    4.5  313.2  345.9  315.2
  735.5   2738   13.8    9.9     77  10.46    278    4.5  313.3  345.9  315.2
  734.8   2747   13.7   10.0     78  10.54    281    4.5  313.3  346.2  315.2
  734.0   2756   13.6   10.1     79  10.62    284    4.4  313.2  346.4  315.2
  733.3   2764   13.5   10.0     79  10.60    287    4.3  313.2  346.3  315.2
  732.5   2774   13.4    9.9     79  10.52    292    4.2  313.2  346.1  315.2
  731.5   2785   13.4    9.7     78  10.38    296    3.9  313.3  345.7  315.3
  730.6   2796   13.4    9.5     78  10.29    301    3.7  313.4  345.6  315.3
  729.7   2806   13.3    9.5     78  10.31    307    3.4  313.5  345.7  315.4
  728.7   2817   13.3    9.5     78  10.32    314    3.1  313.5  345.8  315.5
  727.7   2828   13.2    9.5     78  10.30    322    2.8  313.6  345.8  315.5
  726.8   2839   13.1    9.4     78  10.25    332    2.5  313.6  345.6  315.5
  725.9   2850   13.0    9.2     78  10.13    342    2.3  313.6  345.3  315.5
  725.0   2860   13.0    8.8     76   9.87    353    2.2  313.6  344.5  315.5
  724.1   2871   12.9    8.5     75   9.69      3    2.1  313.7  344.1  315.6
  723.2   2880   12.9    8.5     75   9.67     12    2.1  313.8  344.1  315.6
  722.4   2890   12.8    8.4     75   9.64     18    2.0  313.8  344.0  315.6
  721.6   2899   12.8    8.4     75   9.63     21    2.0  313.8  344.0  315.7
  720.8   2909   12.7    8.3     75   9.58     21    1.9  313.9  343.9  315.7
  720.0   2918   12.6    8.2     75   9.55     19    1.8  313.9  343.9  315.7
  719.2   2927   12.6    8.2     75   9.54     13    1.7  313.9  343.9  315.7
  718.4   2937   12.5    8.1     75   9.51      5    1.6  314.0  343.8  315.8
  717.5   2947   12.5    8.2     75   9.53    354    1.6  314.0  343.9  315.8
  716.7   2957   12.4    8.2     76   9.58    344    1.7  314.0  344.1  315.9
  715.7   2969   12.3    8.3     76   9.65    335    1.8  314.1  344.4  315.9
  714.5   2983   12.2    8.4     78   9.73    329    2.0  314.1  344.6  315.9
  713.3   2997   12.0    8.3     78   9.69    326    2.3  314.1  344.5  315.9
  712.2   3010   12.0    8.1     77   9.58    325    2.6  314.2  344.2  316.0
  711.3   3020   11.9    8.0     77   9.50    325    2.8  314.2  344.0  316.0
  710.6   3028   11.9    7.9     77   9.46    327    3.1  314.2  344.0  316.0
  709.9   3037   11.8    7.9     77   9.46    330    3.4  314.3  344.0  316.1
  708.8   3050   11.8    8.0     78   9.54    333    3.7  314.4  344.4  316.2
  707.5   3065   11.7    8.0     78   9.59    336    3.9  314.5  344.6  316.3
  706.4   3078   11.8    8.0     78   9.57    339    4.2  314.7  344.8  316.5
  705.6   3088   11.8    8.1     78   9.67    341    4.5  314.7  345.2  316.6
  704.9   3096   11.7    8.2     79   9.73    342    4.7  314.7  345.4  316.6
  704.2   3104   11.7    8.0     78   9.59    343    4.9  314.8  345.0  316.6
  703.4   3114   11.7    7.7     76   9.40    344    5.0  315.0  344.6  316.8
  702.7   3123   11.7    7.6     76   9.39    343    5.0  315.0  344.7  316.8
  701.9   3132   11.6    7.6     77   9.40    342    5.0  315.1  344.7  316.8
  701.1   3141   11.5    7.6     77   9.38    340    4.9  315.1  344.7  316.9
  700.3   3150   11.5    7.6     77   9.37    338    4.7  315.1  344.7  316.9
  700.0   3155   11.4    7.5     77   9.36    335    4.5  315.1  344.6  316.9
  699.6   3160   11.4    7.5     77   9.34    335    4.5  315.1  344.6  316.9
  698.7   3170   11.3    7.3     76   9.23    331    4.3  315.1  344.3  316.9
  697.9   3180   11.3    7.1     75   9.14    326    4.1  315.2  344.1  317.0
  697.1   3189   11.4    7.0     74   9.04    321    3.9  315.4  344.0  317.1
  696.4   3198   11.5    6.7     72   8.87    315    3.8  315.6  343.7  317.3
  695.6   3207   11.5    6.4     71   8.73    310    3.7  315.8  343.5  317.5
  694.9   3216   11.5    6.2     70   8.59    306    3.6  315.9  343.1  317.5
  694.1   3226   11.5    5.9     68   8.40    302    3.6  316.0  342.7  317.6
  693.3   3235   11.5    5.5     67   8.21    299    3.7  316.1  342.2  317.6
  692.6   3244   11.5    5.4     66   8.18    298    3.7  316.1  342.1  317.7
  691.9   3252   11.4    5.4     67   8.18    298    3.8  316.1  342.1  317.7
  691.2   3261   11.3    5.3     66   8.11    300    3.8  316.2  341.9  317.7
  690.5   3269   11.3    5.2     66   8.05    302    3.9  316.2  341.8  317.7
  689.7   3279   11.2    4.9     65   7.91    304    4.0  316.2  341.4  317.7
  688.9   3288   11.2    4.7     64   7.80    307    4.1  316.3  341.1  317.8
  688.3   3296   11.1    4.6     64   7.75    310    4.3  316.3  341.0  317.8
  687.6   3305   11.1    4.6     64   7.77    313    4.4  316.3  341.1  317.8
  686.8   3314   11.0    4.7     65   7.82    315    4.5  316.3  341.3  317.8
  686.1   3322   10.9    4.8     66   7.89    317    4.6  316.3  341.5  317.8
  685.4   3331   10.8    5.1     68   8.09    318    4.6  316.3  342.1  317.8
  684.6   3340   10.7    5.2     69   8.15    319    4.6  316.3  342.2  317.8
  683.9   3349   10.6    5.0     68   8.05    319    4.5  316.3  341.9  317.8
  683.2   3358   10.5    4.9     68   7.96    318    4.4  316.3  341.6  317.8
  682.5   3366   10.5    4.7     67   7.87    317    4.1  316.3  341.4  317.8
  681.8   3375   10.4    4.5     67   7.80    316    3.9  316.3  341.2  317.8
  681.1   3383   10.3    4.5     67   7.79    315    3.5  316.3  341.2  317.8
  680.4   3392   10.3    4.5     68   7.82    314    3.1  316.4  341.3  317.9
  679.8   3400   10.2    4.7     68   7.89    312    2.7  316.4  341.6  317.9
  679.1   3408   10.2    4.9     70   8.02    312    2.3  316.4  342.0  318.0
  678.3   3418   10.1    5.0     71   8.12    313    1.8  316.4  342.3  318.0
  677.6   3426   10.0    5.2     72   8.21    317    1.3  316.4  342.6  318.0
  676.9   3435    9.9    5.2     72   8.20    330    0.8  316.4  342.6  318.0
  676.2   3443    9.8    4.9     71   8.08      6    0.6  316.5  342.2  318.0
  675.6   3451    9.8    4.6     70   7.88     50    0.7  316.5  341.6  318.0
  674.8   3461    9.7    4.5     70   7.85     70    1.1  316.5  341.6  318.0
  674.0   3471    9.7    4.4     70   7.80     78    1.6  316.6  341.4  318.0
  673.3   3479    9.6    3.9     68   7.56     81    2.0  316.6  340.7  318.0
  672.7   3487    9.6    3.4     65   7.29     83    2.4  316.7  340.0  318.1
  672.0   3495    9.6    3.3     65   7.25     85    2.7  316.8  340.0  318.2
  671.3   3504    9.6    3.2     65   7.22     87    3.0  316.8  339.9  318.2
  670.6   3512    9.5    3.2     65   7.21     88    3.2  316.8  339.9  318.2
  670.0   3521    9.4    3.2     65   7.19     90    3.3  316.8  339.9  318.2
  669.3   3529    9.4    3.1     65   7.15     92    3.3  316.9  339.8  318.2
  668.6   3537    9.4    2.8     64   7.05     95    3.3  317.0  339.6  318.3
  668.0   3545    9.4    2.7     63   6.98     97    3.1  317.1  339.4  318.4
  667.4   3553    9.4    2.6     63   6.96     99    2.9  317.1  339.5  318.5
  666.8   3560    9.4    2.6     63   6.96    102    2.7  317.2  339.6  318.5
  666.1   3569    9.4    2.6     63   6.96    104    2.4  317.3  339.6  318.6
  665.5   3577    9.3    2.6     63   6.95    105    2.0  317.3  339.6  318.6
  664.8   3585    9.2    2.5     63   6.94    106    1.6  317.3  339.6  318.6
  664.2   3593    9.2    2.5     63   6.95    105    1.2  317.4  339.7  318.7
  663.6   3600    9.2    2.6     63   6.96     99    0.7  317.4  339.7  318.7
  662.9   3609    9.1    2.7     64   7.02     68    0.3  317.4  340.0  318.8
  662.1   3618    9.0    2.9     65   7.14    346    0.4  317.5  340.4  318.8
  661.5   3626    8.9    3.0     66   7.22    326    0.8  317.4  340.6  318.8
  660.9   3633    8.8    3.2     68   7.31    321    1.2  317.4  340.9  318.8
  660.3   3641    8.8    3.3     69   7.38    320    1.6  317.4  341.1  318.8
  659.7   3648    8.7    3.3     69   7.41    320    2.0  317.4  341.2  318.8
  659.1   3656    8.7    3.3     69   7.39    321    2.3  317.5  341.2  318.9
  658.5   3664    8.7    3.0     68   7.24    322    2.6  317.5  340.8  318.9
  657.9   3671    8.6    3.0     67   7.22    323    2.8  317.6  340.8  319.0
  657.3   3679    8.6    3.2     69   7.34    323    3.0  317.6  341.1  319.0
  656.6   3687    8.5    3.1     69   7.30    324    3.1  317.6  341.1  319.0
  656.0   3695    8.5    2.6     67   7.07    325    3.2  317.7  340.4  319.0
  655.4   3703    8.5    2.3     65   6.94    325    3.3  317.8  340.1  319.1
  654.8   3711    8.5    2.4     65   6.96    325    3.3  317.9  340.3  319.2
  654.1   3720    8.5    2.3     65   6.94    325    3.3  317.9  340.3  319.3
  653.4   3728    8.4    2.3     65   6.94    324    3.3  318.0  340.3  319.3
  652.8   3736    8.4    2.3     65   6.94    323    3.3  318.0  340.4  319.4
  652.1   3744    8.6    2.2     64   6.90    322    3.2  318.4  340.6  319.7
  651.5   3753    8.7    2.0     63   6.83    320    3.1  318.5  340.6  319.8
  650.8   3761    8.7    1.9     62   6.78    319    2.9  318.7  340.6  320.0
  650.2   3768    8.7    1.8     62   6.73    317    2.7  318.7  340.5  320.0
  649.7   3775    8.6    1.7     62   6.69    315    2.5  318.7  340.4  320.0
  649.2   3782    8.6    1.5     61   6.57    312    2.2  318.8  340.1  320.1
  648.5   3791    8.7    1.2     59   6.45    310    1.9  319.0  339.9  320.2
  647.8   3799    8.7    1.0     59   6.38    307    1.5  319.1  339.8  320.3
  647.3   3807    8.6    1.1     59   6.40    304    1.2  319.1  339.8  320.3
  646.7   3814    8.6    1.0     59   6.38    301    0.8  319.1  339.8  320.3
  646.1   3822    8.6    0.8     58   6.30    297    0.4  319.2  339.6  320.4
  645.3   3831    8.6    0.5     57   6.16    185    0.0  319.3  339.4  320.5
  644.6   3841    8.7    0.3     56   6.10    114    0.4  319.5  339.4  320.7
  643.9   3850    8.7    0.4     56   6.12    109    0.8  319.6  339.5  320.8
  643.2   3858    8.6    0.5     57   6.19    105    1.1  319.6  339.8  320.8
  642.6   3866    8.5    0.7     58   6.26    102    1.4  319.6  340.0  320.8
  642.0   3874    8.5    0.7     58   6.29     98    1.7  319.6  340.1  320.9
  641.3   3883    8.4    0.5     57   6.21     94    2.0  319.7  339.9  320.9
  640.7   3891    8.4    0.1     56   6.02     91    2.3  319.7  339.3  320.9
  640.0   3899    8.4   -0.3     54   5.86     88    2.5  319.8  338.9  320.9
  639.3   3909    8.3   -0.5     54   5.79     85    2.7  319.8  338.7  321.0
  638.6   3918    8.3   -0.8     53   5.68     83    2.8  319.9  338.4  321.0
  638.0   3925    8.2   -1.0     52   5.60     82    2.9  319.9  338.2  321.0
  637.5   3933    8.1   -1.1     52   5.53     81    3.0  319.9  338.0  321.0
  636.8   3941    8.1   -1.2     52   5.52     81    3.1  319.9  338.0  321.0
  636.2   3949    8.0   -1.3     52   5.48     82    3.0  319.9  337.9  321.0
  635.6   3957    7.9   -1.3     52   5.49     84    3.0  319.9  337.9  321.0
  634.9   3966    7.9   -1.3     52   5.48     87    2.9  320.0  337.9  321.0
  634.3   3974    7.8   -1.5     52   5.43     91    2.9  320.0  337.8  321.0
  633.7   3982    7.7   -1.6     52   5.38     96    2.8  320.0  337.6  321.0
  633.0   3991    7.7   -1.8     51   5.33    100    2.8  320.0  337.5  321.0
  632.3   3999    7.6   -1.9     51   5.26    104    2.8  320.0  337.3  321.1
  631.7   4008    7.5   -2.0     51   5.26    110    2.8  320.1  337.3  321.1
  631.1   4015    7.5   -1.9     51   5.27    115    2.8  320.1  337.3  321.1
  630.5   4024    7.4   -1.8     52   5.32    120    2.9  320.0  337.5  321.1
  629.8   4033    7.3   -1.7     53   5.39    123    3.0  320.1  337.8  321.1
  629.1   4041    7.3   -1.5     54   5.45    126    3.1  320.1  338.0  321.2
  628.5   4050    7.2   -1.2     55   5.58    127    3.2  320.1  338.4  321.2
  627.8   4058    7.1   -0.5     58   5.90    128    3.3  320.2  339.4  321.3
  627.2   4067    7.1   -0.1     61   6.09    128    3.4  320.1  340.0  321.3
  626.6   4075    7.0    0.0     61   6.14    127    3.5  320.1  340.2  321.3
  625.9   4084    6.9    0.2     62   6.21    127    3.6  320.2  340.4  321.4
  625.2   4092    6.8    0.4     63   6.30    126    3.7  320.2  340.7  321.4
  624.6   4100    6.7    0.2     63   6.24    126    3.7  320.2  340.5  321.4
  624.0   4109    6.7    0.1     63   6.21    126    3.7  320.2  340.4  321.4
  623.3   4118    6.6    0.2     63   6.24    127    3.6  320.2  340.6  321.4
  622.5   4128    6.6    0.1     63   6.19    128    3.5  320.3  340.5  321.5
  621.8   4138    6.5   -0.1     63   6.12    130    3.4  320.3  340.3  321.5
  621.1   4147    6.5   -0.2     62   6.09    132    3.1  320.4  340.2  321.5
  620.5   4155    6.4   -0.5     61   5.96    134    2.8  320.4  339.9  321.5
  619.7   4165    6.4   -0.9     60   5.81    137    2.5  320.5  339.5  321.6
  618.9   4176    6.4   -1.1     59   5.70    140    2.1  320.6  339.3  321.7
  618.1   4187    6.3   -1.3     58   5.63    144    1.6  320.6  339.1  321.7
  617.4   4196    6.3   -1.6     57   5.51    148    1.2  320.7  338.8  321.8
  616.7   4205    6.2   -1.8     56   5.46    154    0.7  320.8  338.7  321.8
  616.1   4214    6.2   -1.9     56   5.41    169    0.2  320.8  338.6  321.8
  615.4   4223    6.1   -2.0     56   5.38    324    0.3  320.8  338.5  321.8
  614.7   4231    6.0   -1.8     57   5.47    337    0.7  320.8  338.8  321.9
  614.0   4241    6.0   -1.7     58   5.51    343    1.1  320.8  338.9  321.9
  613.3   4250    5.9   -1.9     57   5.43    350    1.5  320.9  338.7  321.9
  612.7   4259    5.8   -1.9     57   5.43    355    1.8  320.9  338.7  321.9
  612.0   4268    5.8   -1.9     58   5.46      1    2.1  320.9  338.8  322.0
  611.4   4277    5.7   -1.9     58   5.44      7    2.3  320.9  338.8  322.0
  610.7   4286    5.6   -1.9     58   5.45     13    2.5  321.0  338.9  322.0
  610.0   4294    5.6   -1.6     60   5.59     18    2.7  321.0  339.3  322.1
  609.4   4303    5.5   -1.1     62   5.79     23    2.8  321.0  340.0  322.1
  608.8   4311    5.5   -1.3     61   5.71     27    2.9  321.1  339.8  322.2
  608.2   4318    5.4   -1.7     60   5.57     29    2.9  321.1  339.4  322.2
  607.6   4327    5.4   -1.9     60   5.50     31    2.9  321.1  339.2  322.2
  607.0   4335    5.3   -2.0     59   5.45     32    2.8  321.2  339.1  322.2
  606.3   4344    5.3   -2.2     58   5.37     31    2.6  321.2  338.9  322.2
  605.6   4354    5.2   -2.6     57   5.22     30    2.4  321.2  338.5  322.3
  604.9   4364    5.2   -2.9     56   5.11     26    2.1  321.3  338.1  322.3
  604.2   4372    5.1   -3.2     55   5.02     21    1.8  321.3  337.9  322.3
  603.6   4381    5.0   -3.5     54   4.90     14    1.5  321.3  337.6  322.3
  602.9   4390    5.0   -3.5     54   4.91      3    1.2  321.4  337.6  322.3
  602.1   4402    4.9   -3.6     54   4.86    347    0.9  321.4  337.5  322.3
  601.4   4411    4.8   -4.1     52   4.69    324    0.7  321.4  337.0  322.3
  600.8   4419    4.8   -4.6     51   4.55    293    0.6  321.5  336.6  322.3
  600.3   4426    4.7   -4.6     51   4.54    260    0.6  321.5  336.6  322.4
  599.4   4437    4.7   -4.6     51   4.55    235    0.8  321.5  336.7  322.4
  598.6   4448    4.6   -4.6     51   4.56    216    1.0  321.6  336.7  322.5
  598.0   4457    4.5   -4.6     51   4.54    202    1.2  321.6  336.7  322.5
  597.4   4466    4.4   -4.6     52   4.54    192    1.4  321.6  336.7  322.5
  596.8   4474    4.4   -4.8     51   4.50    184    1.7  321.6  336.5  322.5
  596.1   4482    4.3   -5.1     50   4.38    178    1.9  321.6  336.2  322.5
  595.5   4491    4.3   -5.7     48   4.21    174    2.0  321.7  335.7  322.5
  594.9   4500    4.2   -5.8     48   4.19    171    2.2  321.7  335.7  322.6
  594.2   4509    4.2   -5.9     48   4.15    168    2.3  321.8  335.6  322.6
  593.5   4518    4.1   -5.8     48   4.18    165    2.4  321.8  335.8  322.7
  593.0   4526    4.1   -5.8     49   4.20    164    2.5  321.9  335.9  322.7
  592.2   4536    4.0   -5.8     49   4.21    163    2.5  321.9  336.0  322.7
  591.5   4546    4.0   -5.8     49   4.22    162    2.5  322.0  336.0  322.8
  590.9   4555    3.9   -5.4     51   4.34    162    2.5  322.0  336.4  322.8
  590.3   4563    3.8   -5.0     53   4.48    162    2.5  322.0  336.9  322.9
  589.6   4572    3.8   -5.0     53   4.50    163    2.5  322.0  337.0  322.9
  588.9   4582    3.7   -5.1     53   4.46    163    2.5  322.0  336.9  322.9
  588.3   4590    3.6   -5.2     53   4.43    163    2.5  322.0  336.8  322.9
  587.7   4599    3.5   -5.5     52   4.34    163    2.5  322.1  336.6  322.9
  587.0   4609    3.5   -5.9     50   4.19    164    2.5  322.1  336.1  322.9
  586.3   4618    3.5   -5.8     51   4.23    164    2.5  322.2  336.3  323.0
  585.7   4627    3.4   -5.5     52   4.35    165    2.6  322.3  336.8  323.1
  585.0   4636    3.3   -5.2     54   4.46    166    2.6  322.3  337.1  323.1
  584.2   4647    3.3   -4.9     55   4.54    168    2.6  322.3  337.4  323.2
  583.5   4657    3.2   -5.1     54   4.49    171    2.6  322.3  337.3  323.2
  582.9   4665    3.2   -5.2     54   4.45    173    2.7  322.4  337.2  323.3
  582.2   4674    3.1   -5.2     54   4.49    176    2.7  322.5  337.4  323.3
  581.6   4684    3.1   -5.1     55   4.52    178    2.7  322.5  337.6  323.4
  580.8   4694    3.1   -5.0     55   4.55    181    2.8  322.6  337.8  323.5
  580.1   4703    3.0   -5.0     55   4.54    185    2.8  322.7  337.8  323.6
  579.4   4714    3.0   -5.5     53   4.38    188    2.8  322.7  337.4  323.6
  578.6   4725    3.0   -5.9     52   4.26    191    2.8  322.9  337.1  323.7
  578.0   4733    2.9   -6.3     51   4.13    194    2.7  322.9  336.8  323.7
  577.5   4741    2.9   -6.8     49   3.98    197    2.6  323.0  336.4  323.8
  577.0   4747    2.9   -7.1     48   3.90    199    2.4  323.1  336.2  323.8
  576.6   4754    3.0   -8.0     44   3.64    201    2.2  323.1  335.4  323.8
  575.9   4762    3.0   -8.6     42   3.48    202    1.9  323.3  335.0  323.9
  575.3   4772    3.0   -9.0     41   3.37    203    1.6  323.4  334.8  324.0
  574.3   4785    2.9   -9.1     41   3.35    204    1.3  323.5  334.8  324.1
  573.3   4799    2.9   -9.1     41   3.35    204    1.0  323.6  335.0  324.2
  572.7   4808    2.8   -9.1     41   3.36    203    0.6  323.6  335.0  324.3
  572.2   4816    2.8   -9.0     42   3.38    195    0.3  323.6  335.1  324.3
  571.5   4825    2.7   -8.6     43   3.51     98    0.1  323.7  335.6  324.4
  570.8   4835    2.7   -8.4     44   3.55     50    0.3  323.7  335.7  324.4
  570.3   4843    2.6   -8.5     44   3.54     45    0.5  323.7  335.7  324.4
  569.7   4850    2.5   -8.8     43   3.46     44    0.7  323.7  335.5  324.4
  569.1   4859    2.5   -9.2     42   3.36     44    0.8  323.8  335.2  324.4
  568.4   4869    2.4   -9.5     41   3.27     45    0.9  323.8  334.9  324.4
  567.8   4878    2.3   -9.7     41   3.23     46    0.9  323.8  334.8  324.5
  567.2   4886    2.3  -10.2     39   3.10     48    0.9  323.9  334.4  324.5
  566.7   4893    2.3  -11.5     35   2.82     50    0.9  324.0  333.6  324.5
  566.1   4902    2.3  -11.8     35   2.75     53    0.9  324.1  333.5  324.6
  565.5   4911    2.3  -11.4     36   2.84     55    0.9  324.2  333.9  324.7
  564.8   4920    2.3  -11.4     35   2.83     57    0.8  324.3  334.0  324.8
  564.1   4930    2.2  -12.1     34   2.68     59    0.8  324.3  333.6  324.9
  563.5   4939    2.2  -12.3     33   2.65     58    0.8  324.4  333.6  324.9
  562.9   4948    2.2  -12.2     34   2.66     57    0.9  324.4  333.6  324.9
  562.3   4956    2.0  -12.0     35   2.72     53    0.9  324.4  333.7  324.9
  561.9   4962    2.0  -11.4     36   2.84     48    1.0  324.4  334.2  324.9
  561.3   4971    1.9  -11.8     35   2.77     42    1.0  324.4  334.0  325.0
  560.7   4979    1.9  -12.3     34   2.66     36    1.1  324.5  333.7  325.0
  560.1   4987    1.9  -12.2     34   2.69     31    1.3  324.5  333.8  325.1
  559.5   4997    1.8  -11.9     35   2.75     26    1.4  324.6  334.1  325.1
  558.7   5007    1.7  -11.6     36   2.82     21    1.6  324.6  334.3  325.2
  558.0   5017    1.6  -11.5     37   2.85     18    1.8  324.6  334.4  325.1
  557.4   5026    1.5  -11.2     38   2.92     15    1.9  324.6  334.6  325.2
  556.9   5035    1.4  -10.9     40   3.00     13    2.1  324.5  334.8  325.1
  556.3   5043    1.3  -10.6     41   3.07     12    2.2  324.5  335.0  325.1
  555.7   5052    1.3  -10.4     42   3.13     12    2.3  324.6  335.3  325.2
  555.1   5060    1.2  -10.2     42   3.18     12    2.4  324.6  335.5  325.2
  554.5   5068    1.2   -9.8     44   3.28     13    2.4  324.7  335.9  325.3
  553.9   5078    1.1   -8.2     50   3.72     14    2.4  324.7  337.3  325.4
  553.2   5087    1.0   -6.7     56   4.21     15    2.5  324.7  338.9  325.5
  552.7   5095    0.9   -6.0     60   4.42     16    2.4  324.6  339.5  325.5
  552.1   5104    0.8   -5.4     63   4.65     17    2.4  324.6  340.2  325.5
  551.6   5111    0.7   -4.6     68   4.95     17    2.3  324.6  341.2  325.6
  551.0   5120    0.7   -4.4     68   5.01     16    2.3  324.7  341.5  325.7
  550.3   5129    0.7   -4.5     68   4.98     14    2.2  324.8  341.5  325.8
  549.7   5139    0.6   -4.4     69   5.03     11    2.2  324.8  341.7  325.8
  549.1   5148    0.6   -4.2     70   5.13      6    2.1  324.9  342.0  325.9
  548.5   5157    0.5   -3.6     74   5.37    359    2.0  324.9  342.8  325.9
  547.9   5165    0.4   -3.1     77   5.56    352    2.0  324.9  343.4  326.0
  547.4   5173    0.4   -3.5     75   5.41    343    2.0  325.0  343.0  326.0
  546.8   5182    0.4   -4.1     72   5.17    335    2.1  325.0  342.3  326.0
  546.1   5191    0.4   -4.6     70   5.00    327    2.1  325.1  341.9  326.1
  545.5   5200    0.3   -4.8     69   4.91    319    2.2  325.1  341.6  326.1
  545.0   5207    0.2   -4.9     68   4.88    311    2.3  325.1  341.5  326.1
  544.5   5215    0.2   -5.1     67   4.81    304    2.4  325.2  341.3  326.1
  543.9   5224    0.2   -5.4     66   4.71    298    2.6  325.3  341.1  326.2
  543.3   5233    0.1   -5.6     65   4.65    292    2.7  325.3  340.9  326.2
  542.8   5240    0.1   -6.0     64   4.53    286    2.8  325.4  340.6  326.2
  542.2   5248    0.1   -6.4     62   4.37    281    2.9  325.4  340.2  326.3
  541.6   5257    0.0   -6.9     60   4.23    276    3.0  325.5  339.8  326.3
  540.9   5268   -0.0   -7.3     58   4.10    271    3.1  325.6  339.4  326.4
  540.3   5277   -0.1   -8.3     54   3.80    266    3.2  325.6  338.5  326.4
  539.6   5288   -0.1   -9.7     48   3.39    261    3.3  325.7  337.3  326.4
  538.9   5298   -0.1  -11.2     43   3.03    257    3.3  325.8  336.2  326.4
  538.3   5307   -0.1  -12.0     40   2.84    252    3.4  325.9  335.7  326.5
  537.7   5315   -0.0  -12.2     40   2.80    247    3.5  326.1  335.7  326.6
  537.2   5323    0.0  -11.8     41   2.88    243    3.6  326.2  336.2  326.8
  536.6   5332    0.0  -11.4     42   2.99    238    3.6  326.3  336.6  326.9
  535.9   5342    0.0  -11.3     42   3.00    234    3.7  326.5  336.8  327.1
  535.2   5354    0.0  -12.8     37   2.67    230    3.8  326.6  335.8  327.1
  534.3   5367    0.0  -15.7     30   2.11    226    3.8  326.7  334.1  327.1
  533.4   5380    0.0  -17.9     25   1.76    223    3.8  326.9  333.2  327.2
  532.7   5390   -0.0  -16.3     28   2.02    220    3.8  327.0  334.1  327.4
  532.1   5399   -0.1  -13.3     36   2.59    218    3.7  327.0  336.0  327.5
  531.6   5407   -0.2  -11.7     41   2.94    217    3.6  327.0  337.2  327.6
  531.1   5414   -0.2  -11.4     42   3.01    216    3.4  327.0  337.4  327.6
  530.7   5421   -0.2  -11.3     43   3.04    217    3.2  327.1  337.6  327.7
  530.1   5429   -0.3  -10.9     45   3.15    218    2.9  327.1  338.0  327.7
  529.5   5439   -0.4  -10.3     47   3.30    221    2.6  327.1  338.5  327.8
  528.6   5453   -0.4  -10.1     48   3.36    226    2.3  327.2  338.8  327.9
  527.8   5465   -0.4  -10.1     48   3.36    232    2.0  327.3  338.9  328.0
  527.3   5473   -0.5  -10.4     47   3.29    241    1.7  327.3  338.7  328.0
  526.8   5479   -0.5  -11.9     42   2.91    253    1.5  327.4  337.5  328.0
  526.2   5488   -0.4  -14.6     33   2.35    267    1.4  327.6  335.8  328.1
  525.3   5502   -0.5  -15.7     31   2.15    281    1.4  327.8  335.3  328.2
  524.4   5516   -0.5  -15.5     31   2.20    293    1.4  327.9  335.6  328.3
  523.6   5529   -0.6  -13.1     38   2.68    303    1.4  327.9  337.3  328.5
  522.9   5538   -0.7  -10.4     48   3.31    310    1.5  327.9  339.4  328.6
  522.4   5547   -0.8  -10.1     49   3.42    315    1.5  327.9  339.6  328.5
  521.9   5555   -0.9  -10.0     50   3.44    319    1.5  327.8  339.7  328.5
  521.5   5561   -0.9   -9.9     51   3.48    322    1.4  327.9  339.8  328.6
  520.9   5569   -1.0   -9.3     53   3.64    323    1.3  327.9  340.4  328.7
  520.3   5579   -1.0   -8.3     58   3.94    322    1.2  328.0  341.5  328.8
  519.6   5589   -1.1   -7.6     61   4.18    320    1.0  328.0  342.3  328.9
  519.1   5597   -1.2   -7.0     65   4.37    314    0.8  328.0  342.9  328.9
  518.6   5604   -1.2   -6.4     68   4.57    301    0.7  328.1  343.6  329.0
  518.1   5613   -1.2   -6.7     66   4.49    276    0.5  328.1  343.5  329.0
  517.4   5624   -1.2   -7.3     63   4.27    244    0.6  328.3  342.9  329.2
  516.8   5633   -1.2   -7.3     63   4.28    223    0.8  328.4  343.1  329.3
  516.4   5639   -1.2   -7.6     62   4.18    213    1.1  328.4  342.7  329.3
  516.0   5645   -1.2  -10.8     48   3.27    207    1.4  328.6  339.9  329.2
  515.4   5655   -1.0  -16.2     30   2.10    204    1.7  328.9  336.3  329.3
  514.7   5666   -0.9  -17.8     26   1.83    202    2.0  329.2  335.7  329.5
  514.0   5675   -0.9  -19.0     24   1.67    201    2.2  329.3  335.2  329.6
  513.5   5684   -1.0  -19.3     23   1.62    201    2.4  329.3  335.1  329.6
  512.9   5692   -1.0  -19.4     23   1.61    201    2.6  329.3  335.1  329.7
  512.4   5701   -1.1  -20.2     22   1.50    200    2.7  329.4  334.8  329.7
  511.7   5711   -1.1  -20.6     21   1.45    200    2.8  329.5  334.7  329.8
  511.1   5721   -1.1  -20.8     21   1.43    200    2.8  329.5  334.7  329.8
  510.5   5731   -1.2  -18.3     26   1.78    199    2.7  329.5  335.9  329.9
  509.9   5740   -1.4  -13.5     39   2.66    199    2.7  329.5  338.8  330.0
  509.4   5748   -1.5  -10.4     51   3.40    198    2.6  329.3  341.1  330.0
  508.8   5758   -1.6  -10.0     53   3.52    198    2.5  329.3  341.5  330.0
  507.9   5771   -1.7  -10.8     50   3.31    198    2.3  329.4  340.9  330.1
  506.9   5787   -1.8  -11.6     47   3.10    197    2.1  329.5  340.3  330.1
  506.0   5801   -1.9  -13.4     41   2.70    197    2.0  329.6  339.1  330.1
  505.2   5813   -1.9  -15.3     35   2.31    196    1.8  329.7  337.9  330.2
  504.6   5823   -1.9  -17.7     29   1.89    195    1.6  329.8  336.6  330.2
  504.1   5831   -2.0  -17.3     30   1.96    194    1.4  329.8  336.8  330.2
  503.5   5840   -2.1  -15.8     34   2.23    192    1.2  329.8  337.7  330.2
  502.9   5850   -2.2  -13.9     40   2.60    188    1.0  329.8  338.9  330.3
  502.4   5858   -2.2  -14.5     38   2.48    182    0.8  329.8  338.6  330.3
  501.9   5866   -2.3  -15.6     35   2.28    170    0.7  329.8  337.9  330.3
  501.3   5875   -2.3  -17.5     30   1.94    151    0.6  329.9  336.9  330.3
  500.6   5886   -2.4  -18.4     28   1.79    129    0.5  330.0  336.4  330.3
  500.0   5896   -2.4  -20.0     24   1.56    129    0.5  330.0  335.7  330.3
  499.8   5899   -2.4  -20.5     23   1.50    111    0.6  330.0  335.4  330.3
  499.1   5910   -2.5  -22.0     21   1.31    100    0.8  330.1  334.9  330.3
  498.5   5920   -2.6  -20.8     23   1.46     95    0.9  330.0  335.3  330.3
  497.9   5929   -2.8  -20.6     24   1.50     93    1.1  330.0  335.5  330.3
  497.2   5940   -2.8  -19.9     26   1.59     92    1.3  330.0  335.8  330.4
  496.6   5949   -2.9  -17.7     31   1.92     92    1.4  330.0  336.9  330.4
  496.1   5958   -3.0  -15.3     38   2.35     93    1.5  330.0  338.3  330.5
  495.5   5968   -3.2  -11.6     52   3.18     94    1.6  330.0  341.0  330.6
  494.7   5980   -3.3   -8.8     66   3.99     95    1.7  329.9  343.7  330.7
  494.0   5991   -3.5   -9.2     65   3.88     95    1.8  329.9  343.2  330.6
  493.4   6001   -3.6  -10.1     61   3.61     95    1.8  329.9  342.4  330.6
  492.8   6011   -3.6  -10.6     59   3.48     94    1.8  329.9  342.0  330.6
  492.2   6020   -3.7  -10.9     57   3.39     93    1.8  329.9  341.7  330.6
  491.7   6029   -3.8  -11.3     56   3.29     91    1.7  329.9  341.4  330.6
  491.0   6039   -3.8  -11.8     54   3.16     89    1.6  330.0  341.0  330.6
  490.3   6050   -3.9  -13.1     49   2.84     86    1.5  330.1  340.1  330.7
  489.6   6062   -3.9  -13.3     48   2.81     83    1.3  330.2  340.1  330.8
  489.0   6072   -3.9  -12.7     50   2.95     79    1.1  330.3  340.6  330.9
  488.4   6081   -4.0  -11.9     54   3.15     75    0.8  330.3  341.3  330.9
  487.9   6090   -4.1  -11.6     56   3.22     70    0.5  330.3  341.5  330.9
  487.3   6099   -4.1  -12.0     55   3.15     57    0.1  330.3  341.3  331.0
  486.7   6109   -4.2  -12.7     52   2.98    251    0.3  330.4  340.8  331.0
  486.1   6118   -4.3  -13.3     49   2.83    245    0.7  330.4  340.4  331.0
  485.5   6129   -4.3  -13.8     48   2.72    240    1.1  330.5  340.0  331.0
  484.7   6141   -4.4  -14.6     45   2.55    237    1.5  330.6  339.6  331.1
  484.0   6152   -4.5  -16.5     39   2.19    234    1.8  330.6  338.4  331.0
  483.4   6162   -4.5  -17.8     35   1.96    231    2.2  330.6  337.6  331.0
  482.9   6171   -4.6  -17.9     35   1.94    228    2.5  330.6  337.6  331.0
  482.2   6182   -4.7  -18.6     33   1.83    226    2.8  330.7  337.3  331.1
  481.5   6193   -4.7  -19.3     31   1.73    224    3.0  330.7  337.0  331.1
  480.9   6203   -4.8  -20.0     29   1.63    223    3.2  330.8  336.7  331.1
  480.4   6212   -4.9  -20.3     29   1.60    222    3.3  330.8  336.6  331.1
  479.8   6222   -4.9  -20.6     28   1.56    222    3.4  330.9  336.5  331.2
  479.1   6232   -4.9  -20.3     29   1.60    222    3.4  331.0  336.8  331.3
  478.5   6242   -4.9  -20.0     30   1.64    222    3.4  331.1  337.0  331.4
  477.9   6252   -5.0  -20.9     28   1.52    223    3.3  331.1  336.6  331.4
  477.3   6263   -5.1  -19.5     31   1.71    224    3.2  331.1  337.3  331.5
  476.7   6272   -5.2  -18.3     35   1.90    225    3.2  331.1  338.0  331.5
  476.1   6282   -5.3  -18.0     36   1.96    225    3.1  331.2  338.2  331.5
  475.4   6294   -5.3  -17.3     38   2.08    226    3.0  331.3  338.7  331.7
  474.7   6304   -5.3  -17.5     38   2.05    226    2.9  331.3  338.7  331.8
  474.2   6313   -5.5  -17.3     39   2.09    225    2.8  331.3  338.7  331.7
  473.6   6323   -5.5  -16.6     41   2.20    223    2.8  331.3  339.2  331.8
  473.1   6332   -5.6  -16.1     43   2.31    221    2.7  331.4  339.6  331.9
  472.4   6343   -5.6  -15.7     45   2.39    218    2.6  331.5  340.0  332.0
  471.7   6354   -5.7  -14.7     49   2.60    215    2.6  331.5  340.7  332.0
  471.0   6367   -5.7  -14.4     50   2.67    211    2.6  331.6  341.0  332.1
  470.3   6378   -5.8  -13.8     53   2.82    208    2.5  331.7  341.6  332.2
  469.6   6389   -6.1  -12.6     60   3.09    205    2.5  331.4  342.3  332.1
  469.0   6400   -6.2  -12.3     62   3.18    202    2.4  331.5  342.6  332.1
  468.4   6409   -6.3  -12.2     63   3.21    200    2.3  331.4  342.6  332.1
  467.9   6418   -6.4  -12.1     64   3.24    198    2.2  331.4  342.7  332.0
  467.4   6427   -6.5  -12.0     65   3.26    198    2.1  331.4  342.8  332.0
  466.8   6437   -6.5  -12.0     65   3.27    198    1.9  331.4  342.9  332.1
  466.3   6445   -6.6  -11.9     66   3.30    199    1.8  331.4  342.9  332.1
  465.8   6453   -6.7  -11.8     67   3.35    200    1.6  331.4  343.1  332.1
  465.2   6464   -6.8  -11.6     68   3.38    202    1.4  331.4  343.3  332.1
  464.5   6476   -6.9  -11.6     69   3.39    203    1.3  331.5  343.3  332.2
  463.7   6488   -6.9  -11.7     69   3.39    205    1.2  331.6  343.4  332.3
  463.1   6499   -7.0  -11.6     70   3.41    206    1.1  331.6  343.5  332.3
  462.6   6507   -7.2  -11.2     73   3.53    206    1.1  331.5  343.8  332.2
  462.2   6514   -7.3  -11.0     75   3.58    205    1.0  331.4  343.9  332.2
  461.6   6524   -7.4  -10.9     76   3.62    204    1.0  331.5  344.1  332.2
  461.1   6533   -7.4  -10.6     78   3.70    202    1.0  331.6  344.5  332.3
  460.5   6543   -7.3  -10.7     77   3.68    202    1.1  331.8  344.6  332.5
  460.0   6551   -7.3  -11.6     72   3.44    202    1.1  331.9  343.9  332.6
  459.5   6560   -7.3  -11.6     71   3.44    203    1.2  332.0  344.0  332.7
  458.9   6569   -7.2  -11.6     71   3.45    205    1.2  332.3  344.4  333.0
  458.5   6577   -7.0  -11.7     69   3.43    208    1.2  332.6  344.6  333.3
  457.9   6586   -7.0  -11.5     70   3.47    211    1.3  332.7  344.8  333.4
  457.2   6600   -7.1  -11.6     70   3.46    214    1.3  332.7  344.8  333.4
  456.3   6614   -7.2  -11.9     69   3.38    216    1.4  332.7  344.6  333.4
  455.7   6625   -7.3  -13.1     63   3.06    218    1.4  332.8  343.6  333.4
  455.2   6633   -7.3  -15.4     52   2.53    220    1.5  332.8  341.8  333.3
  454.7   6641   -7.4  -16.1     50   2.40    220    1.6  332.9  341.5  333.4
  454.1   6651   -7.4  -16.6     48   2.30    218    1.7  333.0  341.2  333.4
  453.6   6660   -7.5  -17.2     46   2.19    216    1.8  333.0  340.9  333.4
  453.2   6667   -7.5  -18.1     42   2.03    212    1.9  333.1  340.4  333.5
  452.8   6674   -7.5  -18.8     40   1.92    209    2.0  333.1  340.1  333.5
  452.4   6682   -7.5  -18.7     40   1.93    205    2.2  333.2  340.2  333.6
  451.7   6693   -7.5  -18.9     40   1.91    202    2.4  333.4  340.3  333.8
  451.0   6705   -7.6  -19.2     39   1.86    199    2.5  333.3  340.1  333.7
  450.4   6715   -7.8  -19.4     39   1.84    197    2.7  333.3  339.9  333.7
  450.0   6723   -7.9  -19.6     38   1.80    195    2.8  333.3  339.8  333.6
  449.5   6730   -7.9  -19.9     37   1.75    194    2.9  333.3  339.7  333.7
  449.1   6738   -8.0  -20.1     37   1.73    193    3.0  333.3  339.6  333.7
  448.6   6746   -8.0  -19.9     38   1.76    193    3.1  333.3  339.7  333.7
  448.2   6754   -8.1  -19.6     39   1.82    192    3.1  333.3  339.9  333.7
  447.8   6761   -8.2  -19.2     41   1.88    192    3.1  333.3  340.1  333.7
  447.3   6769   -8.2  -18.2     44   2.05    191    3.1  333.4  340.8  333.9
  446.8   6778   -8.2  -17.5     47   2.17    190    3.0  333.6  341.4  334.0
  446.3   6787   -8.3  -17.3     48   2.21    188    3.0  333.5  341.4  333.9
  445.8   6795   -8.4  -16.9     51   2.30    186    3.0  333.5  341.7  333.9
  445.4   6802   -8.6  -16.6     52   2.35    183    3.0  333.4  341.8  333.8
  445.0   6809   -8.7  -16.8     52   2.31    180    3.0  333.3  341.6  333.8
  444.6   6816   -8.7  -17.5     49   2.18    177    3.1  333.4  341.2  333.8
  444.1   6825   -8.7  -17.8     48   2.13    175    3.2  333.4  341.1  333.9
  443.5   6835   -8.8  -17.9     48   2.11    173    3.3  333.5  341.1  333.9
  443.1   6843   -8.9  -17.9     48   2.11    172    3.4  333.5  341.0  333.9
  442.7   6849   -9.0  -18.1     47   2.08    171    3.5  333.4  341.0  333.9
  442.3   6856   -9.0  -18.4     47   2.04    171    3.6  333.5  340.8  333.9
  441.8   6865   -9.1  -18.4     47   2.04    172    3.7  333.5  340.9  333.9
  441.3   6874   -9.1  -18.4     47   2.05    173    3.8  333.5  340.9  334.0
  440.9   6880   -9.2  -18.3     47   2.05    175    3.9  333.5  340.9  333.9
  440.7   6885   -9.2  -18.3     48   2.07    177    3.9  333.5  341.0  333.9
  440.3   6892   -9.3  -18.0     49   2.12    179    4.0  333.6  341.2  334.0
  439.8   6900   -9.3  -17.5     51   2.22    181    4.1  333.7  341.6  334.1
  439.4   6907   -9.3  -16.7     55   2.37    182    4.1  333.7  342.2  334.2
  439.0   6915   -9.3  -15.9     59   2.52    184    4.1  333.8  342.8  334.3
  438.5   6924   -9.3  -15.2     63   2.69    184    4.2  333.9  343.5  334.4
  438.0   6933   -9.4  -14.7     65   2.80    184    4.2  333.9  343.9  334.5
  437.6   6940   -9.4  -15.0     64   2.74    184    4.2  333.9  343.7  334.5
  437.2   6947   -9.5  -15.1     64   2.72    183    4.2  334.0  343.7  334.5
  436.8   6954   -9.6  -15.2     63   2.69    182    4.2  334.0  343.6  334.5
  436.3   6961   -9.6  -15.2     64   2.70    181    4.2  334.0  343.6  334.6
  435.9   6970   -9.6  -15.3     63   2.67    180    4.2  334.2  343.7  334.7
  435.3   6979   -9.5  -15.6     61   2.62    180    4.3  334.3  343.7  334.9
  434.8   6989   -9.6  -15.8     61   2.59    180    4.3  334.4  343.7  334.9
  434.3   6998   -9.7  -15.8     61   2.57    180    4.3  334.4  343.5  334.9
  433.8   7006   -9.8  -15.9     61   2.55    181    4.4  334.3  343.5  334.9
  433.4   7014   -9.8  -16.0     61   2.53    182    4.5  334.4  343.4  334.9
  433.0   7021   -9.9  -16.1     61   2.53    184    4.6  334.4  343.5  334.9
  432.5   7030   -9.9  -16.1     61   2.53    186    4.7  334.5  343.5  335.0
  432.1   7037  -10.0  -16.0     62   2.55    188    4.9  334.5  343.6  335.0
  431.7   7045  -10.0  -15.7     63   2.62    190    5.0  334.5  343.8  335.0
  431.1   7054  -10.0  -15.5     64   2.67    192    5.2  334.6  344.1  335.2
  430.4   7066  -10.0  -15.7     63   2.63    193    5.4  334.8  344.2  335.3
  429.9   7076  -10.0  -16.5     59   2.45    194    5.5  334.9  343.8  335.4
  429.4   7085  -10.0  -17.8     53   2.20    195    5.6  335.0  343.0  335.5
  429.1   7091  -10.0  -17.9     53   2.20    195    5.6  335.1  343.0  335.5
  428.7   7098  -10.0  -18.4     50   2.10    195    5.7  335.2  342.8  335.7
  428.3   7105   -9.9  -18.3     50   2.11    195    5.6  335.4  343.1  335.9
  427.9   7112   -9.9  -18.2     50   2.13    195    5.5  335.5  343.2  336.0
  427.5   7119   -9.9  -18.2     51   2.14    194    5.4  335.5  343.3  336.0
  427.1   7127  -10.0  -17.7     53   2.23    194    5.2  335.5  343.6  336.0
  426.6   7136  -10.1  -17.4     55   2.29    193    5.0  335.6  343.9  336.1
  425.9   7148  -10.1  -16.5     59   2.47    193    4.9  335.7  344.6  336.2
  425.3   7159  -10.1  -16.0     62   2.58    193    4.7  335.8  345.0  336.3
  424.9   7167  -10.2  -15.9     63   2.60    194    4.5  335.8  345.1  336.3
  424.5   7174  -10.4  -15.7     65   2.67    194    4.4  335.7  345.3  336.2
  424.0   7182  -10.4  -15.6     65   2.68    195    4.3  335.8  345.4  336.3
  423.6   7190  -10.3  -15.8     64   2.64    195    4.2  336.0  345.5  336.5
  423.2   7197  -10.2  -16.0     63   2.60    196    4.2  336.1  345.5  336.6
  422.8   7204  -10.3  -16.0     63   2.60    197    4.1  336.1  345.5  336.6
  422.4   7212  -10.4  -16.0     63   2.60    197    4.1  336.1  345.5  336.6
  421.9   7220  -10.4  -16.1     63   2.59    198    4.1  336.2  345.5  336.7
  421.6   7227  -10.5  -16.2     63   2.57    198    4.1  336.2  345.4  336.7
  421.2   7234  -10.5  -16.2     63   2.57    198    4.2  336.3  345.5  336.8
  420.6   7245  -10.4  -16.2     63   2.58    199    4.2  336.5  345.8  337.0
  420.1   7255  -10.5  -16.2     63   2.59    199    4.2  336.5  345.8  337.0
  419.6   7263  -10.7  -16.4     63   2.54    200    4.2  336.4  345.6  336.9
  419.1   7272  -10.8  -16.5     62   2.51    201    4.2  336.4  345.5  336.9
  418.7   7280  -10.8  -16.6     62   2.49    202    4.2  336.4  345.4  336.9
  418.3   7287  -10.8  -16.7     62   2.48    204    4.2  336.5  345.4  337.0
  417.9   7295  -10.9  -16.7     62   2.49    206    4.2  336.5  345.5  337.0
  417.4   7303  -10.9  -16.6     63   2.51    208    4.3  336.5  345.6  337.1
  417.0   7310  -11.0  -16.6     63   2.50    211    4.3  336.5  345.6  337.0
  416.6   7317  -11.1  -16.6     64   2.51    213    4.4  336.5  345.6  337.0
  416.3   7325  -11.1  -16.7     64   2.50    216    4.5  336.6  345.6  337.1
  415.8   7333  -11.1  -16.7     64   2.50    218    4.5  336.7  345.7  337.2
  415.3   7342  -11.2  -16.8     63   2.49    221    4.6  336.7  345.7  337.3
  414.8   7351  -11.2  -16.8     63   2.48    222    4.7  336.8  345.8  337.3
  414.4   7360  -11.2  -16.9     63   2.46    224    4.7  336.9  345.8  337.4
  413.9   7367  -11.2  -17.1     62   2.44    225    4.7  337.0  345.8  337.5
  413.5   7375  -11.3  -17.2     62   2.42    225    4.7  337.0  345.8  337.5
  413.1   7383  -11.3  -17.2     62   2.42    225    4.7  337.1  345.8  337.6
  412.7   7391  -11.3  -17.4     61   2.38    225    4.6  337.2  345.8  337.7
  412.2   7399  -11.3  -17.7     59   2.31    225    4.6  337.3  345.7  337.8
  411.7   7409  -11.3  -17.7     59   2.31    224    4.5  337.4  345.8  337.9
  411.3   7417  -11.3  -17.6     60   2.33    223    4.4  337.5  346.0  338.0
  410.9   7425  -11.3  -17.6     60   2.34    223    4.3  337.6  346.1  338.0
  410.3   7435  -11.4  -17.7     60   2.34    222    4.2  337.7  346.2  338.1
  409.8   7444  -11.4  -17.9     59   2.30    221    4.1  337.7  346.1  338.2
  409.4   7452  -11.4  -18.2     58   2.24    221    4.1  337.8  346.0  338.2
  409.0   7460  -11.5  -18.5     56   2.19    222    4.0  337.8  345.8  338.3
  408.5   7468  -11.5  -18.6     56   2.17    222    4.0  337.9  345.9  338.4
  408.1   7477  -11.5  -18.7     55   2.15    223    4.0  338.0  345.8  338.4
  407.6   7485  -11.5  -18.8     55   2.14    225    4.1  338.1  346.0  338.6
  407.2   7494  -11.4  -19.3     52   2.05    227    4.1  338.4  345.9  338.8
  406.8   7501  -11.4  -20.0     49   1.93    229    4.2  338.5  345.6  338.9
  406.4   7508  -11.4  -20.1     49   1.91    232    4.4  338.5  345.5  338.9
  406.0   7517  -11.4  -20.1     49   1.92    234    4.5  338.6  345.7  339.0
  405.4   7527  -11.4  -20.2     48   1.91    237    4.6  338.8  345.9  339.2
  405.0   7535  -11.5  -20.2     49   1.91    240    4.8  338.8  345.8  339.2
  404.5   7544  -11.6  -20.3     48   1.89    243    4.9  338.7  345.7  339.1
  404.2   7551  -11.7  -20.5     48   1.86    245    5.0  338.7  345.6  339.1
  403.8   7559  -11.7  -20.6     48   1.84    248    5.2  338.8  345.5  339.1
  403.2   7568  -11.7  -20.6     48   1.84    251    5.3  338.9  345.7  339.3
  402.7   7579  -11.7  -20.8     47   1.81    253    5.4  339.1  345.8  339.4
  402.2   7587  -11.8  -21.0     46   1.78    256    5.5  339.0  345.6  339.4
  401.8   7596  -12.0  -21.4     45   1.72    258    5.6  338.9  345.3  339.3
  401.3   7604  -12.0  -22.1     43   1.63    259    5.7  338.9  345.0  339.3
  400.9   7613  -12.1  -22.7     41   1.54    261    5.8  339.0  344.7  339.3
  400.4   7623  -12.1  -23.1     40   1.49    262    5.8  339.1  344.7  339.4
  400.0   7630  -12.1  -23.4     39   1.46    262    5.8  339.2  344.6  339.5
  399.9   7631  -12.1  -23.4     39   1.46    262    5.9  339.2  344.6  339.5
  399.5   7639  -12.1  -23.6     38   1.43    262    6.0  339.2  344.6  339.5
  399.1   7647  -12.2  -23.8     38   1.41    262    6.0  339.2  344.5  339.5
  398.7   7655  -12.2  -23.9     37   1.40    262    6.1  339.3  344.6  339.6
  398.2   7664  -12.2  -23.9     37   1.40    261    6.2  339.4  344.7  339.7
  397.7   7675  -12.3  -23.9     37   1.40    260    6.2  339.5  344.8  339.8
  397.2   7684  -12.4  -24.0     37   1.39    259    6.3  339.5  344.7  339.8
  396.8   7692  -12.5  -24.0     38   1.39    258    6.4  339.4  344.6  339.7
  396.2   7703  -12.6  -23.9     38   1.40    257    6.4  339.4  344.7  339.7
  395.6   7714  -12.6  -24.0     38   1.40    256    6.5  339.6  344.8  339.9
  395.1   7724  -12.7  -24.0     39   1.40    256    6.5  339.5  344.8  339.8
  394.7   7733  -12.9  -24.0     39   1.40    255    6.6  339.4  344.7  339.7
  394.2   7742  -13.0  -24.1     39   1.38    254    6.6  339.4  344.6  339.7
  393.7   7752  -13.0  -24.3     38   1.37    254    6.6  339.5  344.7  339.8
  393.2   7761  -13.0  -24.7     37   1.31    254    6.6  339.7  344.6  339.9
  392.7   7770  -13.0  -25.9     33   1.18    254    6.5  339.7  344.2  340.0
  392.2   7780  -13.0  -26.1     32   1.16    254    6.5  339.9  344.3  340.1
  391.7   7790  -13.1  -25.0     36   1.29    254    6.4  339.9  344.8  340.2
  391.2   7800  -13.1  -24.7     37   1.33    254    6.3  340.0  345.0  340.3
  390.8   7809  -13.2  -24.5     38   1.35    255    6.2  340.0  345.1  340.3
  390.3   7817  -13.3  -24.3     39   1.38    255    6.0  340.0  345.2  340.3
  389.8   7826  -13.3  -24.2     40   1.39    256    5.9  340.1  345.4  340.4
  389.4   7835  -13.3  -24.1     40   1.41    257    5.7  340.2  345.5  340.5
  388.9   7844  -13.3  -24.3     39   1.38    258    5.6  340.4  345.6  340.6
  388.5   7853  -13.4  -25.1     37   1.28    259    5.4  340.3  345.2  340.6
  388.0   7862  -13.5  -25.4     36   1.26    261    5.3  340.3  345.1  340.5
  387.6   7871  -13.6  -24.6     39   1.35    262    5.2  340.3  345.4  340.6
  387.1   7879  -13.6  -24.4     40   1.38    263    5.0  340.4  345.6  340.6
  386.7   7888  -13.7  -24.4     40   1.38    264    4.9  340.4  345.6  340.7
  386.2   7897  -13.8  -24.4     40   1.38    265    4.8  340.4  345.6  340.7
  385.7   7908  -13.8  -24.5     40   1.37    266    4.8  340.5  345.7  340.8
  385.2   7917  -13.8  -24.6     39   1.35    267    4.7  340.6  345.7  340.9
  384.9   7924  -13.9  -24.7     40   1.35    268    4.6  340.5  345.7  340.8
  384.4   7933  -14.0  -24.5     41   1.37    268    4.6  340.6  345.7  340.8
  383.9   7943  -13.9  -24.6     40   1.36    269    4.6  340.8  345.9  341.0
  383.5   7952  -13.9  -24.8     39   1.34    269    4.5  340.9  346.0  341.2
  383.0   7960  -14.0  -24.7     40   1.35    269    4.5  340.9  346.0  341.2
  382.6   7969  -14.2  -24.5     41   1.38    269    4.5  340.7  346.0  341.0
  382.2   7978  -14.3  -24.6     42   1.37    269    4.5  340.7  345.9  341.0
  381.7   7987  -14.4  -24.9     41   1.33    269    4.5  340.7  345.8  341.0
  381.3   7996  -14.4  -25.2     40   1.30    269    4.5  340.8  345.7  341.1
  380.9   8003  -14.5  -25.2     40   1.30    269    4.4  340.8  345.7  341.1
  380.4   8012  -14.5  -25.5     39   1.27    269    4.4  340.9  345.7  341.2
  379.9   8022  -14.6  -25.8     38   1.23    268    4.4  341.0  345.6  341.2
  379.4   8032  -14.6  -25.7     38   1.25    268    4.3  341.1  345.8  341.3
  378.9   8042  -14.5  -25.3     39   1.29    268    4.3  341.3  346.2  341.5
  378.4   8052  -14.7  -25.3     40   1.30    267    4.3  341.2  346.1  341.4
  378.0   8061  -14.9  -25.3     41   1.29    267    4.2  341.0  345.9  341.3
  377.5   8071  -15.0  -25.5     40   1.28    267    4.2  341.0  345.8  341.3
  377.1   8079  -15.1  -25.7     40   1.25    267    4.2  341.0  345.7  341.2
  376.7   8088  -15.2  -25.9     39   1.24    267    4.1  341.0  345.7  341.2
  376.2   8097  -15.1  -25.7     40   1.25    268    4.1  341.1  345.9  341.4
  375.7   8106  -15.2  -25.8     40   1.25    268    4.1  341.2  346.0  341.5
  375.3   8115  -15.2  -26.1     39   1.21    269    4.1  341.3  345.9  341.5
  374.9   8124  -15.3  -26.3     38   1.19    269    4.0  341.3  345.8  341.5
  374.4   8133  -15.4  -26.5     38   1.18    270    4.0  341.3  345.8  341.6
  373.9   8142  -15.4  -26.6     38   1.17    271    3.9  341.4  345.9  341.7
  373.5   8152  -15.4  -26.8     37   1.15    271    3.9  341.5  345.8  341.7
  373.0   8162  -15.4  -26.8     37   1.15    272    3.8  341.6  346.0  341.8
  372.5   8171  -15.5  -27.1     36   1.12    273    3.7  341.7  345.9  341.9
  372.1   8180  -15.7  -26.8     38   1.16    273    3.6  341.5  345.9  341.7
  371.6   8190  -15.8  -26.5     39   1.18    274    3.5  341.5  346.0  341.7
  371.0   8201  -15.8  -26.9     38   1.14    274    3.4  341.6  346.0  341.9
  370.6   8210  -15.9  -27.1     38   1.13    275    3.3  341.7  346.0  341.9
  370.2   8219  -16.1  -27.3     38   1.11    276    3.2  341.5  345.7  341.7
  369.7   8227  -16.2  -27.5     37   1.09    276    3.1  341.4  345.6  341.7
  369.3   8237  -16.3  -27.6     37   1.08    277    3.0  341.5  345.6  341.7
  368.9   8245  -16.3  -27.8     36   1.06    278    3.0  341.5  345.6  341.8
  368.5   8253  -16.3  -28.0     36   1.04    278    2.9  341.6  345.6  341.8
  368.1   8261  -16.4  -28.2     35   1.02    279    2.9  341.7  345.6  341.9
  367.7   8270  -16.4  -28.6     34   0.99    280    2.9  341.7  345.5  341.9
  367.2   8279  -16.5  -29.0     33   0.95    281    2.9  341.7  345.4  341.9
  366.8   8287  -16.5  -29.0     33   0.95    281    2.9  341.8  345.5  342.0
  366.4   8296  -16.6  -28.9     34   0.96    282    3.0  341.8  345.6  342.0
  366.0   8304  -16.6  -28.8     34   0.97    282    3.0  341.8  345.6  342.0
  365.6   8312  -16.7  -28.7     35   0.98    282    3.0  341.8  345.6  342.0
  365.2   8320  -16.9  -28.7     35   0.98    281    3.1  341.7  345.5  341.9
  364.8   8329  -17.0  -28.7     35   0.98    281    3.1  341.7  345.5  341.9
  364.4   8337  -17.0  -28.8     35   0.97    280    3.1  341.8  345.6  342.0
  364.0   8346  -16.9  -29.0     35   0.96    279    3.1  342.0  345.7  342.2
  363.5   8356  -17.0  -29.0     34   0.96    278    3.1  342.0  345.7  342.2
  363.0   8365  -17.2  -28.3     37   1.03    276    3.1  341.9  345.9  342.2
  362.6   8374  -17.2  -27.3     41   1.13    275    3.1  342.0  346.4  342.3
  362.2   8382  -17.1  -26.9     42   1.17    274    3.1  342.2  346.7  342.5
  361.7   8392  -17.2  -26.8     43   1.19    272    3.1  342.3  346.8  342.5
  361.3   8401  -17.3  -27.6     40   1.10    271    3.1  342.2  346.5  342.5
  360.9   8410  -17.3  -28.0     39   1.07    270    3.2  342.3  346.4  342.5
  360.4   8420  -17.4  -28.2     39   1.04    270    3.2  342.3  346.3  342.5
  359.9   8430  -17.4  -28.6     37   1.01    269    3.2  342.4  346.3  342.7
  359.4   8440  -17.4  -28.8     36   0.99    269    3.3  342.5  346.4  342.7
  359.0   8449  -17.7  -28.7     37   1.00    269    3.3  342.4  346.2  342.6
  358.6   8458  -17.8  -28.2     40   1.05    269    3.4  342.3  346.3  342.5
  358.2   8466  -17.8  -27.8     41   1.09    270    3.4  342.4  346.6  342.7
  357.8   8474  -17.9  -27.9     41   1.08    270    3.5  342.4  346.5  342.6
  357.4   8482  -18.1  -27.7     43   1.10    270    3.5  342.2  346.5  342.5
  357.0   8491  -18.2  -27.8     43   1.10    271    3.5  342.2  346.4  342.4
  356.6   8499  -18.2  -27.9     42   1.09    271    3.6  342.3  346.4  342.5
  356.2   8506  -18.3  -28.0     42   1.08    272    3.6  342.3  346.4  342.5
  355.8   8515  -18.3  -28.3     41   1.05    272    3.6  342.4  346.4  342.6
  355.3   8525  -18.3  -28.5     40   1.03    272    3.7  342.5  346.5  342.8
  354.9   8534  -18.4  -28.5     41   1.03    273    3.7  342.5  346.5  342.8
  354.5   8542  -18.3  -28.5     41   1.03    273    3.7  342.7  346.7  342.9
  354.2   8550  -18.3  -28.5     40   1.03    274    3.7  342.8  346.7  343.0
  353.8   8558  -18.5  -28.6     41   1.02    274    3.7  342.7  346.6  342.9
  353.4   8566  -18.7  -28.8     41   1.01    274    3.8  342.5  346.4  342.7
  353.0   8575  -18.7  -29.3     39   0.96    274    3.8  342.7  346.4  342.9
  352.5   8585  -18.5  -29.6     37   0.94    275    3.8  343.0  346.6  343.2
  352.1   8594  -18.6  -29.1     39   0.98    275    3.9  343.0  346.8  343.2
  351.6   8603  -18.8  -28.8     41   1.01    275    3.9  342.9  346.8  343.1
  351.2   8612  -18.9  -28.8     41   1.01    275    3.9  342.8  346.7  343.0
  350.8   8621  -19.0  -29.2     40   0.98    275    4.0  342.8  346.6  343.0
  350.4   8631  -19.1  -29.4     40   0.96    276    4.0  342.7  346.5  342.9
  349.9   8640  -19.3  -29.2     41   0.98    276    4.0  342.6  346.4  342.8
  349.6   8647  -19.4  -29.1     42   0.99    276    4.0  342.7  346.5  342.9
  349.2   8656  -19.4  -29.2     42   0.98    276    4.0  342.8  346.6  343.0
  348.7   8665  -19.5  -29.2     42   0.98    276    4.0  342.8  346.6  343.0
  348.3   8675  -19.5  -29.3     41   0.97    276    4.0  342.9  346.7  343.1
  347.9   8684  -19.5  -29.4     41   0.97    276    4.0  343.0  346.8  343.2
  347.4   8692  -19.5  -29.2     42   0.98    276    4.0  343.1  346.9  343.3
  347.1   8701  -19.6  -29.5     41   0.96    275    4.0  343.0  346.7  343.2
  346.6   8710  -19.8  -30.2     39   0.90    275    3.9  342.9  346.4  343.1
  346.2   8720  -19.9  -30.2     39   0.90    274    3.9  343.0  346.5  343.1
  345.8   8728  -19.7  -30.2     39   0.90    274    3.8  343.2  346.8  343.4
  345.4   8737  -19.6  -31.4     34   0.80    273    3.8  343.5  346.6  343.6
  345.0   8744  -19.7  -32.3     32   0.74    272    3.8  343.5  346.4  343.6
  344.7   8752  -19.8  -32.3     32   0.74    272    3.8  343.4  346.4  343.6
  344.2   8762  -19.9  -32.4     32   0.73    271    3.7  343.5  346.4  343.7
  343.7   8773  -19.9  -32.7     31   0.72    271    3.7  343.6  346.5  343.8
  343.2   8783  -20.0  -33.3     29   0.67    270    3.7  343.6  346.3  343.8
  342.8   8792  -20.1  -34.3     27   0.61    270    3.7  343.6  346.0  343.7
  342.4   8801  -20.1  -35.4     24   0.55    270    3.7  343.7  345.9  343.8
  342.0   8810  -20.2  -36.4     22   0.50    269    3.7  343.7  345.7  343.8
  341.6   8819  -20.4  -36.5     22   0.49    269    3.7  343.6  345.6  343.7
  341.2   8827  -20.5  -36.5     22   0.49    269    3.6  343.5  345.5  343.6
  340.8   8837  -20.5  -35.8     24   0.53    269    3.6  343.6  345.7  343.7
  340.3   8846  -20.5  -34.2     28   0.62    269    3.5  343.7  346.2  343.8
  339.9   8855  -20.6  -34.2     29   0.63    268    3.4  343.8  346.3  343.9
  339.6   8862  -20.6  -34.4     28   0.61    268    3.3  343.8  346.2  343.9
  339.2   8870  -20.7  -34.8     27   0.59    268    3.1  343.9  346.2  344.0
  338.7   8880  -20.8  -34.8     27   0.59    268    3.0  343.8  346.2  344.0
  338.3   8890  -20.9  -34.5     28   0.61    268    2.9  343.9  346.3  344.0
  338.0   8897  -20.9  -34.6     28   0.60    269    2.7  343.9  346.3  344.0
  337.6   8905  -21.0  -34.9     28   0.59    269    2.6  343.9  346.2  344.0
  337.2   8914  -21.2  -36.0     25   0.53    271    2.6  343.8  345.9  343.9
  336.8   8923  -21.3  -37.1     23   0.47    272    2.5  343.7  345.6  343.8
  336.4   8932  -21.4  -36.1     25   0.52    273    2.5  343.7  345.8  343.8
  336.0   8941  -21.5  -35.9     26   0.53    275    2.6  343.7  345.8  343.8
  335.5   8951  -21.5  -35.9     26   0.53    275    2.7  343.8  345.9  343.9
  335.1   8960  -21.6  -36.0     26   0.53    275    2.8  343.8  345.9  343.9
  334.7   8969  -21.7  -35.9     26   0.53    274    2.9  343.8  345.9  343.9
  334.3   8978  -21.8  -35.9     27   0.54    273    3.1  343.7  345.9  343.8
  333.9   8987  -21.9  -35.8     27   0.54    271    3.3  343.7  345.9  343.8
  333.5   8996  -21.9  -35.8     27   0.54    268    3.5  343.8  346.0  343.9
  333.1   9005  -21.9  -35.9     27   0.54    265    3.7  343.9  346.1  344.0
  332.6   9014  -22.0  -36.0     27   0.53    262    3.9  344.0  346.2  344.1
  332.2   9024  -22.1  -36.1     27   0.53    259    4.1  344.0  346.1  344.1
  331.8   9033  -22.2  -36.6     26   0.50    256    4.3  344.0  346.0  344.1
  331.4   9042  -22.1  -37.5     23   0.46    253    4.4  344.1  346.0  344.2
  331.0   9050  -22.0  -38.1     22   0.43    251    4.6  344.4  346.2  344.5
  330.7   9058  -21.9  -38.7     20   0.41    249    4.6  344.7  346.4  344.8
  330.3   9065  -22.0  -39.5     19   0.38    248    4.7  344.6  346.1  344.7
  330.0   9073  -22.2  -40.5     17   0.34    247    4.7  344.5  345.9  344.6
  329.7   9080  -22.3  -41.1     16   0.32    246    4.7  344.5  345.8  344.5
  329.3   9088  -22.2  -42.0     15   0.29    246    4.6  344.7  345.9  344.7
  328.9   9097  -22.0  -43.8     12   0.24    246    4.6  345.0  346.0  345.1
  328.5   9106  -21.8  -47.4      8   0.16    246    4.5  345.4  346.1  345.4
  328.2   9114  -21.8  -50.0      6   0.12    247    4.4  345.6  346.1  345.6
  327.8   9122  -21.8  -51.3      5   0.10    247    4.2  345.7  346.1  345.7
  327.4   9131  -21.9  -51.9      5   0.10    246    4.1  345.7  346.1  345.7
  327.0   9139  -22.0  -51.8      5   0.10    246    4.1  345.7  346.1  345.7
  326.6   9149  -22.0  -51.6      5   0.10    244    4.0  345.8  346.2  345.8
  326.2   9157  -22.0  -51.4      5   0.10    243    3.9  345.9  346.3  345.9
  325.9   9164  -22.0  -51.5      5   0.10    240    3.9  345.9  346.4  345.9
  325.6   9172  -22.1  -51.5      5   0.10    238    3.9  346.0  346.4  346.0
  325.2   9181  -22.0  -51.5      5   0.10    235    4.0  346.1  346.6  346.2
  324.8   9189  -22.1  -51.6      5   0.10    232    4.0  346.2  346.6  346.2
  324.5   9197  -22.1  -51.6      5   0.10    229    4.1  346.2  346.6  346.2
  324.1   9205  -22.1  -51.8      5   0.10    227    4.2  346.4  346.9  346.4
  323.8   9214  -22.0  -52.6      4   0.09    225    4.3  346.6  347.0  346.6
  323.4   9221  -22.0  -53.1      4   0.08    223    4.5  346.8  347.1  346.8
  323.0   9230  -22.0  -53.6      4   0.08    221    4.6  346.8  347.2  346.8
  322.7   9238  -22.1  -55.2      3   0.07    219    4.7  346.9  347.2  346.9
  322.4   9244  -22.1  -57.7      2   0.05    218    4.8  347.0  347.2  347.0
  322.1   9251  -22.1  -57.4      2   0.05    217    4.9  347.0  347.3  347.0
  321.7   9260  -22.0  -56.6      3   0.06    216    5.0  347.2  347.5  347.2
  321.3   9268  -22.0  -56.1      3   0.06    215    5.0  347.3  347.6  347.3
  321.0   9276  -22.2  -55.9      3   0.06    214    5.1  347.2  347.5  347.3
  320.7   9284  -22.3  -55.5      3   0.06    213    5.1  347.1  347.4  347.2
  320.3   9292  -22.4  -55.6      3   0.06    213    5.1  347.1  347.4  347.2
  319.9   9301  -22.4  -55.4      3   0.07    212    5.1  347.2  347.5  347.2
  319.6   9309  -22.4  -54.4      4   0.07    212    5.1  347.3  347.7  347.4
  319.2   9316  -22.5  -54.0      4   0.08    211    5.0  347.3  347.7  347.3
  318.9   9325  -22.6  -54.0      4   0.08    211    5.0  347.3  347.6  347.3
  318.5   9334  -22.6  -53.8      4   0.08    211    5.0  347.4  347.7  347.4
  318.1   9343  -22.7  -53.8      4   0.08    211    4.9  347.4  347.8  347.4
  317.6   9354  -22.8  -53.8      4   0.08    211    4.9  347.5  347.8  347.5
  317.2   9364  -22.7  -53.3      4   0.08    211    4.9  347.7  348.0  347.7
  316.9   9372  -22.8  -53.2      4   0.09    211    4.8  347.6  348.0  347.6
  316.6   9379  -22.9  -53.1      5   0.09    211    4.8  347.5  347.9  347.6
  316.2   9386  -22.9  -53.1      5   0.09    211    4.8  347.7  348.1  347.7
  315.9   9394  -23.1  -52.7      5   0.09    211    4.8  347.6  348.0  347.6
  315.6   9402  -23.1  -51.5      6   0.11    210    4.8  347.7  348.1  347.7
  315.2   9410  -23.0  -51.5      6   0.11    210    4.7  347.9  348.3  347.9
  314.8   9419  -23.1  -51.5      6   0.11    210    4.7  347.9  348.4  348.0
  314.4   9428  -23.2  -51.5      6   0.11    210    4.7  347.8  348.3  347.9
  314.1   9435  -23.3  -51.4      6   0.11    210    4.7  347.8  348.3  347.8
  313.8   9444  -23.4  -51.5      6   0.11    209    4.6  347.8  348.3  347.9
  313.4   9452  -23.5  -51.6      6   0.11    209    4.6  347.8  348.3  347.8
  313.1   9460  -23.6  -51.6      6   0.11    209    4.6  347.7  348.1  347.7
  312.7   9467  -23.8  -51.6      6   0.11    209    4.6  347.6  348.1  347.6
  312.4   9475  -23.9  -51.6      6   0.11    209    4.6  347.6  348.0  347.6
  312.0   9484  -23.8  -51.6      6   0.10    209    4.6  347.7  348.2  347.8
  311.7   9492  -23.8  -51.7      6   0.10    209    4.6  347.9  348.3  347.9
  311.3   9500  -24.0  -51.7      6   0.10    209    4.6  347.8  348.3  347.8
  310.9   9510  -24.1  -51.7      6   0.10    209    4.7  347.8  348.3  347.8
  310.5   9520  -24.1  -51.7      6   0.10    210    4.7  347.8  348.3  347.8
  310.1   9528  -24.2  -51.7      6   0.10    210    4.7  347.8  348.3  347.8
  309.8   9536  -24.4  -51.8      6   0.10    211    4.7  347.7  348.2  347.7
  309.4   9545  -24.5  -51.8      6   0.10    211    4.8  347.7  348.1  347.7
  309.1   9553  -24.5  -51.8      6   0.10    212    4.8  347.7  348.2  347.8
  308.8   9560  -24.7  -51.8      6   0.10    213    4.8  347.6  348.0  347.6
  308.4   9569  -24.8  -51.7      6   0.10    213    4.8  347.5  348.0  347.5
  308.0   9578  -24.8  -51.7      6   0.11    214    4.8  347.7  348.2  347.7
  307.7   9586  -24.8  -51.9      6   0.10    214    4.8  347.8  348.2  347.8
  307.3   9594  -25.0  -51.9      6   0.10    214    4.8  347.7  348.1  347.7
  307.0   9602  -25.1  -52.0      6   0.10    214    4.8  347.6  348.1  347.7
  306.7   9609  -25.2  -52.0      6   0.10    214    4.8  347.6  348.0  347.6
  306.4   9616  -25.3  -51.9      6   0.10    214    4.8  347.5  347.9  347.5
  306.0   9625  -25.4  -51.9      7   0.10    213    4.8  347.5  347.9  347.5
  305.7   9633  -25.4  -51.9      7   0.10    212    4.8  347.5  348.0  347.6
  305.4   9640  -25.5  -51.9      7   0.10    211    4.8  347.6  348.0  347.6
  305.1   9648  -25.5  -52.0      7   0.10    211    4.8  347.6  348.1  347.7
  304.7   9657  -25.6  -52.1      7   0.10    210    4.8  347.6  348.0  347.6
  304.3   9666  -25.8  -52.1      7   0.10    209    4.8  347.5  348.0  347.6
  304.0   9674  -25.8  -51.9      7   0.10    209    4.9  347.6  348.1  347.7
  303.6   9683  -25.8  -52.0      7   0.10    208    4.9  347.6  348.1  347.7
  303.3   9691  -25.9  -52.0      7   0.10    208    4.9  347.6  348.1  347.6
  302.9   9700  -25.9  -51.9      7   0.10    208    4.9  347.8  348.3  347.8
  302.5   9708  -25.9  -52.0      7   0.10    208    4.9  347.9  348.4  348.0
  302.2   9717  -25.9  -52.1      7   0.10    208    4.9  348.0  348.5  348.1
  301.8   9725  -26.0  -52.1      7   0.10    208    4.9  348.1  348.5  348.1
  301.5   9734  -26.1  -52.0      7   0.10    209    4.9  347.9  348.4  348.0
  301.1   9742  -26.3  -52.0      7   0.10    209    4.9  347.8  348.3  347.8
  300.8   9749  -26.5  -52.0      7   0.10    210    4.9  347.7  348.2  347.7
  300.5   9758  -26.4  -51.8      7   0.11    210    4.9  347.8  348.3  347.9
  300.1   9766  -26.5  -51.8      7   0.11    210    4.9  347.9  348.4  347.9
  300.0   9769  -26.5  -51.8      7   0.11    210    4.9  347.9  348.3  347.9
  299.8   9775  -26.6  -51.8      7   0.11    210    4.9  347.8  348.3  347.8
  299.4   9783  -26.6  -51.7      7   0.11    210    4.9  348.0  348.4  348.0
  299.1   9791  -26.7  -51.9      7   0.11    210    4.9  348.0  348.5  348.0
  298.8   9799  -26.8  -51.9      7   0.11    210    4.9  347.9  348.4  347.9
  298.4   9808  -26.9  -51.6      8   0.11    209    4.9  347.9  348.3  347.9
  298.1   9815  -27.0  -51.6      8   0.11    209    4.9  347.9  348.4  347.9
  297.8   9822  -27.1  -51.6      8   0.11    208    4.9  347.8  348.3  347.8
  297.5   9831  -27.2  -51.5      8   0.11    208    4.9  347.7  348.2  347.8
  297.1   9839  -27.3  -51.4      8   0.11    207    4.9  347.8  348.3  347.8
  296.7   9848  -27.3  -50.9      9   0.12    207    4.9  347.8  348.4  347.9
  296.4   9856  -27.3  -50.6      9   0.12    207    4.9  347.9  348.5  347.9
  296.1   9864  -27.3  -51.1      9   0.12    207    4.9  348.1  348.6  348.1
  295.8   9872  -27.3  -51.4      8   0.11    207    4.9  348.2  348.7  348.2
  295.4   9880  -27.4  -51.3      8   0.11    208    4.9  348.1  348.6  348.2
  295.1   9888  -27.6  -51.1      9   0.12    208    4.9  348.0  348.5  348.1
  294.7   9897  -27.7  -51.0      9   0.12    209    4.9  348.0  348.5  348.0
  294.4   9906  -27.8  -50.9      9   0.12    210    4.9  348.0  348.5  348.0
  294.0   9914  -27.8  -50.9      9   0.12    211    4.9  348.0  348.5  348.0
  293.7   9922  -27.9  -51.2      9   0.12    211    4.9  348.0  348.6  348.1
  293.3   9932  -28.0  -51.4      9   0.11    212    4.9  348.1  348.6  348.1
  292.9   9941  -28.0  -51.7      8   0.11    213    4.9  348.2  348.7  348.2
  292.6   9950  -28.1  -52.1      8   0.11    213    4.9  348.2  348.6  348.2
  292.2   9958  -28.1  -52.6      8   0.10    213    4.9  348.2  348.7  348.3
  291.8   9968  -28.0  -53.0      7   0.10    213    4.9  348.5  348.9  348.5
  291.5   9977  -28.0  -53.6      7   0.09    213    4.9  348.7  349.1  348.7
  291.1   9986  -27.9  -53.9      6   0.09    213    4.9  349.0  349.4  349.0
  290.8   9994  -27.9  -54.3      6   0.08    213    4.9  349.1  349.4  349.1
  290.4  10003  -28.1  -54.7      6   0.08    213    4.9  348.9  349.2  348.9
  290.0  10012  -28.3  -54.6      6   0.08    213    4.9  348.8  349.2  348.8
  289.7  10021  -28.3  -54.5      6   0.08    213    4.9  348.8  349.1  348.8
  289.3  10029  -28.4  -54.6      6   0.08    213    4.9  348.8  349.1  348.8
  289.0  10037  -28.4  -54.7      6   0.08    213    4.9  348.9  349.3  348.9
  288.7  10046  -28.4  -54.8      6   0.08    213    4.9  349.0  349.3  349.0
  288.3  10054  -28.6  -54.7      6   0.08    213    4.9  348.9  349.3  349.0
  288.0  10063  -28.6  -54.6      6   0.08    213    4.9  349.0  349.4  349.1
  287.7  10071  -28.6  -54.5      6   0.08    214    4.9  349.2  349.5  349.2
  287.3  10080  -28.6  -54.2      7   0.08    214    4.8  349.2  349.6  349.2
  286.9  10089  -28.8  -54.0      7   0.09    214    4.8  349.0  349.4  349.0
  286.6  10098  -29.0  -54.0      7   0.09    214    4.7  348.9  349.3  348.9
  286.3  10106  -29.1  -54.2      7   0.08    213    4.6  348.8  349.2  348.9
  286.0  10114  -29.2  -54.2      7   0.08    213    4.4  348.9  349.3  348.9
  285.6  10122  -29.2  -54.2      7   0.08    213    4.3  349.0  349.4  349.0
  285.3  10130  -29.2  -54.2      7   0.08    212    4.2  349.0  349.4  349.0
  284.9  10140  -29.1  -54.1      7   0.09    212    4.1  349.3  349.7  349.3
  284.6  10149  -29.1  -54.0      7   0.09    211    3.9  349.5  349.9  349.5
  284.2  10157  -29.1  -53.9      7   0.09    211    3.8  349.7  350.1  349.7
  283.9  10166  -29.1  -54.0      7   0.09    211    3.7  349.8  350.2  349.8
  283.5  10174  -29.1  -54.1      7   0.09    210    3.7  349.8  350.2  349.9
  283.2  10183  -29.3  -54.2      7   0.09    210    3.6  349.7  350.1  349.7
  282.9  10191  -29.4  -54.2      7   0.09    210    3.5  349.6  350.0  349.6
  282.5  10200  -29.5  -54.2      7   0.08    210    3.5  349.6  350.0  349.6
  282.1  10210  -29.6  -54.2      7   0.09    211    3.4  349.6  350.0  349.7
  281.8  10219  -29.7  -54.2      7   0.09    211    3.4  349.6  349.9  349.6
  281.4  10228  -29.9  -54.1      8   0.09    211    3.4  349.5  349.9  349.5
  281.1  10237  -30.0  -54.1      8   0.09    211    3.3  349.5  349.8  349.5
  280.8  10244  -30.1  -54.2      8   0.09    211    3.3  349.4  349.8  349.5
  280.4  10253  -30.2  -54.4      8   0.08    210    3.2  349.3  349.7  349.4
  280.1  10262  -30.3  -54.4      8   0.08    210    3.2  349.3  349.6  349.3
  279.7  10271  -30.4  -54.3      8   0.08    209    3.1  349.3  349.7  349.4
  279.3  10280  -30.5  -54.5      8   0.08    208    3.1  349.3  349.7  349.4
  279.0  10288  -30.6  -54.4      8   0.08    207    3.1  349.3  349.7  349.3
  278.7  10296  -30.6  -54.5      8   0.08    206    3.0  349.4  349.8  349.4
  278.4  10305  -30.7  -54.5      8   0.08    205    3.0  349.4  349.8  349.4
  278.1  10313  -30.8  -54.4      8   0.08    204    3.0  349.4  349.8  349.4
  277.8  10321  -30.9  -54.2      8   0.09    204    3.0  349.3  349.7  349.3
  277.4  10329  -31.0  -54.1      9   0.09    203    3.0  349.3  349.7  349.3
  277.1  10337  -31.1  -54.2      8   0.09    202    3.0  349.2  349.6  349.3
  276.8  10345  -31.2  -54.4      8   0.09    202    3.0  349.2  349.6  349.2
  276.5  10354  -31.3  -54.6      8   0.08    203    3.0  349.2  349.6  349.2
  276.1  10362  -31.4  -54.5      8   0.08    203    3.0  349.2  349.6  349.3
  275.8  10370  -31.4  -54.5      8   0.08    204    3.0  349.3  349.6  349.3
  275.5  10378  -31.5  -54.6      8   0.08    205    3.0  349.3  349.7  349.3
  275.2  10386  -31.5  -54.6      8   0.08    206    3.0  349.4  349.8  349.4
  274.9  10394  -31.5  -54.6      8   0.08    207    3.1  349.5  349.9  349.5
  274.6  10402  -31.5  -54.6      8   0.08    209    3.1  349.5  349.9  349.5
  274.3  10410  -31.7  -54.5      9   0.09    210    3.1  349.5  349.8  349.5
  273.9  10419  -31.7  -54.2      9   0.09    210    3.2  349.5  349.9  349.5
  273.6  10427  -31.8  -54.1      9   0.09    211    3.2  349.5  349.9  349.6
  273.3  10435  -31.8  -54.1      9   0.09    211    3.3  349.6  350.0  349.6
  273.0  10443  -31.9  -54.5      9   0.09    211    3.3  349.5  349.9  349.5
  272.7  10451  -32.1  -54.7      9   0.08    210    3.4  349.5  349.8  349.5
  272.4  10459  -32.1  -54.8      9   0.08    209    3.4  349.5  349.8  349.5
  272.1  10466  -32.2  -55.1      8   0.08    208    3.5  349.4  349.8  349.4
  271.8  10473  -32.3  -55.4      8   0.08    206    3.5  349.5  349.8  349.5
  271.6  10480  -32.3  -55.9      8   0.07    205    3.6  349.6  349.9  349.6
  271.2  10489  -32.4  -56.3      7   0.07    203    3.7  349.6  349.9  349.6
  270.9  10497  -32.4  -55.8      8   0.07    202    3.7  349.6  349.9  349.6
  270.6  10505  -32.4  -55.0      9   0.08    200    3.8  349.8  350.1  349.8
  270.3  10512  -32.4  -54.6      9   0.09    199    3.9  349.9  350.3  349.9
  270.0  10520  -32.4  -54.6      9   0.08    198    3.9  350.0  350.4  350.0
  269.7  10528  -32.4  -54.9      9   0.08    198    4.0  350.1  350.4  350.1
  269.4  10536  -32.4  -55.3      8   0.08    197    4.1  350.2  350.5  350.2
  269.1  10546  -32.5  -55.5      8   0.08    196    4.1  350.1  350.5  350.1
  268.7  10555  -32.6  -55.4      8   0.08    196    4.2  350.2  350.5  350.2
  268.4  10564  -32.6  -55.5      8   0.08    196    4.2  350.3  350.6  350.3
  268.0  10573  -32.6  -55.6      8   0.08    196    4.3  350.4  350.7  350.4
  267.6  10583  -32.7  -55.7      8   0.07    196    4.3  350.4  350.7  350.4
  267.3  10593  -32.9  -55.8      8   0.07    196    4.3  350.3  350.6  350.3
  266.9  10602  -33.0  -55.8      8   0.07    196    4.2  350.3  350.6  350.3
  266.6  10611  -33.2  -55.9      8   0.07    197    4.2  350.1  350.5  350.1
  266.2  10620  -33.3  -56.1      8   0.07    197    4.1  350.1  350.5  350.2
  265.9  10628  -33.3  -56.2      8   0.07    197    4.0  350.2  350.5  350.2
  265.6  10637  -33.4  -56.3      8   0.07    197    3.9  350.2  350.5  350.2
  265.3  10646  -33.4  -56.3      8   0.07    197    3.8  350.2  350.5  350.2
  265.0  10653  -33.5  -56.2      8   0.07    198    3.7  350.3  350.6  350.3
  264.7  10661  -33.5  -56.3      8   0.07    198    3.6  350.4  350.7  350.4
  264.4  10669  -33.6  -55.8      9   0.08    199    3.5  350.4  350.7  350.4
  264.0  10678  -33.6  -55.0     10   0.08    200    3.3  350.5  350.9  350.5
  263.7  10686  -33.6  -54.8     10   0.09    200    3.2  350.6  351.0  350.6
  263.5  10693  -33.7  -54.4     11   0.09    201    3.1  350.5  350.9  350.5
  263.2  10701  -33.8  -54.4     11   0.09    203    3.1  350.5  350.9  350.5
  262.9  10709  -33.9  -54.8     10   0.09    204    3.0  350.5  350.8  350.5
  262.6  10716  -34.0  -54.9     10   0.08    205    2.9  350.5  350.9  350.5
  262.3  10723  -34.1  -54.8     11   0.09    207    2.9  350.3  350.7  350.3
  262.0  10731  -34.3  -54.6     11   0.09    209    2.8  350.3  350.6  350.3
  261.7  10739  -34.2  -54.8     11   0.09    210    2.8  350.4  350.8  350.4
  261.4  10747  -34.1  -55.4     10   0.08    212    2.7  350.7  351.1  350.7
  261.1  10756  -34.1  -55.7      9   0.08    214    2.7  350.9  351.2  350.9
  260.8  10765  -34.2  -55.7      9   0.08    215    2.6  350.8  351.1  350.8
  260.5  10773  -34.4  -55.7     10   0.08    217    2.6  350.6  351.0  350.7
  260.2  10781  -34.5  -55.8     10   0.08    218    2.5  350.6  350.9  350.6
  259.9  10789  -34.5  -56.1      9   0.07    220    2.5  350.6  351.0  350.7
  259.6  10796  -34.5  -56.5      9   0.07    221    2.4  350.8  351.1  350.8
  259.3  10804  -34.5  -56.8      9   0.07    222    2.4  351.0  351.3  351.0
  259.0  10812  -34.6  -56.9      9   0.07    224    2.3  350.9  351.2  350.9
  258.6  10823  -34.8  -57.2      8   0.06    225    2.3  350.8  351.1  350.9
  258.2  10833  -35.0  -56.6      9   0.07    227    2.2  350.7  351.0  350.7
  257.9  10842  -35.1  -55.2     11   0.08    228    2.2  350.6  351.0  350.6
  257.5  10852  -35.2  -54.7     12   0.09    230    2.2  350.6  351.0  350.6
  257.2  10862  -35.3  -55.3     11   0.08    231    2.2  350.6  351.0  350.6
  256.8  10871  -35.4  -56.4     10   0.07    233    2.2  350.6  351.0  350.6
  256.5  10880  -35.4  -56.8      9   0.07    235    2.2  350.6  351.0  350.7
  256.2  10887  -35.5  -56.5     10   0.07    236    2.3  350.6  351.0  350.7
  256.0  10894  -35.6  -56.5     10   0.07    237    2.3  350.6  350.9  350.6
  255.7  10902  -35.8  -56.3     10   0.07    239    2.4  350.5  350.8  350.5
  255.4  10911  -35.8  -56.1     11   0.08    239    2.4  350.5  350.9  350.5
  255.1  10919  -35.8  -56.2     10   0.07    240    2.4  350.6  351.0  350.7
  254.8  10927  -35.8  -56.4     10   0.07    241    2.5  350.8  351.1  350.8
  254.5  10934  -35.9  -56.0     11   0.08    241    2.5  350.7  351.1  350.8
  254.2  10942  -36.0  -55.6     11   0.08    242    2.5  350.7  351.1  350.8
  254.0  10949  -36.0  -55.7     11   0.08    242    2.5  350.8  351.2  350.8
  253.7  10957  -35.9  -55.7     11   0.08    242    2.5  351.0  351.4  351.0
  253.4  10965  -35.9  -55.3     12   0.08    241    2.5  351.1  351.5  351.2
  253.1  10974  -36.0  -54.9     13   0.09    241    2.4  351.1  351.5  351.2
  252.7  10983  -36.2  -55.1     12   0.09    240    2.4  351.1  351.5  351.1
  252.5  10991  -36.3  -55.2     13   0.09    239    2.4  350.9  351.3  351.0
  252.2  10998  -36.4  -54.9     13   0.09    238    2.4  350.9  351.3  350.9
  252.0  11004  -36.5  -55.2     13   0.09    236    2.3  350.8  351.2  350.8
  251.7  11012  -36.6  -55.6     12   0.08    234    2.3  350.9  351.2  350.9
  251.4  11021  -36.6  -55.8     12   0.08    232    2.4  351.0  351.3  351.0
  251.1  11029  -36.7  -55.7     12   0.08    230    2.4  350.9  351.3  351.0
  250.8  11036  -36.8  -55.5     13   0.08    229    2.4  350.8  351.2  350.9
  250.5  11043  -37.0  -55.5     13   0.08    227    2.5  350.7  351.1  350.7
  250.3  11051  -37.1  -55.7     13   0.08    226    2.5  350.7  351.0  350.7
  250.0  11058  -37.1  -55.7     13   0.08    226    2.5  350.7  351.1  350.7
  249.7  11067  -37.2  -55.9     12   0.08    224    2.5  350.8  351.2  350.8
  249.4  11075  -37.2  -56.3     12   0.08    223    2.5  350.8  351.2  350.9
  249.1  11083  -37.2  -56.5     12   0.07    222    2.4  350.9  351.3  351.0
  248.8  11093  -37.2  -56.5     12   0.07    221    2.2  351.1  351.5  351.1
  248.4  11103  -37.2  -56.4     12   0.07    219    2.1  351.2  351.5  351.2
  248.0  11113  -37.5  -56.3     12   0.08    217    1.9  351.0  351.4  351.1
  247.7  11123  -37.6  -56.4     12   0.07    214    1.6  350.9  351.2  350.9
  247.3  11132  -37.7  -56.7     12   0.07    209    1.3  350.9  351.3  351.0
  247.0  11141  -37.7  -56.8     12   0.07    203    1.1  351.0  351.3  351.0
  246.7  11151  -37.8  -57.0     12   0.07    195    0.9  351.0  351.3  351.0
  246.3  11162  -37.9  -57.1     12   0.07    179    0.7  351.0  351.3  351.0
  245.9  11172  -38.1  -57.2     12   0.07    153    0.6  351.0  351.3  351.0
  245.5  11183  -38.2  -57.1     12   0.07    127    0.7  351.0  351.3  351.0
  245.1  11196  -38.3  -57.1     12   0.07    109    0.8  351.0  351.3  351.0
  244.7  11207  -38.4  -57.4     12   0.07    101    0.9  351.0  351.3  351.0
  244.4  11216  -38.5  -57.4     12   0.07     95    1.0  351.0  351.3  351.0
  244.0  11225  -38.6  -57.3     12   0.07     91    1.2  351.0  351.3  351.0
  243.7  11234  -38.6  -57.3     12   0.07     88    1.3  351.0  351.3  351.0
  243.4  11243  -38.7  -57.2     12   0.07     86    1.4  351.0  351.4  351.1
  243.1  11250  -38.8  -57.1     13   0.07     86    1.5  351.1  351.4  351.1
  242.8  11258  -38.8  -57.1     13   0.07     86    1.6  351.1  351.5  351.1
  242.5  11267  -38.8  -57.2     13   0.07     86    1.7  351.3  351.6  351.3
  242.2  11277  -38.9  -57.0     13   0.07     85    1.7  351.3  351.6  351.3
  241.8  11287  -39.1  -56.2     14   0.08     85    1.8  351.2  351.5  351.2
  241.5  11296  -39.2  -55.9     15   0.08     84    1.9  351.1  351.4  351.1
  241.2  11304  -39.3  -55.5     16   0.09     84    1.9  351.1  351.4  351.1
  241.0  11311  -39.4  -55.0     17   0.09     83    2.0  351.1  351.5  351.1
  240.7  11318  -39.4  -54.8     18   0.09     81    2.1  351.1  351.5  351.1
  240.5  11326  -39.5  -54.8     18   0.09     80    2.1  351.1  351.5  351.1
  240.1  11335  -39.5  -54.9     18   0.09     79    2.1  351.2  351.6  351.3
  239.8  11343  -39.5  -56.0     16   0.08     78    2.2  351.4  351.8  351.4
  239.5  11352  -39.6  -56.5     15   0.08     78    2.2  351.3  351.7  351.4
  239.2  11361  -39.8  -56.0     16   0.08     78    2.3  351.2  351.5  351.2
  238.8  11372  -39.9  -55.9     17   0.08     80    2.3  351.1  351.5  351.2
  238.5  11383  -40.1  -56.1     16   0.08     82    2.4  351.1  351.4  351.1
  238.2  11391  -40.2  -55.8     17   0.08     84    2.5  351.0  351.4  351.0
  237.9  11398  -40.2  -54.0     21   0.10     87    2.7  351.1  351.6  351.1
  237.6  11408  -40.2  -52.6     25   0.12     91    2.9  351.2  351.8  351.2
  237.2  11418  -40.2  -53.7     22   0.11     93    3.1  351.3  351.8  351.3
  236.9  11428  -40.4  -55.1     19   0.09     96    3.3  351.2  351.7  351.3
  236.5  11439  -40.5  -54.4     21   0.10     98    3.5  351.2  351.6  351.2
  236.1  11450  -40.7  -53.5     24   0.11    100    3.8  351.1  351.6  351.2
  235.7  11461  -40.8  -52.6     27   0.12    101    4.0  351.1  351.7  351.1
  235.4  11470  -40.9  -51.6     31   0.14    101    4.2  351.1  351.7  351.1
  235.2  11477  -41.0  -51.4     32   0.14    101    4.3  351.1  351.7  351.1
  234.9  11485  -41.0  -51.9     30   0.13    100    4.4  351.1  351.7  351.2
  234.6  11494  -41.1  -52.1     29   0.13     99    4.4  351.2  351.8  351.2
  234.3  11504  -41.2  -50.7     35   0.16     98    4.5  351.2  351.9  351.2
  233.9  11514  -41.2  -49.4     41   0.18     97    4.5  351.2  352.0  351.3
  233.6  11523  -41.3  -49.0     43   0.19     95    4.4  351.3  352.2  351.4
  233.3  11530  -41.3  -48.8     44   0.20     93    4.4  351.4  352.2  351.4
  233.1  11538  -41.4  -49.0     43   0.19     92    4.3  351.4  352.2  351.4
  232.8  11545  -41.3  -50.0     38   0.17     90    4.3  351.6  352.4  351.7
  232.6  11552  -41.2  -51.0     34   0.15     88    4.3  351.8  352.5  351.9
  232.4  11558  -41.3  -50.6     36   0.16     87    4.3  351.7  352.4  351.8
  232.2  11565  -41.5  -50.0     39   0.17     86    4.3  351.6  352.3  351.6
  231.9  11572  -41.6  -50.1     39   0.17     85    4.3  351.6  352.3  351.6
  231.6  11580  -41.7  -50.5     38   0.16     84    4.3  351.6  352.3  351.6
  231.4  11588  -41.7  -50.6     38   0.16     84    4.4  351.6  352.3  351.6
  231.1  11596  -41.7  -50.7     37   0.16     83    4.4  351.8  352.5  351.8
  230.8  11604  -41.6  -50.8     36   0.16     83    4.4  352.0  352.6  352.0
  230.6  11611  -41.8  -50.9     37   0.16     82    4.5  351.8  352.5  351.9
  230.3  11619  -41.9  -50.6     38   0.16     81    4.5  351.8  352.5  351.8
  230.0  11627  -41.9  -50.4     39   0.16     81    4.5  352.0  352.7  352.0
  229.8  11635  -41.8  -50.5     38   0.16     80    4.5  352.2  352.9  352.2
  229.5  11642  -42.0  -50.7     38   0.16     80    4.4  351.9  352.6  352.0
  229.3  11649  -42.3  -51.0     38   0.15     79    4.4  351.6  352.2  351.6
  229.0  11657  -42.4  -51.8     35   0.14     79    4.4  351.6  352.2  351.7
  228.7  11665  -42.3  -52.7     31   0.13     78    4.3  351.9  352.4  351.9
  228.5  11673  -42.3  -52.9     31   0.12     77    4.3  351.9  352.5  351.9
  228.3  11679  -42.5  -52.8     31   0.12     77    4.2  351.7  352.3  351.7
  228.0  11687  -42.6  -52.9     32   0.12     76    4.1  351.7  352.3  351.7
  227.8  11695  -42.6  -53.0     31   0.12     75    4.1  351.8  352.3  351.8
  227.5  11703  -42.7  -53.0     31   0.12     75    4.0  351.9  352.4  351.9
  227.2  11710  -42.7  -52.7     33   0.13     74    4.0  351.9  352.4  351.9
  227.0  11718  -42.9  -52.5     34   0.13     73    4.0  351.7  352.3  351.8
  226.7  11725  -43.1  -52.6     34   0.13     72    4.0  351.6  352.2  351.6
  226.5  11732  -43.1  -52.8     34   0.13     71    4.0  351.6  352.1  351.6
  226.2  11740  -43.1  -52.8     34   0.13     70    4.0  351.7  352.3  351.7
  226.0  11747  -43.1  -53.0     33   0.12     68    4.0  351.9  352.4  351.9
  225.7  11755  -43.1  -53.2     32   0.12     67    4.0  352.0  352.5  352.0
  225.5  11763  -43.2  -53.3     32   0.12     66    4.1  351.8  352.4  351.9
  225.2  11771  -43.4  -53.5     32   0.12     64    4.1  351.8  352.3  351.8
  224.9  11779  -43.5  -53.6     32   0.12     63    4.1  351.7  352.2  351.7
  224.7  11786  -43.5  -53.6     32   0.12     62    4.1  351.8  352.3  351.8
  224.5  11793  -43.5  -53.8     31   0.11     61    4.2  351.9  352.4  352.0
  224.2  11800  -43.5  -54.2     30   0.11     59    4.2  352.0  352.5  352.1
  224.0  11807  -43.6  -54.2     30   0.11     58    4.2  352.0  352.5  352.1
  223.7  11814  -43.6  -53.6     32   0.12     57    4.2  352.0  352.6  352.1
  223.5  11821  -43.7  -52.6     37   0.13     56    4.1  352.0  352.6  352.0
  223.3  11827  -43.8  -52.0     40   0.14     55    4.1  352.0  352.6  352.1
  223.1  11835  -43.8  -51.8     41   0.14     54    4.1  352.0  352.7  352.1
  222.8  11843  -43.9  -52.0     40   0.14     54    4.1  352.0  352.7  352.1
  222.5  11851  -44.0  -52.4     39   0.13     53    4.1  352.1  352.7  352.1
  222.3  11859  -44.0  -53.0     36   0.12     53    4.0  352.1  352.6  352.1
  222.0  11866  -44.1  -53.6     34   0.12     53    4.0  352.2  352.7  352.2
  221.8  11873  -44.1  -53.6     34   0.12     54    4.0  352.2  352.8  352.3
  221.5  11881  -44.0  -53.9     33   0.11     54    3.9  352.4  352.9  352.4
  221.2  11890  -44.0  -54.6     30   0.10     55    3.9  352.6  353.1  352.6
  220.9  11899  -44.1  -55.6     27   0.09     57    3.8  352.6  353.0  352.7
  220.7  11907  -44.1  -56.3     24   0.08     59    3.7  352.7  353.1  352.7
  220.4  11915  -44.1  -56.2     25   0.09     61    3.6  352.8  353.2  352.8
  220.0  11927  -44.3  -55.1     29   0.10     63    3.4  352.8  353.2  352.8
  219.6  11939  -44.3  -53.9     33   0.11     66    3.3  352.8  353.3  352.9
  219.2  11952  -44.4  -54.1     33   0.11     69    3.1  352.9  353.4  352.9
  218.7  11967  -44.6  -54.9     31   0.10     72    2.9  352.8  353.3  352.8
  218.3  11980  -44.7  -55.3     29   0.10     76    2.8  352.9  353.4  353.0
  218.0  11988  -44.8  -55.6     29   0.09     80    2.6  352.9  353.3  352.9
  217.8  11994  -44.9  -55.6     29   0.09     84    2.5  352.7  353.2  352.7
  217.6  12001  -45.1  -55.3     31   0.10     89    2.4  352.6  353.1  352.7
  217.3  12010  -45.1  -55.2     31   0.10     93    2.3  352.7  353.1  352.7
  217.0  12020  -45.2  -55.2     31   0.10     97    2.3  352.7  353.2  352.8
  216.7  12030  -45.3  -55.4     31   0.10    101    2.2  352.7  353.2  352.8
  216.4  12038  -45.4  -55.6     31   0.09    104    2.2  352.7  353.2  352.8
  216.2  12045  -45.4  -55.7     31   0.09    107    2.2  352.7  353.1  352.7
  215.9  12052  -45.5  -56.1     29   0.09    109    2.2  352.8  353.2  352.8
  215.7  12060  -45.5  -57.0     26   0.08    112    2.3  352.8  353.2  352.8
  215.4  12069  -45.5  -57.9     23   0.07    114    2.3  353.0  353.4  353.1
  215.1  12078  -45.4  -58.1     22   0.07    116    2.3  353.3  353.6  353.3
  214.8  12086  -45.4  -58.4     22   0.07    118    2.3  353.4  353.7  353.4
  214.5  12095  -45.5  -58.6     21   0.07    121    2.3  353.4  353.7  353.4
  214.3  12103  -45.6  -58.5     22   0.07    123    2.3  353.4  353.7  353.4
  214.0  12111  -45.7  -58.3     23   0.07    126    2.3  353.4  353.7  353.4
  213.8  12119  -45.8  -58.3     23   0.07    128    2.3  353.2  353.5  353.2
  213.5  12127  -46.0  -58.3     23   0.07    130    2.3  353.1  353.5  353.2
  213.2  12137  -46.1  -58.5     23   0.07    133    2.3  353.2  353.5  353.2
  212.9  12148  -46.1  -58.8     22   0.06    135    2.3  353.3  353.6  353.3
  212.5  12159  -46.2  -59.1     22   0.06    136    2.4  353.3  353.6  353.3
  212.2  12169  -46.4  -59.4     22   0.06    138    2.4  353.1  353.4  353.1
  211.9  12178  -46.5  -59.4     22   0.06    138    2.4  353.1  353.3  353.1
  211.6  12186  -46.6  -59.7     21   0.06    139    2.5  353.1  353.3  353.1
  211.4  12194  -46.7  -60.1     20   0.05    139    2.6  353.1  353.3  353.1
  211.1  12201  -46.7  -60.5     19   0.05    139    2.6  353.2  353.5  353.2
  210.9  12209  -46.7  -60.7     19   0.05    139    2.7  353.2  353.4  353.2
  210.7  12216  -46.8  -61.1     18   0.05    138    2.8  353.2  353.4  353.2
  210.4  12223  -46.9  -61.5     17   0.05    138    2.9  353.2  353.5  353.3
  210.2  12231  -46.8  -62.3     15   0.04    138    2.9  353.4  353.6  353.4
  209.9  12240  -46.8  -63.3     14   0.04    138    3.0  353.5  353.7  353.5
  209.7  12248  -47.0  -63.7     13   0.03    138    3.1  353.4  353.5  353.4
  209.4  12255  -47.2  -63.8     13   0.03    139    3.2  353.3  353.4  353.3
  209.2  12262  -47.2  -63.8     13   0.03    140    3.2  353.4  353.5  353.4
  209.0  12269  -47.1  -64.0     13   0.03    140    3.3  353.5  353.6  353.5
  208.8  12276  -47.3  -64.4     12   0.03    142    3.4  353.4  353.5  353.4
  208.6  12283  -47.4  -64.4     12   0.03    143    3.4  353.3  353.4  353.3
  208.3  12290  -47.5  -64.3     13   0.03    144    3.5  353.3  353.4  353.3
  208.1  12297  -47.5  -64.2     13   0.03    145    3.5  353.3  353.5  353.3
  207.9  12304  -47.5  -64.1     13   0.03    146    3.6  353.5  353.6  353.5
  207.7  12311  -47.4  -64.0     13   0.03    147    3.6  353.8  353.9  353.8
  207.4  12320  -47.2  -64.0     13   0.03    148    3.6  354.1  354.3  354.1
  207.2  12327  -47.3  -64.1     13   0.03    149    3.7  354.1  354.3  354.1
  206.9  12334  -47.6  -64.2     13   0.03    150    3.7  353.8  354.0  353.9
  206.7  12342  -47.6  -63.9     14   0.03    151    3.7  353.8  354.0  353.8
  206.5  12350  -47.6  -63.4     14   0.04    152    3.7  354.0  354.2  354.0
  206.2  12358  -47.7  -63.0     15   0.04    152    3.7  354.0  354.2  354.0
  206.0  12365  -47.8  -62.5     17   0.04    153    3.7  353.9  354.1  353.9
  205.8  12371  -47.9  -62.0     18   0.04    153    3.7  353.9  354.1  353.9
  205.6  12378  -47.9  -61.6     19   0.05    154    3.7  353.9  354.1  353.9
  205.3  12386  -48.0  -61.7     19   0.05    155    3.7  353.9  354.1  353.9
  205.1  12393  -48.1  -62.0     19   0.04    155    3.7  353.8  354.0  353.8
  204.9  12401  -48.2  -62.4     18   0.04    156    3.6  353.9  354.1  353.9
  204.6  12409  -48.2  -62.6     17   0.04    157    3.6  354.0  354.2  354.0
  204.3  12418  -48.2  -62.7     17   0.04    158    3.6  354.1  354.2  354.1
  204.1  12425  -48.2  -62.8     17   0.04    159    3.6  354.2  354.4  354.2
  203.9  12433  -48.1  -63.0     16   0.04    160    3.6  354.5  354.7  354.5
  203.6  12440  -48.1  -63.4     15   0.04    161    3.5  354.6  354.8  354.6
  203.4  12447  -48.5  -63.8     15   0.04    163    3.5  354.1  354.3  354.1
  203.2  12454  -48.7  -63.8     16   0.04    164    3.5  353.8  354.0  353.8
  203.0  12461  -48.8  -64.1     15   0.03    165    3.4  353.9  354.0  353.9
  202.7  12469  -48.7  -64.7     14   0.03    166    3.4  354.1  354.3  354.2
  202.5  12478  -48.7  -65.6     12   0.03    167    3.3  354.3  354.4  354.3
  202.2  12486  -48.7  -66.1     11   0.03    168    3.3  354.3  354.5  354.3
  202.0  12495  -48.8  -66.0     12   0.03    169    3.3  354.3  354.4  354.3
  201.7  12503  -48.8  -65.6     12   0.03    171    3.2  354.4  354.6  354.4
  201.4  12512  -48.7  -65.4     13   0.03    172    3.2  354.7  354.9  354.7
  201.2  12520  -48.8  -65.7     12   0.03    173    3.2  354.8  354.9  354.8
  201.0  12528  -48.9  -66.3     11   0.03    173    3.2  354.7  354.8  354.7
  200.7  12535  -49.0  -67.0     11   0.02    174    3.2  354.7  354.8  354.7
  200.5  12543  -49.1  -67.5     10   0.02    175    3.2  354.5  354.6  354.5
  200.2  12551  -49.2  -67.8     10   0.02    176    3.2  354.5  354.6  354.5
  200.0  12559  -49.3  -67.7     10   0.02    176    3.2  354.5  354.6  354.5
  199.8  12567  -49.3  -67.6     10   0.02    177    3.2  354.6  354.7  354.6
  199.5  12574  -49.3  -67.3     10   0.02    177    3.2  354.7  354.9  354.7
  199.3  12583  -49.3  -67.1     11   0.02    178    3.2  354.8  355.0  354.9
  199.0  12592  -49.3  -66.9     11   0.02    178    3.1  355.0  355.1  355.0
  198.7  12601  -49.5  -66.9     11   0.02    178    3.1  354.9  355.1  355.0
  198.5  12609  -49.7  -67.0     11   0.02    179    3.1  354.7  354.8  354.7
  198.2  12619  -49.8  -66.9     12   0.02    179    3.0  354.6  354.7  354.6
  197.9  12628  -50.0  -66.9     12   0.02    179    3.0  354.6  354.7  354.6
  197.7  12635  -50.2  -67.1     12   0.02    179    2.9  354.3  354.5  354.4
  197.4  12643  -50.3  -67.2     12   0.02    179    2.9  354.3  354.4  354.3
  197.2  12651  -50.3  -67.2     12   0.02    179    2.9  354.4  354.6  354.4
  197.0  12659  -50.1  -67.1     12   0.02    179    2.9  354.8  354.9  354.8
  196.7  12667  -50.1  -67.1     12   0.02    179    2.9  355.0  355.1  355.0
  196.5  12675  -50.1  -67.1     12   0.02    180    2.9  355.0  355.1  355.0
  196.2  12684  -50.3  -67.0     12   0.02    180    3.0  354.9  355.1  354.9
  195.9  12693  -50.4  -66.7     13   0.02    180    3.0  354.8  355.0  354.8
  195.7  12702  -50.6  -66.5     14   0.03    181    3.0  354.6  354.7  354.6
  195.4  12711  -50.8  -66.3     14   0.03    181    3.0  354.5  354.6  354.5
  195.1  12719  -50.9  -66.3     14   0.03    182    3.0  354.5  354.6  354.5
  194.9  12727  -50.9  -66.3     14   0.03    182    3.0  354.6  354.8  354.6
  194.6  12736  -50.9  -66.4     14   0.03    183    3.0  354.8  355.0  354.8
  194.4  12744  -51.0  -66.5     14   0.03    183    2.9  354.8  354.9  354.8
  194.2  12751  -51.1  -66.6     14   0.03    184    2.9  354.7  354.8  354.7
  193.9  12759  -51.2  -66.7     14   0.02    184    2.8  354.7  354.8  354.7
  193.7  12767  -51.3  -67.0     14   0.02    184    2.7  354.7  354.8  354.7
  193.5  12775  -51.3  -67.4     13   0.02    184    2.7  354.7  354.8  354.7
  193.2  12784  -51.4  -67.9     12   0.02    183    2.6  354.8  354.9  354.8
  193.0  12792  -51.4  -68.4     11   0.02    183    2.5  354.7  354.8  354.7
  192.7  12801  -51.5  -68.6     11   0.02    182    2.5  354.8  354.9  354.8
  192.5  12809  -51.3  -68.4     11   0.02    181    2.4  355.1  355.2  355.2
  192.2  12818  -51.2  -68.1     12   0.02    180    2.3  355.6  355.7  355.6
  192.0  12826  -51.1  -67.7     12   0.02    179    2.3  355.8  356.0  355.8
  191.7  12835  -51.2  -67.0     13   0.02    177    2.3  355.9  356.0  355.9
  191.4  12845  -51.4  -66.2     15   0.03    176    2.3  355.7  355.8  355.7
  191.1  12855  -51.7  -65.3     18   0.03    175    2.3  355.4  355.5  355.4
  190.8  12866  -51.8  -64.6     20   0.03    174    2.3  355.2  355.4  355.3
  190.5  12875  -51.9  -64.1     22   0.04    173    2.3  355.3  355.5  355.4
  190.2  12884  -52.0  -64.1     22   0.04    172    2.3  355.4  355.6  355.4
  190.0  12893  -52.2  -64.4     22   0.03    171    2.4  355.1  355.3  355.2
  189.7  12902  -52.4  -64.8     21   0.03    170    2.4  355.0  355.2  355.0
  189.5  12911  -52.5  -65.2     20   0.03    170    2.5  355.0  355.1  355.0
  189.2  12919  -52.5  -65.5     19   0.03    170    2.6  355.0  355.1  355.0
  189.0  12928  -52.6  -65.8     19   0.03    170    2.6  355.0  355.1  355.0
  188.7  12937  -52.7  -66.0     18   0.03    170    2.8  355.0  355.1  355.0
  188.4  12946  -52.7  -66.3     18   0.03    171    2.9  355.1  355.3  355.1
  188.2  12955  -52.6  -66.5     17   0.03    171    3.0  355.4  355.5  355.4
  187.9  12964  -52.5  -66.7     16   0.03    171    3.2  355.7  355.9  355.7
  187.6  12973  -52.6  -67.0     16   0.02    171    3.4  355.8  355.9  355.8
  187.4  12983  -52.7  -67.3     15   0.02    170    3.5  355.6  355.8  355.6
  187.1  12992  -52.9  -67.4     16   0.02    169    3.7  355.5  355.6  355.5
  186.8  13002  -53.2  -67.5     16   0.02    168    3.9  355.2  355.3  355.2
  186.5  13011  -53.4  -67.5     16   0.02    166    4.1  355.0  355.1  355.0
  186.3  13021  -53.5  -67.3     17   0.02    164    4.3  354.9  355.1  355.0
  185.9  13032  -53.6  -67.0     18   0.02    162    4.5  355.1  355.2  355.1
  185.5  13049  -53.7  -66.5     19   0.03    160    4.7  355.2  355.3  355.2
  185.0  13065  -53.7  -65.5     22   0.03    158    4.9  355.4  355.5  355.4
  184.6  13079  -53.8  -64.7     25   0.03    155    5.1  355.5  355.7  355.5
  184.2  13092  -54.0  -64.0     28   0.04    153    5.3  355.3  355.5  355.3
  183.9  13104  -54.2  -63.6     31   0.04    151    5.5  355.2  355.4  355.2
  183.6  13114  -54.3  -63.5     31   0.04    149    5.6  355.2  355.4  355.2
  183.3  13123  -54.4  -63.6     31   0.04    147    5.8  355.2  355.4  355.2
  183.0  13133  -54.5  -64.0     30   0.04    145    5.9  355.2  355.4  355.2
  182.7  13146  -54.6  -64.2     29   0.04    143    6.0  355.2  355.4  355.2
  182.2  13163  -54.7  -64.1     31   0.04    141    6.1  355.3  355.4  355.3
  181.7  13179  -54.9  -63.4     34   0.04    139    6.1  355.3  355.5  355.3
  181.4  13191  -54.9  -62.7     38   0.05    136    6.2  355.4  355.6  355.4
  181.0  13203  -55.1  -62.0     42   0.05    134    6.2  355.4  355.6  355.4
  180.6  13219  -55.3  -61.4     46   0.05    132    6.3  355.2  355.5  355.2
  180.2  13234  -55.4  -60.8     51   0.06    130    6.3  355.2  355.5  355.3
  179.8  13246  -55.6  -60.2     56   0.06    128    6.3  355.3  355.6  355.3
  179.6  13255  -55.7  -59.5     62   0.07    127    6.3  355.2  355.5  355.2
  179.3  13266  -55.8  -59.1     66   0.07    125    6.3  355.2  355.6  355.2
  178.8  13281  -55.8  -58.6     71   0.08    125    6.3  355.4  355.7  355.4
  178.4  13296  -55.9  -58.3     75   0.08    124    6.2  355.5  355.9  355.5
  178.1  13308  -56.0  -58.3     76   0.08    124    6.2  355.5  355.8  355.5
  177.9  13316  -56.2  -58.5     75   0.08    124    6.2  355.3  355.7  355.3
  177.7  13323  -56.3  -58.6     75   0.08    124    6.1  355.2  355.6  355.3
  177.4  13333  -56.3  -58.6     75   0.08    124    6.1  355.5  355.9  355.5
  177.1  13343  -56.2  -58.6     74   0.08    125    6.0  355.8  356.1  355.8
  176.9  13352  -56.3  -58.6     75   0.08    125    6.0  355.8  356.1  355.8
  176.6  13361  -56.3  -58.5     76   0.08    126    6.0  355.8  356.2  355.8
  176.3  13371  -56.3  -58.4     77   0.08    126    6.1  356.1  356.4  356.1
  176.1  13380  -56.4  -58.5     77   0.08    126    6.1  356.0  356.4  356.0
  175.8  13389  -56.6  -58.7     77   0.08    127    6.2  355.9  356.2  355.9
  175.6  13398  -56.7  -58.9     76   0.08    127    6.3  355.8  356.1  355.8
  175.3  13408  -56.8  -59.2     74   0.07    127    6.4  355.7  356.1  355.8
  175.0  13419  -56.9  -59.3     74   0.07    128    6.5  355.7  356.1  355.8
  174.7  13431  -57.1  -59.5     74   0.07    128    6.6  355.7  356.0  355.7
  174.3  13443  -57.2  -59.6     74   0.07    129    6.7  355.7  356.0  355.7
  174.0  13454  -57.3  -59.7     75   0.07    129    6.9  355.7  356.0  355.7
  173.8  13464  -57.4  -59.7     75   0.07    130    7.0  355.6  356.0  355.7
  173.5  13474  -57.5  -59.8     75   0.07    131    7.1  355.7  356.0  355.7
  173.2  13485  -57.6  -60.0     75   0.07    131    7.2  355.7  356.0  355.7
  172.9  13494  -57.7  -60.1     74   0.07    131    7.3  355.7  356.0  355.7
  172.7  13504  -57.8  -60.1     74   0.07    132    7.3  355.7  356.1  355.8
  172.4  13513  -57.7  -60.1     75   0.07    132    7.4  355.9  356.3  356.0
  172.2  13522  -57.8  -60.1     75   0.07    132    7.5  355.9  356.2  355.9
  171.9  13531  -58.0  -60.3     75   0.07    132    7.6  355.8  356.1  355.8
  171.7  13540  -58.1  -60.4     74   0.06    132    7.6  355.8  356.1  355.8
  171.4  13549  -58.1  -60.5     74   0.06    132    7.7  355.9  356.2  355.9
  171.2  13558  -58.2  -60.7     73   0.06    132    7.7  355.9  356.2  355.9
  171.0  13566  -58.3  -60.8     72   0.06    132    7.8  355.9  356.2  355.9
  170.7  13575  -58.3  -61.0     71   0.06    132    7.8  356.0  356.3  356.1
  170.5  13584  -58.2  -61.0     70   0.06    132    7.8  356.3  356.6  356.3
  170.2  13593  -58.1  -61.0     69   0.06    132    7.9  356.6  356.9  356.6
  170.0  13602  -58.3  -61.3     68   0.06    131    7.9  356.4  356.7  356.5
  169.8  13610  -58.5  -61.6     67   0.06    131    7.9  356.3  356.5  356.3
  169.5  13619  -58.6  -61.9     66   0.05    131    8.0  356.2  356.5  356.2
  169.3  13628  -58.7  -62.2     64   0.05    131    8.0  356.2  356.5  356.2
  169.1  13636  -58.6  -62.4     62   0.05    131    8.0  356.5  356.7  356.5
  168.9  13644  -58.6  -62.6     59   0.05    131    8.1  356.7  356.9  356.7
  168.6  13653  -58.5  -62.8     57   0.05    131    8.1  357.0  357.2  357.0
  168.4  13662  -58.5  -63.1     55   0.05    131    8.1  357.1  357.4  357.1
  168.1  13672  -58.7  -63.7     52   0.04    131    8.2  356.9  357.1  356.9
  167.9  13681  -58.9  -64.3     50   0.04    131    8.2  356.7  356.9  356.7
  167.6  13691  -58.9  -64.7     47   0.04    131    8.2  356.8  357.0  356.9
  167.3  13701  -58.9  -65.1     45   0.04    131    8.2  357.1  357.2  357.1
  167.0  13712  -58.8  -65.3     43   0.03    131    8.2  357.4  357.5  357.4
  166.8  13721  -58.7  -65.5     41   0.03    130    8.3  357.7  357.9  357.7
  166.5  13732  -58.8  -66.1     38   0.03    130    8.3  357.8  358.0  357.8
  166.2  13743  -59.0  -67.1     34   0.03    129    8.3  357.5  357.6  357.5
  165.9  13754  -59.4  -68.0     32   0.02    128    8.3  357.1  357.2  357.1
  165.7  13764  -59.7  -68.4     31   0.02    128    8.4  356.8  356.9  356.8
  165.4  13774  -59.8  -68.6     31   0.02    127    8.4  356.8  356.9  356.8
  165.1  13785  -59.7  -68.5     31   0.02    126    8.5  357.1  357.2  357.1
  164.8  13796  -59.6  -68.3     31   0.02    126    8.6  357.5  357.6  357.5
  164.5  13806  -59.4  -68.4     30   0.02    125    8.6  357.9  358.0  357.9
  164.3  13817  -59.4  -68.6     29   0.02    124    8.7  358.1  358.2  358.1
  164.0  13827  -59.6  -69.1     28   0.02    124    8.7  357.9  358.0  357.9
  163.7  13838  -60.0  -70.0     26   0.02    123    8.8  357.5  357.6  357.5
  163.4  13849  -60.2  -70.5     25   0.02    123    8.8  357.3  357.4  357.3
  163.2  13859  -60.2  -70.6     25   0.02    122    8.8  357.4  357.5  357.4
  162.9  13868  -60.3  -70.4     25   0.02    122    8.8  357.5  357.6  357.5
  162.7  13878  -60.3  -70.3     26   0.02    121    8.9  357.6  357.7  357.6
  162.4  13889  -60.4  -70.4     26   0.02    121    8.9  357.6  357.7  357.6
  162.1  13899  -60.6  -70.6     26   0.02    120    8.9  357.5  357.6  357.5
  161.8  13910  -60.7  -70.7     26   0.02    120    9.0  357.5  357.6  357.5
  161.6  13920  -60.8  -70.7     26   0.02    120    9.1  357.4  357.5  357.4
  161.3  13929  -60.9  -70.8     26   0.02    120    9.2  357.4  357.5  357.4
  161.1  13938  -61.0  -71.0     26   0.02    120    9.3  357.4  357.5  357.4
  160.8  13948  -61.1  -71.1     25   0.02    120    9.4  357.4  357.5  357.5
  160.6  13958  -61.1  -71.1     25   0.02    120    9.6  357.6  357.7  357.6
  160.3  13969  -60.9  -70.8     26   0.02    120    9.8  358.1  358.2  358.1
  160.0  13980  -60.9  -70.7     26   0.02    121    9.9  358.3  358.4  358.4
  159.7  13991  -61.1  -70.8     27   0.02    121   10.1  358.1  358.2  358.1
  159.4  14002  -61.4  -70.9     27   0.02    121   10.2  357.8  357.9  357.8
  159.2  14012  -61.6  -71.1     27   0.02    121   10.3  357.6  357.7  357.6
  159.0  14021  -61.8  -71.2     28   0.02    121   10.4  357.4  357.5  357.4
  158.7  14031  -61.9  -71.2     28   0.02    120   10.4  357.5  357.5  357.5
  158.5  14041  -61.9  -71.3     28   0.02    120   10.5  357.5  357.6  357.5
  158.2  14050  -61.9  -71.2     28   0.02    119   10.5  357.7  357.8  357.7
  158.0  14057  -61.9  -71.2     28   0.02    118   10.4  357.9  357.9  357.9
  157.8  14066  -61.9  -71.2     28   0.02    117   10.4  358.1  358.1  358.1
  157.5  14076  -61.8  -71.2     27   0.02    117   10.4  358.4  358.5  358.4
  157.3  14087  -61.8  -71.3     27   0.02    116   10.3  358.5  358.6  358.5
  157.0  14097  -61.9  -71.6     26   0.02    115   10.3  358.6  358.6  358.6
  156.8  14107  -61.9  -71.8     26   0.02    114   10.3  358.6  358.7  358.6
  156.5  14116  -62.2  -72.0     26   0.01    114   10.3  358.4  358.5  358.4
  156.3  14125  -62.5  -72.5     25   0.01    114   10.3  358.0  358.0  358.0
  156.1  14135  -62.7  -73.0     24   0.01    114   10.3  357.8  357.9  357.8
  155.8  14145  -62.7  -73.2     23   0.01    114   10.4  358.0  358.1  358.0
  155.5  14156  -62.7  -73.6     22   0.01    114   10.4  358.2  358.2  358.2
  155.3  14166  -62.8  -74.4     20   0.01    114   10.5  358.2  358.2  358.2
  155.0  14176  -62.7  -75.4     17   0.01    115   10.6  358.4  358.5  358.4
  154.8  14185  -62.8  -77.0     13   0.01    115   10.6  358.4  358.5  358.4
  154.5  14195  -63.0  -79.1     10   0.00    116   10.7  358.3  358.4  358.3
  154.2  14207  -63.1  -81.4      7   0.00    116   10.8  358.4  358.4  358.4
  154.0  14218  -63.1  -83.2      5   0.00    116   10.9  358.4  358.5  358.4
  153.7  14229  -63.2  -84.5      4   0.00    116   11.0  358.4  358.4  358.4
  153.4  14240  -63.4  -85.6      3   0.00    117   11.1  358.4  358.4  358.4
  153.2  14250  -63.5  -85.7      3   0.00    117   11.2  358.4  358.4  358.4
  152.9  14261  -63.7  -85.2      4   0.00    117   11.3  358.2  358.2  358.2
  152.6  14273  -63.8  -84.7      4   0.00    116   11.4  358.1  358.1  358.1
  152.4  14283  -63.8  -83.8      5   0.00    116   11.5  358.3  358.4  358.3
  152.1  14292  -63.7  -82.9      6   0.00    116   11.5  358.8  358.8  358.8
  151.8  14304  -63.7  -82.4      6   0.00    116   11.6  358.9  358.9  358.9
  151.6  14315  -63.9  -82.2      7   0.00    116   11.7  358.7  358.7  358.7
  151.3  14325  -64.0  -81.9      7   0.00    116   11.8  358.8  358.8  358.8
  151.1  14335  -64.2  -81.8      7   0.00    115   11.9  358.6  358.6  358.6
  150.8  14344  -64.6  -82.1      7   0.00    115   12.0  358.1  358.1  358.1
  150.6  14353  -64.8  -82.3      7   0.00    115   12.0  357.8  357.9  357.9
  150.4  14362  -64.8  -82.2      7   0.00    115   12.1  358.0  358.0  358.0
  150.1  14373  -64.6  -81.8      8   0.00    115   12.2  358.5  358.5  358.5
  150.0  14378  -64.6  -81.6      8   0.00    115   12.2  358.7  358.7  358.7
  149.9  14383  -64.5  -81.5      8   0.00    115   12.2  358.8  358.8  358.8
  149.6  14393  -64.6  -81.6      8   0.00    115   12.3  358.9  358.9  358.9
  149.4  14402  -64.8  -82.0      8   0.00    115   12.3  358.6  358.6  358.6
  149.2  14410  -65.2  -82.6      7   0.00    116   12.4  358.1  358.1  358.1
  149.0  14419  -65.3  -82.9      7   0.00    116   12.4  358.1  358.1  358.1
  148.7  14430  -65.2  -82.8      7   0.00    116   12.5  358.5  358.5  358.5
  148.5  14440  -65.2  -82.7      7   0.00    117   12.5  358.6  358.6  358.6
  148.2  14450  -65.4  -82.9      7   0.00    117   12.6  358.5  358.5  358.5
  148.0  14461  -65.4  -83.1      7   0.00    117   12.7  358.5  358.5  358.5
  147.7  14471  -65.4  -83.3      7   0.00    118   12.7  358.8  358.8  358.8
  147.4  14482  -65.5  -83.5      7   0.00    118   12.8  358.8  358.8  358.8
  147.2  14493  -65.6  -83.7      6   0.00    118   12.9  358.7  358.7  358.7
  146.9  14504  -65.7  -83.7      7   0.00    119   13.0  358.8  358.9  358.8
  146.7  14514  -65.9  -83.7      7   0.00    119   13.1  358.7  358.7  358.7
  146.5  14523  -66.0  -83.7      7   0.00    119   13.1  358.6  358.6  358.6
  146.2  14533  -66.0  -83.6      7   0.00    119   13.2  358.8  358.8  358.8
  146.0  14543  -65.9  -83.4      7   0.00    119   13.3  359.1  359.1  359.1
  145.7  14553  -66.0  -83.5      7   0.00    119   13.4  359.1  359.2  359.2
  145.5  14562  -66.1  -83.4      7   0.00    119   13.5  359.1  359.1  359.1
  145.3  14571  -66.1  -83.1      8   0.00    119   13.5  359.3  359.3  359.3
  145.0  14585  -66.1  -82.8      8   0.00    118   13.6  359.4  359.4  359.4
  144.6  14599  -66.2  -82.5      9   0.00    118   13.6  359.5  359.5  359.5
  144.5  14606  -66.3  -82.2      9   0.00    118   13.6  359.4  359.5  359.4
  144.4  14609  -66.5  -82.0     10   0.00    118   13.6  359.3  359.3  359.3
  144.1  14619  -66.6  -81.8     10   0.00    118   13.6  359.3  359.3  359.3
  143.9  14629  -66.5  -81.5     11   0.00    119   13.6  359.6  359.6  359.6
  143.7  14638  -66.5  -81.1     11   0.00    119   13.6  359.8  359.8  359.8
  143.5  14648  -66.6  -80.9     12   0.00    119   13.6  359.7  359.7  359.7
  143.2  14658  -66.7  -80.4     13   0.00    120   13.5  359.7  359.7  359.7
  143.0  14668  -66.7  -79.8     14   0.00    120   13.5  359.8  359.9  359.8
  142.8  14678  -66.6  -79.0     16   0.01    121   13.4  360.1  360.2  360.1
  142.5  14688  -66.7  -78.3     18   0.01    121   13.4  360.3  360.3  360.3
  142.3  14697  -66.9  -77.6     21   0.01    122   13.3  360.0  360.0  360.0
  142.1  14706  -67.2  -76.9     24   0.01    123   13.2  359.6  359.7  359.6
  141.9  14716  -67.6  -76.1     29   0.01    123   13.1  359.1  359.2  359.1
  141.6  14726  -67.9  -75.6     33   0.01    124   13.0  358.8  358.9  358.8
  141.4  14735  -67.9  -74.9     36   0.01    125   12.8  358.9  358.9  358.9
  141.1  14746  -67.8  -74.1     40   0.01    125   12.7  359.3  359.4  359.3
  140.9  14757  -67.7  -73.5     44   0.01    126   12.7  359.6  359.7  359.6
  140.7  14767  -67.8  -73.1     47   0.01    126   12.6  359.6  359.7  359.6
  140.4  14777  -68.0  -72.9     49   0.01    126   12.5  359.6  359.6  359.6
  140.2  14786  -68.1  -72.8     52   0.01    127   12.5  359.4  359.4  359.4
  140.0  14794  -68.3  -72.7     53   0.01    127   12.5  359.2  359.3  359.2
  139.8  14804  -68.4  -72.7     54   0.01    126   12.6  359.2  359.3  359.2
  139.6  14814  -68.5  -72.8     54   0.01    126   12.6  359.3  359.3  359.3
  139.3  14824  -68.5  -72.9     53   0.01    126   12.8  359.4  359.5  359.4
  139.1  14832  -68.5  -73.2     51   0.01    126   12.9  359.5  359.6  359.5
  138.9  14841  -68.5  -73.6     48   0.01    126   13.0  359.7  359.8  359.7
  138.8  14849  -68.4  -74.1     44   0.01    125   13.2  359.9  360.0  359.9
  138.6  14858  -68.3  -74.6     40   0.01    125   13.4  360.3  360.4  360.3
  138.3  14867  -68.2  -75.1     36   0.01    125   13.6  360.7  360.7  360.7
  138.1  14876  -68.3  -75.8     33   0.01    125   13.8  360.7  360.8  360.7
  137.9  14886  -68.4  -76.5     30   0.01    124   14.0  360.7  360.7  360.7
  137.7  14895  -68.5  -77.2     28   0.01    124   14.1  360.6  360.6  360.6
  137.5  14904  -68.8  -77.8     26   0.01    124   14.3  360.3  360.3  360.3
  137.3  14914  -68.9  -78.2     25   0.01    124   14.4  360.2  360.2  360.2
  137.0  14926  -68.9  -78.4     24   0.01    124   14.5  360.4  360.4  360.4
  136.7  14937  -69.1  -78.5     24   0.01    123   14.7  360.4  360.4  360.4
  136.5  14948  -69.2  -78.6     25   0.01    123   14.8  360.3  360.3  360.3
  136.2  14958  -69.3  -78.5     25   0.01    123   14.9  360.4  360.4  360.4
  136.0  14968  -69.3  -78.5     25   0.01    123   15.0  360.4  360.4  360.4
  135.8  14977  -69.4  -78.5     26   0.01    123   15.0  360.4  360.4  360.4
  135.6  14986  -69.6  -78.5     26   0.01    122   15.1  360.2  360.3  360.2
  135.4  14995  -69.7  -78.6     26   0.01    122   15.2  360.2  360.2  360.2
  135.2  15005  -69.8  -78.5     27   0.01    121   15.2  360.2  360.3  360.2
  134.9  15016  -69.8  -78.3     28   0.01    121   15.3  360.5  360.5  360.5
  134.7  15026  -69.8  -78.1     29   0.01    121   15.3  360.6  360.6  360.6
  134.5  15036  -69.9  -77.9     30   0.01    120   15.3  360.6  360.6  360.6
  134.3  15045  -70.0  -77.8     31   0.01    120   15.3  360.6  360.6  360.6
  134.1  15054  -70.0  -77.6     32   0.01    119   15.2  360.6  360.7  360.6
  133.9  15063  -70.1  -77.4     33   0.01    119   15.2  360.7  360.7  360.7
  133.6  15073  -70.1  -77.3     34   0.01    118   15.1  360.8  360.9  360.8
  133.4  15082  -70.2  -77.1     35   0.01    118   15.0  360.9  360.9  360.9
  133.2  15092  -70.2  -77.0     37   0.01    117   14.9  361.0  361.0  361.0
  133.0  15100  -70.3  -76.8     38   0.01    116   14.8  361.0  361.0  361.0
  132.8  15109  -70.4  -76.7     39   0.01    116   14.7  361.0  361.1  361.0
  132.6  15120  -70.4  -76.5     40   0.01    115   14.6  361.1  361.2  361.1
  132.4  15130  -70.5  -76.4     42   0.01    114   14.5  361.1  361.1  361.1
  132.2  15139  -70.8  -76.5     43   0.01    114   14.5  360.8  360.8  360.8
  132.0  15148  -71.0  -76.6     44   0.01    113   14.5  360.5  360.6  360.5
  131.7  15158  -71.1  -76.6     44   0.01    113   14.5  360.5  360.6  360.5
  131.5  15169  -71.2  -76.6     45   0.01    112   14.5  360.6  360.7  360.6
  131.3  15179  -71.2  -76.5     45   0.01    112   14.6  360.7  360.7  360.7
  131.1  15188  -71.3  -76.6     46   0.01    111   14.7  360.6  360.7  360.6
  130.9  15197  -71.4  -76.6     46   0.01    111   14.8  360.6  360.6  360.6
  130.7  15207  -71.6  -76.7     46   0.01    111   15.0  360.5  360.6  360.5
  130.4  15217  -71.6  -76.9     45   0.01    110   15.1  360.7  360.7  360.7
  130.2  15227  -71.6  -77.1     44   0.01    110   15.3  360.8  360.9  360.8
  130.0  15237  -71.6  -77.2     43   0.01    110   15.4  361.1  361.1  361.1
  129.8  15247  -71.4  -77.4     41   0.01    110   15.6  361.5  361.5  361.5
  129.5  15257  -71.3  -77.6     39   0.01    110   15.7  362.0  362.0  362.0
  129.3  15267  -71.3  -77.9     37   0.01    110   15.8  362.1  362.1  362.1
  129.1  15276  -71.5  -78.5     35   0.01    110   15.9  361.9  361.9  361.9
  128.9  15286  -71.6  -78.9     33   0.01    110   16.0  361.9  362.0  361.9
  128.7  15297  -71.4  -79.0     31   0.01    110   16.1  362.5  362.5  362.5
  128.4  15307  -71.1  -79.1     30   0.01    110   16.2  363.2  363.3  363.2
  128.2  15317  -71.0  -79.4     28   0.01    110   16.2  363.5  363.5  363.5
  128.0  15327  -71.3  -79.9     27   0.01    110   16.3  363.2  363.2  363.2
  127.8  15337  -71.6  -80.5     26   0.00    110   16.3  362.7  362.7  362.7
  127.6  15346  -71.8  -80.9     25   0.00    110   16.3  362.7  362.7  362.7
  127.4  15357  -71.8  -81.1     24   0.00    109   16.4  362.8  362.9  362.8
  127.1  15369  -71.9  -81.3     23   0.00    109   16.4  362.9  362.9  362.9
  126.9  15379  -72.1  -81.7     23   0.00    109   16.4  362.7  362.7  362.7
  126.6  15391  -72.2  -81.9     22   0.00    108   16.5  362.7  362.7  362.7
  126.4  15401  -72.3  -81.9     22   0.00    108   16.5  362.7  362.7  362.7
  126.2  15412  -72.4  -82.0     23   0.00    107   16.5  362.6  362.6  362.6
  126.0  15423  -72.5  -82.0     23   0.00    107   16.5  362.6  362.6  362.6
  125.7  15434  -72.5  -81.8     23   0.00    107   16.6  362.9  362.9  362.9
  125.5  15445  -72.4  -81.7     24   0.00    107   16.6  363.2  363.2  363.2
  125.3  15456  -72.5  -81.7     24   0.00    106   16.6  363.3  363.3  363.3
  125.0  15466  -72.5  -81.6     24   0.00    106   16.6  363.5  363.5  363.5
  124.8  15476  -72.3  -81.4     24   0.00    106   16.7  363.9  363.9  363.9
  124.6  15486  -72.3  -81.2     25   0.00    106   16.7  364.2  364.2  364.2
  124.4  15497  -72.4  -81.2     26   0.00    106   16.7  364.1  364.1  364.1
  124.2  15507  -72.7  -81.3     27   0.00    106   16.7  363.7  363.7  363.7
  124.0  15517  -73.0  -81.3     28   0.00    106   16.8  363.4  363.4  363.4
  123.7  15527  -73.1  -81.2     28   0.00    106   16.8  363.4  363.4  363.4
  123.5  15537  -73.2  -81.1     29   0.00    107   16.9  363.5  363.5  363.5
  123.3  15547  -73.2  -81.1     30   0.00    107   16.9  363.6  363.6  363.6
  123.1  15558  -73.3  -81.1     30   0.00    107   17.0  363.6  363.6  363.6
  122.9  15568  -73.3  -81.0     30   0.00    107   17.0  363.7  363.8  363.7
  122.6  15579  -73.2  -80.9     30   0.00    107   17.1  364.2  364.2  364.2
  122.4  15590  -73.2  -80.8     31   0.00    106   17.1  364.4  364.4  364.4
  122.2  15602  -73.1  -80.7     31   0.00    106   17.2  364.7  364.7  364.7
  121.9  15613  -73.0  -80.7     31   0.00    106   17.3  365.1  365.1  365.1
  121.7  15624  -73.0  -80.6     31   0.00    106   17.4  365.4  365.4  365.4
  121.5  15634  -73.0  -80.6     31   0.00    106   17.5  365.5  365.5  365.5
  121.3  15645  -73.2  -80.7     31   0.00    106   17.6  365.3  365.3  365.3
  121.0  15657  -73.4  -80.8     32   0.00    106   17.7  365.3  365.3  365.3
  120.8  15669  -73.5  -80.7     33   0.00    106   17.8  365.2  365.2  365.2
  120.6  15680  -73.8  -80.8     34   0.00    106   17.8  364.8  364.8  364.8
  120.4  15689  -74.2  -80.9     35   0.00    105   17.9  364.3  364.3  364.3
  120.2  15699  -74.3  -80.8     36   0.00    105   18.0  364.3  364.3  364.3
  119.9  15709  -74.3  -80.7     37   0.00    105   18.1  364.4  364.5  364.4
  119.7  15720  -74.5  -80.6     38   0.01    105   18.2  364.3  364.4  364.3
  119.5  15730  -74.6  -80.6     39   0.01    105   18.2  364.3  364.3  364.3
  119.3  15740  -74.6  -80.4     40   0.01    104   18.3  364.5  364.5  364.5
  119.1  15750  -74.6  -80.3     41   0.01    104   18.3  364.6  364.6  364.6
  118.9  15760  -74.8  -80.4     42   0.01    104   18.4  364.4  364.4  364.4
  118.7  15769  -75.0  -80.4     43   0.01    104   18.4  364.3  364.3  364.3
  118.5  15778  -75.0  -80.3     43   0.01    104   18.4  364.5  364.5  364.5
  118.3  15788  -74.8  -80.1     44   0.01    104   18.4  365.0  365.0  365.0
  118.1  15797  -74.8  -80.0     44   0.01    104   18.4  365.2  365.2  365.2
  117.9  15807  -75.0  -80.1     45   0.01    104   18.4  364.9  364.9  364.9
  117.7  15817  -75.3  -80.3     46   0.01    104   18.4  364.6  364.6  364.6
  117.5  15827  -75.5  -80.3     47   0.01    104   18.4  364.4  364.4  364.4
  117.4  15836  -75.6  -80.3     47   0.01    104   18.4  364.3  364.4  364.3
  117.2  15845  -75.6  -80.4     47   0.01    104   18.4  364.4  364.4  364.4
  117.0  15855  -75.6  -80.4     47   0.01    104   18.4  364.6  364.7  364.6
  116.8  15865  -75.4  -80.3     47   0.01    104   18.5  365.2  365.2  365.2
  116.6  15875  -75.2  -80.2     46   0.01    104   18.5  365.7  365.7  365.7
  116.4  15885  -75.3  -80.4     45   0.01    104   18.5  365.8  365.9  365.8
  116.2  15894  -75.5  -80.8     44   0.01    104   18.5  365.5  365.5  365.5
  115.9  15906  -75.8  -81.1     43   0.00    103   18.5  365.2  365.2  365.2
  115.7  15917  -75.9  -81.3     43   0.00    103   18.6  365.2  365.2  365.2
  115.5  15928  -75.9  -81.3     42   0.00    103   18.6  365.5  365.5  365.5
  115.3  15939  -75.8  -81.3     42   0.00    102   18.7  365.8  365.8  365.8
  115.1  15951  -76.0  -81.6     41   0.00    102   18.7  365.6  365.6  365.6
  114.8  15961  -76.4  -82.0     41   0.00    102   18.8  365.2  365.2  365.2
  114.7  15970  -76.7  -82.4     40   0.00    101   18.9  364.8  364.8  364.8
  114.4  15981  -76.7  -82.6     38   0.00    101   18.9  365.1  365.1  365.1
  114.2  15992  -76.5  -82.7     37   0.00    101   19.0  365.6  365.6  365.6
  114.0  16003  -76.4  -82.7     36   0.00    100   19.0  365.9  365.9  365.9
  113.8  16015  -76.6  -83.0     36   0.00    100   19.0  365.7  365.7  365.7
  113.5  16026  -76.9  -83.4     35   0.00    100   19.0  365.4  365.4  365.4
  113.4  16035  -77.1  -83.7     34   0.00    100   19.0  365.1  365.1  365.1
  113.2  16044  -77.2  -84.0     34   0.00     99   19.0  365.1  365.1  365.1
  113.0  16053  -77.3  -84.2     32   0.00     99   19.0  365.1  365.1  365.1
  112.9  16061  -77.4  -84.5     31   0.00     99   19.0  365.1  365.1  365.1
  112.7  16070  -77.2  -84.6     30   0.00     99   19.0  365.6  365.6  365.6
  112.5  16078  -76.9  -84.6     29   0.00     98   19.0  366.3  366.3  366.3
  112.3  16088  -76.9  -84.8     27   0.00     98   19.1  366.6  366.6  366.6
  112.2  16097  -77.1  -85.2     27   0.00     98   19.1  366.3  366.4  366.3
  112.0  16106  -77.3  -85.5     26   0.00     98   19.1  366.1  366.1  366.1
  111.8  16115  -77.5  -85.8     25   0.00     98   19.2  365.9  365.9  365.9
  111.6  16125  -77.5  -86.0     25   0.00     98   19.2  366.0  366.0  366.0
  111.4  16134  -77.6  -86.1     25   0.00     98   19.3  366.1  366.1  366.1
  111.3  16143  -77.6  -86.2     25   0.00     98   19.4  366.1  366.1  366.1
  111.1  16152  -77.7  -86.3     25   0.00     98   19.4  366.1  366.1  366.1
  110.9  16160  -78.0  -86.5     24   0.00     98   19.5  365.9  365.9  365.9
  110.8  16169  -78.2  -86.8     24   0.00     99   19.5  365.5  365.5  365.5
  110.6  16177  -78.3  -86.9     24   0.00     99   19.6  365.6  365.6  365.6
  110.4  16186  -78.1  -86.7     24   0.00     99   19.6  366.1  366.2  366.1
  110.3  16195  -77.9  -86.5     24   0.00     99   19.6  366.6  366.6  366.6
  110.1  16204  -78.0  -86.6     24   0.00     99   19.6  366.5  366.5  366.5
  109.9  16213  -78.4  -86.8     25   0.00     99   19.6  366.0  366.0  366.0
  109.7  16222  -78.6  -87.0     25   0.00     99   19.6  365.8  365.8  365.8
  109.6  16230  -78.7  -87.1     25   0.00     99   19.5  365.7  365.7  365.7
  109.4  16237  -78.8  -87.1     25   0.00     99   19.5  365.8  365.8  365.8
  109.3  16246  -78.7  -87.0     25   0.00     99   19.5  366.0  366.0  366.0
  109.1  16254  -78.7  -86.9     25   0.00     99   19.4  366.2  366.2  366.2
  109.0  16260  -78.9  -87.1     25   0.00     99   19.4  366.0  366.0  366.0
  108.8  16268  -79.1  -87.3     25   0.00     99   19.4  365.8  365.8  365.8
  108.7  16277  -79.0  -87.3     25   0.00     99   19.4  366.0  366.0  366.0
  108.5  16286  -78.9  -87.1     25   0.00     99   19.3  366.5  366.5  366.5
  108.3  16295  -78.9  -87.0     26   0.00     99   19.3  366.6  366.6  366.6
  108.2  16303  -79.2  -87.1     27   0.00    100   19.2  366.2  366.2  366.2
  108.0  16311  -79.5  -87.2     27   0.00    100   19.2  365.8  365.8  365.8
  107.9  16319  -79.6  -87.2     28   0.00    100   19.1  365.7  365.7  365.7
  107.7  16327  -79.5  -87.0     29   0.00    100   19.0  366.1  366.1  366.1
  107.6  16336  -79.4  -86.8     29   0.00    100   18.9  366.3  366.4  366.3
  107.4  16345  -79.5  -86.9     29   0.00    100   18.8  366.3  366.3  366.3
  107.2  16354  -79.7  -87.1     29   0.00    100   18.7  366.1  366.1  366.1
  107.1  16362  -79.7  -87.1     29   0.00    100   18.5  366.2  366.2  366.2
  106.9  16371  -79.5  -87.0     29   0.00    100   18.3  366.8  366.8  366.8
  106.7  16381  -79.3  -86.8     28   0.00    100   18.2  367.4  367.4  367.4
  106.5  16390  -79.3  -86.8     28   0.00     99   18.0  367.6  367.6  367.6
  106.4  16399  -79.4  -86.8     29   0.00     99   17.8  367.5  367.5  367.5
  106.2  16408  -79.6  -86.9     29   0.00     98   17.6  367.4  367.4  367.4
  106.0  16419  -79.8  -87.0     30   0.00     97   17.4  367.0  367.1  367.0
  105.8  16429  -80.0  -87.0     31   0.00     96   17.2  366.9  366.9  366.9
  105.6  16439  -80.1  -86.9     32   0.00     95   17.0  366.9  367.0  366.9
  105.4  16449  -80.1  -86.9     32   0.00     93   16.9  367.2  367.2  367.2
  105.3  16458  -80.0  -86.8     32   0.00     92   16.8  367.5  367.5  367.5
  105.1  16466  -79.8  -86.6     32   0.00     90   16.7  368.0  368.0  368.0
  104.9  16475  -79.7  -86.6     31   0.00     89   16.7  368.5  368.5  368.5
  104.8  16485  -79.5  -86.5     31   0.00     87   16.7  368.9  368.9  368.9
  104.5  16497  -79.3  -86.4     30   0.00     86   16.8  369.6  369.6  369.6
  104.3  16509  -79.0  -86.3     30   0.00     84   16.9  370.3  370.3  370.3
  104.1  16523  -79.0  -86.3     30   0.00     83   17.1  370.6  370.6  370.6
  103.8  16536  -78.9  -86.2     30   0.00     82   17.2  371.1  371.1  371.1
  103.6  16551  -78.7  -86.0     30   0.00     81   17.5  371.6  371.6  371.6
  103.3  16566  -78.5  -85.7     30   0.00     79   17.7  372.4  372.4  372.4
  103.0  16580  -78.3  -85.4     31   0.00     78   18.0  373.1  373.1  373.1
  102.8  16591  -78.3  -85.2     32   0.00     77   18.4  373.3  373.3  373.3
  102.7  16601  -78.4  -85.2     33   0.00     76   18.8  373.2  373.2  373.2
  102.4  16613  -78.4  -85.2     33   0.00     75   19.2  373.4  373.4  373.4
  102.2  16627  -78.3  -85.0     33   0.00     74   19.7  373.8  373.8  373.8
  101.9  16641  -78.2  -84.9     33   0.00     73   20.2  374.4  374.4  374.4
  101.7  16652  -78.1  -84.8     33   0.00     73   20.7  374.7  374.8  374.7
  101.5  16664  -78.1  -84.7     34   0.00     72   21.3  375.0  375.0  375.0
  101.3  16675  -78.1  -84.6     34   0.00     71   21.9  375.3  375.3  375.3
  101.1  16686  -78.1  -84.6     35   0.00     71   22.4  375.5  375.5  375.5
  100.9  16699  -78.1  -84.5     35   0.00     71   23.0  375.7  375.7  375.7
  100.7  16712  -78.0  -84.5     35   0.00     70   23.5  376.0  376.0  376.0
  100.5  16724  -78.0  -84.4     35   0.00     70   24.0  376.3  376.3  376.3
  100.3  16734  -77.9  -84.3     35   0.00     70   24.5  376.6  376.7  376.6
  100.1  16745  -77.9  -84.3     35   0.00     70   25.0  376.9  377.0  376.9
  100.0  16750  -77.9  -84.2     35   0.00     70   25.4  377.0  377.1  377.0
   99.9  16756  -77.9  -84.2     35   0.00     70   25.4  377.2  377.2  377.2
   99.7  16768  -77.8  -84.2     36   0.00     70   25.7  377.4  377.4  377.4
   99.5  16779  -77.8  -84.1     36   0.00     71   26.0  377.8  377.8  377.8
   99.3  16789  -77.7  -84.0     36   0.00     71   26.3  378.2  378.2  378.2
   99.1  16800  -77.6  -83.9     36   0.00     71   26.6  378.6  378.6  378.6
   98.9  16811  -77.5  -83.8     36   0.00     71   26.8  378.8  378.9  378.8
   98.7  16823  -77.5  -83.8     36   0.00     71   27.1  379.1  379.1  379.1
   98.5  16836  -77.5  -83.8     36   0.00     71   27.3  379.4  379.4  379.4
   98.3  16849  -77.4  -83.7     36   0.00     72   27.5  379.8  379.8  379.8
   98.1  16862  -77.3  -83.6     36   0.00     72   27.7  380.2  380.3  380.2
   97.9  16873  -77.3  -83.6     36   0.00     72   27.8  380.5  380.5  380.5
   97.7  16885  -77.2  -83.6     36   0.00     72   28.0  380.7  380.8  380.7
   97.4  16899  -77.2  -83.5     36   0.00     72   28.2  381.2  381.2  381.2
   97.2  16912  -77.2  -83.5     36   0.00     73   28.3  381.3  381.3  381.3
   97.0  16924  -77.5  -83.6     37   0.00     73   28.5  381.0  381.1  381.0
   96.8  16936  -77.7  -83.7     38   0.00     73   28.6  380.8  380.8  380.8
   96.6  16948  -77.9  -83.8     39   0.00     73   28.7  380.7  380.7  380.7
   96.4  16960  -78.0  -83.7     39   0.00     74   28.7  380.8  380.8  380.8
   96.2  16971  -78.0  -83.7     39   0.00     74   28.8  380.9  380.9  380.9
   96.0  16981  -78.1  -83.8     40   0.00     75   28.8  380.9  380.9  380.9
   95.9  16990  -78.2  -83.9     39   0.00     75   28.9  380.9  380.9  380.9
   95.7  17000  -78.2  -83.9     39   0.00     76   28.9  381.2  381.2  381.2
   95.5  17011  -78.0  -83.9     39   0.00     76   28.9  381.7  381.7  381.7
   95.4  17021  -78.0  -83.9     38   0.00     77   28.9  381.9  381.9  381.9
   95.2  17032  -78.1  -84.0     38   0.00     77   29.0  382.0  382.0  382.0
   95.0  17043  -78.1  -84.1     37   0.00     78   29.0  382.2  382.2  382.2
   94.8  17054  -78.0  -84.1     37   0.00     78   29.1  382.6  382.6  382.6
   94.6  17065  -77.8  -84.0     37   0.00     79   29.1  383.2  383.2  383.2
   94.5  17076  -77.8  -83.9     37   0.00     79   29.2  383.4  383.4  383.4
   94.3  17086  -77.9  -84.0     37   0.00     79   29.2  383.4  383.4  383.4
   94.1  17096  -78.1  -84.2     37   0.00     80   29.2  383.1  383.2  383.1
   94.0  17107  -78.4  -84.4     38   0.00     80   29.2  382.7  382.7  382.7
   93.8  17117  -78.5  -84.4     38   0.00     80   29.2  382.7  382.8  382.7
   93.6  17126  -78.5  -84.4     38   0.00     81   29.1  383.1  383.1  383.1
   93.5  17134  -78.5  -84.4     38   0.00     81   29.0  383.1  383.1  383.1
   93.4  17143  -78.7  -84.7     37   0.00     81   28.9  382.8  382.9  382.8
   93.2  17151  -78.9  -84.9     37   0.00     82   28.7  382.7  382.7  382.7
   93.1  17160  -78.9  -85.0     36   0.00     82   28.4  382.8  382.9  382.8
   92.9  17170  -78.7  -85.0     35   0.00     82   28.2  383.4  383.4  383.4
   92.7  17180  -78.5  -85.0     35   0.00     82   27.9  384.0  384.0  384.0
   92.6  17189  -78.4  -85.1     33   0.00     82   27.6  384.4  384.4  384.4
   92.5  17198  -78.3  -85.2     32   0.00     82   27.2  384.7  384.7  384.7
   92.3  17207  -78.2  -85.3     31   0.00     83   26.7  385.2  385.2  385.2
   92.2  17217  -78.0  -85.4     30   0.00     83   26.3  385.7  385.7  385.7
   92.0  17226  -77.7  -85.3     29   0.00     83   25.9  386.4  386.5  386.4
   91.9  17236  -77.4  -85.3     28   0.00     83   25.6  387.1  387.1  387.1
   91.7  17245  -77.2  -85.3     27   0.00     83   25.2  387.7  387.7  387.7
   91.5  17255  -77.1  -85.3     26   0.00     83   24.9  388.2  388.2  388.2
   91.4  17264  -77.1  -85.5     25   0.00     83   24.5  388.3  388.4  388.3
   91.3  17273  -77.1  -85.6     25   0.00     83   24.2  388.5  388.5  388.5
   91.1  17282  -77.0  -85.8     24   0.00     83   23.9  388.8  388.8  388.8
   91.0  17291  -77.0  -85.9     23   0.00     83   23.7  389.0  389.1  389.1
   90.8  17300  -76.9  -86.0     22   0.00     83   23.5  389.6  389.6  389.6
   90.7  17309  -76.6  -86.0     22   0.00     83   23.4  390.2  390.2  390.2
   90.6  17317  -76.2  -85.8     21   0.00     83   23.3  391.1  391.1  391.1
   90.4  17326  -75.8  -85.7     20   0.00     84   23.2  392.1  392.1  392.1
   90.3  17335  -75.6  -85.7     19   0.00     84   23.1  392.7  392.7  392.7
   90.1  17344  -75.5  -85.8     19   0.00     85   23.0  393.1  393.1  393.1
   90.0  17352  -75.5  -85.9     18   0.00     85   23.0  393.2  393.2  393.2
   89.9  17361  -75.5  -85.9     18   0.00     86   22.9  393.3  393.4  393.4
   89.7  17369  -75.5  -85.9     18   0.00     86   22.8  393.7  393.7  393.7
   89.6  17378  -75.4  -85.9     18   0.00     86   22.8  393.9  393.9  393.9
   89.5  17387  -75.4  -85.8     18   0.00     87   22.7  394.1  394.1  394.1
   89.3  17397  -75.4  -85.9     18   0.00     88   22.5  394.3  394.3  394.3
   89.2  17406  -75.4  -86.0     18   0.00     88   22.4  394.4  394.4  394.4
   89.0  17416  -75.5  -86.1     18   0.00     89   22.2  394.6  394.6  394.6
   88.9  17426  -75.5  -86.2     18   0.00     89   22.1  394.7  394.7  394.7
   88.7  17437  -75.5  -86.2     17   0.00     89   21.9  395.0  395.0  395.0
   88.6  17447  -75.4  -86.2     17   0.00     90   21.6  395.1  395.2  395.2
   88.4  17456  -75.4  -86.2     17   0.00     90   21.4  395.5  395.5  395.5
   88.3  17464  -75.3  -86.3     17   0.00     90   21.1  395.8  395.8  395.8
   88.1  17473  -75.2  -86.3     16   0.00     91   20.9  396.2  396.2  396.2
   88.0  17482  -75.1  -86.4     16   0.00     91   20.6  396.5  396.5  396.5
   87.9  17491  -75.0  -86.5     15   0.00     91   20.4  396.8  396.8  396.8
   87.7  17501  -75.0  -86.6     15   0.00     91   20.2  397.2  397.2  397.2
   87.6  17510  -74.9  -86.6     15   0.00     92   19.9  397.5  397.6  397.5
   87.5  17519  -74.7  -86.5     15   0.00     92   19.8  398.0  398.0  398.0
   87.3  17529  -74.5  -86.3     15   0.00     92   19.6  398.6  398.6  398.6
   87.2  17538  -74.4  -86.1     15   0.00     93   19.4  399.1  399.1  399.1
   87.0  17547  -74.3  -85.9     15   0.00     93   19.3  399.5  399.5  399.5
   86.9  17557  -74.3  -85.9     15   0.00     94   19.2  399.6  399.6  399.6
   86.8  17566  -74.5  -86.0     16   0.00     94   19.2  399.4  399.4  399.4
   86.6  17575  -74.6  -86.1     16   0.00     95   19.1  399.4  399.4  399.4
   86.5  17584  -74.7  -86.2     15   0.00     95   19.1  399.4  399.4  399.4
   86.3  17593  -74.7  -86.2     15   0.00     96   19.1  399.7  399.7  399.7
   86.2  17602  -74.6  -86.2     15   0.00     96   19.0  399.9  400.0  399.9
   86.1  17612  -74.5  -86.2     15   0.00     96   19.1  400.2  400.2  400.2
   85.9  17622  -74.5  -86.2     15   0.00     97   19.1  400.6  400.6  400.6
   85.8  17631  -74.5  -86.3     15   0.00     97   19.1  400.8  400.8  400.8
   85.6  17641  -74.4  -86.3     15   0.00     97   19.1  401.2  401.2  401.2
   85.5  17651  -74.4  -86.4     14   0.00     97   19.1  401.3  401.3  401.3
   85.3  17662  -74.5  -86.6     14   0.00     97   19.1  401.4  401.4  401.4
   85.2  17672  -74.5  -86.7     14   0.00     97   19.1  401.4  401.4  401.4
   85.0  17682  -74.4  -86.6     14   0.00     96   19.1  401.9  401.9  401.9
   84.9  17693  -74.3  -86.4     14   0.00     96   19.1  402.3  402.3  402.3
   84.7  17702  -74.5  -86.5     14   0.00     96   19.1  402.2  402.2  402.2
   84.6  17712  -74.7  -86.8     14   0.00     95   19.1  401.8  401.8  401.8
   84.4  17723  -74.8  -86.8     14   0.00     95   19.1  402.0  402.0  402.0
   84.3  17733  -74.6  -86.7     14   0.00     94   19.0  402.4  402.5  402.4
   84.1  17743  -74.5  -86.7     14   0.00     94   18.9  403.0  403.0  403.0
   84.0  17753  -74.5  -86.8     13   0.00     93   18.8  403.1  403.2  403.1
   83.9  17764  -74.5  -86.9     13   0.00     93   18.7  403.3  403.3  403.3
   83.7  17774  -74.4  -87.0     13   0.00     93   18.6  403.6  403.7  403.6
   83.6  17784  -74.4  -87.1     13   0.00     92   18.5  403.9  403.9  403.9
   83.4  17793  -74.3  -87.1     13   0.00     92   18.4  404.4  404.4  404.4
   83.3  17804  -74.2  -87.0     12   0.00     92   18.2  404.8  404.8  404.8
   83.1  17815  -74.2  -87.0     12   0.00     91   18.1  405.0  405.0  405.0
   83.0  17825  -74.4  -87.2     12   0.00     91   18.0  404.7  404.7  404.7
   82.8  17835  -74.6  -87.4     12   0.00     91   17.8  404.6  404.7  404.6
   82.7  17846  -74.5  -87.4     12   0.00     91   17.7  404.9  404.9  404.9
   82.5  17857  -74.4  -87.4     12   0.00     90   17.6  405.4  405.5  405.4
   82.4  17868  -74.4  -87.5     12   0.00     90   17.5  405.6  405.6  405.6
   82.2  17879  -74.4  -87.7     11   0.00     90   17.3  405.8  405.8  405.8
   82.1  17890  -74.3  -87.7     11   0.00     89   17.2  406.1  406.1  406.1
   81.9  17900  -74.2  -87.7     11   0.00     89   17.1  406.7  406.7  406.7
   81.8  17911  -74.2  -87.8     11   0.00     89   17.0  406.8  406.8  406.8
   81.6  17921  -74.4  -88.0     11   0.00     89   16.8  406.7  406.7  406.7
   81.5  17932  -74.4  -88.0     11   0.00     88   16.6  406.8  406.8  406.8
   81.3  17944  -74.3  -87.9     11   0.00     88   16.5  407.4  407.4  407.4
   81.1  17955  -74.2  -87.9     11   0.00     88   16.3  407.8  407.8  407.8
   81.0  17965  -74.3  -88.1     10   0.00     87   16.1  407.7  407.8  407.7
   80.8  17976  -74.4  -88.3     10   0.00     87   15.9  407.9  407.9  407.9
   80.7  17987  -74.3  -88.4     10   0.00     87   15.7  408.2  408.2  408.2
   80.5  17999  -74.1  -88.3     10   0.00     87   15.5  408.8  408.8  408.8
   80.4  18010  -73.9  -88.2     10   0.00     87   15.3  409.4  409.4  409.4
   80.2  18021  -73.6  -88.0     10   0.00     87   15.2  410.3  410.3  410.3
   80.1  18032  -73.5  -88.0      9   0.00     87   15.0  410.8  410.8  410.8
   79.9  18042  -73.5  -88.0      9   0.00     87   14.9  411.1  411.1  411.1
   79.8  18053  -73.3  -88.0      9   0.00     87   14.7  411.5  411.5  411.5
   79.6  18064  -73.0  -87.7      9   0.00     88   14.6  412.5  412.5  412.5
   79.5  18076  -72.9  -87.7      9   0.00     88   14.6  412.8  412.8  412.8
   79.3  18088  -73.0  -87.8      9   0.00     89   14.5  412.8  412.8  412.8
   79.2  18099  -73.3  -87.8      9   0.00     90   14.5  412.5  412.5  412.5
   79.0  18109  -73.4  -87.8     10   0.00     91   14.5  412.5  412.6  412.5
   78.9  18121  -73.4  -87.7     10   0.00     91   14.5  412.7  412.7  412.7
   78.7  18132  -73.4  -87.6     10   0.00     92   14.6  413.0  413.1  413.0
   78.6  18143  -73.4  -87.6     10   0.00     93   14.7  413.1  413.1  413.1
   78.4  18153  -73.6  -87.7     10   0.00     94   14.8  413.0  413.0  413.0
   78.3  18163  -73.9  -87.9     10   0.00     96   14.9  412.6  412.6  412.6
   78.1  18175  -74.1  -88.1     10   0.00     96   15.0  412.5  412.5  412.5
   78.0  18186  -74.3  -88.3     10   0.00     97   15.2  412.2  412.2  412.2
   77.9  18196  -74.5  -88.4     10   0.00     98   15.3  411.9  412.0  411.9
   77.7  18207  -74.6  -88.5     10   0.00     98   15.4  412.0  412.0  412.0
   77.6  18217  -74.6  -88.6     10   0.00     99   15.5  412.1  412.1  412.1
   77.4  18227  -74.6  -88.6     10   0.00    100   15.6  412.4  412.4  412.4
   77.3  18237  -74.6  -88.6     10   0.00    100   15.7  412.6  412.7  412.6
   77.2  18247  -74.5  -88.6     10   0.00    100   15.8  413.0  413.0  413.0
   77.0  18257  -74.4  -88.5     10   0.00    100   15.9  413.5  413.6  413.5
   76.9  18268  -74.2  -88.5     10   0.00    100   15.9  414.1  414.1  414.1
   76.8  18278  -73.9  -88.4      9   0.00    100   15.9  414.7  414.7  414.7
   76.6  18290  -73.7  -88.3      9   0.00    100   15.9  415.5  415.5  415.5
   76.5  18301  -73.6  -88.3      9   0.00     99   15.8  415.9  415.9  415.9
   76.3  18311  -73.7  -88.4      9   0.00     99   15.8  416.1  416.1  416.1
   76.2  18321  -73.7  -88.5      9   0.00     98   15.7  416.1  416.1  416.1
   76.1  18332  -73.7  -88.5      9   0.00     98   15.7  416.4  416.4  416.4
   75.9  18342  -73.5  -88.4      9   0.00     97   15.7  417.1  417.1  417.1
   75.8  18352  -73.3  -88.2      9   0.00     97   15.6  417.7  417.7  417.7
   75.7  18362  -73.1  -88.1      9   0.00     96   15.7  418.3  418.3  418.3
   75.5  18373  -73.0  -88.1      9   0.00     96   15.7  418.7  418.8  418.7
   75.4  18385  -73.1  -88.2      9   0.00     96   15.8  418.7  418.7  418.7
   75.2  18396  -73.1  -88.2      9   0.00     96   15.9  419.0  419.0  419.0
   75.1  18406  -73.0  -88.1      9   0.00     95   16.0  419.5  419.5  419.5
   75.0  18417  -72.8  -87.9      9   0.00     95   16.2  419.9  419.9  419.9
   74.8  18428  -72.9  -88.0      9   0.00     95   16.4  420.0  420.0  420.0
   74.7  18438  -73.2  -88.2      9   0.00     96   16.6  419.6  419.6  419.6
   74.6  18449  -73.5  -88.4      9   0.00     96   16.9  419.2  419.2  419.2
   74.4  18459  -73.6  -88.5      9   0.00     96   17.2  419.2  419.2  419.2
   74.3  18468  -73.7  -88.7      9   0.00     96   17.4  419.2  419.2  419.2
   74.2  18477  -73.7  -88.7      9   0.00     97   17.7  419.4  419.4  419.4
   74.1  18486  -73.5  -88.7      8   0.00     97   17.9  419.9  419.9  419.9
   74.0  18495  -73.3  -88.6      8   0.00     97   18.1  420.5  420.5  420.5
   73.8  18506  -73.1  -88.5      8   0.00     97   18.2  421.2  421.2  421.2
   73.7  18516  -73.0  -88.5      8   0.00     98   18.4  421.7  421.7  421.7
   73.6  18526  -72.8  -88.5      8   0.00     98   18.5  422.2  422.2  422.2
   73.5  18535  -72.7  -88.5      8   0.00     98   18.6  422.6  422.6  422.6
   73.4  18542  -72.6  -88.4      8   0.00     98   18.6  423.0  423.0  423.0
   73.3  18552  -72.5  -88.4      8   0.00     98   18.6  423.4  423.4  423.4
   73.1  18565  -72.4  -88.4      7   0.00     98   18.5  423.8  423.9  423.8
   73.0  18575  -72.4  -88.5      7   0.00     98   18.5  424.1  424.1  424.1
   72.9  18585  -72.3  -88.5      7   0.00     98   18.3  424.4  424.4  424.4
   72.7  18595  -72.2  -88.5      7   0.00     98   18.2  424.9  424.9  424.9
   72.6  18605  -72.1  -88.4      7   0.00     98   18.0  425.2  425.3  425.2
   72.5  18615  -72.1  -88.4      7   0.00     98   17.8  425.5  425.5  425.5
   72.4  18625  -72.1  -88.4      7   0.00     97   17.6  425.6  425.7  425.6
   72.2  18636  -72.1  -88.5      7   0.00     97   17.4  425.9  425.9  425.9
   72.1  18646  -72.3  -88.6      7   0.00     97   17.2  425.9  425.9  425.9
   72.0  18657  -72.5  -88.8      7   0.00     96   17.1  425.6  425.6  425.6
   71.8  18668  -72.6  -89.0      7   0.00     96   16.9  425.6  425.6  425.6
   71.7  18677  -72.6  -89.0      7   0.00     95   16.8  425.9  425.9  425.9
   71.6  18687  -72.3  -88.9      7   0.00     95   16.7  426.6  426.6  426.6
   71.5  18697  -72.0  -88.7      7   0.00     94   16.6  427.4  427.5  427.4
   71.4  18707  -71.7  -88.6      7   0.00     94   16.5  428.2  428.2  428.2
   71.2  18716  -71.6  -88.5      6   0.00     93   16.4  428.8  428.8  428.8
   71.1  18726  -71.5  -88.6      6   0.00     93   16.3  429.1  429.1  429.1
   71.0  18736  -71.6  -88.7      6   0.00     92   16.3  429.1  429.1  429.1
   70.9  18747  -71.8  -88.8      6   0.00     92   16.2  428.9  428.9  428.9
   70.8  18757  -71.9  -88.9      6   0.00     92   16.2  428.9  428.9  428.9
   70.6  18766  -71.9  -88.9      6   0.00     91   16.2  429.2  429.2  429.2
   70.5  18775  -71.7  -88.7      6   0.00     91   16.1  429.7  429.7  429.7
   70.4  18785  -71.6  -88.6      6   0.00     91   16.1  430.2  430.2  430.2
   70.3  18796  -71.5  -88.5      6   0.00     90   16.1  430.6  430.6  430.6
   70.1  18807  -71.5  -88.5      6   0.00     90   16.0  430.9  431.0  430.9
   70.0  18820  -71.6  -88.6      6   0.00     89   15.9  430.9  431.0  430.9
   69.9  18828  -71.6  -88.6      6   0.00     89   15.9  431.0  431.0  431.0
   69.8  18836  -71.8  -88.7      6   0.00     89   15.9  430.9  430.9  430.9
   69.7  18845  -71.9  -88.8      6   0.00     88   15.8  430.8  430.8  430.8
   69.6  18857  -72.0  -88.8      7   0.00     88   15.8  430.7  430.7  430.7
   69.4  18868  -72.2  -88.9      7   0.00     87   15.7  430.7  430.8  430.7
   69.3  18877  -72.2  -88.9      7   0.00     87   15.7  430.8  430.8  430.8
   69.2  18886  -72.2  -88.9      7   0.00     86   15.6  431.1  431.1  431.1
   69.1  18897  -72.1  -88.9      7   0.00     85   15.6  431.4  431.4  431.4
   69.0  18908  -72.1  -88.9      7   0.00     85   15.6  431.6  431.6  431.6
   68.8  18918  -72.1  -89.0      6   0.00     84   15.7  431.8  431.8  431.8
   68.7  18928  -72.3  -89.1      6   0.00     83   15.7  431.8  431.8  431.8
   68.6  18937  -72.4  -89.3      6   0.00     83   15.9  431.7  431.7  431.7
   68.5  18947  -72.3  -89.3      6   0.00     83   16.0  431.9  432.0  431.9
   68.4  18956  -72.2  -89.3      6   0.00     82   16.2  432.4  432.4  432.4
   68.3  18967  -72.0  -89.2      6   0.00     82   16.5  433.0  433.0  433.0
   68.2  18977  -71.8  -89.2      6   0.00     82   16.8  433.6  433.7  433.6
   68.0  18986  -71.6  -89.1      6   0.00     82   17.1  434.4  434.5  434.4
   67.9  18996  -71.5  -89.1      6   0.00     82   17.5  434.8  434.8  434.8
   67.8  19006  -71.6  -89.3      6   0.00     82   17.8  434.8  434.9  434.8
   67.7  19015  -71.7  -89.5      6   0.00     81   18.3  434.9  434.9  434.9
   67.6  19024  -71.6  -89.5      5   0.00     81   18.7  435.2  435.2  435.2
   67.5  19032  -71.4  -89.4      5   0.00     81   19.1  435.7  435.8  435.7
   67.4  19042  -71.2  -89.3      5   0.00     81   19.5  436.5  436.5  436.5
   67.3  19052  -70.9  -89.2      5   0.00     81   19.9  437.2  437.3  437.2
   67.2  19064  -70.7  -89.1      5   0.00     81   20.3  437.9  437.9  437.9
   67.0  19074  -70.6  -89.1      5   0.00     81   20.7  438.5  438.5  438.5
   66.9  19084  -70.5  -89.1      5   0.00     81   21.1  438.9  438.9  438.9
   66.8  19095  -70.4  -89.1      5   0.00     81   21.4  439.4  439.4  439.4
   66.7  19106  -70.1  -89.0      5   0.00     81   21.7  440.0  440.0  440.0
   66.6  19116  -69.9  -88.8      5   0.00     81   22.0  440.6  440.6  440.6
   66.5  19126  -69.9  -88.9      5   0.00     81   22.3  440.8  440.8  440.8
   66.4  19135  -70.1  -89.0      5   0.00     82   22.6  440.6  440.6  440.6
   66.2  19145  -70.3  -89.2      5   0.00     82   22.9  440.5  440.5  440.5
   66.1  19155  -70.5  -89.2      5   0.00     83   23.1  440.4  440.4  440.4
   66.0  19164  -70.5  -89.3      5   0.00     83   23.3  440.5  440.5  440.5
   65.9  19174  -70.5  -89.3      5   0.00     84   23.5  440.7  440.7  440.7
   65.8  19184  -70.5  -89.2      5   0.00     85   23.7  441.0  441.0  441.0
   65.7  19195  -70.4  -89.2      5   0.00     86   23.9  441.4  441.4  441.4
   65.6  19206  -70.3  -89.2      5   0.00     87   24.0  441.8  441.8  441.8
   65.5  19216  -70.2  -89.2      5   0.00     88   24.1  442.1  442.1  442.1
   65.4  19225  -70.2  -89.3      5   0.00     89   24.2  442.3  442.3  442.3
   65.3  19234  -70.2  -89.3      5   0.00     90   24.3  442.5  442.5  442.5
   65.1  19245  -70.2  -89.4      5   0.00     91   24.3  442.9  442.9  442.9
   65.0  19255  -70.2  -89.5      5   0.00     92   24.3  443.0  443.1  443.0
   64.9  19264  -70.2  -89.5      4   0.00     92   24.3  443.3  443.3  443.3
   64.8  19273  -70.1  -89.4      4   0.00     93   24.3  443.7  443.8  443.7
   64.7  19282  -70.0  -89.4      4   0.00     94   24.2  444.2  444.3  444.2
   64.6  19292  -69.8  -89.3      4   0.00     95   24.1  444.8  444.8  444.8
   64.5  19302  -69.7  -89.2      4   0.00     95   23.9  445.3  445.3  445.3
   64.4  19313  -69.6  -89.2      4   0.00     96   23.8  445.7  445.7  445.7
   64.3  19323  -69.5  -89.2      4   0.00     97   23.5  446.1  446.2  446.2
   64.2  19333  -69.4  -89.1      4   0.00     97   23.3  446.5  446.5  446.5
   64.1  19343  -69.3  -89.1      4   0.00     98   23.0  446.8  446.8  446.8
   64.0  19353  -69.4  -89.1      4   0.00     98   22.8  446.9  446.9  446.9
   63.9  19363  -69.5  -89.2      4   0.00     99   22.4  446.9  446.9  446.9
   63.7  19374  -69.5  -89.2      4   0.00    100   22.1  447.2  447.2  447.2
   63.6  19385  -69.5  -89.2      4   0.00    100   21.8  447.3  447.4  447.4
   63.5  19396  -69.6  -89.2      4   0.00    101   21.5  447.4  447.4  447.4
   63.4  19405  -69.7  -89.3      4   0.00    102   21.1  447.3  447.3  447.3
   63.3  19416  -69.8  -89.3      4   0.00    103   20.8  447.5  447.5  447.5
   63.2  19427  -69.8  -89.3      4   0.00    103   20.5  447.7  447.7  447.7
   63.1  19438  -69.8  -89.3      4   0.00    104   20.3  447.7  447.7  447.7
   63.0  19447  -70.0  -89.4      4   0.00    105   20.1  447.6  447.7  447.6
   62.9  19456  -70.1  -89.6      4   0.00    105   19.9  447.6  447.6  447.6
   62.8  19465  -70.1  -89.6      4   0.00    106   19.8  447.8  447.8  447.8
   62.7  19475  -70.0  -89.6      4   0.00    106   19.7  448.2  448.2  448.2
   62.6  19484  -69.8  -89.6      4   0.00    106   19.6  448.7  448.7  448.7
   62.5  19493  -69.7  -89.5      4   0.00    107   19.6  449.3  449.3  449.3
   62.4  19503  -69.5  -89.4      4   0.00    107   19.6  449.9  449.9  449.9
   62.3  19513  -69.4  -89.4      4   0.00    107   19.6  450.4  450.4  450.4
   62.2  19523  -69.4  -89.5      4   0.00    107   19.6  450.6  450.6  450.6
   62.1  19532  -69.4  -89.5      4   0.00    107   19.6  450.7  450.7  450.7
   62.0  19542  -69.3  -89.5      4   0.00    107   19.5  451.1  451.1  451.1
   61.9  19551  -69.2  -89.4      4   0.00    107   19.5  451.5  451.5  451.5
   61.8  19561  -69.3  -89.5      4   0.00    107   19.4  451.7  451.7  451.7
   61.7  19571  -69.4  -89.6      4   0.00    107   19.3  451.6  451.6  451.6
   61.6  19580  -69.5  -89.7      4   0.00    106   19.2  451.5  451.6  451.5
   61.5  19590  -69.5  -89.8      4   0.00    106   19.1  451.7  451.7  451.7
   61.4  19599  -69.5  -89.8      4   0.00    106   19.0  451.9  451.9  451.9
   61.3  19609  -69.5  -89.9      4   0.00    105   18.9  452.2  452.2  452.2
   61.2  19620  -69.5  -89.9      4   0.00    105   18.9  452.5  452.5  452.5
   61.1  19630  -69.4  -89.9      4   0.00    104   18.8  452.9  452.9  452.9
   61.0  19640  -69.2  -89.9      4   0.00    104   18.8  453.5  453.6  453.5
   60.9  19650  -68.8  -89.7      4   0.00    103   18.8  454.5  454.5  454.5
   60.8  19660  -68.4  -89.5      3   0.00    103   18.9  455.6  455.6  455.6
   60.7  19670  -68.2  -89.3      3   0.00    102   19.0  456.4  456.5  456.5
   60.6  19679  -68.1  -89.3      3   0.00    101   19.2  456.7  456.7  456.7
   60.5  19689  -68.3  -89.5      3   0.00    101   19.4  456.5  456.6  456.5
   60.4  19698  -68.5  -89.7      3   0.00    100   19.6  456.2  456.2  456.2
   60.3  19708  -68.7  -89.9      3   0.00     99   19.8  456.0  456.0  456.0
   60.2  19718  -68.8  -90.0      3   0.00     99   20.0  456.1  456.1  456.1
   60.1  19728  -68.8  -90.0      3   0.00     98   20.2  456.3  456.3  456.3
   60.0  19739  -68.8  -90.0      3   0.00     98   20.4  456.6  456.6  456.6
   59.9  19749  -68.7  -90.1      3   0.00     97   20.6  456.9  456.9  456.9
   59.8  19760  -68.6  -90.1      3   0.00     97   20.8  457.3  457.3  457.3
   59.7  19770  -68.5  -90.1      3   0.00     96   20.9  457.8  457.8  457.8
   59.6  19780  -68.3  -90.1      3   0.00     96   21.1  458.5  458.5  458.5
   59.5  19790  -68.1  -90.1      3   0.00     96   21.2  459.2  459.2  459.2
   59.4  19800  -67.8  -90.0      3   0.00     96   21.2  460.2  460.2  460.2
   59.3  19811  -67.3  -89.8      3   0.00     96   21.3  461.4  461.4  461.4
   59.2  19820  -66.9  -89.5      3   0.00     97   21.4  462.6  462.6  462.6
   59.1  19830  -66.5  -89.4      3   0.00     97   21.4  463.6  463.6  463.6
   59.0  19840  -66.4  -89.3      3   0.00     98   21.5  464.2  464.2  464.2
   58.9  19849  -66.6  -89.5      3   0.00     98   21.5  464.0  464.0  464.0
   58.8  19858  -66.9  -89.7      3   0.00     98   21.5  463.4  463.4  463.4
   58.7  19868  -67.2  -89.9      3   0.00     99   21.6  463.0  463.0  463.0
   58.6  19877  -67.2  -89.9      3   0.00     99   21.6  463.2  463.3  463.2
   58.5  19887  -67.1  -89.7      3   0.00     99   21.7  463.7  463.7  463.7
   58.4  19898  -66.8  -89.5      3   0.00     99   21.7  464.5  464.5  464.5
   58.3  19908  -66.6  -89.3      3   0.00    100   21.7  465.2  465.2  465.2
   58.2  19917  -66.5  -89.3      3   0.00    100   21.7  465.6  465.6  465.6
   58.1  19933  -66.7  -89.4      3   0.00    100   21.5  465.4  465.4  465.4
   57.9  19946  -66.8  -89.4      3   0.00     99   21.3  465.8  465.8  465.8
   57.8  19955  -66.7  -89.4      3   0.00     99   21.1  466.1  466.1  466.1
   57.7  19974  -66.5  -89.2      3   0.00     99   20.7  466.9  466.9  466.9
   57.6  19986  -66.4  -89.1      3   0.00     99   20.4  467.3  467.3  467.3
   57.5  19996  -66.5  -89.2      3   0.00     99   20.1  467.3  467.4  467.3
   57.4  20006  -66.5  -89.2      3   0.00     99   19.8  467.4  467.5  467.4
   57.3  20016  -66.5  -89.1      3   0.00     99   19.6  467.9  467.9  467.9
   57.2  20026  -66.3  -89.0      3   0.00     99   19.3  468.4  468.4  468.4
   57.1  20037  -66.4  -89.0      3   0.00     99   19.1  468.6  468.6  468.6
   57.0  20047  -66.6  -89.2      3   0.00     99   18.9  468.3  468.3  468.3
   56.9  20057  -66.9  -89.4      3   0.00     99   18.8  467.8  467.9  467.8
   56.8  20066  -67.1  -89.5      3   0.00     99   18.6  467.7  467.7  467.7
   56.7  20076  -67.0  -89.5      3   0.00     99   18.6  468.0  468.0  468.0
   56.6  20086  -66.9  -89.4      3   0.00     99   18.5  468.5  468.5  468.5
   56.5  20096  -66.8  -89.4      3   0.00     99   18.4  469.0  469.1  469.0
   56.4  20107  -66.8  -89.4      3   0.00     99   18.4  469.3  469.3  469.3
   56.3  20117  -66.8  -89.5      3   0.00     99   18.4  469.4  469.4  469.4
   56.2  20127  -66.7  -89.5      3   0.00     99   18.4  469.9  469.9  469.9
   56.1  20138  -66.4  -89.4      3   0.00     99   18.4  470.7  470.8  470.7
   56.0  20148  -66.2  -89.2      3   0.00     98   18.3  471.6  471.6  471.6
   55.9  20158  -66.0  -89.2      3   0.00     97   18.3  472.2  472.2  472.2
   55.8  20168  -66.0  -89.2      3   0.00     97   18.3  472.4  472.5  472.4
   55.7  20179  -66.0  -89.3      3   0.00     96   18.3  472.6  472.6  472.6
   55.6  20200  -66.2  -89.4      3   0.00     94   18.3  472.6  472.6  472.6
   55.5  20210  -66.2  -89.4      3   0.00     93   18.4  472.7  472.8  472.7
   55.4  20220  -66.2  -89.4      3   0.00     92   18.4  473.0  473.0  473.0
   55.3  20230  -66.2  -89.5      3   0.00     91   18.5  473.3  473.4  473.3
   55.2  20239  -66.1  -89.5      3   0.00     89   18.6  473.6  473.6  473.6
   55.1  20249  -66.1  -89.5      3   0.00     88   18.7  473.9  473.9  473.9
   55.0  20260  -66.1  -89.5      2   0.00     87   18.9  474.2  474.3  474.2
   54.9  20270  -66.0  -89.5      2   0.00     86   19.0  474.7  474.7  474.7
   54.8  20282  -65.8  -89.4      2   0.00     85   19.2  475.3  475.4  475.3
   54.7  20293  -65.6  -89.2      2   0.00     84   19.3  476.1  476.1  476.1
   54.6  20302  -65.5  -89.2      2   0.00     83   19.5  476.6  476.6  476.6
   54.5  20312  -65.5  -89.2      2   0.00     83   19.6  476.8  476.8  476.8
   54.4  20332  -65.8  -89.4      2   0.00     82   20.0  476.4  476.4  476.4
   54.3  20343  -65.9  -89.4      2   0.00     81   20.1  476.5  476.5  476.5
   54.2  20352  -65.9  -89.4      2   0.00     81   20.3  476.7  476.7  476.7
   54.1  20362  -65.8  -89.4      2   0.00     81   20.5  477.1  477.1  477.1
   54.0  20372  -65.8  -89.4      2   0.00     81   20.6  477.4  477.4  477.4
   53.9  20382  -65.7  -89.3      2   0.00     81   20.8  477.8  477.8  477.8
   53.8  20393  -65.7  -89.3      2   0.00     81   21.0  478.2  478.2  478.2
   53.7  20402  -65.5  -89.2      2   0.00     82   21.1  478.8  478.8  478.8
   53.6  20413  -65.4  -89.1      2   0.00     82   21.3  479.3  479.4  479.3
   53.5  20423  -65.3  -89.1      2   0.00     83   21.5  479.8  479.8  479.8
   53.4  20442  -65.6  -89.3      2   0.00     84   21.9  479.5  479.5  479.5
   53.3  20452  -65.7  -89.4      2   0.00     85   22.1  479.5  479.5  479.5
   53.2  20462  -65.7  -89.5      2   0.00     85   22.4  479.7  479.7  479.7
   53.1  20472  -65.6  -89.4      2   0.00     86   22.6  480.1  480.2  480.1
   53.0  20482  -65.5  -89.4      2   0.00     86   22.8  480.7  480.7  480.7
   52.9  20493  -65.4  -89.4      2   0.00     86   22.9  481.1  481.1  481.1
   52.8  20513  -65.4  -89.5      2   0.00     87   23.3  481.3  481.3  481.3
   52.7  20523  -65.4  -89.5      2   0.00     87   23.4  481.7  481.7  481.7
   52.6  20534  -65.2  -89.5      2   0.00     87   23.6  482.3  482.3  482.3
   52.5  20545  -64.9  -89.3      2   0.00     87   23.7  483.2  483.3  483.2
   52.4  20556  -64.6  -89.1      2   0.00     87   23.9  484.3  484.3  484.3
   52.3  20566  -64.4  -88.9      2   0.00     87   24.0  485.1  485.1  485.1
   52.2  20577  -64.3  -88.9      2   0.00     87   24.1  485.6  485.6  485.6
   52.1  20588  -64.3  -88.9      2   0.00     87   24.2  485.7  485.7  485.7
   52.0  20599  -64.5  -89.1      2   0.00     87   24.3  485.5  485.5  485.5
   51.9  20609  -64.7  -89.2      2   0.00     87   24.5  485.4  485.4  485.4
   51.8  20629  -64.7  -89.2      2   0.00     88   24.8  485.7  485.7  485.7
   51.7  20639  -64.6  -89.1      2   0.00     88   24.9  486.2  486.2  486.2
   51.6  20649  -64.5  -89.0      2   0.00     88   25.1  486.6  486.6  486.6
   51.5  20659  -64.5  -89.0      2   0.00     88   25.2  487.0  487.0  487.0
   51.4  20668  -64.4  -89.0      2   0.00     88   25.4  487.4  487.4  487.4
   51.3  20688  -64.5  -88.9      2   0.00     88   25.6  487.5  487.6  487.6
   51.2  20700  -64.6  -89.0      2   0.00     88   25.7  487.4  487.5  487.4
   51.1  20712  -64.8  -89.2      2   0.00     88   25.8  487.3  487.3  487.3
   51.0  20722  -64.9  -89.2      2   0.00     88   25.9  487.3  487.3  487.3
   50.9  20732  -64.9  -89.2      2   0.00     88   25.9  487.5  487.5  487.5
   50.8  20742  -64.8  -89.1      2   0.00     88   25.9  488.0  488.0  488.0
   50.7  20752  -64.7  -89.0      2   0.00     88   25.9  488.6  488.6  488.6
   50.6  20773  -64.7  -89.0      2   0.00     89   25.8  488.9  488.9  488.9
   50.5  20783  -64.6  -88.9      2   0.00     89   25.7  489.4  489.4  489.4
   50.4  20793  -64.4  -88.7      2   0.00     89   25.5  490.2  490.2  490.2
   50.3  20803  -64.3  -88.6      2   0.00     90   25.4  490.6  490.7  490.6
   50.2  20814  -64.6  -88.7      2   0.00     90   25.3  490.4  490.4  490.4
   50.1  20825  -64.9  -88.9      2   0.00     91   25.1  489.8  489.8  489.8
   50.0  20841  -65.2  -89.1      2   0.00     91   24.9  489.3  489.3  489.3
   49.9  20855  -65.3  -89.1      2   0.00     92   24.6  489.4  489.4  489.4
   49.8  20866  -65.4  -89.2      2   0.00     93   24.4  489.6  489.6  489.6
   49.7  20877  -65.4  -89.2      2   0.00     93   24.3  489.8  489.8  489.8
   49.6  20888  -65.4  -89.2      2   0.00     94   24.1  490.0  490.0  490.0
   49.5  20898  -65.4  -89.2      2   0.00     94   23.9  490.2  490.3  490.2
   49.4  20909  -65.5  -89.3      2   0.00     95   23.8  490.4  490.4  490.4
   49.3  20932  -65.6  -89.4      2   0.00     96   23.5  490.4  490.4  490.4
   49.2  20943  -65.7  -89.5      2   0.00     96   23.3  490.5  490.5  490.5
   49.1  20952  -65.6  -89.5      2   0.00     97   23.1  490.9  490.9  490.9
   49.0  20963  -65.4  -89.4      2   0.00     97   23.0  491.7  491.7  491.7
   48.9  20974  -65.1  -89.2      2   0.00     98   22.8  492.7  492.7  492.7
   48.8  20985  -65.1  -89.1      2   0.00     98   22.7  493.1  493.1  493.1
   48.7  20997  -65.3  -89.3      2   0.00     99   22.6  493.0  493.0  493.0
   48.6  21017  -65.6  -89.5      2   0.00     99   22.4  492.5  492.6  492.5
   48.5  21028  -65.5  -89.5      2   0.00     99   22.3  492.9  492.9  492.9
   48.4  21039  -65.5  -89.5      2   0.00     98   22.3  493.3  493.3  493.3
   48.3  21050  -65.5  -89.6      2   0.00     98   22.3  493.5  493.6  493.5
   48.2  21061  -65.6  -89.7      2   0.00     98   22.3  493.7  493.7  493.7
   48.1  21072  -65.6  -89.8      2   0.00     97   22.3  493.8  493.8  493.8
   48.0  21084  -65.7  -89.9      2   0.00     96   22.3  494.0  494.0  494.0
   47.9  21106  -65.6  -90.0      2   0.00     95   22.3  494.5  494.5  494.5
   47.8  21115  -65.5  -90.0      2   0.00     94   22.3  495.0  495.1  495.0
   47.7  21126  -65.4  -90.0      2   0.00     93   22.2  495.7  495.7  495.7
   47.6  21138  -65.2  -90.0      2   0.00     92   22.2  496.2  496.2  496.2
   47.5  21149  -65.2  -90.0      2   0.00     92   22.2  496.7  496.8  496.7
   47.4  21169  -65.0  -90.1      2   0.00     90   22.1  497.5  497.5  497.5
   47.3  21181  -64.8  -90.0      2   0.00     90   22.1  498.1  498.1  498.1
   47.2  21191  -64.7  -90.0      2   0.00     90   22.1  498.8  498.8  498.8
   47.1  21202  -64.5  -89.9      2   0.00     89   22.0  499.6  499.6  499.6
   47.0  21211  -64.3  -89.8      2   0.00     89   22.0  500.4  500.4  500.4
   46.9  21232  -64.0  -89.7      2   0.00     89   22.0  501.2  501.2  501.2
   46.8  21244  -64.0  -89.7      2   0.00     89   22.1  501.5  501.5  501.5
   46.7  21252  -64.1  -89.7      2   0.00     89   22.1  501.8  501.8  501.8
   46.6  21272  -64.0  -89.7      2   0.00     90   22.2  502.2  502.2  502.2
   46.5  21282  -63.9  -89.7      2   0.00     90   22.3  502.7  502.7  502.7
   46.4  21291  -63.8  -89.6      2   0.00     90   22.3  503.3  503.3  503.3
   46.3  21314  -63.6  -89.4      2   0.00     90   22.4  504.1  504.1  504.1
   46.2  21326  -63.6  -89.4      2   0.00     90   22.5  504.5  504.5  504.5
   46.1  21336  -63.5  -89.4      2   0.00     90   22.5  504.9  504.9  504.9
   46.0  21345  -63.5  -89.4      2   0.00     90   22.5  505.3  505.3  505.3
   45.9  21364  -63.2  -89.2      2   0.00     90   22.5  506.3  506.3  506.3
   45.8  21373  -63.1  -89.1      2   0.00     90   22.5  506.9  506.9  506.9
   45.7  21393  -63.1  -89.1      2   0.00     91   22.6  507.1  507.2  507.1
   45.6  21403  -63.1  -89.1      2   0.00     91   22.6  507.5  507.5  507.5
   45.5  21412  -63.0  -88.9      2   0.00     92   22.6  508.1  508.2  508.1
   45.4  21431  -62.8  -88.7      2   0.00     93   22.7  509.0  509.0  509.0
   45.3  21441  -62.8  -88.8      2   0.00     93   22.8  509.2  509.2  509.2
   45.2  21451  -62.9  -88.8      2   0.00     94   23.0  509.3  509.4  509.3
   45.1  21472  -62.9  -88.8      2   0.00     95   23.3  509.6  509.6  509.6
   45.0  21483  -62.9  -88.8      2   0.00     95   23.5  510.0  510.0  510.0
   44.9  21493  -62.9  -88.8      2   0.00     96   23.7  510.3  510.3  510.3
   44.8  21512  -62.9  -88.9      2   0.00     96   24.1  510.7  510.7  510.7
   44.7  21522  -62.8  -88.9      2   0.00     96   24.3  511.1  511.2  511.1
   44.6  21540  -62.7  -88.8      2   0.00     96   24.7  511.7  511.7  511.7
   44.5  21550  -62.6  -88.8      2   0.00     96   24.8  512.3  512.4  512.3
   44.4  21570  -62.2  -88.4      2   0.00     97   25.0  513.7  513.7  513.7
   44.3  21579  -62.1  -88.4      2   0.00     97   25.1  514.1  514.1  514.1
   44.2  21589  -62.3  -88.4      2   0.00     97   25.1  514.0  514.1  514.0
   44.1  21609  -62.7  -88.5      2   0.00     97   25.2  513.5  513.5  513.5
   44.0  21619  -62.8  -88.5      2   0.00     97   25.2  513.5  513.6  513.5
   43.9  21638  -62.9  -88.4      2   0.00     98   25.2  513.7  513.7  513.7
   43.8  21649  -62.9  -88.3      2   0.00     98   25.1  513.9  514.0  513.9
   43.7  21659  -63.0  -88.3      2   0.00     99   25.1  514.0  514.0  514.0
   43.6  21677  -63.4  -88.5      2   0.00    100   25.0  513.4  513.4  513.4
   43.5  21697  -63.5  -88.6      2   0.00    100   24.9  513.4  513.4  513.4
   43.4  21708  -63.3  -88.4      2   0.00    100   24.8  514.3  514.3  514.3
   43.3  21718  -63.0  -88.1      2   0.00    101   24.7  515.3  515.4  515.3
   43.2  21738  -63.1  -88.2      2   0.00    101   24.5  515.3  515.4  515.3
   43.1  21750  -63.5  -88.4      2   0.00    101   24.4  514.8  514.9  514.8
   43.0  21760  -63.7  -88.6      2   0.00    101   24.3  514.6  514.6  514.6
   42.9  21780  -63.9  -88.8      2   0.00    101   24.0  514.4  514.5  514.4
   42.8  21790  -63.9  -88.8      2   0.00    101   23.9  514.8  514.8  514.8
   42.7  21801  -63.9  -88.8      2   0.00    100   23.7  515.2  515.3  515.2
   42.6  21821  -63.6  -88.6      2   0.00    100   23.5  516.4  516.4  516.4
   42.5  21831  -63.5  -88.5      2   0.00     99   23.3  517.0  517.0  517.0
   42.4  21851  -63.5  -88.6      2   0.00     98   23.1  517.2  517.2  517.2
   42.3  21862  -63.6  -88.6      2   0.00     98   23.0  517.3  517.3  517.3
   42.2  21883  -63.9  -88.8      2   0.00     97   22.8  517.0  517.0  517.0
   42.1  21893  -64.0  -88.8      2   0.00     96   22.8  517.1  517.2  517.1
   42.0  21903  -64.1  -88.9      2   0.00     95   22.7  517.2  517.3  517.2
   41.9  21923  -64.3  -89.0      2   0.00     94   22.8  517.0  517.0  517.0
   41.8  21933  -64.3  -89.1      2   0.00     93   22.8  517.2  517.3  517.2
   41.7  21952  -64.3  -89.1      2   0.00     92   23.0  517.6  517.6  517.6
   41.6  21963  -64.3  -89.1      2   0.00     91   23.2  518.1  518.1  518.1
   41.5  21984  -64.1  -89.1      2   0.00     90   23.5  518.8  518.8  518.8
   41.4  21994  -64.0  -89.0      2   0.00     89   23.7  519.4  519.5  519.4
   41.3  22005  -63.9  -89.0      2   0.00     89   23.8  520.1  520.1  520.1
   41.2  22027  -64.1  -89.2      2   0.00     88   24.1  520.1  520.1  520.1
   41.1  22038  -64.1  -89.3      2   0.00     88   24.3  520.2  520.3  520.2
   41.0  22050  -64.1  -89.3      2   0.00     88   24.4  520.8  520.8  520.8
   40.9  22072  -63.5  -88.9      2   0.00     88   24.7  522.5  522.5  522.5
   40.8  22083  -63.4  -88.8      2   0.00     88   24.8  523.3  523.3  523.3
   40.7  22104  -63.5  -88.9      2   0.00     88   25.0  523.3  523.3  523.3
   40.6  22115  -63.6  -88.9      2   0.00     88   25.1  523.5  523.5  523.5
   40.5  22125  -63.5  -88.8      2   0.00     88   25.2  524.0  524.1  524.0
   40.4  22147  -63.5  -88.7      2   0.00     88   25.4  524.5  524.5  524.5
   40.3  22159  -63.8  -88.8      2   0.00     88   25.5  524.1  524.2  524.1
   40.2  22170  -64.0  -88.9      2   0.00     89   25.5  523.9  523.9  523.9
   40.1  22192  -64.0  -88.7      2   0.00     89   25.6  524.4  524.4  524.4
   40.0  22203  -63.8  -88.6      2   0.00     90   25.6  525.0  525.1  525.0
   39.9  22225  -63.9  -88.5      2   0.00     90   25.6  525.3  525.3  525.3
   39.8  22236  -64.1  -88.6      2   0.00     91   25.6  525.0  525.1  525.1
   39.7  22248  -64.3  -88.7      2   0.00     91   25.6  524.9  524.9  524.9
   39.6  22272  -64.3  -88.5      2   0.00     92   25.7  525.4  525.4  525.4
   39.5  22283  -64.4  -88.5      2   0.00     92   25.7  525.6  525.7  525.6
   39.4  22296  -64.5  -88.6      2   0.00     92   25.7  525.7  525.7  525.7
   39.3  22308  -64.7  -88.7      2   0.00     92   25.7  525.6  525.6  525.6
   39.2  22332  -65.0  -88.9      2   0.00     92   25.8  525.1  525.1  525.1
   39.1  22346  -65.1  -89.0      2   0.00     92   25.8  525.2  525.2  525.2
   39.0  22358  -65.2  -89.1      2   0.00     91   25.8  525.3  525.4  525.3
   38.9  22381  -65.4  -89.3      2   0.00     91   25.9  525.4  525.4  525.4
   38.8  22392  -65.4  -89.4      2   0.00     91   25.9  525.7  525.7  525.7
   38.7  22404  -65.4  -89.4      2   0.00     90   25.9  526.2  526.2  526.2
   38.6  22429  -65.2  -89.6      2   0.00     90   25.9  526.8  526.9  526.9
   38.5  22441  -65.0  -89.5      2   0.00     90   25.9  527.7  527.8  527.7
   38.4  22453  -64.8  -89.4      2   0.00     90   25.9  528.9  528.9  528.9
   38.3  22465  -64.5  -89.3      2   0.00     90   25.9  529.8  529.8  529.8
   38.2  22489  -64.6  -89.5      2   0.00     90   25.9  530.2  530.2  530.2
   38.1  22502  -64.6  -89.6      2   0.00     90   25.9  530.5  530.5  530.5
   38.0  22515  -64.5  -89.6      2   0.00     90   25.9  531.0  531.1  531.0
   37.9  22540  -64.3  -89.4      2   0.00     89   25.8  532.1  532.2  532.1
   37.8  22552  -64.2  -89.3      2   0.00     89   25.7  532.7  532.7  532.7
   37.7  22565  -64.3  -89.4      2   0.00     89   25.6  532.8  532.9  532.8
   37.6  22587  -64.6  -89.6      2   0.00     89   25.5  532.3  532.4  532.3
   37.5  22598  -64.7  -89.6      2   0.00     88   25.5  532.7  532.8  532.7
   37.4  22610  -64.6  -89.6      2   0.00     88   25.5  533.3  533.3  533.3
   37.3  22634  -64.6  -89.7      2   0.00     87   25.6  533.6  533.7  533.6
   37.2  22645  -64.6  -89.7      2   0.00     86   25.8  534.1  534.1  534.1
   37.1  22668  -64.4  -89.6      2   0.00     85   26.2  535.1  535.2  535.1
   37.0  22681  -64.2  -89.6      2   0.00     84   26.5  535.9  535.9  535.9
   36.9  22693  -64.2  -89.7      2   0.00     84   26.9  536.4  536.4  536.4
   36.8  22716  -64.2  -89.8      2   0.00     83   27.7  536.9  536.9  536.9
   36.7  22728  -64.0  -89.8      2   0.00     83   28.1  537.8  537.8  537.8
   36.6  22750  -63.5  -89.6      2   0.00     82   29.1  539.4  539.4  539.4
   36.5  22761  -63.4  -89.6      2   0.00     82   29.5  540.2  540.2  540.2
   36.4  22785  -63.2  -89.6      2   0.00     82   30.4  541.1  541.1  541.1
   36.3  22796  -63.1  -89.6      2   0.00     83   30.8  541.7  541.8  541.7
   36.2  22819  -62.9  -89.5      2   0.00     83   31.5  542.6  542.7  542.6
   36.1  22828  -62.8  -89.5      2   0.00     84   31.8  543.4  543.4  543.4
   36.0  22849  -62.5  -89.5      2   0.00     85   32.4  544.5  544.5  544.5
   35.9  22860  -62.4  -89.5      2   0.00     85   32.6  545.1  545.2  545.2
   35.8  22881  -62.3  -89.5      2   0.00     87   33.1  546.0  546.0  546.0
   35.7  22906  -62.0  -89.5      1   0.00     88   33.5  547.2  547.2  547.2
   35.6  22917  -61.8  -89.4      1   0.00     89   33.8  548.2  548.3  548.2
   35.5  22937  -61.1  -89.2      1   0.00     90   34.2  550.3  550.4  550.4
   35.4  22947  -60.7  -89.0      1   0.00     91   34.3  551.8  551.8  551.8
   35.3  22966  -60.2  -88.9      1   0.00     92   34.6  553.6  553.6  553.6
   35.2  22985  -59.8  -88.8      1   0.00     94   34.7  555.0  555.1  555.0
   35.1  23006  -59.3  -88.6      1   0.00     95   34.6  556.7  556.8  556.7
   35.0  23026  -58.8  -88.3      1   0.00     97   34.3  558.5  558.6  558.5
   34.9  23036  -58.6  -88.2      1   0.00     98   34.1  559.7  559.7  559.7
   34.8  23055  -58.1  -87.9      1   0.01    100   33.7  561.2  561.3  561.2
   34.7  23074  -57.9  -87.7      1   0.01    102   33.3  562.4  562.4  562.4
   34.6  23094  -57.8  -87.7      1   0.01    104   32.9  563.1  563.1  563.1
   34.5  23113  -57.6  -87.6      1   0.01    105   32.7  563.9  564.0  563.9
   34.4  23133  -57.2  -87.3      1   0.01    107   32.5  565.6  565.6  565.6
   34.3  23153  -56.6  -87.0      1   0.01    108   32.3  567.7  567.7  567.7
   34.2  23174  -56.1  -86.7      1   0.01    110   32.2  569.4  569.5  569.4
   34.1  23184  -55.9  -86.7      1   0.01    110   32.1  570.3  570.3  570.3
   34.0  23203  -55.8  -86.6      1   0.01    112   31.9  571.2  571.3  571.2
   33.9  23223  -55.4  -86.5      1   0.01    113   31.6  572.6  572.6  572.6
   33.8  23245  -54.8  -86.0      1   0.01    114   31.4  574.6  574.7  574.6
   33.7  23266  -54.4  -85.6      1   0.01    115   31.1  576.2  576.3  576.2
   33.6  23277  -54.5  -85.6      1   0.01    116   30.9  576.6  576.6  576.6
   33.5  23295  -54.9  -85.7      1   0.01    117   30.6  576.0  576.1  576.0
   33.4  23315  -54.9  -85.5      1   0.01    118   30.2  576.5  576.6  576.5
   33.3  23336  -54.9  -85.3      1   0.01    120   29.8  577.0  577.1  577.0
   33.2  23356  -55.1  -85.3      1   0.01    121   29.3  576.8  576.9  576.8
   33.1  23377  -55.1  -85.2      1   0.01    122   28.8  577.4  577.4  577.4
   33.0  23399  -54.9  -85.0      1   0.01    123   28.2  578.3  578.4  578.3
   32.9  23421  -55.3  -85.2      1   0.01    124   27.6  578.0  578.0  578.0
   32.8  23433  -55.5  -85.4      1   0.01    124   27.3  577.7  577.8  577.7
   32.7  23454  -55.8  -85.5      1   0.01    126   26.7  577.5  577.6  577.5
   32.6  23477  -55.3  -85.1      1   0.01    126   26.1  579.4  579.4  579.4
   32.5  23499  -55.2  -84.9      1   0.01    127   25.5  580.2  580.3  580.3
   32.4  23511  -55.5  -85.0      1   0.01    128   25.2  579.8  579.9  579.8
   32.3  23533  -56.2  -85.4      1   0.01    128   24.6  578.6  578.7  578.6
   32.2  23554  -56.3  -85.4      1   0.01    129   24.0  578.9  578.9  578.9
   32.1  23578  -56.3  -85.4      1   0.01    129   23.4  579.1  579.2  579.1
   32.0  23591  -56.4  -85.4      1   0.01    129   23.1  579.4  579.5  579.4
   31.9  23615  -56.5  -85.5      1   0.01    129   22.3  579.7  579.8  579.7
   31.8  23627  -56.6  -85.5      1   0.01    129   21.9  580.1  580.2  580.1
   31.7  23655  -56.7  -85.7      1   0.01    129   21.1  580.3  580.3  580.3
   31.6  23667  -56.8  -85.7      1   0.01    129   20.7  580.6  580.7  580.6
   31.5  23694  -56.8  -85.8      1   0.01    129   19.8  581.0  581.1  581.0
   31.4  23718  -56.8  -85.8      1   0.01    128   19.0  581.4  581.5  581.4
   31.3  23731  -56.9  -85.8      1   0.01    128   18.6  581.9  582.0  581.9
   31.2  23759  -56.9  -85.9      1   0.01    128   17.8  582.2  582.3  582.2
   31.1  23770  -57.0  -85.9      1   0.01    128   17.5  582.6  582.7  582.6
   31.0  23795  -57.1  -85.9      1   0.01    128   16.8  582.9  583.0  582.9
   30.9  23818  -57.2  -86.0      1   0.01    128   16.2  583.1  583.2  583.1
   30.8  23830  -57.3  -86.1      1   0.01    128   16.0  583.4  583.5  583.4
   30.7  23855  -57.5  -86.2      1   0.01    127   15.5  583.5  583.6  583.6
   30.6  23870  -57.5  -86.2      1   0.01    126   15.3  584.0  584.0  584.0
   30.5  23898  -57.6  -86.3      1   0.01    125   14.9  584.3  584.3  584.3
   30.4  23910  -57.6  -86.4      1   0.01    125   14.8  584.8  584.8  584.8
   30.3  23932  -57.5  -86.4      1   0.01    124   14.6  585.5  585.6  585.6
   30.2  23954  -57.3  -86.3      1   0.01    123   14.6  586.7  586.8  586.7
   30.1  23978  -57.2  -86.3      1   0.01    121   14.6  587.6  587.7  587.6
   30.0  24004  -56.9  -86.1      1   0.01    119   14.7  588.8  588.9  588.9
   29.9  24026  -56.8  -85.9      1   0.01    118   14.7  589.8  589.8  589.8
   29.8  24039  -56.9  -85.9      1   0.01    117   14.7  590.1  590.2  590.1
   29.7  24065  -57.3  -86.1      1   0.01    115   14.6  589.6  589.7  589.6
   29.6  24091  -57.7  -86.2      2   0.01    112   14.5  589.1  589.1  589.1
   29.5  24104  -57.8  -86.2      2   0.01    110   14.5  589.3  589.3  589.3
   29.4  24130  -58.0  -86.2      2   0.01    107   14.3  589.4  589.4  589.4
   29.3  24144  -58.1  -86.2      2   0.01    105   14.2  589.7  589.7  589.7
   29.2  24170  -58.3  -86.3      2   0.01    101   14.1  589.7  589.8  589.7
   29.1  24198  -58.4  -86.4      2   0.01     98   13.9  589.8  589.9  589.9
   29.0  24211  -58.5  -86.5      2   0.01     96   13.9  590.3  590.4  590.3
   28.9  24236  -58.5  -86.5      2   0.01     93   13.7  590.9  591.0  590.9
   28.8  24263  -58.4  -86.6      2   0.01     90   13.5  591.6  591.6  591.6
   28.7  24275  -58.4  -86.7      2   0.01     89   13.5  592.2  592.3  592.2
   28.6  24301  -58.3  -86.7      1   0.01     86   13.3  593.2  593.3  593.2
   28.5  24327  -58.1  -86.7      1   0.01     84   13.1  594.4  594.4  594.4
   28.4  24339  -58.1  -86.7      1   0.01     83   13.0  594.9  595.0  594.9
   28.3  24364  -58.2  -86.9      1   0.01     81   12.9  595.1  595.2  595.1
   28.2  24389  -58.1  -86.9      1   0.01     78   12.7  596.1  596.1  596.1
   28.1  24415  -57.7  -86.5      1   0.01     77   12.5  597.8  597.9  597.8
   28.0  24428  -57.5  -86.3      1   0.01     76   12.4  598.9  599.0  598.9
   27.9  24454  -57.7  -86.3      1   0.01     74   12.1  599.1  599.2  599.1
   27.8  24475  -58.0  -86.5      1   0.01     73   11.8  598.7  598.8  598.7
   27.7  24497  -58.4  -86.6      2   0.01     72   11.4  598.4  598.4  598.4
   27.6  24521  -58.8  -86.9      2   0.01     71   11.0  597.9  598.0  597.9
   27.5  24544  -58.9  -86.9      2   0.01     70   10.7  598.3  598.4  598.3
   27.4  24566  -58.5  -86.7      2   0.01     69   10.5  599.8  599.9  599.8
   27.3  24588  -57.9  -86.3      2   0.01     68   10.5  602.2  602.3  602.2
   27.2  24620  -58.3  -86.5      2   0.01     66   10.5  601.8  601.9  601.8
   27.1  24644  -58.7  -86.8      2   0.01     64   10.6  601.1  601.2  601.1
   27.0  24665  -58.8  -86.8      2   0.01     63   10.7  601.5  601.6  601.5
   26.9  24686  -58.9  -86.8      2   0.01     61   10.7  601.9  602.0  601.9
   26.8  24709  -58.9  -86.8      2   0.01     59   10.6  602.6  602.6  602.6
   26.7  24730  -58.9  -86.7      2   0.01     57   10.6  603.3  603.4  603.3
   26.6  24750  -58.9  -86.8      2   0.01     55   10.5  603.9  604.0  603.9
   26.5  24781  -59.2  -87.1      2   0.01     52   10.5  603.8  603.9  603.8
   26.4  24800  -58.9  -86.9      2   0.01     50   10.5  605.2  605.3  605.2
   26.3  24822  -58.5  -86.6      2   0.01     49   10.6  607.0  607.1  607.0
   26.2  24851  -59.0  -86.9      2   0.01     47   10.8  606.1  606.2  606.1
   26.1  24873  -59.5  -87.3      2   0.01     47   11.0  605.6  605.6  605.6
   26.0  24893  -59.4  -87.2      2   0.01     46   11.3  606.5  606.6  606.5
   25.9  24925  -58.6  -86.7      2   0.01     46   11.9  609.3  609.3  609.3
   25.8  24945  -58.9  -86.8      2   0.01     46   12.4  609.3  609.3  609.3
   25.7  24975  -59.2  -87.0      2   0.01     46   13.1  609.1  609.2  609.1
   25.6  24995  -59.2  -87.0      2   0.01     46   13.5  609.6  609.6  609.6
   25.5  25022  -59.4  -87.1      2   0.01     46   14.1  609.6  609.7  609.7
   25.4  25042  -59.6  -87.2      2   0.01     46   14.5  609.9  610.0  609.9
   25.3  25071  -59.3  -86.8      2   0.01     45   15.1  611.5  611.6  611.5
   25.2  25089  -59.2  -86.6      2   0.01     44   15.6  612.5  612.6  612.5
   25.1  25118  -59.7  -86.9      2   0.01     43   16.5  611.5  611.6  611.6
   25.0  25147  -60.5  -87.2      2   0.01     42   17.5  610.2  610.3  610.2
   24.9  25167  -60.8  -87.4      2   0.01     41   18.0  609.8  609.9  609.8
   24.8  25188  -60.8  -87.4      2   0.01     41   18.5  610.5  610.6  610.5
   24.7  25220  -60.2  -87.1      2   0.01     42   18.8  613.0  613.1  613.0
   24.6  25240  -60.3  -87.2      2   0.01     43   18.8  613.5  613.5  613.5
   24.5  25270  -60.9  -87.8      2   0.01     45   18.8  612.5  612.6  612.5
   24.4  25292  -60.8  -87.8      2   0.01     46   18.7  613.5  613.6  613.5
   24.3  25314  -60.4  -87.5      2   0.01     48   18.6  615.4  615.5  615.4
   24.2  25349  -60.3  -87.4      2   0.01     51   18.7  616.3  616.4  616.3
   24.1  25369  -60.6  -87.5      2   0.01     53   18.9  616.3  616.4  616.3
   24.0  25392  -60.7  -87.4      2   0.01     55   19.2  616.6  616.6  616.6
   23.9  25424  -61.3  -87.6      2   0.01     58   19.9  615.8  615.8  615.8
   23.8  25447  -61.5  -87.7      2   0.01     60   20.5  615.9  616.0  615.9
   23.7  25470  -61.8  -87.9      2   0.01     62   21.0  615.8  615.8  615.8
   23.6  25503  -62.0  -88.2      2   0.01     65   21.6  615.8  615.8  615.8
   23.5  25524  -61.9  -88.3      2   0.01     67   21.9  617.0  617.1  617.0
   23.4  25558  -61.1  -88.1      2   0.01     70   22.2  619.8  619.9  619.8
   23.3  25579  -60.9  -88.2      2   0.01     72   22.4  621.4  621.4  621.4
   23.2  25602  -61.0  -88.5      2   0.01     73   22.5  621.7  621.7  621.7
   23.1  25637  -60.8  -88.5      1   0.01     75   22.7  623.3  623.3  623.3
   23.0  25660  -60.4  -88.3      1   0.01     76   22.8  625.2  625.3  625.2
   22.9  25683  -60.2  -88.2      1   0.01     77   22.9  626.6  626.7  626.6
   22.8  25718  -59.6  -87.9      1   0.01     78   23.0  628.9  629.0  628.9
   22.7  25740  -59.5  -87.8      1   0.01     78   23.1  630.0  630.0  630.0
   22.6  25764  -59.6  -87.8      1   0.01     79   23.3  630.7  630.8  630.7
   22.5  25799  -59.7  -87.7      1   0.01     81   23.7  631.2  631.3  631.2
   22.4  25822  -59.9  -87.7      2   0.01     82   24.0  631.4  631.5  631.4
   22.3  25856  -59.9  -87.5      2   0.01     84   24.6  632.0  632.1  632.0
   22.2  25877  -60.0  -87.5      2   0.01     85   25.0  632.6  632.7  632.6
   22.1  25912  -60.3  -87.8      2   0.01     86   25.7  632.6  632.7  632.6
   22.0  25933  -60.3  -87.8      2   0.01     86   26.1  633.5  633.6  633.5
   21.9  25966  -59.5  -87.5      1   0.01     86   26.6  636.7  636.7  636.7
   21.8  25998  -59.2  -87.6      1   0.01     85   27.0  638.2  638.3  638.2
   21.7  26021  -59.3  -87.7      1   0.01     84   27.2  639.0  639.0  639.0
   21.6  26055  -58.6  -87.4      1   0.01     82   27.3  641.7  641.8  641.7
   21.5  26077  -58.6  -87.4      1   0.01     81   27.4  642.5  642.6  642.5
   21.4  26112  -58.6  -87.5      1   0.01     80   27.5  643.4  643.5  643.4
   21.3  26144  -58.3  -87.2      1   0.01     78   27.6  645.3  645.4  645.3
   21.2  26167  -58.1  -87.1      1   0.01     77   27.8  646.6  646.7  646.7
   21.1  26198  -58.1  -87.1      1   0.01     75   28.1  647.7  647.8  647.7
   21.0  26231  -57.9  -87.0      1   0.01     74   28.5  649.1  649.2  649.1
   20.9  26263  -57.8  -86.9      1   0.01     72   29.0  650.2  650.3  650.2
   20.8  26285  -57.7  -86.8      1   0.01     72   29.4  651.4  651.5  651.4
   20.7  26316  -57.9  -87.0      1   0.01     72   29.9  651.8  651.9  651.8
   20.6  26347  -57.7  -86.9      1   0.01     71   30.5  653.3  653.4  653.3
   20.5  26378  -57.1  -86.6      1   0.01     71   31.0  655.9  656.0  655.9
   20.4  26406  -57.0  -86.5      1   0.01     71   31.5  657.1  657.2  657.1
   20.3  26436  -57.2  -86.5      1   0.01     71   32.1  657.7  657.8  657.7
   20.2  26476  -56.8  -86.3      1   0.01     72   32.9  659.5  659.7  659.5
   20.1  26504  -56.7  -86.2      1   0.01     73   33.6  660.9  661.1  660.9
   20.0  26546  -57.0  -86.5      1   0.01     74   34.2  660.8  660.9  660.8
   19.9  26564  -57.2  -86.7      1   0.01     74   34.2  661.3  661.4  661.3
   19.8  26604  -56.3  -86.4      1   0.01     76   33.7  664.9  665.0  664.9
   19.7  26635  -55.6  -86.1      1   0.01     77   33.3  668.2  668.3  668.2
   19.6  26668  -55.7  -86.3      1   0.01     79   32.9  668.7  668.8  668.7
   19.5  26701  -55.2  -86.0      1   0.01     81   32.5  671.3  671.4  671.3
   19.4  26733  -54.9  -85.7      1   0.01     83   32.1  673.1  673.3  673.1
   19.3  26756  -54.8  -85.5      1   0.01     85   31.6  674.5  674.7  674.6
   19.2  26793  -54.6  -85.2      1   0.01     86   30.9  676.2  676.3  676.2
   19.1  26830  -55.1  -85.4      1   0.01     87   30.2  675.6  675.8  675.6
   19.0  26865  -55.4  -85.5      1   0.01     88   29.8  675.8  676.0  675.8
   18.9  26900  -55.4  -85.5      1   0.01     87   29.7  676.8  677.0  676.8
   18.8  26924  -55.2  -85.4      1   0.01     87   29.9  678.4  678.5  678.4
   18.7  26959  -54.8  -85.3      1   0.01     86   30.4  680.7  680.8  680.7
   18.6  26996  -54.8  -85.5      1   0.01     86   31.0  681.7  681.8  681.7
   18.5  27032  -54.8  -85.6      1   0.01     86   31.5  682.7  682.9  682.7
   18.4  27069  -54.4  -85.4      1   0.01     85   31.9  685.1  685.3  685.1
   18.3  27107  -53.7  -85.0      1   0.02     85   32.3  688.3  688.5  688.3
   18.2  27132  -53.6  -84.9      1   0.02     85   32.6  689.6  689.8  689.6
   18.1  27167  -53.8  -85.0      1   0.02     85   33.0  690.2  690.3  690.2
   18.0  27203  -53.8  -84.9      1   0.02     85   33.4  691.4  691.5  691.4
   17.9  27240  -53.7  -84.9      1   0.02     85   33.5  692.8  692.9  692.8
   17.8  27274  -53.6  -85.0      1   0.02     85   33.3  694.1  694.3  694.2
   17.7  27319  -53.3  -84.9      1   0.02     86   32.9  696.2  696.3  696.2
   17.6  27353  -52.6  -84.4      1   0.02     88   32.7  699.6  699.8  699.6
   17.5  27388  -51.9  -83.9      1   0.02     89   32.9  702.9  703.1  702.9
   17.4  27420  -52.6  -84.3      1   0.02     90   33.3  701.9  702.1  701.9
   17.3  27465  -52.7  -84.5      1   0.02     92   33.8  702.6  702.8  702.6
   17.2  27497  -52.1  -84.1      1   0.02     93   34.0  705.7  705.9  705.7
   17.1  27531  -51.9  -84.0      1   0.02     94   34.2  707.6  707.8  707.6
   17.0  27575  -51.8  -84.0      1   0.02     94   34.6  708.9  709.2  708.9
   16.9  27610  -51.4  -83.7      1   0.02     94   35.2  711.6  711.8  711.6
   16.8  27657  -50.6  -83.2      1   0.02     94   35.9  715.1  715.4  715.1
   16.7  27693  -51.1  -83.5      1   0.02     95   36.4  714.7  715.0  714.8
   16.6  27731  -51.5  -83.7      1   0.02     95   36.5  714.8  715.1  714.8
   16.5  27768  -51.5  -83.7      1   0.02     96   36.4  716.1  716.3  716.1
   16.4  27805  -50.7  -83.2      1   0.02     98   35.9  719.9  720.2  720.0
   16.3  27847  -50.6  -83.3      1   0.02     99   35.3  721.4  721.6  721.4
   16.2  27886  -51.0  -83.7      1   0.02    100   34.7  721.4  721.6  721.4
   16.1  27926  -50.8  -83.6      1   0.02    101   34.2  723.5  723.7  723.5
   16.0  27966  -50.2  -83.5      1   0.02    102   33.8  726.7  727.0  726.7
   15.9  28008  -49.6  -83.2      1   0.02    104   33.7  729.9  730.2  729.9
   15.8  28052  -49.3  -83.2      1   0.02    105   33.6  732.1  732.3  732.1
   15.7  28096  -49.2  -83.3      1   0.02    106   33.7  733.8  734.1  733.8
   15.6  28138  -48.9  -83.2      1   0.03    107   33.8  736.3  736.6  736.3
   15.5  28183  -47.9  -82.7      1   0.03    107   33.9  740.7  741.0  740.7
   15.4  28212  -47.2  -82.2      1   0.03    108   34.0  744.6  744.9  744.6
   15.3  28256  -47.0  -82.0      1   0.03    108   33.9  746.4  746.8  746.4
   15.2  28300  -47.5  -82.1      1   0.03    108   33.7  746.3  746.6  746.3
   15.1  28345  -47.9  -82.2      1   0.03    107   33.5  746.3  746.6  746.3
   15.0  28388  -48.0  -82.2      1   0.03    106   33.3  747.5  747.9  747.5
   14.9  28432  -47.8  -82.0      1   0.03    106   33.2  749.5  749.9  749.5
   14.8  28475  -47.9  -82.2      1   0.03    106   33.2  750.8  751.1  750.8
   14.7  28529  -47.6  -82.2      1   0.03    107   33.4  753.0  753.3  753.0
   14.6  28568  -47.2  -82.0      1   0.03    107   33.8  755.8  756.2  755.8
   14.5  28617  -46.6  -81.8      1   0.03    108   34.4  759.4  759.8  759.4
   14.4  28665  -46.3  -81.7      1   0.04    108   35.0  761.9  762.3  761.9
   14.3  28709  -46.2  -81.7      1   0.04    106   35.4  763.7  764.1  763.7
   14.2  28751  -45.9  -81.5      1   0.04    104   35.5  766.5  766.9  766.5
   14.1  28796  -45.2  -81.3      1   0.04    102   35.2  770.2  770.6  770.2
   14.0  28845  -44.0  -80.9      1   0.04    104   34.2  775.7  776.2  775.8
   13.9  28889  -43.1  -80.5      1   0.04    108   32.5  780.5  781.0  780.5
   13.8  28941  -42.5  -80.0      1   0.05    111   30.7  784.3  784.9  784.3
   13.7  28990  -42.7  -79.8      1   0.05    116   29.5  785.1  785.6  785.1
   13.6  29036  -43.0  -79.9      1   0.05    120   28.6  785.9  786.5  785.9
   13.5  29092  -41.9  -79.5      1   0.05    122   27.8  791.3  791.9  791.3
   13.4  29142  -41.0  -79.2      1   0.06    123   27.3  795.8  796.4  795.8
   13.3  29187  -40.8  -79.1      1   0.06    122   26.6  798.4  799.1  798.5
   13.2  29240  -40.9  -79.1      1   0.06    118   26.0  799.6  800.3  799.7
   13.1  29289  -40.6  -79.1      1   0.06    114   26.0  802.4  803.1  802.4
   13.0  29342  -39.6  -78.7      1   0.06    112   26.3  807.8  808.5  807.8
   12.9  29398  -40.0  -78.9      1   0.06    112   26.1  808.2  808.9  808.2
   12.8  29451  -40.2  -78.9      1   0.06    110   25.3  809.2  809.9  809.2
   12.7  29502  -40.0  -78.7      1   0.07    107   24.3  811.8  812.6  811.9
   12.6  29558  -40.1  -78.8      1   0.06    104   23.9  813.1  813.8  813.1
   12.5  29607  -40.1  -78.8      1   0.06    101   23.9  815.2  815.9  815.2
   12.4  29669  -39.8  -78.7      1   0.07     99   24.1  818.1  818.9  818.2
   12.3  29724  -39.9  -78.9      1   0.06     98   24.1  819.6  820.3  819.6
   12.2  29783  -39.8  -78.9      1   0.07     98   23.7  821.8  822.6  821.9
   12.1  29829  -39.6  -78.9      1   0.07     99   23.2  824.6  825.4  824.6
   12.0  29891  -38.8  -78.6      1   0.07    101   22.4  829.3  830.1  829.3
   11.9  29954  -38.0  -78.1      1   0.08    102   21.7  834.0  834.9  834.0
   11.8  30005  -38.3  -78.3      1   0.07    102   21.7  835.1  836.0  835.1
   11.7  30072  -38.4  -78.2      1   0.08    102   22.0  836.7  837.7  836.8
   11.6  30126  -38.7  -78.3      1   0.08    101   22.2  837.7  838.6  837.7
   11.5  30178  -39.1  -78.5      1   0.07    101   22.2  838.1  839.0  838.2
   11.4  30249  -39.2  -78.4      1   0.08     99   21.8  840.0  840.9  840.0
   11.3  30304  -39.3  -78.3      1   0.08     97   21.4  841.7  842.7  841.8
   11.2  30356  -39.4  -78.3      1   0.08     95   21.4  843.4  844.3  843.4
   11.1  30430  -40.0  -78.6      1   0.08     91   21.9  843.7  844.6  843.7
   11.0  30483  -40.1  -78.6      1   0.08     88   22.6  845.4  846.4  845.5
   10.9  30542  -40.0  -78.6      1   0.08     85   23.5  847.8  848.7  847.8
   10.8  30615  -40.1  -78.7      1   0.08     81   24.5  849.9  850.8  849.9
   10.7  30671  -40.5  -78.9      1   0.07     78   25.3  850.8  851.7  850.8
   10.6  30744  -40.5  -79.0      1   0.07     76   25.8  852.8  853.7  852.8
   10.5  30797  -40.6  -79.1      1   0.07     77   25.9  854.9  855.8  854.9
   10.4  30867  -40.8  -79.2      1   0.07     79   25.8  856.4  857.3  856.4
   10.3  30931  -40.8  -79.2      1   0.07     81   25.6  858.9  859.8  858.9
   10.2  30992  -40.9  -79.3      1   0.07     83   25.6  860.7  861.6  860.7
   10.1  31065  -41.5  -79.6      1   0.07     83   26.0  861.2  862.1  861.2
   10.0  31158  -41.4  -79.4      1   0.07     81   26.7  863.7  864.7  863.8
    9.9  31198  -41.5  -79.4      1   0.07     81   27.0  865.8  866.7  865.8
    9.8  31272  -42.2  -79.6      1   0.07     80   27.3  865.9  866.8  865.9
    9.7  31330  -42.3  -79.5      1   0.07     78   27.8  868.0  868.9  868.0
    9.6  31407  -42.6  -79.5      1   0.07     75   28.9  869.6  870.6  869.6
    9.5  31471  -43.2  -79.9      1   0.07     72   29.9  869.8  870.7  869.8
    9.4  31545  -43.1  -79.8      1   0.07     72   30.1  872.8  873.8  872.9
    9.3  31619  -43.8  -80.3      1   0.07     74   29.7  872.8  873.7  872.9
    9.2  31685  -43.5  -80.2      1   0.07     76   29.5  876.7  877.6  876.8
    9.1  31764  -43.7  -80.3      1   0.07     79   29.5  878.7  879.6  878.8
    9.0  31832  -43.7  -80.2      1   0.07     81   29.3  881.6  882.5  881.6
    8.9  31908  -44.1  -80.6      1   0.07     83   28.9  882.6  883.5  882.6
    8.8  31984  -43.9  -80.5      1   0.07     83   28.5  886.4  887.3  886.5
    8.7  32061  -43.7  -80.5      1   0.07     83   28.6  890.1  891.0  890.1
    8.6  32137  -44.0  -80.6      1   0.07     83   29.6  891.7  892.6  891.8
    8.5  32214  -44.2  -80.6      1   0.07     81   31.0  893.9  894.8  893.9
    8.4  32302  -44.3  -80.7      1   0.07     79   32.6  896.6  897.5  896.6
    8.3  32381  -44.1  -80.4      1   0.08     76   33.9  900.3  901.3  900.3
    8.2  32455  -45.0  -80.6      1   0.07     74   35.2  900.2  901.2  900.2
    8.1  32538  -45.1  -80.9      1   0.07     75   35.6  902.9  903.8  902.9
    8.0  32616  -45.3  -81.2      1   0.07     77   35.3  905.4  906.3  905.4
    7.9  32703  -45.0  -81.1      1   0.07     75   35.1  909.9  910.8  909.9
    7.8  32788  -45.1  -81.1      1   0.07     72   35.2  912.7  913.7  912.8
    7.7  32872  -45.3  -81.1      1   0.07     74   34.5  915.0  916.0  915.0
    7.6  32963  -45.4  -81.1      1   0.07     79   34.7  918.2  919.2  918.3
    7.5  33045  -45.0  -81.5      1   0.07     77   35.1  923.2  924.2  923.3
    7.4  33141  -43.9  -81.1      1   0.07     74   33.7  931.1  932.2  931.2
    7.3  33229  -43.3  -80.8      1   0.08     74   30.9  937.5  938.6  937.5
    7.2  33322  -43.6  -80.7      1   0.08     76   29.7  939.9  941.0  939.9
    7.1  33413  -44.2  -80.8      1   0.08     77   32.3  941.3  942.5  941.4
    7.0  33509  -44.2  -81.0      1   0.08     77   34.5  945.0  946.1  945.0
    6.9  33610  -44.0  -81.1      1   0.08     79   35.4  949.5  950.6  949.6
    6.8  33699  -43.5  -81.0      1   0.08     81   34.9  955.7  956.9  955.7
