Latitude: 22.312 Longitude: 114.17
-----------------------------------------------------------------------------
   PRES   HGHT   TEMP   DWPT   RELH   MIXR   DRCT   SPED   THTA   THTE   THTV
    hPa      m      C      C      %   g/kg    deg    m/s      K      K      K 
-----------------------------------------------------------------------------
 1000.0     36                                                               
  996.7     66   30.1   25.2     75  20.67    273    0.9  303.5  365.4  307.3
  995.2     79   30.0   25.2     75  20.66    280    2.4  303.6  365.5  307.3
  994.0     90   29.9   25.0     75  20.52    279    2.8  303.6  365.0  307.3
  992.8    101   29.9   24.8     74  20.18    279    3.0  303.6  364.0  307.3
  991.6    112   29.9   24.6     73  19.96    278    3.2  303.8  363.5  307.4
  990.5    122   29.9   24.5     73  19.88    278    3.4  303.9  363.4  307.5
  989.3    132   29.9   24.3     72  19.74    278    3.5  304.0  363.1  307.6
  988.3    142   30.0   24.2     71  19.64    277    3.6  304.1  363.0  307.7
  987.3    150   29.9   24.3     72  19.72    276    3.6  304.2  363.3  307.7
  986.4    159   29.7   24.3     73  19.74    276    3.6  304.0  363.2  307.6
  985.5    167   29.6   24.3     73  19.73    275    3.5  304.0  363.1  307.6
  984.7    175   29.6   24.1     72  19.58    274    3.4  304.1  362.8  307.7
  983.6    184   29.8   23.9     71  19.38    272    3.3  304.4  362.5  307.9
  982.4    195   29.9   23.8     70  19.24    271    3.1  304.6  362.3  308.1
  981.0    208   29.9   23.6     69  19.03    269    3.0  304.8  361.9  308.2
  979.8    219   30.1   23.6     68  18.99    267    2.9  305.1  362.2  308.5
  978.7    229   30.1   23.6     68  19.09    264    2.8  305.1  362.5  308.6
  977.7    238   29.9   23.6     69  19.11    261    2.7  305.0  362.5  308.5
  976.7    248   29.8   23.7     70  19.21    258    2.6  305.0  362.8  308.5
  975.5    259   29.7   23.7     70  19.23    255    2.6  305.0  362.9  308.5
  974.1    271   29.6   23.6     70  19.18    252    2.5  305.0  362.7  308.5
  972.9    282   29.6   23.6     70  19.14    249    2.5  305.1  362.7  308.6
  971.9    292   29.5   23.6     70  19.18    247    2.5  305.1  362.8  308.6
  970.8    302   29.4   23.5     71  19.13    245    2.5  305.1  362.7  308.6
  969.8    311   29.3   23.5     71  19.11    243    2.5  305.1  362.6  308.6
  968.9    320   29.2   23.4     71  19.08    242    2.6  305.1  362.5  308.6
  967.9    329   29.1   23.5     72  19.15    242    2.6  305.1  362.8  308.6
  966.9    338   29.0   23.6     73  19.30    241    2.6  305.1  363.2  308.6
  965.9    347   28.9   23.7     73  19.43    241    2.6  305.1  363.6  308.6
  964.8    357   28.9   23.6     73  19.37    241    2.6  305.1  363.4  308.6
  963.8    367   28.8   23.5     73  19.21    242    2.7  305.1  363.0  308.6
  962.7    377   28.7   23.5     73  19.22    242    2.7  305.2  363.0  308.7
  961.5    388   28.7   23.5     74  19.29    243    2.8  305.2  363.3  308.7
  960.2    400   28.5   23.4     74  19.25    244    2.9  305.2  363.2  308.7
  959.0    411   28.4   23.4     74  19.25    245    3.0  305.2  363.2  308.7
  957.9    421   28.3   23.5     75  19.41    246    3.1  305.2  363.6  308.7
  956.6    433   28.2   23.5     75  19.40    247    3.2  305.2  363.6  308.8
  955.5    444   28.1   23.4     76  19.31    248    3.3  305.2  363.3  308.7
  954.4    454   28.1   23.4     76  19.36    250    3.4  305.2  363.5  308.8
  953.2    466   28.0   23.3     76  19.26    253    3.5  305.3  363.3  308.8
  952.1    476   27.9   23.3     76  19.26    255    3.6  305.3  363.3  308.8
  951.0    485   27.8   23.4     77  19.37    258    3.7  305.3  363.6  308.8
  949.9    496   27.7   23.3     77  19.34    261    3.8  305.3  363.5  308.8
  948.8    506   27.6   23.4     78  19.39    264    3.9  305.3  363.7  308.8
  947.7    516   27.5   23.4     78  19.45    268    3.9  305.3  363.8  308.8
  946.7    526   27.4   23.4     79  19.48    272    4.0  305.2  363.9  308.8
  945.7    536   27.3   23.5     80  19.58    276    4.0  305.2  364.2  308.8
  944.5    547   27.1   23.5     80  19.62    280    4.1  305.2  364.3  308.8
  943.4    557   27.1   23.3     80  19.42    283    4.1  305.3  363.8  308.8
  942.5    566   27.3   22.9     77  18.97    287    4.2  305.5  362.7  309.0
  941.4    576   27.7   22.3     73  18.32    290    4.3  306.0  361.4  309.4
  940.2    587   27.9   22.0     70  17.94    293    4.3  306.3  360.6  309.6
  939.2    597   27.9   22.0     71  18.05    296    4.4  306.5  361.1  309.8
  938.1    608   27.8   22.1     71  18.09    298    4.5  306.5  361.2  309.8
  936.9    619   27.7   22.0     71  18.00    300    4.6  306.5  361.0  309.8
  935.7    630   27.7   21.9     71  17.92    302    4.7  306.6  360.8  309.9
  934.5    642   27.7   22.0     71  18.07    304    4.8  306.7  361.4  310.0
  933.3    653   27.6   22.0     71  18.07    305    4.9  306.8  361.5  310.1
  932.4    662   27.6   21.9     71  18.06    306    5.0  306.8  361.5  310.1
  931.4    671   27.5   21.9     71  18.00    307    5.1  306.9  361.4  310.2
  930.4    680   27.5   21.7     71  17.88    308    5.2  306.9  361.1  310.2
  929.4    690   27.5   21.7     71  17.82    308    5.3  307.0  361.0  310.2
  928.4    700   27.4   21.6     71  17.78    309    5.3  307.0  360.9  310.2
  927.5    709   27.3   21.6     71  17.78    309    5.4  307.0  360.9  310.3
  926.5    718   27.3   21.6     71  17.82    310    5.5  307.0  361.0  310.3
  925.4    728   27.2   21.6     72  17.84    310    5.6  307.0  361.1  310.3
  925.0    733   27.1   21.6     72  17.83    310    5.6  307.0  361.1  310.3
  924.2    740   27.1   21.6     72  17.82    310    5.6  307.1  361.1  310.3
  923.0    751   27.0   21.5     72  17.73    310    5.7  307.1  360.8  310.3
  921.9    762   26.9   21.4     72  17.69    311    5.8  307.1  360.7  310.3
  920.8    773   26.8   21.4     72  17.70    311    5.9  307.1  360.8  310.4
  919.7    783   26.7   21.4     73  17.71    311    6.0  307.1  360.9  310.4
  918.7    794   26.7   21.3     72  17.64    311    6.1  307.2  360.7  310.4
  917.6    804   26.6   21.2     72  17.54    311    6.3  307.2  360.4  310.4
  916.5    814   26.5   21.2     72  17.52    311    6.4  307.2  360.4  310.5
  915.4    825   26.4   21.2     73  17.57    311    6.5  307.3  360.6  310.5
  914.3    836   26.4   21.2     73  17.58    311    6.6  307.3  360.6  310.5
  913.1    847   26.3   21.1     73  17.54    310    6.7  307.3  360.5  310.5
  911.9    859   26.2   21.1     74  17.57    310    6.8  307.3  360.6  310.5
  910.7    871   26.1   21.1     74  17.61    310    6.9  307.3  360.8  310.6
  909.5    882   26.0   21.0     74  17.51    310    7.0  307.4  360.5  310.6
  908.5    892   26.0   21.1     74  17.56    310    7.0  307.4  360.7  310.6
  907.4    903   25.9   21.1     75  17.65    310    7.1  307.4  361.0  310.7
  906.3    913   25.8   21.1     75  17.63    310    7.1  307.5  361.0  310.7
  905.3    923   25.7   21.0     75  17.59    310    7.2  307.5  360.9  310.7
  904.3    933   25.6   21.0     76  17.58    309    7.2  307.5  360.9  310.7
  903.2    944   25.5   21.0     76  17.56    309    7.2  307.5  360.8  310.7
  902.0    956   25.5   20.8     75  17.40    309    7.2  307.5  360.4  310.7
  900.8    967   25.4   20.8     76  17.37    308    7.2  307.6  360.4  310.8
  899.6    979   25.3   20.7     76  17.36    308    7.2  307.6  360.3  310.8
  898.5    990   25.2   20.6     76  17.30    308    7.2  307.6  360.1  310.8
  897.3   1001   25.1   20.5     76  17.21    307    7.2  307.6  359.9  310.8
  896.2   1012   25.0   20.5     76  17.19    307    7.1  307.7  359.9  310.8
  895.1   1023   24.9   20.5     76  17.21    307    7.1  307.7  360.0  310.8
  894.1   1033   24.8   20.4     77  17.17    308    7.0  307.7  359.8  310.8
  893.1   1043   24.7   20.4     77  17.19    308    6.9  307.7  359.9  310.8
  892.2   1052   24.6   20.4     77  17.16    309    6.8  307.7  359.8  310.8
  891.3   1060   24.6   20.4     78  17.21    310    6.7  307.7  359.9  310.8
  890.4   1070   24.5   20.4     78  17.22    311    6.6  307.7  360.0  310.8
  889.4   1080   24.4   20.3     78  17.15    312    6.5  307.7  359.8  310.8
  888.3   1090   24.3   20.3     78  17.12    314    6.5  307.7  359.7  310.9
  887.2   1102   24.2   20.2     78  17.02    315    6.4  307.7  359.4  310.9
  886.1   1113   24.2   20.1     78  16.91    317    6.4  307.8  359.1  310.9
  885.0   1123   24.1   20.0     78  16.86    318    6.3  307.8  359.0  310.9
  884.0   1133   24.0   19.9     78  16.82    320    6.3  307.8  359.0  310.9
  882.9   1144   23.9   19.9     78  16.83    322    6.3  307.9  359.0  310.9
  881.9   1154   23.9   19.8     78  16.76    323    6.3  307.9  358.8  311.0
  880.9   1164   23.8   19.9     79  16.81    325    6.3  307.9  359.0  311.0
  879.9   1174   23.7   19.9     79  16.85    326    6.3  307.9  359.2  311.0
  878.8   1184   23.6   19.9     80  16.86    327    6.4  307.9  359.2  311.0
  877.7   1195   23.6   19.8     79  16.78    329    6.4  308.0  359.0  311.1
  876.7   1206   23.6   19.3     77  16.32    330    6.4  308.1  357.8  311.1
  875.6   1217   23.6   19.2     76  16.19    331    6.4  308.2  357.5  311.2
  874.6   1227   23.5   19.2     77  16.25    332    6.4  308.2  357.7  311.2
  873.5   1237   23.4   19.2     78  16.29    333    6.5  308.2  357.8  311.2
  872.5   1248   23.3   19.1     77  16.16    334    6.5  308.3  357.5  311.2
  871.5   1259   23.3   19.0     77  16.03    334    6.5  308.3  357.1  311.2
  870.5   1268   23.2   18.9     77  16.00    335    6.6  308.3  357.0  311.2
  869.5   1279   23.1   19.0     78  16.09    335    6.6  308.3  357.3  311.3
  868.4   1289   23.0   18.9     78  16.02    336    6.6  308.3  357.1  311.3
  867.5   1298   22.9   18.8     77  15.94    336    6.7  308.4  356.9  311.3
  866.7   1307   22.9   18.9     78  16.03    336    6.8  308.4  357.3  311.4
  865.7   1317   22.8   18.9     78  16.07    335    6.8  308.4  357.4  311.4
  864.6   1327   22.7   18.9     79  16.08    335    6.9  308.4  357.5  311.4
  863.7   1337   22.6   18.9     79  16.08    335    6.9  308.4  357.4  311.4
  862.9   1345   22.5   18.8     79  16.02    335    7.0  308.4  357.2  311.4
  862.0   1354   22.4   18.8     80  16.06    334    7.0  308.4  357.3  311.4
  861.1   1363   22.4   18.9     81  16.13    334    7.0  308.4  357.6  311.4
  860.1   1373   22.3   18.8     81  16.10    334    7.0  308.4  357.5  311.4
  859.1   1383   22.2   18.8     81  16.07    333    7.0  308.4  357.4  311.4
  858.0   1394   22.1   18.7     81  16.02    333    7.0  308.5  357.3  311.4
  857.0   1405   22.0   18.6     81  15.89    333    6.9  308.5  356.9  311.4
  856.0   1415   22.0   18.5     81  15.87    333    6.8  308.5  356.9  311.5
  854.9   1426   21.9   18.5     81  15.89    333    6.8  308.6  357.0  311.5
  853.8   1437   21.9   18.3     80  15.65    333    6.7  308.6  356.3  311.5
  852.8   1448   21.8   18.3     81  15.68    333    6.6  308.6  356.4  311.5
  851.8   1458   21.6   18.3     82  15.77    334    6.6  308.6  356.7  311.5
  850.8   1468   21.6   18.2     81  15.67    334    6.5  308.7  356.5  311.6
  850.0   1476   21.5   18.3     82  15.76    334    6.5  308.7  356.8  311.6
  849.7   1479   21.5   18.3     82  15.80    334    6.5  308.7  356.9  311.6
  848.5   1491   21.4   18.5     84  16.00    335    6.4  308.7  357.5  311.6
  847.5   1502   21.3   18.3     83  15.80    335    6.4  308.7  356.9  311.6
  846.5   1512   21.3   18.0     81  15.51    336    6.4  308.8  356.2  311.7
  845.6   1522   21.3   17.8     81  15.34    336    6.4  308.9  355.7  311.7
  844.7   1531   21.2   17.7     80  15.30    337    6.4  308.9  355.6  311.8
  843.7   1540   21.1   17.9     82  15.48    338    6.4  308.9  356.2  311.8
  842.8   1550   21.1   17.9     82  15.54    339    6.4  308.9  356.4  311.8
  842.0   1559   21.0   18.0     83  15.57    340    6.4  308.9  356.5  311.8
  841.0   1568   20.9   18.0     83  15.65    341    6.4  309.0  356.8  311.9
  840.0   1580   20.8   18.0     84  15.69    342    6.4  309.0  356.9  311.9
  839.0   1590   20.7   17.9     84  15.59    343    6.3  309.0  356.6  311.9
  838.1   1599   20.7   17.5     82  15.21    345    6.3  309.1  355.6  311.9
  837.2   1608   20.7   17.6     82  15.27    346    6.2  309.2  355.9  312.0
  836.2   1619   20.7   17.5     82  15.20    348    6.2  309.2  355.7  312.1
  835.2   1629   20.7   16.9     79  14.70    349    6.1  309.4  354.4  312.1
  834.2   1639   20.9   16.5     76  14.28    350    6.1  309.7  353.4  312.3
  833.3   1649   20.8   16.4     76  14.21    352    6.0  309.7  353.3  312.3
  832.3   1659   20.9   16.0     74  13.87    353    6.0  309.9  352.4  312.4
  831.2   1670   21.0   15.8     72  13.68    353    6.0  310.1  352.1  312.6
  830.2   1681   20.9   15.8     72  13.72    354    6.0  310.1  352.3  312.7
  829.2   1691   20.9   15.7     72  13.68    354    6.0  310.2  352.2  312.7
  828.3   1701   20.8   15.7     73  13.67    354    6.1  310.2  352.2  312.7
  827.5   1709   20.7   15.7     73  13.69    354    6.1  310.2  352.2  312.7
  826.6   1718   20.6   15.8     74  13.80    353    6.1  310.2  352.6  312.8
  825.7   1729   20.6   15.8     74  13.85    353    6.2  310.3  352.8  312.8
  824.7   1739   20.6   15.7     74  13.73    353    6.2  310.3  352.5  312.9
  823.8   1748   20.6   15.4     72  13.50    352    6.3  310.5  352.0  313.0
  822.9   1758   20.6   15.4     72  13.47    352    6.3  310.6  352.1  313.1
  821.7   1770   20.6   15.3     72  13.45    352    6.3  310.7  352.1  313.2
  820.6   1782   20.5   15.2     71  13.34    353    6.3  310.8  351.8  313.2
  819.7   1791   20.5   15.1     71  13.29    354    6.2  310.8  351.7  313.3
  818.9   1800   20.4   15.2     72  13.43    355    6.2  310.8  352.2  313.3
  817.9   1810   20.4   15.2     72  13.44    356    6.1  310.9  352.3  313.4
  817.0   1820   20.3   15.2     73  13.42    358    6.0  310.9  352.2  313.4
  815.9   1831   20.2   15.2     73  13.42    360    5.9  310.9  352.3  313.4
  814.8   1843   20.1   15.0     72  13.25      3    5.8  311.0  351.8  313.4
  813.7   1855   20.1   14.7     71  13.07      5    5.7  311.0  351.3  313.4
  812.7   1865   20.0   14.5     71  12.92      8    5.6  311.0  350.9  313.4
  811.9   1875   20.0   13.8     68  12.35     11    5.5  311.2  349.3  313.5
  811.0   1884   20.1   13.5     66  12.11     14    5.4  311.4  348.8  313.6
  810.0   1894   20.1   13.6     66  12.22     17    5.3  311.4  349.2  313.7
  809.2   1903   20.1   13.5     66  12.08     20    5.3  311.5  348.9  313.8
  808.2   1914   20.0   13.7     67  12.31     22    5.3  311.6  349.6  313.9
  807.1   1925   19.9   13.6     67  12.26     25    5.2  311.6  349.5  313.8
  806.2   1934   19.9   13.6     67  12.24     26    5.3  311.6  349.5  313.9
  805.4   1943   19.9   13.6     67  12.26     28    5.3  311.7  349.6  314.0
  804.6   1953   19.8   13.5     67  12.21     28    5.3  311.7  349.5  314.0
  803.7   1962   19.7   13.5     67  12.23     29    5.3  311.8  349.6  314.1
  802.7   1973   19.6   13.6     68  12.28     29    5.4  311.8  349.8  314.1
  801.8   1982   19.6   13.6     68  12.28     30    5.4  311.8  349.8  314.1
  801.1   1990   19.5   13.8     70  12.49     30    5.5  311.8  350.5  314.1
  800.2   2000   19.4   14.1     71  12.75     30    5.5  311.8  351.3  314.2
  799.1   2011   19.4   14.1     71  12.75     30    5.5  311.9  351.3  314.2
  798.2   2021   19.3   14.0     71  12.69     30    5.6  311.9  351.2  314.3
  797.5   2029   19.3   13.9     71  12.60     30    5.6  311.9  351.0  314.3
  796.7   2037   19.3   13.7     70  12.51     30    5.6  312.0  350.8  314.4
  795.9   2046   19.2   13.7     70  12.48     29    5.5  312.1  350.7  314.4
  795.0   2055   19.2   13.7     70  12.46     29    5.5  312.1  350.7  314.4
  794.1   2066   19.1   13.6     71  12.46     29    5.5  312.1  350.7  314.5
  793.2   2076   19.0   13.7     71  12.49     29    5.5  312.2  350.9  314.5
  792.2   2086   18.9   13.7     72  12.55     28    5.4  312.2  351.1  314.5
  791.1   2098   18.8   13.6     72  12.49     28    5.4  312.2  350.9  314.5
  790.3   2107   18.8   13.4     71  12.31     27    5.3  312.2  350.4  314.5
  789.6   2115   18.7   13.3     71  12.28     26    5.3  312.3  350.4  314.6
  788.8   2123   18.7   13.4     71  12.37     25    5.3  312.3  350.7  314.6
  787.9   2133   18.6   13.4     72  12.38     25    5.3  312.3  350.7  314.6
  786.9   2144   18.5   13.2     71  12.20     24    5.3  312.4  350.2  314.6
  786.0   2154   18.5   13.0     70  12.06     24    5.3  312.4  349.8  314.7
  785.1   2163   18.5   12.8     70  11.96     23    5.4  312.5  349.6  314.7
  784.2   2173   18.4   12.7     69  11.89     23    5.4  312.6  349.5  314.8
  783.2   2185   18.4   12.6     69  11.77     24    5.5  312.6  349.2  314.8
  782.1   2197   18.3   12.6     69  11.79     24    5.5  312.7  349.3  314.9
  781.1   2208   18.2   12.8     71  11.97     24    5.6  312.7  349.9  314.9
  780.3   2216   18.2   12.6     70  11.85     24    5.7  312.7  349.6  314.9
  779.6   2224   18.2   12.3     68  11.58     24    5.8  312.8  348.8  315.0
  779.0   2231   18.1   12.2     68  11.55     24    5.8  312.8  348.8  315.0
  778.1   2240   18.1   12.3     69  11.61     23    5.9  312.8  349.0  315.0
  777.0   2253   17.9   12.2     69  11.61     23    6.0  312.8  349.0  315.0
  775.9   2265   17.8   12.1     69  11.53     22    6.1  312.8  348.7  315.0
  775.1   2274   17.7   12.1     69  11.52     21    6.1  312.9  348.7  315.0
  774.2   2284   17.7   12.0     69  11.47     20    6.2  312.9  348.6  315.1
  773.2   2294   17.6   11.9     69  11.40     20    6.2  312.9  348.4  315.1
  772.3   2305   17.5   11.9     69  11.38     20    6.2  313.0  348.4  315.1
  771.3   2315   17.5   12.0     70  11.48     20    6.2  313.0  348.8  315.2
  770.5   2324   17.4   12.0     70  11.54     20    6.1  313.1  349.0  315.2
  769.8   2332   17.4   12.0     71  11.52     21    6.0  313.1  349.0  315.2
  769.1   2341   17.3   12.0     71  11.52     23    5.9  313.1  349.0  315.3
  768.2   2350   17.2   11.9     71  11.50     25    5.7  313.1  348.9  315.3
  767.2   2361   17.1   11.9     71  11.49     27    5.6  313.1  348.9  315.3
  766.3   2371   17.0   11.9     72  11.48     30    5.4  313.1  348.9  315.3
  765.5   2381   17.0   11.9     72  11.55     33    5.2  313.1  349.1  315.3
  764.7   2390   16.9   11.9     72  11.53     37    5.0  313.2  349.1  315.3
  763.8   2399   16.9   11.7     72  11.42     40    4.9  313.2  348.8  315.4
  763.0   2408   16.8   11.5     71  11.25     43    4.8  313.3  348.4  315.4
  762.3   2416   16.8   11.3     70  11.14     46    4.7  313.4  348.2  315.5
  761.4   2426   16.8   11.3     70  11.10     49    4.6  313.4  348.1  315.5
  760.3   2439   16.9   11.1     69  10.99     51    4.6  313.7  348.0  315.7
  759.4   2449   16.9   10.9     68  10.83     52    4.5  313.8  347.6  315.8
  758.6   2458   16.8   10.9     68  10.87     54    4.5  313.8  347.8  315.8
  757.8   2467   16.8   11.0     69  10.93     55    4.5  313.8  348.0  315.9
  757.0   2476   16.7   10.9     69  10.89     56    4.6  313.8  347.9  315.9
  756.2   2485   16.6   10.8     69  10.86     56    4.6  313.8  347.8  315.9
  755.5   2492   16.5   10.8     69  10.84     56    4.7  313.9  347.8  315.9
  754.9   2500   16.5   10.8     69  10.84     56    4.8  313.9  347.8  315.9
  754.2   2508   16.4   10.7     69  10.77     56    4.9  313.9  347.6  315.9
  753.4   2517   16.4   10.7     69  10.78     56    5.0  313.9  347.6  315.9
  752.4   2528   16.3   10.7     70  10.83     55    5.1  313.9  347.8  315.9
  751.4   2540   16.2   10.7     70  10.83     54    5.3  313.9  347.8  316.0
  750.4   2550   16.1   10.7     71  10.86     53    5.4  313.9  347.9  316.0
  749.6   2560   16.0   10.8     71  10.89     51    5.6  313.9  348.0  316.0
  748.6   2571   15.9   10.8     72  10.91     50    5.7  314.0  348.1  316.0
  747.7   2581   15.8   10.6     72  10.84     48    5.8  313.9  347.9  316.0
  746.9   2591   15.7   10.6     72  10.81     46    5.9  313.9  347.8  316.0
  746.0   2601   15.6   10.5     72  10.79     44    6.0  314.0  347.7  316.0
  745.2   2610   15.5   10.6     72  10.85     42    6.0  314.0  347.9  316.0
  744.5   2618   15.5   10.5     72  10.81     41    6.0  314.0  347.8  316.0
  743.7   2627   15.4   10.5     73  10.77     39    5.9  314.0  347.7  316.0
  742.6   2640   15.3   10.4     73  10.77     37    5.8  314.0  347.7  316.0
  741.6   2651   15.1   10.3     73  10.69     35    5.7  314.0  347.5  316.0
  740.8   2660   15.1   10.3     73  10.69     34    5.5  314.0  347.5  316.0
  740.0   2670   15.0   10.3     74  10.72     32    5.3  314.0  347.6  316.1
  739.0   2680   14.9   10.3     74  10.70     31    5.1  314.1  347.6  316.1
  738.1   2691   14.8   10.2     74  10.67     30    4.9  314.1  347.5  316.1
  737.3   2701   14.7   10.2     74  10.66     28    4.8  314.1  347.4  316.1
  736.5   2709   14.7   10.1     74  10.63     27    4.6  314.1  347.4  316.1
  735.8   2717   14.6   10.0     74  10.57     26    4.5  314.1  347.3  316.1
  735.0   2726   14.6    9.8     73  10.44     25    4.4  314.2  347.0  316.2
  734.2   2736   14.6    9.8     73  10.39     25    4.4  314.3  346.9  316.2
  733.4   2745   14.5    9.8     73  10.41     24    4.4  314.3  346.9  316.2
  732.7   2753   14.4    9.7     74  10.41     24    4.4  314.3  346.9  316.2
  732.0   2761   14.3    9.8     74  10.48     24    4.5  314.3  347.1  316.3
  731.3   2770   14.3    9.7     74  10.42     24    4.6  314.3  347.0  316.3
  730.5   2779   14.3    9.5     73  10.27     25    4.8  314.4  346.7  316.4
  729.5   2790   14.2    9.5     73  10.28     26    4.9  314.5  346.8  316.4
  728.5   2802   14.2    9.4     73  10.22     26    5.1  314.5  346.7  316.5
  727.5   2813   14.1    9.3     73  10.18     27    5.3  314.6  346.6  316.5
  726.7   2823   14.0    9.3     73  10.16     28    5.4  314.6  346.5  316.5
  725.9   2833   14.0    9.2     73  10.13     29    5.6  314.7  346.5  316.6
  725.0   2842   13.9    9.2     73  10.12     29    5.7  314.7  346.5  316.6
  724.2   2852   13.8    9.2     73  10.12     30    5.8  314.7  346.5  316.6
  723.4   2861   13.8    9.1     73  10.07     30    5.8  314.7  346.4  316.6
  722.7   2869   13.8    8.7     71   9.84     29    5.9  314.9  345.9  316.8
  722.1   2877   14.0    8.4     69   9.64     29    5.9  315.1  345.5  317.0
  721.6   2883   14.0    8.3     69   9.60     28    6.0  315.2  345.5  317.1
  721.0   2890   14.0    8.1     68   9.47     27    6.0  315.3  345.2  317.1
  720.3   2898   14.1    7.7     65   9.19     25    6.0  315.5  344.6  317.3
  719.5   2907   14.2    7.2     63   8.87     24    6.1  315.7  343.8  317.4
  718.7   2916   14.3    6.9     61   8.74     22    6.2  315.9  343.6  317.5
  717.9   2926   14.2    6.9     61   8.73     20    6.3  315.9  343.6  317.6
  717.3   2934   14.2    6.7     61   8.63     19    6.5  316.0  343.4  317.6
  716.7   2940   14.2    6.7     61   8.61     17    6.6  316.0  343.4  317.7
  716.1   2948   14.1    6.7     61   8.63     17    6.8  316.0  343.4  317.7
  715.3   2957   14.0    6.7     61   8.66     16    6.9  316.0  343.5  317.7
  714.4   2967   14.0    6.7     62   8.67     16    7.0  316.1  343.6  317.7
  713.5   2978   13.9    6.5     61   8.56     16    7.1  316.1  343.3  317.8
  712.7   2987   13.9    6.3     60   8.45     17    7.2  316.2  343.0  317.8
  712.1   2995   13.8    6.3     60   8.43     17    7.2  316.2  343.0  317.8
  711.5   3002   13.8    6.3     61   8.45     19    7.1  316.2  343.1  317.8
  710.7   3011   13.7    6.5     62   8.59     20    7.1  316.3  343.6  317.9
  709.8   3022   13.6    6.9     64   8.81     21    7.0  316.2  344.2  317.9
  708.9   3032   13.5    7.4     66   9.14     23    7.0  316.2  345.2  318.0
  708.2   3040   13.4    7.9     69   9.46     24    6.9  316.2  346.2  318.0
  707.5   3049   13.3    7.8     69   9.46     25    6.9  316.2  346.2  318.0
  706.8   3057   13.3    7.6     69   9.34     27    6.9  316.3  345.9  318.0
  706.0   3067   13.3    7.3     67   9.13     28    6.9  316.4  345.3  318.1
  705.2   3077   13.2    7.1     66   9.03     29    6.9  316.4  345.1  318.1
  704.3   3087   13.3    6.8     65   8.87     29    7.0  316.6  344.8  318.3
  703.6   3096   13.2    6.6     64   8.71     30    7.1  316.6  344.3  318.3
  702.8   3105   13.2    6.0     62   8.37     30    7.2  316.7  343.4  318.3
  702.0   3115   13.2    5.1     58   7.86     30    7.3  316.8  341.9  318.3
  701.2   3124   13.3    4.9     57   7.79     31    7.4  317.1  342.0  318.6
  700.4   3134   13.4    5.4     58   8.07     31    7.5  317.2  343.0  318.8
  700.0   3139   13.4    5.9     61   8.38     31    7.5  317.2  344.0  318.8
  699.8   3141   13.3    6.2     62   8.52     32    7.5  317.3  344.4  318.9
  699.3   3147   13.3    6.5     63   8.70     32    7.5  317.3  345.0  318.9
  698.8   3154   13.3    6.2     62   8.58     32    7.4  317.3  344.6  318.9
  698.1   3162   13.2    6.0     61   8.43     33    7.2  317.3  344.3  319.0
  697.2   3173   13.2    5.2     58   7.99     33    7.0  317.4  343.0  318.9
  696.3   3184   13.2    4.2     55   7.48     33    6.8  317.5  341.5  319.0
  695.3   3196   13.1    3.9     53   7.29     33    6.5  317.6  341.0  319.0
  694.2   3209   13.1    2.7     49   6.73     33    6.2  317.7  339.4  319.0
  693.4   3219   13.1    1.8     46   6.32     33    5.9  317.9  338.3  319.1
  692.7   3227   13.1    1.7     46   6.25     33    5.6  317.9  338.2  319.1
  692.1   3234   13.1    1.8     46   6.32     32    5.4  318.0  338.4  319.2
  691.4   3243   13.1    1.9     47   6.36     32    5.2  318.1  338.6  319.3
  690.6   3253   13.0    2.1     47   6.45     32    5.0  318.1  338.9  319.3
  689.8   3262   13.0    2.3     48   6.57     31    4.9  318.1  339.3  319.4
  689.1   3271   12.9    2.3     48   6.58     31    4.8  318.2  339.5  319.5
  688.3   3280   12.9    2.3     48   6.58     31    4.8  318.3  339.5  319.5
  687.7   3288   12.8    2.2     48   6.54     31    4.8  318.3  339.4  319.5
  687.0   3296   12.8    2.2     48   6.53     32    4.9  318.3  339.4  319.6
  686.3   3305   12.7    2.0     48   6.46     32    5.1  318.3  339.2  319.6
  685.7   3312   12.7    1.3     46   6.17     32    5.2  318.4  338.4  319.6
  685.1   3319   12.7    1.2     45   6.09     33    5.4  318.5  338.2  319.7
  684.3   3329   12.7    1.6     47   6.27     33    5.5  318.5  338.9  319.7
  683.4   3341   12.6    1.5     47   6.26     33    5.7  318.5  338.8  319.8
  682.5   3351   12.5    1.5     47   6.25     34    5.8  318.6  338.8  319.8
  681.8   3361   12.4    1.6     48   6.31     34    5.9  318.6  339.0  319.8
  681.1   3369   12.3    2.2     50   6.59     34    6.0  318.6  339.9  319.8
  680.5   3377   12.2    3.1     54   7.06     34    6.0  318.6  341.4  319.9
  679.9   3384   12.1    3.5     55   7.25     34    6.0  318.5  341.9  319.9
  679.2   3392   12.1    3.5     56   7.27     34    5.9  318.6  342.0  320.0
  678.5   3402   12.1    3.7     57   7.39     34    5.8  318.6  342.4  320.0
  677.6   3412   12.1    3.2     55   7.12     35    5.7  318.7  341.7  320.1
  676.8   3422   12.1    2.5     52   6.77     35    5.6  318.9  340.8  320.2
  676.0   3432   12.0    2.6     53   6.84     35    5.5  318.9  341.0  320.2
  675.4   3439   11.9    2.7     53   6.92     35    5.3  318.9  341.3  320.2
  674.9   3446   11.9    2.7     54   6.92     34    5.2  318.9  341.3  320.2
  674.3   3453   11.8    2.6     53   6.88     34    5.1  318.9  341.1  320.2
  673.7   3461   11.7    2.5     53   6.85     33    5.0  318.9  341.0  320.2
  673.1   3468   11.6    2.6     54   6.88     33    5.0  318.9  341.2  320.2
  672.3   3477   11.6    2.4     53   6.81     32    4.9  318.9  340.9  320.2
  671.6   3486   11.5    1.9     52   6.58     31    4.9  319.0  340.3  320.2
  671.0   3494   11.5    1.4     50   6.34     30    4.8  319.0  339.6  320.3
  670.4   3502   11.6    1.2     49   6.25     30    4.7  319.2  339.5  320.4
  669.7   3511   11.5    1.5     50   6.38     29    4.7  319.2  339.9  320.4
  669.0   3520   11.4    1.5     51   6.41     29    4.6  319.2  340.0  320.4
  668.2   3529   11.3    1.6     51   6.44     29    4.4  319.2  340.1  320.5
  667.5   3538   11.3    1.6     51   6.47     30    4.3  319.2  340.2  320.5
  666.7   3548   11.2    1.8     52   6.55     31    4.1  319.3  340.5  320.5
  666.0   3557   11.2    2.0     53   6.65     32    3.9  319.3  340.9  320.6
  665.3   3566   11.2    2.4     55   6.88     35    3.6  319.4  341.7  320.7
  664.7   3573   11.1    2.2     54   6.78     38    3.4  319.5  341.5  320.8
  664.1   3581   11.1    2.0     53   6.68     42    3.2  319.5  341.2  320.8
  663.2   3592   11.1    1.7     52   6.54     46    3.1  319.6  340.9  320.9
  662.3   3603   11.1    0.8     49   6.13     50    3.0  319.7  339.7  320.9
  661.6   3612   11.1   -0.5     44   5.57     55    2.9  319.9  338.1  321.0
  660.9   3621   11.2   -1.6     41   5.17     58    2.9  320.1  337.1  321.1
  660.0   3632   11.3   -2.1     39   4.99     61    3.0  320.3  336.7  321.3
  659.1   3644   11.3   -2.2     39   4.94     63    3.0  320.4  336.7  321.4
  658.3   3654   11.2   -2.3     39   4.90     63    3.1  320.5  336.6  321.4
  657.7   3662   11.2   -2.5     38   4.85     62    3.2  320.5  336.5  321.5
  657.0   3670   11.2   -2.6     38   4.81     61    3.2  320.6  336.5  321.6
  656.3   3679   11.2   -2.7     38   4.79     59    3.3  320.7  336.5  321.6
  655.5   3689   11.2   -2.9     37   4.70     57    3.3  320.8  336.4  321.7
  654.7   3700   11.3   -3.3     36   4.58     54    3.4  321.0  336.2  321.9
  653.9   3710   11.4   -3.6     35   4.48     52    3.4  321.2  336.1  322.1
  653.2   3719   11.4   -3.7     35   4.48     49    3.4  321.3  336.2  322.2
  652.6   3727   11.3   -3.6     35   4.49     48    3.3  321.4  336.3  322.2
  651.9   3736   11.3   -3.7     35   4.48     47    3.3  321.4  336.3  322.3
  651.0   3747   11.3   -3.8     34   4.43     46    3.2  321.5  336.3  322.4
  650.0   3760   11.2   -3.9     35   4.41     46    3.1  321.5  336.2  322.4
  649.2   3770   11.1   -4.1     34   4.36     47    3.0  321.6  336.1  322.5
  648.6   3778   11.1   -4.1     34   4.35     48    2.9  321.6  336.1  322.5
  647.9   3787   11.0   -4.1     34   4.37     50    2.8  321.7  336.2  322.5
  647.1   3798   10.9   -4.2     34   4.34     52    2.7  321.7  336.2  322.5
  646.3   3807   10.8   -4.2     34   4.33     55    2.6  321.7  336.1  322.5
  645.7   3815   10.8   -4.2     35   4.35     57    2.6  321.7  336.2  322.5
  645.1   3823   10.7   -4.2     35   4.35     59    2.6  321.7  336.2  322.6
  644.5   3831   10.6   -4.2     35   4.35     60    2.7  321.7  336.2  322.6
  643.8   3840   10.6   -4.2     35   4.35     61    2.8  321.8  336.3  322.6
  643.1   3849   10.5   -4.3     35   4.33     61    2.9  321.8  336.2  322.6
  642.5   3856   10.5   -4.3     35   4.33     61    3.0  321.8  336.2  322.7
  642.0   3864   10.4   -4.3     35   4.32     60    3.1  321.8  336.2  322.7
  641.4   3871   10.3   -4.4     35   4.32     58    3.2  321.8  336.3  322.7
  640.8   3879   10.3   -4.3     36   4.35     56    3.3  321.8  336.3  322.7
  640.0   3889   10.2   -4.3     36   4.37     55    3.4  321.9  336.4  322.7
  639.1   3900   10.1   -4.3     36   4.37     52    3.5  321.9  336.5  322.8
  638.3   3911   10.0   -4.4     36   4.35     50    3.6  321.9  336.4  322.7
  637.6   3921    9.9   -4.4     36   4.32     47    3.7  321.9  336.3  322.8
  637.0   3928    9.9   -4.5     36   4.32     45    3.8  321.9  336.3  322.8
  636.3   3937    9.8   -4.5     36   4.32     42    3.8  322.0  336.4  322.8
  635.6   3947    9.7   -4.5     36   4.31     40    3.9  322.0  336.3  322.8
  634.8   3957    9.7   -4.6     36   4.30     38    3.9  322.0  336.4  322.9
  633.9   3969    9.6   -4.6     36   4.29     36    4.0  322.1  336.4  322.9
  632.8   3984    9.5   -4.8     36   4.22     34    4.0  322.2  336.3  323.0
  631.7   3998    9.5   -5.1     35   4.16     33    4.1  322.2  336.1  323.0
  630.9   4008    9.5   -5.3     35   4.09     32    4.1  322.3  336.0  323.1
  630.2   4017    9.5   -5.4     35   4.08     32    4.2  322.5  336.1  323.3
  629.5   4026    9.5   -5.3     35   4.09     32    4.2  322.6  336.3  323.4
  628.6   4038    9.5   -5.3     35   4.10     32    4.2  322.7  336.4  323.5
  627.8   4048    9.4   -5.1     35   4.17     32    4.2  322.7  336.7  323.6
  627.2   4057    9.3   -4.9     36   4.24     33    4.2  322.7  336.9  323.6
  626.4   4067    9.2   -4.5     37   4.37     33    4.2  322.8  337.4  323.6
  625.4   4080    9.2   -3.8     40   4.62     34    4.2  322.8  338.3  323.7
  624.5   4093    9.2   -4.0     39   4.56     35    4.2  322.9  338.2  323.8
  623.6   4104    9.1   -4.4     38   4.44     36    4.1  323.0  337.9  323.9
  622.8   4115    9.0   -4.4     38   4.44     37    4.1  323.1  337.9  323.9
  622.1   4125    8.9   -4.4     39   4.45     38    4.1  323.1  337.9  323.9
  621.3   4135    8.9   -4.4     39   4.44     40    4.0  323.1  337.9  323.9
  620.5   4145    8.8   -4.5     39   4.43     41    4.0  323.1  337.9  324.0
  619.8   4155    8.7   -4.6     39   4.39     43    4.0  323.1  337.8  324.0
  619.1   4164    8.6   -4.7     39   4.37     45    4.0  323.1  337.8  324.0
  618.4   4174    8.5   -4.7     39   4.39     47    4.1  323.1  337.8  324.0
  617.5   4185    8.5   -4.5     40   4.45     49    4.2  323.2  338.1  324.1
  616.7   4197    8.4   -4.0     41   4.62     50    4.3  323.2  338.6  324.1
  615.8   4208    8.3   -3.4     44   4.84     51    4.4  323.2  339.4  324.2
  615.0   4219    8.2   -3.7     43   4.74     51    4.5  323.2  339.1  324.2
  614.3   4229    8.1   -3.9     43   4.68     51    4.5  323.3  338.9  324.2
  613.6   4238    8.1   -3.9     43   4.70     50    4.6  323.3  339.0  324.2
  612.9   4247    8.0   -3.9     43   4.70     48    4.6  323.3  339.1  324.3
  612.3   4256    7.9   -4.2     42   4.59     46    4.6  323.4  338.7  324.3
  611.7   4264    7.9   -4.7     41   4.42     43    4.6  323.4  338.3  324.3
  610.9   4275    7.9   -5.0     40   4.34     39    4.5  323.5  338.0  324.3
  610.0   4287    7.8   -5.2     39   4.27     36    4.5  323.5  337.9  324.3
  609.2   4297    7.7   -5.4     39   4.20     32    4.4  323.5  337.7  324.3
  608.4   4308    7.6   -5.4     39   4.22     28    4.3  323.5  337.7  324.4
  607.5   4321    7.5   -5.3     40   4.24     24    4.2  323.6  337.8  324.4
  606.5   4333    7.4   -5.4     40   4.23     20    4.1  323.6  337.8  324.4
  605.8   4344    7.3   -5.4     40   4.22     16    4.0  323.6  337.8  324.4
  605.1   4354    7.2   -5.3     41   4.26     13    3.9  323.6  337.9  324.4
  604.3   4364    7.1   -5.0     42   4.39     10    3.8  323.6  338.3  324.5
  603.5   4375    7.0   -4.6     43   4.51      8    3.7  323.6  338.7  324.5
  602.7   4386    6.9   -4.6     44   4.52      6    3.6  323.6  338.7  324.5
  601.8   4397    6.8   -4.4     45   4.61      4    3.5  323.6  339.0  324.5
  600.9   4410    6.6   -4.1     46   4.72      3    3.5  323.6  339.4  324.5
  600.2   4420    6.5   -4.0     47   4.74      3    3.4  323.6  339.4  324.5
  599.4   4431    6.4   -3.9     48   4.79      3    3.4  323.6  339.6  324.5
  598.6   4442    6.3   -3.8     48   4.85      3    3.4  323.6  339.8  324.6
  597.8   4453    6.2   -3.7     49   4.87      5    3.4  323.6  339.9  324.6
  597.0   4464    6.2   -3.7     49   4.90      6    3.4  323.7  340.0  324.6
  596.2   4475    6.1   -3.7     49   4.88      8    3.4  323.7  340.0  324.7
  595.3   4487    6.0   -3.8     49   4.85     10    3.5  323.7  339.9  324.7
  594.5   4499    5.9   -3.9     49   4.82     11    3.5  323.7  339.8  324.7
  593.7   4509    5.8   -4.0     49   4.79     13    3.5  323.7  339.8  324.7
  593.1   4518    5.7   -4.0     50   4.80     15    3.5  323.7  339.8  324.7
  592.4   4527    5.6   -3.9     50   4.84     16    3.5  323.8  339.9  324.7
  591.8   4536    5.5   -3.9     50   4.84     17    3.5  323.8  339.9  324.7
  591.0   4547    5.5   -4.2     50   4.75     17    3.4  323.8  339.7  324.7
  590.2   4558    5.4   -4.7     48   4.58     17    3.3  323.9  339.2  324.7
  589.5   4568    5.4   -4.9     47   4.52     16    3.2  323.9  339.1  324.8
  588.9   4576    5.3   -5.1     47   4.44     14    3.1  324.0  338.9  324.8
  588.3   4584    5.3   -5.6     45   4.30     12    3.0  324.1  338.5  324.9
  587.5   4594    5.3   -5.4     46   4.37     10    2.9  324.1  338.8  324.9
  586.7   4607    5.2   -5.3     47   4.39      7    2.8  324.1  338.9  325.0
  585.9   4618    5.1   -5.7     46   4.29      3    2.8  324.1  338.6  325.0
  585.2   4627    5.0   -6.1     44   4.15    360    2.8  324.2  338.2  325.0
  584.6   4636    5.0   -6.5     43   4.02    357    2.7  324.2  337.8  325.0
  583.9   4645    5.0   -6.9     42   3.93    355    2.8  324.3  337.6  325.1
  583.2   4654    4.9   -6.9     42   3.91    353    2.8  324.3  337.5  325.1
  582.6   4664    4.8   -6.9     43   3.93    352    2.9  324.4  337.6  325.1
  581.9   4673    4.7   -6.9     43   3.93    351    2.9  324.4  337.7  325.2
  581.1   4684    4.7   -7.1     42   3.88    351    3.0  324.4  337.5  325.2
  580.4   4695    4.6   -7.1     42   3.89    351    3.1  324.5  337.6  325.2
  579.7   4705    4.5   -6.9     43   3.93    351    3.1  324.5  337.8  325.3
  578.9   4715    4.4   -6.3     46   4.14    351    3.2  324.5  338.5  325.3
  578.1   4727    4.4   -6.1     46   4.20    351    3.3  324.6  338.7  325.4
  577.1   4741    4.3   -6.9     44   3.96    351    3.4  324.7  338.1  325.5
  576.2   4754    4.3   -6.8     44   4.00    351    3.5  324.8  338.3  325.6
  575.3   4766    4.2   -6.5     46   4.09    351    3.6  324.8  338.6  325.6
  574.5   4777    4.1   -6.5     46   4.10    350    3.7  324.8  338.7  325.6
  573.8   4787    4.0   -6.6     46   4.09    349    3.7  324.9  338.7  325.7
  573.1   4797    4.0   -6.5     46   4.10    349    3.8  324.9  338.8  325.7
  572.5   4806    4.0   -6.4     47   4.15    348    3.9  325.0  339.0  325.8
  571.8   4815    4.0   -5.9     48   4.30    348    4.0  325.1  339.6  325.9
  571.1   4825    3.9   -5.9     49   4.32    347    4.0  325.2  339.8  326.0
  570.4   4836    3.9   -6.3     47   4.20    347    4.1  325.3  339.5  326.1
  569.6   4847    3.9   -6.3     48   4.21    347    4.1  325.3  339.6  326.2
  568.9   4857    3.8   -5.7     50   4.41    348    4.1  325.4  340.3  326.2
  568.3   4866    3.7   -5.6     50   4.43    348    4.1  325.4  340.3  326.3
  567.6   4876    3.7   -5.9     50   4.35    349    4.1  325.5  340.1  326.3
  566.8   4887    3.6   -6.0     49   4.32    351    4.0  325.5  340.1  326.4
  565.8   4901    3.5   -5.5     52   4.50    352    4.0  325.6  340.8  326.5
  564.8   4916    3.4   -5.3     53   4.56    354    4.0  325.6  341.0  326.5
  563.9   4929    3.4   -6.1     50   4.32    355    3.9  325.7  340.3  326.5
  563.1   4941    3.3   -6.4     49   4.22    357    3.9  325.8  340.1  326.6
  562.3   4951    3.3   -6.5     49   4.19    359    3.9  325.8  340.0  326.7
  561.6   4962    3.2   -6.5     49   4.20      1    3.9  325.9  340.1  326.7
  560.9   4972    3.1   -6.6     49   4.16      2    3.9  325.9  340.0  326.7
  560.1   4984    3.0   -6.9     48   4.07      4    4.0  325.9  339.7  326.7
  559.2   4996    3.0   -7.4     46   3.92      5    4.0  326.0  339.4  326.8
  558.5   5007    2.9   -7.8     45   3.81      6    4.1  326.1  339.0  326.8
  557.8   5017    2.9   -8.0     45   3.77      6    4.1  326.1  339.0  326.9
  557.1   5027    2.8   -8.1     45   3.75      7    4.1  326.2  338.9  326.9
  556.4   5038    2.7   -8.2     45   3.72      7    4.2  326.2  338.9  326.9
  555.6   5049    2.6   -8.4     44   3.67      7    4.2  326.2  338.7  326.9
  554.9   5060    2.6   -8.5     44   3.63      8    4.2  326.2  338.6  326.9
  554.1   5070    2.5   -8.5     44   3.65      7    4.1  326.3  338.7  327.0
  553.4   5081    2.4   -8.5     44   3.64      7    4.1  326.3  338.7  327.0
  552.6   5092    2.3   -8.6     45   3.63      7    4.0  326.3  338.7  327.0
  551.8   5104    2.2   -8.8     44   3.59      6    3.9  326.3  338.6  327.0
  551.1   5115    2.1   -9.0     44   3.52      5    3.8  326.3  338.4  327.0
  550.4   5124    2.0   -9.2     43   3.46      3    3.7  326.4  338.2  327.1
  549.8   5134    2.0   -9.5     42   3.40      1    3.6  326.4  338.0  327.0
  549.1   5144    1.9   -9.7     42   3.34    359    3.5  326.4  337.9  327.1
  548.3   5156    1.8   -9.7     42   3.34    357    3.4  326.5  337.9  327.1
  547.5   5168    1.7  -10.2     41   3.22    355    3.3  326.5  337.6  327.1
  546.6   5180    1.7  -11.7     36   2.86    352    3.2  326.7  336.6  327.2
  545.8   5193    1.7  -12.5     34   2.70    350    3.1  326.8  336.1  327.3
  544.9   5205    1.7  -12.8     33   2.63    348    3.0  326.9  336.0  327.4
  544.2   5217    1.6  -12.9     33   2.61    347    3.0  326.9  336.0  327.5
  543.5   5227    1.5  -12.9     33   2.61    347    2.9  327.0  336.0  327.5
  542.7   5238    1.5  -13.2     33   2.54    347    2.9  327.0  335.9  327.5
  541.9   5250    1.4  -13.4     32   2.51    349    2.9  327.1  335.9  327.6
  541.1   5262    1.3  -12.9     34   2.62    351    2.9  327.1  336.2  327.6
  540.3   5274    1.2  -10.1     43   3.28    353    2.9  327.1  338.4  327.7
  539.6   5285    1.0   -7.4     53   4.07    356    3.0  327.0  340.9  327.8
  538.8   5297    1.0   -8.2     50   3.84    359    3.1  327.1  340.2  327.8
  538.0   5309    0.9   -9.5     46   3.47      1    3.2  327.2  339.1  327.9
  537.2   5320    0.9  -10.4     43   3.23      4    3.3  327.3  338.4  327.9
  536.4   5332    0.9  -11.1     40   3.06      5    3.4  327.4  338.0  328.0
  535.5   5345    0.8  -11.9     38   2.89      7    3.5  327.5  337.5  328.1
  534.7   5359    0.8  -12.2     37   2.81      8    3.6  327.6  337.3  328.2
  533.8   5371    0.8  -13.1     35   2.63      8    3.7  327.7  336.9  328.3
  533.1   5381    0.8  -13.9     32   2.46      9    3.7  327.9  336.5  328.4
  532.6   5390    0.8  -13.8     33   2.48      9    3.7  327.9  336.6  328.4
  532.1   5398    0.7  -13.1     35   2.63      9    3.7  328.0  337.2  328.5
  531.5   5406    0.7  -13.2     34   2.60      9    3.7  328.0  337.1  328.5
  530.9   5414    0.6  -14.0     32   2.44      8    3.7  328.1  336.6  328.6
  530.3   5425    0.6  -14.6     31   2.33      7    3.7  328.1  336.3  328.6
  529.5   5437    0.5  -14.9     31   2.29      6    3.7  328.2  336.2  328.6
  528.6   5451    0.4  -15.6     29   2.15      5    3.6  328.2  335.8  328.6
  527.6   5465    0.3  -15.8     29   2.12      4    3.6  328.2  335.7  328.7
  526.7   5479    0.2  -15.9     29   2.10      3    3.6  328.3  335.7  328.7
  525.8   5492    0.1  -16.0     29   2.09      1    3.6  328.3  335.7  328.7
  525.1   5503    0.0  -15.9     29   2.11    360    3.6  328.4  335.8  328.8
  524.4   5513   -0.0  -15.7     30   2.15    359    3.6  328.4  336.0  328.9
  523.7   5525   -0.1  -15.7     30   2.16    358    3.7  328.4  336.1  328.9
  523.0   5536   -0.2  -15.8     30   2.14    358    3.7  328.5  336.0  328.9
  522.3   5546   -0.3  -15.8     30   2.14    358    3.7  328.5  336.1  329.0
  521.6   5557   -0.3  -15.9     30   2.14    358    3.8  328.6  336.1  329.0
  520.8   5569   -0.4  -15.7     30   2.16    358    3.8  328.6  336.3  329.1
  520.0   5581   -0.5  -15.6     31   2.18    359    3.8  328.7  336.4  329.1
  519.3   5592   -0.5  -15.5     31   2.21    360    3.8  328.7  336.5  329.2
  518.5   5605   -0.6  -15.5     32   2.22      2    3.7  328.8  336.6  329.2
  517.6   5618   -0.7  -15.3     32   2.24      3    3.7  328.8  336.8  329.3
  516.8   5631   -0.8  -15.2     33   2.27      5    3.6  328.9  336.9  329.4
  516.1   5641   -0.8  -15.2     33   2.27      7    3.5  329.0  337.0  329.4
  515.5   5651   -0.9  -15.6     32   2.21      8    3.3  329.0  336.8  329.5
  514.8   5661   -0.9  -16.2     30   2.10     10    3.2  329.1  336.6  329.5
  514.2   5671   -0.9  -16.6     29   2.04     12    3.0  329.2  336.4  329.6
  513.5   5682   -1.0  -16.7     29   2.03     13    2.8  329.3  336.5  329.7
  512.7   5694   -1.0  -16.4     30   2.07     15    2.6  329.3  336.7  329.7
  511.9   5707   -1.2  -16.2     31   2.11     16    2.5  329.3  336.8  329.8
  511.1   5719   -1.2  -15.0     34   2.35     17    2.3  329.4  337.7  329.8
  510.5   5729   -1.3  -14.1     37   2.52     18    2.2  329.4  338.3  329.9
  509.8   5740   -1.4  -14.1     37   2.52     19    2.1  329.4  338.3  329.9
  509.1   5751   -1.4  -14.3     37   2.50     20    2.0  329.5  338.3  330.0
  508.5   5760   -1.5  -14.4     37   2.48     20    2.0  329.6  338.3  330.1
  508.0   5768   -1.5  -14.4     37   2.47     21    2.0  329.6  338.4  330.1
  507.4   5777   -1.6  -14.3     37   2.50     21    2.1  329.7  338.5  330.2
  506.9   5786   -1.6  -14.4     37   2.49     21    2.2  329.7  338.5  330.2
  506.3   5794   -1.7  -14.4     37   2.48     20    2.3  329.7  338.5  330.2
  505.7   5803   -1.7  -14.6     37   2.45     20    2.5  329.8  338.4  330.3
  505.2   5812   -1.8  -14.5     37   2.47     20    2.7  329.8  338.5  330.3
  504.5   5823   -1.9  -14.4     38   2.50     20    2.8  329.8  338.6  330.3
  503.8   5834   -1.9  -14.6     37   2.45     19    3.0  329.9  338.6  330.4
  503.2   5844   -2.0  -14.8     37   2.41     19    3.2  329.9  338.4  330.4
  502.6   5853   -2.0  -15.1     36   2.35     19    3.3  330.0  338.3  330.5
  502.0   5862   -2.1  -15.4     35   2.31     19    3.4  330.0  338.2  330.5
  501.5   5870   -2.1  -15.8     34   2.24     19    3.5  330.1  338.0  330.5
  500.9   5879   -2.2  -16.5     33   2.11     19    3.5  330.1  337.7  330.6
  500.4   5888   -2.2  -16.8     32   2.05     19    3.6  330.2  337.6  330.6
  500.0   5894   -2.2  -16.5     33   2.11     19    3.6  330.3  337.8  330.7
  499.8   5896   -2.2  -16.4     33   2.14     19    3.6  330.3  337.9  330.7
  499.3   5905   -2.3  -16.2     34   2.17     19    3.5  330.3  338.0  330.7
  498.8   5913   -2.3  -16.2     34   2.18     19    3.5  330.3  338.1  330.8
  498.3   5921   -2.4  -16.3     34   2.16     18    3.5  330.4  338.0  330.8
  497.8   5929   -2.5  -16.5     33   2.12     18    3.4  330.4  337.9  330.8
  497.3   5937   -2.5  -16.7     33   2.08     17    3.4  330.4  337.9  330.8
  496.8   5945   -2.6  -16.6     33   2.10     16    3.4  330.4  337.9  330.9
  496.2   5954   -2.6  -16.5     34   2.13     15    3.3  330.5  338.0  330.9
  495.7   5963   -2.7  -16.4     34   2.15     13    3.3  330.5  338.1  330.9
  495.1   5972   -2.8  -16.2     35   2.19     12    3.3  330.5  338.3  330.9
  494.5   5981   -2.8  -16.6     34   2.12     11    3.3  330.5  338.1  331.0
  494.0   5989   -2.9  -17.0     33   2.04     10    3.3  330.6  337.9  331.0
  493.5   5998   -3.0  -16.9     33   2.06     10    3.3  330.6  337.9  331.0
  492.9   6007   -3.0  -17.0     33   2.05      9    3.4  330.6  338.0  331.0
  492.3   6016   -3.1  -17.0     33   2.06      9    3.4  330.7  338.1  331.1
  491.7   6026   -3.1  -16.6     35   2.13      9    3.4  330.7  338.3  331.1
  491.0   6037   -3.2  -16.8     34   2.09     10    3.4  330.8  338.3  331.2
  490.3   6049   -3.3  -17.0     34   2.06     10    3.4  330.8  338.2  331.3
  489.5   6061   -3.3  -18.1     31   1.88     10    3.4  330.9  337.7  331.3
  488.8   6073   -3.4  -18.6     30   1.82     10    3.3  331.0  337.5  331.4
  488.2   6083   -3.4  -18.5     30   1.83     10    3.3  331.0  337.6  331.4
  487.6   6093   -3.5  -19.0     29   1.76      9    3.3  331.1  337.4  331.5
  486.9   6103   -3.5  -19.4     28   1.70      8    3.3  331.2  337.3  331.5
  486.1   6117   -3.6  -19.8     27   1.64      7    3.3  331.2  337.2  331.6
  485.2   6131   -3.7  -19.6     28   1.67      6    3.3  331.3  337.3  331.6
  484.4   6144   -3.8  -19.5     28   1.69      4    3.3  331.3  337.4  331.6
  483.8   6155   -3.9  -19.9     28   1.63      2    3.4  331.3  337.3  331.7
  483.3   6163   -3.9  -20.6     26   1.53      1    3.4  331.4  337.0  331.7
  482.8   6171   -3.9  -20.3     27   1.58    359    3.5  331.5  337.2  331.8
  482.3   6180   -4.0  -19.7     28   1.67    357    3.5  331.5  337.5  331.8
  481.8   6188   -4.1  -20.2     27   1.60    356    3.6  331.5  337.3  331.8
  481.3   6195   -4.0  -21.0     25   1.50    354    3.7  331.6  337.1  331.9
  480.7   6205   -4.1  -21.0     25   1.49    353    3.8  331.7  337.2  332.0
  480.1   6215   -4.1  -21.2     25   1.47    352    3.8  331.8  337.2  332.1
  479.4   6226   -4.1  -21.4     25   1.45    352    3.9  331.9  337.2  332.2
  478.8   6236   -4.2  -20.8     26   1.53    351    4.0  332.0  337.5  332.3
  478.2   6246   -4.2  -21.4     25   1.45    350    4.1  332.0  337.3  332.3
  477.5   6257   -4.2  -22.7     22   1.30    350    4.2  332.1  336.9  332.4
  476.8   6269   -4.3  -23.1     22   1.25    349    4.3  332.2  336.8  332.5
  476.0   6283   -4.3  -23.4     21   1.23    348    4.4  332.3  336.8  332.6
  475.3   6295   -4.4  -23.3     21   1.23    347    4.5  332.3  336.9  332.6
  474.6   6305   -4.5  -23.4     21   1.23    346    4.5  332.4  336.9  332.7
  474.0   6316   -4.5  -23.6     21   1.21    345    4.6  332.5  336.9  332.7
  473.3   6327   -4.6  -23.6     21   1.21    343    4.6  332.5  337.0  332.7
  472.6   6339   -4.7  -23.4     22   1.23    342    4.6  332.5  337.1  332.8
  471.9   6350   -4.8  -23.5     22   1.23    341    4.6  332.6  337.1  332.8
  471.3   6361   -4.9  -23.7     21   1.20    339    4.6  332.6  337.1  332.9
  470.7   6371   -4.9  -23.9     21   1.18    337    4.6  332.6  337.0  332.9
  470.0   6382   -5.0  -23.8     21   1.19    335    4.5  332.7  337.1  332.9
  469.4   6392   -5.1  -23.7     22   1.21    333    4.4  332.7  337.2  332.9
  468.9   6401   -5.2  -23.6     22   1.22    331    4.4  332.7  337.2  333.0
  468.3   6411   -5.2  -23.3     23   1.25    329    4.3  332.8  337.4  333.0
  467.5   6423   -5.3  -23.2     23   1.27    326    4.3  332.8  337.5  333.1
  466.8   6435   -5.3  -23.9     22   1.20    324    4.2  332.9  337.4  333.2
  466.2   6446   -5.4  -24.3     21   1.15    322    4.2  333.0  337.3  333.2
  465.7   6455   -5.4  -24.6     21   1.12    320    4.3  333.0  337.2  333.3
  465.2   6463   -5.5  -24.8     20   1.10    319    4.3  333.1  337.2  333.3
  464.6   6473   -5.5  -24.9     20   1.09    318    4.4  333.2  337.3  333.4
  463.9   6484   -5.5  -25.0     20   1.09    317    4.5  333.3  337.4  333.5
  463.3   6496   -5.6  -25.1     20   1.08    317    4.6  333.4  337.4  333.6
  462.5   6508   -5.6  -25.1     20   1.08    317    4.8  333.5  337.5  333.7
  461.8   6521   -5.7  -24.9     20   1.10    318    4.9  333.5  337.6  333.7
  461.1   6533   -5.8  -24.8     21   1.11    319    5.0  333.6  337.7  333.8
  460.5   6543   -5.8  -25.0     21   1.10    320    5.1  333.6  337.7  333.8
  459.9   6552   -5.9  -25.1     20   1.09    321    5.1  333.7  337.7  333.9
  459.2   6564   -6.0  -25.0     21   1.10    322    5.1  333.7  337.8  333.9
  458.4   6578   -6.0  -25.0     21   1.10    323    5.1  333.8  338.0  334.1
  457.7   6590   -6.0  -25.8     19   1.02    323    5.1  334.0  337.8  334.2
  457.1   6600   -6.0  -26.5     18   0.96    324    5.0  334.2  337.8  334.3
  456.5   6611   -6.0  -26.8     17   0.94    324    5.0  334.3  337.8  334.5
  455.8   6622   -5.9  -26.0     19   1.01    324    4.9  334.5  338.3  334.7
  455.1   6634   -5.9  -22.7     25   1.36    324    4.8  334.7  339.7  334.9
  454.4   6647   -6.0  -20.5     31   1.65    324    4.8  334.7  340.7  335.0
  453.8   6657   -6.0  -22.3     26   1.41    323    4.7  334.8  340.0  335.0
  453.2   6667   -6.0  -25.9     19   1.03    323    4.7  335.0  338.8  335.2
  452.6   6678   -5.9  -29.1     14   0.76    322    4.6  335.2  338.1  335.3
  452.0   6688   -5.9  -28.4     15   0.82    322    4.6  335.3  338.4  335.4
  451.4   6699   -6.0  -26.6     18   0.97    322    4.6  335.4  339.0  335.5
  450.7   6710   -6.0  -27.1     17   0.92    321    4.5  335.5  338.9  335.6
  450.1   6722   -6.0  -28.6     15   0.80    321    4.4  335.6  338.6  335.7
  449.4   6733   -6.1  -28.4     15   0.82    321    4.3  335.7  338.8  335.8
  448.8   6744   -6.1  -28.7     15   0.80    322    4.2  335.7  338.8  335.9
  448.2   6754   -6.2  -29.1     14   0.77    323    4.0  335.7  338.7  335.9
  447.6   6764   -6.3  -29.5     14   0.74    324    3.8  335.8  338.6  335.9
  447.0   6776   -6.3  -29.9     14   0.72    325    3.6  335.8  338.6  336.0
  446.4   6787   -6.4  -30.0     13   0.71    327    3.4  335.8  338.6  336.0
  445.8   6797   -6.5  -30.1     14   0.71    330    3.1  335.9  338.6  336.0
  445.1   6808   -6.6  -30.0     14   0.71    334    2.9  335.9  338.7  336.1
  444.4   6820   -6.6  -30.1     14   0.71    338    2.6  336.0  338.7  336.1
  443.7   6833   -6.7  -30.6     13   0.68    343    2.4  336.1  338.7  336.2
  442.9   6846   -6.7  -31.3     12   0.63    348    2.2  336.2  338.7  336.3
  442.3   6859   -6.8  -32.1     11   0.59    355    2.1  336.3  338.6  336.4
  441.7   6869   -6.8  -32.2     11   0.58      1    1.9  336.4  338.7  336.6
  441.1   6878   -6.8  -32.2     11   0.58      7    1.8  336.5  338.8  336.7
  440.7   6887   -6.8  -32.4     11   0.57     12    1.7  336.6  338.9  336.8
  440.1   6897   -6.7  -32.6     11   0.56     16    1.6  336.8  339.0  336.9
  439.4   6909   -6.7  -33.0     10   0.54     20    1.6  337.0  339.1  337.1
  438.7   6922   -6.7  -33.6     10   0.51     21    1.5  337.1  339.1  337.2
  437.9   6936   -6.8  -33.8     10   0.50     21    1.4  337.2  339.2  337.3
  437.1   6949   -6.9  -34.0      9   0.49     19    1.3  337.3  339.2  337.4
  436.5   6960   -6.9  -34.2      9   0.48     15    1.2  337.3  339.2  337.4
  436.0   6969   -7.0  -34.3      9   0.48      9    1.1  337.4  339.3  337.5
  435.4   6980   -7.1  -34.4      9   0.48      2    1.1  337.4  339.3  337.5
  434.8   6992   -7.1  -34.4      9   0.48    354    1.1  337.5  339.4  337.6
  434.2   7003   -7.2  -34.5      9   0.47    347    1.2  337.5  339.3  337.6
  433.5   7014   -7.4  -34.5      9   0.47    342    1.2  337.5  339.4  337.6
  432.8   7027   -7.5  -34.6      9   0.47    339    1.4  337.5  339.4  337.6
  432.2   7038   -7.6  -34.5     10   0.47    337    1.5  337.5  339.4  337.6
  431.6   7049   -7.7  -34.5     10   0.48    337    1.6  337.5  339.4  337.6
  431.0   7059   -7.7  -34.4     10   0.48    339    1.8  337.6  339.5  337.7
  430.4   7070   -7.8  -34.5     10   0.48    341    1.9  337.7  339.5  337.8
  429.8   7080   -7.8  -34.5     10   0.48    343    2.1  337.7  339.6  337.8
  429.3   7090   -7.9  -34.4     10   0.48    345    2.2  337.7  339.6  337.8
  428.7   7101   -8.0  -34.2     10   0.49    348    2.3  337.7  339.7  337.8
  428.1   7112   -8.1  -34.0     10   0.50    350    2.5  337.8  339.7  337.9
  427.5   7123   -8.2  -33.9     11   0.51    352    2.6  337.7  339.8  337.9
  426.9   7134   -8.3  -34.1     10   0.50    353    2.7  337.8  339.8  337.9
  426.3   7144   -8.3  -34.8     10   0.47    354    2.7  337.9  339.8  338.0
  425.7   7155   -8.3  -35.8      9   0.43    354    2.8  338.0  339.7  338.1
  425.2   7165   -8.3  -35.8      9   0.43    355    2.8  338.1  339.8  338.2
  424.5   7177   -8.4  -35.5      9   0.44    355    2.7  338.2  340.0  338.3
  423.8   7190   -8.4  -35.5      9   0.44    354    2.7  338.3  340.1  338.4
  423.2   7202   -8.5  -35.5      9   0.44    354    2.7  338.3  340.1  338.4
  422.5   7213   -8.6  -35.4      9   0.45    354    2.6  338.4  340.2  338.5
  421.9   7225   -8.7  -35.0     10   0.47    354    2.5  338.4  340.3  338.5
  421.4   7235   -8.8  -34.8     10   0.47    355    2.5  338.4  340.3  338.5
  420.9   7244   -8.8  -35.0     10   0.47    356    2.4  338.4  340.3  338.5
  420.4   7253   -8.9  -35.0     10   0.46    357    2.4  338.5  340.3  338.6
  419.8   7263   -8.9  -34.5     11   0.49    358    2.4  338.6  340.5  338.7
  419.3   7273   -9.0  -33.9     11   0.52    360    2.3  338.6  340.6  338.7
  418.7   7283   -9.1  -34.5     11   0.49      1    2.3  338.6  340.5  338.7
  418.1   7294   -9.2  -35.2     10   0.46      3    2.3  338.6  340.4  338.7
  417.4   7307   -9.3  -34.6     11   0.49      4    2.3  338.7  340.6  338.8
  416.7   7320   -9.3  -33.0     13   0.57      6    2.2  338.8  341.0  338.9
  416.2   7331   -9.3  -32.7     13   0.59      7    2.2  338.9  341.2  339.0
  415.6   7341   -9.3  -32.3     14   0.61      8    2.2  339.0  341.4  339.1
  415.0   7352   -9.3  -34.4     11   0.50     10    2.1  339.2  341.2  339.4
  414.3   7365   -9.2  -36.5      9   0.41     11    2.1  339.5  341.1  339.6
  413.6   7379   -9.2  -36.6      9   0.41     12    2.1  339.7  341.3  339.8
  412.9   7391   -9.2  -36.8      9   0.40     13    2.0  339.8  341.4  339.9
  412.3   7403   -9.3  -36.9      9   0.39     14    2.0  339.8  341.4  339.9
  411.6   7416   -9.4  -37.0      9   0.39     15    2.0  339.9  341.4  339.9
  410.9   7428   -9.5  -37.4      8   0.37     16    2.0  339.9  341.5  340.0
  410.3   7440   -9.5  -37.7      8   0.36     16    2.0  340.0  341.5  340.1
  409.8   7451   -9.6  -37.9      8   0.36     16    2.0  340.1  341.5  340.1
  409.1   7463   -9.7  -38.0      8   0.35     16    2.1  340.1  341.6  340.2
  408.4   7476   -9.7  -38.7      7   0.33     15    2.1  340.2  341.6  340.3
  407.8   7488   -9.8  -38.9      7   0.32     14    2.2  340.3  341.6  340.3
  407.1   7500   -9.9  -38.9      7   0.32     13    2.2  340.3  341.6  340.4
  406.6   7511   -9.9  -38.6      8   0.34     11    2.3  340.4  341.7  340.4
  406.0   7523  -10.0  -37.8      8   0.37      9    2.3  340.4  341.9  340.5
  405.3   7534  -10.1  -34.7     11   0.50      7    2.4  340.5  342.5  340.6
  404.7   7546  -10.2  -29.4     19   0.83      5    2.5  340.5  343.7  340.7
  404.0   7559  -10.3  -25.5     28   1.19      4    2.6  340.5  345.0  340.7
  403.3   7573  -10.5  -25.5     28   1.20      3    2.7  340.5  345.0  340.7
  402.6   7586  -10.5  -27.5     24   1.00      2    2.7  340.6  344.4  340.8
  402.0   7598  -10.6  -30.0     19   0.79      2    2.8  340.7  343.7  340.8
  401.4   7609  -10.6  -32.0     15   0.66      2    2.9  340.8  343.4  340.9
  400.8   7622  -10.7  -32.9     14   0.60      3    3.0  340.8  343.2  340.9
  400.1   7633  -10.8  -33.8     13   0.55      4    3.1  340.9  343.0  341.0
  400.0   7636  -10.8  -34.0     13   0.54      5    3.2  340.9  343.0  341.0
  399.6   7643  -10.8  -34.7     12   0.50      5    3.2  340.9  342.9  341.0
  399.1   7654  -10.8  -36.1     11   0.44      7    3.3  341.0  342.8  341.1
  398.4   7667  -10.9  -36.6     10   0.42      9    3.4  341.1  342.8  341.2
  397.7   7681  -11.0  -36.4     10   0.43     10    3.5  341.1  342.8  341.2
  396.9   7695  -11.2  -36.4     10   0.43     12    3.6  341.2  342.9  341.2
  396.2   7709  -11.3  -36.2     11   0.44     13    3.6  341.2  342.9  341.3
  395.6   7721  -11.4  -35.9     11   0.45     14    3.7  341.2  343.0  341.3
  395.0   7732  -11.4  -35.9     11   0.45     15    3.7  341.3  343.1  341.3
  394.5   7743  -11.5  -36.0     11   0.45     15    3.7  341.3  343.1  341.4
  393.9   7754  -11.6  -36.2     11   0.44     15    3.7  341.3  343.1  341.4
  393.4   7764  -11.7  -36.3     11   0.44     15    3.6  341.3  343.1  341.4
  392.8   7775  -11.8  -36.3     11   0.44     14    3.6  341.4  343.1  341.4
  392.3   7785  -11.8  -36.5     11   0.43     14    3.6  341.4  343.1  341.5
  391.8   7794  -11.9  -36.6     11   0.43     14    3.5  341.4  343.1  341.5
  391.4   7803  -12.0  -36.6     11   0.43     13    3.5  341.4  343.1  341.5
  390.8   7814  -12.1  -36.6     11   0.43     14    3.4  341.4  343.2  341.5
  390.2   7827  -12.2  -36.6     11   0.43     14    3.4  341.5  343.2  341.5
  389.6   7839  -12.3  -36.6     11   0.43     15    3.3  341.4  343.2  341.5
  389.1   7849  -12.4  -36.7     11   0.43     16    3.3  341.5  343.2  341.5
  388.6   7857  -12.5  -36.7     11   0.43     18    3.3  341.5  343.2  341.6
  388.1   7867  -12.6  -36.7     11   0.43     21    3.3  341.5  343.2  341.6
  387.5   7880  -12.7  -36.5     12   0.43     24    3.3  341.5  343.2  341.6
  386.7   7895  -12.8  -35.2     13   0.50     26    3.4  341.5  343.5  341.6
  385.9   7910  -12.9  -33.4     16   0.60     29    3.4  341.6  343.9  341.7
  385.2   7924  -13.0  -32.2     18   0.67     32    3.5  341.6  344.2  341.7
  384.7   7935  -13.1  -32.5     18   0.65     34    3.5  341.6  344.2  341.7
  384.2   7944  -13.2  -33.4     17   0.60     36    3.6  341.7  344.0  341.8
  383.7   7955  -13.3  -32.9     17   0.62     38    3.7  341.7  344.2  341.8
  383.1   7966  -13.4  -32.4     19   0.66     39    3.8  341.7  344.3  341.8
  382.5   7977  -13.5  -32.7     18   0.64     40    3.8  341.7  344.3  341.9
  381.9   7989  -13.6  -33.1     18   0.62     40    3.9  341.8  344.2  341.9
  381.3   8002  -13.7  -33.8     17   0.58     40    3.9  341.8  344.1  341.9
  380.7   8015  -13.8  -33.5     17   0.59     40    3.9  341.8  344.2  341.9
  380.0   8028  -13.9  -33.8     17   0.58     39    4.0  341.8  344.1  342.0
  379.3   8041  -14.0  -32.7     19   0.65     38    4.0  341.9  344.5  342.0
  378.7   8054  -14.1  -32.4     20   0.67     37    4.0  341.9  344.5  342.0
  378.1   8066  -14.2  -33.2     18   0.62     36    4.0  341.9  344.4  342.1
  377.5   8077  -14.3  -33.3     18   0.61     35    4.0  342.0  344.4  342.1
  377.0   8088  -14.4  -33.7     18   0.59     34    4.0  342.0  344.3  342.1
  376.5   8099  -14.5  -34.1     17   0.57     33    4.0  342.0  344.2  342.1
  376.0   8109  -14.5  -34.3     17   0.56     32    4.0  342.0  344.2  342.1
  375.4   8120  -14.6  -34.8     16   0.53     32    4.0  342.0  344.2  342.1
  374.9   8131  -14.7  -35.4     15   0.50     31    4.0  342.0  344.1  342.1
  374.4   8140  -14.8  -35.8     15   0.48     31    4.0  342.1  344.0  342.2
  374.0   8149  -14.8  -35.9     15   0.48     31    4.0  342.1  344.0  342.2
  373.5   8158  -14.9  -35.9     15   0.48     31    4.1  342.1  344.0  342.2
  373.0   8168  -15.0  -35.8     15   0.49     31    4.1  342.1  344.1  342.2
  372.5   8179  -15.1  -35.5     16   0.50     32    4.1  342.1  344.1  342.2
  372.0   8190  -15.2  -35.4     16   0.50     33    4.2  342.1  344.2  342.2
  371.4   8201  -15.3  -35.2     16   0.51     34    4.2  342.2  344.2  342.3
  370.8   8213  -15.4  -35.0     17   0.53     35    4.3  342.2  344.3  342.3
  370.3   8225  -15.5  -35.2     17   0.52     37    4.4  342.2  344.3  342.4
  369.6   8237  -15.5  -35.5     16   0.50     39    4.5  342.4  344.4  342.5
  369.1   8249  -15.5  -35.6     16   0.50     41    4.6  342.5  344.5  342.6
  368.5   8260  -15.6  -35.4     17   0.51     42    4.7  342.5  344.6  342.6
  368.1   8269  -15.7  -35.3     17   0.52     44    4.9  342.5  344.6  342.6
  367.6   8278  -15.8  -35.3     17   0.52     46    5.0  342.5  344.6  342.7
  367.2   8288  -15.9  -35.3     17   0.52     48    5.1  342.5  344.6  342.6
  366.6   8300  -16.0  -35.3     17   0.52     50    5.2  342.6  344.6  342.7
  366.0   8312  -16.1  -35.5     17   0.51     51    5.3  342.6  344.6  342.7
  365.4   8325  -16.2  -35.7     17   0.50     53    5.4  342.6  344.6  342.7
  364.8   8336  -16.3  -35.5     17   0.51     54    5.5  342.6  344.7  342.7
  364.3   8347  -16.4  -35.3     18   0.52     56    5.5  342.6  344.7  342.8
  363.7   8360  -16.5  -35.3     18   0.52     57    5.6  342.7  344.8  342.8
  363.1   8372  -16.6  -35.4     18   0.52     58    5.6  342.7  344.7  342.8
  362.5   8383  -16.6  -36.9     16   0.45     59    5.7  342.8  344.6  342.9
  362.0   8394  -16.5  -38.9     13   0.36     60    5.7  343.1  344.6  343.2
  361.5   8406  -16.5  -40.0     11   0.33     60    5.7  343.2  344.5  343.2
  360.9   8416  -16.6  -40.6     11   0.31     61    5.7  343.3  344.6  343.4
  360.5   8426  -16.6  -40.5     11   0.31     61    5.7  343.3  344.6  343.4
  360.0   8436  -16.8  -41.2     10   0.29     61    5.7  343.3  344.5  343.4
  359.5   8447  -16.8  -42.7      9   0.25     62    5.7  343.4  344.4  343.4
  359.0   8458  -16.9  -42.9      9   0.24     62    5.7  343.4  344.4  343.5
  358.4   8469  -17.0  -42.0      9   0.27     62    5.7  343.5  344.6  343.5
  357.9   8480  -17.1  -41.4     10   0.28     62    5.8  343.4  344.6  343.5
  357.3   8493  -17.2  -40.3     12   0.32     62    5.8  343.4  344.8  343.5
  356.6   8506  -17.3  -40.2     12   0.32     62    5.8  343.5  344.8  343.5
  356.1   8518  -17.4  -39.9     12   0.33     62    5.9  343.4  344.8  343.5
  355.6   8529  -17.5  -40.1     12   0.33     62    5.9  343.5  344.8  343.5
  355.1   8538  -17.6  -40.3     12   0.32     62    6.0  343.5  344.8  343.5
  354.6   8548  -17.7  -40.6     12   0.31     62    6.1  343.5  344.8  343.5
  354.1   8559  -17.8  -40.9     11   0.30     62    6.1  343.5  344.7  343.5
  353.6   8570  -17.9  -40.9     12   0.30     62    6.2  343.5  344.7  343.5
  353.0   8582  -18.0  -40.9     12   0.30     62    6.3  343.5  344.7  343.6
  352.4   8595  -18.2  -41.3     11   0.29     63    6.3  343.5  344.7  343.6
  351.8   8609  -18.3  -41.9     11   0.27     63    6.3  343.5  344.6  343.6
  351.2   8621  -18.4  -42.3     10   0.26     63    6.3  343.5  344.6  343.6
  350.8   8631  -18.5  -42.8     10   0.25     62    6.3  343.5  344.6  343.6
  350.3   8640  -18.6  -43.2      9   0.24     62    6.3  343.6  344.6  343.6
  349.8   8651  -18.7  -43.7      9   0.23     62    6.3  343.6  344.5  343.6
  349.2   8663  -18.8  -44.5      8   0.21     62    6.2  343.6  344.5  343.6
  348.7   8675  -18.9  -44.5      9   0.21     62    6.2  343.6  344.4  343.6
  348.2   8686  -19.0  -44.4      9   0.21     62    6.1  343.6  344.5  343.6
  347.7   8697  -19.1  -44.4      9   0.21     62    6.1  343.6  344.4  343.6
  347.2   8706  -19.2  -44.8      8   0.20     62    6.0  343.6  344.4  343.6
  346.8   8716  -19.3  -44.8      8   0.20     62    6.0  343.6  344.4  343.6
  346.2   8727  -19.4  -44.7      9   0.21     63    6.0  343.6  344.5  343.6
  345.7   8738  -19.5  -44.9      9   0.20     63    6.0  343.6  344.4  343.6
  345.2   8749  -19.6  -45.0      9   0.20     64    6.0  343.6  344.4  343.6
  344.8   8758  -19.7  -45.5      8   0.19     65    5.9  343.6  344.4  343.6
  344.4   8767  -19.8  -46.0      8   0.18     65    5.9  343.6  344.4  343.6
  343.9   8778  -19.9  -46.2      8   0.18     66    5.9  343.6  344.4  343.6
  343.3   8790  -20.0  -46.2      8   0.18     66    5.9  343.6  344.4  343.7
  342.7   8803  -20.1  -46.1      8   0.18     66    5.9  343.6  344.4  343.7
  342.2   8814  -20.2  -46.2      8   0.18     66    5.8  343.6  344.4  343.7
  341.7   8825  -20.3  -46.2      8   0.18     66    5.7  343.6  344.4  343.7
  341.2   8836  -20.4  -46.2      8   0.18     66    5.7  343.6  344.4  343.7
  340.6   8849  -20.5  -46.2      8   0.18     66    5.6  343.6  344.4  343.7
  340.0   8861  -20.7  -46.3      8   0.18     66    5.5  343.6  344.4  343.7
  339.6   8872  -20.8  -46.3      8   0.18     66    5.5  343.6  344.4  343.6
  339.0   8883  -20.9  -46.3      8   0.18     66    5.4  343.7  344.4  343.7
  338.5   8895  -21.0  -46.3      8   0.18     66    5.4  343.7  344.4  343.7
  337.9   8907  -21.1  -46.3      8   0.18     67    5.3  343.7  344.4  343.7
  337.4   8918  -21.2  -46.2      9   0.18     67    5.3  343.7  344.4  343.7
  337.0   8928  -21.3  -46.4      9   0.18     68    5.3  343.7  344.4  343.7
  336.5   8938  -21.4  -46.4      9   0.18     68    5.3  343.7  344.4  343.7
  336.0   8948  -21.5  -46.5      8   0.17     69    5.3  343.7  344.4  343.7
  335.6   8959  -21.6  -46.8      8   0.17     70    5.3  343.7  344.4  343.7
  335.1   8969  -21.7  -46.9      8   0.17     71    5.3  343.7  344.4  343.7
  334.6   8981  -21.8  -47.1      8   0.16     72    5.3  343.7  344.4  343.7
  334.0   8992  -21.9  -47.5      8   0.16     73    5.3  343.7  344.4  343.8
  333.6   9003  -22.0  -47.6      8   0.15     73    5.3  343.7  344.4  343.8
  333.1   9013  -22.1  -47.7      8   0.15     74    5.3  343.7  344.4  343.8
  332.7   9023  -22.1  -47.9      8   0.15     75    5.3  343.8  344.4  343.8
  332.3   9031  -22.2  -48.0      8   0.15     76    5.3  343.8  344.4  343.8
  331.9   9040  -22.3  -48.2      8   0.15     76    5.2  343.8  344.5  343.9
  331.4   9050  -22.3  -48.3      7   0.14     77    5.2  343.9  344.5  343.9
  330.9   9062  -22.4  -48.4      7   0.14     78    5.2  343.9  344.5  343.9
  330.3   9075  -22.5  -48.4      8   0.14     78    5.1  344.0  344.6  344.0
  329.7   9088  -22.6  -48.4      8   0.14     78    5.1  344.0  344.6  344.0
  329.1   9101  -22.7  -48.5      8   0.14     78    5.0  344.0  344.7  344.1
  328.6   9114  -22.8  -48.4      8   0.14     78    5.0  344.1  344.7  344.1
  328.1   9125  -22.9  -48.5      8   0.14     77    5.0  344.1  344.7  344.1
  327.7   9134  -23.0  -48.5      8   0.14     76    5.0  344.1  344.7  344.1
  327.2   9143  -23.1  -48.5      8   0.14     76    5.0  344.1  344.7  344.1
  326.8   9153  -23.2  -48.6      8   0.14     74    5.0  344.1  344.7  344.1
  326.3   9164  -23.3  -48.5      8   0.14     73    5.0  344.1  344.7  344.2
  325.9   9174  -23.3  -48.5      8   0.14     72    5.0  344.1  344.8  344.2
  325.4   9185  -23.4  -48.5      8   0.14     71    5.0  344.2  344.8  344.2
  324.8   9198  -23.5  -48.4      8   0.15     71    5.0  344.2  344.9  344.3
  324.3   9210  -23.6  -48.1      9   0.15     70    5.1  344.3  344.9  344.3
  323.8   9221  -23.7  -47.7      9   0.16     70    5.1  344.3  345.0  344.3
  323.2   9233  -23.8  -47.8      9   0.16     70    5.1  344.3  345.0  344.4
  322.6   9247  -23.9  -47.6      9   0.16     70    5.2  344.4  345.1  344.4
  322.0   9261  -24.0  -47.0     10   0.17     71    5.2  344.4  345.2  344.5
  321.4   9275  -24.1  -46.5     11   0.18     71    5.3  344.4  345.2  344.5
  320.8   9288  -24.2  -46.1     11   0.19     72    5.3  344.5  345.3  344.5
  320.3   9301  -24.3  -46.0     12   0.19     72    5.4  344.5  345.3  344.5
  319.8   9312  -24.4  -46.5     11   0.18     73    5.5  344.5  345.2  344.5
  319.4   9321  -24.5  -47.2     10   0.17     73    5.6  344.5  345.2  344.5
  319.0   9330  -24.6  -48.0     10   0.16     74    5.6  344.5  345.2  344.6
  318.5   9341  -24.6  -48.9      9   0.14     74    5.7  344.6  345.2  344.7
  318.0   9353  -24.7  -49.8      8   0.13     74    5.7  344.7  345.3  344.7
  317.5   9365  -24.8  -50.4      7   0.12     74    5.8  344.7  345.3  344.8
  316.9   9377  -24.9  -50.3      8   0.12     74    5.8  344.8  345.3  344.8
  316.3   9390  -25.0  -50.0      8   0.12     74    5.8  344.8  345.3  344.8
  315.8   9403  -25.1  -49.9      8   0.13     74    5.8  344.8  345.3  344.8
  315.2   9415  -25.2  -49.7      8   0.13     75    5.8  344.8  345.4  344.9
  314.7   9428  -25.3  -49.6      8   0.13     75    5.8  344.9  345.4  344.9
  314.2   9439  -25.4  -50.2      8   0.12     76    5.8  344.9  345.4  344.9
  313.7   9452  -25.5  -50.8      8   0.12     77    5.8  344.9  345.4  345.0
  313.1   9466  -25.6  -50.6      8   0.12     78    5.7  345.0  345.5  345.0
  312.5   9478  -25.7  -50.1      8   0.12     79    5.7  345.0  345.6  345.1
  312.1   9488  -25.7  -49.7      9   0.13     80    5.7  345.1  345.6  345.1
  311.6   9499  -25.8  -49.6      9   0.13     81    5.6  345.2  345.7  345.2
  311.2   9509  -25.9  -49.7      9   0.13     83    5.6  345.1  345.7  345.2
  310.8   9519  -26.0  -49.3      9   0.14     84    5.6  345.2  345.8  345.2
  310.2   9531  -26.1  -48.5     10   0.15     85    5.5  345.2  345.9  345.2
  309.7   9543  -26.2  -47.4     12   0.17     86    5.5  345.2  346.0  345.3
  309.3   9554  -26.2  -47.4     12   0.17     88    5.4  345.2  346.0  345.3
  308.8   9565  -26.3  -48.1     11   0.16     89    5.4  345.3  345.9  345.3
  308.3   9576  -26.4  -49.3     10   0.14     90    5.3  345.3  345.9  345.3
  307.9   9587  -26.5  -49.0     10   0.14     91    5.3  345.3  346.0  345.4
  307.5   9597  -26.6  -46.9     13   0.18     93    5.2  345.4  346.1  345.4
  307.0   9608  -26.7  -45.2     16   0.22     94    5.2  345.4  346.3  345.4
  306.5   9620  -26.8  -43.6     19   0.26     96    5.2  345.4  346.5  345.5
  305.9   9633  -26.9  -40.7     26   0.36     98    5.2  345.5  346.9  345.5
  305.4   9646  -27.0  -38.7     32   0.44     99    5.3  345.5  347.3  345.6
  304.9   9657  -27.0  -39.4     30   0.41    101    5.4  345.6  347.2  345.6
  304.4   9668  -27.1  -39.8     29   0.39    102    5.5  345.7  347.3  345.8
  303.9   9680  -27.1  -40.2     28   0.38    103    5.6  345.8  347.3  345.8
  303.4   9692  -27.2  -40.5     27   0.37    104    5.8  345.8  347.4  345.9
  302.9   9705  -27.3  -40.6     27   0.36    105    5.9  345.9  347.4  346.0
  302.4   9717  -27.3  -40.8     27   0.36    106    6.2  345.9  347.4  346.0
  301.9   9729  -27.4  -40.9     27   0.35    106    6.4  346.0  347.4  346.1
  301.4   9741  -27.5  -41.2     26   0.34    106    6.6  346.0  347.5  346.1
  300.8   9753  -27.5  -41.7     25   0.33    106    6.8  346.2  347.6  346.3
  300.3   9765  -27.5  -42.3     23   0.31    106    7.1  346.4  347.6  346.4
  300.0   9773  -27.5  -42.8     22   0.29    106    7.1  346.4  347.7  346.5
  299.9   9776  -27.5  -43.0     22   0.29    106    7.3  346.5  347.7  346.5
  299.5   9786  -27.6  -43.3     21   0.28    106    7.5  346.5  347.7  346.6
  299.0   9797  -27.6  -43.9     20   0.26    106    7.8  346.7  347.8  346.7
  298.5   9809  -27.6  -44.7     18   0.24    106    8.0  346.8  347.9  346.9
  298.0   9822  -27.6  -45.2     17   0.23    106    8.2  347.0  348.0  347.1
  297.5   9834  -27.6  -45.3     17   0.22    106    8.4  347.2  348.1  347.2
  297.0   9845  -27.6  -45.5     17   0.22    106    8.6  347.3  348.2  347.3
  296.5   9857  -27.7  -45.8     16   0.21    106    8.8  347.4  348.3  347.4
  296.0   9869  -27.8  -46.0     16   0.21    106    8.9  347.4  348.3  347.5
  295.6   9880  -27.9  -46.0     16   0.21    106    9.0  347.4  348.3  347.5
  295.2   9890  -28.0  -45.8     17   0.22    106    9.1  347.4  348.3  347.5
  294.7   9903  -28.1  -45.5     17   0.22    106    9.2  347.5  348.4  347.5
  294.1   9916  -28.2  -45.4     18   0.22    106    9.2  347.5  348.4  347.5
  293.6   9928  -28.3  -45.5     18   0.22    107    9.3  347.5  348.4  347.5
  293.1   9940  -28.4  -45.5     18   0.22    107    9.3  347.5  348.5  347.6
  292.6   9951  -28.5  -45.5     18   0.22    107    9.2  347.5  348.5  347.6
  292.1   9964  -28.6  -45.5     18   0.22    107    9.2  347.6  348.5  347.6
  291.6   9976  -28.7  -45.5     18   0.22    108    9.2  347.6  348.5  347.6
  291.2   9988  -28.9  -45.6     18   0.22    108    9.1  347.5  348.5  347.6
  290.7  10000  -29.0  -45.8     18   0.22    108    9.1  347.6  348.5  347.6
  290.1  10013  -29.0  -46.0     18   0.21    108    9.0  347.7  348.6  347.7
  289.6  10025  -29.1  -46.1     18   0.21    108    8.9  347.7  348.6  347.7
  289.2  10036  -29.2  -46.1     18   0.21    108    8.9  347.7  348.6  347.7
  288.8  10047  -29.3  -46.1     18   0.21    107    8.8  347.7  348.6  347.7
  288.3  10059  -29.4  -45.9     19   0.22    107    8.7  347.8  348.7  347.8
  287.7  10072  -29.5  -45.7     19   0.22    107    8.6  347.8  348.8  347.9
  287.2  10085  -29.6  -45.3     20   0.23    107    8.5  347.8  348.8  347.9
  286.8  10096  -29.7  -45.1     21   0.24    107    8.4  347.8  348.8  347.9
  286.4  10107  -29.8  -45.1     21   0.24    108    8.3  347.8  348.8  347.9
  285.9  10119  -29.9  -45.2     21   0.24    108    8.2  347.9  348.9  347.9
  285.4  10130  -30.0  -45.6     20   0.23    108    8.1  347.9  348.9  348.0
  284.9  10142  -30.1  -46.2     19   0.21    108    8.0  347.9  348.8  348.0
  284.4  10155  -30.2  -46.3     19   0.21    109    8.0  348.0  348.9  348.0
  283.9  10168  -30.2  -46.4     19   0.21    109    7.9  348.1  349.0  348.1
  283.5  10179  -30.2  -47.2     18   0.19    110    7.9  348.3  349.1  348.3
  283.1  10188  -30.2  -47.5     17   0.19    110    7.8  348.4  349.1  348.4
  282.7  10198  -30.3  -47.5     17   0.19    111    7.8  348.4  349.2  348.4
  282.3  10209  -30.4  -47.5     17   0.18    111    7.8  348.4  349.2  348.5
  281.8  10221  -30.5  -47.5     17   0.19    111    7.8  348.5  349.3  348.5
  281.3  10233  -30.6  -47.5     18   0.19    112    7.8  348.5  349.3  348.6
  280.9  10244  -30.6  -47.6     17   0.18    112    7.8  348.6  349.4  348.6
  280.4  10255  -30.7  -47.7     17   0.18    112    7.8  348.6  349.4  348.7
  280.0  10267  -30.8  -47.7     17   0.18    112    7.8  348.6  349.4  348.7
  279.5  10278  -30.9  -47.8     17   0.18    112    7.8  348.7  349.5  348.7
  279.1  10290  -31.0  -48.2     17   0.17    112    7.8  348.7  349.5  348.8
  278.6  10302  -31.1  -48.5     16   0.17    112    7.8  348.8  349.5  348.8
  278.2  10312  -31.2  -48.7     16   0.16    112    7.9  348.8  349.5  348.8
  277.7  10324  -31.3  -48.9     16   0.16    112    7.9  348.8  349.5  348.8
  277.3  10336  -31.4  -49.2     16   0.16    112    8.0  348.8  349.4  348.8
  276.8  10347  -31.5  -49.3     16   0.15    111    8.1  348.8  349.5  348.8
  276.4  10359  -31.6  -49.3     16   0.15    111    8.2  348.8  349.4  348.8
  275.9  10371  -31.7  -49.4     16   0.15    111    8.3  348.8  349.5  348.8
  275.5  10382  -31.8  -49.4     16   0.15    110    8.4  348.8  349.4  348.8
  275.0  10394  -32.0  -49.4     16   0.15    109    8.6  348.8  349.4  348.8
  274.5  10407  -32.1  -49.6     16   0.15    108    8.7  348.8  349.4  348.8
  274.0  10420  -32.2  -49.9     15   0.15    108    8.8  348.8  349.4  348.8
  273.5  10433  -32.3  -50.1     15   0.14    107    8.9  348.8  349.4  348.8
  273.0  10447  -32.4  -50.2     15   0.14    106    9.1  348.8  349.4  348.9
  272.4  10460  -32.5  -50.2     15   0.14    105    9.2  348.9  349.5  348.9
  272.0  10472  -32.6  -50.4     15   0.14    104    9.3  348.9  349.5  348.9
  271.5  10484  -32.7  -50.6     15   0.14    104    9.4  348.9  349.5  348.9
  271.1  10496  -32.8  -50.6     15   0.14    103    9.5  348.9  349.5  348.9
  270.6  10509  -33.0  -50.6     16   0.14    102    9.7  348.9  349.5  349.0
  270.1  10521  -33.1  -50.6     16   0.14    102    9.8  348.9  349.5  349.0
  269.6  10533  -33.2  -50.7     16   0.14    102    9.9  349.0  349.6  349.0
  269.2  10544  -33.3  -50.8     16   0.13    101   10.0  349.0  349.6  349.0
  268.8  10554  -33.4  -50.7     16   0.13    101   10.1  349.0  349.6  349.0
  268.4  10564  -33.5  -50.8     16   0.13    101   10.2  349.0  349.6  349.0
  268.0  10575  -33.5  -51.1     15   0.13    100   10.2  349.1  349.6  349.1
  267.6  10586  -33.6  -51.2     15   0.13    100   10.3  349.1  349.7  349.2
  267.2  10596  -33.7  -51.3     15   0.13    100   10.3  349.2  349.7  349.2
  266.8  10608  -33.8  -51.2     15   0.13    100   10.3  349.2  349.7  349.2
  266.3  10620  -33.9  -51.2     16   0.13     99   10.3  349.2  349.8  349.2
  265.8  10633  -34.0  -51.4     16   0.13     99   10.3  349.2  349.8  349.2
  265.4  10645  -34.1  -51.4     16   0.13     98   10.3  349.2  349.8  349.3
  264.9  10657  -34.2  -51.4     16   0.13     98   10.3  349.3  349.8  349.3
  264.4  10670  -34.3  -51.3     16   0.13     97   10.2  349.3  349.9  349.4
  263.9  10683  -34.4  -51.3     16   0.13     97   10.2  349.4  349.9  349.4
  263.5  10695  -34.5  -51.3     16   0.13     97   10.2  349.3  349.9  349.4
  263.0  10707  -34.6  -51.3     17   0.13     97   10.2  349.4  349.9  349.4
  262.6  10718  -34.7  -51.4     17   0.13     97   10.2  349.3  349.9  349.4
  262.1  10730  -34.8  -51.6     16   0.12     97   10.2  349.4  349.9  349.4
  261.7  10741  -34.9  -52.0     16   0.12     97   10.2  349.4  350.0  349.5
  261.3  10752  -34.9  -52.3     15   0.12     97   10.2  349.6  350.1  349.6
  260.9  10762  -35.0  -52.3     15   0.12     97   10.2  349.7  350.2  349.7
  260.6  10771  -35.0  -52.2     16   0.12     98   10.2  349.7  350.2  349.7
  260.2  10782  -35.1  -52.0     16   0.12     98   10.2  349.7  350.2  349.7
  259.8  10793  -35.2  -52.0     16   0.12     98   10.2  349.7  350.2  349.7
  259.4  10804  -35.3  -52.0     17   0.12     99   10.1  349.7  350.2  349.7
  258.9  10816  -35.4  -52.0     17   0.12     99   10.1  349.7  350.3  349.8
  258.5  10828  -35.6  -52.2     17   0.12    100   10.0  349.7  350.2  349.7
  258.0  10842  -35.7  -52.2     17   0.12    100   10.0  349.7  350.2  349.7
  257.5  10855  -35.8  -52.2     17   0.12    101    9.9  349.7  350.3  349.8
  257.0  10868  -35.9  -52.2     17   0.12    102    9.9  349.8  350.3  349.8
  256.6  10879  -36.0  -52.2     17   0.12    103    9.8  349.7  350.3  349.8
  256.1  10891  -36.1  -52.2     17   0.12    103    9.8  349.8  350.3  349.8
  255.7  10902  -36.2  -52.2     18   0.12    104    9.7  349.8  350.3  349.8
  255.4  10912  -36.3  -52.1     18   0.12    105    9.7  349.8  350.3  349.8
  255.0  10921  -36.4  -52.1     18   0.12    106    9.7  349.8  350.3  349.8
  254.6  10932  -36.5  -51.9     19   0.13    106    9.7  349.8  350.4  349.8
  254.2  10943  -36.6  -51.8     19   0.13    107    9.7  349.8  350.4  349.8
  253.8  10954  -36.7  -51.7     20   0.13    107    9.7  349.8  350.4  349.8
  253.4  10966  -36.8  -51.6     20   0.13    107    9.7  349.8  350.4  349.9
  252.9  10978  -36.9  -51.6     20   0.13    107    9.8  349.9  350.5  349.9
  252.5  10989  -37.0  -51.8     20   0.13    106    9.8  349.9  350.5  349.9
  252.2  10999  -37.1  -52.1     20   0.12    105    9.9  349.9  350.5  349.9
  251.8  11010  -37.2  -52.2     20   0.12    105    9.9  349.9  350.5  350.0
  251.4  11021  -37.3  -52.1     20   0.12    104   10.0  350.0  350.5  350.0
  250.9  11034  -37.4  -52.3     20   0.12    102   10.1  350.0  350.5  350.0
  250.5  11046  -37.5  -52.4     20   0.12    101   10.2  350.0  350.5  350.0
  250.0  11059  -37.6  -52.6     19   0.12     99   10.3  350.0  350.6  350.1
  249.6  11070  -37.7  -52.8     19   0.11     99   10.3  350.1  350.6  350.1
  249.2  11082  -37.8  -52.9     19   0.11     97   10.4  350.1  350.6  350.1
  248.7  11094  -37.9  -52.9     19   0.11     96   10.5  350.1  350.6  350.2
  248.3  11107  -38.0  -53.0     19   0.11     95   10.5  350.2  350.7  350.2
  247.8  11119  -38.1  -53.2     19   0.11     94   10.6  350.2  350.7  350.2
  247.4  11132  -38.2  -53.4     19   0.11     93   10.7  350.2  350.7  350.3
  246.9  11144  -38.2  -53.6     18   0.10     93   10.7  350.3  350.8  350.3
  246.5  11157  -38.3  -53.7     18   0.10     92   10.8  350.3  350.8  350.3
  246.1  11169  -38.4  -53.8     18   0.10     92   10.8  350.4  350.8  350.4
  245.6  11180  -38.5  -53.8     19   0.10     91   10.9  350.4  350.9  350.4
  245.2  11192  -38.6  -53.9     18   0.10     91   11.0  350.4  350.9  350.5
  244.8  11203  -38.6  -53.8     19   0.10     91   11.1  350.6  351.1  350.6
  244.4  11214  -38.6  -53.0     20   0.11     91   11.1  350.8  351.3  350.8
  244.1  11225  -38.6  -52.3     22   0.12     91   11.2  350.9  351.4  350.9
  243.7  11236  -38.7  -52.0     23   0.13     91   11.3  350.9  351.4  350.9
  243.3  11247  -38.8  -52.1     23   0.13     91   11.4  350.9  351.4  350.9
  242.8  11259  -39.0  -52.2     23   0.13     91   11.4  350.9  351.5  350.9
  242.4  11271  -39.1  -52.2     24   0.13     91   11.5  350.9  351.4  350.9
  242.0  11283  -39.2  -52.2     24   0.13     91   11.5  350.9  351.4  350.9
  241.6  11293  -39.3  -52.3     24   0.13     91   11.5  350.9  351.4  350.9
  241.2  11305  -39.4  -52.3     24   0.13     90   11.5  350.9  351.4  350.9
  240.8  11317  -39.5  -52.4     24   0.12     90   11.5  350.9  351.4  350.9
  240.4  11328  -39.6  -52.7     24   0.12     90   11.4  350.9  351.4  350.9
  240.1  11337  -39.7  -52.6     24   0.12     90   11.4  350.9  351.4  350.9
  239.7  11349  -39.8  -52.3     25   0.13     90   11.3  350.9  351.4  350.9
  239.2  11361  -40.0  -52.1     26   0.13     90   11.2  350.9  351.5  350.9
  238.8  11374  -40.1  -52.2     26   0.13     90   11.1  350.9  351.5  350.9
  238.3  11387  -40.2  -52.1     27   0.13     91   11.0  350.9  351.5  350.9
  237.9  11399  -40.3  -52.2     27   0.13     91   10.9  350.9  351.5  350.9
  237.6  11409  -40.4  -52.4     27   0.13     91   10.9  350.9  351.4  350.9
  237.2  11420  -40.5  -52.2     27   0.13     91   10.8  350.9  351.5  350.9
  236.8  11432  -40.6  -52.0     28   0.13     92   10.7  350.9  351.5  350.9
  236.3  11447  -40.8  -52.0     29   0.13     92   10.6  350.9  351.5  350.9
  235.8  11460  -40.9  -52.1     29   0.13     92   10.5  350.9  351.5  350.9
  235.3  11473  -41.0  -52.1     29   0.13     92   10.3  351.0  351.5  351.0
  235.0  11483  -41.1  -52.2     29   0.13     93   10.2  351.0  351.5  351.0
  234.7  11493  -41.1  -52.1     30   0.13     93   10.1  351.0  351.6  351.1
  234.3  11502  -41.2  -52.2     29   0.13     93    9.9  351.2  351.8  351.2
  233.9  11513  -41.2  -52.4     29   0.13     93    9.7  351.3  351.9  351.3
  233.5  11526  -41.3  -52.5     29   0.13     93    9.6  351.4  351.9  351.4
  233.1  11538  -41.3  -52.6     29   0.13     94    9.4  351.4  352.0  351.4
  232.7  11550  -41.4  -52.8     28   0.12     94    9.2  351.5  352.0  351.5
  232.2  11563  -41.5  -53.3     27   0.12     94    9.1  351.5  352.0  351.6
  231.9  11574  -41.6  -53.7     26   0.11     95    8.9  351.5  352.0  351.5
  231.5  11584  -41.7  -54.1     25   0.11     95    8.8  351.6  352.1  351.6
  231.2  11593  -41.7  -54.3     24   0.10     96    8.7  351.6  352.1  351.7
  230.9  11603  -41.8  -54.2     25   0.10     96    8.6  351.6  352.1  351.7
  230.5  11613  -41.9  -54.2     25   0.10     97    8.6  351.7  352.1  351.7
  230.2  11622  -42.0  -54.3     25   0.10     97    8.6  351.7  352.2  351.7
  229.9  11631  -42.0  -54.3     25   0.10     97    8.6  351.8  352.2  351.8
  229.6  11640  -42.1  -54.3     25   0.10     98    8.6  351.8  352.2  351.8
  229.3  11648  -42.2  -54.3     26   0.10     98    8.6  351.8  352.2  351.8
  229.1  11657  -42.3  -54.3     26   0.10     98    8.6  351.7  352.2  351.8
  228.8  11665  -42.4  -54.4     26   0.10     98    8.6  351.7  352.2  351.8
  228.5  11673  -42.4  -54.4     26   0.10     98    8.6  351.8  352.2  351.8
  228.2  11682  -42.5  -54.4     26   0.10     97    8.6  351.8  352.2  351.8
  227.9  11691  -42.6  -54.4     26   0.10     97    8.7  351.8  352.2  351.8
  227.6  11699  -42.7  -54.5     26   0.10     97    8.7  351.8  352.2  351.8
  227.3  11707  -42.8  -54.5     26   0.10     97    8.7  351.8  352.3  351.8
  227.0  11716  -42.8  -54.6     26   0.10     97    8.8  351.8  352.3  351.8
  226.7  11725  -42.9  -54.6     26   0.10     97    8.9  351.8  352.3  351.9
  226.4  11735  -43.0  -54.6     27   0.10     96    8.9  351.8  352.3  351.9
  226.1  11745  -43.1  -54.6     27   0.10     96    9.0  351.8  352.3  351.8
  225.7  11755  -43.2  -54.7     27   0.10     96    9.1  351.9  352.3  351.9
  225.4  11764  -43.2  -54.8     27   0.10     96    9.1  351.9  352.3  351.9
  225.1  11773  -43.3  -54.9     27   0.10     96    9.2  351.9  352.3  351.9
  224.8  11783  -43.4  -54.9     27   0.10     96    9.3  351.9  352.3  351.9
  224.5  11792  -43.5  -54.8     27   0.10     96    9.3  351.9  352.4  351.9
  224.2  11802  -43.6  -54.7     28   0.10     96    9.4  351.9  352.4  352.0
  223.8  11813  -43.7  -54.7     28   0.10     96    9.4  352.0  352.4  352.0
  223.4  11824  -43.8  -54.6     29   0.10     96    9.5  352.0  352.5  352.0
  223.1  11835  -43.9  -54.6     29   0.10     96    9.6  352.0  352.4  352.0
  222.7  11846  -44.0  -54.5     30   0.10     96    9.6  352.0  352.5  352.0
  222.3  11857  -44.1  -54.4     31   0.11     96    9.7  352.0  352.5  352.0
  222.0  11868  -44.2  -54.2     32   0.11     96    9.7  352.0  352.5  352.0
  221.6  11880  -44.3  -54.1     33   0.11     95    9.8  352.0  352.5  352.0
  221.2  11891  -44.4  -54.2     32   0.11     95    9.8  352.1  352.5  352.1
  220.9  11900  -44.4  -54.4     32   0.11     95    9.8  352.1  352.6  352.1
  220.6  11909  -44.5  -54.6     32   0.10     95    9.9  352.1  352.6  352.1
  220.3  11918  -44.6  -54.7     32   0.10     94    9.9  352.1  352.6  352.1
  220.0  11926  -44.7  -54.6     32   0.10     94    9.9  352.1  352.6  352.1
  219.8  11935  -44.8  -54.5     33   0.11     94    9.9  352.1  352.6  352.1
  219.4  11944  -44.9  -54.2     34   0.11     93    9.9  352.1  352.6  352.2
  219.1  11955  -44.9  -53.9     36   0.11     93    9.9  352.1  352.7  352.2
  218.8  11965  -45.0  -53.7     37   0.12     93    9.9  352.1  352.6  352.2
  218.5  11973  -45.1  -53.5     38   0.12     92    9.9  352.1  352.7  352.2
  218.2  11982  -45.2  -53.2     40   0.13     92    9.9  352.1  352.7  352.2
  217.9  11991  -45.3  -52.5     44   0.14     92    9.9  352.2  352.8  352.2
  217.6  12000  -45.3  -51.7     49   0.15     91    9.9  352.2  352.9  352.2
  217.3  12009  -45.4  -50.9     54   0.16     91   10.0  352.2  352.9  352.3
  217.0  12018  -45.5  -50.7     56   0.17     91   10.0  352.2  353.0  352.3
  216.7  12028  -45.6  -50.9     55   0.16     91   10.0  352.2  353.0  352.3
  216.4  12037  -45.7  -51.2     53   0.16     91   10.1  352.2  352.9  352.3
  216.1  12045  -45.8  -51.4     53   0.16     90   10.2  352.2  352.9  352.3
  215.8  12055  -45.9  -51.3     54   0.16     90   10.2  352.2  352.9  352.3
  215.5  12064  -45.9  -51.0     56   0.16     90   10.3  352.3  353.0  352.3
  215.2  12074  -46.0  -50.7     59   0.17     89   10.3  352.3  353.0  352.3
  214.9  12084  -46.1  -50.5     61   0.17     89   10.4  352.3  353.0  352.3
  214.6  12093  -46.2  -50.4     62   0.18     88   10.4  352.3  353.1  352.4
  214.3  12103  -46.3  -50.4     63   0.18     88   10.5  352.3  353.1  352.4
  214.0  12113  -46.3  -50.5     63   0.18     87   10.5  352.3  353.1  352.4
  213.6  12125  -46.4  -50.5     63   0.18     87   10.5  352.4  353.1  352.4
  213.3  12135  -46.5  -50.4     65   0.18     86   10.5  352.4  353.2  352.4
  212.9  12145  -46.6  -50.2     66   0.18     86   10.5  352.5  353.3  352.5
  212.6  12155  -46.6  -50.3     66   0.18     85   10.4  352.5  353.3  352.6
  212.3  12164  -46.7  -50.4     66   0.18     85   10.4  352.6  353.4  352.6
  212.0  12174  -46.7  -50.4     66   0.18     84   10.3  352.7  353.4  352.7
  211.7  12183  -46.8  -50.5     66   0.18     84   10.3  352.7  353.5  352.7
  211.4  12193  -46.9  -50.5     67   0.18     84   10.3  352.7  353.5  352.7
  211.1  12203  -47.0  -50.4     68   0.18     84   10.2  352.7  353.5  352.8
  210.7  12214  -47.1  -50.4     68   0.18     83   10.2  352.8  353.6  352.8
  210.4  12225  -47.1  -50.5     68   0.18     83   10.2  352.8  353.6  352.8
  210.0  12236  -47.2  -50.8     67   0.17     83   10.2  352.9  353.7  352.9
  209.7  12246  -47.2  -51.0     65   0.17     82   10.2  353.0  353.7  353.0
  209.4  12257  -47.3  -51.1     65   0.17     82   10.1  353.0  353.7  353.0
  209.0  12268  -47.4  -51.1     66   0.17     81   10.1  353.0  353.7  353.0
  208.7  12279  -47.6  -51.2     66   0.17     81   10.1  353.0  353.7  353.0
  208.4  12289  -47.6  -51.3     66   0.16     80   10.0  353.0  353.7  353.0
  208.1  12298  -47.7  -51.4     65   0.16     79   10.0  353.0  353.7  353.1
  207.7  12309  -47.8  -51.5     65   0.16     79   10.0  353.1  353.8  353.1
  207.5  12317  -47.9  -51.5     66   0.16     78    9.9  353.0  353.7  353.1
  207.2  12327  -48.0  -51.5     66   0.16     78    9.9  353.0  353.7  353.1
  206.8  12338  -48.1  -51.6     67   0.16     77    9.9  353.1  353.8  353.1
  206.5  12348  -48.2  -51.6     67   0.16     77    9.9  353.1  353.8  353.1
  206.2  12358  -48.3  -51.7     67   0.16     76    9.9  353.1  353.8  353.1
  205.9  12366  -48.3  -51.7     68   0.16     76    9.9  353.1  353.8  353.1
  205.6  12376  -48.4  -51.8     68   0.16     76   10.0  353.1  353.8  353.2
  205.3  12387  -48.5  -51.8     69   0.16     76   10.1  353.1  353.8  353.2
  205.0  12397  -48.6  -51.9     69   0.16     76   10.2  353.1  353.8  353.1
  204.7  12406  -48.7  -52.0     69   0.15     76   10.3  353.1  353.8  353.1
  204.4  12414  -48.8  -52.1     68   0.15     76   10.4  353.1  353.8  353.2
  204.2  12423  -48.9  -52.1     69   0.15     76   10.5  353.1  353.8  353.1
  203.9  12432  -49.0  -52.0     70   0.15     76   10.5  353.1  353.8  353.1
  203.6  12440  -49.1  -52.0     71   0.15     75   10.6  353.1  353.8  353.1
  203.4  12448  -49.1  -52.0     72   0.15     75   10.7  353.1  353.8  353.1
  203.1  12457  -49.2  -52.0     72   0.15     75   10.7  353.1  353.8  353.1
  202.8  12466  -49.3  -52.1     72   0.15     75   10.7  353.1  353.8  353.1
  202.6  12475  -49.4  -52.2     72   0.15     75   10.7  353.1  353.8  353.1
  202.3  12483  -49.5  -52.4     71   0.15     75   10.7  353.1  353.8  353.2
  202.0  12492  -49.5  -52.5     70   0.15     74   10.6  353.2  353.8  353.2
  201.8  12500  -49.6  -52.8     69   0.14     74   10.6  353.1  353.8  353.2
  201.5  12509  -49.7  -52.9     69   0.14     74   10.5  353.1  353.8  353.2
  201.2  12518  -49.8  -53.1     68   0.14     74   10.5  353.2  353.8  353.2
  200.9  12528  -49.9  -53.2     68   0.14     74   10.4  353.2  353.8  353.2
  200.6  12537  -49.9  -53.3     68   0.13     74   10.4  353.2  353.8  353.2
  200.4  12545  -50.0  -53.4     67   0.13     74   10.3  353.2  353.8  353.2
  200.1  12554  -50.1  -53.6     67   0.13     74   10.2  353.2  353.8  353.2
  200.0  12558  -50.1  -53.6     67   0.13     74   10.2  353.2  353.8  353.2
  199.8  12563  -50.2  -53.7     66   0.13     74   10.2  353.2  353.8  353.2
  199.6  12572  -50.3  -53.8     66   0.13     74   10.2  353.2  353.7  353.2
  199.3  12581  -50.4  -54.0     65   0.12     74   10.1  353.2  353.8  353.2
  199.0  12590  -50.4  -54.3     64   0.12     74   10.1  353.2  353.8  353.3
  198.7  12599  -50.5  -54.8     60   0.11     74   10.1  353.3  353.8  353.4
  198.5  12607  -50.5  -55.5     55   0.10     75   10.0  353.3  353.8  353.4
  198.2  12616  -50.6  -56.3     51   0.09     75   10.0  353.4  353.8  353.4
  197.9  12625  -50.6  -56.8     48   0.09     75   10.0  353.5  353.9  353.5
  197.7  12634  -50.7  -57.0     47   0.09     75   10.1  353.4  353.8  353.5
  197.4  12642  -50.8  -57.0     48   0.09     76   10.1  353.5  353.9  353.5
  197.1  12652  -50.9  -56.9     49   0.09     76   10.1  353.5  353.9  353.5
  196.8  12662  -51.0  -56.9     49   0.09     76   10.1  353.5  353.9  353.5
  196.5  12673  -51.1  -56.9     50   0.09     77   10.2  353.5  353.9  353.5
  196.2  12684  -51.2  -56.9     50   0.09     78   10.3  353.5  353.9  353.5
  195.8  12695  -51.3  -56.8     52   0.09     78   10.4  353.5  353.9  353.5
  195.5  12707  -51.4  -56.8     52   0.09     78   10.4  353.5  353.9  353.5
  195.1  12719  -51.5  -57.0     52   0.09     79   10.5  353.5  353.9  353.5
  194.8  12728  -51.6  -57.2     51   0.09     79   10.6  353.5  353.9  353.5
  194.6  12735  -51.7  -57.6     49   0.08     79   10.7  353.6  353.9  353.6
  194.4  12743  -51.7  -58.1     46   0.08     79   10.8  353.6  353.9  353.6
  194.1  12751  -51.8  -58.5     44   0.07     79   10.8  353.6  353.9  353.6
  193.9  12760  -51.8  -58.6     44   0.07     78   10.9  353.6  354.0  353.6
  193.6  12770  -51.9  -58.6     44   0.07     78   10.9  353.6  354.0  353.7
  193.3  12778  -52.0  -58.6     45   0.07     77   10.9  353.7  354.0  353.7
  193.1  12787  -52.0  -58.7     45   0.07     77   11.0  353.7  354.0  353.7
  192.8  12795  -52.1  -58.9     44   0.07     76   11.0  353.8  354.1  353.8
  192.6  12804  -52.1  -59.1     43   0.07     75   11.0  353.8  354.1  353.8
  192.3  12814  -52.2  -59.4     41   0.07     75   11.0  354.0  354.3  354.0
  192.0  12823  -52.2  -59.6     40   0.06     74   11.0  354.0  354.3  354.0
  191.7  12832  -52.3  -59.7     40   0.06     73   11.1  354.1  354.4  354.1
  191.5  12841  -52.3  -59.8     40   0.06     73   11.1  354.2  354.5  354.2
  191.2  12849  -52.2  -59.8     39   0.06     73   11.2  354.4  354.7  354.4
  190.9  12858  -52.3  -60.0     39   0.06     73   11.2  354.5  354.8  354.5
  190.7  12868  -52.4  -60.1     39   0.06     73   11.3  354.5  354.8  354.5
  190.4  12877  -52.4  -60.1     39   0.06     73   11.4  354.5  354.8  354.5
  190.1  12887  -52.5  -60.2     39   0.06     73   11.5  354.5  354.8  354.6
  189.9  12895  -52.6  -60.3     39   0.06     73   11.7  354.5  354.8  354.6
  189.6  12904  -52.6  -60.5     38   0.06     74   11.8  354.6  354.9  354.6
  189.3  12914  -52.7  -60.7     37   0.06     74   12.0  354.7  354.9  354.7
  189.0  12924  -52.7  -60.9     36   0.06     74   12.1  354.8  355.1  354.9
  188.7  12934  -52.6  -61.2     35   0.05     75   12.3  355.1  355.3  355.1
  188.4  12944  -52.6  -61.6     33   0.05     75   12.5  355.3  355.5  355.3
  188.2  12953  -52.6  -61.8     32   0.05     75   12.7  355.5  355.7  355.5
  187.9  12963  -52.5  -62.1     30   0.05     75   13.0  355.8  356.0  355.8
  187.6  12972  -52.5  -62.3     30   0.05     75   13.2  355.9  356.1  355.9
  187.4  12980  -52.6  -62.5     29   0.05     75   13.4  355.9  356.1  355.9
  187.1  12989  -52.6  -62.5     29   0.05     74   13.7  356.0  356.2  356.0
  186.8  12999  -52.6  -62.6     29   0.05     74   13.9  356.1  356.3  356.1
  186.6  13008  -52.7  -62.6     29   0.05     74   14.2  356.1  356.3  356.1
  186.3  13018  -52.8  -62.6     30   0.05     73   14.4  356.1  356.3  356.1
  186.0  13028  -52.9  -62.6     30   0.05     73   14.7  356.1  356.4  356.2
  185.7  13039  -53.0  -62.5     30   0.05     72   15.0  356.2  356.4  356.2
  185.4  13048  -53.1  -62.5     31   0.05     72   15.3  356.2  356.4  356.2
  185.1  13058  -53.1  -62.6     30   0.05     71   15.6  356.3  356.5  356.3
  184.8  13068  -53.2  -62.9     30   0.04     71   15.9  356.3  356.5  356.3
  184.6  13078  -53.2  -63.2     28   0.04     71   16.1  356.5  356.7  356.5
  184.3  13087  -53.2  -63.7     27   0.04     70   16.4  356.6  356.8  356.7
  184.0  13097  -53.2  -64.3     25   0.04     70   16.7  356.8  357.0  356.8
  183.8  13106  -53.2  -64.9     23   0.03     70   16.9  356.9  357.1  356.9
  183.5  13116  -53.2  -65.3     22   0.03     70   17.1  357.0  357.1  357.0
  183.1  13127  -53.3  -65.4     21   0.03     70   17.3  357.1  357.2  357.1
  182.9  13137  -53.3  -65.4     22   0.03     70   17.4  357.1  357.3  357.1
  182.6  13147  -53.4  -65.5     21   0.03     70   17.5  357.2  357.3  357.2
  182.3  13157  -53.5  -65.5     22   0.03     71   17.6  357.2  357.4  357.2
  182.0  13166  -53.6  -66.0     20   0.03     71   17.7  357.3  357.4  357.3
  181.8  13176  -53.6  -66.8     18   0.03     71   17.7  357.3  357.4  357.3
  181.5  13185  -53.7  -67.9     16   0.02     71   17.7  357.3  357.4  357.3
  181.2  13194  -53.8  -69.1     14   0.02     71   17.7  357.4  357.5  357.4
  181.0  13203  -53.8  -70.2     12   0.02     72   17.7  357.4  357.5  357.4
  180.8  13212  -53.9  -71.2     10   0.01     72   17.7  357.4  357.5  357.4
  180.5  13221  -54.0  -72.1      9   0.01     72   17.7  357.5  357.5  357.5
  180.2  13231  -54.0  -73.0      8   0.01     72   17.7  357.5  357.6  357.5
  179.9  13241  -54.1  -73.9      7   0.01     73   17.7  357.6  357.6  357.6
  179.7  13251  -54.2  -74.9      6   0.01     73   17.7  357.6  357.6  357.6
  179.4  13262  -54.3  -76.1      5   0.01     73   17.7  357.6  357.6  357.6
  179.0  13273  -54.4  -76.6      5   0.01     74   17.8  357.7  357.7  357.7
  178.7  13285  -54.5  -76.5      5   0.01     74   17.8  357.7  357.7  357.7
  178.4  13295  -54.6  -75.7      6   0.01     75   17.9  357.7  357.7  357.7
  178.1  13306  -54.6  -75.1      6   0.01     75   18.0  357.7  357.8  357.7
  177.8  13317  -54.7  -74.8      7   0.01     75   18.1  357.7  357.8  357.8
  177.5  13329  -54.8  -74.1      7   0.01     76   18.2  357.7  357.8  357.7
  177.2  13339  -54.9  -73.2      9   0.01     76   18.3  357.8  357.8  357.8
  176.9  13350  -55.0  -72.5     10   0.01     76   18.4  357.8  357.8  357.8
  176.6  13361  -55.1  -72.0     11   0.01     77   18.5  357.8  357.9  357.8
  176.3  13372  -55.2  -71.6     11   0.01     77   18.6  357.9  358.0  357.9
  176.0  13382  -55.3  -71.5     12   0.01     77   18.7  357.9  358.0  357.9
  175.8  13391  -55.3  -71.6     12   0.01     77   18.7  357.9  358.0  357.9
  175.5  13400  -55.4  -71.8     11   0.01     78   18.7  358.0  358.1  358.0
  175.3  13409  -55.5  -72.1     11   0.01     78   18.8  358.0  358.1  358.0
  175.0  13419  -55.5  -72.4     10   0.01     78   18.8  358.1  358.1  358.1
  174.7  13429  -55.6  -72.6     10   0.01     78   18.8  358.1  358.2  358.1
  174.4  13439  -55.7  -72.7     10   0.01     78   18.9  358.2  358.2  358.2
  174.2  13449  -55.8  -72.7     10   0.01     78   18.9  358.2  358.2  358.2
  173.9  13457  -55.8  -72.6     11   0.01     79   19.0  358.2  358.3  358.2
  173.7  13466  -55.9  -72.5     11   0.01     79   19.0  358.2  358.3  358.2
  173.4  13476  -56.0  -72.4     11   0.01     79   19.1  358.3  358.3  358.3
  173.2  13486  -56.1  -72.3     11   0.01     79   19.2  358.2  358.3  358.2
  172.9  13496  -56.2  -72.3     11   0.01     79   19.3  358.3  358.3  358.3
  172.6  13505  -56.2  -72.2     12   0.01     80   19.4  358.3  358.4  358.3
  172.4  13514  -56.3  -72.1     12   0.01     80   19.5  358.3  358.4  358.3
  172.1  13523  -56.3  -72.0     12   0.01     80   19.7  358.4  358.5  358.4
  171.9  13533  -56.4  -71.9     13   0.01     80   19.8  358.5  358.5  358.5
  171.6  13542  -56.4  -71.7     13   0.01     80   19.9  358.6  358.6  358.6
  171.4  13552  -56.5  -71.6     13   0.01     81   20.1  358.6  358.7  358.6
  171.1  13562  -56.6  -71.5     14   0.01     81   20.2  358.6  358.7  358.6
  170.8  13571  -56.7  -71.3     14   0.01     81   20.4  358.7  358.8  358.7
  170.6  13581  -56.7  -71.3     14   0.01     81   20.6  358.7  358.7  358.7
  170.3  13591  -56.8  -71.2     15   0.01     81   20.7  358.7  358.8  358.7
  170.1  13600  -56.9  -71.2     15   0.02     82   20.9  358.7  358.8  358.7
  169.8  13609  -57.0  -71.1     15   0.02     82   21.1  358.7  358.8  358.7
  169.6  13619  -57.1  -71.0     16   0.02     82   21.3  358.7  358.8  358.7
  169.3  13628  -57.1  -70.8     16   0.02     82   21.4  358.8  358.9  358.8
  169.1  13637  -57.2  -70.6     17   0.02     82   21.6  358.8  358.9  358.8
  168.8  13646  -57.3  -70.4     17   0.02     83   21.8  358.9  359.0  358.9
  168.6  13656  -57.3  -70.1     18   0.02     83   21.9  358.9  359.0  358.9
  168.3  13667  -57.4  -69.9     19   0.02     83   22.1  358.9  359.0  358.9
  168.0  13676  -57.5  -69.7     20   0.02     83   22.2  359.0  359.1  359.0
  167.8  13686  -57.6  -69.4     21   0.02     83   22.3  359.0  359.1  359.0
  167.5  13696  -57.7  -69.2     21   0.02     83   22.5  359.0  359.1  359.0
  167.2  13707  -57.7  -69.1     22   0.02     83   22.6  359.1  359.2  359.1
  167.0  13717  -57.8  -69.0     23   0.02     84   22.7  359.1  359.2  359.1
  166.7  13725  -57.9  -68.9     23   0.02     84   22.8  359.1  359.2  359.1
  166.5  13734  -58.0  -68.8     24   0.02     84   22.9  359.1  359.2  359.1
  166.3  13743  -58.1  -68.7     24   0.02     84   23.0  359.1  359.2  359.1
  166.0  13753  -58.1  -68.7     25   0.02     85   23.1  359.1  359.2  359.1
  165.8  13762  -58.2  -68.6     25   0.02     85   23.2  359.2  359.3  359.2
  165.5  13771  -58.3  -68.4     26   0.02     85   23.3  359.2  359.4  359.3
  165.3  13780  -58.3  -68.3     27   0.02     85   23.4  359.3  359.4  359.3
  165.0  13790  -58.4  -68.2     27   0.02     86   23.5  359.3  359.4  359.3
  164.8  13799  -58.5  -68.1     28   0.02     86   23.5  359.3  359.4  359.3
  164.5  13808  -58.6  -68.1     28   0.02     86   23.6  359.3  359.4  359.3
  164.3  13818  -58.7  -68.0     29   0.02     86   23.6  359.3  359.4  359.3
  164.0  13827  -58.7  -67.9     30   0.02     86   23.7  359.4  359.5  359.4
  163.8  13837  -58.8  -67.8     30   0.03     86   23.7  359.4  359.5  359.4
  163.6  13846  -58.9  -67.6     31   0.03     86   23.8  359.4  359.5  359.4
  163.3  13854  -59.0  -67.5     32   0.03     87   23.8  359.5  359.6  359.5
  163.1  13863  -59.0  -67.3     34   0.03     87   23.8  359.4  359.6  359.4
  162.9  13872  -59.1  -67.2     34   0.03     87   23.9  359.4  359.6  359.4
  162.7  13881  -59.2  -67.1     35   0.03     87   23.9  359.4  359.6  359.4
  162.4  13890  -59.3  -67.1     35   0.03     87   23.9  359.5  359.6  359.5
  162.2  13900  -59.4  -67.2     35   0.03     88   24.0  359.5  359.6  359.5
  161.9  13910  -59.4  -67.3     35   0.03     88   24.0  359.6  359.7  359.6
  161.6  13920  -59.5  -67.5     35   0.03     88   24.1  359.7  359.8  359.7
  161.4  13929  -59.6  -67.7     34   0.03     88   24.1  359.6  359.8  359.7
  161.2  13937  -59.6  -68.0     33   0.02     88   24.2  359.6  359.8  359.6
  161.0  13946  -59.7  -68.4     31   0.02     89   24.3  359.7  359.8  359.7
  160.7  13955  -59.8  -68.9     30   0.02     89   24.3  359.7  359.8  359.7
  160.5  13965  -59.9  -69.3     28   0.02     89   24.4  359.7  359.8  359.7
  160.2  13976  -60.0  -69.6     27   0.02     89   24.4  359.7  359.8  359.7
  160.0  13984  -60.1  -69.9     27   0.02     89   24.5  359.7  359.8  359.7
  159.8  13993  -60.1  -70.1     26   0.02     89   24.5  359.7  359.8  359.7
  159.5  14002  -60.2  -70.3     25   0.02     89   24.5  359.8  359.9  359.8
  159.3  14011  -60.3  -70.5     25   0.02     89   24.6  359.8  359.9  359.8
  159.1  14021  -60.4  -70.7     24   0.02     89   24.6  359.8  359.9  359.8
  158.8  14030  -60.4  -70.9     24   0.02     89   24.6  359.8  359.9  359.8
  158.6  14039  -60.5  -70.9     24   0.02     89   24.6  359.9  359.9  359.9
  158.4  14048  -60.6  -70.9     25   0.02     89   24.6  359.8  359.9  359.8
  158.1  14057  -60.7  -70.8     25   0.02     89   24.6  359.9  360.0  359.9
  157.9  14066  -60.8  -70.6     26   0.02     88   24.7  359.9  360.0  359.9
  157.7  14076  -60.8  -70.4     27   0.02     88   24.7  359.9  360.0  359.9
  157.4  14085  -60.9  -70.1     29   0.02     88   24.8  359.9  360.0  359.9
  157.2  14095  -61.0  -69.7     31   0.02     88   24.8  359.9  360.0  359.9
  156.8  14108  -61.1  -69.3     33   0.02     87   25.0  360.0  360.1  360.0
  156.5  14120  -61.2  -68.9     35   0.02     87   25.1  360.0  360.1  360.0
  156.3  14131  -61.3  -68.5     38   0.02     87   25.3  360.0  360.2  360.0
  156.0  14141  -61.4  -68.2     40   0.03     87   25.4  360.1  360.2  360.1
  155.8  14151  -61.4  -67.9     42   0.03     87   25.7  360.1  360.2  360.1
  155.5  14161  -61.5  -67.6     44   0.03     87   25.9  360.2  360.3  360.2
  155.2  14171  -61.6  -67.3     46   0.03     87   26.2  360.2  360.4  360.2
  155.0  14182  -61.7  -67.2     48   0.03     87   26.4  360.2  360.3  360.2
  154.7  14192  -61.7  -67.0     49   0.03     87   26.7  360.4  360.5  360.4
  154.5  14202  -61.7  -66.8     50   0.03     87   27.0  360.5  360.6  360.5
  154.3  14211  -61.8  -66.7     51   0.03     87   27.2  360.5  360.7  360.5
  154.0  14220  -61.8  -66.7     52   0.03     87   27.4  360.6  360.8  360.6
  153.8  14229  -61.9  -66.7     52   0.03     87   27.7  360.6  360.7  360.6
  153.5  14240  -62.0  -66.7     53   0.03     87   27.9  360.7  360.8  360.7
  153.3  14251  -62.1  -66.8     53   0.03     87   28.0  360.7  360.9  360.7
  153.1  14259  -62.1  -66.8     54   0.03     87   28.2  360.7  360.9  360.7
  152.9  14267  -62.2  -66.7     54   0.03     87   28.4  360.8  360.9  360.8
  152.6  14275  -62.2  -66.7     55   0.03     87   28.5  360.9  361.1  360.9
  152.4  14284  -62.3  -66.7     56   0.03     87   28.6  360.9  361.1  360.9
  152.2  14294  -62.4  -66.7     56   0.03     87   28.8  360.9  361.1  360.9
  151.9  14304  -62.5  -66.7     57   0.03     87   28.9  360.9  361.1  361.0
  151.7  14313  -62.6  -66.8     57   0.03     87   29.0  360.9  361.1  360.9
  151.5  14323  -62.7  -66.8     57   0.03     86   29.0  360.9  361.1  360.9
  151.2  14333  -62.8  -66.9     57   0.03     86   29.1  360.9  361.1  360.9
  151.0  14343  -62.9  -67.0     57   0.03     86   29.2  360.9  361.1  360.9
  150.7  14354  -63.0  -67.0     58   0.03     86   29.2  360.9  361.1  360.9
  150.5  14365  -63.1  -67.1     58   0.03     86   29.2  360.9  361.0  360.9
  150.2  14375  -63.1  -67.2     57   0.03     86   29.3  361.0  361.1  361.0
  150.0  14383  -63.2  -67.3     57   0.03     86   29.3  361.0  361.1  361.0
  149.9  14386  -63.2  -67.4     57   0.03     85   29.3  361.0  361.1  361.0
  149.6  14398  -63.4  -67.5     57   0.03     85   29.2  361.0  361.1  361.0
  149.3  14410  -63.4  -67.7     56   0.03     85   29.2  361.1  361.2  361.1
  149.1  14421  -63.6  -67.8     56   0.03     85   29.2  361.0  361.1  361.0
  148.8  14431  -63.6  -67.9     56   0.03     84   29.1  361.1  361.2  361.1
  148.6  14441  -63.7  -68.0     56   0.03     84   29.1  361.0  361.2  361.1
  148.3  14451  -63.8  -68.2     55   0.03     84   29.0  361.1  361.2  361.1
  148.1  14463  -63.9  -68.4     55   0.03     83   29.0  361.0  361.2  361.1
  147.7  14477  -64.1  -68.6     54   0.03     83   29.0  361.1  361.2  361.1
  147.4  14492  -64.2  -68.7     53   0.02     83   29.0  361.1  361.2  361.1
  147.1  14504  -64.3  -68.9     53   0.02     82   29.0  361.1  361.2  361.1
  146.8  14514  -64.4  -69.0     53   0.02     82   29.0  361.2  361.3  361.2
  146.6  14523  -64.4  -69.0     53   0.02     81   29.0  361.3  361.4  361.3
  146.4  14533  -64.5  -69.0     53   0.02     81   29.0  361.3  361.4  361.3
  146.1  14544  -64.6  -69.1     54   0.02     81   29.1  361.4  361.5  361.4
  145.9  14554  -64.6  -69.1     54   0.02     80   29.2  361.4  361.5  361.4
  145.6  14564  -64.7  -69.2     54   0.02     80   29.3  361.5  361.6  361.5
  145.4  14575  -64.8  -69.3     53   0.02     80   29.4  361.5  361.6  361.5
  145.1  14585  -64.9  -69.4     53   0.02     80   29.6  361.6  361.7  361.6
  144.9  14594  -64.9  -69.5     53   0.02     79   29.7  361.6  361.7  361.6
  144.7  14605  -65.0  -69.7     52   0.02     79   29.8  361.6  361.7  361.6
  144.4  14617  -65.1  -69.8     52   0.02     79   30.0  361.6  361.7  361.6
  144.1  14628  -65.2  -69.9     52   0.02     79   30.1  361.7  361.8  361.7
  143.9  14639  -65.3  -70.0     52   0.02     79   30.2  361.6  361.8  361.7
  143.6  14649  -65.4  -70.1     52   0.02     79   30.4  361.7  361.8  361.7
  143.4  14659  -65.5  -70.2     52   0.02     79   30.5  361.7  361.8  361.7
  143.2  14669  -65.6  -70.3     52   0.02     79   30.5  361.6  361.7  361.6
  142.9  14679  -65.7  -70.5     51   0.02     79   30.6  361.7  361.8  361.7
  142.7  14689  -65.8  -70.7     50   0.02     79   30.7  361.7  361.8  361.7
  142.4  14700  -65.8  -70.9     49   0.02     79   30.7  361.8  361.9  361.8
  142.2  14710  -65.9  -71.1     48   0.02     79   30.7  361.8  361.8  361.8
  141.9  14721  -66.0  -71.3     48   0.02     79   30.8  361.8  361.9  361.8
  141.7  14731  -66.1  -71.5     47   0.02     79   30.8  361.8  361.9  361.8
  141.5  14741  -66.2  -71.7     46   0.02     79   30.8  361.8  361.9  361.8
  141.2  14751  -66.3  -71.8     46   0.02     79   30.8  361.9  362.0  361.9
  141.0  14761  -66.4  -71.9     45   0.02     79   30.8  361.9  362.0  361.9
  140.8  14770  -66.4  -72.0     45   0.02     79   30.8  361.9  362.0  361.9
  140.6  14779  -66.5  -72.1     46   0.02     79   30.8  361.9  362.0  361.9
  140.3  14789  -66.6  -72.1     46   0.02     79   30.8  361.9  362.0  361.9
  140.1  14799  -66.7  -72.2     46   0.02     79   30.8  361.9  362.0  361.9
  139.9  14807  -66.8  -72.2     46   0.02     79   30.8  362.0  362.0  362.0
  139.7  14816  -66.9  -72.3     46   0.02     79   30.8  362.0  362.1  362.0
  139.5  14826  -67.0  -72.3     47   0.02     79   30.8  362.0  362.1  362.0
  139.3  14834  -67.0  -72.4     47   0.02     79   30.8  362.0  362.0  362.0
  139.1  14843  -67.1  -72.5     46   0.02     79   30.8  362.0  362.1  362.0
  138.9  14852  -67.2  -72.6     46   0.02     79   30.8  362.0  362.1  362.0
  138.7  14862  -67.3  -72.7     46   0.01     79   30.8  362.0  362.1  362.0
  138.5  14870  -67.4  -72.7     47   0.01     78   30.8  362.0  362.1  362.0
  138.3  14879  -67.4  -72.7     47   0.01     78   30.8  362.0  362.1  362.0
  138.1  14887  -67.5  -72.7     47   0.01     78   30.9  362.0  362.1  362.0
  137.9  14896  -67.6  -72.8     48   0.01     78   30.9  362.0  362.1  362.0
  137.7  14905  -67.7  -72.8     48   0.01     78   30.9  362.0  362.1  362.0
  137.4  14915  -67.8  -72.9     48   0.01     78   30.9  362.1  362.2  362.1
  137.2  14925  -67.9  -73.0     48   0.01     78   30.9  362.1  362.2  362.1
  137.0  14935  -67.9  -73.0     48   0.01     79   30.9  362.1  362.2  362.1
  136.8  14945  -68.0  -73.1     48   0.01     79   30.9  362.1  362.2  362.1
  136.6  14954  -68.1  -73.1     49   0.01     79   30.9  362.1  362.2  362.1
  136.3  14963  -68.2  -73.1     49   0.01     79   30.9  362.2  362.2  362.2
  136.1  14973  -68.3  -73.1     50   0.01     79   30.9  362.2  362.3  362.2
  135.9  14982  -68.4  -73.2     50   0.01     79   30.9  362.2  362.3  362.2
  135.7  14991  -68.5  -73.3     50   0.01     79   30.8  362.2  362.3  362.2
  135.5  15000  -68.6  -73.4     50   0.01     79   30.8  362.2  362.2  362.2
  135.3  15009  -68.7  -73.5     50   0.01     80   30.7  362.1  362.2  362.1
  135.1  15019  -68.7  -73.5     50   0.01     80   30.7  362.1  362.2  362.1
  134.9  15029  -68.8  -73.6     50   0.01     80   30.6  362.1  362.2  362.1
  134.7  15038  -68.9  -73.6     50   0.01     80   30.6  362.1  362.2  362.1
  134.4  15047  -69.0  -73.7     50   0.01     80   30.6  362.2  362.3  362.2
  134.2  15057  -69.1  -73.8     50   0.01     80   30.5  362.2  362.2  362.2
  134.0  15067  -69.2  -73.9     51   0.01     80   30.5  362.1  362.2  362.1
  133.8  15077  -69.3  -74.0     51   0.01     80   30.5  362.1  362.2  362.1
  133.6  15086  -69.4  -74.0     51   0.01     80   30.5  362.2  362.2  362.2
  133.3  15096  -69.4  -74.1     51   0.01     80   30.5  362.3  362.4  362.3
  133.1  15106  -69.5  -74.2     51   0.01     79   30.5  362.3  362.4  362.3
  132.9  15116  -69.6  -74.2     51   0.01     79   30.6  362.3  362.4  362.3
  132.7  15127  -69.7  -74.3     51   0.01     79   30.6  362.3  362.4  362.3
  132.4  15137  -69.8  -74.4     50   0.01     79   30.6  362.4  362.5  362.4
  132.2  15146  -69.9  -74.5     51   0.01     79   30.7  362.4  362.5  362.4
  132.0  15157  -69.9  -74.6     51   0.01     79   30.7  362.4  362.5  362.4
  131.8  15167  -70.0  -74.6     51   0.01     80   30.8  362.4  362.5  362.4
  131.6  15176  -70.1  -74.7     51   0.01     80   30.8  362.4  362.5  362.4
  131.3  15186  -70.2  -74.8     51   0.01     80   30.9  362.5  362.5  362.5
  131.1  15196  -70.3  -74.9     51   0.01     80   30.9  362.5  362.5  362.5
  130.9  15206  -70.4  -74.9     51   0.01     80   31.0  362.4  362.5  362.4
  130.7  15217  -70.5  -75.0     51   0.01     80   31.0  362.4  362.5  362.4
  130.5  15226  -70.6  -75.1     51   0.01     80   31.1  362.4  362.5  362.4
  130.3  15235  -70.7  -75.2     51   0.01     80   31.1  362.4  362.5  362.4
  130.0  15246  -70.8  -75.3     51   0.01     80   31.1  362.5  362.5  362.5
  129.8  15256  -70.9  -75.4     51   0.01     80   31.1  362.5  362.5  362.5
  129.6  15266  -71.0  -75.5     51   0.01     80   31.1  362.5  362.5  362.5
  129.4  15276  -71.1  -75.6     51   0.01     80   31.1  362.5  362.5  362.5
  129.1  15286  -71.1  -75.6     51   0.01     80   31.1  362.6  362.6  362.6
  128.9  15297  -71.2  -75.7     51   0.01     80   31.1  362.6  362.6  362.6
  128.7  15307  -71.3  -75.8     51   0.01     80   31.1  362.6  362.7  362.6
  128.5  15317  -71.4  -75.8     52   0.01     80   31.0  362.6  362.7  362.6
  128.3  15326  -71.5  -75.9     52   0.01     80   30.9  362.6  362.7  362.6
  128.1  15335  -71.6  -76.0     52   0.01     81   30.9  362.6  362.7  362.6
  127.9  15344  -71.6  -76.0     52   0.01     81   30.8  362.6  362.7  362.6
  127.7  15353  -71.7  -76.1     52   0.01     81   30.7  362.7  362.7  362.7
  127.5  15363  -71.8  -76.2     52   0.01     81   30.7  362.7  362.7  362.7
  127.2  15374  -71.9  -76.3     52   0.01     81   30.6  362.7  362.8  362.7
  127.0  15384  -72.0  -76.4     52   0.01     81   30.5  362.8  362.8  362.8
  126.8  15395  -72.1  -76.5     51   0.01     81   30.5  362.8  362.8  362.8
  126.6  15405  -72.2  -76.6     51   0.01     81   30.4  362.8  362.8  362.8
  126.3  15415  -72.2  -76.7     51   0.01     81   30.3  362.9  362.9  362.9
  126.1  15426  -72.3  -76.8     51   0.01     81   30.3  362.9  362.9  362.9
  125.9  15436  -72.4  -76.9     51   0.01     81   30.3  362.8  362.9  362.9
  125.7  15446  -72.5  -77.0     51   0.01     81   30.2  362.9  362.9  362.9
  125.5  15457  -72.6  -77.1     51   0.01     81   30.2  362.9  362.9  362.9
  125.2  15468  -72.7  -77.2     51   0.01     81   30.2  362.9  363.0  362.9
  125.0  15480  -72.8  -77.3     51   0.01     82   30.2  362.9  363.0  362.9
  124.7  15490  -72.9  -77.4     51   0.01     82   30.2  363.0  363.1  363.0
  124.5  15500  -73.0  -77.4     51   0.01     82   30.2  363.0  363.1  363.0
  124.3  15510  -73.0  -77.5     51   0.01     82   30.2  363.1  363.1  363.1
  124.1  15520  -73.1  -77.6     50   0.01     82   30.2  363.1  363.2  363.1
  123.9  15530  -73.2  -77.7     50   0.01     82   30.2  363.2  363.2  363.2
  123.7  15540  -73.3  -77.8     50   0.01     82   30.2  363.2  363.2  363.2
  123.5  15551  -73.3  -77.9     50   0.01     82   30.2  363.2  363.2  363.2
  123.2  15562  -73.4  -78.0     50   0.01     82   30.3  363.2  363.3  363.2
  123.0  15572  -73.5  -78.1     50   0.01     82   30.3  363.3  363.3  363.3
  122.8  15584  -73.6  -78.1     50   0.01     82   30.3  363.3  363.4  363.3
  122.5  15595  -73.6  -78.2     50   0.01     82   30.2  363.5  363.5  363.5
  122.3  15605  -73.7  -78.3     50   0.01     82   30.2  363.6  363.6  363.6
  122.1  15615  -73.8  -78.4     49   0.01     82   30.2  363.6  363.6  363.6
  121.9  15625  -73.9  -78.5     49   0.01     82   30.1  363.6  363.6  363.6
  121.7  15637  -74.0  -78.6     49   0.01     82   30.0  363.6  363.6  363.6
  121.4  15647  -74.1  -78.8     48   0.01     82   29.9  363.7  363.7  363.7
  121.2  15657  -74.1  -78.9     48   0.01     82   29.8  363.7  363.7  363.7
  121.0  15667  -74.2  -79.0     48   0.01     82   29.6  363.7  363.7  363.7
  120.8  15678  -74.3  -79.1     47   0.01     82   29.4  363.7  363.7  363.7
  120.6  15688  -74.4  -79.3     47   0.01     82   29.3  363.7  363.7  363.7
  120.4  15698  -74.5  -79.4     46   0.01     83   29.0  363.7  363.7  363.7
  120.2  15708  -74.6  -79.6     46   0.01     83   28.8  363.8  363.8  363.8
  119.9  15719  -74.6  -79.7     46   0.01     83   28.6  363.9  364.0  363.9
  119.7  15730  -74.7  -79.8     45   0.01     83   28.3  364.0  364.0  364.0
  119.5  15740  -74.8  -80.0     44   0.01     83   28.1  364.0  364.0  364.0
  119.3  15750  -74.8  -80.2     44   0.01     83   27.9  364.1  364.1  364.1
  119.1  15760  -74.8  -80.3     43   0.01     83   27.6  364.2  364.3  364.2
  118.9  15771  -74.8  -80.4     42   0.01     83   27.4  364.4  364.5  364.4
  118.7  15782  -74.8  -80.5     41   0.01     83   27.2  364.6  364.6  364.6
  118.4  15793  -74.9  -80.7     40   0.01     83   27.0  364.8  364.8  364.8
  118.2  15803  -74.9  -80.9     39   0.00     83   26.9  364.9  364.9  364.9
  118.0  15813  -74.9  -81.0     39   0.00     84   26.7  365.0  365.0  365.0
  117.8  15823  -75.0  -81.1     38   0.00     84   26.6  365.1  365.2  365.1
  117.6  15833  -75.0  -81.3     37   0.00     84   26.5  365.3  365.3  365.3
  117.4  15844  -75.0  -81.5     36   0.00     84   26.4  365.4  365.4  365.4
  117.2  15854  -74.9  -81.6     35   0.00     84   26.3  365.7  365.7  365.7
  117.0  15864  -74.9  -81.7     34   0.00     84   26.3  366.0  366.0  366.0
  116.8  15875  -74.9  -82.0     33   0.00     84   26.2  366.1  366.1  366.1
  116.5  15886  -75.0  -82.2     32   0.00     84   26.1  366.2  366.2  366.2
  116.3  15896  -75.1  -82.3     32   0.00     84   26.1  366.3  366.3  366.3
  116.1  15906  -75.1  -82.4     31   0.00     84   26.0  366.4  366.4  366.4
  115.9  15916  -75.1  -82.5     31   0.00     84   25.9  366.6  366.6  366.6
  115.8  15925  -75.1  -82.5     31   0.00     84   25.9  366.7  366.7  366.7
  115.6  15935  -75.1  -82.6     30   0.00     84   25.8  366.8  366.8  366.8
  115.4  15944  -75.2  -82.7     30   0.00     84   25.8  366.9  366.9  366.9
  115.2  15955  -75.3  -82.8     30   0.00     83   25.7  366.9  366.9  366.9
  115.0  15965  -75.3  -82.9     30   0.00     83   25.7  367.0  367.0  367.0
  114.8  15975  -75.4  -82.9     30   0.00     83   25.6  367.1  367.1  367.1
  114.6  15985  -75.4  -82.9     30   0.00     83   25.6  367.2  367.2  367.2
  114.4  15995  -75.5  -82.9     31   0.00     83   25.5  367.3  367.3  367.3
  114.2  16005  -75.5  -82.9     31   0.00     83   25.4  367.3  367.4  367.3
  114.0  16015  -75.6  -82.9     31   0.00     83   25.4  367.4  367.4  367.4
  113.8  16025  -75.6  -82.9     32   0.00     83   25.3  367.5  367.5  367.5
  113.6  16034  -75.7  -82.9     32   0.00     83   25.2  367.5  367.6  367.5
  113.4  16043  -75.8  -82.9     32   0.00     83   25.2  367.6  367.6  367.6
  113.3  16052  -75.9  -82.9     32   0.00     83   25.1  367.5  367.6  367.5
  113.1  16061  -75.9  -82.9     33   0.00     83   25.1  367.7  367.7  367.7
  112.9  16071  -75.9  -82.9     33   0.00     83   25.0  367.8  367.8  367.8
  112.7  16081  -76.0  -82.9     33   0.00     83   25.0  367.9  367.9  367.9
  112.5  16092  -76.1  -82.9     33   0.00     82   25.0  367.9  367.9  367.9
  112.3  16102  -76.2  -83.0     34   0.00     82   25.0  367.9  367.9  367.9
  112.1  16111  -76.2  -83.0     34   0.00     82   25.0  368.0  368.0  368.0
  111.9  16121  -76.3  -83.1     34   0.00     82   25.0  368.0  368.1  368.0
  111.7  16131  -76.3  -83.1     34   0.00     82   25.1  368.2  368.2  368.2
  111.5  16142  -76.3  -83.1     33   0.00     81   25.2  368.4  368.4  368.4
  111.3  16152  -76.3  -83.1     33   0.00     81   25.3  368.7  368.7  368.7
  111.1  16162  -76.1  -83.0     33   0.00     81   25.4  369.1  369.1  369.1
  110.9  16172  -76.1  -83.0     33   0.00     80   25.5  369.4  369.4  369.4
  110.7  16181  -76.1  -83.1     33   0.00     80   25.7  369.6  369.6  369.6
  110.5  16192  -76.1  -83.2     32   0.00     80   25.8  369.7  369.7  369.7
  110.3  16202  -76.0  -83.1     32   0.00     80   25.9  370.1  370.1  370.1
  110.2  16212  -75.9  -83.0     32   0.00     80   25.9  370.4  370.4  370.4
  110.0  16221  -75.9  -83.0     32   0.00     80   26.0  370.6  370.6  370.6
  109.8  16230  -75.9  -83.0     32   0.00     80   26.0  370.7  370.7  370.7
  109.6  16241  -76.0  -83.0     32   0.00     80   26.0  370.9  370.9  370.9
  109.4  16251  -75.9  -83.0     33   0.00     80   26.0  371.1  371.1  371.1
  109.3  16259  -75.8  -82.9     32   0.00     81   25.9  371.4  371.4  371.4
  109.1  16268  -75.6  -82.8     32   0.00     81   25.8  372.0  372.0  372.0
  108.9  16278  -75.6  -82.7     32   0.00     81   25.8  372.3  372.3  372.3
  108.7  16287  -75.6  -82.8     32   0.00     82   25.7  372.4  372.4  372.4
  108.5  16297  -75.6  -82.9     31   0.00     82   25.6  372.6  372.6  372.6
  108.3  16308  -75.5  -82.8     32   0.00     82   25.4  373.0  373.0  373.0
  108.2  16318  -75.4  -82.6     32   0.00     82   25.3  373.3  373.3  373.3
  108.0  16327  -75.4  -82.5     32   0.00     83   25.2  373.5  373.6  373.5
  107.8  16337  -75.4  -82.5     33   0.00     83   25.1  373.7  373.7  373.7
  107.6  16347  -75.4  -82.4     33   0.00     83   25.0  373.8  373.8  373.8
  107.4  16357  -75.5  -82.4     33   0.00     83   24.8  373.9  373.9  373.9
  107.2  16367  -75.6  -82.5     33   0.00     83   24.7  373.9  373.9  373.9
  107.1  16377  -75.7  -82.5     34   0.00     84   24.5  373.9  373.9  373.9
  106.9  16386  -75.8  -82.6     34   0.00     84   24.3  373.9  373.9  373.9
  106.7  16395  -75.8  -82.6     34   0.00     85   24.2  374.0  374.0  374.0
  106.5  16405  -75.9  -82.6     34   0.00     85   24.0  374.1  374.1  374.1
  106.4  16415  -75.9  -82.6     34   0.00     86   23.8  374.1  374.2  374.1
  106.2  16424  -75.9  -82.5     35   0.00     86   23.6  374.3  374.3  374.3
  106.0  16434  -75.9  -82.5     35   0.00     87   23.4  374.5  374.6  374.5
  105.8  16444  -75.9  -82.4     36   0.00     87   23.2  374.6  374.7  374.7
  105.7  16453  -76.0  -82.4     36   0.00     87   23.0  374.7  374.7  374.7
  105.5  16462  -76.0  -82.4     36   0.00     88   22.8  374.8  374.8  374.8
  105.3  16472  -76.0  -82.4     36   0.00     88   22.6  375.0  375.0  375.0
  105.1  16481  -76.0  -82.3     37   0.00     88   22.5  375.2  375.3  375.2
  105.0  16490  -76.1  -82.4     37   0.00     88   22.4  375.2  375.2  375.2
  104.8  16500  -76.1  -82.4     37   0.00     88   22.3  375.3  375.4  375.3
  104.6  16511  -76.1  -82.4     37   0.00     88   22.3  375.5  375.6  375.5
  104.4  16520  -76.1  -82.4     37   0.00     88   22.3  375.7  375.7  375.7
  104.3  16529  -76.1  -82.5     36   0.00     88   22.3  375.9  375.9  375.9
  104.1  16539  -76.0  -82.5     36   0.00     88   22.4  376.2  376.2  376.2
  103.9  16548  -75.9  -82.4     35   0.00     87   22.5  376.7  376.7  376.7
  103.8  16557  -75.9  -82.5     35   0.00     87   22.7  376.9  376.9  376.9
  103.6  16566  -75.9  -82.5     35   0.00     87   22.9  377.1  377.1  377.1
  103.4  16576  -75.8  -82.5     34   0.00     87   23.1  377.4  377.4  377.4
  103.3  16584  -75.8  -82.5     34   0.00     87   23.3  377.5  377.5  377.5
  103.1  16594  -75.7  -82.5     34   0.00     87   23.6  377.8  377.8  377.8
  102.9  16604  -75.7  -82.5     34   0.00     88   23.9  378.1  378.1  378.1
  102.8  16613  -75.7  -82.6     33   0.00     88   24.2  378.3  378.3  378.3
  102.6  16622  -75.7  -82.6     33   0.00     88   24.5  378.5  378.5  378.5
  102.5  16631  -75.7  -82.7     32   0.00     88   24.8  378.6  378.6  378.6
  102.3  16640  -75.7  -82.8     32   0.00     89   25.0  378.8  378.8  378.8
  102.1  16649  -75.6  -82.8     31   0.00     89   25.3  379.2  379.3  379.2
  101.9  16659  -75.4  -82.8     31   0.00     89   25.6  379.7  379.7  379.7
  101.8  16669  -75.4  -82.8     31   0.00     89   25.8  379.9  379.9  379.9
  101.6  16678  -75.4  -82.8     31   0.00     90   26.0  380.1  380.1  380.1
  101.4  16688  -75.4  -82.9     31   0.00     90   26.2  380.3  380.3  380.3
  101.3  16698  -75.4  -82.9     30   0.00     90   26.4  380.3  380.3  380.3
  101.1  16708  -75.5  -82.9     30   0.00     90   26.5  380.5  380.5  380.5
  100.9  16717  -75.5  -83.0     30   0.00     90   26.6  380.6  380.6  380.6
  100.8  16725  -75.5  -83.0     30   0.00     91   26.7  380.7  380.7  380.7
  100.6  16735  -75.5  -83.0     30   0.00     91   26.7  381.0  381.0  381.0
  100.4  16745  -75.4  -83.0     30   0.00     91   26.7  381.3  381.3  381.3
  100.3  16754  -75.3  -83.0     30   0.00     91   26.6  381.6  381.6  381.6
  100.1  16763  -75.3  -82.9     29   0.00     91   26.5  381.9  381.9  381.9
  100.0  16771  -75.3  -82.9     29   0.00     91   26.5  382.1  382.1  382.1
  100.0  16771  -75.3  -82.9     29   0.00     91   26.5  382.1  382.1  382.1
   99.8  16782  -75.3  -83.0     29   0.00     91   26.2  382.1  382.2  382.1
   99.6  16792  -75.4  -83.1     29   0.00     92   26.0  382.2  382.3  382.2
   99.5  16801  -75.4  -83.1     29   0.00     92   25.9  382.3  382.3  382.3
   99.3  16811  -75.5  -83.1     29   0.00     92   25.7  382.4  382.5  382.4
   99.1  16821  -75.4  -83.1     29   0.00     92   25.5  382.7  382.7  382.7
   99.0  16831  -75.4  -83.1     29   0.00     92   25.4  383.0  383.0  383.0
   98.8  16840  -75.4  -83.0     29   0.00     93   25.3  383.2  383.2  383.2
   98.6  16850  -75.4  -83.1     29   0.00     93   25.2  383.3  383.4  383.3
   98.5  16859  -75.4  -83.1     29   0.00     93   25.2  383.4  383.4  383.4
   98.3  16869  -75.4  -83.1     30   0.00     93   25.1  383.6  383.6  383.6
   98.2  16878  -75.3  -82.9     30   0.00     93   25.2  384.1  384.1  384.1
   98.0  16887  -75.0  -82.7     30   0.00     93   25.2  384.7  384.7  384.7
   97.8  16897  -75.1  -82.7     30   0.00     93   25.3  384.8  384.8  384.8
   97.7  16906  -75.2  -82.8     30   0.00     93   25.4  384.8  384.8  384.8
   97.5  16917  -75.2  -82.8     30   0.00     93   25.5  384.9  384.9  384.9
   97.3  16928  -75.2  -82.7     30   0.00     93   25.6  385.2  385.2  385.2
   97.2  16938  -75.1  -82.7     30   0.00     92   25.8  385.5  385.5  385.5
   97.0  16947  -75.1  -82.6     30   0.00     92   25.9  385.7  385.7  385.7
   96.9  16955  -75.1  -82.6     30   0.00     92   26.0  385.8  385.8  385.8
   96.7  16965  -75.2  -82.6     31   0.00     92   26.1  385.9  385.9  385.9
   96.5  16975  -75.2  -82.6     31   0.00     92   26.2  386.2  386.2  386.2
   96.4  16985  -75.2  -82.6     31   0.00     91   26.2  386.2  386.3  386.2
   96.2  16995  -75.2  -82.6     31   0.00     91   26.3  386.4  386.4  386.4
   96.1  17004  -75.2  -82.6     31   0.00     91   26.3  386.5  386.5  386.5
   95.9  17014  -75.2  -82.6     31   0.00     90   26.3  386.8  386.8  386.8
   95.7  17024  -75.2  -82.6     31   0.00     90   26.4  386.9  386.9  386.9
   95.6  17032  -75.3  -82.7     31   0.00     90   26.4  386.9  386.9  386.9
   95.4  17043  -75.4  -82.8     31   0.00     90   26.4  386.9  386.9  386.9
   95.2  17053  -75.5  -82.8     31   0.00     89   26.4  387.0  387.0  387.0
   95.1  17063  -75.6  -82.9     31   0.00     89   26.4  387.0  387.0  387.0
   94.9  17073  -75.6  -82.9     31   0.00     88   26.4  387.2  387.2  387.2
   94.8  17083  -75.5  -83.0     31   0.00     88   26.4  387.4  387.4  387.4
   94.6  17093  -75.5  -83.0     30   0.00     87   26.4  387.7  387.7  387.7
   94.4  17104  -75.5  -83.1     30   0.00     87   26.4  388.0  388.0  388.0
   94.2  17115  -75.5  -83.2     29   0.00     86   26.4  388.3  388.3  388.3
   94.1  17125  -75.5  -83.3     29   0.00     86   26.3  388.4  388.4  388.4
   93.9  17135  -75.4  -83.3     28   0.00     85   26.3  388.7  388.7  388.7
   93.7  17146  -75.3  -83.3     28   0.00     85   26.3  389.2  389.3  389.2
   93.6  17156  -75.2  -83.4     27   0.00     84   26.2  389.5  389.6  389.5
   93.4  17166  -75.1  -83.4     27   0.00     84   26.1  389.8  389.8  389.8
   93.2  17176  -75.2  -83.6     26   0.00     84   26.1  390.0  390.0  390.0
   93.1  17185  -75.1  -83.6     26   0.00     83   26.0  390.2  390.2  390.2
   92.9  17195  -75.1  -83.7     25   0.00     83   25.9  390.6  390.6  390.6
   92.8  17206  -74.9  -83.7     25   0.00     83   25.8  391.0  391.0  391.0
   92.6  17217  -74.7  -83.6     24   0.00     83   25.8  391.7  391.7  391.7
   92.4  17228  -74.5  -83.6     23   0.00     83   25.7  392.4  392.4  392.4
   92.3  17238  -74.4  -83.7     23   0.00     83   25.6  392.6  392.6  392.6
   92.1  17248  -74.5  -83.9     22   0.00     83   25.6  392.7  392.7  392.7
   91.9  17258  -74.5  -84.1     22   0.00     84   25.6  392.9  392.9  392.9
   91.8  17268  -74.5  -84.2     21   0.00     84   25.5  393.0  393.0  393.0
   91.6  17278  -74.6  -84.4     21   0.00     84   25.5  393.1  393.1  393.1
   91.4  17289  -74.7  -84.5     21   0.00     84   25.5  393.1  393.2  393.1
   91.3  17299  -74.7  -84.6     20   0.00     85   25.5  393.1  393.2  393.1
   91.1  17310  -74.8  -84.8     20   0.00     85   25.5  393.2  393.2  393.2
   90.9  17321  -74.9  -84.9     20   0.00     85   25.6  393.3  393.3  393.3
   90.8  17332  -75.0  -85.0     20   0.00     86   25.6  393.2  393.3  393.2
   90.6  17343  -75.1  -85.1     20   0.00     86   25.6  393.4  393.4  393.4
   90.4  17354  -75.2  -85.2     20   0.00     86   25.6  393.4  393.4  393.4
   90.3  17364  -75.3  -85.2     20   0.00     87   25.7  393.4  393.4  393.4
   90.1  17375  -75.3  -85.3     20   0.00     87   25.7  393.5  393.5  393.5
   89.9  17387  -75.4  -85.4     20   0.00     87   25.8  393.6  393.6  393.6
   89.7  17398  -75.5  -85.5     20   0.00     88   25.8  393.6  393.6  393.6
   89.6  17409  -75.6  -85.6     20   0.00     88   25.8  393.6  393.6  393.6
   89.4  17420  -75.7  -85.6     20   0.00     89   25.8  393.7  393.7  393.7
   89.2  17431  -75.8  -85.7     20   0.00     89   25.8  393.7  393.7  393.7
   89.1  17442  -75.9  -85.7     20   0.00     89   25.8  393.7  393.7  393.7
   88.9  17454  -75.9  -85.7     20   0.00     89   25.8  393.8  393.8  393.8
   88.7  17465  -76.0  -85.7     20   0.00     89   25.7  394.0  394.0  394.0
   88.5  17477  -76.0  -85.7     21   0.00     90   25.6  394.1  394.1  394.1
   88.4  17488  -76.1  -85.7     21   0.00     90   25.4  394.0  394.0  394.0
   88.2  17499  -76.2  -85.8     21   0.00     90   25.3  394.1  394.1  394.1
   88.0  17510  -76.3  -85.8     21   0.00     90   25.1  394.1  394.2  394.1
   87.8  17522  -76.4  -85.9     21   0.00     90   24.9  394.2  394.2  394.2
   87.7  17533  -76.5  -86.0     21   0.00     90   24.6  394.1  394.1  394.1
   87.5  17544  -76.6  -86.1     21   0.00     90   24.4  394.2  394.2  394.2
   87.3  17555  -76.6  -86.1     21   0.00     90   24.2  394.4  394.5  394.4
   87.2  17565  -76.5  -86.0     21   0.00     90   23.9  394.9  394.9  394.9
   87.0  17575  -76.4  -86.0     21   0.00     90   23.7  395.3  395.3  395.3
   86.9  17586  -76.4  -86.1     21   0.00     90   23.5  395.4  395.4  395.4
   86.7  17597  -76.3  -86.0     20   0.00     90   23.3  395.8  395.9  395.8
   86.5  17608  -76.2  -86.0     20   0.00     90   23.1  396.3  396.3  396.3
   86.4  17619  -76.2  -86.0     20   0.00     90   23.0  396.5  396.5  396.5
   86.2  17630  -76.2  -86.1     20   0.00     89   22.8  396.7  396.7  396.7
   86.1  17640  -76.3  -86.2     20   0.00     89   22.7  396.6  396.7  396.6
   85.9  17650  -76.4  -86.3     20   0.00     89   22.5  396.7  396.7  396.7
   85.8  17659  -76.5  -86.4     19   0.00     88   22.4  396.7  396.8  396.7
   85.6  17669  -76.5  -86.5     19   0.00     88   22.3  396.9  396.9  396.9
   85.5  17680  -76.6  -86.7     19   0.00     87   22.3  396.8  396.9  396.8
   85.3  17690  -76.6  -86.7     19   0.00     87   22.3  397.0  397.0  397.0
   85.2  17700  -76.7  -86.8     19   0.00     86   22.3  397.1  397.1  397.1
   85.0  17710  -76.7  -86.9     19   0.00     85   22.4  397.2  397.2  397.2
   84.9  17719  -76.8  -87.0     18   0.00     84   22.5  397.3  397.3  397.3
   84.7  17729  -76.8  -87.2     18   0.00     84   22.6  397.5  397.5  397.5
   84.6  17739  -76.9  -87.4     18   0.00     83   22.8  397.5  397.5  397.5
   84.4  17750  -76.8  -87.5     17   0.00     82   23.0  397.8  397.8  397.8
   84.3  17760  -76.5  -87.4     17   0.00     82   23.3  398.6  398.7  398.6
   84.1  17770  -75.9  -87.0     16   0.00     81   23.5  400.2  400.2  400.2
   84.0  17781  -75.6  -86.9     16   0.00     81   23.8  400.9  400.9  400.9
   83.8  17791  -75.4  -86.9     15   0.00     80   24.0  401.5  401.5  401.5
   83.7  17801  -75.3  -86.9     15   0.00     80   24.3  401.9  401.9  401.9
   83.5  17812  -75.2  -86.9     15   0.00     79   24.5  402.3  402.3  402.3
   83.4  17821  -75.2  -86.9     15   0.00     79   24.7  402.6  402.6  402.6
   83.2  17831  -75.2  -86.9     15   0.00     79   24.9  402.8  402.8  402.8
   83.1  17842  -75.3  -87.0     15   0.00     79   25.0  402.8  402.8  402.8
   82.9  17853  -75.4  -87.2     15   0.00     79   25.1  402.9  402.9  402.9
   82.8  17863  -75.5  -87.3     14   0.00     79   25.2  402.8  402.8  402.8
   82.6  17874  -75.5  -87.4     14   0.00     78   25.2  402.9  403.0  402.9
   82.5  17884  -75.6  -87.5     14   0.00     78   25.2  403.0  403.0  403.0
   82.3  17895  -75.4  -87.4     14   0.00     79   25.2  403.6  403.6  403.6
   82.2  17905  -75.2  -87.3     14   0.00     79   25.2  404.2  404.2  404.2
   82.0  17915  -75.2  -87.4     14   0.00     79   25.1  404.5  404.5  404.5
   81.9  17925  -75.3  -87.5     13   0.00     79   25.1  404.5  404.5  404.5
   81.8  17935  -75.2  -87.6     13   0.00     79   25.0  404.7  404.8  404.7
   81.6  17944  -74.8  -87.4     13   0.00     79   24.9  405.8  405.8  405.8
   81.5  17953  -74.6  -87.3     13   0.00     79   24.8  406.3  406.3  406.3
   81.4  17963  -74.6  -87.4     12   0.00     80   24.6  406.5  406.5  406.5
   81.2  17973  -74.7  -87.6     12   0.00     80   24.5  406.7  406.7  406.7
   81.1  17983  -74.6  -87.7     12   0.00     80   24.3  406.9  406.9  406.9
   81.0  17993  -74.5  -87.6     12   0.00     80   24.2  407.3  407.3  407.3
   80.8  18003  -74.4  -87.6     12   0.00     80   24.1  407.8  407.8  407.8
   80.7  18013  -74.3  -87.6     11   0.00     80   24.0  408.1  408.1  408.1
   80.6  18022  -74.1  -87.5     11   0.00     80   24.0  408.8  408.8  408.8
   80.4  18030  -73.9  -87.4     11   0.00     80   24.0  409.5  409.5  409.5
   80.3  18039  -73.8  -87.4     11   0.00     80   24.0  409.8  409.8  409.8
   80.2  18048  -73.8  -87.5     11   0.00     80   24.1  409.8  409.8  409.8
   80.1  18057  -73.9  -87.5     11   0.00     80   24.3  409.9  409.9  409.9
   80.0  18065  -73.9  -87.7     11   0.00     80   24.4  409.9  409.9  409.9
   79.8  18073  -74.0  -87.8     11   0.00     80   24.7  410.1  410.1  410.1
   79.7  18082  -74.0  -88.0     10   0.00     80   24.9  410.2  410.2  410.2
   79.6  18091  -73.9  -88.0     10   0.00     80   25.1  410.6  410.6  410.6
   79.5  18100  -73.4  -87.7     10   0.00     81   25.3  411.8  411.8  411.8
   79.4  18109  -73.2  -87.6     10   0.00     81   25.5  412.4  412.4  412.4
   79.2  18118  -73.1  -87.7      9   0.00     81   25.6  412.8  412.8  412.8
   79.1  18127  -73.0  -87.7      9   0.00     82   25.7  413.1  413.2  413.1
   79.0  18136  -72.8  -87.6      9   0.00     82   25.7  413.7  413.7  413.7
   78.9  18145  -72.6  -87.5      9   0.00     83   25.7  414.3  414.3  414.3
   78.7  18154  -72.6  -87.5      9   0.00     83   25.6  414.6  414.7  414.6
   78.6  18163  -72.6  -87.5      9   0.00     84   25.5  414.8  414.9  414.8
   78.5  18173  -72.5  -87.6      9   0.00     84   25.4  415.0  415.0  415.0
   78.4  18182  -72.5  -87.6      9   0.00     85   25.2  415.2  415.2  415.2
   78.3  18192  -72.5  -87.7      9   0.00     86   25.0  415.4  415.5  415.4
   78.1  18201  -72.4  -87.6      9   0.00     86   24.9  416.0  416.0  416.0
   78.0  18210  -72.2  -87.5      8   0.00     87   24.7  416.5  416.5  416.5
   77.9  18220  -72.1  -87.5      8   0.00     88   24.5  416.9  417.0  416.9
   77.7  18230  -72.0  -87.5      8   0.00     88   24.4  417.3  417.3  417.3
   77.6  18238  -72.0  -87.6      8   0.00     89   24.3  417.5  417.5  417.5
   77.5  18247  -72.0  -87.7      8   0.00     89   24.2  417.7  417.7  417.7
   77.4  18255  -72.0  -87.7      8   0.00     90   24.0  417.9  417.9  417.9
   77.3  18264  -71.9  -87.7      8   0.00     91   23.9  418.2  418.3  418.2
   77.2  18273  -71.6  -87.6      8   0.00     91   23.8  418.9  418.9  418.9
   77.0  18283  -71.5  -87.6      8   0.00     92   23.7  419.4  419.4  419.4
   76.9  18294  -71.6  -87.8      7   0.00     93   23.6  419.4  419.4  419.4
   76.8  18304  -71.7  -87.9      7   0.00     94   23.5  419.4  419.4  419.4
   76.6  18314  -71.7  -88.0      7   0.00     95   23.3  419.7  419.7  419.7
   76.5  18324  -71.7  -88.0      7   0.00     96   23.2  419.9  420.0  419.9
   76.4  18334  -71.6  -88.0      7   0.00     97   23.1  420.3  420.3  420.3
   76.3  18343  -71.5  -88.0      7   0.00     98   23.0  420.6  420.6  420.6
   76.1  18353  -71.4  -88.0      7   0.00     99   22.8  421.1  421.1  421.1
   76.0  18363  -71.3  -87.9      7   0.00    100   22.7  421.5  421.5  421.5
   75.9  18372  -71.3  -88.0      7   0.00    101   22.6  421.6  421.6  421.6
   75.8  18382  -71.4  -88.1      7   0.00    102   22.6  421.6  421.6  421.6
   75.6  18391  -71.5  -88.2      7   0.00    103   22.5  421.7  421.7  421.7
   75.5  18400  -71.5  -88.3      7   0.00    104   22.4  421.9  421.9  421.9
   75.4  18410  -71.4  -88.3      7   0.00    105   22.3  422.3  422.3  422.3
   75.3  18420  -71.2  -88.2      6   0.00    106   22.2  422.8  422.8  422.8
   75.1  18431  -71.1  -88.2      6   0.00    107   22.0  423.3  423.3  423.3
   75.0  18441  -71.2  -88.3      6   0.00    107   21.9  423.4  423.4  423.4
   74.9  18451  -71.2  -88.4      6   0.00    107   21.7  423.5  423.5  423.5
   74.8  18461  -71.2  -88.5      6   0.00    108   21.5  423.6  423.6  423.6
   74.6  18471  -71.1  -88.4      6   0.00    108   21.4  424.1  424.1  424.1
   74.5  18481  -71.2  -88.5      6   0.00    108   21.2  424.2  424.2  424.2
   74.4  18492  -71.2  -88.5      6   0.00    108   21.0  424.2  424.2  424.2
   74.2  18502  -71.3  -88.5      6   0.00    108   20.8  424.4  424.4  424.4
   74.1  18511  -71.4  -88.5      6   0.00    108   20.7  424.4  424.4  424.4
   74.0  18520  -71.5  -88.6      6   0.00    107   20.6  424.4  424.4  424.4
   73.9  18531  -71.5  -88.6      6   0.00    107   20.5  424.4  424.4  424.4
   73.8  18541  -71.5  -88.6      6   0.00    107   20.4  424.6  424.6  424.6
   73.6  18551  -71.5  -88.6      6   0.00    106   20.4  424.9  424.9  424.9
   73.5  18561  -71.5  -88.7      6   0.00    106   20.4  425.0  425.1  425.0
   73.4  18571  -71.6  -88.7      6   0.00    106   20.4  425.1  425.1  425.1
   73.3  18581  -71.6  -88.7      6   0.00    105   20.4  425.1  425.2  425.1
   73.1  18591  -71.7  -88.8      6   0.00    105   20.5  425.3  425.3  425.3
   73.0  18601  -71.8  -88.8      6   0.00    104   20.5  425.3  425.3  425.3
   72.9  18610  -71.9  -88.8      6   0.00    104   20.6  425.3  425.3  425.3
   72.8  18619  -72.0  -88.8      6   0.00    104   20.6  425.3  425.3  425.3
   72.7  18629  -72.0  -88.9      7   0.00    103   20.7  425.3  425.3  425.3
   72.5  18640  -72.1  -88.9      7   0.00    103   20.7  425.5  425.5  425.5
   72.4  18650  -72.2  -88.9      7   0.00    102   20.7  425.5  425.6  425.5
   72.3  18660  -72.2  -88.9      7   0.00    102   20.7  425.6  425.7  425.6
   72.2  18670  -72.2  -88.9      7   0.00    102   20.6  425.8  425.8  425.8
   72.0  18680  -72.3  -88.9      7   0.00    101   20.6  426.0  426.0  426.0
   71.9  18690  -72.3  -88.9      7   0.00    101   20.5  426.1  426.1  426.1
   71.8  18701  -72.4  -88.9      7   0.00    101   20.5  426.1  426.1  426.1
   71.7  18711  -72.4  -88.9      7   0.00    101   20.5  426.2  426.2  426.2
   71.5  18721  -72.5  -89.0      7   0.00    100   20.5  426.4  426.4  426.4
   71.4  18731  -72.5  -89.0      7   0.00    100   20.5  426.4  426.4  426.4
   71.3  18741  -72.6  -89.1      7   0.00    100   20.5  426.4  426.5  426.5
   71.2  18750  -72.7  -89.2      7   0.00    100   20.5  426.5  426.5  426.5
   71.1  18760  -72.6  -89.2      7   0.00    100   20.6  426.8  426.8  426.8
   70.9  18771  -72.5  -89.2      7   0.00    100   20.7  427.3  427.4  427.3
   70.8  18782  -72.4  -89.2      7   0.00    100   20.7  427.7  427.7  427.7
   70.7  18792  -72.4  -89.2      6   0.00    100   20.8  427.9  427.9  427.9
   70.6  18801  -72.3  -89.2      6   0.00    100   20.8  428.2  428.2  428.2
   70.4  18811  -72.2  -89.2      6   0.00    100   20.8  428.9  429.0  428.9
   70.3  18821  -72.0  -89.1      6   0.00    100   20.7  429.5  429.5  429.5
   70.2  18832  -71.8  -89.1      6   0.00    100   20.6  430.0  430.0  430.0
   70.1  18842  -71.8  -89.2      6   0.00    100   20.5  430.2  430.2  430.2
   70.0  18848  -71.8  -89.2      6   0.00    100   20.5  430.4  430.4  430.4
   69.8  18862  -71.8  -89.4      6   0.00    100   20.1  430.8  430.8  430.8
   69.7  18873  -71.6  -89.4      6   0.00    100   19.9  431.4  431.4  431.4
   69.6  18884  -71.3  -89.3      5   0.00     99   19.7  432.3  432.3  432.3
   69.5  18894  -71.0  -89.2      5   0.00     99   19.4  433.0  433.0  433.0
   69.3  18905  -70.7  -89.0      5   0.00     98   19.2  434.1  434.1  434.1
   69.2  18915  -70.5  -89.0      5   0.00     97   18.9  434.7  434.7  434.7
   69.1  18926  -70.4  -89.1      5   0.00     97   18.7  435.0  435.0  435.0
   69.0  18936  -70.2  -89.0      5   0.00     96   18.5  435.6  435.6  435.6
   68.9  18946  -70.0  -89.0      5   0.00     95   18.3  436.2  436.2  436.2
   68.7  18956  -69.9  -89.0      5   0.00     94   18.2  436.8  436.8  436.8
   68.6  18967  -69.9  -89.0      5   0.00     93   18.0  437.0  437.0  437.0
   68.5  18977  -69.8  -89.0      5   0.00     92   17.9  437.4  437.4  437.4
   68.4  18987  -69.8  -89.0      5   0.00     92   17.7  437.7  437.7  437.7
   68.3  18998  -69.7  -89.1      4   0.00     91   17.6  438.0  438.0  438.0
   68.1  19010  -69.6  -89.0      4   0.00     90   17.5  438.6  438.6  438.6
   68.0  19020  -69.4  -88.9      4   0.00     89   17.3  439.2  439.3  439.2
   67.9  19029  -69.2  -88.9      4   0.00     88   17.2  439.8  439.8  439.8
   67.8  19039  -69.2  -88.9      4   0.00     87   17.1  440.0  440.1  440.0
   67.7  19050  -69.2  -88.9      4   0.00     86   17.0  440.2  440.2  440.2
   67.6  19059  -69.2  -88.9      4   0.00     84   17.0  440.3  440.3  440.3
   67.5  19068  -69.2  -89.0      4   0.00     83   17.0  440.5  440.5  440.5
   67.4  19077  -69.3  -89.0      4   0.00     82   17.0  440.6  440.6  440.6
   67.2  19087  -69.3  -89.1      4   0.00     81   17.0  440.9  440.9  440.9
   67.1  19097  -69.3  -89.1      4   0.00     80   17.1  441.1  441.1  441.1
   67.0  19108  -69.3  -89.1      4   0.00     79   17.2  441.3  441.3  441.3
   66.9  19118  -69.3  -89.1      4   0.00     78   17.3  441.4  441.4  441.4
   66.8  19129  -69.3  -89.1      4   0.00     78   17.4  441.6  441.6  441.6
   66.7  19139  -69.2  -89.1      4   0.00     77   17.5  442.0  442.0  442.0
   66.5  19150  -69.3  -89.1      4   0.00     77   17.7  442.3  442.3  442.3
   66.4  19160  -69.3  -89.2      4   0.00     77   17.8  442.4  442.4  442.4
   66.3  19170  -69.4  -89.3      4   0.00     77   17.9  442.5  442.5  442.5
   66.2  19180  -69.4  -89.4      4   0.00     77   18.1  442.6  442.6  442.6
   66.1  19189  -69.4  -89.5      4   0.00     77   18.2  442.8  442.8  442.8
   66.0  19199  -69.2  -89.4      4   0.00     78   18.3  443.4  443.4  443.4
   65.9  19208  -68.7  -89.1      4   0.00     79   18.4  444.7  444.7  444.7
   65.8  19218  -68.4  -89.0      4   0.00     80   18.6  445.5  445.5  445.5
   65.7  19229  -68.4  -89.0      4   0.00     80   18.7  445.8  445.8  445.8
   65.6  19239  -68.4  -89.1      4   0.00     81   18.8  446.0  446.0  446.0
   65.4  19249  -68.4  -89.1      4   0.00     83   18.9  446.3  446.3  446.3
   65.3  19266  -68.4  -89.2      4   0.00     85   19.0  446.4  446.4  446.4
   65.2  19276  -68.5  -89.3      4   0.00     86   19.1  446.5  446.5  446.5
   65.0  19285  -68.5  -89.3      4   0.00     87   19.2  446.9  446.9  446.9
   64.9  19296  -68.5  -89.3      4   0.00     88   19.2  447.2  447.2  447.2
   64.8  19305  -68.4  -89.3      4   0.00     88   19.2  447.4  447.4  447.4
   64.7  19314  -68.4  -89.3      4   0.00     89   19.2  447.6  447.6  447.6
   64.6  19323  -68.4  -89.4      4   0.00     89   19.1  447.9  447.9  447.9
   64.5  19332  -68.3  -89.4      3   0.00     90   19.0  448.2  448.2  448.2
   64.4  19341  -68.3  -89.4      3   0.00     90   18.9  448.6  448.6  448.6
   64.3  19351  -68.1  -89.4      3   0.00     90   18.8  449.0  449.0  449.0
   64.2  19360  -67.9  -89.2      3   0.00     90   18.6  449.8  449.8  449.8
   64.1  19370  -67.7  -89.1      3   0.00     89   18.4  450.5  450.5  450.5
   64.0  19379  -67.6  -89.2      3   0.00     89   18.2  450.9  450.9  450.9
   63.9  19388  -67.6  -89.3      3   0.00     88   18.0  451.0  451.0  451.0
   63.8  19398  -67.7  -89.4      3   0.00     87   17.7  451.1  451.1  451.1
   63.7  19408  -67.7  -89.5      3   0.00     86   17.5  451.3  451.3  451.3
   63.6  19417  -67.6  -89.5      3   0.00     85   17.3  451.5  451.6  451.5
   63.5  19426  -67.4  -89.4      3   0.00     84   17.1  452.3  452.3  452.3
   63.4  19443  -67.2  -89.3      3   0.00     81   16.8  453.0  453.0  453.0
   63.3  19453  -67.1  -89.3      3   0.00     80   16.7  453.3  453.3  453.3
   63.2  19462  -67.1  -89.3      3   0.00     79   16.5  453.5  453.5  453.5
   63.1  19471  -67.1  -89.3      3   0.00     78   16.5  453.8  453.8  453.8
   63.0  19480  -67.1  -89.4      3   0.00     77   16.4  453.9  454.0  453.9
   62.9  19488  -67.1  -89.4      3   0.00     76   16.3  454.1  454.1  454.1
   62.8  19496  -67.1  -89.5      3   0.00     75   16.3  454.3  454.3  454.3
   62.7  19504  -67.2  -89.5      3   0.00     74   16.2  454.4  454.4  454.4
   62.6  19513  -67.2  -89.5      3   0.00     73   16.2  454.6  454.6  454.6
   62.5  19523  -67.2  -89.5      3   0.00     72   16.2  454.7  454.7  454.7
   62.4  19533  -67.2  -89.5      3   0.00     71   16.2  454.9  454.9  454.9
   62.3  19542  -67.3  -89.5      3   0.00     71   16.2  455.0  455.1  455.0
   62.2  19551  -67.3  -89.5      3   0.00     70   16.2  455.2  455.2  455.2
   62.1  19566  -67.3  -89.6      3   0.00     70   16.3  455.3  455.3  455.3
   62.0  19575  -67.3  -89.6      3   0.00     70   16.3  455.5  455.5  455.5
   61.9  19585  -67.4  -89.6      3   0.00     70   16.4  455.7  455.7  455.7
   61.8  19596  -67.4  -89.6      3   0.00     70   16.5  455.8  455.8  455.8
   61.7  19606  -67.4  -89.6      3   0.00     70   16.6  456.0  456.0  456.0
   61.6  19615  -67.3  -89.6      3   0.00     70   16.8  456.3  456.3  456.3
   61.5  19624  -67.2  -89.6      3   0.00     71   16.9  456.9  456.9  456.9
   61.4  19632  -67.2  -89.6      3   0.00     71   17.1  457.2  457.2  457.2
   61.3  19641  -67.2  -89.6      3   0.00     71   17.3  457.3  457.3  457.3
   61.2  19651  -67.2  -89.7      3   0.00     72   17.5  457.5  457.5  457.5
   61.1  19660  -67.2  -89.7      3   0.00     72   17.7  457.7  457.8  457.8
   61.0  19670  -67.2  -89.7      3   0.00     72   17.9  457.9  458.0  457.9
   60.9  19679  -67.2  -89.7      3   0.00     73   18.1  458.1  458.1  458.1
   60.8  19688  -67.2  -89.7      3   0.00     73   18.3  458.3  458.3  458.3
   60.7  19706  -67.2  -89.7      3   0.00     74   18.6  458.5  458.5  458.5
   60.6  19715  -67.2  -89.7      3   0.00     74   18.7  458.8  458.8  458.8
   60.5  19724  -67.2  -89.7      3   0.00     75   18.8  458.9  458.9  458.9
   60.4  19733  -67.3  -89.8      3   0.00     75   18.9  459.0  459.1  459.0
   60.3  19743  -67.3  -89.8      3   0.00     76   19.0  459.3  459.3  459.3
   60.2  19753  -67.2  -89.8      3   0.00     76   19.0  459.6  459.6  459.6
   60.1  19762  -67.2  -89.8      3   0.00     77   19.1  459.9  459.9  459.9
   60.0  19772  -67.2  -89.8      3   0.00     77   19.0  460.1  460.1  460.1
   59.9  19782  -67.2  -89.8      3   0.00     77   19.0  460.3  460.3  460.3
   59.8  19792  -67.2  -89.8      3   0.00     78   19.0  460.5  460.5  460.5
   59.7  19802  -67.2  -89.8      3   0.00     78   18.9  460.7  460.7  460.7
   59.6  19812  -67.2  -89.8      3   0.00     79   18.8  460.9  460.9  460.9
   59.5  19821  -67.2  -89.8      3   0.00     79   18.7  461.1  461.1  461.1
   59.4  19829  -67.3  -89.8      3   0.00     80   18.6  461.3  461.3  461.3
   59.3  19839  -67.3  -89.9      3   0.00     80   18.5  461.4  461.4  461.4
   59.2  19849  -67.3  -89.9      3   0.00     81   18.4  461.6  461.6  461.6
   59.1  19858  -67.3  -89.9      3   0.00     81   18.3  461.9  461.9  461.9
   59.0  19876  -67.3  -89.9      3   0.00     82   18.1  462.1  462.1  462.1
   58.9  19885  -67.3  -89.8      3   0.00     83   18.0  462.3  462.3  462.3
   58.8  19895  -67.3  -89.8      3   0.00     84   17.9  462.5  462.5  462.5
   58.7  19905  -67.3  -89.8      3   0.00     85   17.8  462.7  462.7  462.7
   58.6  19915  -67.4  -89.8      3   0.00     85   17.7  462.8  462.9  462.8
   58.5  19925  -67.4  -89.9      3   0.00     86   17.6  462.9  462.9  462.9
   58.4  19935  -67.5  -89.9      3   0.00     87   17.5  463.0  463.0  463.0
   58.3  19945  -67.6  -90.0      3   0.00     88   17.4  463.0  463.1  463.0
   58.2  19956  -67.6  -90.0      3   0.00     88   17.3  463.2  463.2  463.2
   58.1  19966  -67.6  -90.0      3   0.00     89   17.2  463.3  463.4  463.3
   58.0  19975  -67.6  -90.0      3   0.00     90   17.1  463.6  463.6  463.6
   57.9  19985  -67.6  -90.0      3   0.00     90   17.0  463.9  463.9  463.9
   57.8  19995  -67.6  -90.0      3   0.00     91   16.9  464.2  464.2  464.2
   57.7  20005  -67.6  -90.0      3   0.00     91   16.8  464.4  464.4  464.4
   57.6  20015  -67.6  -90.0      3   0.00     91   16.7  464.6  464.7  464.6
   57.5  20025  -67.6  -90.0      3   0.00     91   16.6  464.9  464.9  464.9
   57.4  20035  -67.6  -90.0      3   0.00     91   16.6  465.1  465.1  465.1
   57.3  20045  -67.6  -90.0      3   0.00     90   16.6  465.2  465.2  465.2
   57.2  20055  -67.7  -90.0      3   0.00     90   16.6  465.3  465.3  465.3
   57.1  20075  -67.7  -90.1      3   0.00     89   16.7  465.4  465.4  465.4
   57.0  20085  -67.7  -90.1      3   0.00     88   16.8  465.7  465.7  465.7
   56.9  20096  -67.7  -90.1      3   0.00     88   16.8  466.1  466.1  466.1
   56.8  20106  -67.6  -90.1      3   0.00     87   16.9  466.4  466.4  466.4
   56.7  20116  -67.7  -90.1      3   0.00     87   17.0  466.5  466.5  466.5
   56.6  20125  -67.7  -90.2      3   0.00     86   17.2  466.8  466.8  466.8
   56.5  20135  -67.6  -90.2      3   0.00     86   17.3  467.1  467.1  467.1
   56.4  20145  -67.6  -90.2      3   0.00     86   17.4  467.4  467.4  467.4
   56.3  20154  -67.5  -90.1      3   0.00     85   17.5  467.8  467.8  467.8
   56.2  20164  -67.5  -90.2      3   0.00     85   17.6  468.2  468.2  468.2
   56.1  20173  -67.4  -90.2      3   0.00     85   17.7  468.5  468.5  468.5
   56.0  20183  -67.3  -90.1      3   0.00     85   17.8  469.0  469.0  469.0
   55.9  20193  -67.2  -90.1      3   0.00     85   17.8  469.5  469.5  469.5
   55.8  20212  -67.2  -90.1      3   0.00     85   18.0  469.8  469.8  469.8
   55.7  20222  -67.2  -90.1      3   0.00     85   18.0  470.1  470.1  470.1
   55.6  20233  -67.2  -90.1      3   0.00     85   18.1  470.3  470.3  470.3
   55.5  20244  -67.1  -90.1      3   0.00     85   18.2  470.7  470.7  470.7
   55.4  20255  -67.1  -90.0      3   0.00     85   18.2  471.0  471.1  471.0
   55.3  20266  -67.1  -90.0      3   0.00     85   18.3  471.2  471.2  471.2
   55.2  20276  -67.1  -90.0      3   0.00     84   18.4  471.5  471.5  471.5
   55.1  20286  -67.1  -90.0      3   0.00     84   18.5  471.6  471.6  471.6
   55.0  20296  -67.2  -90.0      3   0.00     84   18.6  471.7  471.7  471.7
   54.9  20306  -67.2  -90.0      3   0.00     84   18.7  471.9  471.9  471.9
   54.8  20316  -67.2  -90.0      3   0.00     84   18.8  472.1  472.2  472.1
   54.7  20327  -67.2  -89.9      3   0.00     83   18.9  472.4  472.4  472.4
   54.6  20337  -67.3  -89.9      3   0.00     83   19.0  472.5  472.5  472.5
   54.5  20347  -67.4  -90.0      3   0.00     83   19.2  472.5  472.5  472.5
   54.4  20366  -67.4  -90.0      3   0.00     83   19.4  472.6  472.6  472.6
   54.3  20376  -67.5  -90.0      3   0.00     83   19.5  472.8  472.8  472.8
   54.2  20386  -67.5  -90.0      3   0.00     83   19.6  473.0  473.0  473.0
   54.1  20397  -67.5  -90.0      3   0.00     83   19.6  473.1  473.2  473.1
   54.0  20407  -67.6  -90.0      3   0.00     82   19.7  473.3  473.3  473.3
   53.9  20418  -67.7  -90.0      3   0.00     82   19.8  473.3  473.3  473.3
   53.8  20427  -67.7  -90.1      3   0.00     82   19.8  473.5  473.5  473.5
   53.7  20437  -67.7  -90.0      3   0.00     82   19.8  473.8  473.8  473.8
   53.6  20447  -67.7  -90.0      3   0.00     82   19.9  474.1  474.1  474.1
   53.5  20458  -67.7  -90.1      3   0.00     82   19.9  474.3  474.3  474.3
   53.4  20469  -67.8  -90.1      3   0.00     83   19.9  474.4  474.4  474.4
   53.3  20488  -67.9  -90.2      3   0.00     83   19.9  474.4  474.4  474.4
   53.2  20498  -67.9  -90.3      3   0.00     83   19.9  474.6  474.6  474.6
   53.1  20508  -67.9  -90.3      3   0.00     83   19.9  474.9  474.9  474.9
   53.0  20519  -67.8  -90.3      3   0.00     84   19.9  475.4  475.4  475.4
   52.9  20529  -67.7  -90.3      3   0.00     84   19.9  475.7  475.7  475.7
   52.8  20539  -67.7  -90.3      3   0.00     84   20.0  476.0  476.0  476.0
   52.7  20549  -67.7  -90.4      3   0.00     85   20.0  476.3  476.3  476.3
   52.6  20568  -67.5  -90.3      3   0.00     85   20.1  476.9  476.9  476.9
   52.5  20579  -67.5  -90.4      3   0.00     85   20.2  477.2  477.3  477.2
   52.4  20589  -67.5  -90.4      3   0.00     85   20.3  477.6  477.6  477.6
   52.3  20599  -67.4  -90.3      3   0.00     85   20.4  478.1  478.1  478.1
   52.2  20610  -67.3  -90.3      3   0.00     85   20.4  478.6  478.7  478.6
   52.1  20620  -67.2  -90.3      3   0.00     85   20.5  478.9  478.9  478.9
   52.0  20630  -67.3  -90.4      3   0.00     85   20.5  479.1  479.2  479.1
   51.9  20639  -67.3  -90.4      2   0.00     85   20.5  479.4  479.5  479.4
   51.8  20659  -67.1  -90.4      2   0.00     84   20.4  480.0  480.0  480.0
   51.7  20668  -67.0  -90.4      2   0.00     84   20.3  480.6  480.6  480.6
   51.6  20679  -66.9  -90.3      2   0.00     84   20.3  481.1  481.2  481.1
   51.5  20690  -66.7  -90.3      2   0.00     84   20.2  481.7  481.7  481.7
   51.4  20701  -66.6  -90.2      2   0.00     83   20.0  482.2  482.2  482.2
   51.3  20712  -66.6  -90.2      2   0.00     83   19.9  482.6  482.6  482.6
   51.2  20722  -66.6  -90.2      2   0.00     82   19.8  482.9  482.9  482.9
   51.1  20743  -66.6  -90.2      2   0.00     82   19.6  483.0  483.0  483.0
   51.0  20753  -66.6  -90.2      2   0.00     81   19.5  483.3  483.3  483.3
   50.9  20764  -66.6  -90.2      2   0.00     81   19.5  483.6  483.6  483.6
   50.8  20775  -66.6  -90.2      2   0.00     80   19.4  483.9  483.9  483.9
   50.7  20786  -66.7  -90.2      2   0.00     80   19.4  484.0  484.0  484.0
   50.6  20796  -66.7  -90.2      2   0.00     80   19.3  484.2  484.2  484.2
   50.5  20806  -66.7  -90.1      2   0.00     79   19.3  484.5  484.6  484.5
   50.4  20825  -66.7  -90.1      2   0.00     79   19.2  484.8  484.8  484.8
   50.3  20836  -66.7  -90.1      2   0.00     79   19.1  485.0  485.1  485.0
   50.2  20846  -66.7  -90.1      2   0.00     79   19.0  485.4  485.4  485.4
   50.1  20856  -66.6  -90.0      2   0.00     79   18.9  485.7  485.7  485.7
   50.0  20870  -66.7  -90.0      2   0.00     79   18.7  485.9  486.0  485.9
   49.9  20877  -66.7  -90.0      2   0.00     79   18.7  486.1  486.2  486.1
   49.8  20898  -66.9  -90.0      3   0.00     79   18.4  486.1  486.1  486.1
   49.7  20908  -66.9  -90.0      3   0.00     80   18.3  486.2  486.2  486.2
   49.6  20918  -67.0  -90.0      3   0.00     80   18.1  486.4  486.4  486.4
   49.5  20928  -66.9  -90.0      3   0.00     81   18.0  486.7  486.7  486.7
   49.4  20939  -66.9  -89.9      3   0.00     82   17.9  487.0  487.0  487.0
   49.3  20950  -67.0  -90.0      3   0.00     82   17.8  487.2  487.2  487.2
   49.2  20971  -67.1  -90.0      3   0.00     83   17.7  487.1  487.2  487.1
   49.1  20981  -67.2  -90.0      3   0.00     84   17.6  487.3  487.3  487.3
   49.0  20992  -67.2  -90.1      3   0.00     84   17.7  487.4  487.4  487.4
   48.9  21002  -67.3  -90.1      3   0.00     85   17.7  487.5  487.5  487.5
   48.8  21011  -67.4  -90.2      3   0.00     85   17.8  487.6  487.7  487.6
   48.7  21033  -67.5  -90.3      3   0.00     85   18.0  487.6  487.7  487.6
   48.6  21043  -67.5  -90.4      3   0.00     85   18.2  487.9  487.9  487.9
   48.5  21053  -67.6  -90.5      3   0.00     85   18.3  488.1  488.1  488.1
   48.4  21063  -67.6  -90.6      3   0.00     84   18.5  488.4  488.4  488.4
   48.3  21073  -67.6  -90.7      2   0.00     84   18.7  488.7  488.7  488.7
   48.2  21093  -67.5  -90.8      2   0.00     83   19.1  489.1  489.1  489.1
   48.1  21102  -67.4  -90.9      2   0.00     83   19.3  489.7  489.7  489.7
   48.0  21112  -67.1  -90.8      2   0.00     82   19.4  490.6  490.6  490.6
   47.9  21133  -66.1  -90.3      2   0.00     82   19.8  493.4  493.4  493.4
   47.8  21144  -66.0  -90.4      2   0.00     81   20.0  493.9  493.9  493.9
   47.7  21153  -65.9  -90.4      2   0.00     81   20.2  494.4  494.4  494.4
   47.6  21163  -65.7  -90.4      2   0.00     81   20.3  495.1  495.1  495.1
   47.5  21174  -65.7  -90.4      2   0.00     81   20.5  495.4  495.4  495.4
   47.4  21195  -65.5  -90.4      2   0.00     82   20.8  496.1  496.1  496.1
   47.3  21205  -65.5  -90.3      2   0.00     82   20.9  496.5  496.5  496.5
   47.2  21216  -65.5  -90.3      2   0.00     82   21.1  496.8  496.8  496.8
   47.1  21226  -65.5  -90.3      2   0.00     83   21.2  497.2  497.2  497.2
   47.0  21247  -65.5  -90.1      2   0.00     84   21.5  497.5  497.5  497.5
   46.9  21257  -65.5  -90.1      2   0.00     84   21.6  497.8  497.8  497.8
   46.8  21267  -65.5  -90.0      2   0.00     84   21.8  498.1  498.1  498.1
   46.7  21277  -65.5  -90.0      2   0.00     85   21.9  498.2  498.3  498.2
   46.6  21297  -65.6  -90.0      2   0.00     85   22.1  498.4  498.4  498.4
   46.5  21307  -65.6  -89.9      2   0.00     85   22.2  498.6  498.7  498.6
   46.4  21317  -65.6  -89.9      2   0.00     85   22.3  498.9  498.9  498.9
   46.3  21338  -65.7  -89.8      2   0.00     86   22.4  499.0  499.0  499.0
   46.2  21348  -65.8  -89.8      2   0.00     86   22.5  499.2  499.2  499.2
   46.1  21358  -65.8  -89.8      2   0.00     86   22.5  499.4  499.4  499.4
   46.0  21369  -65.9  -89.8      2   0.00     86   22.5  499.6  499.6  499.6
   45.9  21390  -66.0  -89.8      2   0.00     86   22.5  499.6  499.6  499.6
   45.8  21400  -66.0  -89.8      2   0.00     86   22.6  499.8  499.8  499.8
   45.7  21409  -66.1  -89.8      2   0.00     86   22.6  500.0  500.0  500.0
   45.6  21430  -66.2  -89.8      2   0.00     86   22.6  500.1  500.1  500.1
   45.5  21441  -66.3  -89.9      2   0.00     87   22.7  500.2  500.2  500.2
   45.4  21451  -66.3  -89.9      2   0.00     87   22.8  500.3  500.3  500.3
   45.3  21471  -66.5  -90.0      2   0.00     87   23.0  500.4  500.4  500.4
   45.2  21482  -66.5  -90.0      2   0.00     87   23.1  500.5  500.5  500.5
   45.1  21493  -66.5  -90.1      2   0.00     87   23.2  500.8  500.8  500.8
   45.0  21504  -66.5  -90.1      2   0.00     87   23.4  501.1  501.1  501.1
   44.9  21515  -66.6  -90.1      2   0.00     88   23.6  501.3  501.3  501.3
   44.8  21537  -66.6  -90.2      2   0.00     88   24.0  501.7  501.7  501.7
   44.7  21548  -66.5  -90.1      2   0.00     88   24.1  502.2  502.3  502.2
   44.6  21558  -66.5  -90.2      2   0.00     89   24.3  502.6  502.6  502.6
   44.5  21569  -66.5  -90.3      2   0.00     89   24.4  502.8  502.8  502.8
   44.4  21591  -66.6  -90.4      2   0.00     89   24.6  502.9  502.9  502.9
   44.3  21602  -66.6  -90.5      2   0.00     89   24.6  503.3  503.3  503.3
   44.2  21613  -66.4  -90.4      2   0.00     89   24.5  504.1  504.1  504.1
   44.1  21624  -66.2  -90.3      2   0.00     89   24.4  504.8  504.9  504.8
   44.0  21646  -66.1  -90.4      2   0.00     89   24.1  505.4  505.4  505.4
   43.9  21658  -66.0  -90.4      2   0.00     89   23.8  506.1  506.1  506.1
   43.8  21670  -65.8  -90.3      2   0.00     88   23.6  506.8  506.8  506.8
   43.7  21681  -65.6  -90.2      2   0.00     88   23.3  507.7  507.7  507.7
   43.6  21702  -65.4  -90.2      2   0.00     87   22.7  508.6  508.6  508.6
   43.5  21713  -65.4  -90.2      2   0.00     87   22.4  508.8  508.8  508.8
   43.4  21724  -65.4  -90.3      2   0.00     87   22.1  509.1  509.1  509.1
   43.3  21735  -65.4  -90.3      2   0.00     87   21.9  509.4  509.4  509.4
   43.2  21756  -65.5  -90.4      2   0.00     87   21.7  509.6  509.6  509.6
   43.1  21767  -65.5  -90.5      2   0.00     87   21.6  509.8  509.9  509.8
   43.0  21778  -65.5  -90.5      2   0.00     88   21.6  510.2  510.2  510.2
   42.9  21801  -65.5  -90.6      2   0.00     89   21.8  510.7  510.7  510.7
   42.8  21813  -65.4  -90.6      2   0.00     89   22.0  511.3  511.3  511.3
   42.7  21823  -65.1  -90.4      2   0.00     90   22.2  512.3  512.4  512.3
   42.6  21834  -64.6  -90.2      2   0.00     90   22.5  513.8  513.9  513.8
   42.5  21855  -64.1  -89.9      2   0.00     91   23.0  515.3  515.4  515.3
   42.4  21865  -63.9  -89.9      2   0.00     91   23.3  516.1  516.2  516.1
   42.3  21877  -63.9  -89.9      2   0.00     91   23.6  516.6  516.6  516.6
   42.2  21900  -64.0  -89.9      2   0.00     91   24.2  516.8  516.8  516.8
   42.1  21911  -64.0  -89.9      2   0.00     91   24.5  517.1  517.2  517.1
   42.0  21923  -63.9  -89.9      2   0.00     91   24.7  517.6  517.6  517.6
   41.9  21935  -63.9  -89.8      2   0.00     91   24.9  517.9  518.0  517.9
   41.8  21957  -63.9  -89.8      2   0.00     91   25.2  518.3  518.4  518.3
   41.7  21970  -63.8  -89.7      2   0.00     91   25.3  518.9  518.9  518.9
   41.6  21982  -63.7  -89.6      2   0.00     91   25.3  519.4  519.5  519.4
   41.5  22004  -63.8  -89.6      2   0.00     91   25.5  519.6  519.7  519.6
   41.4  22016  -63.8  -89.5      2   0.00     91   25.5  520.0  520.0  520.0
   41.3  22028  -63.8  -89.5      2   0.00     91   25.6  520.4  520.4  520.4
   41.2  22040  -63.8  -89.4      2   0.00     91   25.7  520.8  520.9  520.8
   41.1  22062  -63.8  -89.4      2   0.00     90   26.0  521.2  521.2  521.2
   41.0  22075  -63.7  -89.4      2   0.00     90   26.1  521.6  521.6  521.6
   40.9  22087  -63.8  -89.4      2   0.00     90   26.3  521.9  521.9  521.9
   40.8  22098  -63.8  -89.4      2   0.00     90   26.5  522.1  522.2  522.1
   40.7  22121  -63.9  -89.5      2   0.00     91   26.8  522.4  522.4  522.4
   40.6  22133  -63.8  -89.4      2   0.00     91   27.0  522.9  522.9  522.9
   40.5  22145  -63.6  -89.3      2   0.00     91   27.1  523.7  523.7  523.7
   40.4  22168  -63.5  -89.1      2   0.00     92   27.3  524.5  524.5  524.5
   40.3  22179  -63.6  -89.2      2   0.00     92   27.4  524.6  524.6  524.6
   40.2  22191  -63.7  -89.2      2   0.00     92   27.4  524.8  524.8  524.8
   40.1  22204  -63.7  -89.2      2   0.00     93   27.4  524.9  525.0  524.9
   40.0  22228  -63.8  -89.2      2   0.00     94   27.4  525.2  525.3  525.2
   39.9  22240  -63.8  -89.2      2   0.00     94   27.4  525.5  525.6  525.5
   39.8  22252  -63.9  -89.2      2   0.00     94   27.3  525.8  525.8  525.8
   39.7  22275  -63.9  -89.3      2   0.00     95   27.3  525.9  526.0  525.9
   39.6  22288  -64.0  -89.3      2   0.00     96   27.3  526.1  526.1  526.1
   39.5  22300  -64.1  -89.4      2   0.00     96   27.3  526.2  526.2  526.2
   39.4  22312  -64.2  -89.5      2   0.00     96   27.3  526.5  526.5  526.5
   39.3  22337  -64.3  -89.6      2   0.00     97   27.4  526.6  526.6  526.6
   39.2  22349  -64.3  -89.7      2   0.00     97   27.4  527.0  527.0  527.0
   39.1  22361  -64.2  -89.6      2   0.00     97   27.4  527.6  527.6  527.6
   39.0  22385  -63.8  -89.5      2   0.00     98   27.3  528.9  528.9  528.9
   38.9  22397  -63.7  -89.4      2   0.00     98   27.3  529.6  529.7  529.6
   38.8  22409  -63.5  -89.3      2   0.00     98   27.2  530.4  530.5  530.5
   38.7  22432  -63.4  -89.3      2   0.00     99   27.0  531.1  531.1  531.1
   38.6  22443  -63.4  -89.3      2   0.00     99   26.9  531.4  531.4  531.4
   38.5  22455  -63.5  -89.4      2   0.00     99   26.7  531.8  531.8  531.8
   38.4  22478  -63.5  -89.4      2   0.00    100   26.3  532.0  532.0  532.0
   38.3  22490  -63.6  -89.4      2   0.00    100   26.1  532.2  532.2  532.2
   38.2  22502  -63.7  -89.4      2   0.00    100   25.8  532.5  532.5  532.5
   38.1  22525  -63.7  -89.4      2   0.00    100   25.3  532.8  532.8  532.8
   38.0  22536  -63.6  -89.3      2   0.00    100   25.0  533.3  533.3  533.3
   37.9  22559  -63.6  -89.3      2   0.00    100   24.4  533.7  533.7  533.7
   37.8  22570  -63.7  -89.3      2   0.00    100   24.1  534.0  534.0  534.0
   37.7  22581  -63.8  -89.3      2   0.00    100   23.8  534.2  534.2  534.2
   37.6  22604  -63.9  -89.4      2   0.00    100   23.3  534.3  534.3  534.3
   37.5  22616  -64.0  -89.5      2   0.00     99   23.0  534.5  534.5  534.5
   37.4  22639  -64.0  -89.5      2   0.00     99   22.6  534.8  534.8  534.8
   37.3  22650  -63.9  -89.5      2   0.00     99   22.4  535.4  535.4  535.4
   37.2  22673  -63.8  -89.4      2   0.00     99   22.1  536.1  536.2  536.1
   37.1  22685  -63.8  -89.4      2   0.00     99   22.0  536.5  536.5  536.5
   37.0  22697  -63.8  -89.4      2   0.00     98   21.9  537.0  537.0  537.0
   36.9  22720  -63.8  -89.4      2   0.00     98   21.8  537.3  537.3  537.3
   36.8  22732  -63.9  -89.5      2   0.00     98   21.8  537.6  537.6  537.6
   36.7  22755  -63.8  -89.4      2   0.00     98   21.8  538.1  538.1  538.1
   36.6  22766  -63.8  -89.5      2   0.00     98   21.9  538.5  538.6  538.5
   36.5  22791  -63.9  -89.6      2   0.00     97   22.0  538.7  538.7  538.7
   36.4  22803  -64.0  -89.6      2   0.00     97   22.1  539.0  539.1  539.0
   36.3  22814  -64.0  -89.7      2   0.00     96   22.2  539.4  539.5  539.4
   36.2  22837  -63.9  -89.7      2   0.00     95   22.4  540.0  540.0  540.0
   36.1  22848  -63.7  -89.6      2   0.00     95   22.6  540.9  540.9  540.9
   36.0  22870  -63.5  -89.5      2   0.00     94   22.9  542.1  542.1  542.1
   35.9  22881  -63.5  -89.5      2   0.00     93   23.1  542.5  542.5  542.5
   35.8  22904  -63.5  -89.7      2   0.00     92   23.5  542.7  542.8  542.7
   35.7  22915  -63.6  -89.8      2   0.00     92   23.7  543.1  543.1  543.1
   35.6  22937  -63.6  -89.9      2   0.00     91   24.1  543.5  543.5  543.5
   35.5  22958  -63.2  -89.7      2   0.00     90   24.5  544.9  544.9  544.9
   35.4  22969  -63.1  -89.7      2   0.00     89   24.7  545.5  545.5  545.5
   35.3  22991  -62.9  -89.7      2   0.00     88   25.0  546.5  546.5  546.5
   35.2  23002  -62.8  -89.8      2   0.00     88   25.1  547.2  547.2  547.2
   35.1  23022  -62.7  -89.9      1   0.00     87   25.4  547.9  547.9  547.9
   35.0  23043  -62.6  -90.0      1   0.00     86   25.5  548.6  548.7  548.6
   34.9  23065  -62.2  -89.9      1   0.00     85   25.8  550.1  550.1  550.1
   34.8  23076  -62.0  -89.8      1   0.00     84   25.9  551.2  551.3  551.2
   34.7  23098  -61.3  -89.4      1   0.00     84   26.2  553.4  553.4  553.4
   34.6  23109  -61.2  -89.4      1   0.00     83   26.3  554.2  554.2  554.2
   34.5  23132  -60.9  -89.3      1   0.00     83   26.7  555.3  555.4  555.3
   34.4  23152  -60.8  -89.2      1   0.00     83   27.1  556.2  556.2  556.2
   34.3  23163  -60.7  -89.2      1   0.00     83   27.3  556.8  556.9  556.8
   34.2  23182  -60.4  -89.1      1   0.00     83   27.6  558.0  558.1  558.0
   34.1  23209  -60.1  -88.9      1   0.00     83   27.8  559.3  559.3  559.3
   34.0  23222  -60.1  -88.9      1   0.00     83   27.9  559.9  559.9  559.9
   33.9  23245  -59.8  -88.7      1   0.00     84   27.8  561.2  561.2  561.2
   33.8  23257  -59.5  -88.6      1   0.00     84   27.8  562.4  562.5  562.4
   33.7  23277  -59.1  -88.4      1   0.00     84   27.5  564.0  564.0  564.0
   33.6  23299  -58.8  -88.4      1   0.00     84   27.4  565.1  565.1  565.1
   33.5  23313  -58.8  -88.4      1   0.00     84   27.4  565.7  565.8  565.7
   33.4  23337  -58.5  -88.3      1   0.00     83   27.4  566.9  566.9  566.9
   33.3  23347  -58.1  -88.1      1   0.01     83   27.4  568.3  568.4  568.3
   33.2  23367  -57.8  -87.9      1   0.01     83   27.6  569.7  569.7  569.7
   33.1  23388  -57.4  -87.7      1   0.01     82   27.8  571.3  571.3  571.3
   33.0  23408  -57.2  -87.6      1   0.01     82   28.0  572.4  572.5  572.4
   32.9  23427  -57.0  -87.5      1   0.01     82   28.2  573.4  573.5  573.4
   32.8  23448  -56.6  -87.2      1   0.01     81   28.3  574.9  575.0  574.9
   32.7  23470  -56.2  -86.9      1   0.01     81   28.3  576.5  576.5  576.5
   32.6  23490  -56.2  -86.9      1   0.01     81   28.3  577.0  577.1  577.0
   32.5  23501  -56.1  -86.9      1   0.01     81   28.2  577.7  577.8  577.7
   32.4  23521  -55.8  -86.6      1   0.01     81   28.1  579.0  579.0  579.0
   32.3  23542  -55.7  -86.6      1   0.01     82   27.9  579.7  579.8  579.7
   32.2  23562  -55.5  -86.4      1   0.01     82   27.7  580.8  580.9  580.8
   32.1  23582  -55.4  -86.3      1   0.01     83   27.6  581.8  581.8  581.8
   32.0  23604  -55.2  -86.2      1   0.01     84   27.5  582.6  582.7  582.6
   31.9  23627  -55.0  -86.0      1   0.01     85   27.6  583.7  583.8  583.7
   31.8  23638  -55.0  -86.0      1   0.01     85   27.6  584.2  584.3  584.2
   31.7  23659  -55.0  -85.9      1   0.01     85   27.8  584.9  585.0  584.9
   31.6  23680  -54.8  -85.8      1   0.01     85   28.1  585.9  585.9  585.9
   31.5  23701  -54.7  -85.7      1   0.01     85   28.3  586.8  586.9  586.8
   31.4  23723  -54.6  -85.7      1   0.01     85   28.6  587.5  587.5  587.5
   31.3  23745  -54.5  -85.6      1   0.01     85   28.9  588.2  588.3  588.2
   31.2  23766  -54.4  -85.5      1   0.01     84   29.2  589.2  589.2  589.2
   31.1  23786  -54.4  -85.5      1   0.01     84   29.3  589.6  589.6  589.6
   31.0  23807  -54.3  -85.4      1   0.01     84   29.4  590.6  590.6  590.6
   30.9  23830  -53.9  -85.2      1   0.01     83   29.3  591.9  592.0  591.9
   30.8  23850  -53.9  -85.1      1   0.01     83   29.1  592.5  592.6  592.6
   30.7  23872  -54.0  -85.1      1   0.01     83   28.8  592.9  593.0  592.9
   30.6  23893  -54.2  -85.2      1   0.01     83   28.5  593.0  593.1  593.0
   30.5  23914  -54.2  -85.2      1   0.01     84   28.1  593.4  593.5  593.4
   30.4  23937  -54.2  -85.2      1   0.01     85   27.7  594.1  594.2  594.1
   30.3  23949  -54.2  -85.2      1   0.01     85   27.5  594.7  594.8  594.7
   30.2  23971  -54.1  -85.2      1   0.01     87   27.0  595.5  595.6  595.5
   30.1  23993  -53.7  -85.0      1   0.01     88   26.6  596.9  597.0  596.9
   30.0  24022  -53.5  -85.0      1   0.01     89   26.2  598.1  598.1  598.1
   29.9  24038  -53.4  -84.9      1   0.01     90   26.0  599.0  599.1  599.0
   29.8  24060  -53.3  -84.9      1   0.01     91   25.9  599.9  600.0  599.9
   29.7  24082  -53.2  -84.8      1   0.01     91   25.9  600.8  600.8  600.8
   29.6  24103  -53.1  -84.8      1   0.01     91   26.1  601.6  601.7  601.6
   29.5  24125  -52.8  -84.5      1   0.01     91   26.3  602.9  603.0  602.9
   29.4  24147  -52.9  -84.5      1   0.01     91   26.6  603.4  603.5  603.4
   29.3  24170  -53.0  -84.4      1   0.01     92   26.8  603.5  603.6  603.5
   29.2  24192  -53.2  -84.5      1   0.01     92   26.9  603.6  603.7  603.6
   29.1  24215  -53.4  -84.5      1   0.01     93   26.9  603.6  603.7  603.6
   29.0  24236  -53.6  -84.5      1   0.01     93   26.7  603.7  603.8  603.7
   28.9  24258  -53.7  -84.6      1   0.01     94   26.4  603.9  604.0  604.0
   28.8  24282  -53.8  -84.6      1   0.01     95   26.0  604.2  604.3  604.2
   28.7  24306  -53.6  -84.5      1   0.01     95   25.6  605.6  605.7  605.6
   28.6  24329  -53.6  -84.5      1   0.01     96   25.2  606.2  606.3  606.2
   28.5  24351  -53.6  -84.6      1   0.01     96   24.9  606.7  606.8  606.7
   28.4  24364  -53.6  -84.6      1   0.01     96   24.7  607.3  607.4  607.3
   28.3  24387  -53.6  -84.6      1   0.01     97   24.4  608.0  608.1  608.0
   28.2  24411  -53.6  -84.6      1   0.01     97   24.0  608.6  608.7  608.6
   28.1  24434  -53.5  -84.5      1   0.01     97   23.7  609.6  609.7  609.6
   28.0  24457  -53.4  -84.5      1   0.01     98   23.3  610.3  610.4  610.3
   27.9  24482  -53.5  -84.6      1   0.01     99   23.0  610.6  610.7  610.6
   27.8  24507  -53.6  -84.5      1   0.01    100   22.7  611.1  611.2  611.1
   27.7  24530  -53.7  -84.6      1   0.01    101   22.4  611.5  611.6  611.5
   27.6  24551  -53.9  -84.6      1   0.01    101   22.3  611.5  611.6  611.5
   27.5  24576  -54.0  -84.6      1   0.01    101   22.3  611.8  611.9  611.8
   27.4  24600  -54.1  -84.6      1   0.01    101   22.4  612.2  612.3  612.2
   27.3  24625  -54.2  -84.7      1   0.01    101   22.5  612.4  612.5  612.4
   27.2  24649  -54.4  -84.7      1   0.01    100   22.6  612.7  612.8  612.7
   27.1  24672  -54.4  -84.7      1   0.01     99   22.8  613.4  613.5  613.4
   27.0  24696  -54.4  -84.8      1   0.01     98   22.9  613.9  614.0  613.9
   26.9  24719  -54.6  -84.9      1   0.01     97   23.0  614.1  614.2  614.1
   26.8  24743  -54.6  -84.9      1   0.01     97   23.0  614.6  614.7  614.6
   26.7  24765  -54.6  -84.9      1   0.01     96   23.0  615.3  615.4  615.3
   26.6  24788  -54.7  -84.9      1   0.01     96   23.0  615.7  615.8  615.7
   26.5  24809  -54.8  -85.0      1   0.01     96   23.0  616.1  616.2  616.1
   26.4  24831  -54.9  -85.0      1   0.01     95   23.0  616.6  616.7  616.6
   26.3  24865  -55.0  -85.1      1   0.01     95   23.0  616.8  616.9  616.8
   26.2  24889  -55.2  -85.2      1   0.01     95   23.0  617.0  617.1  617.0
   26.1  24911  -55.3  -85.3      1   0.01     95   22.9  617.3  617.4  617.3
   26.0  24934  -55.3  -85.3      1   0.01     95   22.9  617.9  618.0  617.9
   25.9  24954  -55.4  -85.3      1   0.01     95   23.0  618.4  618.5  618.4
   25.8  24988  -55.5  -85.4      1   0.01     94   23.2  618.8  618.9  618.8
   25.7  25008  -55.6  -85.5      1   0.01     94   23.4  619.2  619.3  619.2
   25.6  25027  -55.7  -85.6      1   0.01     94   23.6  619.7  619.8  619.7
   25.5  25058  -55.6  -85.8      1   0.01     94   23.8  620.6  620.7  620.6
   25.4  25078  -55.2  -85.6      1   0.01     94   23.7  622.5  622.6  622.5
   25.3  25109  -54.7  -85.5      1   0.01     93   23.5  624.5  624.6  624.5
   25.2  25134  -54.6  -85.5      1   0.01     93   23.3  625.6  625.7  625.6
   25.1  25156  -54.5  -85.5      1   0.01     92   23.2  626.5  626.6  626.5
   25.0  25185  -54.4  -85.5      1   0.01     91   23.2  627.7  627.8  627.7
   24.9  25204  -54.2  -85.3      1   0.01     90   23.3  628.8  628.9  628.8
   24.8  25235  -54.0  -85.1      1   0.01     89   23.6  630.2  630.4  630.2
   24.7  25262  -53.9  -85.0      1   0.01     88   23.9  631.2  631.3  631.2
   24.6  25283  -53.9  -84.9      1   0.01     87   24.1  632.1  632.2  632.1
   24.5  25312  -54.0  -85.0      1   0.01     87   24.2  632.4  632.5  632.4
   24.4  25338  -54.0  -84.9      1   0.01     87   24.2  633.1  633.2  633.1
   24.3  25360  -54.0  -84.8      1   0.01     87   24.2  634.0  634.1  634.0
   24.2  25391  -54.0  -84.8      1   0.01     87   24.1  634.7  634.8  634.7
   24.1  25416  -54.0  -84.8      1   0.01     88   24.0  635.2  635.4  635.3
   24.0  25448  -54.2  -84.9      1   0.01     89   23.9  635.6  635.7  635.6
   23.9  25475  -54.1  -84.8      1   0.01     89   23.9  636.6  636.8  636.7
   23.8  25492  -54.0  -84.8      1   0.01     89   24.0  637.6  637.8  637.6
   23.7  25528  -54.1  -85.0      1   0.01     89   24.1  638.1  638.2  638.1
   23.6  25548  -54.2  -85.1      1   0.01     88   24.2  638.7  638.8  638.7
   23.5  25577  -54.2  -85.2      1   0.01     86   24.1  639.4  639.5  639.4
   23.4  25608  -53.8  -85.0      1   0.01     84   24.0  641.3  641.4  641.3
   23.3  25628  -53.7  -85.0      1   0.01     83   23.9  642.5  642.6  642.5
   23.2  25659  -53.1  -84.7      1   0.01     82   23.5  644.9  645.0  644.9
   23.1  25690  -53.1  -84.8      1   0.01     81   23.0  645.7  645.8  645.7
   23.0  25720  -52.9  -84.6      1   0.01     80   22.5  647.0  647.2  647.1
   22.9  25749  -52.8  -84.5      1   0.01     79   22.1  648.1  648.3  648.1
   22.8  25771  -52.7  -84.4      1   0.01     79   21.8  649.2  649.4  649.2
   22.7  25803  -52.8  -84.4      1   0.01     80   21.5  650.0  650.1  650.0
   22.6  25835  -52.8  -84.3      1   0.01     81   21.4  650.6  650.8  650.6
   22.5  25856  -52.7  -84.3      1   0.01     83   21.4  651.7  651.8  651.7
   22.4  25888  -52.6  -84.2      1   0.01     84   21.7  652.8  653.0  652.8
   22.3  25919  -52.6  -84.2      1   0.02     86   22.1  653.7  653.9  653.7
   22.2  25941  -52.7  -84.3      1   0.01     86   22.3  654.4  654.5  654.4
   22.1  25973  -52.6  -84.4      1   0.01     86   22.4  655.3  655.5  655.3
   22.0  26006  -52.3  -84.2      1   0.02     86   22.4  657.3  657.5  657.3
   21.9  26029  -52.2  -84.2      1   0.02     86   22.3  658.4  658.5  658.4
   21.8  26064  -52.0  -84.1      1   0.02     86   22.1  659.8  660.0  659.8
   21.7  26087  -51.8  -84.0      1   0.02     85   22.0  661.1  661.3  661.1
   21.6  26121  -51.8  -83.9      1   0.02     84   21.7  662.2  662.4  662.2
   21.5  26156  -51.7  -83.8      1   0.02     83   21.3  663.3  663.4  663.3
   21.4  26179  -51.6  -83.7      1   0.02     83   21.1  664.6  664.7  664.6
   21.3  26217  -51.5  -83.7      1   0.02     83   20.6  665.6  665.8  665.6
   21.2  26241  -51.5  -83.7      1   0.02     83   20.4  666.5  666.7  666.5
   21.1  26278  -51.5  -83.7      1   0.02     83   20.0  667.3  667.5  667.3
   21.0  26303  -51.5  -83.7      1   0.02     83   19.9  668.5  668.7  668.5
   20.9  26341  -51.4  -83.6      1   0.02     82   19.7  669.5  669.6  669.5
   20.8  26365  -51.4  -83.6      1   0.02     80   19.8  670.4  670.6  670.4
   20.7  26393  -51.4  -83.6      1   0.02     79   19.9  671.6  671.8  671.6
   20.6  26423  -51.3  -83.5      1   0.02     77   20.1  672.5  672.7  672.5
   20.5  26461  -51.3  -83.4      1   0.02     76   20.6  673.6  673.8  673.6
   20.4  26487  -51.3  -83.4      1   0.02     75   20.9  674.5  674.7  674.5
   20.3  26524  -51.3  -83.3      1   0.02     74   21.5  675.4  675.6  675.4
   20.2  26561  -51.6  -83.4      1   0.02     74   22.0  675.6  675.8  675.6
   20.1  26586  -51.7  -83.4      1   0.02     73   22.4  676.1  676.3  676.1
   20.0  26630  -52.1  -83.6      1   0.02     72   23.2  676.0  676.2  676.0
   19.9  26651  -52.2  -83.6      1   0.02     72   23.4  676.5  676.7  676.6
   19.8  26688  -52.4  -83.7      1   0.02     72   23.9  676.8  677.0  676.9
   19.7  26715  -52.6  -83.8      1   0.02     72   24.3  677.3  677.5  677.3
   19.6  26755  -52.8  -83.8      1   0.02     73   24.7  677.6  677.8  677.6
   19.5  26780  -53.0  -83.9      1   0.02     73   24.9  678.1  678.3  678.1
   19.4  26819  -53.1  -83.9      1   0.02     74   25.3  678.8  679.0  678.8
   19.3  26846  -53.2  -83.9      1   0.02     75   25.6  679.5  679.7  679.5
   19.2  26885  -53.4  -84.1      1   0.02     76   26.1  679.7  679.9  679.7
   19.1  26911  -53.6  -84.2      1   0.02     78   26.6  680.2  680.4  680.3
   19.0  26949  -53.8  -84.5      1   0.02     80   27.4  680.6  680.8  680.6
   18.9  26986  -53.7  -84.6      1   0.02     82   28.2  681.9  682.0  681.9
   18.8  27012  -53.5  -84.6      1   0.02     83   28.6  683.5  683.7  683.5
   18.7  27051  -53.0  -84.4      1   0.02     85   29.1  686.2  686.4  686.3
   18.6  27090  -53.0  -84.6      1   0.02     86   29.2  687.2  687.4  687.2
   18.5  27116  -53.0  -84.6      1   0.02     86   29.2  688.3  688.5  688.3
   18.4  27154  -52.7  -84.3      1   0.02     85   29.3  690.4  690.5  690.4
   18.3  27188  -52.6  -84.3      1   0.02     84   29.6  691.7  691.8  691.7
   18.2  27226  -52.7  -84.4      1   0.02     84   30.1  692.6  692.8  692.6
   18.1  27262  -52.8  -84.6      1   0.02     84   30.5  693.3  693.4  693.3
   18.0  27299  -52.8  -84.8      1   0.02     85   30.6  694.4  694.5  694.4
   17.9  27333  -51.5  -84.1      1   0.02     86   30.2  699.6  699.8  699.6
   17.8  27369  -50.7  -83.8      1   0.02     88   29.5  703.1  703.3  703.1
   17.7  27405  -50.7  -83.8      1   0.02     90   28.8  704.2  704.4  704.2
   17.6  27438  -50.9  -83.8      1   0.02     92   28.2  705.0  705.2  705.0
   17.5  27485  -51.0  -83.6      1   0.02     95   27.6  705.8  706.0  705.8
   17.4  27519  -51.0  -83.5      1   0.02     97   27.3  706.8  707.0  706.8
   17.3  27551  -51.2  -83.5      1   0.02     99   26.9  707.5  707.8  707.5
   17.2  27594  -51.2  -83.7      1   0.02     99   26.4  708.5  708.8  708.6
   17.1  27627  -50.4  -83.3      1   0.02     99   26.1  712.3  712.6  712.3
   17.0  27668  -50.1  -83.3      1   0.02     98   25.7  714.6  714.8  714.6
   16.9  27702  -50.1  -83.3      1   0.02     98   25.5  715.5  715.8  715.5
   16.8  27746  -50.1  -83.2      1   0.02     98   25.2  716.9  717.1  716.9
   16.7  27779  -50.2  -83.1      1   0.02     99   24.8  717.9  718.2  717.9
   16.6  27824  -50.2  -83.2      1   0.02     99   24.3  719.1  719.4  719.1
   16.5  27856  -49.8  -83.1      1   0.02     99   24.0  721.4  721.7  721.4
   16.4  27903  -49.6  -83.0      1   0.03     99   24.2  723.6  723.8  723.6
   16.3  27938  -49.6  -82.9      1   0.03     98   24.6  724.7  725.0  724.7
   16.2  27986  -49.8  -83.0      1   0.03     98   25.0  725.4  725.6  725.4
   16.1  28022  -49.9  -83.0      1   0.03     99   25.0  726.3  726.5  726.3
   16.0  28057  -49.8  -82.9      1   0.03     99   24.8  728.0  728.3  728.0
   15.9  28105  -49.7  -82.8      1   0.03    100   24.2  729.7  730.0  729.7
   15.8  28143  -49.7  -82.9      1   0.03    100   23.8  730.8  731.0  730.8
   15.7  28182  -49.6  -82.7      1   0.03    100   23.5  732.5  732.8  732.5
   15.6  28231  -49.8  -82.7      1   0.03    100   23.4  733.3  733.6  733.3
   15.5  28269  -50.0  -82.7      1   0.03    100   23.5  734.0  734.3  734.1
   15.4  28307  -50.2  -82.8      1   0.03    100   23.7  734.6  734.9  734.6
   15.3  28357  -50.4  -82.9      1   0.03    100   24.1  735.2  735.5  735.2
   15.2  28398  -50.5  -83.1      1   0.03    101   24.4  736.2  736.5  736.2
   15.1  28437  -50.4  -83.1      1   0.03    102   24.6  738.2  738.5  738.2
   15.0  28477  -50.3  -83.2      1   0.03    102   24.8  739.8  740.1  739.8
   14.9  28530  -50.1  -83.2      1   0.03    103   24.6  742.0  742.3  742.0
   14.8  28569  -49.7  -83.1      1   0.03    102   24.3  744.7  745.0  744.7
   14.7  28609  -49.7  -83.0      1   0.03    102   24.1  746.0  746.4  746.1
   14.6  28663  -49.8  -82.9      1   0.03    101   24.2  747.2  747.5  747.2
   14.5  28702  -49.9  -82.9      1   0.03    100   24.4  748.3  748.6  748.3
   14.4  28753  -50.0  -82.9      1   0.03    101   24.7  749.5  749.8  749.5
   14.3  28793  -50.0  -82.9      1   0.03    102   24.7  750.8  751.2  750.9
   14.2  28844  -50.2  -83.2      1   0.03    102   24.3  751.9  752.3  752.0
   14.1  28881  -50.2  -83.3      1   0.03    102   23.6  753.2  753.5  753.2
   14.0  28932  -49.4  -83.0      1   0.03    100   22.3  757.5  757.9  757.5
   13.9  28981  -49.0  -82.9      1   0.03     97   20.8  760.6  760.9  760.6
   13.8  29028  -48.6  -82.8      1   0.03     94   19.5  763.3  763.7  763.4
   13.7  29079  -48.6  -82.8      1   0.03     92   18.7  765.0  765.3  765.0
   13.6  29128  -48.5  -82.8      1   0.03     92   18.7  767.0  767.3  767.0
   13.5  29176  -47.9  -82.4      1   0.03     93   19.6  770.6  771.0  770.6
   13.4  29215  -47.9  -82.3      1   0.03     94   20.6  772.4  772.7  772.4
   13.3  29263  -47.7  -82.2      1   0.04     93   22.0  774.5  774.9  774.5
   13.2  29312  -47.8  -82.2      1   0.04     90   23.4  776.0  776.4  776.0
   13.1  29373  -47.7  -82.2      1   0.04     87   24.9  778.0  778.4  778.0
   13.0  29421  -47.5  -82.0      1   0.04     84   26.0  780.3  780.8  780.4
   12.9  29469  -47.5  -82.0      1   0.04     83   26.8  782.0  782.5  782.1
   12.8  29518  -47.2  -81.8      1   0.04     82   27.2  784.8  785.3  784.8
   12.7  29577  -47.3  -82.0      1   0.04     80   27.5  786.2  786.6  786.2
   12.6  29628  -47.1  -82.0      1   0.04     79   27.9  788.6  789.1  788.7
   12.5  29676  -46.9  -82.0      1   0.04     76   28.6  791.1  791.6  791.1
   12.4  29724  -46.6  -81.8      1   0.04     74   29.4  794.1  794.6  794.1
   12.3  29785  -46.7  -81.9      1   0.04     71   29.9  795.5  796.0  795.5
   12.2  29835  -46.5  -81.8      1   0.04     70   29.6  798.3  798.8  798.4
   12.1  29887  -46.3  -81.8      1   0.04     69   28.8  800.6  801.1  800.6
   12.0  29941  -45.9  -81.5      1   0.04     69   28.1  804.1  804.7  804.2
   11.9  30008  -45.7  -81.4      1   0.04     67   27.7  806.6  807.1  806.6
   11.8  30057  -45.7  -81.3      1   0.05     66   27.8  808.6  809.2  808.6
   11.7  30110  -45.8  -81.3      1   0.05     65   28.1  810.4  810.9  810.4
   11.6  30177  -45.8  -81.4      1   0.05     66   28.6  812.2  812.7  812.2
   11.5  30231  -45.9  -81.4      1   0.05     68   29.3  814.1  814.6  814.1
   11.4  30285  -45.9  -81.4      1   0.05     70   30.5  815.9  816.4  815.9
   11.3  30339  -45.8  -81.2      1   0.05     72   31.9  818.3  818.9  818.3
   11.2  30407  -46.1  -81.4      1   0.05     75   33.9  819.5  820.1  819.5
   11.1  30459  -46.3  -81.6      1   0.05     77   35.4  820.7  821.3  820.7
   11.0  30523  -46.3  -81.7      1   0.05     79   36.8  822.9  823.5  822.9
   10.9  30583  -45.5  -81.3      1   0.05     80   37.2  827.8  828.4  827.9
   10.8  30643  -45.3  -81.5      1   0.05     77   36.7  830.8  831.4  830.8
   10.7  30706  -44.6  -81.4      1   0.05     74   35.9  835.5  836.1  835.5
   10.6  30770  -43.8  -81.0      1   0.05     72   35.2  840.9  841.6  840.9
   10.5  30831  -43.4  -80.7      1   0.06     70   34.7  844.4  845.1  844.4
   10.4  30893  -43.5  -80.5      1   0.06     70   34.5  846.7  847.4  846.7
   10.3  30957  -43.6  -80.4      1   0.06     72   34.6  848.5  849.2  848.5
   10.2  31032  -43.8  -80.3      1   0.06     75   35.6  849.9  850.7  849.9
   10.1  31095  -44.1  -80.4      1   0.06     78   37.2  851.4  852.2  851.5
   10.0  31185  -44.4  -80.8      1   0.06     82   40.1  852.6  853.3  852.6
    9.9  31226  -44.4  -81.0      1   0.06     82   41.3  855.1  855.9  855.2
    9.8  31292  -43.6  -80.9      1   0.06     82   41.8  860.5  861.2  860.5
    9.7  31359  -42.8  -80.8      1   0.06     82   41.4  866.0  866.8  866.0
    9.6  31436  -42.1  -80.5      1   0.06     86   42.4  871.4  872.2  871.4
    9.5  31501  -41.1  -80.0      1   0.07     88   44.0  877.8  878.7  877.8
    9.4  31569  -40.4  -79.7      1   0.07     89   44.3  883.0  884.0  883.1
    9.3  31649  -39.9  -79.4      1   0.08     89   43.6  887.7  888.8  887.8
    9.2  31722  -39.1  -78.9      1   0.09     89   43.4  893.3  894.4  893.3
    9.1  31796  -39.0  -79.0      1   0.09     89   42.6  896.6  897.8  896.7
    9.0  31865  -38.5  -78.9      1   0.09     89   41.2  901.4  902.6  901.5
    8.9  31949  -37.8  -78.6      1   0.09     91   39.7  907.0  908.2  907.0
    8.8  32021  -37.2  -78.3      1   0.10     93   39.2  912.1  913.5  912.2
    8.7  32110  -37.0  -78.0      1   0.10     94   39.4  915.9  917.3  915.9
    8.6  32188  -37.4  -78.1      1   0.11     93   40.0  917.3  918.7  917.4
    8.5  32264  -37.8  -78.1      1   0.11     92   41.1  919.1  920.5  919.1
    8.4  32340  -38.0  -78.1      1   0.11     92   42.3  921.3  922.7  921.3
    8.3  32420  -38.1  -78.2      1   0.11     92   42.9  923.9  925.3  923.9
    8.2  32513  -38.1  -78.3      1   0.11     91   42.8  927.2  928.6  927.2
    8.1  32587  -37.7  -78.2      1   0.11     89   42.6  932.0  933.6  932.1
    8.0  32677  -37.8  -78.3      1   0.11     87   42.3  935.0  936.5  935.1
    7.9  32762  -38.0  -78.4      1   0.11     86   41.9  937.6  939.1  937.7
    7.8  32855  -37.9  -78.3      1   0.11     87   41.5  941.3  942.8  941.3
    7.7  32932  -38.1  -78.3      1   0.11     89   41.7  944.3  945.8  944.3
    7.6  33027  -37.7  -78.4      1   0.11     90   42.5  949.3  950.9  949.4
    7.5  33113  -37.0  -78.4      1   0.12     90   43.1  955.7  957.3  955.7
    7.4  33208  -35.9  -77.9      1   0.13     92   43.9  963.9  965.7  964.0
    7.3  33303  -35.7  -77.7      1   0.13     94   44.3  968.2  970.1  968.3
    7.2  33399  -35.9  -77.7      1   0.13     93   43.0  971.2  973.1  971.3
    7.1  33490  -35.9  -77.7      1   0.13     90   42.0  975.2  977.1  975.2
