Latitude: 22.312 Longitude: 114.17
-----------------------------------------------------------------------------
   PRES   HGHT   TEMP   DWPT   RELH   MIXR   DRCT   SPED   THTA   THTE   THTV
    hPa      m      C      C      %   g/kg    deg    m/s      K      K      K 
-----------------------------------------------------------------------------
 1000.0     31                                                               
  996.1     66   29.0   27.4     91  23.65    256    1.0  302.5  373.1  306.7
  993.8     86   28.5   27.4     94  23.70    267    1.5  302.2  372.9  306.4
  992.6     97   28.4   27.3     94  23.63    266    1.7  302.2  372.7  306.5
  991.3    109   28.3   27.1     93  23.38    264    1.8  302.2  372.0  306.4
  990.3    118   28.1   27.0     94  23.22    263    1.9  302.1  371.3  306.3
  989.4    126   28.1   27.0     94  23.18    261    2.0  302.2  371.3  306.3
  988.4    135   28.0   26.9     94  23.11    260    2.0  302.2  371.1  306.3
  987.5    143   28.0   26.8     93  23.02    258    2.0  302.2  370.8  306.3
  986.7    151   27.9   26.8     93  23.01    257    2.0  302.2  370.8  306.4
  985.9    158   27.9   26.7     94  22.97    256    2.0  302.2  370.7  306.4
  985.1    165   27.8   26.7     94  22.94    256    2.0  302.3  370.7  306.4
  984.1    174   27.8   26.6     94  22.88    255    2.0  302.3  370.5  306.4
  983.1    183   27.8   26.6     93  22.83    255    2.0  302.4  370.5  306.5
  982.0    193   27.7   26.6     94  22.93    254    2.0  302.5  370.9  306.6
  980.8    204   27.6   26.6     94  22.90    254    2.0  302.5  370.8  306.6
  979.6    215   27.5   26.6     95  22.90    255    2.0  302.5  370.8  306.6
  978.3    227   27.5   26.5     95  22.83    255    2.1  302.5  370.6  306.6
  977.2    237   27.4   26.6     95  22.92    255    2.1  302.5  370.9  306.6
  976.1    247   27.3   26.4     95  22.78    255    2.2  302.5  370.5  306.6
  975.2    255   27.3   26.0     92  22.19    255    2.3  302.6  368.9  306.6
  974.0    266   27.3   26.0     93  22.29    255    2.3  302.7  369.2  306.7
  972.9    276   27.1   26.4     96  22.74    256    2.4  302.6  370.5  306.7
  972.0    284   26.9   26.3     97  22.74    256    2.5  302.5  370.4  306.6
  971.1    292   26.9   26.1     96  22.47    256    2.5  302.6  369.6  306.6
  970.1    302   27.0   25.8     93  22.00    256    2.6  302.8  368.4  306.7
  969.1    311   27.0   25.7     93  21.90    256    2.6  302.8  368.2  306.8
  968.2    319   26.9   25.6     93  21.84    256    2.6  302.8  368.0  306.8
  967.2    328   26.8   25.6     93  21.85    256    2.6  302.9  368.1  306.8
  966.3    336   26.7   25.7     94  21.98    256    2.6  302.8  368.5  306.8
  965.6    343   26.6   25.8     95  22.16    255    2.6  302.8  368.9  306.7
  964.6    352   26.6   25.7     95  22.09    253    2.5  302.8  368.7  306.8
  963.6    362   26.5   25.5     94  21.85    251    2.5  302.8  368.1  306.8
  962.5    372   26.4   25.5     95  21.80    249    2.6  302.9  367.9  306.8
  961.6    380   26.3   25.4     95  21.75    247    2.6  302.8  367.8  306.8
  961.0    386   26.3   25.3     94  21.58    245    2.6  302.8  367.2  306.7
  960.3    392   26.3   25.1     93  21.28    242    2.7  302.9  366.5  306.8
  959.4    400   26.3   25.0     93  21.27    240    2.8  303.0  366.5  306.9
  958.6    408   26.2   25.0     93  21.23    238    3.0  303.0  366.4  306.8
  957.8    415   26.2   24.8     92  21.06    237    3.1  303.1  365.9  306.9
  957.0    423   26.1   24.9     93  21.16    236    3.3  303.0  366.2  306.8
  956.1    431   26.0   25.0     94  21.30    235    3.5  303.0  366.6  306.8
  955.1    440   25.9   24.9     94  21.20    235    3.7  303.0  366.3  306.8
  954.0    450   26.0   24.7     92  20.90    235    3.9  303.2  365.6  307.0
  953.1    458   26.0   24.6     92  20.88    235    4.0  303.3  365.6  307.0
  952.2    467   25.9   24.7     93  20.99    236    4.2  303.2  365.9  307.0
  951.2    476   25.6   24.8     95  21.20    237    4.4  303.1  366.4  306.9
  950.3    485   25.5   24.7     95  21.03    237    4.5  303.0  365.8  306.8
  949.3    494   25.5   24.6     95  21.00    238    4.6  303.1  365.8  306.9
  948.2    504   25.4   24.6     96  21.02    239    4.8  303.1  365.9  306.9
  947.2    514   25.3   24.7     97  21.12    240    4.9  303.1  366.1  306.9
  946.2    523   25.1   24.9     99  21.38    241    5.0  303.0  366.8  306.9
  945.0    534   25.0   24.9    100  21.44    242    5.1  303.0  367.0  306.8
  943.9    544   24.9   24.8     99  21.26    243    5.2  303.0  366.5  306.8
  942.9    554   24.8   24.7     99  21.27    243    5.2  303.0  366.5  306.9
  941.8    565   24.8   24.8    100  21.31    244    5.3  303.1  366.8  307.0
  940.6    576   24.7   24.5     99  21.03    244    5.4  303.1  365.9  306.9
  939.5    586   24.7   24.6     99  21.20    245    5.5  303.2  366.6  307.1
  938.6    594   24.7   24.3     98  20.79    245    5.6  303.3  365.4  307.0
  937.8    602   24.7   23.7     94  20.08    245    5.7  303.4  363.4  307.0
  936.9    610   24.6   24.1     97  20.53    246    5.8  303.4  364.7  307.1
  935.9    619   24.6   24.6    100  21.19    246    5.9  303.4  366.8  307.3
  935.0    629   24.6   24.6    100  21.32    246    6.0  303.6  367.3  307.4
  933.8    639   24.6   24.6    100  21.24    247    6.0  303.6  367.1  307.4
  932.5    652   24.4   24.3    100  20.93    247    6.0  303.5  366.1  307.3
  931.2    664   24.4   24.3    100  20.96    248    6.0  303.6  366.3  307.4
  930.2    674   24.4   24.1     99  20.76    248    5.9  303.7  365.9  307.5
  929.3    682   24.2   23.6     96  20.15    249    5.9  303.7  363.9  307.3
  928.4    691   24.2   23.6     96  20.09    250    5.8  303.8  363.9  307.4
  927.4    700   24.3   23.2     94  19.70    250    5.6  304.0  362.9  307.5
  926.4    710   24.3   23.3     94  19.76    251    5.5  304.0  363.2  307.6
  925.2    721   24.3   23.2     94  19.72    251    5.4  304.1  363.2  307.7
  925.0    723   24.3   23.2     93  19.66    252    5.3  304.1  363.0  307.7
  924.1    732   24.3   23.0     92  19.46    252    5.3  304.2  362.6  307.8
  923.1    741   24.4   22.9     91  19.35    252    5.2  304.4  362.4  307.9
  922.3    748   24.3   22.9     92  19.44    251    5.1  304.4  362.7  308.0
  921.6    755   24.3   22.9     92  19.43    251    5.0  304.4  362.7  308.0
  920.8    763   24.3   22.7     91  19.25    250    5.0  304.5  362.3  308.0
  919.8    773   24.2   22.6     91  19.12    249    5.0  304.6  361.9  308.1
  918.8    782   24.2   22.4     90  18.91    248    5.1  304.6  361.4  308.0
  917.8    792   24.2   22.2     89  18.69    247    5.1  304.7  360.8  308.1
  916.9    801   24.2   22.1     88  18.59    246    5.2  304.9  360.7  308.2
  916.0    809   24.2   22.1     88  18.59    245    5.2  304.9  360.8  308.3
  915.1    817   24.1   22.0     88  18.50    244    5.3  304.9  360.5  308.3
  914.2    826   24.1   22.0     88  18.46    244    5.4  304.9  360.4  308.3
  913.4    834   24.0   21.9     88  18.40    243    5.4  305.0  360.3  308.3
  912.6    842   24.0   21.9     88  18.46    243    5.4  305.0  360.4  308.3
  911.8    850   23.9   21.9     89  18.44    242    5.3  305.0  360.4  308.3
  911.0    857   23.9   21.8     88  18.37    242    5.3  305.0  360.3  308.4
  910.2    864   23.9   21.8     88  18.37    242    5.2  305.1  360.3  308.4
  909.5    872   23.8   21.7     88  18.23    243    5.1  305.1  359.9  308.4
  908.6    880   23.8   21.5     87  18.02    243    5.0  305.2  359.3  308.4
  907.7    889   23.9   21.2     85  17.68    244    4.8  305.4  358.5  308.6
  906.9    897   24.0   21.0     84  17.57    245    4.7  305.5  358.4  308.7
  906.1    905   23.9   21.0     84  17.53    246    4.6  305.6  358.4  308.8
  905.3    913   23.9   20.8     83  17.38    248    4.4  305.6  358.0  308.8
  904.5    920   23.9   20.6     82  17.15    249    4.3  305.7  357.4  308.8
  903.7    928   23.9   20.5     81  17.04    251    4.2  305.8  357.1  308.9
  903.0    935   23.9   20.2     80  16.69    252    4.1  305.8  356.1  308.9
  902.1    943   24.0   19.7     77  16.23    252    4.1  306.0  354.9  308.9
  901.4    951   24.0   19.6     76  16.16    253    4.1  306.1  354.9  309.1
  900.6    958   24.0   19.6     77  16.18    253    4.0  306.1  355.0  309.1
  899.7    967   23.9   19.6     77  16.16    253    4.1  306.2  354.9  309.1
  898.6    977   23.8   19.5     77  16.06    253    4.1  306.2  354.7  309.1
  897.5    988   23.8   19.3     76  15.94    252    4.2  306.2  354.4  309.2
  896.5    998   23.7   19.3     76  15.94    252    4.3  306.3  354.4  309.2
  895.6   1007   23.7   19.5     77  16.09    252    4.5  306.4  355.0  309.3
  894.8   1015   23.7   19.6     78  16.22    252    4.6  306.4  355.4  309.3
  893.9   1023   23.7   19.7     79  16.39    252    4.7  306.5  356.0  309.5
  893.0   1032   23.6   19.8     79  16.46    253    4.9  306.5  356.3  309.6
  892.2   1041   23.6   19.7     79  16.41    254    5.0  306.6  356.2  309.6
  891.4   1048   23.5   19.7     79  16.42    254    5.1  306.6  356.2  309.6
  890.5   1058   23.5   19.8     80  16.52    255    5.2  306.6  356.6  309.6
  889.3   1069   23.4   19.8     80  16.56    256    5.2  306.6  356.7  309.7
  888.3   1079   23.3   19.7     80  16.50    256    5.2  306.7  356.6  309.7
  887.4   1088   23.3   19.7     80  16.50    256    5.2  306.7  356.7  309.7
  886.5   1097   23.2   19.8     81  16.58    256    5.2  306.7  356.9  309.8
  885.6   1105   23.1   19.7     81  16.54    256    5.1  306.7  356.8  309.8
  884.7   1114   23.1   19.7     81  16.52    256    5.1  306.8  356.8  309.8
  883.8   1124   23.0   19.6     81  16.49    256    5.1  306.8  356.6  309.8
  882.9   1132   22.9   19.5     81  16.40    255    5.1  306.8  356.4  309.8
  882.0   1141   22.9   19.4     81  16.29    255    5.2  306.9  356.2  309.8
  881.0   1151   22.9   19.2     79  16.06    255    5.3  307.0  355.7  310.0
  879.9   1162   23.0   18.9     78  15.84    254    5.4  307.1  355.1  310.0
  878.9   1172   23.0   18.8     77  15.74    255    5.6  307.2  354.9  310.1
  877.9   1182   22.9   18.7     77  15.67    255    5.7  307.3  354.8  310.1
  876.9   1192   22.8   18.6     77  15.61    255    5.9  307.3  354.7  310.2
  875.9   1201   22.8   18.6     77  15.61    255    6.1  307.3  354.7  310.2
  875.1   1210   22.7   18.5     77  15.52    255    6.2  307.3  354.4  310.2
  874.2   1219   22.7   18.4     76  15.37    255    6.3  307.4  354.1  310.3
  873.2   1229   22.6   18.3     76  15.30    255    6.4  307.5  353.9  310.3
  872.2   1239   22.6   18.0     75  15.04    254    6.4  307.5  353.2  310.3
  871.2   1249   22.6   17.6     74  14.70    253    6.3  307.6  352.2  310.3
  870.4   1257   22.6   17.3     72  14.40    252    6.2  307.7  351.4  310.3
  869.7   1264   22.5   17.1     71  14.22    251    6.1  307.7  350.9  310.3
  868.8   1273   22.5   16.9     70  14.05    250    5.9  307.8  350.5  310.4
  867.9   1282   22.5   16.8     70  14.02    248    5.7  307.8  350.5  310.4
  866.8   1293   22.4   16.8     71  14.06    247    5.5  307.8  350.6  310.4
  865.6   1305   22.3   16.7     70  13.91    245    5.3  307.9  350.2  310.5
  864.6   1315   22.2   16.6     70  13.86    244    5.1  307.9  350.1  310.5
  863.5   1326   22.2   16.5     70  13.84    243    5.0  307.9  350.1  310.5
  862.5   1336   22.1   16.4     70  13.73    243    4.9  308.0  349.8  310.5
  861.7   1345   22.0   16.4     70  13.71    242    4.8  308.0  349.7  310.5
  860.7   1354   22.0   16.3     70  13.71    243    4.8  308.0  349.8  310.6
  859.7   1364   21.9   16.3     70  13.65    244    4.8  308.1  349.6  310.6
  858.9   1373   21.8   16.2     70  13.57    245    4.8  308.1  349.4  310.6
  858.0   1381   21.8   16.1     70  13.57    246    4.9  308.1  349.5  310.6
  857.0   1392   21.7   16.1     70  13.59    248    5.0  308.2  349.6  310.7
  855.9   1404   21.7   16.0     70  13.45    249    5.1  308.2  349.2  310.7
  854.9   1414   21.7   15.8     69  13.30    250    5.2  308.3  348.9  310.8
  854.0   1423   21.7   15.8     69  13.34    252    5.2  308.4  349.1  310.9
  853.1   1432   21.6   15.9     70  13.41    253    5.3  308.4  349.3  310.9
  852.2   1441   21.5   15.9     70  13.45    253    5.4  308.4  349.5  310.9
  851.3   1450   21.5   15.8     70  13.39    254    5.4  308.5  349.3  310.9
  850.6   1457   21.4   15.7     70  13.34    254    5.5  308.5  349.2  311.0
  850.0   1463   21.4   15.8     70  13.37    254    5.5  308.5  349.4  311.0
  849.8   1465   21.4   15.8     70  13.39    253    5.5  308.6  349.5  311.0
  848.9   1475   21.5   16.3     72  13.87    253    5.5  308.7  351.1  311.3
  847.9   1485   21.4   16.5     74  14.06    252    5.4  308.8  351.7  311.4
  847.1   1494   21.4   16.3     73  13.92    251    5.4  308.8  351.4  311.4
  846.3   1501   21.4   16.3     73  13.93    250    5.4  308.9  351.4  311.5
  845.5   1510   21.3   16.2     73  13.85    250    5.4  308.9  351.2  311.4
  844.4   1520   21.3   15.9     71  13.59    249    5.4  309.0  350.6  311.6
  843.3   1533   21.4   15.8     70  13.47    248    5.4  309.2  350.4  311.7
  842.3   1543   21.3   15.7     70  13.45    248    5.4  309.3  350.5  311.8
  841.5   1551   21.3   15.7     70  13.41    248    5.4  309.3  350.4  311.8
  840.8   1558   21.2   15.5     70  13.30    249    5.4  309.3  350.1  311.8
  839.7   1569   21.3   15.2     68  13.06    249    5.4  309.5  349.5  311.9
  838.6   1581   21.2   14.9     67  12.79    250    5.4  309.6  348.8  311.9
  837.7   1590   21.2   14.6     66  12.54    250    5.4  309.6  348.1  311.9
  836.8   1599   21.2   14.6     66  12.63    251    5.4  309.7  348.4  312.0
  835.9   1609   21.1   14.7     67  12.66    252    5.4  309.7  348.5  312.0
  834.8   1620   21.0   14.6     67  12.58    253    5.5  309.7  348.4  312.1
  833.7   1631   20.9   14.6     67  12.64    254    5.5  309.8  348.6  312.1
  832.5   1644   20.8   14.4     67  12.52    255    5.5  309.8  348.2  312.1
  831.6   1654   20.8   14.3     66  12.39    255    5.6  309.8  347.9  312.1
  830.9   1661   20.7   14.3     67  12.42    256    5.7  309.8  348.0  312.1
  830.0   1670   20.7   14.3     67  12.43    256    5.7  309.9  348.1  312.2
  829.1   1679   20.7   14.1     66  12.30    256    5.8  310.0  347.8  312.3
  828.1   1690   20.6   14.0     66  12.24    255    5.9  310.0  347.7  312.3
  827.0   1701   20.5   14.1     66  12.30    254    6.0  310.1  347.9  312.3
  825.9   1713   20.5   14.0     66  12.27    254    6.1  310.1  347.9  312.4
  825.1   1721   20.5   14.0     66  12.25    252    6.2  310.2  347.9  312.5
  824.5   1728   20.5   14.1     67  12.39    251    6.2  310.2  348.4  312.6
  823.6   1737   20.4   14.3     68  12.54    250    6.3  310.3  348.9  312.6
  822.7   1747   20.3   14.1     67  12.42    248    6.3  310.3  348.5  312.6
  821.8   1756   20.3   13.9     66  12.21    247    6.3  310.4  348.0  312.7
  820.9   1766   20.3   13.7     66  12.13    246    6.3  310.5  347.9  312.7
  819.8   1777   20.3   13.7     66  12.11    245    6.2  310.6  347.9  312.8
  818.6   1789   20.2   13.4     65  11.90    244    6.2  310.6  347.4  312.9
  817.7   1799   20.2   13.2     64  11.74    243    6.1  310.7  346.9  312.9
  816.9   1807   20.1   13.2     64  11.78    243    6.0  310.7  347.1  312.9
  815.9   1818   20.1   12.9     63  11.54    243    6.0  310.8  346.4  312.9
  814.7   1831   20.1   12.5     62  11.25    243    5.9  310.9  345.7  313.0
  813.6   1842   20.0   12.6     62  11.32    243    5.8  310.9  345.9  313.1
  812.6   1854   19.9   12.6     63  11.34    244    5.8  310.9  346.0  313.1
  811.5   1865   19.8   12.5     63  11.30    245    5.8  311.0  345.9  313.1
  810.7   1874   19.7   12.4     63  11.27    245    5.7  311.0  345.8  313.1
  810.0   1881   19.7   12.5     63  11.34    246    5.7  311.0  346.0  313.1
  809.2   1890   19.6   12.6     64  11.39    247    5.7  311.0  346.2  313.1
  808.3   1900   19.5   12.5     64  11.32    247    5.6  311.0  346.0  313.1
  807.3   1910   19.4   12.5     64  11.35    248    5.6  311.0  346.1  313.1
  806.3   1920   19.3   12.5     64  11.34    248    5.5  311.0  346.1  313.2
  805.4   1930   19.3   12.4     64  11.29    248    5.4  311.1  346.0  313.2
  804.3   1942   19.2   12.1     64  11.11    248    5.3  311.1  345.5  313.2
  803.1   1955   19.1   11.8     63  10.91    247    5.2  311.2  344.9  313.2
  802.0   1966   19.0   11.9     63  11.00    247    5.1  311.2  345.2  313.2
  801.1   1976   18.9   12.1     64  11.12    245    5.0  311.2  345.6  313.3
  800.5   1983   18.9   12.1     65  11.19    244    4.9  311.2  345.8  313.3
  799.8   1991   18.8   12.2     66  11.27    242    4.7  311.2  346.0  313.3
  798.8   2001   18.7   12.2     66  11.25    240    4.6  311.2  346.0  313.3
  797.7   2013   18.6   11.9     65  11.02    238    4.5  311.3  345.4  313.3
  796.8   2022   18.6   11.6     64  10.86    236    4.4  311.3  345.0  313.4
  796.1   2030   18.6   11.6     64  10.87    234    4.3  311.4  345.0  313.4
  795.1   2041   18.5   11.5     64  10.78    232    4.2  311.4  344.8  313.4
  794.0   2052   18.4   11.1     62  10.53    231    4.1  311.5  344.1  313.4
  793.2   2061   18.4   11.0     62  10.49    230    3.9  311.5  344.1  313.5
  792.4   2070   18.3   11.2     63  10.63    230    3.8  311.5  344.5  313.5
  791.5   2080   18.3   11.0     62  10.50    230    3.6  311.6  344.2  313.6
  790.5   2090   18.3   10.9     62  10.45    230    3.5  311.7  344.2  313.7
  789.5   2102   18.2   10.9     62  10.41    231    3.3  311.7  344.1  313.7
  788.5   2112   18.2   10.7     62  10.34    233    3.2  311.8  343.9  313.7
  787.7   2121   18.1   10.7     62  10.35    234    3.0  311.8  344.0  313.7
  786.9   2130   18.0   10.8     63  10.42    235    2.9  311.8  344.2  313.8
  785.9   2141   17.9   10.8     63  10.43    237    2.8  311.8  344.2  313.7
  785.0   2151   17.8   10.7     63  10.39    238    2.7  311.8  344.1  313.7
  784.1   2160   17.7   10.7     63  10.35    239    2.6  311.8  343.9  313.7
  783.4   2169   17.7   10.6     63  10.33    239    2.6  311.8  343.9  313.8
  782.7   2176   17.6   10.6     64  10.33    239    2.5  311.8  343.9  313.8
  781.8   2185   17.5   10.6     64  10.31    239    2.5  311.8  343.9  313.8
  780.9   2195   17.4   10.5     64  10.28    238    2.5  311.9  343.8  313.8
  780.1   2204   17.4   10.4     64  10.23    238    2.4  311.9  343.7  313.8
  779.4   2211   17.4   10.3     63  10.17    237    2.4  312.0  343.6  313.9
  778.7   2220   17.3   10.3     63  10.13    236    2.3  312.0  343.5  313.9
  777.8   2229   17.3   10.1     63  10.05    235    2.3  312.1  343.3  313.9
  777.1   2237   17.2   10.1     63  10.02    234    2.2  312.1  343.3  314.0
  776.4   2245   17.2   10.1     63  10.06    232    2.1  312.1  343.4  314.0
  775.6   2254   17.2   10.1     63  10.07    231    2.0  312.2  343.5  314.1
  774.7   2264   17.1   10.1     64  10.10    228    1.9  312.2  343.6  314.1
  773.6   2276   17.0   10.1     64  10.08    226    1.8  312.2  343.6  314.1
  772.7   2286   17.0   10.0     63  10.04    223    1.7  312.3  343.6  314.2
  771.9   2295   17.0    9.9     63   9.98    220    1.7  312.4  343.5  314.3
  771.1   2304   16.9    9.8     63   9.92    217    1.6  312.4  343.3  314.3
  770.3   2313   16.8    9.8     63   9.90    214    1.6  312.4  343.2  314.2
  769.3   2323   16.7    9.8     64   9.93    211    1.6  312.4  343.3  314.3
  768.5   2333   16.7    9.8     64   9.96    210    1.7  312.4  343.5  314.3
  767.8   2340   16.6    9.9     64  10.01    209    1.7  312.5  343.7  314.4
  767.1   2348   16.6   10.0     65  10.12    210    1.8  312.5  344.1  314.4
  766.2   2358   16.6   10.0     65  10.13    210    1.9  312.6  344.2  314.5
  765.1   2371   16.5   10.0     66  10.16    212    2.0  312.7  344.3  314.6
  763.8   2384   16.4   10.0     66  10.12    213    2.1  312.7  344.3  314.6
  762.9   2395   16.4    9.8     65  10.04    215    2.2  312.8  344.1  314.7
  762.1   2403   16.3    9.8     65  10.03    216    2.3  312.8  344.1  314.7
  761.4   2411   16.2    9.9     66  10.11    218    2.4  312.8  344.3  314.7
  760.6   2420   16.2    9.9     66  10.12    219    2.4  312.8  344.4  314.7
  759.8   2429   16.1    9.8     66  10.09    221    2.5  312.9  344.4  314.8
  759.0   2438   16.1    9.9     67  10.12    222    2.5  312.9  344.5  314.8
  758.0   2449   16.0    9.8     67  10.12    223    2.5  313.0  344.6  314.9
  756.9   2462   15.9    9.8     67  10.08    225    2.5  313.0  344.5  314.9
  755.8   2474   15.8    9.6     66   9.99    226    2.6  313.1  344.3  314.9
  754.9   2484   15.8    9.4     66   9.89    227    2.6  313.1  344.0  315.0
  754.2   2492   15.8    9.3     66   9.81    229    2.6  313.1  343.8  315.0
  753.4   2502   15.7    9.3     66   9.82    230    2.6  313.2  343.9  315.1
  752.4   2512   15.7    9.2     66   9.78    232    2.7  313.3  343.9  315.1
  751.6   2522   15.6    9.1     65   9.73    233    2.7  313.3  343.7  315.1
  751.0   2529   15.6    9.1     65   9.74    234    2.8  313.3  343.8  315.2
  750.2   2537   15.5    9.1     66   9.74    235    2.8  313.4  343.9  315.2
  749.3   2548   15.4    9.0     66   9.68    235    2.8  313.4  343.7  315.2
  748.3   2559   15.4    8.9     66   9.64    236    2.8  313.4  343.6  315.2
  747.5   2569   15.3    8.9     66   9.63    236    2.8  313.4  343.6  315.2
  746.7   2577   15.2    8.8     66   9.60    237    2.7  313.5  343.5  315.3
  745.8   2587   15.2    8.8     66   9.58    237    2.6  313.5  343.5  315.3
  744.9   2598   15.1    8.7     66   9.52    238    2.5  313.5  343.4  315.3
  744.0   2608   15.0    8.6     65   9.47    238    2.4  313.6  343.3  315.4
  743.1   2618   15.1    8.5     65   9.44    239    2.3  313.7  343.3  315.5
  742.2   2629   15.0    8.4     65   9.36    241    2.2  313.8  343.2  315.6
  741.3   2639   15.0    8.1     63   9.20    243    2.0  313.9  342.8  315.6
  740.6   2647   15.0    8.0     63   9.13    245    1.9  314.0  342.7  315.7
  739.8   2656   14.9    8.0     63   9.14    248    1.9  314.0  342.7  315.7
  738.9   2667   14.9    7.8     62   9.01    250    1.8  314.0  342.4  315.7
  738.0   2676   14.9    7.4     61   8.82    253    1.8  314.2  341.9  315.8
  737.2   2686   14.9    7.3     61   8.76    254    1.7  314.2  341.8  315.9
  736.2   2697   14.8    7.2     60   8.72    255    1.7  314.3  341.8  316.0
  735.4   2707   14.8    7.2     60   8.71    255    1.7  314.4  341.9  316.1
  734.5   2717   14.8    7.1     60   8.66    254    1.6  314.5  341.8  316.1
  733.7   2726   14.8    7.0     60   8.62    251    1.6  314.6  341.8  316.2
  732.8   2737   14.8    6.9     59   8.56    247    1.6  314.7  341.7  316.3
  731.7   2749   14.7    6.8     59   8.52    241    1.5  314.8  341.7  316.4
  730.8   2760   14.7    6.7     59   8.47    235    1.5  314.8  341.6  316.4
  729.9   2771   14.6    6.7     59   8.48    228    1.5  314.8  341.6  316.4
  728.9   2782   14.5    6.7     59   8.47    222    1.6  314.9  341.6  316.5
  728.0   2792   14.4    6.6     59   8.43    216    1.7  314.9  341.6  316.5
  727.3   2801   14.4    6.6     59   8.42    212    1.8  314.9  341.5  316.5
  726.7   2808   14.3    6.6     60   8.45    209    1.9  314.9  341.6  316.5
  725.9   2817   14.2    6.7     60   8.51    207    2.0  314.9  341.9  316.6
  724.8   2829   14.2    6.7     61   8.54    206    2.1  315.0  342.0  316.6
  723.7   2842   14.1    6.6     61   8.48    207    2.2  315.0  341.8  316.6
  722.8   2853   14.0    6.5     61   8.45    207    2.3  315.0  341.7  316.6
  722.1   2861   13.9    6.5     61   8.44    208    2.4  315.0  341.7  316.6
  721.3   2870   13.8    6.4     61   8.42    210    2.4  315.0  341.7  316.6
  720.3   2882   13.8    6.0     60   8.20    211    2.5  315.1  341.1  316.7
  719.4   2893   13.7    5.5     58   7.92    212    2.5  315.2  340.3  316.7
  718.4   2904   13.7    5.7     58   8.01    212    2.5  315.2  340.7  316.8
  717.5   2916   13.6    6.0     60   8.18    213    2.5  315.3  341.2  316.8
  716.4   2927   13.5    6.1     61   8.29    213    2.5  315.3  341.6  316.9
  715.6   2938   13.4    6.1     61   8.27    212    2.5  315.3  341.6  316.9
  714.8   2947   13.4    6.0     61   8.25    211    2.4  315.4  341.5  316.9
  714.0   2956   13.3    5.8     60   8.15    210    2.4  315.4  341.3  317.0
  713.3   2964   13.3    5.7     60   8.06    210    2.3  315.4  341.0  317.0
  712.5   2973   13.2    5.5     60   7.99    209    2.3  315.5  340.9  317.0
  711.7   2983   13.2    5.1     58   7.77    208    2.2  315.6  340.3  317.1
  710.9   2993   13.2    5.0     57   7.71    207    2.1  315.7  340.2  317.1
  709.9   3005   13.2    4.9     57   7.66    206    2.1  315.8  340.2  317.3
  709.0   3015   13.3    4.4     55   7.44    206    2.1  316.0  339.8  317.5
  708.3   3024   13.4    3.8     52   7.14    206    2.0  316.2  339.0  317.6
  707.5   3033   13.5    3.5     51   7.00    206    2.0  316.4  338.8  317.7
  706.8   3041   13.5    3.6     51   7.04    205    1.9  316.5  339.0  317.8
  706.3   3048   13.4    3.5     51   7.00    206    1.9  316.5  338.9  317.8
  705.6   3056   13.4    3.7     52   7.08    206    1.9  316.6  339.2  317.9
  704.8   3065   13.3    4.2     54   7.34    206    1.9  316.6  340.1  318.0
  704.0   3075   13.2    4.9     57   7.76    207    1.9  316.6  341.4  318.1
  703.3   3084   13.1    6.0     62   8.37    207    1.9  316.6  343.2  318.2
  702.4   3094   13.0    6.4     64   8.63    209    1.9  316.5  344.0  318.2
  701.6   3104   12.9    6.4     65   8.63    210    1.9  316.5  344.0  318.2
  701.0   3112   12.8    6.5     65   8.71    211    2.0  316.5  344.2  318.2
  700.3   3120   12.8    6.5     65   8.68    213    2.0  316.6  344.2  318.2
  700.0   3123   12.8    6.3     65   8.58    215    2.1  316.6  343.9  318.2
  699.4   3130   12.8    5.8     63   8.33    215    2.1  316.7  343.2  318.3
  698.5   3141   12.7    5.6     62   8.20    216    2.2  316.7  342.9  318.3
  697.6   3151   12.6    5.6     62   8.24    218    2.2  316.8  343.0  318.3
  696.7   3162   12.6    5.0     60   7.89    219    2.3  316.8  342.0  318.4
  695.9   3173   12.6    6.2     65   8.59    220    2.3  316.9  344.3  318.6
  695.1   3182   12.6    6.6     67   8.85    221    2.3  317.0  345.2  318.7
  694.4   3190   12.5    6.4     66   8.73    221    2.2  317.0  344.9  318.7
  693.7   3199   12.5    6.2     65   8.60    221    2.2  317.1  344.5  318.7
  693.0   3208   12.5    6.0     65   8.49    220    2.1  317.2  344.2  318.8
  692.4   3215   12.4    5.8     64   8.40    219    1.9  317.2  344.0  318.8
  691.6   3224   12.4    5.7     63   8.32    217    1.8  317.3  343.8  318.9
  690.7   3235   12.4    5.3     62   8.10    215    1.6  317.4  343.2  318.9
  689.7   3248   12.3    4.8     60   7.85    211    1.4  317.4  342.6  319.0
  688.8   3259   12.3    4.7     60   7.80    207    1.3  317.5  342.5  319.0
  688.1   3267   12.2    4.5     59   7.73    201    1.2  317.6  342.3  319.0
  687.4   3276   12.2    4.4     59   7.66    196    1.2  317.6  342.2  319.1
  686.7   3284   12.2    4.6     60   7.77    191    1.2  317.7  342.6  319.2
  685.9   3294   12.1    4.9     61   7.94    187    1.2  317.7  343.1  319.2
  685.0   3305   12.0    4.9     62   7.98    185    1.3  317.7  343.2  319.2
  684.2   3315   11.9    4.9     62   7.98    185    1.4  317.7  343.2  319.2
  683.4   3324   11.8    4.9     63   7.98    185    1.5  317.7  343.3  319.2
  682.6   3334   11.7    4.9     63   8.01    187    1.6  317.7  343.3  319.2
  681.8   3344   11.6    4.9     63   8.00    188    1.6  317.7  343.3  319.2
  681.1   3353   11.6    4.9     63   7.99    190    1.7  317.7  343.3  319.2
  680.2   3364   11.5    4.9     64   8.00    192    1.8  317.7  343.4  319.3
  679.4   3374   11.4    4.7     64   7.94    194    1.8  317.8  343.2  319.3
  678.6   3383   11.4    4.8     64   7.98    196    1.9  317.8  343.4  319.4
  677.8   3393   11.3    4.8     64   7.97    197    1.9  317.9  343.4  319.4
  677.1   3402   11.2    4.8     64   7.97    199    1.9  317.9  343.5  319.4
  676.4   3410   11.2    4.8     65   8.03    200    1.9  317.9  343.7  319.5
  675.7   3419   11.1    4.9     66   8.09    201    1.9  317.9  343.8  319.5
  675.0   3428   11.0    5.2     68   8.27    202    1.9  317.9  344.4  319.5
  674.3   3437   10.9    5.4     69   8.41    203    1.9  317.9  344.8  319.5
  673.5   3447   10.8    5.5     70   8.45    203    1.9  317.9  345.0  319.6
  672.7   3456   10.7    5.6     70   8.50    204    2.0  317.9  345.1  319.6
  672.0   3465   10.7    5.5     71   8.50    205    2.0  317.9  345.1  319.6
  671.3   3475   10.6    5.6     71   8.53    207    2.0  317.9  345.2  319.6
  670.5   3483   10.5    5.7     72   8.64    209    2.0  317.9  345.6  319.6
  669.8   3493   10.4    5.8     73   8.67    211    2.0  317.9  345.7  319.6
  668.8   3505   10.3    6.0     75   8.81    213    2.0  317.9  346.1  319.6
  667.7   3519   10.2    6.0     75   8.85    216    2.0  318.0  346.3  319.7
  666.6   3532   10.1    6.0     75   8.82    219    2.0  318.1  346.3  319.8
  665.8   3543   10.1    6.1     76   8.91    223    1.9  318.1  346.6  319.8
  665.0   3553   10.0    6.1     77   8.94    226    1.9  318.2  346.8  319.9
  664.3   3561   10.0    5.9     76   8.82    230    1.8  318.3  346.5  319.9
  663.7   3569   10.0    5.8     75   8.76    233    1.8  318.3  346.3  320.0
  663.0   3577    9.9    5.7     75   8.69    237    1.7  318.4  346.2  320.0
  662.3   3586    9.9    5.5     74   8.60    240    1.7  318.4  345.9  320.1
  661.5   3596    9.8    5.4     74   8.56    243    1.6  318.5  345.9  320.1
  660.6   3608    9.8    5.4     74   8.56    246    1.6  318.5  345.9  320.1
  659.8   3618    9.7    5.3     74   8.53    248    1.5  318.5  345.9  320.2
  659.1   3627    9.6    5.4     75   8.55    249    1.5  318.5  345.9  320.2
  658.4   3635    9.5    5.4     75   8.58    250    1.5  318.5  346.1  320.2
  657.8   3644    9.5    5.3     75   8.54    251    1.5  318.5  345.9  320.2
  657.1   3652    9.4    5.3     75   8.52    252    1.5  318.6  345.9  320.2
  656.4   3661    9.3    5.3     76   8.55    252    1.5  318.6  346.0  320.2
  655.6   3671    9.3    5.3     76   8.56    253    1.6  318.6  346.1  320.3
  654.8   3682    9.2    5.3     77   8.55    254    1.7  318.6  346.0  320.3
  653.8   3694    9.1    5.2     77   8.55    255    1.7  318.7  346.1  320.3
  652.9   3705    9.0    5.2     77   8.53    257    1.8  318.7  346.1  320.3
  652.2   3714    8.9    5.1     77   8.50    259    1.9  318.7  346.0  320.4
  651.5   3723    8.9    5.0     77   8.43    260    2.0  318.8  345.8  320.4
  650.8   3732    8.8    4.9     76   8.36    262    2.1  318.8  345.6  320.4
  650.2   3740    8.8    4.8     76   8.34    264    2.2  318.8  345.6  320.4
  649.4   3750    8.7    4.8     77   8.35    266    2.3  318.8  345.7  320.5
  648.6   3761    8.7    4.6     76   8.24    267    2.4  318.9  345.4  320.5
  647.8   3771    8.6    4.4     75   8.12    269    2.4  318.9  345.1  320.5
  647.0   3781    8.5    4.2     74   8.04    270    2.4  319.0  344.9  320.5
  646.1   3792    8.5    4.1     74   7.96    271    2.4  319.0  344.7  320.6
  645.3   3803    8.4    3.9     73   7.89    272    2.4  319.1  344.5  320.6
  644.6   3812    8.4    3.8     73   7.81    273    2.4  319.2  344.3  320.7
  644.0   3819    8.4    3.7     73   7.80    273    2.3  319.2  344.4  320.7
  643.3   3828    8.3    3.8     73   7.87    274    2.3  319.2  344.6  320.8
  642.6   3837    8.2    3.9     74   7.89    274    2.2  319.3  344.7  320.8
  641.9   3846    8.2    4.0     75   7.95    275    2.2  319.3  344.9  320.8
  641.1   3856    8.1    4.0     75   7.99    275    2.1  319.3  345.0  320.8
  640.4   3866    8.0    4.0     76   7.99    275    2.1  319.3  345.0  320.8
  639.7   3875    7.9    4.0     76   7.99    276    2.1  319.3  345.0  320.8
  638.8   3886    7.8    4.0     77   8.01    276    2.0  319.3  345.1  320.8
  637.9   3898    7.7    3.9     77   7.99    277    2.0  319.3  345.0  320.8
  637.1   3908    7.6    3.8     77   7.93    278    2.0  319.3  344.9  320.8
  636.5   3916    7.5    3.8     77   7.92    279    2.0  319.3  344.9  320.9
  635.8   3925    7.5    3.8     78   7.97    281    1.9  319.4  345.0  320.9
  635.2   3933    7.4    3.8     78   7.96    283    1.9  319.4  345.0  320.9
  634.6   3940    7.3    3.8     78   7.95    285    1.9  319.4  345.0  320.9
  634.0   3948    7.3    3.8     79   7.96    288    1.9  319.4  345.1  320.9
  633.4   3957    7.2    3.8     79   7.95    291    1.9  319.4  345.0  320.9
  632.6   3967    7.1    3.7     79   7.94    294    1.8  319.4  345.0  320.9
  631.8   3978    7.0    3.7     80   7.94    298    1.8  319.4  345.0  320.9
  630.9   3989    6.9    3.6     79   7.88    301    1.9  319.4  344.8  320.9
  630.1   4000    6.8    3.3     78   7.75    304    1.9  319.5  344.5  321.0
  629.2   4011    6.8    3.3     79   7.76    307    1.9  319.6  344.6  321.1
  628.4   4022    6.7    3.1     78   7.66    310    2.0  319.6  344.4  321.1
  627.6   4032    6.7    2.1     72   7.14    312    2.0  319.7  342.9  321.1
  627.1   4039    6.7    1.8     71   6.97    313    2.1  319.8  342.4  321.2
  626.5   4047    6.7    1.9     72   7.03    314    2.2  319.8  342.6  321.2
  625.7   4057    6.6    2.1     73   7.15    315    2.2  319.8  343.0  321.2
  624.8   4069    6.4    3.3     80   7.80    316    2.3  319.8  345.0  321.3
  624.0   4080    6.3    3.9     84   8.13    316    2.4  319.7  346.0  321.3
  623.2   4090    6.2    3.9     85   8.14    317    2.4  319.7  346.0  321.3
  622.5   4100    6.1    4.0     86   8.21    317    2.5  319.7  346.2  321.3
  621.7   4110    6.0    3.9     86   8.17    318    2.5  319.8  346.1  321.3
  621.1   4118    5.9    3.8     86   8.14    318    2.6  319.8  346.0  321.3
  620.4   4127    5.9    3.7     86   8.08    319    2.6  319.8  345.9  321.4
  619.6   4137    5.8    3.7     86   8.07    319    2.7  319.8  345.9  321.4
  618.8   4149    5.7    3.6     86   8.06    320    2.7  319.9  345.9  321.4
  618.0   4159    5.7    3.6     87   8.07    320    2.8  319.9  345.9  321.5
  617.2   4170    5.6    3.7     88   8.14    321    2.8  319.9  346.2  321.5
  616.3   4182    5.5    3.7     88   8.12    321    2.8  320.0  346.2  321.5
  615.3   4194    5.4    3.5     87   8.03    322    2.9  320.0  346.0  321.6
  614.4   4206    5.3    3.4     87   7.98    323    2.9  320.1  345.8  321.6
  613.6   4217    5.3    3.2     86   7.87    323    2.9  320.1  345.5  321.6
  612.8   4227    5.2    2.9     85   7.74    323    2.9  320.1  345.2  321.6
  612.1   4238    5.1    2.9     86   7.73    324    2.9  320.1  345.1  321.6
  611.3   4248    5.0    2.8     85   7.68    324    3.0  320.2  345.0  321.7
  610.6   4258    5.0    2.7     85   7.64    324    3.0  320.2  344.9  321.7
  609.8   4268    4.9    2.5     84   7.54    323    3.0  320.3  344.7  321.7
  608.8   4281    4.9    2.3     84   7.48    323    3.0  320.4  344.6  321.8
  607.9   4294    4.8    2.1     83   7.38    323    3.0  320.4  344.3  321.8
  607.1   4304    4.7    2.1     83   7.35    322    3.0  320.4  344.3  321.9
  606.5   4313    4.6    2.1     83   7.36    322    2.9  320.4  344.3  321.9
  605.7   4323    4.5    2.1     84   7.37    322    2.9  320.5  344.4  321.9
  604.9   4334    4.5    2.0     84   7.35    321    2.9  320.5  344.3  321.9
  604.1   4345    4.4    2.0     85   7.35    321    2.8  320.5  344.4  321.9
  603.1   4358    4.3    2.1     86   7.41    322    2.7  320.5  344.6  322.0
  602.2   4370    4.2    2.1     86   7.42    322    2.6  320.6  344.7  322.0
  601.5   4380    4.1    2.0     86   7.37    323    2.5  320.6  344.6  322.1
  600.9   4389    4.1    1.9     85   7.31    325    2.4  320.7  344.4  322.1
  600.2   4397    4.1    1.7     85   7.26    326    2.3  320.7  344.3  322.1
  599.7   4405    4.1    1.6     84   7.20    328    2.2  320.8  344.2  322.2
  599.2   4412    4.0    1.6     84   7.22    331    2.1  320.8  344.3  322.2
  598.5   4420    4.0    1.6     85   7.22    333    2.1  320.9  344.4  322.3
  597.8   4430    3.9    1.5     84   7.16    336    2.0  321.0  344.3  322.4
  597.1   4440    3.9    1.3     83   7.07    339    2.0  321.0  344.0  322.4
  596.3   4451    3.9    1.2     83   7.03    341    1.9  321.1  344.0  322.5
  595.4   4463    3.8    1.1     83   6.99    343    1.9  321.2  344.0  322.5
  594.6   4474    3.8    1.0     82   6.96    345    2.0  321.2  343.9  322.6
  593.9   4483    3.7    0.9     82   6.92    346    2.0  321.3  343.9  322.6
  593.2   4493    3.6    0.9     82   6.93    347    2.0  321.3  343.9  322.7
  592.6   4501    3.6    0.9     82   6.90    348    2.1  321.4  343.9  322.7
  592.0   4510    3.5    0.8     82   6.85    348    2.2  321.4  343.8  322.7
  591.4   4518    3.5    0.7     82   6.85    349    2.2  321.4  343.8  322.8
  590.8   4526    3.4    0.7     82   6.82    349    2.3  321.5  343.7  322.8
  590.1   4535    3.4    0.7     82   6.83    350    2.4  321.5  343.8  322.8
  589.5   4545    3.3    0.7     83   6.83    350    2.4  321.5  343.8  322.9
  588.8   4554    3.3    0.4     81   6.72    350    2.4  321.6  343.5  322.9
  588.2   4562    3.2    0.2     81   6.64    351    2.5  321.6  343.3  322.9
  587.5   4571    3.2    0.3     81   6.69    351    2.5  321.7  343.6  323.0
  586.9   4580    3.2    0.3     82   6.70    351    2.5  321.8  343.7  323.1
  586.3   4589    3.1    0.2     81   6.66    352    2.5  321.8  343.6  323.1
  585.6   4598    3.0    0.4     82   6.73    352    2.5  321.8  343.8  323.1
  584.8   4608    3.0    0.4     83   6.75    351    2.5  321.8  343.9  323.2
  584.2   4618    2.9    0.3     83   6.74    351    2.4  321.8  343.9  323.2
  583.6   4626    2.8    0.1     82   6.63    350    2.4  321.9  343.6  323.2
  582.9   4635    2.8   -0.0     82   6.58    350    2.3  321.9  343.5  323.2
  582.2   4645    2.7   -0.0     82   6.58    348    2.2  322.0  343.6  323.3
  581.5   4655    2.7    0.1     83   6.64    347    2.1  322.0  343.8  323.3
  580.7   4666    2.6    0.0     83   6.62    346    2.0  322.1  343.8  323.4
  579.9   4677    2.6    0.1     83   6.65    344    1.9  322.2  344.0  323.5
  579.3   4686    2.5    0.1     84   6.68    343    1.8  322.2  344.1  323.5
  578.6   4695    2.5    0.2     85   6.73    341    1.6  322.3  344.3  323.6
  578.0   4703    2.4    0.1     85   6.71    340    1.5  322.3  344.3  323.6
  577.4   4712    2.4    0.1     85   6.71    339    1.4  322.4  344.4  323.7
  576.7   4722    2.4   -0.2     83   6.56    339    1.2  322.5  344.0  323.7
  576.1   4730    2.4   -0.2     83   6.58    339    1.1  322.5  344.1  323.8
  575.5   4739    2.3   -0.2     83   6.58    342    1.0  322.6  344.2  323.8
  574.8   4749    2.3   -0.4     82   6.47    345    0.9  322.6  343.9  323.9
  574.0   4760    2.3   -0.7     81   6.35    350    0.9  322.7  343.6  324.0
  573.3   4769    2.3   -0.9     80   6.27    356    0.9  322.9  343.5  324.1
  572.6   4780    2.3   -1.4     77   6.04      1    1.0  323.0  342.9  324.2
  571.7   4793    2.2   -1.3     78   6.13      5    1.1  323.1  343.3  324.3
  570.9   4805    2.1   -1.1     79   6.20      8    1.2  323.1  343.5  324.3
  570.2   4813    2.1   -1.4     78   6.09     10    1.3  323.2  343.3  324.4
  569.7   4820    2.1   -1.5     77   6.05     11    1.5  323.2  343.2  324.4
  569.2   4828    2.0   -1.5     77   6.03     11    1.6  323.3  343.2  324.4
  568.6   4837    2.0   -1.8     76   5.94     11    1.8  323.3  343.0  324.5
  567.9   4846    2.0   -1.9     75   5.88     11    1.9  323.4  342.8  324.5
  567.2   4857    1.9   -2.0     75   5.84     11    2.0  323.4  342.8  324.6
  566.4   4869    1.8   -2.1     75   5.81     10    2.1  323.5  342.7  324.6
  565.7   4878    1.8   -2.0     76   5.86     10    2.1  323.5  342.9  324.7
  565.1   4886    1.7   -2.0     76   5.84     10    2.1  323.5  342.9  324.7
  564.6   4893    1.7   -2.3     75   5.75      9    2.1  323.6  342.6  324.7
  564.0   4901    1.6   -2.4     74   5.69      9    2.1  323.6  342.5  324.7
  563.4   4910    1.6   -2.7     73   5.58     10    2.1  323.7  342.2  324.8
  562.7   4920    1.6   -2.9     72   5.52     10    2.0  323.8  342.1  324.8
  562.0   4931    1.5   -2.8     73   5.55     10    2.0  323.9  342.3  324.9
  561.4   4940    1.5   -3.2     71   5.41     10    1.9  323.9  341.9  325.0
  560.7   4949    1.5   -3.5     69   5.30     11    1.9  324.1  341.7  325.1
  560.1   4959    1.5   -3.7     68   5.23     11    1.8  324.2  341.6  325.2
  559.3   4969    1.6   -4.3     65   4.97     11    1.8  324.3  340.9  325.3
  558.6   4979    1.6   -4.8     62   4.79     10    1.8  324.4  340.5  325.4
  558.0   4988    1.6   -5.1     61   4.70     10    1.7  324.5  340.3  325.4
  557.4   4997    1.5   -5.2     61   4.67      9    1.7  324.6  340.3  325.5
  556.9   5005    1.5   -5.3     60   4.63      9    1.7  324.6  340.2  325.5
  556.2   5015    1.5   -5.4     60   4.60      8    1.7  324.7  340.2  325.6
  555.5   5025    1.4   -5.5     60   4.59      8    1.6  324.8  340.2  325.7
  554.8   5035    1.4   -5.7     59   4.51      8    1.6  324.8  340.0  325.7
  553.9   5047    1.3   -6.0     58   4.42      9    1.6  324.9  339.8  325.8
  553.1   5059    1.3   -6.0     58   4.44     11    1.5  325.0  340.0  325.9
  552.4   5070    1.3   -5.0     63   4.77     13    1.5  325.1  341.1  326.0
  551.7   5080    1.2   -4.1     68   5.11     16    1.4  325.1  342.3  326.1
  551.0   5090    1.1   -4.8     65   4.89     21    1.4  325.2  341.6  326.2
  550.5   5098    1.1   -4.9     64   4.83     26    1.3  325.2  341.5  326.2
  549.9   5107    1.1   -4.4     67   5.03     32    1.3  325.3  342.2  326.3
  549.2   5116    1.0   -4.4     67   5.06     39    1.4  325.3  342.3  326.3
  548.5   5126    1.0   -5.1     64   4.80     45    1.4  325.4  341.5  326.4
  547.8   5137    0.9   -5.8     61   4.53     50    1.5  325.5  340.7  326.3
  547.2   5146    0.9   -6.9     56   4.17     54    1.6  325.5  339.7  326.4
  546.5   5156    0.9   -7.4     54   4.01     57    1.7  325.7  339.3  326.5
  545.8   5167    0.9   -8.1     51   3.80     60    1.8  325.8  338.7  326.5
  545.1   5177    0.8   -8.4     50   3.72     62    1.9  325.9  338.5  326.6
  544.4   5187    0.8   -7.8     52   3.90     63    2.0  325.9  339.2  326.7
  543.7   5197    0.8   -7.0     56   4.16     64    2.1  326.0  340.1  326.8
  543.0   5207    0.7   -7.0     56   4.16     65    2.2  326.0  340.1  326.8
  542.3   5218    0.6   -7.0     57   4.19     65    2.2  326.0  340.2  326.9
  541.5   5230    0.5   -7.1     57   4.15     66    2.3  326.1  340.1  326.9
  540.7   5241    0.4   -7.7     54   3.96     66    2.3  326.1  339.6  326.9
  540.0   5253    0.4   -8.8     50   3.65     66    2.3  326.2  338.6  326.9
  539.3   5263    0.4  -10.3     44   3.23     67    2.2  326.3  337.5  327.0
  538.6   5274    0.5  -11.1     42   3.06     67    2.2  326.5  337.1  327.1
  537.8   5284    0.5  -12.0     39   2.85     67    2.1  326.7  336.6  327.2
  537.1   5296    0.5  -13.2     35   2.57     68    2.1  326.8  335.8  327.3
  536.3   5308    0.5  -14.5     32   2.33     68    2.0  327.0  335.1  327.4
  535.5   5319    0.5  -15.6     29   2.12     68    2.0  327.1  334.5  327.5
  534.9   5329    0.5  -16.0     28   2.05     67    1.9  327.2  334.4  327.6
  534.2   5339    0.4  -15.3     30   2.18     67    1.9  327.2  334.9  327.7
  533.5   5349    0.3  -14.5     32   2.34     66    1.9  327.2  335.5  327.7
  532.8   5360    0.2  -14.1     33   2.41     65    1.9  327.3  335.7  327.7
  532.2   5369    0.2  -14.1     33   2.42     65    1.9  327.3  335.7  327.8
  531.6   5378    0.1  -13.6     35   2.52     64    1.9  327.3  336.1  327.8
  531.0   5387    0.1  -13.4     36   2.58     63    1.9  327.4  336.4  327.9
  530.4   5396    0.0  -13.4     36   2.57     63    2.0  327.4  336.4  328.0
  529.8   5405   -0.0  -14.6     32   2.33     62    2.0  327.5  335.7  328.0
  529.2   5415   -0.0  -15.9     29   2.10     62    2.1  327.6  335.0  328.0
  528.5   5425   -0.1  -17.2     26   1.89     62    2.1  327.6  334.3  328.0
  527.8   5435   -0.1  -17.7     25   1.80     62    2.1  327.7  334.1  328.1
  527.1   5446   -0.2  -18.2     24   1.73     61    2.2  327.8  333.9  328.1
  526.5   5455   -0.2  -19.4     22   1.57     61    2.2  327.8  333.4  328.1
  525.8   5465   -0.3  -20.4     20   1.44     61    2.2  327.9  333.1  328.2
  525.2   5475   -0.3  -20.4     20   1.44     60    2.2  327.9  333.1  328.2
  524.6   5484   -0.4  -20.4     21   1.45     59    2.1  328.0  333.2  328.3
  524.0   5493   -0.4  -20.1     21   1.48     58    2.1  328.0  333.3  328.3
  523.5   5501   -0.5  -19.7     22   1.54     56    2.1  328.0  333.5  328.3
  522.9   5510   -0.6  -18.2     25   1.75     54    2.1  328.0  334.2  328.4
  522.3   5519   -0.7  -15.0     33   2.28     52    2.1  328.0  336.0  328.4
  521.8   5526   -0.8  -14.2     36   2.44     50    2.1  327.9  336.5  328.4
  521.3   5534   -0.9  -15.3     33   2.24     48    2.1  328.0  335.8  328.4
  520.8   5542   -0.9  -16.6     29   2.01     45    2.1  328.0  335.2  328.4
  520.3   5549   -0.9  -18.1     26   1.78     43    2.1  328.1  334.4  328.4
  519.8   5558   -0.9  -19.1     24   1.63     41    2.1  328.2  334.0  328.5
  519.2   5567   -1.0  -18.0     26   1.79     39    2.1  328.2  334.6  328.5
  518.6   5576   -1.0  -16.5     30   2.03     37    2.2  328.3  335.4  328.7
  518.1   5584   -1.0  -17.6     27   1.86     36    2.2  328.4  335.0  328.7
  517.5   5592   -1.0  -17.7     27   1.85     36    2.2  328.4  335.0  328.8
  517.0   5601   -1.1  -18.2     26   1.78     36    2.2  328.5  334.9  328.9
  516.5   5608   -1.1  -15.1     34   2.30     36    2.2  328.5  336.6  329.0
  516.0   5616   -1.2  -13.9     38   2.54     37    2.2  328.5  337.4  329.0
  515.5   5623   -1.3  -12.8     41   2.77     38    2.2  328.5  338.2  329.1
  515.1   5631   -1.3  -13.8     38   2.55     40    2.3  328.6  337.5  329.1
  514.5   5639   -1.3  -18.8     25   1.69     42    2.3  328.7  334.8  329.1
  513.8   5650   -1.2  -19.9     23   1.54     45    2.4  328.9  334.5  329.2
  513.1   5661   -1.3  -15.4     33   2.25     47    2.5  328.9  336.9  329.4
  512.4   5671   -1.4  -13.6     39   2.63     49    2.6  328.9  338.1  329.4
  511.8   5682   -1.5  -14.0     38   2.53     51    2.8  328.9  337.8  329.4
  511.1   5692   -1.5  -15.6     33   2.23     53    2.9  329.0  336.9  329.5
  510.4   5703   -1.5  -16.0     32   2.15     54    3.0  329.1  336.8  329.6
  509.7   5713   -1.6  -17.4     29   1.92     55    3.2  329.2  336.1  329.6
  509.1   5724   -1.6  -18.6     26   1.73     56    3.3  329.4  335.6  329.7
  508.4   5734   -1.6  -18.8     26   1.71     57    3.4  329.4  335.5  329.8
  507.7   5744   -1.7  -18.7     26   1.73     57    3.5  329.5  335.7  329.8
  507.1   5754   -1.8  -18.7     26   1.73     57    3.5  329.5  335.7  329.8
  506.5   5764   -1.8  -19.4     25   1.64     57    3.5  329.5  335.4  329.9
  505.9   5774   -1.9  -20.4     23   1.49     56    3.5  329.6  335.0  329.9
  505.2   5785   -1.9  -21.1     21   1.40     56    3.5  329.6  334.7  329.9
  504.5   5796   -2.0  -20.9     22   1.44     55    3.4  329.7  334.9  329.9
  503.7   5807   -2.1  -20.4     23   1.50     54    3.3  329.7  335.1  330.0
  503.0   5819   -2.2  -20.9     22   1.45     53    3.2  329.7  335.0  330.0
  502.3   5830   -2.3  -20.4     24   1.51     52    3.1  329.8  335.2  330.1
  501.7   5840   -2.4  -18.1     29   1.84     50    3.0  329.8  336.4  330.1
  501.0   5850   -2.5  -17.6     30   1.92     48    2.9  329.8  336.6  330.2
  500.4   5860   -2.5  -18.1     29   1.85     46    2.8  329.8  336.4  330.2
  500.0   5866   -2.6  -18.2     29   1.84     46    2.8  329.8  336.4  330.2
  499.7   5870   -2.6  -18.2     29   1.83     44    2.8  329.8  336.4  330.2
  499.1   5881   -2.7  -18.4     29   1.80     42    2.8  329.9  336.3  330.2
  498.5   5891   -2.8  -18.7     28   1.75     39    2.9  329.9  336.2  330.2
  497.8   5901   -2.8  -18.8     28   1.74     37    2.9  330.0  336.3  330.3
  497.1   5912   -2.7  -20.5     24   1.51     35    3.0  330.2  335.7  330.5
  496.5   5923   -2.7  -19.0     27   1.72     33    3.2  330.4  336.5  330.7
  495.9   5932   -2.8  -17.3     32   1.99     31    3.3  330.4  337.5  330.8
  495.4   5940   -2.9  -17.6     31   1.94     30    3.4  330.3  337.3  330.7
  494.8   5949   -2.9  -19.3     27   1.68     28    3.5  330.4  336.5  330.7
  494.2   5959   -2.9  -21.2     23   1.43     27    3.5  330.5  335.7  330.8
  493.6   5968   -3.0  -22.1     21   1.32     26    3.6  330.6  335.4  330.8
  493.0   5979   -3.1  -22.7     20   1.26     25    3.6  330.6  335.2  330.8
  492.2   5991   -3.1  -23.4     19   1.18     25    3.6  330.6  335.0  330.9
  491.5   6003   -3.2  -25.9     15   0.95     24    3.5  330.7  334.2  330.9
  490.8   6014   -3.2  -28.7     12   0.73     24    3.4  330.8  333.6  330.9
  490.2   6023   -3.2  -31.3      9   0.57     23    3.3  331.0  333.1  331.1
  489.7   6032   -3.2  -31.0     10   0.59     24    3.1  331.0  333.3  331.2
  489.1   6041   -3.3  -27.4     13   0.83     24    3.0  331.1  334.2  331.2
  488.5   6051   -3.3  -24.7     17   1.06     25    2.8  331.1  335.0  331.3
  487.9   6060   -3.4  -25.9     16   0.95     27    2.7  331.1  334.6  331.3
  487.4   6068   -3.5  -26.7     15   0.88     29    2.6  331.1  334.5  331.3
  486.8   6078   -3.5  -28.3     13   0.77     31    2.5  331.2  334.1  331.4
  486.2   6088   -3.5  -29.6     11   0.68     34    2.5  331.3  333.9  331.5
  485.5   6099   -3.6  -27.7     13   0.81     37    2.4  331.4  334.4  331.5
  484.8   6111   -3.7  -26.6     15   0.90     40    2.4  331.4  334.8  331.6
  484.1   6122   -3.7  -27.8     13   0.80     42    2.4  331.5  334.5  331.6
  483.5   6133   -3.8  -32.0      9   0.54     45    2.4  331.6  333.6  331.7
  482.8   6143   -3.8  -33.3      8   0.48     47    2.4  331.6  333.5  331.7
  482.2   6153   -3.9  -32.7      9   0.51     48    2.4  331.7  333.6  331.8
  481.6   6163   -3.9  -32.5      9   0.52     49    2.4  331.7  333.7  331.8
  481.0   6172   -4.0  -32.6      9   0.52     50    2.4  331.8  333.8  331.9
  480.4   6182   -4.0  -32.5      9   0.52     51    2.4  331.8  333.8  331.9
  479.8   6192   -4.1  -32.3      9   0.53     51    2.3  331.9  333.9  332.0
  479.3   6201   -4.1  -32.9      9   0.50     52    2.3  331.9  333.9  332.0
  478.7   6210   -4.2  -32.9      9   0.50     53    2.3  332.0  333.9  332.1
  478.1   6220   -4.3  -32.6      9   0.52     53    2.3  332.0  334.0  332.1
  477.6   6229   -4.3  -31.5     10   0.58     54    2.2  332.0  334.2  332.1
  477.1   6238   -4.4  -30.9     11   0.61     55    2.2  332.0  334.4  332.2
  476.5   6247   -4.5  -30.3     11   0.65     57    2.1  332.1  334.5  332.2
  475.9   6257   -4.6  -27.3     15   0.86     58    2.1  332.1  335.3  332.2
  475.3   6267   -4.7  -25.7     18   0.99     60    2.1  332.1  335.8  332.3
  474.7   6277   -4.8  -25.0     19   1.07     62    2.1  332.1  336.0  332.3
  474.1   6287   -4.8  -22.5     24   1.33     64    2.0  332.1  337.0  332.4
  473.4   6297   -4.9  -18.9     32   1.81     65    2.0  332.2  338.7  332.5
  472.8   6308   -5.0  -19.3     32   1.77     67    2.0  332.2  338.6  332.5
  472.1   6319   -5.0  -20.1     30   1.65     68    2.0  332.2  338.2  332.6
  471.5   6329   -5.1  -20.5     29   1.59     68    2.0  332.3  338.1  332.6
  470.9   6339   -5.1  -20.9     28   1.54     68    2.0  332.4  338.0  332.7
  470.4   6349   -5.1  -21.8     26   1.43     67    2.0  332.5  337.7  332.8
  469.8   6358   -5.2  -22.6     24   1.33     65    2.0  332.5  337.4  332.8
  469.2   6368   -5.2  -23.6     22   1.22     64    2.1  332.6  337.1  332.9
  468.5   6379   -5.2  -24.5     20   1.12     62    2.2  332.7  336.9  333.0
  467.9   6390   -5.3  -24.4     21   1.14     60    2.3  332.8  337.0  333.0
  467.3   6400   -5.3  -24.4     21   1.14     58    2.4  332.8  337.1  333.1
  466.6   6412   -5.4  -24.8     20   1.10     57    2.6  332.9  337.0  333.1
  466.0   6422   -5.4  -26.4     17   0.95     56    2.7  333.0  336.6  333.2
  465.4   6431   -5.4  -28.0     15   0.82     55    2.8  333.1  336.2  333.3
  464.8   6441   -5.5  -28.3     15   0.80     54    3.0  333.2  336.2  333.4
  464.2   6451   -5.5  -28.6     14   0.78     54    3.1  333.3  336.2  333.4
  463.7   6461   -5.5  -29.0     14   0.75     54    3.2  333.3  336.2  333.5
  463.1   6470   -5.6  -29.3     14   0.73     54    3.3  333.4  336.2  333.5
  462.5   6481   -5.6  -29.8     13   0.70     54    3.4  333.4  336.1  333.6
  461.9   6491   -5.7  -30.3     12   0.67     54    3.4  333.5  336.1  333.6
  461.3   6501   -5.8  -30.0     13   0.69     55    3.4  333.6  336.2  333.7
  460.7   6512   -5.8  -28.5     15   0.79     55    3.5  333.6  336.6  333.8
  460.1   6522   -5.9  -27.4     16   0.88     56    3.5  333.6  336.9  333.8
  459.5   6532   -5.9  -29.1     14   0.76     56    3.4  333.7  336.6  333.8
  458.8   6543   -6.0  -29.9     13   0.70     57    3.4  333.8  336.4  333.9
  458.2   6554   -6.0  -28.5     15   0.79     58    3.3  333.8  336.8  334.0
  457.6   6564   -6.1  -28.3     15   0.82     59    3.3  333.9  337.0  334.1
  457.0   6574   -6.1  -27.6     16   0.87     59    3.2  333.9  337.2  334.1
  456.4   6585   -6.2  -25.1     21   1.10     60    3.1  334.0  338.1  334.2
  455.7   6597   -6.3  -23.9     23   1.22     61    3.0  334.0  338.5  334.3
  455.1   6607   -6.4  -24.7     22   1.13     62    2.9  334.0  338.3  334.3
  454.6   6616   -6.4  -24.7     22   1.14     62    2.7  334.1  338.3  334.3
  454.1   6625   -6.5  -24.6     22   1.15     62    2.6  334.1  338.4  334.3
  453.5   6635   -6.6  -24.5     23   1.16     61    2.5  334.1  338.4  334.3
  452.8   6646   -6.7  -24.6     23   1.15     60    2.4  334.1  338.4  334.3
  452.2   6657   -6.8  -24.8     23   1.14     58    2.3  334.1  338.4  334.3
  451.6   6668   -6.9  -24.9     22   1.12     55    2.3  334.1  338.3  334.4
  450.9   6679   -7.0  -25.2     22   1.09     52    2.3  334.2  338.3  334.4
  450.4   6688   -7.1  -25.3     22   1.09     49    2.3  334.2  338.3  334.4
  449.9   6697   -7.1  -25.2     22   1.10     46    2.3  334.2  338.3  334.4
  449.3   6707   -7.2  -25.2     22   1.10     43    2.4  334.2  338.3  334.4
  448.7   6718   -7.3  -25.0     23   1.12     41    2.4  334.2  338.4  334.4
  448.1   6728   -7.4  -24.7     24   1.15     39    2.5  334.2  338.5  334.4
  447.4   6739   -7.5  -24.5     24   1.18     38    2.6  334.2  338.6  334.5
  446.9   6749   -7.6  -24.5     25   1.18     37    2.8  334.2  338.6  334.5
  446.3   6759   -7.7  -24.4     25   1.19     37    2.9  334.2  338.7  334.5
  445.7   6770   -7.8  -23.9     26   1.25     36    3.0  334.2  338.9  334.5
  445.0   6782   -7.9  -23.5     27   1.30     36    3.1  334.3  339.1  334.5
  444.4   6792   -8.0  -23.6     27   1.29     36    3.2  334.3  339.1  334.6
  443.9   6801   -8.0  -23.7     27   1.28     35    3.3  334.3  339.1  334.6
  443.4   6810   -8.1  -24.0     26   1.24     34    3.4  334.4  339.0  334.6
  442.8   6820   -8.1  -25.5     23   1.09     33    3.5  334.5  338.6  334.7
  442.2   6830   -8.1  -27.2     20   0.93     31    3.6  334.7  338.2  334.9
  441.6   6841   -8.0  -27.0     20   0.95     30    3.8  334.9  338.5  335.1
  441.0   6852   -8.1  -25.0     24   1.14     28    3.9  335.0  339.2  335.2
  440.4   6863   -8.1  -24.3     26   1.22     27    4.1  335.0  339.6  335.3
  439.8   6873   -8.2  -25.0     24   1.14     25    4.3  335.1  339.4  335.3
  439.2   6883   -8.2  -25.4     24   1.11     24    4.5  335.2  339.3  335.4
  438.7   6893   -8.2  -25.6     23   1.09     23    4.6  335.2  339.3  335.4
  438.2   6902   -8.3  -25.6     23   1.09     22    4.8  335.3  339.4  335.5
  437.7   6911   -8.3  -25.0     25   1.15     21    4.9  335.4  339.7  335.7
  437.1   6921   -8.2  -26.1     22   1.04     21    5.1  335.6  339.5  335.8
  436.5   6932   -8.1  -29.2     17   0.79     21    5.2  335.9  338.9  336.1
  435.9   6943   -8.0  -28.7     17   0.82     21    5.3  336.1  339.2  336.3
  435.3   6953   -8.1  -28.3     18   0.85     22    5.3  336.2  339.5  336.4
  434.8   6962   -8.1  -28.2     18   0.87     23    5.4  336.3  339.6  336.5
  434.3   6971   -8.1  -27.9     19   0.89     24    5.4  336.4  339.8  336.6
  433.8   6980   -8.1  -28.6     17   0.83     25    5.5  336.5  339.7  336.7
  433.4   6987   -8.1  -29.3     16   0.78     26    5.6  336.6  339.6  336.8
  432.9   6995   -8.1  -29.1     17   0.80     27    5.6  336.7  339.7  336.8
  432.4   7004   -8.1  -27.9     19   0.89     28    5.7  336.7  340.1  336.9
  431.9   7014   -8.2  -28.4     18   0.86     28    5.8  336.8  340.1  337.0
  431.3   7024   -8.1  -29.4     16   0.78     29    5.8  337.0  340.0  337.1
  430.7   7035   -8.1  -29.9     16   0.74     30    5.9  337.1  340.0  337.3
  430.1   7047   -8.2  -30.3     15   0.72     30    6.0  337.2  340.0  337.4
  429.5   7058   -8.3  -30.2     15   0.73     31    6.1  337.2  340.0  337.4
  428.9   7067   -8.3  -29.7     16   0.76     31    6.2  337.3  340.3  337.5
  428.4   7077   -8.3  -29.4     16   0.78     31    6.3  337.4  340.4  337.5
  427.9   7087   -8.4  -29.5     16   0.78     31    6.4  337.5  340.5  337.6
  427.3   7097   -8.4  -29.2     17   0.80     31    6.4  337.6  340.6  337.7
  426.7   7108   -8.4  -29.3     17   0.80     30    6.5  337.6  340.7  337.8
  426.2   7117   -8.5  -29.6     16   0.78     30    6.5  337.7  340.7  337.8
  425.7   7126   -8.5  -29.7     16   0.77     29    6.6  337.7  340.7  337.9
  425.2   7136   -8.5  -29.8     16   0.76     28    6.6  337.8  340.8  338.0
  424.6   7146   -8.6  -30.0     16   0.75     28    6.7  337.9  340.8  338.0
  424.1   7155   -8.7  -30.0     16   0.75     27    6.7  337.9  340.8  338.1
  423.7   7163   -8.7  -29.9     16   0.76     26    6.7  338.0  340.9  338.1
  423.1   7173   -8.8  -29.7     17   0.77     25    6.7  338.0  341.0  338.2
  422.6   7182   -8.8  -29.3     17   0.80     24    6.7  338.1  341.2  338.3
  422.1   7191   -8.8  -28.3     19   0.89     24    6.8  338.2  341.6  338.4
  421.6   7201   -8.8  -27.3     21   0.97     23    6.8  338.3  342.0  338.5
  421.1   7211   -8.9  -25.7     24   1.12     23    6.8  338.4  342.6  338.6
  420.5   7221   -8.9  -26.6     22   1.03     22    6.8  338.4  342.4  338.7
  420.1   7229   -8.9  -28.0     20   0.91     22    6.7  338.5  342.0  338.7
  419.6   7237   -9.0  -28.4     19   0.88     22    6.7  338.6  342.0  338.8
  419.2   7246   -9.0  -29.5     17   0.80     22    6.7  338.6  341.7  338.8
  418.7   7255   -9.0  -30.4     16   0.73     21    6.6  338.7  341.5  338.8
  418.1   7265   -9.1  -30.9     15   0.70     21    6.6  338.8  341.5  338.9
  417.6   7274   -9.1  -30.0     17   0.76     21    6.5  338.8  341.8  339.0
  417.1   7284   -9.2  -30.1     17   0.75     20    6.4  338.9  341.8  339.0
  416.5   7295   -9.3  -31.1     15   0.69     19    6.3  338.9  341.6  339.1
  415.9   7307   -9.3  -32.2     14   0.62     18    6.2  339.0  341.4  339.1
  415.3   7318   -9.4  -32.4     14   0.61     18    6.1  339.1  341.5  339.2
  414.6   7330   -9.4  -32.6     13   0.60     17    6.0  339.2  341.5  339.3
  414.0   7341   -9.5  -32.4     14   0.61     16    5.9  339.2  341.6  339.3
  413.4   7352   -9.5  -31.6     15   0.66     15    5.8  339.3  341.9  339.4
  412.9   7362   -9.6  -30.9     16   0.71     14    5.7  339.3  342.1  339.5
  412.3   7373   -9.6  -31.1     16   0.69     14    5.6  339.4  342.1  339.6
  411.7   7384   -9.6  -32.6     13   0.60     13    5.6  339.6  342.0  339.7
  411.2   7395   -9.6  -32.4     14   0.62     13    5.5  339.7  342.1  339.8
  410.6   7405   -9.7  -31.4     15   0.68     13    5.5  339.7  342.4  339.9
  410.1   7414   -9.8  -31.3     15   0.68     13    5.5  339.7  342.4  339.9
  409.6   7424   -9.9  -31.0     16   0.70     13    5.5  339.7  342.5  339.9
  409.0   7436  -10.0  -30.1     18   0.77     13    5.6  339.8  342.8  339.9
  408.4   7447  -10.1  -29.5     19   0.81     13    5.7  339.8  342.9  339.9
  407.8   7458  -10.2  -29.2     19   0.84     13    5.7  339.8  343.0  340.0
  407.2   7469  -10.3  -27.8     22   0.96     13    5.8  339.8  343.5  340.0
  406.6   7482  -10.4  -26.3     26   1.10     13    5.9  339.8  344.0  340.0
  405.9   7494  -10.5  -25.2     29   1.22     13    6.0  339.8  344.4  340.1
  405.4   7504  -10.6  -24.6     31   1.29     13    6.1  339.8  344.7  340.1
  404.9   7513  -10.7  -25.4     29   1.21     13    6.2  339.9  344.4  340.1
  404.4   7522  -10.7  -26.7     26   1.07     13    6.3  339.9  344.0  340.1
  403.9   7533  -10.7  -29.6     20   0.81     13    6.4  340.0  343.1  340.2
  403.3   7543  -10.7  -32.6     15   0.61     13    6.5  340.2  342.6  340.3
  402.8   7553  -10.8  -33.8     13   0.55     14    6.6  340.2  342.4  340.3
  402.3   7563  -10.8  -33.5     14   0.56     14    6.6  340.3  342.5  340.4
  401.7   7574  -10.8  -30.4     18   0.76     14    6.7  340.4  343.3  340.5
  401.1   7585  -10.9  -26.9     26   1.06     14    6.8  340.4  344.5  340.6
  400.5   7596  -11.1  -24.2     33   1.36     14    6.8  340.4  345.5  340.7
  400.0   7607  -11.1  -25.9     28   1.16     14    6.8  340.4  344.9  340.7
  399.4   7618  -11.2  -28.1     23   0.95     14    6.9  340.5  344.2  340.7
  398.8   7630  -11.2  -27.5     25   1.01     14    6.9  340.6  344.5  340.8
  398.3   7640  -11.3  -24.4     33   1.34     14    6.9  340.6  345.7  340.9
  397.8   7649  -11.4  -23.8     35   1.41     14    7.0  340.6  345.9  340.9
  397.3   7659  -11.5  -23.7     36   1.42     13    6.9  340.6  345.9  340.9
  396.8   7668  -11.6  -23.8     36   1.41     13    6.9  340.6  345.9  340.9
  396.3   7677  -11.7  -23.6     36   1.44     13    6.9  340.6  346.1  340.9
  395.9   7686  -11.7  -23.0     39   1.52     13    6.9  340.6  346.3  341.0
  395.3   7696  -11.8  -22.9     39   1.54     13    6.9  340.7  346.4  341.0
  394.8   7707  -11.9  -22.7     41   1.57     13    6.9  340.6  346.5  341.0
  394.2   7718  -12.1  -22.6     41   1.58     13    6.9  340.6  346.6  341.0
  393.7   7728  -12.2  -22.7     41   1.58     13    7.0  340.6  346.5  341.0
  393.2   7738  -12.3  -22.6     42   1.59     14    7.0  340.6  346.6  341.0
  392.7   7747  -12.3  -22.4     43   1.62     14    7.1  340.6  346.7  341.0
  392.3   7755  -12.4  -22.4     43   1.61     15    7.1  340.6  346.7  341.0
  391.8   7765  -12.5  -22.4     44   1.63     15    7.2  340.6  346.7  341.0
  391.3   7775  -12.6  -22.2     45   1.66     15    7.3  340.6  346.8  340.9
  390.7   7786  -12.8  -22.2     45   1.66     16    7.4  340.6  346.8  341.0
  390.1   7798  -12.9  -22.2     45   1.66     16    7.5  340.6  346.8  340.9
  389.5   7810  -13.0  -22.0     47   1.69     16    7.6  340.6  346.9  341.0
  388.9   7821  -13.1  -21.6     49   1.76     16    7.6  340.6  347.2  341.0
  388.4   7832  -13.2  -21.4     50   1.79     16    7.7  340.6  347.3  341.0
  387.8   7843  -13.3  -21.5     50   1.77     16    7.8  340.6  347.2  341.0
  387.3   7853  -13.4  -21.9     49   1.72     15    7.8  340.6  347.1  341.0
  386.8   7864  -13.4  -22.1     48   1.68     15    7.9  340.7  347.0  341.0
  386.2   7876  -13.5  -22.3     48   1.66     15    7.9  340.7  346.9  341.0
  385.5   7888  -13.6  -22.4     48   1.65     14    7.9  340.7  346.9  341.1
  384.9   7900  -13.7  -22.6     47   1.63     14    8.0  340.8  346.9  341.1
  384.3   7911  -13.8  -22.8     47   1.60     14    8.0  340.9  346.9  341.2
  383.8   7922  -13.8  -23.0     46   1.57     14    8.0  340.9  346.8  341.3
  383.3   7932  -13.9  -23.3     45   1.53     14    8.0  341.0  346.8  341.3
  382.8   7942  -13.9  -23.5     44   1.51     14    7.9  341.1  346.8  341.4
  382.3   7952  -14.0  -23.5     44   1.51     15    7.9  341.1  346.8  341.4
  381.9   7961  -14.0  -23.6     44   1.50     16    7.9  341.1  346.8  341.4
  381.3   7971  -14.1  -23.7     44   1.48     17    7.9  341.2  346.8  341.5
  380.8   7982  -14.2  -23.8     44   1.47     18    7.9  341.3  346.8  341.6
  380.2   7994  -14.2  -23.8     44   1.47     20    7.9  341.3  346.8  341.6
  379.6   8006  -14.3  -23.9     44   1.47     21    7.9  341.3  346.9  341.6
  379.1   8016  -14.4  -23.9     44   1.47     23    8.0  341.3  346.9  341.6
  378.6   8026  -14.5  -23.9     45   1.47     24    8.1  341.3  346.9  341.6
  378.0   8037  -14.6  -24.0     45   1.46     25    8.2  341.4  346.9  341.7
  377.5   8048  -14.7  -24.1     45   1.45     26    8.3  341.4  346.8  341.7
  376.9   8060  -14.8  -24.2     45   1.44     27    8.5  341.4  346.8  341.7
  376.3   8072  -14.9  -24.3     45   1.43     28    8.6  341.4  346.8  341.7
  375.7   8085  -15.0  -24.4     45   1.42     28    8.8  341.5  346.8  341.7
  375.1   8095  -15.1  -24.5     44   1.40     29    8.9  341.5  346.8  341.8
  374.6   8105  -15.1  -24.8     44   1.37     29    9.0  341.6  346.8  341.9
  374.1   8117  -15.1  -25.1     42   1.34     29    9.1  341.7  346.8  342.0
  373.5   8128  -15.1  -25.3     42   1.32     28    9.2  341.9  346.9  342.2
  373.0   8138  -15.1  -25.0     43   1.35     28    9.2  342.0  347.1  342.3
  372.5   8148  -15.2  -24.8     44   1.37     28    9.1  342.0  347.2  342.3
  372.0   8159  -15.2  -25.7     40   1.27     27    9.0  342.1  347.0  342.4
  371.5   8169  -15.2  -27.6     34   1.07     26    8.9  342.3  346.4  342.5
  371.0   8180  -15.2  -28.3     32   1.00     26    8.8  342.4  346.3  342.6
  370.4   8192  -15.3  -28.5     31   0.99     25    8.6  342.5  346.3  342.7
  369.8   8204  -15.3  -29.3     29   0.91     24    8.5  342.6  346.1  342.8
  369.2   8215  -15.3  -30.6     26   0.81     24    8.3  342.7  345.9  342.9
  368.8   8225  -15.3  -31.1     25   0.77     23    8.1  342.8  345.9  343.0
  368.3   8234  -15.4  -31.7     23   0.73     23    7.9  342.9  345.8  343.0
  367.8   8244  -15.5  -32.6     22   0.68     23    7.8  342.9  345.6  343.1
  367.3   8254  -15.5  -33.1     21   0.64     23    7.7  343.0  345.5  343.1
  366.8   8265  -15.6  -33.8     19   0.60     24    7.6  343.1  345.5  343.2
  366.3   8276  -15.6  -34.5     18   0.56     25    7.5  343.1  345.4  343.2
  365.8   8286  -15.7  -35.0     17   0.53     25    7.5  343.1  345.3  343.2
  365.2   8297  -15.8  -35.3     17   0.52     26    7.5  343.2  345.3  343.3
  364.7   8309  -15.8  -35.2     17   0.53     28    7.5  343.3  345.4  343.4
  364.1   8320  -15.9  -35.6     17   0.51     29    7.6  343.4  345.4  343.5
  363.6   8331  -15.9  -36.2     16   0.48     30    7.7  343.4  345.3  343.5
  363.0   8343  -16.0  -37.0     15   0.44     31    7.8  343.5  345.3  343.6
  362.5   8353  -16.1  -37.1     15   0.44     32    7.9  343.5  345.3  343.6
  362.0   8364  -16.1  -36.2     16   0.48     34    8.0  343.6  345.5  343.7
  361.5   8374  -16.2  -34.6     19   0.56     35    8.1  343.6  345.9  343.7
  361.0   8385  -16.3  -33.1     22   0.66     36    8.2  343.6  346.2  343.8
  360.6   8394  -16.4  -32.1     24   0.72     36    8.3  343.6  346.5  343.8
  360.1   8404  -16.5  -30.8     28   0.82     37    8.4  343.6  346.9  343.8
  359.6   8414  -16.6  -29.2     33   0.95     38    8.5  343.7  347.4  343.9
  359.2   8424  -16.7  -28.0     37   1.07     38    8.6  343.7  347.8  343.9
  358.7   8434  -16.7  -26.0     45   1.28     39    8.7  343.7  348.6  344.0
  358.2   8444  -16.8  -25.8     46   1.31     39    8.8  343.8  348.8  344.1
  357.7   8454  -16.8  -26.6     43   1.22     39    8.8  343.8  348.5  344.1
  357.2   8464  -16.9  -27.9     38   1.08     39    8.9  343.9  348.1  344.1
  356.7   8476  -17.0  -28.8     35   1.00     39    8.9  343.9  347.8  344.1
  356.1   8489  -17.0  -28.5     36   1.03     38    9.0  344.0  348.0  344.2
  355.6   8499  -17.1  -27.9     39   1.09     37    9.0  344.0  348.2  344.2
  355.1   8509  -17.2  -28.1     38   1.07     36    9.1  344.0  348.2  344.2
  354.6   8520  -17.3  -28.3     38   1.05     35    9.1  344.1  348.1  344.3
  354.0   8531  -17.4  -27.7     40   1.11     34    9.1  344.1  348.4  344.4
  353.5   8542  -17.4  -27.1     43   1.18     33    9.2  344.2  348.7  344.4
  353.0   8553  -17.5  -26.6     45   1.23     31    9.2  344.2  349.0  344.5
  352.4   8565  -17.6  -25.4     51   1.38     30    9.2  344.3  349.5  344.5
  351.9   8577  -17.7  -25.2     52   1.40     29    9.2  344.2  349.6  344.5
  351.3   8589  -17.8  -25.1     53   1.43     28    9.2  344.3  349.7  344.6
  350.8   8601  -17.9  -25.3     52   1.40     27    9.2  344.3  349.6  344.6
  350.2   8613  -18.0  -25.7     51   1.35     26    9.2  344.4  349.6  344.7
  349.7   8624  -18.0  -26.3     48   1.28     26    9.3  344.5  349.4  344.8
  349.2   8635  -18.0  -27.0     45   1.20     25    9.3  344.6  349.2  344.8
  348.6   8646  -18.0  -26.9     46   1.22     25    9.3  344.7  349.4  345.0
  348.1   8657  -18.1  -26.6     47   1.25     26    9.3  344.8  349.6  345.1
  347.6   8669  -18.2  -26.9     46   1.22     26    9.3  344.8  349.5  345.1
  347.1   8680  -18.3  -27.4     44   1.17     27    9.3  344.9  349.4  345.1
  346.6   8690  -18.3  -29.0     38   1.00     27    9.3  345.0  348.9  345.2
  346.1   8701  -18.3  -30.7     33   0.86     27    9.2  345.1  348.4  345.2
  345.6   8712  -18.4  -30.4     34   0.89     28    9.2  345.1  348.6  345.3
  345.1   8721  -18.5  -29.7     37   0.95     28    9.2  345.2  348.9  345.4
  344.8   8730  -18.5  -29.6     37   0.96     28    9.1  345.2  348.9  345.4
  344.3   8739  -18.6  -29.5     38   0.97     28    9.0  345.2  349.0  345.4
  343.8   8750  -18.7  -29.3     39   0.99     27    8.9  345.2  349.1  345.4
  343.3   8761  -18.8  -29.9     37   0.94     27    8.8  345.2  348.9  345.4
  342.8   8773  -18.9  -30.9     34   0.85     26    8.6  345.3  348.6  345.5
  342.2   8785  -18.9  -31.6     32   0.80     25    8.5  345.4  348.5  345.5
  341.7   8796  -19.0  -31.5     32   0.81     24    8.4  345.4  348.6  345.6
  341.2   8807  -19.1  -31.7     32   0.79     23    8.2  345.5  348.6  345.6
  340.7   8818  -19.1  -32.7     29   0.72     21    8.1  345.5  348.4  345.7
  340.2   8829  -19.2  -32.4     30   0.74     20    8.0  345.6  348.5  345.7
  339.6   8841  -19.3  -32.0     32   0.77     19    7.9  345.7  348.7  345.8
  339.1   8853  -19.4  -31.5     33   0.81     18    7.9  345.7  348.9  345.8
  338.5   8865  -19.5  -31.2     35   0.84     17    7.8  345.7  349.0  345.9
  338.0   8877  -19.6  -30.8     36   0.88     16    7.8  345.7  349.2  345.9
  337.5   8888  -19.6  -29.6     41   0.97     16    7.8  345.7  349.6  346.0
  337.1   8897  -19.7  -29.6     41   0.98     16    7.8  345.8  349.6  346.0
  336.7   8906  -19.8  -30.5     38   0.90     16    7.8  345.8  349.3  346.0
  336.3   8915  -19.8  -30.8     37   0.88     16    7.8  345.9  349.3  346.0
  335.8   8925  -19.9  -30.6     38   0.90     17    7.7  345.9  349.4  346.1
  335.3   8937  -20.0  -30.8     38   0.88     18    7.7  345.9  349.4  346.1
  334.8   8948  -20.1  -30.8     38   0.88     19    7.6  346.0  349.4  346.1
  334.4   8957  -20.2  -31.1     37   0.86     21    7.5  345.9  349.3  346.1
  333.9   8967  -20.3  -30.9     38   0.87     22    7.3  345.9  349.4  346.1
  333.4   8979  -20.4  -30.9     38   0.87     23    7.2  345.9  349.4  346.1
  332.9   8991  -20.5  -31.1     38   0.86     25    7.0  345.9  349.3  346.1
  332.4   9002  -20.6  -31.2     38   0.85     26    6.9  345.9  349.3  346.1
  331.9   9011  -20.7  -31.3     38   0.84     28    6.7  345.9  349.3  346.1
  331.5   9020  -20.8  -31.3     38   0.85     29    6.6  346.0  349.3  346.1
  331.1   9031  -20.9  -31.4     38   0.84     30    6.4  346.0  349.3  346.1
  330.6   9041  -21.0  -31.6     38   0.82     30    6.3  346.0  349.2  346.2
  330.1   9052  -21.0  -31.7     38   0.82     31    6.2  346.0  349.3  346.2
  329.7   9062  -21.1  -31.8     38   0.81     31    6.2  346.0  349.3  346.2
  329.2   9072  -21.2  -31.9     37   0.80     31    6.1  346.1  349.2  346.2
  328.7   9083  -21.3  -32.1     37   0.79     31    6.1  346.1  349.3  346.3
  328.2   9095  -21.4  -32.2     37   0.79     30    6.1  346.1  349.2  346.3
  327.7   9107  -21.5  -32.3     37   0.78     30    6.2  346.1  349.2  346.3
  327.2   9118  -21.6  -32.7     36   0.75     29    6.2  346.2  349.2  346.3
  326.7   9130  -21.7  -32.8     36   0.75     29    6.2  346.2  349.2  346.3
  326.2   9140  -21.8  -33.0     36   0.73     28    6.3  346.2  349.1  346.4
  325.8   9150  -21.8  -33.5     34   0.70     27    6.4  346.2  349.0  346.4
  325.3   9161  -21.9  -33.6     34   0.69     27    6.4  346.3  349.0  346.4
  324.8   9172  -22.0  -33.6     34   0.70     26    6.5  346.3  349.1  346.4
  324.3   9183  -22.1  -33.5     35   0.70     26    6.5  346.3  349.1  346.5
  323.8   9194  -22.2  -33.4     35   0.71     25    6.6  346.4  349.2  346.5
  323.4   9204  -22.3  -33.3     36   0.72     24    6.6  346.4  349.2  346.5
  322.9   9215  -22.4  -33.0     37   0.74     24    6.6  346.4  349.3  346.6
  322.5   9224  -22.4  -33.0     38   0.74     23    6.6  346.4  349.4  346.6
  322.1   9233  -22.5  -33.2     37   0.72     23    6.6  346.5  349.4  346.6
  321.7   9242  -22.5  -33.4     37   0.72     22    6.5  346.5  349.4  346.7
  321.3   9251  -22.6  -33.2     38   0.73     22    6.5  346.5  349.4  346.7
  320.8   9262  -22.7  -33.1     38   0.73     21    6.4  346.5  349.5  346.7
  320.4   9272  -22.8  -33.2     38   0.73     21    6.3  346.5  349.4  346.7
  320.0   9282  -22.9  -33.3     38   0.72     20    6.2  346.5  349.4  346.7
  319.5   9293  -23.0  -33.3     39   0.73     20    6.1  346.5  349.4  346.7
  319.0   9303  -23.1  -33.3     39   0.73     20    5.9  346.6  349.5  346.7
  318.6   9314  -23.2  -33.3     39   0.73     19    5.8  346.6  349.5  346.7
  318.1   9324  -23.2  -33.8     37   0.69     19    5.7  346.6  349.4  346.8
  317.7   9334  -23.3  -35.4     32   0.59     19    5.5  346.7  349.1  346.8
  317.3   9343  -23.3  -37.0     27   0.50     19    5.4  346.8  348.9  346.9
  316.9   9353  -23.4  -37.2     27   0.50     19    5.2  346.9  348.9  347.0
  316.4   9363  -23.4  -37.0     28   0.51     19    5.1  346.9  349.0  347.0
  316.0   9373  -23.5  -36.8     29   0.52     18    5.0  346.9  349.0  347.0
  315.6   9383  -23.6  -36.5     29   0.53     18    4.8  347.0  349.1  347.1
  315.1   9393  -23.6  -36.7     29   0.53     18    4.7  347.0  349.2  347.2
  314.7   9404  -23.7  -37.0     28   0.51     18    4.6  347.1  349.2  347.2
  314.2   9414  -23.7  -37.3     28   0.50     17    4.5  347.2  349.2  347.3
  313.8   9424  -23.8  -37.3     28   0.49     17    4.4  347.2  349.3  347.4
  313.4   9433  -23.9  -37.2     28   0.50     17    4.4  347.2  349.3  347.3
  313.0   9443  -24.0  -37.0     29   0.51     17    4.3  347.2  349.3  347.3
  312.5   9454  -24.1  -37.0     29   0.51     16    4.2  347.2  349.3  347.3
  312.0   9465  -24.2  -37.1     29   0.51     16    4.2  347.3  349.3  347.4
  311.6   9476  -24.3  -37.2     29   0.50     16    4.2  347.2  349.3  347.4
  311.0   9488  -24.4  -37.2     30   0.50     16    4.1  347.3  349.3  347.4
  310.6   9499  -24.5  -37.0     31   0.52     15    4.1  347.3  349.4  347.4
  310.1   9510  -24.6  -36.5     32   0.54     15    4.1  347.3  349.5  347.4
  309.7   9520  -24.7  -36.3     33   0.55     15    4.1  347.3  349.6  347.4
  309.3   9530  -24.8  -36.3     33   0.55     14    4.1  347.3  349.6  347.4
  308.8   9540  -24.9  -36.1     34   0.57     14    4.2  347.3  349.6  347.5
  308.4   9550  -25.0  -35.4     37   0.61     14    4.2  347.3  349.8  347.5
  308.0   9561  -25.1  -34.4     41   0.67     13    4.2  347.3  350.0  347.5
  307.5   9571  -25.1  -34.2     42   0.69     13    4.3  347.4  350.1  347.5
  307.1   9581  -25.2  -34.7     41   0.66     12    4.3  347.4  350.0  347.5
  306.7   9591  -25.3  -35.3     39   0.62     12    4.4  347.4  349.9  347.5
  306.3   9600  -25.4  -35.0     40   0.64     11    4.4  347.4  350.0  347.5
  305.9   9610  -25.5  -34.1     44   0.70     11    4.5  347.4  350.2  347.6
  305.5   9619  -25.6  -33.8     46   0.72     11    4.5  347.4  350.3  347.6
  305.1   9629  -25.6  -33.8     46   0.72     11    4.5  347.4  350.3  347.6
  304.6   9640  -25.7  -33.8     47   0.73     11    4.4  347.5  350.4  347.7
  304.1   9651  -25.8  -34.7     43   0.66     11    4.4  347.6  350.3  347.7
  303.7   9661  -25.8  -36.0     38   0.59     12    4.3  347.7  350.1  347.8
  303.3   9672  -25.8  -35.3     41   0.63     13    4.2  347.8  350.3  347.9
  302.8   9684  -25.8  -34.9     42   0.65     14    4.1  347.9  350.5  348.0
  302.3   9696  -25.9  -34.1     46   0.71     16    4.0  348.0  350.9  348.2
  301.9   9706  -25.9  -33.7     48   0.74     18    3.9  348.1  351.0  348.2
  301.5   9715  -26.0  -33.4     50   0.76     20    3.9  348.1  351.1  348.3
  301.1   9725  -26.1  -33.4     50   0.76     23    3.8  348.1  351.2  348.3
  300.7   9734  -26.2  -33.4     51   0.77     26    3.8  348.1  351.2  348.3
  300.2   9745  -26.3  -33.3     51   0.77     29    3.8  348.2  351.2  348.3
  300.0   9751  -26.3  -33.3     52   0.77     31    3.8  348.2  351.2  348.3
  299.7   9757  -26.4  -33.3     52   0.77     31    3.8  348.2  351.3  348.3
  299.2   9769  -26.5  -33.3     53   0.78     34    3.9  348.2  351.3  348.4
  298.8   9779  -26.6  -33.3     53   0.77     36    4.0  348.2  351.3  348.4
  298.4   9790  -26.7  -33.2     54   0.78     38    4.1  348.2  351.3  348.4
  298.0   9800  -26.7  -33.1     55   0.79     40    4.2  348.2  351.4  348.4
  297.5   9810  -26.8  -33.0     56   0.80     42    4.3  348.3  351.5  348.5
  297.1   9821  -26.9  -32.9     57   0.81     43    4.5  348.3  351.5  348.5
  296.6   9832  -27.0  -32.8     58   0.82     44    4.6  348.3  351.6  348.5
  296.2   9843  -27.1  -32.5     60   0.84     45    4.7  348.4  351.7  348.5
  295.7   9854  -27.2  -32.2     62   0.87     46    4.8  348.4  351.8  348.6
  295.3   9864  -27.3  -32.1     63   0.88     47    4.9  348.4  351.9  348.6
  294.9   9874  -27.3  -32.2     63   0.87     48    5.1  348.4  351.9  348.6
  294.5   9885  -27.4  -32.3     63   0.87     48    5.2  348.5  351.9  348.7
  294.1   9893  -27.5  -32.4     63   0.86     49    5.2  348.5  351.9  348.7
  293.8   9902  -27.5  -32.4     63   0.86     49    5.3  348.5  351.9  348.7
  293.4   9912  -27.6  -32.3     64   0.87     49    5.4  348.5  352.0  348.7
  292.9   9923  -27.7  -32.0     67   0.90     50    5.4  348.6  352.1  348.7
  292.4   9935  -27.8  -31.9     68   0.91     50    5.4  348.6  352.2  348.8
  291.9   9948  -27.9  -31.9     69   0.91     50    5.4  348.6  352.2  348.8
  291.5   9958  -28.0  -31.9     69   0.91     50    5.4  348.7  352.3  348.9
  291.1   9968  -28.1  -32.1     69   0.90     51    5.4  348.7  352.2  348.9
  290.7   9978  -28.1  -32.1     69   0.89     51    5.3  348.7  352.3  348.9
  290.3   9987  -28.2  -32.2     68   0.89     52    5.3  348.7  352.2  348.9
  289.9   9997  -28.3  -32.3     69   0.88     53    5.2  348.8  352.3  349.0
  289.5  10008  -28.4  -32.5     68   0.87     54    5.2  348.8  352.3  349.0
  289.0  10019  -28.4  -32.7     66   0.85     55    5.2  348.9  352.3  349.1
  288.6  10030  -28.5  -32.7     67   0.85     56    5.2  349.0  352.3  349.1
  288.1  10042  -28.6  -32.8     67   0.85     57    5.2  349.0  352.4  349.2
  287.6  10053  -28.7  -32.8     67   0.84     58    5.2  349.0  352.4  349.2
  287.2  10065  -28.8  -32.9     67   0.84     59    5.3  349.0  352.4  349.2
  286.8  10075  -28.9  -33.1     67   0.82     59    5.3  349.0  352.3  349.2
  286.4  10085  -28.9  -33.3     66   0.81     59    5.4  349.1  352.3  349.2
  286.0  10094  -29.0  -33.4     66   0.80     59    5.5  349.1  352.3  349.3
  285.6  10104  -29.1  -33.4     66   0.80     59    5.5  349.1  352.3  349.3
  285.3  10113  -29.2  -33.5     66   0.80     58    5.6  349.1  352.3  349.3
  284.9  10122  -29.3  -33.6     66   0.79     57    5.6  349.1  352.3  349.3
  284.5  10132  -29.3  -33.7     66   0.78     56    5.6  349.2  352.3  349.3
  284.0  10144  -29.4  -33.7     67   0.79     55    5.6  349.2  352.4  349.4
  283.5  10156  -29.5  -34.0     65   0.77     53    5.6  349.3  352.4  349.4
  283.1  10167  -29.6  -34.3     64   0.74     52    5.5  349.3  352.3  349.5
  282.7  10177  -29.6  -34.3     64   0.74     50    5.4  349.4  352.3  349.5
  282.2  10189  -29.8  -34.3     65   0.75     49    5.2  349.4  352.4  349.5
  281.7  10202  -29.9  -34.4     65   0.74     48    5.1  349.4  352.4  349.5
  281.2  10215  -30.0  -34.6     64   0.73     46    5.0  349.4  352.3  349.6
  280.7  10227  -30.1  -34.9     63   0.71     45    4.9  349.5  352.3  349.6
  280.3  10237  -30.1  -35.1     62   0.69     45    4.7  349.5  352.3  349.7
  280.0  10244  -30.2  -35.2     62   0.69     44    4.7  349.5  352.3  349.7
  279.7  10253  -30.3  -34.8     65   0.72     44    4.6  349.5  352.4  349.7
  279.3  10262  -30.3  -34.6     66   0.73     44    4.6  349.6  352.5  349.7
  278.9  10272  -30.4  -34.9     65   0.71     44    4.6  349.6  352.5  349.8
  278.5  10283  -30.5  -35.1     64   0.70     44    4.7  349.7  352.5  349.8
  278.1  10294  -30.6  -35.1     64   0.70     45    4.8  349.7  352.5  349.8
  277.7  10305  -30.7  -35.1     65   0.70     46    4.9  349.7  352.5  349.8
  277.2  10316  -30.8  -35.2     65   0.70     47    5.1  349.7  352.5  349.9
  276.8  10327  -30.9  -35.3     65   0.69     48    5.2  349.7  352.5  349.8
  276.4  10338  -31.0  -35.5     64   0.68     50    5.4  349.7  352.4  349.9
  275.9  10350  -31.1  -35.7     64   0.66     51    5.6  349.8  352.4  349.9
  275.5  10361  -31.1  -35.7     64   0.66     52    5.8  349.8  352.4  349.9
  275.1  10370  -31.2  -35.8     64   0.66     54    6.0  349.8  352.5  350.0
  274.8  10380  -31.3  -36.1     63   0.64     55    6.1  349.8  352.4  350.0
  274.4  10390  -31.4  -36.3     62   0.63     56    6.3  349.9  352.4  350.0
  273.9  10401  -31.4  -36.3     62   0.63     56    6.4  349.9  352.5  350.1
  273.5  10413  -31.5  -36.2     63   0.64     57    6.5  350.0  352.6  350.1
  273.0  10425  -31.6  -36.6     61   0.61     57    6.6  350.1  352.5  350.2
  272.5  10437  -31.6  -37.0     59   0.59     58    6.7  350.1  352.5  350.3
  272.1  10449  -31.7  -37.3     58   0.57     58    6.8  350.2  352.5  350.3
  271.6  10461  -31.8  -37.8     55   0.55     58    6.9  350.3  352.5  350.4
  271.1  10473  -31.9  -37.6     57   0.55     58    6.9  350.3  352.6  350.4
  270.7  10486  -32.0  -37.2     59   0.58     58    6.9  350.4  352.7  350.5
  270.2  10498  -32.0  -37.4     59   0.57     58    6.9  350.4  352.7  350.5
  269.8  10508  -32.1  -37.8     57   0.55     58    6.9  350.5  352.7  350.6
  269.4  10519  -32.2  -38.2     55   0.53     58    6.9  350.5  352.7  350.6
  268.9  10531  -32.2  -38.9     51   0.49     58    6.9  350.7  352.7  350.8
  268.4  10544  -32.2  -39.8     47   0.45     58    6.9  350.9  352.7  351.0
  267.9  10557  -32.2  -40.1     45   0.44     58    6.9  351.0  352.8  351.1
  267.5  10569  -32.3  -40.2     45   0.43     59    7.0  351.1  352.9  351.2
  267.0  10582  -32.3  -40.8     43   0.41     59    7.0  351.2  352.9  351.3
  266.5  10595  -32.4  -42.3     37   0.35     59    7.0  351.3  352.8  351.4
  266.1  10607  -32.4  -44.1     30   0.29     59    7.0  351.4  352.7  351.5
  265.6  10619  -32.4  -44.5     29   0.28     59    7.1  351.5  352.7  351.6
  265.2  10631  -32.5  -43.4     33   0.31     59    7.1  351.6  352.9  351.6
  264.7  10642  -32.6  -42.6     36   0.34     59    7.2  351.7  353.1  351.7
  264.4  10651  -32.7  -42.4     37   0.35     59    7.3  351.7  353.1  351.7
  264.0  10660  -32.8  -42.2     38   0.36     59    7.3  351.7  353.2  351.8
  263.7  10670  -32.9  -41.9     40   0.37     58    7.4  351.7  353.2  351.7
  263.3  10681  -33.0  -41.7     41   0.38     58    7.4  351.7  353.2  351.7
  262.8  10693  -33.1  -41.6     42   0.38     58    7.5  351.7  353.3  351.8
  262.4  10705  -33.2  -42.0     41   0.36     58    7.5  351.7  353.2  351.8
  261.9  10717  -33.3  -42.6     39   0.34     58    7.6  351.7  353.2  351.8
  261.5  10728  -33.3  -42.8     38   0.34     57    7.6  351.8  353.2  351.9
  261.1  10738  -33.4  -42.7     39   0.34     57    7.7  351.8  353.3  351.9
  260.7  10749  -33.5  -42.6     39   0.34     57    7.7  351.9  353.3  351.9
  260.3  10760  -33.6  -42.5     40   0.35     57    7.7  351.9  353.3  351.9
  259.9  10773  -33.7  -42.8     40   0.34     57    7.7  351.9  353.3  351.9
  259.4  10785  -33.8  -43.2     38   0.32     57    7.7  351.9  353.3  352.0
  258.9  10798  -33.9  -44.1     35   0.30     57    7.7  352.0  353.2  352.0
  258.5  10810  -34.0  -45.1     32   0.27     57    7.7  352.0  353.1  352.1
  258.0  10822  -34.1  -44.6     34   0.28     57    7.6  352.1  353.3  352.1
  257.6  10835  -34.2  -43.5     38   0.32     58    7.5  352.1  353.4  352.1
  257.1  10848  -34.3  -43.2     40   0.33     58    7.4  352.1  353.5  352.2
  256.6  10861  -34.4  -44.2     37   0.30     58    7.3  352.1  353.4  352.2
  256.1  10874  -34.5  -45.0     34   0.27     59    7.2  352.2  353.3  352.2
  255.6  10887  -34.6  -45.2     33   0.26     59    7.1  352.2  353.3  352.2
  255.2  10900  -34.7  -45.5     33   0.26     60    7.0  352.2  353.3  352.3
  254.8  10910  -34.8  -45.7     32   0.25     60    7.0  352.3  353.3  352.3
  254.4  10921  -34.9  -45.4     34   0.26     60    6.9  352.2  353.3  352.3
  254.0  10933  -35.1  -45.3     34   0.26     60    6.9  352.2  353.3  352.3
  253.5  10946  -35.2  -45.3     35   0.27     60    7.0  352.2  353.4  352.3
  253.1  10958  -35.3  -44.6     38   0.29     60    7.0  352.2  353.5  352.3
  252.6  10970  -35.4  -44.4     39   0.29     59    7.1  352.3  353.5  352.3
  252.2  10982  -35.5  -44.9     38   0.28     58    7.2  352.3  353.4  352.3
  251.8  10994  -35.6  -45.2     37   0.27     57    7.3  352.3  353.4  352.3
  251.3  11005  -35.7  -45.4     36   0.26     56    7.4  352.3  353.4  352.4
  250.9  11018  -35.8  -45.3     37   0.27     55    7.4  352.3  353.4  352.4
  250.4  11031  -35.9  -45.2     38   0.27     54    7.5  352.3  353.5  352.4
  250.0  11042  -36.0  -45.4     37   0.26     54    7.5  352.3  353.5  352.4
  249.6  11054  -36.2  -45.7     37   0.26     51    7.6  352.3  353.4  352.4
  249.1  11066  -36.3  -45.9     36   0.25     50    7.7  352.4  353.5  352.4
  248.7  11079  -36.4  -45.9     37   0.25     49    7.7  352.4  353.5  352.4
  248.2  11092  -36.5  -45.7     38   0.26     47    7.8  352.4  353.5  352.5
  247.7  11105  -36.6  -45.7     38   0.26     46    7.8  352.4  353.5  352.5
  247.3  11118  -36.7  -45.8     39   0.26     45    7.9  352.4  353.5  352.5
  246.9  11130  -36.9  -45.8     39   0.26     44    7.9  352.4  353.5  352.4
  246.4  11142  -37.0  -45.8     39   0.26     44    7.9  352.4  353.5  352.5
  246.0  11154  -37.1  -45.7     40   0.26     43    8.0  352.4  353.5  352.5
  245.5  11167  -37.2  -45.7     41   0.26     42    8.0  352.5  353.6  352.5
  245.1  11178  -37.3  -45.8     41   0.26     41    8.0  352.4  353.6  352.5
  244.8  11189  -37.4  -45.9     41   0.26     41    8.1  352.4  353.5  352.5
  244.3  11201  -37.5  -45.8     42   0.26     40    8.1  352.4  353.5  352.5
  243.9  11213  -37.6  -45.6     43   0.26     39    8.0  352.4  353.6  352.5
  243.5  11225  -37.8  -45.5     44   0.27     39    8.0  352.4  353.6  352.5
  243.0  11238  -37.9  -45.3     45   0.27     38    8.0  352.5  353.6  352.5
  242.6  11250  -38.0  -45.4     46   0.27     38    8.0  352.4  353.6  352.5
  242.2  11262  -38.1  -45.5     46   0.27     37    8.0  352.4  353.6  352.5
  241.8  11273  -38.2  -45.7     45   0.27     36    8.0  352.4  353.6  352.5
  241.4  11283  -38.3  -45.8     45   0.26     36    8.0  352.5  353.6  352.5
  241.0  11296  -38.4  -45.6     47   0.27     36    8.1  352.4  353.6  352.5
  240.5  11309  -38.6  -45.3     49   0.28     35    8.1  352.5  353.6  352.5
  240.1  11320  -38.7  -45.3     50   0.28     35    8.2  352.5  353.7  352.5
  239.7  11331  -38.8  -45.3     50   0.28     35    8.4  352.5  353.7  352.5
  239.4  11343  -38.9  -45.4     50   0.28     35    8.5  352.4  353.6  352.5
  238.9  11355  -39.0  -45.5     50   0.28     35    8.7  352.5  353.7  352.5
  238.5  11368  -39.1  -45.6     50   0.27     35    8.8  352.5  353.7  352.6
  238.1  11379  -39.2  -45.9     49   0.26     35    9.0  352.5  353.7  352.6
  237.7  11391  -39.3  -45.9     50   0.27     36    9.1  352.5  353.7  352.6
  237.2  11403  -39.4  -45.9     50   0.26     36    9.2  352.6  353.7  352.6
  236.8  11415  -39.5  -46.1     49   0.26     36    9.3  352.6  353.7  352.6
  236.4  11429  -39.7  -46.1     50   0.26     36    9.4  352.5  353.7  352.6
  235.9  11442  -39.8  -46.1     51   0.26     36    9.4  352.6  353.7  352.6
  235.5  11453  -39.9  -46.4     50   0.25     37    9.4  352.6  353.6  352.6
  235.2  11462  -40.0  -46.8     48   0.24     37    9.4  352.6  353.6  352.6
  234.9  11473  -40.0  -47.5     45   0.22     37    9.4  352.6  353.6  352.7
  234.4  11484  -40.1  -48.5     40   0.20     37    9.3  352.7  353.6  352.8
  234.0  11496  -40.2  -49.1     38   0.19     36    9.2  352.8  353.6  352.9
  233.7  11507  -40.3  -49.0     39   0.19     36    9.2  352.8  353.6  352.8
  233.2  11519  -40.4  -48.7     41   0.20     36    9.1  352.8  353.7  352.9
  232.8  11531  -40.5  -48.5     42   0.20     36    9.0  352.8  353.7  352.9
  232.4  11543  -40.6  -48.6     42   0.20     36    8.9  352.9  353.7  352.9
  232.1  11554  -40.7  -48.7     42   0.20     36    8.9  352.8  353.7  352.9
  231.7  11565  -40.8  -48.8     42   0.20     36    8.8  352.9  353.7  352.9
  231.3  11576  -40.9  -48.9     42   0.19     36    8.8  352.9  353.7  352.9
  230.9  11588  -41.0  -48.8     43   0.20     36    8.8  352.9  353.7  352.9
  230.5  11599  -41.1  -48.8     43   0.20     36    8.7  352.9  353.7  352.9
  230.1  11612  -41.2  -49.0     43   0.19     37    8.8  352.9  353.7  352.9
  229.7  11625  -41.3  -49.1     43   0.19     37    8.8  352.9  353.7  352.9
  229.2  11637  -41.4  -49.3     42   0.19     38    8.8  353.0  353.8  353.0
  228.9  11648  -41.6  -49.4     42   0.19     38    8.8  352.9  353.7  353.0
  228.4  11661  -41.7  -49.4     43   0.18     38    8.9  353.0  353.8  353.0
  227.9  11676  -41.8  -49.5     43   0.18     39    8.9  353.0  353.8  353.0
  227.5  11688  -41.9  -49.6     43   0.18     39    9.0  353.1  353.8  353.1
  227.2  11698  -42.0  -49.7     43   0.18     39    9.0  353.0  353.8  353.1
  226.8  11709  -42.1  -49.5     44   0.18     40    9.1  353.0  353.8  353.1
  226.5  11720  -42.2  -49.5     45   0.19     40    9.2  353.0  353.8  353.0
  226.1  11731  -42.3  -49.5     45   0.19     40    9.2  353.0  353.8  353.0
  225.6  11746  -42.5  -49.5     46   0.19     40    9.3  353.0  353.8  353.1
  225.1  11761  -42.6  -49.7     46   0.18     41    9.3  353.0  353.8  353.1
  224.6  11775  -42.7  -49.9     45   0.18     41    9.4  353.1  353.9  353.1
  224.2  11788  -42.8  -50.1     45   0.17     41    9.5  353.1  353.8  353.1
  223.7  11801  -42.9  -50.0     46   0.18     42    9.5  353.1  353.9  353.2
  223.3  11815  -43.1  -49.9     47   0.18     42    9.6  353.1  353.9  353.1
  222.8  11829  -43.2  -50.0     47   0.18     42    9.7  353.1  353.9  353.2
  222.4  11842  -43.3  -50.0     47   0.18     43    9.7  353.1  353.9  353.2
  222.0  11854  -43.4  -50.1     47   0.18     43    9.8  353.2  353.9  353.2
  221.6  11865  -43.5  -50.1     48   0.18     43    9.9  353.2  354.0  353.3
  221.3  11874  -43.6  -50.0     49   0.18     44   10.0  353.2  354.0  353.3
  221.0  11885  -43.7  -49.9     50   0.18     44   10.0  353.2  354.0  353.2
  220.6  11897  -43.8  -49.9     50   0.18     44   10.1  353.2  354.0  353.2
  220.2  11910  -43.9  -50.2     50   0.18     44   10.2  353.2  353.9  353.2
  219.7  11923  -44.0  -50.8     47   0.16     44   10.3  353.2  354.0  353.3
  219.3  11935  -44.1  -51.7     43   0.15     44   10.4  353.3  354.0  353.3
  219.0  11946  -44.2  -52.7     38   0.13     44   10.5  353.3  353.9  353.4
  218.6  11958  -44.3  -53.4     36   0.12     43   10.6  353.3  353.9  353.4
  218.2  11970  -44.4  -53.3     36   0.12     43   10.6  353.4  353.9  353.4
  217.9  11979  -44.5  -53.3     37   0.12     42   10.7  353.4  353.9  353.4
  217.6  11989  -44.6  -53.2     37   0.12     42   10.8  353.4  353.9  353.4
  217.2  12000  -44.7  -53.0     39   0.13     42   11.0  353.4  354.0  353.5
  216.8  12013  -44.8  -52.8     40   0.13     41   11.1  353.4  354.0  353.4
  216.3  12027  -44.9  -52.8     41   0.13     41   11.2  353.4  354.0  353.5
  215.9  12040  -45.1  -52.9     41   0.13     40   11.4  353.4  354.0  353.5
  215.5  12052  -45.2  -53.0     41   0.13     40   11.5  353.4  354.0  353.5
  215.1  12065  -45.3  -52.9     42   0.13     40   11.6  353.4  354.0  353.5
  214.7  12077  -45.4  -53.0     42   0.13     40   11.8  353.4  354.0  353.5
  214.4  12087  -45.5  -53.3     41   0.13     40   11.9  353.4  354.0  353.5
  214.1  12096  -45.6  -53.4     41   0.12     40   12.0  353.5  354.0  353.5
  213.8  12107  -45.7  -53.3     42   0.13     40   12.1  353.4  354.0  353.5
  213.4  12119  -45.8  -53.3     42   0.13     40   12.2  353.5  354.0  353.5
  213.0  12131  -45.9  -53.5     42   0.12     40   12.3  353.5  354.0  353.5
  212.6  12142  -46.0  -53.4     43   0.13     40   12.3  353.5  354.0  353.5
  212.2  12155  -46.2  -53.2     45   0.13     40   12.3  353.5  354.0  353.5
  211.7  12170  -46.3  -53.0     46   0.13     40   12.3  353.5  354.1  353.5
  211.3  12184  -46.4  -52.9     47   0.13     40   12.4  353.5  354.1  353.6
  210.9  12196  -46.5  -52.9     48   0.13     40   12.4  353.6  354.2  353.6
  210.5  12208  -46.6  -53.0     48   0.13     40   12.4  353.6  354.2  353.6
  210.2  12220  -46.7  -53.1     48   0.13     40   12.4  353.5  354.1  353.6
  209.7  12233  -46.9  -53.1     49   0.13     40   12.5  353.6  354.2  353.6
  209.3  12247  -47.0  -53.0     50   0.13     40   12.6  353.6  354.2  353.6
  208.9  12259  -47.1  -53.1     50   0.13     41   12.7  353.6  354.2  353.6
  208.6  12271  -47.2  -53.2     50   0.13     41   12.8  353.5  354.1  353.6
  208.1  12283  -47.4  -53.2     51   0.13     41   13.0  353.6  354.2  353.6
  207.8  12296  -47.5  -53.2     52   0.13     42   13.1  353.5  354.1  353.6
  207.4  12308  -47.6  -53.2     52   0.13     42   13.3  353.5  354.1  353.6
  207.0  12320  -47.7  -53.3     53   0.13     43   13.4  353.5  354.1  353.5
  206.7  12331  -47.8  -53.3     53   0.13     43   13.6  353.5  354.1  353.6
  206.3  12343  -47.9  -53.2     54   0.13     43   13.7  353.6  354.2  353.7
  205.9  12355  -48.0  -53.2     55   0.13     43   13.9  353.6  354.2  353.7
  205.5  12369  -48.1  -53.2     56   0.13     43   14.0  353.6  354.2  353.6
  205.1  12382  -48.3  -53.1     57   0.13     43   14.2  353.6  354.2  353.7
  204.7  12395  -48.3  -53.0     58   0.14     42   14.3  353.7  354.3  353.7
  204.3  12407  -48.5  -53.1     59   0.14     42   14.5  353.7  354.3  353.7
  203.9  12421  -48.6  -53.2     59   0.13     41   14.7  353.7  354.3  353.7
  203.4  12436  -48.7  -53.3     59   0.13     41   14.8  353.7  354.3  353.7
  203.0  12449  -48.8  -53.4     58   0.13     40   15.0  353.8  354.3  353.8
  202.7  12460  -48.9  -53.6     58   0.13     39   15.1  353.8  354.3  353.8
  202.3  12473  -49.1  -53.7     58   0.13     39   15.2  353.7  354.3  353.8
  201.9  12485  -49.2  -53.9     58   0.12     38   15.3  353.8  354.3  353.8
  201.5  12498  -49.3  -54.0     58   0.12     37   15.3  353.8  354.4  353.8
  201.1  12511  -49.4  -54.1     57   0.12     37   15.4  353.8  354.4  353.9
  200.6  12525  -49.5  -54.3     57   0.12     36   15.4  353.9  354.4  353.9
  200.2  12539  -49.6  -54.3     58   0.12     36   15.4  353.9  354.4  353.9
  200.0  12546  -49.7  -54.3     58   0.12     36   15.4  353.9  354.4  353.9
  199.8  12553  -49.8  -54.4     58   0.12     35   15.4  353.9  354.4  353.9
  199.4  12566  -49.9  -54.4     59   0.12     35   15.3  353.9  354.5  354.0
  199.0  12578  -50.0  -54.4     59   0.12     34   15.3  354.0  354.5  354.0
  198.7  12590  -50.1  -54.6     59   0.12     34   15.3  353.9  354.5  354.0
  198.3  12602  -50.2  -54.9     57   0.11     34   15.2  354.0  354.5  354.0
  197.9  12616  -50.3  -55.5     54   0.10     33   15.2  354.0  354.5  354.0
  197.4  12630  -50.4  -56.3     49   0.09     33   15.2  354.1  354.5  354.1
  197.1  12643  -50.5  -57.2     45   0.09     33   15.2  354.1  354.5  354.2
  196.7  12655  -50.6  -57.8     42   0.08     32   15.2  354.2  354.6  354.2
  196.3  12667  -50.7  -58.0     41   0.08     32   15.2  354.2  354.6  354.3
  196.0  12678  -50.8  -57.9     42   0.08     32   15.2  354.2  354.6  354.3
  195.7  12687  -50.9  -57.7     44   0.08     31   15.2  354.2  354.6  354.3
  195.4  12697  -51.0  -57.6     45   0.08     31   15.2  354.3  354.6  354.3
  195.1  12709  -51.1  -57.5     46   0.08     30   15.1  354.2  354.6  354.3
  194.7  12721  -51.2  -57.3     48   0.08     30   15.1  354.3  354.7  354.3
  194.4  12732  -51.3  -57.2     49   0.09     30   15.1  354.3  354.7  354.3
  194.0  12744  -51.4  -57.1     50   0.09     29   15.0  354.3  354.7  354.3
  193.7  12755  -51.5  -57.1     51   0.09     29   15.0  354.3  354.7  354.3
  193.3  12767  -51.6  -57.1     51   0.09     29   14.9  354.3  354.7  354.3
  193.0  12779  -51.7  -57.2     52   0.09     28   14.9  354.3  354.7  354.4
  192.6  12790  -51.8  -57.3     51   0.09     28   14.9  354.4  354.7  354.4
  192.3  12803  -51.9  -57.5     51   0.08     28   14.9  354.3  354.7  354.3
  191.9  12815  -52.0  -57.6     51   0.08     28   14.9  354.4  354.7  354.4
  191.5  12827  -52.2  -57.8     51   0.08     28   14.9  354.4  354.7  354.4
  191.2  12840  -52.3  -57.9     51   0.08     28   14.9  354.4  354.7  354.4
  190.9  12851  -52.3  -58.0     50   0.08     28   14.9  354.4  354.8  354.4
  190.5  12861  -52.4  -58.0     50   0.08     28   14.9  354.5  354.9  354.5
  190.2  12873  -52.5  -58.1     51   0.08     28   14.9  354.5  354.9  354.5
  189.8  12885  -52.6  -58.1     52   0.08     28   15.0  354.5  354.9  354.6
  189.4  12899  -52.7  -58.0     53   0.08     28   15.0  354.5  354.9  354.6
  189.1  12912  -52.9  -58.0     54   0.08     29   15.0  354.5  354.9  354.5
  188.7  12925  -53.0  -58.0     54   0.08     29   15.0  354.5  354.9  354.5
  188.3  12938  -53.1  -58.1     55   0.08     29   15.0  354.5  354.9  354.6
  187.9  12952  -53.2  -58.1     55   0.08     29   14.9  354.5  354.9  354.6
  187.5  12964  -53.4  -58.3     55   0.08     29   14.9  354.6  354.9  354.6
  187.1  12977  -53.5  -58.5     54   0.08     29   14.8  354.6  355.0  354.6
  186.7  12991  -53.6  -58.7     54   0.07     29   14.7  354.6  355.0  354.6
  186.3  13006  -53.7  -58.8     54   0.07     30   14.6  354.7  355.0  354.7
  185.9  13018  -53.8  -58.9     54   0.07     30   14.4  354.7  355.1  354.7
  185.6  13030  -53.9  -59.0     54   0.07     30   14.3  354.7  355.0  354.7
  185.3  13042  -54.0  -59.0     54   0.07     30   14.1  354.7  355.0  354.7
  184.9  13054  -54.1  -59.0     55   0.07     30   13.9  354.8  355.1  354.8
  184.6  13065  -54.2  -59.0     55   0.07     30   13.8  354.8  355.1  354.8
  184.3  13076  -54.3  -59.0     56   0.07     30   13.6  354.7  355.1  354.7
  184.0  13087  -54.4  -58.9     57   0.07     30   13.5  354.7  355.1  354.7
  183.7  13096  -54.5  -58.9     58   0.07     30   13.4  354.8  355.1  354.8
  183.4  13106  -54.6  -58.8     59   0.07     30   13.2  354.9  355.2  354.9
  183.1  13116  -54.7  -58.8     60   0.07     30   13.1  354.8  355.2  354.8
  182.8  13127  -54.8  -58.8     61   0.07     30   13.0  354.8  355.1  354.8
  182.5  13138  -54.9  -58.9     62   0.07     30   12.9  354.8  355.1  354.8
  182.2  13149  -55.0  -58.9     62   0.07     29   12.9  354.8  355.1  354.8
  181.9  13161  -55.1  -59.0     62   0.07     29   12.8  354.8  355.1  354.8
  181.5  13172  -55.3  -59.0     63   0.07     29   12.7  354.8  355.1  354.8
  181.2  13184  -55.4  -59.0     64   0.07     29   12.5  354.8  355.1  354.8
  180.9  13195  -55.5  -59.1     64   0.07     29   12.4  354.8  355.1  354.8
  180.5  13207  -55.6  -59.1     64   0.07     29   12.3  354.8  355.2  354.8
  180.2  13219  -55.7  -59.2     64   0.07     29   12.1  354.8  355.2  354.8
  179.9  13230  -55.8  -59.3     65   0.07     29   12.0  354.9  355.2  354.9
  179.6  13239  -55.9  -59.3     65   0.07     29   11.8  354.9  355.2  354.9
  179.4  13249  -56.0  -59.5     64   0.07     29   11.7  354.8  355.2  354.9
  179.1  13258  -56.1  -59.6     64   0.07     30   11.5  354.8  355.2  354.9
  178.8  13268  -56.2  -59.7     64   0.07     30   11.4  354.8  355.2  354.9
  178.5  13280  -56.3  -59.8     64   0.07     31   11.3  354.8  355.1  354.8
  178.1  13292  -56.4  -59.9     64   0.07     31   11.2  354.9  355.2  354.9
  177.8  13304  -56.5  -60.2     63   0.06     32   11.1  354.9  355.2  354.9
  177.5  13315  -56.6  -60.5     61   0.06     32   11.0  354.9  355.2  354.9
  177.2  13325  -56.7  -61.0     58   0.06     33   11.0  354.9  355.2  354.9
  176.9  13336  -56.8  -61.3     57   0.06     33   11.0  354.9  355.1  354.9
  176.6  13348  -56.9  -61.6     55   0.05     33   10.9  354.9  355.1  354.9
  176.3  13359  -57.0  -61.8     54   0.05     33   10.9  355.0  355.2  355.0
  176.0  13370  -57.1  -62.0     53   0.05     33   10.9  354.9  355.2  355.0
  175.6  13383  -57.2  -62.2     53   0.05     33   10.9  355.0  355.2  355.0
  175.3  13395  -57.3  -62.3     53   0.05     33   10.9  355.0  355.2  355.0
  175.0  13405  -57.4  -62.2     54   0.05     32   10.9  355.0  355.2  355.0
  174.7  13416  -57.5  -62.1     56   0.05     32   10.9  355.0  355.2  355.0
  174.4  13428  -57.6  -62.0     57   0.05     31   10.9  355.0  355.2  355.0
  174.0  13440  -57.7  -62.0     58   0.05     31   10.9  355.0  355.3  355.0
  173.7  13452  -57.8  -62.0     59   0.05     31   11.0  355.0  355.3  355.0
  173.4  13463  -58.0  -62.0     60   0.05     30   11.0  355.0  355.2  355.0
  173.0  13476  -58.1  -62.1     60   0.05     30   11.1  355.0  355.3  355.1
  172.7  13489  -58.2  -62.0     61   0.05     30   11.1  355.0  355.3  355.0
  172.4  13500  -58.3  -61.9     63   0.05     29   11.2  355.1  355.3  355.1
  172.1  13509  -58.3  -61.9     63   0.05     29   11.2  355.1  355.4  355.2
  171.9  13518  -58.4  -62.1     63   0.05     29   11.2  355.1  355.3  355.1
  171.6  13528  -58.5  -62.2     63   0.05     29   11.2  355.1  355.3  355.1
  171.3  13538  -58.6  -62.2     63   0.05     29   11.2  355.1  355.4  355.1
  171.0  13548  -58.7  -62.2     64   0.05     29   11.2  355.2  355.4  355.2
  170.8  13559  -58.8  -62.2     65   0.05     29   11.1  355.1  355.3  355.1
  170.5  13570  -58.9  -62.3     65   0.05     29   11.0  355.1  355.3  355.1
  170.2  13580  -59.0  -62.3     65   0.05     29   10.8  355.1  355.4  355.1
  169.9  13589  -59.1  -62.3     66   0.05     29   10.6  355.2  355.4  355.2
  169.7  13600  -59.2  -62.4     66   0.05     29   10.5  355.2  355.4  355.2
  169.4  13609  -59.3  -62.5     66   0.05     29   10.3  355.2  355.5  355.2
  169.2  13618  -59.3  -62.6     65   0.05     29   10.1  355.2  355.4  355.2
  168.9  13629  -59.4  -62.8     65   0.05     29    9.9  355.2  355.5  355.2
  168.6  13640  -59.5  -62.9     64   0.05     28    9.7  355.3  355.5  355.3
  168.3  13650  -59.6  -63.0     65   0.05     28    9.6  355.3  355.6  355.3
  168.0  13661  -59.7  -63.0     65   0.05     28    9.4  355.4  355.6  355.4
  167.7  13672  -59.8  -63.1     65   0.05     27    9.3  355.3  355.6  355.4
  167.4  13683  -59.9  -63.1     66   0.05     26    9.2  355.4  355.6  355.4
  167.1  13694  -60.0  -63.1     66   0.05     26    9.1  355.4  355.6  355.4
  166.8  13706  -60.1  -63.2     67   0.05     25    9.0  355.4  355.6  355.4
  166.5  13716  -60.2  -63.2     67   0.05     24    9.0  355.4  355.6  355.4
  166.2  13727  -60.3  -63.3     68   0.05     23    8.9  355.4  355.6  355.4
  165.9  13738  -60.4  -63.3     69   0.05     22    8.9  355.4  355.6  355.4
  165.6  13750  -60.5  -63.3     69   0.05     21    8.8  355.4  355.6  355.4
  165.3  13763  -60.7  -63.4     70   0.05     20    8.8  355.4  355.6  355.4
  165.0  13774  -60.8  -63.4     71   0.05     20    8.7  355.4  355.6  355.4
  164.7  13786  -60.9  -63.5     71   0.04     19    8.7  355.3  355.6  355.4
  164.3  13799  -61.0  -63.7     70   0.04     19    8.7  355.4  355.6  355.4
  164.0  13813  -61.1  -63.9     70   0.04     18    8.6  355.4  355.6  355.4
  163.6  13826  -61.2  -64.0     70   0.04     18    8.6  355.5  355.7  355.5
  163.3  13838  -61.3  -64.0     70   0.04     18    8.6  355.6  355.8  355.6
  163.0  13850  -61.3  -64.1     69   0.04     18    8.6  355.7  355.9  355.7
  162.6  13863  -61.4  -64.2     69   0.04     18    8.7  355.8  356.0  355.9
  162.3  13877  -61.5  -64.4     68   0.04     18    8.7  355.8  356.0  355.9
  161.9  13891  -61.6  -64.6     67   0.04     18    8.7  355.9  356.1  355.9
  161.5  13905  -61.7  -64.7     67   0.04     18    8.8  356.0  356.2  356.0
  161.2  13919  -61.8  -64.8     68   0.04     19    8.9  356.0  356.2  356.0
  160.8  13932  -61.9  -64.8     68   0.04     19    9.0  356.0  356.2  356.1
  160.5  13946  -62.1  -64.9     69   0.04     19    9.1  356.0  356.2  356.0
  160.1  13959  -62.2  -64.9     69   0.04     19    9.2  356.1  356.3  356.1
  159.8  13970  -62.3  -65.0     69   0.04     19    9.3  356.1  356.3  356.1
  159.6  13979  -62.4  -65.1     69   0.04     18    9.4  356.1  356.2  356.1
  159.4  13988  -62.5  -65.2     69   0.04     18    9.5  356.0  356.2  356.0
  159.1  14000  -62.6  -65.4     69   0.04     18    9.6  356.0  356.2  356.0
  158.8  14011  -62.7  -65.5     68   0.04     17    9.7  356.1  356.2  356.1
  158.5  14023  -62.7  -65.6     68   0.04     17    9.8  356.2  356.3  356.2
  158.2  14035  -62.8  -65.8     68   0.03     16    9.9  356.2  356.4  356.2
  157.9  14047  -62.9  -65.9     67   0.03     15    9.9  356.2  356.4  356.2
  157.6  14058  -63.0  -66.0     67   0.03     15   10.0  356.3  356.4  356.3
  157.3  14069  -63.0  -66.1     66   0.03     14   10.1  356.4  356.6  356.4
  157.0  14080  -63.1  -66.2     66   0.03     14   10.2  356.5  356.7  356.5
  156.7  14093  -63.2  -66.4     65   0.03     13   10.2  356.6  356.7  356.6
  156.4  14103  -63.3  -66.6     64   0.03     13   10.3  356.6  356.7  356.6
  156.3  14109  -63.4  -66.8     63   0.03     13   10.5  356.4  356.6  356.4
  156.0  14118  -63.5  -67.0     62   0.03     13   10.6  356.5  356.7  356.5
  155.8  14129  -63.5  -67.2     61   0.03     12   10.7  356.5  356.7  356.5
  155.5  14141  -63.6  -67.4     60   0.03     12   10.9  356.6  356.7  356.6
  155.2  14153  -63.7  -67.6     59   0.03     12   11.0  356.6  356.8  356.6
  154.8  14166  -63.8  -67.9     58   0.03     13   11.1  356.7  356.8  356.7
  154.4  14182  -63.9  -68.1     56   0.03     13   11.3  356.8  356.9  356.8
  154.0  14198  -64.0  -68.3     56   0.03     13   11.4  356.9  357.0  356.9
  153.7  14211  -64.1  -68.3     56   0.03     13   11.6  356.9  357.1  356.9
  153.5  14221  -64.2  -68.3     57   0.03     14   11.7  357.0  357.1  357.0
  153.3  14227  -64.2  -68.2     58   0.03     14   11.8  357.0  357.1  357.0
  153.1  14235  -64.3  -68.2     58   0.03     15   11.9  357.0  357.1  357.0
  152.8  14245  -64.4  -68.4     58   0.03     16   12.0  357.0  357.1  357.0
  152.6  14256  -64.5  -68.6     57   0.02     16   12.1  356.9  357.1  357.0
  152.3  14267  -64.6  -68.8     56   0.02     17   12.2  357.0  357.1  357.0
  152.0  14278  -64.7  -69.0     56   0.02     18   12.3  357.0  357.2  357.0
  151.7  14289  -64.8  -69.1     55   0.02     18   12.4  357.1  357.2  357.1
  151.4  14302  -64.9  -69.2     55   0.02     19   12.5  357.1  357.2  357.1
  151.1  14314  -65.0  -69.3     55   0.02     19   12.6  357.1  357.2  357.1
  150.8  14326  -65.1  -69.5     54   0.02     20   12.7  357.2  357.3  357.2
  150.5  14339  -65.2  -69.8     53   0.02     20   12.8  357.2  357.3  357.2
  150.2  14351  -65.3  -70.2     51   0.02     21   12.9  357.3  357.4  357.3
  150.0  14360  -65.3  -70.4     50   0.02     21   12.9  357.3  357.4  357.3
  149.9  14364  -65.4  -70.5     49   0.02     21   13.0  357.3  357.4  357.3
  149.6  14377  -65.5  -70.9     47   0.02     21   13.0  357.4  357.5  357.4
  149.3  14388  -65.6  -71.4     44   0.02     21   13.1  357.4  357.5  357.4
  149.0  14399  -65.7  -71.7     43   0.02     21   13.2  357.4  357.5  357.4
  148.8  14410  -65.8  -72.1     41   0.02     21   13.3  357.3  357.4  357.3
  148.5  14421  -65.9  -72.3     41   0.01     21   13.4  357.4  357.4  357.4
  148.2  14433  -66.0  -72.4     40   0.01     21   13.5  357.4  357.4  357.4
  147.9  14445  -66.1  -72.5     40   0.01     21   13.6  357.4  357.5  357.4
  147.7  14455  -66.2  -72.5     41   0.01     21   13.8  357.5  357.5  357.5
  147.4  14465  -66.2  -72.4     42   0.01     21   13.9  357.6  357.6  357.6
  147.2  14475  -66.3  -72.3     43   0.01     21   14.1  357.6  357.7  357.6
  146.9  14486  -66.3  -72.2     44   0.02     21   14.3  357.7  357.8  357.7
  146.6  14497  -66.4  -72.2     44   0.02     21   14.6  357.8  357.9  357.8
  146.4  14508  -66.5  -72.1     45   0.02     22   14.8  357.9  358.0  357.9
  146.1  14520  -66.5  -72.1     45   0.02     22   15.0  358.1  358.1  358.1
  145.8  14534  -66.5  -71.9     47   0.02     22   15.3  358.1  358.2  358.1
  145.4  14548  -66.6  -71.7     49   0.02     23   15.6  358.3  358.3  358.3
  145.0  14564  -66.7  -71.4     51   0.02     24   15.9  358.4  358.5  358.4
  144.7  14578  -66.8  -71.2     54   0.02     24   16.2  358.4  358.5  358.4
  144.4  14590  -66.9  -71.0     56   0.02     25   16.5  358.5  358.6  358.5
  144.1  14602  -67.0  -70.9     57   0.02     25   16.8  358.5  358.6  358.5
  143.8  14615  -67.1  -70.9     58   0.02     26   17.0  358.6  358.7  358.6
  143.5  14627  -67.2  -70.9     59   0.02     26   17.2  358.7  358.8  358.7
  143.3  14638  -67.3  -71.0     59   0.02     27   17.5  358.7  358.8  358.7
  143.0  14650  -67.4  -71.0     60   0.02     27   17.8  358.7  358.8  358.7
  142.7  14663  -67.5  -71.0     61   0.02     27   18.0  358.7  358.8  358.7
  142.4  14675  -67.6  -71.0     62   0.02     27   18.1  358.8  358.8  358.8
  142.1  14688  -67.7  -71.0     62   0.02     27   18.3  358.8  358.9  358.8
  141.8  14698  -67.7  -71.1     63   0.02     27   18.4  358.9  359.0  358.9
  141.6  14709  -67.8  -71.2     62   0.02     27   18.5  358.9  359.0  358.9
  141.3  14719  -67.9  -71.3     62   0.02     27   18.6  359.0  359.1  359.0
  141.1  14730  -68.0  -71.5     61   0.02     27   18.6  359.0  359.1  359.0
  140.8  14740  -68.1  -71.6     60   0.02     27   18.6  359.1  359.2  359.1
  140.6  14751  -68.1  -71.8     59   0.02     26   18.6  359.1  359.2  359.1
  140.3  14762  -68.2  -71.9     58   0.02     26   18.5  359.2  359.3  359.2
  140.1  14772  -68.3  -72.1     57   0.02     26   18.5  359.2  359.3  359.3
  139.8  14783  -68.3  -72.4     56   0.02     26   18.5  359.3  359.4  359.3
  139.6  14794  -68.4  -72.6     55   0.01     26   18.4  359.4  359.4  359.4
  139.3  14804  -68.5  -72.9     53   0.01     26   18.4  359.5  359.5  359.5
  139.1  14815  -68.6  -73.2     51   0.01     27   18.5  359.4  359.5  359.4
  138.8  14826  -68.7  -73.5     49   0.01     27   18.5  359.5  359.6  359.5
  138.6  14837  -68.8  -73.9     47   0.01     28   18.6  359.5  359.5  359.5
  138.3  14848  -68.9  -74.4     45   0.01     28   18.7  359.5  359.5  359.5
  138.0  14860  -69.0  -74.9     42   0.01     29   18.9  359.5  359.6  359.5
  137.8  14872  -69.1  -75.5     39   0.01     29   19.0  359.5  359.6  359.5
  137.5  14882  -69.1  -76.0     36   0.01     30   19.2  359.7  359.7  359.7
  137.3  14892  -69.1  -76.4     34   0.01     30   19.4  359.9  359.9  359.9
  137.1  14903  -69.0  -76.8     31   0.01     31   19.5  360.1  360.2  360.1
  136.8  14913  -69.0  -77.4     29   0.01     31   19.7  360.4  360.4  360.4
  136.6  14923  -69.0  -78.0     26   0.01     31   19.9  360.5  360.5  360.5
  136.4  14933  -69.1  -78.6     24   0.01     32   20.0  360.5  360.5  360.5
  136.1  14943  -69.2  -79.2     22   0.01     32   20.1  360.6  360.6  360.6
  135.9  14954  -69.3  -79.6     21   0.01     32   20.2  360.6  360.6  360.6
  135.7  14964  -69.3  -80.0     20   0.00     32   20.4  360.7  360.7  360.7
  135.5  14973  -69.4  -80.3     19   0.00     32   20.5  360.7  360.7  360.7
  135.2  14984  -69.5  -80.7     18   0.00     32   20.7  360.8  360.8  360.8
  135.0  14994  -69.6  -81.0     17   0.00     32   20.8  360.8  360.8  360.8
  134.8  15004  -69.7  -81.3     17   0.00     32   20.8  360.7  360.8  360.7
  134.5  15015  -69.8  -81.5     17   0.00     32   21.0  360.8  360.8  360.8
  134.2  15028  -69.8  -81.7     16   0.00     32   21.1  360.9  360.9  360.9
  134.0  15039  -69.9  -81.7     16   0.00     33   21.2  361.0  361.0  361.0
  133.7  15050  -69.9  -81.7     17   0.00     33   21.4  361.1  361.1  361.1
  133.5  15062  -70.0  -81.7     17   0.00     33   21.5  361.1  361.1  361.1
  133.2  15075  -70.1  -81.7     17   0.00     34   21.7  361.2  361.2  361.2
  132.9  15087  -70.2  -81.8     17   0.00     34   21.9  361.3  361.3  361.3
  132.6  15099  -70.2  -81.8     17   0.00     35   22.0  361.5  361.6  361.5
  132.4  15110  -70.2  -81.7     17   0.00     35   22.2  361.6  361.6  361.6
  132.1  15121  -70.3  -81.6     17   0.00     36   22.4  361.7  361.8  361.7
  131.8  15134  -70.4  -81.5     18   0.00     36   22.5  361.8  361.8  361.8
  131.5  15148  -70.4  -81.2     19   0.00     36   22.7  362.0  362.0  362.0
  131.3  15161  -70.5  -81.0     20   0.00     36   22.9  362.0  362.0  362.0
  131.0  15171  -70.6  -80.9     20   0.00     37   23.1  362.1  362.1  362.1
  130.8  15180  -70.6  -80.9     21   0.00     37   23.2  362.1  362.2  362.1
  130.6  15190  -70.7  -80.8     21   0.00     37   23.4  362.2  362.2  362.2
  130.4  15200  -70.8  -80.8     22   0.00     37   23.5  362.2  362.2  362.2
  130.2  15211  -70.8  -80.8     22   0.00     37   23.6  362.2  362.3  362.2
  129.9  15221  -70.9  -80.7     22   0.00     38   23.8  362.4  362.4  362.4
  129.7  15232  -70.9  -80.6     23   0.00     38   23.9  362.5  362.5  362.5
  129.5  15243  -71.0  -80.5     23   0.00     38   24.1  362.6  362.6  362.6
  129.2  15254  -71.0  -80.4     24   0.00     38   24.2  362.7  362.8  362.7
  129.0  15266  -71.0  -80.3     24   0.00     38   24.3  362.8  362.9  362.8
  128.7  15277  -71.1  -80.1     25   0.01     38   24.5  363.0  363.0  363.0
  128.5  15288  -71.1  -80.1     25   0.01     38   24.6  363.1  363.1  363.1
  128.2  15298  -71.2  -80.1     26   0.01     38   24.7  363.2  363.2  363.2
  128.0  15309  -71.3  -80.1     26   0.01     38   24.9  363.2  363.3  363.2
  127.8  15319  -71.3  -80.1     26   0.01     38   25.1  363.3  363.3  363.3
  127.6  15329  -71.4  -80.1     26   0.01     38   25.2  363.4  363.4  363.4
  127.4  15339  -71.5  -80.3     26   0.01     38   25.4  363.4  363.4  363.4
  127.1  15350  -71.6  -80.4     26   0.00     38   25.6  363.4  363.4  363.4
  126.9  15362  -71.7  -80.6     25   0.00     38   25.9  363.4  363.4  363.4
  126.6  15373  -71.7  -80.6     26   0.00     38   26.1  363.5  363.5  363.5
  126.4  15384  -71.8  -80.5     26   0.00     38   26.3  363.6  363.6  363.6
  126.2  15395  -71.8  -80.3     27   0.01     39   26.5  363.7  363.7  363.7
  125.9  15405  -71.9  -80.2     28   0.01     39   26.7  363.8  363.9  363.8
  125.7  15415  -72.0  -80.2     28   0.01     39   26.9  363.8  363.9  363.8
  125.5  15426  -72.0  -80.3     28   0.01     39   27.1  363.9  364.0  363.9
  125.2  15438  -72.0  -80.3     28   0.01     39   27.2  364.2  364.2  364.2
  125.0  15449  -72.0  -80.4     28   0.01     39   27.4  364.3  364.3  364.3
  124.8  15460  -72.1  -80.4     28   0.00     39   27.5  364.4  364.4  364.4
  124.5  15471  -72.2  -80.4     28   0.00     39   27.6  364.5  364.5  364.5
  124.3  15481  -72.2  -80.4     28   0.01     39   27.7  364.5  364.5  364.5
  124.1  15491  -72.3  -80.4     29   0.01     40   27.7  364.5  364.6  364.5
  123.9  15502  -72.4  -80.3     29   0.01     40   27.8  364.6  364.6  364.6
  123.7  15513  -72.4  -80.3     30   0.01     40   27.8  364.7  364.7  364.7
  123.4  15524  -72.5  -80.3     30   0.01     40   27.7  364.8  364.8  364.8
  123.2  15536  -72.6  -80.3     30   0.01     40   27.7  364.8  364.9  364.8
  123.0  15546  -72.6  -80.4     30   0.01     40   27.6  364.9  364.9  364.9
  122.7  15557  -72.7  -80.5     30   0.01     40   27.5  365.0  365.0  365.0
  122.5  15567  -72.8  -80.6     30   0.00     40   27.4  365.1  365.1  365.1
  122.3  15577  -72.8  -80.7     29   0.00     40   27.3  365.2  365.2  365.2
  122.1  15587  -72.8  -80.9     29   0.00     40   27.1  365.3  365.3  365.3
  121.9  15597  -72.8  -81.1     28   0.00     41   27.0  365.4  365.5  365.4
  121.7  15608  -72.9  -81.3     27   0.00     41   26.8  365.6  365.6  365.6
  121.5  15618  -72.9  -81.6     26   0.00     41   26.6  365.7  365.7  365.7
  121.2  15629  -72.9  -81.8     25   0.00     41   26.5  366.0  366.0  366.0
  121.0  15639  -72.9  -82.0     24   0.00     41   26.3  366.2  366.2  366.2
  120.8  15648  -72.9  -82.1     24   0.00     42   26.2  366.4  366.4  366.4
  120.6  15658  -72.8  -82.2     23   0.00     42   26.0  366.6  366.6  366.6
  120.4  15670  -72.8  -82.4     23   0.00     42   25.9  366.7  366.8  366.7
  120.2  15680  -72.9  -82.5     22   0.00     42   25.7  366.8  366.9  366.8
  120.0  15690  -72.9  -82.6     22   0.00     42   25.6  366.9  367.0  366.9
  119.8  15699  -73.0  -82.7     22   0.00     42   25.4  367.0  367.1  367.0
  119.6  15709  -73.0  -82.9     21   0.00     42   25.3  367.1  367.1  367.1
  119.4  15718  -73.1  -83.0     21   0.00     42   25.1  367.1  367.2  367.1
  119.2  15728  -73.2  -83.2     21   0.00     42   25.0  367.2  367.2  367.2
  119.0  15737  -73.2  -83.3     21   0.00     42   24.9  367.3  367.3  367.3
  118.8  15746  -73.3  -83.3     21   0.00     42   24.8  367.3  367.4  367.3
  118.6  15756  -73.3  -83.4     21   0.00     42   24.7  367.4  367.4  367.4
  118.4  15766  -73.4  -83.4     21   0.00     42   24.6  367.5  367.5  367.5
  118.2  15775  -73.4  -83.3     21   0.00     42   24.5  367.6  367.6  367.6
  118.1  15784  -73.5  -83.3     21   0.00     42   24.4  367.6  367.6  367.6
  117.9  15793  -73.5  -83.3     21   0.00     42   24.3  367.7  367.7  367.7
  117.7  15803  -73.6  -83.2     22   0.00     42   24.2  367.8  367.8  367.8
  117.5  15812  -73.6  -83.2     22   0.00     42   24.1  367.9  367.9  367.9
  117.3  15820  -73.7  -83.2     22   0.00     42   24.0  367.9  368.0  367.9
  117.2  15829  -73.7  -83.2     22   0.00     42   23.9  368.0  368.0  368.0
  117.0  15837  -73.7  -83.1     23   0.00     42   23.9  368.2  368.2  368.2
  116.8  15846  -73.7  -83.1     23   0.00     42   23.8  368.3  368.3  368.3
  116.6  15855  -73.8  -83.1     23   0.00     42   23.6  368.4  368.4  368.4
  116.4  15865  -73.8  -83.0     23   0.00     43   23.5  368.5  368.5  368.5
  116.3  15874  -73.9  -83.0     24   0.00     43   23.4  368.4  368.4  368.4
  116.1  15883  -74.0  -83.0     24   0.00     43   23.3  368.5  368.5  368.5
  115.9  15893  -74.0  -83.0     24   0.00     43   23.2  368.6  368.6  368.6
  115.7  15902  -74.1  -83.0     24   0.00     43   23.1  368.7  368.7  368.7
  115.5  15912  -74.1  -83.0     24   0.00     43   22.9  368.7  368.7  368.7
  115.3  15922  -74.2  -83.0     25   0.00     43   22.8  368.8  368.8  368.8
  115.1  15931  -74.2  -82.9     25   0.00     43   22.8  369.0  369.0  369.0
  114.9  15941  -74.2  -82.9     25   0.00     43   22.7  369.1  369.2  369.2
  114.8  15950  -74.2  -82.8     26   0.00     43   22.6  369.2  369.3  369.2
  114.6  15959  -74.2  -82.7     26   0.00     43   22.5  369.4  369.5  369.4
  114.4  15968  -74.2  -82.7     26   0.00     43   22.5  369.6  369.6  369.6
  114.2  15977  -74.2  -82.7     26   0.00     43   22.4  369.8  369.8  369.8
  114.0  15986  -74.2  -82.7     26   0.00     44   22.4  369.9  369.9  369.9
  113.9  15995  -74.3  -82.8     26   0.00     44   22.3  369.9  369.9  369.9
  113.7  16004  -74.3  -82.8     26   0.00     44   22.2  370.0  370.1  370.0
  113.5  16014  -74.4  -82.8     26   0.00     45   22.2  370.1  370.2  370.1
  113.3  16023  -74.4  -82.8     27   0.00     45   22.1  370.3  370.3  370.3
  113.2  16032  -74.4  -82.7     27   0.00     45   22.0  370.4  370.5  370.4
  113.0  16040  -74.4  -82.7     27   0.00     46   21.9  370.6  370.6  370.6
  112.8  16049  -74.4  -82.8     27   0.00     47   21.8  370.7  370.8  370.7
  112.6  16058  -74.4  -82.9     26   0.00     47   21.7  370.9  370.9  370.9
  112.4  16068  -74.4  -83.0     26   0.00     48   21.5  371.1  371.1  371.1
  112.2  16079  -74.4  -83.1     25   0.00     49   21.3  371.3  371.3  371.3
  112.0  16090  -74.4  -83.2     25   0.00     49   21.1  371.4  371.5  371.4
  111.8  16101  -74.4  -83.3     24   0.00     50   20.9  371.7  371.7  371.7
  111.6  16114  -74.4  -83.3     24   0.00     51   20.6  371.9  371.9  371.9
  111.3  16127  -74.3  -83.4     24   0.00     52   20.4  372.3  372.3  372.3
  111.1  16139  -74.3  -83.4     24   0.00     53   20.1  372.5  372.5  372.5
  110.9  16150  -74.3  -83.4     24   0.00     54   19.8  372.7  372.7  372.7
  110.7  16161  -74.3  -83.4     23   0.00     55   19.6  373.0  373.0  373.0
  110.4  16173  -74.1  -83.4     23   0.00     56   19.3  373.5  373.5  373.5
  110.2  16184  -74.0  -83.4     23   0.00     57   19.1  373.9  374.0  373.9
  110.0  16195  -74.0  -83.5     22   0.00     58   18.8  374.2  374.2  374.2
  109.8  16207  -74.0  -83.7     21   0.00     59   18.6  374.3  374.3  374.3
  109.6  16218  -74.0  -83.8     21   0.00     59   18.4  374.6  374.6  374.6
  109.4  16229  -73.9  -83.8     21   0.00     60   18.3  374.9  374.9  374.9
  109.2  16240  -73.8  -83.8     20   0.00     61   18.2  375.2  375.3  375.2
  108.9  16253  -73.8  -83.8     20   0.00     61   18.1  375.6  375.6  375.6
  108.7  16264  -73.8  -83.9     20   0.00     61   18.0  375.7  375.8  375.7
  108.5  16274  -73.9  -84.0     20   0.00     61   18.0  375.8  375.8  375.8
  108.3  16286  -74.0  -84.2     20   0.00     62   17.9  375.9  375.9  375.9
  108.1  16298  -74.0  -84.2     20   0.00     61   18.0  376.0  376.0  376.0
  107.9  16309  -74.1  -84.3     20   0.00     61   18.0  376.1  376.1  376.1
  107.7  16319  -74.1  -84.4     20   0.00     61   18.0  376.2  376.2  376.2
  107.5  16329  -74.2  -84.5     19   0.00     61   18.1  376.2  376.2  376.2
  107.3  16339  -74.4  -84.6     19   0.00     61   18.2  376.2  376.2  376.2
  107.1  16350  -74.4  -84.8     19   0.00     60   18.2  376.2  376.2  376.2
  106.9  16361  -74.5  -84.9     19   0.00     60   18.3  376.2  376.2  376.2
  106.7  16373  -74.6  -85.0     19   0.00     60   18.3  376.2  376.3  376.2
  106.5  16384  -74.7  -85.0     19   0.00     60   18.4  376.3  376.3  376.3
  106.3  16396  -74.7  -84.9     19   0.00     59   18.4  376.4  376.5  376.4
  106.1  16407  -74.8  -84.9     20   0.00     59   18.4  376.6  376.6  376.6
  105.9  16418  -74.8  -84.8     20   0.00     59   18.4  376.8  376.8  376.8
  105.7  16428  -74.8  -84.7     20   0.00     59   18.3  376.9  376.9  376.9
  105.5  16440  -74.8  -84.7     20   0.00     59   18.3  377.1  377.1  377.1
  105.3  16452  -74.9  -84.7     21   0.00     59   18.2  377.2  377.2  377.2
  105.1  16463  -74.9  -84.7     21   0.00     58   18.2  377.3  377.3  377.3
  104.9  16474  -75.0  -84.7     21   0.00     58   18.1  377.4  377.4  377.4
  104.7  16484  -75.1  -84.7     21   0.00     58   18.0  377.4  377.4  377.4
  104.5  16494  -75.2  -84.7     22   0.00     58   18.0  377.5  377.5  377.5
  104.3  16504  -75.3  -84.7     22   0.00     57   17.9  377.5  377.5  377.5
  104.2  16514  -75.4  -84.7     22   0.00     57   17.9  377.4  377.4  377.4
  104.0  16524  -75.5  -84.7     23   0.00     56   17.9  377.4  377.4  377.4
  103.8  16535  -75.6  -84.7     23   0.00     56   17.8  377.4  377.4  377.4
  103.6  16546  -75.6  -84.7     23   0.00     55   17.8  377.5  377.5  377.5
  103.4  16557  -75.7  -84.6     24   0.00     55   17.8  377.6  377.6  377.6
  103.2  16567  -75.8  -84.6     24   0.00     54   17.8  377.6  377.7  377.6
  103.0  16578  -75.8  -84.5     24   0.00     54   17.8  377.8  377.8  377.8
  102.8  16589  -75.9  -84.5     25   0.00     54   17.8  377.9  377.9  377.9
  102.6  16599  -76.0  -84.4     25   0.00     53   17.8  377.9  378.0  377.9
  102.5  16608  -76.0  -84.4     26   0.00     53   17.8  377.9  377.9  377.9
  102.3  16618  -76.1  -84.3     27   0.00     53   17.8  378.1  378.1  378.1
  102.1  16629  -76.1  -84.2     27   0.00     53   17.8  378.2  378.2  378.2
  101.9  16640  -76.1  -84.1     28   0.00     53   17.7  378.4  378.4  378.4
  101.7  16650  -76.2  -84.0     28   0.00     53   17.7  378.5  378.5  378.5
  101.5  16661  -76.2  -83.9     29   0.00     53   17.7  378.6  378.6  378.6
  101.4  16671  -76.3  -83.9     30   0.00     53   17.6  378.6  378.6  378.6
  101.2  16681  -76.4  -83.8     30   0.00     54   17.6  378.6  378.7  378.7
  101.0  16692  -76.4  -83.8     31   0.00     54   17.6  378.7  378.7  378.7
  100.8  16703  -76.5  -83.8     31   0.00     55   17.5  378.8  378.8  378.8
  100.6  16712  -76.6  -83.8     31   0.00     56   17.5  378.8  378.9  378.8
  100.5  16723  -76.7  -83.8     32   0.00     56   17.6  378.7  378.8  378.7
  100.3  16733  -76.8  -83.8     32   0.00     57   17.6  378.8  378.9  378.8
  100.1  16743  -76.8  -83.8     32   0.00     58   17.7  379.0  379.0  379.0
  100.0  16749  -76.8  -83.8     32   0.00     58   17.8  379.1  379.1  379.1
  100.0  16749  -76.8  -83.8     32   0.00     58   17.8  379.1  379.1  379.1
   99.9  16755  -76.8  -83.7     33   0.00     58   17.8  379.2  379.2  379.2
   99.7  16765  -76.9  -83.7     33   0.00     59   17.9  379.3  379.3  379.3
   99.5  16776  -76.9  -83.7     33   0.00     60   18.1  379.4  379.5  379.4
   99.3  16786  -76.9  -83.7     34   0.00     60   18.3  379.6  379.6  379.6
   99.2  16797  -77.0  -83.7     34   0.00     61   18.5  379.6  379.6  379.6
   99.0  16808  -77.0  -83.7     34   0.00     61   18.7  379.8  379.8  379.8
   98.8  16818  -77.0  -83.7     34   0.00     61   18.9  380.0  380.1  380.0
   98.6  16829  -76.9  -83.7     34   0.00     62   19.1  380.4  380.4  380.4
   98.4  16839  -76.9  -83.6     34   0.00     62   19.3  380.7  380.7  380.7
   98.3  16849  -76.9  -83.6     34   0.00     62   19.4  380.8  380.8  380.8
   98.1  16859  -76.9  -83.6     33   0.00     62   19.6  381.0  381.1  381.0
   97.9  16869  -76.9  -83.7     33   0.00     62   19.7  381.2  381.2  381.2
   97.7  16880  -76.9  -83.8     33   0.00     62   19.7  381.3  381.4  381.3
   97.5  16891  -77.0  -83.9     33   0.00     62   19.8  381.4  381.5  381.4
   97.3  16903  -77.0  -83.9     33   0.00     62   19.8  381.6  381.6  381.6
   97.1  16915  -77.0  -83.9     32   0.00     62   19.7  381.9  382.0  381.9
   97.0  16926  -76.9  -83.9     32   0.00     62   19.6  382.2  382.2  382.2
   96.8  16938  -76.9  -84.0     32   0.00     62   19.5  382.5  382.5  382.5
   96.6  16949  -76.9  -84.0     31   0.00     62   19.4  382.7  382.7  382.7
   96.4  16961  -76.9  -84.1     31   0.00     62   19.3  382.9  383.0  382.9
   96.2  16972  -76.9  -84.1     31   0.00     62   19.1  383.1  383.1  383.1
   96.0  16984  -77.0  -84.2     31   0.00     62   18.9  383.2  383.2  383.2
   95.8  16995  -77.0  -84.3     31   0.00     61   18.8  383.3  383.3  383.3
   95.6  17007  -77.1  -84.4     30   0.00     61   18.6  383.4  383.4  383.4
   95.4  17018  -77.2  -84.5     30   0.00     61   18.5  383.5  383.5  383.5
   95.2  17029  -77.3  -84.6     30   0.00     60   18.4  383.5  383.5  383.5
   95.0  17040  -77.4  -84.7     30   0.00     60   18.3  383.6  383.6  383.6
   94.9  17051  -77.5  -84.8     30   0.00     59   18.3  383.5  383.5  383.5
   94.7  17062  -77.5  -84.9     30   0.00     58   18.2  383.6  383.6  383.6
   94.5  17073  -77.6  -85.0     30   0.00     58   18.2  383.8  383.8  383.8
   94.3  17084  -77.6  -85.1     29   0.00     57   18.2  384.0  384.0  384.0
   94.2  17095  -77.6  -85.1     29   0.00     57   18.2  384.1  384.1  384.1
   94.0  17105  -77.6  -85.2     29   0.00     56   18.2  384.4  384.4  384.4
   93.8  17114  -77.6  -85.3     28   0.00     56   18.2  384.6  384.6  384.6
   93.7  17124  -77.6  -85.4     28   0.00     56   18.2  384.6  384.6  384.6
   93.5  17134  -77.6  -85.4     28   0.00     56   18.2  384.8  384.8  384.8
   93.3  17145  -77.6  -85.4     28   0.00     56   18.2  385.1  385.1  385.1
   93.2  17155  -77.6  -85.4     28   0.00     56   18.2  385.2  385.2  385.2
   93.0  17165  -77.6  -85.4     28   0.00     57   18.2  385.4  385.5  385.4
   92.8  17177  -77.6  -85.5     28   0.00     57   18.2  385.6  385.7  385.6
   92.6  17187  -77.7  -85.6     27   0.00     58   18.2  385.8  385.8  385.8
   92.5  17198  -77.7  -85.7     27   0.00     59   18.2  385.8  385.8  385.8
   92.3  17209  -77.8  -85.8     26   0.00     59   18.3  386.0  386.0  386.0
   92.1  17219  -77.7  -85.9     26   0.00     60   18.3  386.3  386.3  386.3
   91.9  17230  -77.6  -85.9     26   0.00     61   18.3  386.7  386.7  386.7
   91.8  17242  -77.5  -85.9     25   0.00     61   18.4  387.2  387.2  387.2
   91.6  17253  -77.3  -85.8     25   0.00     62   18.5  387.7  387.7  387.7
   91.4  17264  -77.2  -85.9     24   0.00     62   18.5  388.1  388.1  388.1
   91.2  17274  -77.2  -86.0     24   0.00     62   18.6  388.4  388.4  388.4
   91.1  17284  -77.2  -86.1     23   0.00     62   18.7  388.5  388.5  388.5
   90.9  17293  -77.2  -86.2     23   0.00     62   18.8  388.7  388.8  388.7
   90.8  17303  -77.2  -86.2     23   0.00     62   18.9  388.9  388.9  388.9
   90.6  17313  -77.2  -86.3     22   0.00     62   19.0  389.2  389.2  389.2
   90.5  17323  -77.2  -86.4     22   0.00     61   19.2  389.3  389.3  389.3
   90.3  17334  -77.2  -86.5     22   0.00     61   19.3  389.5  389.5  389.5
   90.1  17344  -77.2  -86.6     21   0.00     60   19.4  389.7  389.8  389.7
   90.0  17355  -77.2  -86.7     21   0.00     59   19.6  389.9  390.0  389.9
   89.8  17366  -77.0  -86.7     20   0.00     59   19.7  390.5  390.5  390.5
   89.6  17377  -76.7  -86.7     20   0.00     58   19.9  391.3  391.3  391.3
   89.5  17388  -76.5  -86.6     19   0.00     58   20.0  391.9  391.9  391.9
   89.3  17397  -76.4  -86.6     19   0.00     58   20.2  392.4  392.4  392.4
   89.1  17408  -76.3  -86.6     18   0.00     57   20.3  392.8  392.8  392.8
   89.0  17419  -76.3  -86.6     18   0.00     57   20.4  392.9  392.9  392.9
   88.8  17429  -76.2  -86.6     18   0.00     57   20.6  393.3  393.3  393.3
   88.6  17440  -76.1  -86.6     18   0.00     57   20.7  393.9  393.9  393.9
   88.5  17451  -75.9  -86.5     18   0.00     57   20.8  394.4  394.4  394.4
   88.3  17462  -75.6  -86.5     17   0.00     57   20.9  395.1  395.1  395.1
   88.2  17472  -75.5  -86.5     17   0.00     58   21.0  395.5  395.5  395.5
   88.0  17483  -75.5  -86.6     16   0.00     58   21.1  395.8  395.9  395.8
   87.8  17494  -75.5  -86.6     16   0.00     58   21.2  396.1  396.1  396.1
   87.7  17504  -75.5  -86.6     16   0.00     58   21.3  396.2  396.2  396.2
   87.5  17515  -75.6  -86.7     16   0.00     58   21.4  396.3  396.3  396.3
   87.3  17526  -75.7  -86.7     16   0.00     58   21.5  396.3  396.4  396.3
   87.2  17536  -75.8  -86.7     17   0.00     58   21.6  396.3  396.3  396.3
   87.0  17548  -75.9  -86.8     17   0.00     59   21.7  396.4  396.4  396.4
   86.8  17559  -76.0  -86.9     17   0.00     59   21.8  396.4  396.4  396.4
   86.7  17570  -76.1  -86.9     17   0.00     59   21.9  396.4  396.4  396.4
   86.5  17581  -76.1  -87.0     17   0.00     59   22.0  396.4  396.5  396.4
   86.4  17591  -76.2  -87.1     17   0.00     59   22.1  396.4  396.4  396.4
   86.2  17601  -76.3  -87.1     17   0.00     60   22.2  396.5  396.5  396.5
   86.1  17612  -76.4  -87.2     17   0.00     60   22.3  396.4  396.4  396.4
   85.9  17622  -76.5  -87.3     17   0.00     61   22.4  396.5  396.5  396.5
   85.7  17632  -76.6  -87.4     17   0.00     61   22.5  396.6  396.6  396.6
   85.6  17643  -76.7  -87.5     17   0.00     62   22.6  396.6  396.6  396.6
   85.4  17654  -76.8  -87.6     17   0.00     62   22.7  396.7  396.7  396.7
   85.3  17665  -76.8  -87.6     17   0.00     63   22.8  396.7  396.7  396.7
   85.1  17676  -76.8  -87.7     16   0.00     64   22.9  397.0  397.0  397.0
   84.9  17686  -76.8  -87.7     16   0.00     64   23.0  397.3  397.3  397.3
   84.8  17698  -76.7  -87.7     16   0.00     65   23.1  397.6  397.6  397.6
   84.6  17709  -76.6  -87.6     16   0.00     65   23.2  398.0  398.0  398.0
   84.5  17719  -76.6  -87.7     16   0.00     66   23.2  398.2  398.2  398.2
   84.3  17727  -76.6  -87.7     16   0.00     67   23.3  398.5  398.5  398.5
   84.2  17737  -76.5  -87.6     16   0.00     67   23.3  398.7  398.7  398.7
   84.0  17747  -76.5  -87.6     16   0.00     68   23.3  399.1  399.2  399.1
   83.9  17758  -76.4  -87.5     16   0.00     68   23.3  399.4  399.4  399.4
   83.7  17769  -76.4  -87.4     16   0.00     69   23.3  399.7  399.7  399.7
   83.6  17781  -76.4  -87.4     16   0.00     69   23.3  399.9  399.9  399.9
   83.4  17792  -76.3  -87.3     16   0.00     70   23.2  400.2  400.2  400.2
   83.3  17802  -76.4  -87.3     16   0.00     70   23.2  400.3  400.3  400.3
   83.1  17812  -76.4  -87.4     16   0.00     70   23.1  400.4  400.5  400.4
   83.0  17822  -76.5  -87.4     16   0.00     70   23.0  400.4  400.4  400.4
   82.8  17831  -76.6  -87.5     16   0.00     70   22.9  400.5  400.6  400.5
   82.7  17842  -76.6  -87.5     16   0.00     70   22.8  400.6  400.6  400.6
   82.5  17852  -76.6  -87.5     16   0.00     70   22.7  401.0  401.0  401.0
   82.4  17863  -76.5  -87.4     16   0.00     70   22.6  401.3  401.3  401.3
   82.2  17874  -76.4  -87.4     16   0.00     69   22.5  401.7  401.7  401.7
   82.1  17884  -76.4  -87.4     16   0.00     69   22.4  401.8  401.8  401.8
   82.0  17893  -76.5  -87.5     16   0.00     69   22.3  401.9  401.9  401.9
   81.8  17902  -76.5  -87.6     16   0.00     69   22.2  402.1  402.1  402.1
   81.7  17912  -76.6  -87.6     16   0.00     68   22.0  402.1  402.1  402.1
   81.5  17922  -76.6  -87.7     16   0.00     68   21.9  402.3  402.4  402.3
   81.4  17932  -76.6  -87.7     16   0.00     68   21.9  402.5  402.5  402.5
   81.2  17943  -76.6  -87.7     16   0.00     68   21.8  402.7  402.7  402.7
   81.1  17954  -76.7  -87.7     16   0.00     68   21.7  402.7  402.7  402.7
   81.0  17963  -76.7  -87.8     16   0.00     68   21.6  402.8  402.8  402.8
   80.8  17973  -76.8  -87.9     16   0.00     68   21.5  403.0  403.0  403.0
   80.7  17983  -76.7  -87.9     16   0.00     68   21.5  403.1  403.2  403.1
   80.5  17994  -76.7  -88.0     16   0.00     69   21.4  403.5  403.5  403.5
   80.4  18004  -76.6  -88.0     15   0.00     69   21.3  403.8  403.8  403.8
   80.2  18014  -76.5  -88.0     15   0.00     70   21.3  404.3  404.3  404.3
   80.1  18024  -76.3  -87.9     15   0.00     70   21.2  404.9  404.9  404.9
   79.9  18035  -76.2  -87.8     15   0.00     71   21.1  405.5  405.5  405.5
   79.8  18045  -76.1  -87.8     14   0.00     71   21.0  405.8  405.8  405.8
   79.7  18055  -76.1  -87.9     14   0.00     72   20.9  405.9  405.9  405.9
   79.5  18065  -76.1  -87.9     14   0.00     73   20.8  406.1  406.1  406.1
   79.4  18076  -76.2  -87.9     14   0.00     74   20.7  406.2  406.2  406.2
   79.2  18087  -76.2  -87.9     14   0.00     74   20.6  406.3  406.4  406.3
   79.1  18098  -76.3  -88.0     15   0.00     75   20.5  406.4  406.4  406.4
   78.9  18109  -76.4  -88.0     15   0.00     75   20.4  406.6  406.6  406.6
   78.8  18121  -76.4  -88.0     15   0.00     76   20.4  406.6  406.6  406.6
   78.6  18132  -76.5  -88.1     15   0.00     77   20.3  406.7  406.7  406.7
   78.5  18142  -76.6  -88.2     15   0.00     77   20.3  406.6  406.6  406.6
   78.3  18151  -76.7  -88.3     15   0.00     77   20.2  406.7  406.7  406.7
   78.2  18161  -76.8  -88.4     15   0.00     78   20.2  406.7  406.7  406.7
   78.1  18170  -76.8  -88.4     14   0.00     78   20.2  406.9  406.9  406.9
   78.0  18180  -76.8  -88.5     14   0.00     78   20.2  407.0  407.0  407.0
   77.8  18191  -76.7  -88.5     14   0.00     78   20.2  407.4  407.4  407.4
   77.7  18200  -76.6  -88.5     14   0.00     78   20.3  407.8  407.8  407.8
   77.6  18210  -76.5  -88.5     14   0.00     78   20.4  408.3  408.3  408.3
   77.4  18220  -76.4  -88.5     13   0.00     78   20.5  408.8  408.8  408.8
   77.3  18230  -76.4  -88.6     13   0.00     78   20.7  408.9  409.0  408.9
   77.2  18239  -76.4  -88.7     13   0.00     78   20.8  409.1  409.1  409.1
   77.0  18248  -76.3  -88.8     13   0.00     78   21.0  409.4  409.5  409.4
   76.9  18258  -76.3  -88.8     12   0.00     79   21.3  409.6  409.6  409.6
   76.8  18267  -76.3  -88.9     12   0.00     79   21.5  409.8  409.8  409.8
   76.7  18276  -76.3  -88.9     12   0.00     79   21.7  410.0  410.1  410.0
   76.5  18286  -76.2  -88.9     12   0.00     79   22.0  410.5  410.5  410.5
   76.4  18296  -76.1  -88.9     12   0.00     80   22.2  410.8  410.8  410.8
   76.3  18307  -76.0  -88.9     12   0.00     81   22.4  411.1  411.1  411.1
   76.1  18317  -75.9  -89.0     11   0.00     81   22.6  411.6  411.6  411.6
   76.0  18328  -75.9  -89.0     11   0.00     82   22.7  412.0  412.0  412.0
   75.9  18338  -75.8  -89.1     11   0.00     83   22.9  412.3  412.3  412.3
   75.7  18347  -75.7  -89.2     11   0.00     84   23.0  412.9  412.9  412.9
   75.6  18356  -75.5  -89.2     10   0.00     85   23.1  413.3  413.3  413.3
   75.5  18365  -75.4  -89.3     10   0.00     86   23.1  413.8  413.8  413.8
   75.4  18374  -75.3  -89.4     10   0.00     86   23.1  414.1  414.2  414.1
   75.2  18384  -75.2  -89.5      9   0.00     87   23.1  414.7  414.7  414.7
   75.1  18394  -75.0  -89.5      9   0.00     88   23.1  415.2  415.2  415.2
   75.0  18403  -74.7  -89.4      9   0.00     89   23.0  416.0  416.0  416.0
   74.9  18413  -74.3  -89.2      9   0.00     90   22.9  417.0  417.0  417.0
   74.7  18424  -73.9  -89.1      8   0.00     90   22.8  418.1  418.1  418.1
   74.6  18434  -73.7  -89.0      8   0.00     91   22.7  418.7  418.7  418.7
   74.5  18444  -73.6  -89.1      8   0.00     91   22.5  419.0  419.0  419.0
   74.3  18455  -73.6  -89.2      8   0.00     91   22.3  419.4  419.4  419.4
   74.2  18465  -73.7  -89.3      8   0.00     91   22.1  419.4  419.4  419.4
   74.1  18474  -73.6  -89.4      7   0.00     91   21.8  419.7  419.7  419.7
   74.0  18483  -73.5  -89.4      7   0.00     91   21.6  420.1  420.1  420.1
   73.8  18494  -73.3  -89.3      7   0.00     91   21.3  420.9  420.9  420.9
   73.7  18504  -73.1  -89.3      7   0.00     90   21.1  421.4  421.4  421.4
   73.6  18514  -73.0  -89.3      7   0.00     90   20.8  421.7  421.7  421.7
   73.5  18524  -73.0  -89.4      7   0.00     89   20.6  421.9  421.9  421.9
   73.3  18535  -73.0  -89.4      7   0.00     89   20.3  422.2  422.2  422.2
   73.2  18546  -73.1  -89.5      7   0.00     88   20.1  422.3  422.3  422.3
   73.1  18556  -73.1  -89.6      7   0.00     88   19.9  422.4  422.4  422.4
   72.9  18567  -73.1  -89.6      7   0.00     87   19.7  422.7  422.7  422.7
   72.8  18577  -73.1  -89.7      7   0.00     87   19.5  422.9  422.9  422.9
   72.7  18587  -73.1  -89.7      7   0.00     86   19.3  423.1  423.1  423.1
   72.5  18598  -73.1  -89.7      6   0.00     86   19.2  423.5  423.5  423.5
   72.4  18609  -73.1  -89.8      6   0.00     85   19.0  423.6  423.6  423.6
   72.3  18619  -73.1  -89.9      6   0.00     85   18.9  423.8  423.8  423.8
   72.2  18628  -73.1  -90.0      6   0.00     85   18.7  423.9  423.9  423.9
   72.0  18639  -73.1  -90.1      6   0.00     85   18.6  424.1  424.1  424.1
   71.9  18649  -73.2  -90.2      6   0.00     84   18.5  424.3  424.3  424.3
   71.8  18660  -73.1  -90.2      6   0.00     84   18.4  424.6  424.6  424.6
   71.7  18670  -72.9  -90.1      6   0.00     84   18.3  425.1  425.1  425.1
   71.5  18680  -72.8  -90.0      6   0.00     84   18.2  425.8  425.8  425.8
   71.4  18690  -72.7  -90.0      6   0.00     84   18.1  426.1  426.1  426.1
   71.3  18700  -72.7  -90.0      6   0.00     83   18.1  426.2  426.2  426.2
   71.2  18711  -72.7  -90.1      6   0.00     83   18.2  426.3  426.4  426.3
   71.0  18722  -72.7  -90.2      6   0.00     83   18.3  426.7  426.7  426.7
   70.9  18733  -72.7  -90.2      6   0.00     82   18.4  426.9  426.9  426.9
   70.8  18744  -72.7  -90.3      6   0.00     82   18.6  427.0  427.0  427.0
   70.6  18754  -72.7  -90.4      5   0.00     82   18.8  427.5  427.5  427.5
   70.5  18764  -72.6  -90.3      5   0.00     81   19.1  427.9  427.9  427.9
   70.4  18775  -72.4  -90.2      5   0.00     81   19.4  428.5  428.5  428.5
   70.3  18785  -72.2  -90.2      5   0.00     80   19.8  429.1  429.1  429.1
   70.1  18796  -72.0  -90.1      5   0.00     80   20.2  429.8  429.8  429.8
   70.0  18807  -71.9  -90.1      5   0.00     79   21.1  430.2  430.2  430.2
   69.9  18818  -71.9  -90.2      5   0.00     79   21.1  430.5  430.5  430.5
   69.7  18830  -71.8  -90.3      5   0.00     79   21.5  430.9  430.9  430.9
   69.6  18842  -71.8  -90.3      5   0.00     78   22.0  431.2  431.2  431.2
   69.5  18853  -71.7  -90.3      5   0.00     78   22.4  431.5  431.5  431.5
   69.3  18864  -71.6  -90.3      5   0.00     78   22.8  432.1  432.1  432.1
   69.2  18874  -71.6  -90.3      5   0.00     78   23.2  432.4  432.4  432.4
   69.1  18885  -71.5  -90.3      5   0.00     78   23.6  432.7  432.7  432.7
   69.0  18896  -71.3  -90.2      5   0.00     78   23.9  433.3  433.3  433.3
   68.8  18907  -71.1  -90.1      5   0.00     78   24.2  434.1  434.1  434.1
   68.7  18918  -71.0  -90.1      4   0.00     78   24.5  434.5  434.6  434.5
   68.6  18930  -70.9  -90.1      4   0.00     78   24.7  434.9  434.9  434.9
   68.4  18942  -70.9  -90.1      4   0.00     78   24.9  435.3  435.3  435.3
   68.3  18953  -70.8  -90.2      4   0.00     78   25.1  435.6  435.6  435.6
   68.2  18964  -70.8  -90.2      4   0.00     79   25.2  435.7  435.7  435.7
   68.0  18976  -70.8  -90.3      4   0.00     79   25.4  436.1  436.1  436.1
   67.9  18987  -70.8  -90.3      4   0.00     79   25.5  436.4  436.4  436.4
   67.8  18997  -70.7  -90.2      4   0.00     80   25.6  436.8  436.8  436.8
   67.7  19008  -70.6  -90.2      4   0.00     80   25.7  437.2  437.2  437.2
   67.5  19019  -70.5  -90.2      4   0.00     81   25.8  437.7  437.7  437.7
   67.4  19029  -70.5  -90.2      4   0.00     81   25.9  437.9  437.9  437.9
   67.3  19040  -70.6  -90.3      4   0.00     82   25.9  437.9  437.9  437.9
   67.2  19052  -70.6  -90.4      4   0.00     82   26.0  438.1  438.1  438.1
   67.0  19064  -70.6  -90.4      4   0.00     83   26.1  438.6  438.6  438.6
   66.9  19074  -70.4  -90.3      4   0.00     83   26.1  439.0  439.0  439.0
   66.8  19085  -70.3  -90.3      4   0.00     84   26.2  439.5  439.5  439.5
   66.7  19096  -70.2  -90.2      4   0.00     84   26.2  439.9  439.9  439.9
   66.6  19107  -70.1  -90.2      4   0.00     84   26.2  440.3  440.3  440.3
   66.4  19118  -70.1  -90.3      4   0.00     85   26.2  440.7  440.7  440.7
   66.3  19129  -70.1  -90.3      4   0.00     85   26.2  440.9  440.9  440.9
   66.2  19140  -70.1  -90.3      4   0.00     86   26.2  441.1  441.1  441.1
   66.0  19152  -70.1  -90.3      4   0.00     86   26.2  441.5  441.5  441.5
   65.9  19164  -70.0  -90.3      4   0.00     86   26.3  441.7  441.8  441.7
   65.8  19175  -70.1  -90.2      4   0.00     87   26.3  441.9  441.9  441.9
   65.7  19187  -70.1  -90.2      4   0.00     87   26.3  442.0  442.0  442.0
   65.5  19198  -70.2  -90.2      4   0.00     88   26.3  442.2  442.2  442.2
   65.4  19209  -70.3  -90.2      4   0.00     88   26.3  442.2  442.3  442.2
   65.3  19220  -70.3  -90.2      4   0.00     88   26.3  442.2  442.3  442.2
   65.2  19231  -70.4  -90.3      4   0.00     88   26.3  442.2  442.2  442.2
   65.0  19243  -70.5  -90.3      4   0.00     88   26.3  442.4  442.4  442.4
   64.9  19254  -70.6  -90.3      4   0.00     88   26.3  442.4  442.4  442.4
   64.8  19266  -70.7  -90.3      4   0.00     88   26.3  442.5  442.5  442.5
   64.7  19277  -70.7  -90.3      4   0.00     88   26.3  442.5  442.6  442.5
   64.5  19288  -70.8  -90.3      4   0.00     88   26.3  442.8  442.8  442.8
   64.4  19300  -70.8  -90.3      4   0.00     87   26.2  442.9  442.9  442.9
   64.3  19312  -70.9  -90.3      4   0.00     87   26.2  443.0  443.0  443.0
   64.2  19323  -70.9  -90.4      4   0.00     87   26.1  443.1  443.2  443.1
   64.0  19335  -70.9  -90.4      4   0.00     87   26.1  443.5  443.6  443.5
   63.9  19347  -70.9  -90.4      4   0.00     87   26.0  443.8  443.8  443.8
   63.8  19358  -70.8  -90.4      4   0.00     86   26.0  444.1  444.1  444.1
   63.7  19369  -70.8  -90.3      4   0.00     86   25.9  444.5  444.5  444.5
   63.6  19379  -70.7  -90.3      4   0.00     86   25.8  444.8  444.8  444.8
   63.4  19390  -70.7  -90.3      4   0.00     86   25.8  445.3  445.3  445.3
   63.3  19401  -70.7  -90.2      4   0.00     86   25.7  445.5  445.5  445.5
   63.2  19412  -70.7  -90.2      4   0.00     85   25.6  445.7  445.7  445.7
   63.1  19423  -70.7  -90.3      4   0.00     85   25.5  445.8  445.8  445.8
   63.0  19435  -70.8  -90.3      4   0.00     85   25.5  445.9  445.9  445.9
   62.9  19446  -70.8  -90.3      4   0.00     85   25.4  445.9  446.0  445.9
   62.7  19456  -70.9  -90.3      4   0.00     85   25.3  446.2  446.2  446.2
   62.6  19468  -71.0  -90.4      4   0.00     85   25.2  446.2  446.2  446.2
   62.5  19479  -71.1  -90.4      4   0.00     85   25.0  446.2  446.2  446.2
   62.4  19490  -71.1  -90.4      4   0.00     85   24.9  446.3  446.3  446.3
   62.3  19500  -71.2  -90.5      4   0.00     85   24.8  446.4  446.4  446.4
   62.2  19511  -71.2  -90.5      4   0.00     85   24.7  446.5  446.5  446.5
   62.0  19522  -71.2  -90.5      4   0.00     85   24.5  446.9  446.9  446.9
   61.9  19533  -71.2  -90.4      4   0.00     85   24.4  447.1  447.1  447.1
   61.8  19543  -71.2  -90.4      4   0.00     85   24.2  447.3  447.3  447.3
   61.7  19554  -71.2  -90.4      4   0.00     85   24.1  447.6  447.6  447.6
   61.6  19565  -71.2  -90.4      4   0.00     85   24.0  447.7  447.7  447.7
   61.5  19575  -71.3  -90.4      4   0.00     85   23.8  447.8  447.8  447.8
   61.4  19585  -71.3  -90.4      4   0.00     85   23.6  447.9  447.9  447.9
   61.3  19596  -71.4  -90.5      4   0.00     85   23.5  447.9  447.9  447.9
   61.2  19607  -71.5  -90.5      4   0.00     85   23.3  448.0  448.0  448.0
   61.0  19618  -71.5  -90.5      4   0.00     85   23.1  448.5  448.5  448.5
   60.9  19628  -71.4  -90.5      4   0.00     85   22.9  448.8  448.8  448.8
   60.8  19639  -71.4  -90.5      4   0.00     84   22.8  449.1  449.1  449.1
   60.7  19650  -71.3  -90.5      4   0.00     84   22.7  449.4  449.4  449.4
   60.6  19661  -71.3  -90.5      4   0.00     84   22.5  449.6  449.7  449.6
   60.5  19672  -71.3  -90.5      4   0.00     83   22.5  449.9  449.9  449.9
   60.4  19681  -71.3  -90.5      4   0.00     83   22.4  450.0  450.0  450.0
   60.3  19688  -71.3  -90.6      4   0.00     82   22.4  450.2  450.2  450.2
   60.2  19704  -71.4  -90.7      4   0.00     82   22.5  450.3  450.3  450.3
   60.1  19714  -71.4  -90.8      4   0.00     81   22.6  450.5  450.5  450.5
   60.0  19724  -71.4  -90.9      4   0.00     81   22.8  450.7  450.7  450.7
   59.9  19734  -71.4  -90.9      4   0.00     81   23.0  451.0  451.0  451.0
   59.7  19746  -71.3  -91.0      4   0.00     81   23.2  451.7  451.7  451.7
   59.6  19757  -71.1  -90.9      4   0.00     81   23.5  452.3  452.3  452.3
   59.5  19768  -70.8  -90.9      4   0.00     81   23.7  453.1  453.1  453.1
   59.4  19778  -70.6  -90.8      4   0.00     82   24.0  453.9  453.9  453.9
   59.3  19789  -70.4  -90.7      4   0.00     82   24.2  454.5  454.6  454.5
   59.2  19800  -70.3  -90.7      4   0.00     82   24.4  455.0  455.0  455.0
   59.1  19812  -70.2  -90.7      4   0.00     83   24.5  455.3  455.3  455.3
   59.0  19824  -70.2  -90.8      4   0.00     83   24.6  455.5  455.5  455.5
   58.8  19835  -70.2  -90.9      3   0.00     83   24.7  455.9  456.0  455.9
   58.7  19846  -70.2  -90.9      3   0.00     83   24.7  456.2  456.2  456.2
   58.6  19857  -70.2  -90.9      3   0.00     83   24.7  456.5  456.5  456.5
   58.5  19868  -70.2  -90.9      3   0.00     84   24.6  456.8  456.8  456.8
   58.4  19879  -70.1  -90.9      3   0.00     84   24.5  457.1  457.2  457.1
   58.3  19890  -70.0  -90.8      3   0.00     84   24.4  457.5  457.5  457.5
   58.2  19900  -70.0  -90.8      3   0.00     84   24.3  457.8  457.8  457.8
   58.1  19910  -70.0  -90.8      3   0.00     84   24.2  458.1  458.1  458.1
   58.0  19921  -70.0  -90.8      3   0.00     84   24.1  458.3  458.4  458.3
   57.9  19933  -70.0  -90.9      3   0.00     84   24.0  458.5  458.5  458.5
   57.8  19944  -70.0  -90.9      3   0.00     84   23.9  458.7  458.7  458.7
   57.7  19954  -70.0  -90.9      3   0.00     84   23.9  458.9  458.9  458.9
   57.6  19964  -70.0  -90.9      3   0.00     84   23.9  459.1  459.1  459.1
   57.5  19975  -70.0  -90.9      3   0.00     84   23.9  459.4  459.4  459.4
   57.4  19986  -70.0  -90.9      3   0.00     84   23.8  459.7  459.7  459.7
   57.3  19997  -70.0  -90.9      3   0.00     84   23.8  460.0  460.0  460.0
   57.1  20009  -69.9  -90.9      3   0.00     85   23.8  460.4  460.5  460.4
   57.0  20021  -69.9  -91.0      3   0.00     85   23.7  460.7  460.7  460.7
   56.9  20031  -69.9  -91.0      3   0.00     85   23.7  461.0  461.0  461.0
   56.8  20042  -69.9  -91.0      3   0.00     85   23.6  461.3  461.3  461.3
   56.7  20053  -69.8  -91.0      3   0.00     85   23.6  461.6  461.6  461.6
   56.6  20064  -69.7  -91.0      3   0.00     85   23.5  462.1  462.1  462.1
   56.5  20076  -69.7  -90.9      3   0.00     85   23.4  462.4  462.5  462.4
   56.4  20086  -69.6  -90.9      3   0.00     84   23.4  462.8  462.8  462.8
   56.3  20096  -69.6  -90.9      3   0.00     84   23.4  463.1  463.1  463.1
   56.2  20108  -69.6  -90.9      3   0.00     84   23.4  463.4  463.4  463.4
   56.1  20120  -69.6  -90.9      3   0.00     83   23.5  463.6  463.6  463.6
   56.0  20131  -69.6  -90.9      3   0.00     83   23.6  463.9  463.9  463.9
   55.9  20142  -69.6  -90.9      3   0.00     82   23.7  464.1  464.1  464.1
   55.8  20153  -69.6  -90.9      3   0.00     82   23.8  464.3  464.3  464.3
   55.7  20164  -69.6  -90.9      3   0.00     81   24.0  464.6  464.6  464.6
   55.6  20175  -69.5  -90.8      3   0.00     81   24.2  464.9  464.9  464.9
   55.5  20187  -69.5  -90.8      3   0.00     80   24.3  465.2  465.2  465.2
   55.4  20198  -69.5  -90.8      3   0.00     80   24.5  465.5  465.5  465.5
   55.3  20210  -69.5  -90.8      3   0.00     80   24.7  465.8  465.8  465.8
   55.1  20222  -69.5  -90.8      3   0.00     80   24.8  466.2  466.2  466.2
   55.0  20233  -69.5  -90.8      3   0.00     80   25.0  466.4  466.5  466.4
   54.9  20243  -69.5  -90.8      3   0.00     80   25.1  466.7  466.7  466.7
   54.8  20254  -69.5  -90.8      3   0.00     80   25.3  467.0  467.0  467.0
   54.7  20266  -69.4  -90.8      3   0.00     81   25.4  467.4  467.4  467.4
   54.6  20278  -69.3  -90.8      3   0.00     81   25.6  467.8  467.8  467.8
   54.5  20290  -69.2  -90.7      3   0.00     82   25.8  468.2  468.3  468.2
   54.4  20301  -69.2  -90.7      3   0.00     82   26.0  468.6  468.7  468.6
   54.3  20313  -69.1  -90.7      3   0.00     83   26.2  469.0  469.0  469.0
   54.2  20323  -69.1  -90.7      3   0.00     83   26.4  469.3  469.4  469.3
   54.1  20334  -69.0  -90.7      3   0.00     84   26.6  469.7  469.7  469.7
   54.0  20347  -68.9  -90.6      3   0.00     84   26.8  470.1  470.2  470.1
   53.9  20359  -68.9  -90.6      3   0.00     85   27.0  470.5  470.5  470.5
   53.8  20371  -68.9  -90.6      3   0.00     85   27.2  470.8  470.8  470.8
   53.7  20382  -68.9  -90.6      3   0.00     86   27.4  471.0  471.0  471.0
   53.6  20393  -68.9  -90.6      3   0.00     86   27.6  471.2  471.2  471.2
   53.5  20404  -69.0  -90.7      3   0.00     87   27.8  471.4  471.4  471.4
   53.4  20416  -69.0  -90.7      3   0.00     87   27.9  471.6  471.6  471.6
   53.3  20427  -69.0  -90.7      3   0.00     88   28.0  471.7  471.8  471.7
   53.2  20438  -69.0  -90.8      3   0.00     88   28.1  472.0  472.0  472.0
   53.1  20450  -69.0  -90.8      3   0.00     88   28.2  472.3  472.3  472.3
   53.0  20461  -68.9  -90.8      3   0.00     89   28.3  472.7  472.7  472.7
   52.9  20472  -68.9  -90.8      3   0.00     89   28.3  473.1  473.1  473.1
   52.8  20483  -68.8  -90.8      3   0.00     89   28.3  473.5  473.5  473.5
   52.7  20495  -68.7  -90.8      3   0.00     89   28.3  473.9  473.9  473.9
   52.6  20507  -68.7  -90.9      3   0.00     90   28.2  474.2  474.3  474.2
   52.5  20518  -68.7  -90.9      3   0.00     90   28.1  474.6  474.6  474.6
   52.4  20528  -68.6  -90.9      3   0.00     90   28.1  475.1  475.1  475.1
   52.3  20539  -68.5  -90.9      3   0.00     90   28.0  475.6  475.6  475.6
   52.2  20550  -68.4  -90.9      3   0.00     90   27.9  476.0  476.0  476.0
   52.1  20562  -68.4  -90.9      3   0.00     90   27.8  476.4  476.4  476.4
   52.0  20573  -68.3  -91.0      3   0.00     90   27.6  476.6  476.6  476.6
   51.9  20583  -68.3  -91.0      3   0.00     90   27.5  476.9  476.9  476.9
   51.8  20594  -68.3  -91.0      3   0.00     90   27.4  477.3  477.3  477.3
   51.7  20604  -68.3  -91.1      3   0.00     91   27.2  477.6  477.6  477.6
   51.6  20615  -68.2  -91.1      2   0.00     91   27.1  478.1  478.1  478.1
   51.5  20626  -68.1  -91.1      2   0.00     91   26.9  478.6  478.6  478.6
   51.4  20645  -67.9  -91.1      2   0.00     91   26.6  479.3  479.3  479.3
   51.3  20654  -67.8  -91.1      2   0.00     91   26.4  479.7  479.7  479.7
   51.2  20664  -67.8  -91.2      2   0.00     91   26.2  480.0  480.0  480.0
   51.1  20674  -67.8  -91.2      2   0.00     90   26.0  480.3  480.3  480.3
   51.0  20685  -67.7  -91.3      2   0.00     90   25.9  480.7  480.7  480.7
   50.9  20696  -67.7  -91.4      2   0.00     90   25.7  481.1  481.1  481.1
   50.8  20717  -67.5  -91.4      2   0.00     88   25.5  481.7  481.7  481.7
   50.7  20726  -67.3  -91.4      2   0.00     88   25.5  482.5  482.5  482.5
   50.6  20736  -67.1  -91.3      2   0.00     87   25.5  483.4  483.4  483.4
   50.5  20746  -66.8  -91.2      2   0.00     86   25.5  484.3  484.3  484.3
   50.4  20756  -66.6  -91.1      2   0.00     86   25.5  485.1  485.1  485.1
   50.3  20777  -66.2  -91.0      2   0.00     84   25.8  486.3  486.3  486.3
   50.2  20787  -66.0  -91.0      2   0.00     84   25.9  486.9  486.9  486.9
   50.1  20798  -65.9  -91.0      2   0.00     83   26.1  487.4  487.4  487.4
   50.0  20809  -65.8  -90.9      2   0.00     82   26.5  487.9  487.9  487.9
   49.9  20818  -65.8  -90.9      2   0.00     82   26.5  488.3  488.3  488.3
   49.8  20828  -65.7  -90.9      2   0.00     81   26.8  488.7  488.7  488.7
   49.7  20848  -65.7  -90.8      2   0.00     80   27.3  489.0  489.0  489.0
   49.6  20857  -65.7  -90.8      2   0.00     80   27.6  489.3  489.3  489.3
   49.5  20867  -65.8  -90.8      2   0.00     80   27.8  489.5  489.5  489.5
   49.4  20878  -65.8  -90.8      2   0.00     80   28.1  489.8  489.8  489.8
   49.3  20898  -65.8  -90.8      2   0.00     79   28.6  490.0  490.1  490.0
   49.2  20908  -65.8  -90.8      2   0.00     79   28.9  490.4  490.4  490.4
   49.1  20918  -65.7  -90.8      2   0.00     79   29.1  490.7  490.7  490.7
   49.0  20929  -65.7  -90.7      2   0.00     79   29.2  491.0  491.1  491.0
   48.9  20939  -65.7  -90.7      2   0.00     80   29.4  491.5  491.5  491.5
   48.8  20958  -65.5  -90.6      2   0.00     80   29.5  492.1  492.1  492.1
   48.7  20967  -65.4  -90.6      2   0.00     80   29.6  492.5  492.6  492.5
   48.6  20977  -65.4  -90.5      2   0.00     80   29.6  492.9  493.0  492.9
   48.5  20997  -65.4  -90.6      2   0.00     81   29.5  493.2  493.2  493.2
   48.4  21007  -65.4  -90.6      2   0.00     81   29.5  493.4  493.5  493.4
   48.3  21017  -65.4  -90.6      2   0.00     81   29.4  493.7  493.7  493.7
   48.2  21027  -65.4  -90.6      2   0.00     81   29.3  494.0  494.0  494.0
   48.1  21048  -65.4  -90.7      2   0.00     82   29.2  494.3  494.3  494.3
   48.0  21057  -65.4  -90.7      2   0.00     82   29.0  494.7  494.7  494.7
   47.9  21067  -65.4  -90.7      2   0.00     82   28.9  495.1  495.1  495.1
   47.8  21077  -65.3  -90.7      2   0.00     82   28.8  495.6  495.6  495.6
   47.7  21098  -65.0  -90.6      2   0.00     83   28.5  496.4  496.4  496.4
   47.6  21109  -64.9  -90.6      2   0.00     83   28.3  497.0  497.0  497.0
   47.5  21119  -64.8  -90.5      2   0.00     84   28.2  497.6  497.6  497.6
   47.4  21130  -64.7  -90.5      2   0.00     84   28.0  498.0  498.1  498.0
   47.3  21150  -64.7  -90.5      2   0.00     85   27.6  498.5  498.6  498.5
   47.2  21160  -64.7  -90.6      2   0.00     86   27.4  498.8  498.8  498.8
   47.1  21171  -64.7  -90.6      2   0.00     86   27.2  499.0  499.0  499.0
   47.0  21181  -64.7  -90.7      2   0.00     87   27.1  499.3  499.3  499.3
   46.9  21193  -64.7  -90.7      2   0.00     87   26.9  499.7  499.7  499.7
   46.8  21215  -64.4  -90.6      2   0.00     88   26.6  500.6  500.6  500.6
   46.7  21226  -64.3  -90.5      2   0.00     89   26.5  501.2  501.3  501.2
   46.6  21237  -64.2  -90.5      2   0.00     89   26.4  501.8  501.8  501.8
   46.5  21247  -64.2  -90.5      2   0.00     89   26.3  502.2  502.2  502.2
   46.4  21268  -64.1  -90.6      2   0.00     90   26.2  502.6  502.6  502.6
   46.3  21279  -64.1  -90.6      2   0.00     90   26.1  502.9  503.0  502.9
   46.2  21288  -64.1  -90.6      2   0.00     91   26.1  503.3  503.4  503.3
   46.1  21297  -64.0  -90.6      2   0.00     91   26.0  503.8  503.8  503.8
   46.0  21321  -64.0  -90.7      2   0.00     91   25.8  504.2  504.2  504.2
   45.9  21332  -63.9  -90.7      1   0.00     92   25.7  504.6  504.6  504.6
   45.8  21343  -63.8  -90.8      1   0.00     92   25.6  505.1  505.1  505.1
   45.7  21355  -63.7  -90.8      1   0.00     92   25.5  505.7  505.7  505.7
   45.6  21366  -63.6  -90.8      1   0.00     92   25.4  506.3  506.3  506.3
   45.5  21378  -63.5  -90.8      1   0.00     92   25.3  506.9  506.9  506.9
   45.4  21400  -63.2  -90.9      1   0.00     92   25.2  507.8  507.9  507.8
   45.3  21410  -63.0  -90.8      1   0.00     91   25.2  508.7  508.7  508.7
   45.2  21421  -62.7  -90.7      1   0.00     91   25.2  509.8  509.8  509.8
   45.1  21432  -62.4  -90.6      1   0.00     91   25.3  510.8  510.8  510.8
   45.0  21455  -62.0  -90.5      1   0.00     90   25.5  512.1  512.1  512.1
   44.9  21467  -61.9  -90.5      1   0.00     90   25.6  512.7  512.7  512.7
   44.8  21478  -61.8  -90.5      1   0.00     90   25.8  513.3  513.3  513.3
   44.7  21490  -61.7  -90.4      1   0.00     89   25.9  513.8  513.8  513.8
   44.6  21501  -61.7  -90.4      1   0.00     89   26.1  514.2  514.3  514.2
   44.5  21524  -61.6  -90.4      1   0.00     89   26.3  514.8  514.8  514.8
   44.4  21536  -61.5  -90.4      1   0.00     89   26.5  515.3  515.3  515.3
   44.3  21548  -61.5  -90.3      1   0.00     89   26.6  515.8  515.8  515.8
   44.2  21560  -61.4  -90.3      1   0.00     89   26.7  516.3  516.3  516.3
   44.1  21570  -61.3  -90.2      1   0.00     89   26.8  516.9  516.9  516.9
   44.0  21593  -61.0  -90.1      1   0.00     89   27.0  517.9  517.9  517.9
   43.9  21605  -60.8  -90.0      1   0.00     89   27.1  518.7  518.7  518.7
   43.8  21617  -60.6  -89.9      1   0.00     89   27.2  519.4  519.5  519.4
   43.7  21628  -60.5  -89.7      1   0.00     89   27.3  520.2  520.2  520.2
   43.6  21652  -60.2  -89.6      1   0.00     90   27.4  521.1  521.1  521.1
   43.5  21663  -60.2  -89.5      1   0.00     90   27.4  521.4  521.4  521.4
   43.4  21675  -60.3  -89.5      1   0.00     90   27.4  521.7  521.7  521.7
   43.3  21687  -60.3  -89.5      1   0.00     90   27.3  522.0  522.0  522.0
   43.2  21699  -60.3  -89.5      1   0.00     90   27.1  522.3  522.4  522.3
   43.1  21723  -60.2  -89.4      1   0.00     90   26.7  522.9  522.9  522.9
   43.0  21735  -60.2  -89.3      1   0.00     90   26.4  523.3  523.3  523.3
   42.9  21748  -60.2  -89.3      1   0.00     90   26.2  523.7  523.7  523.7
   42.8  21760  -60.2  -89.3      1   0.00     90   25.9  524.0  524.0  524.0
   42.7  21773  -60.2  -89.3      1   0.00     90   25.7  524.3  524.3  524.3
   42.6  21785  -60.2  -89.3      1   0.00     90   25.5  524.7  524.7  524.7
   42.5  21810  -60.1  -89.3      1   0.00     89   25.3  525.3  525.3  525.3
   42.4  21823  -60.1  -89.2      1   0.00     89   25.3  525.7  525.7  525.7
   42.3  21835  -60.0  -89.2      1   0.00     89   25.4  526.1  526.1  526.1
   42.2  21846  -60.0  -89.2      1   0.00     89   25.5  526.5  526.5  526.5
   42.1  21867  -59.9  -89.1      1   0.00     88   25.9  527.1  527.1  527.1
   42.0  21878  -59.9  -89.0      1   0.00     88   26.1  527.6  527.6  527.6
   41.9  21890  -59.8  -89.0      1   0.00     88   26.4  528.1  528.1  528.1
   41.8  21915  -59.9  -89.0      1   0.00     88   27.0  528.3  528.4  528.3
   41.7  21927  -59.9  -89.0      1   0.00     88   27.4  528.6  528.6  528.6
   41.6  21938  -59.9  -89.0      1   0.00     88   27.7  528.9  528.9  528.9
   41.5  21949  -60.0  -89.0      1   0.00     88   28.0  529.2  529.2  529.2
   41.4  21973  -60.0  -89.0      1   0.00     89   28.7  529.4  529.5  529.4
   41.3  21985  -60.0  -88.9      1   0.00     89   29.0  529.7  529.8  529.7
   41.2  21997  -60.1  -88.9      1   0.00     90   29.3  530.0  530.1  530.0
   41.1  22010  -60.1  -88.9      1   0.00     90   29.6  530.3  530.4  530.3
   41.0  22033  -60.2  -88.9      1   0.00     91   30.1  530.5  530.5  530.5
   40.9  22045  -60.2  -88.9      1   0.00     92   30.3  530.7  530.8  530.7
   40.8  22057  -60.3  -88.9      1   0.00     92   30.6  531.0  531.0  531.0
   40.7  22080  -60.3  -88.9      1   0.00     93   30.9  531.2  531.2  531.2
   40.6  22092  -60.4  -88.9      1   0.00     94   31.1  531.4  531.5  531.4
   40.5  22104  -60.4  -88.9      1   0.00     95   31.2  531.8  531.8  531.8
   40.4  22126  -60.4  -88.9      1   0.00     96   31.4  532.1  532.1  532.1
   40.3  22136  -60.4  -88.9      1   0.00     96   31.4  532.4  532.4  532.4
   40.2  22147  -60.5  -89.0      1   0.00     97   31.4  532.7  532.7  532.7
   40.1  22171  -60.6  -89.1      1   0.00     98   31.4  532.8  532.9  532.8
   40.0  22181  -60.6  -89.2      1   0.00     98   31.3  533.2  533.2  533.2
   39.9  22203  -60.5  -89.2      1   0.00    100   31.0  533.8  533.8  533.8
   39.8  22215  -60.4  -89.2      1   0.00    100   30.8  534.3  534.3  534.3
   39.7  22227  -60.4  -89.2      1   0.00    100   30.6  534.8  534.9  534.8
   39.6  22250  -60.2  -89.3      1   0.00    101   30.1  535.6  535.6  535.6
   39.5  22262  -60.1  -89.2      1   0.00    102   29.8  536.4  536.4  536.4
   39.4  22273  -59.9  -89.2      1   0.00    102   29.5  537.1  537.2  537.1
   39.3  22296  -59.7  -89.1      1   0.00    103   28.8  538.1  538.1  538.1
   39.2  22307  -59.6  -89.1      1   0.00    103   28.5  538.7  538.7  538.7
   39.1  22330  -59.5  -89.1      1   0.00    104   27.7  539.3  539.3  539.3
   39.0  22342  -59.5  -89.1      1   0.00    104   27.3  539.8  539.8  539.8
   38.9  22353  -59.5  -89.0      1   0.00    104   26.9  540.2  540.2  540.2
   38.8  22376  -59.6  -89.0      1   0.00    104   26.1  540.5  540.5  540.5
   38.7  22387  -59.6  -89.0      1   0.00    105   25.7  540.8  540.8  540.8
   38.6  22411  -59.6  -88.9      1   0.00    105   25.0  541.3  541.3  541.3
   38.5  22424  -59.5  -88.9      1   0.00    105   24.6  541.7  541.7  541.7
   38.4  22435  -59.5  -88.8      1   0.00    104   24.2  542.1  542.1  542.1
   38.3  22458  -59.6  -88.8      1   0.00    104   23.5  542.5  542.5  542.5
   38.2  22471  -59.6  -88.8      1   0.00    104   23.2  542.8  542.9  542.8
   38.1  22483  -59.6  -88.7      1   0.00    103   22.9  543.2  543.2  543.2
   38.0  22506  -59.7  -88.7      1   0.00    102   22.3  543.4  543.4  543.4
   37.9  22518  -59.7  -88.7      1   0.00    102   22.1  543.7  543.8  543.7
   37.8  22542  -59.7  -88.7      1   0.00    100   21.7  544.0  544.1  544.0
   37.7  22554  -59.7  -88.7      1   0.00    100   21.6  544.5  544.5  544.5
   37.6  22565  -59.7  -88.7      1   0.00     99   21.6  545.0  545.0  545.0
   37.5  22588  -59.7  -88.6      1   0.00     98   21.5  545.5  545.5  545.5
   37.4  22599  -59.7  -88.6      1   0.00     98   21.5  545.9  545.9  545.9
   37.3  22623  -59.8  -88.6      1   0.00     97   21.7  546.1  546.1  546.1
   37.2  22636  -59.8  -88.7      1   0.00     97   21.8  546.3  546.4  546.3
   37.1  22647  -59.9  -88.7      1   0.00     97   21.9  546.6  546.6  546.6
   37.0  22668  -60.0  -88.7      1   0.00     97   22.1  546.7  546.7  546.7
   36.9  22692  -60.1  -88.7      1   0.00     97   22.3  546.8  546.9  546.8
   36.8  22704  -60.1  -88.7      1   0.00     97   22.4  547.2  547.2  547.2
   36.7  22716  -60.2  -88.7      1   0.00     97   22.5  547.6  547.6  547.6
   36.6  22739  -60.2  -88.7      1   0.00     97   22.5  547.8  547.9  547.8
   36.5  22751  -60.3  -88.7      1   0.00     97   22.5  548.1  548.1  548.1
   36.4  22776  -60.4  -88.7      1   0.00     98   22.5  548.3  548.3  548.3
   36.3  22787  -60.4  -88.8      1   0.00     98   22.4  548.6  548.7  548.6
   36.2  22809  -60.5  -88.8      1   0.00     98   22.3  548.9  548.9  548.9
   36.1  22821  -60.5  -88.8      1   0.00     98   22.2  549.2  549.3  549.2
   36.0  22845  -60.6  -88.9      1   0.00     98   22.0  549.5  549.5  549.5
   35.9  22858  -60.6  -88.9      1   0.00     98   22.0  549.8  549.9  549.8
   35.8  22871  -60.6  -88.9      1   0.00     98   21.9  550.2  550.3  550.2
   35.7  22896  -60.7  -88.9      1   0.00     97   21.8  550.5  550.5  550.5
   35.6  22908  -60.7  -89.0      1   0.00     97   21.8  550.9  550.9  550.9
   35.5  22933  -60.8  -89.0      1   0.00     95   21.8  551.2  551.2  551.2
   35.4  22946  -60.8  -89.0      1   0.00     94   21.8  551.5  551.6  551.5
   35.3  22959  -60.8  -89.1      1   0.00     93   21.9  551.9  552.0  551.9
   35.2  22983  -60.9  -89.2      1   0.00     91   22.0  552.3  552.4  552.3
   35.1  22996  -60.9  -89.3      1   0.00     90   22.0  552.7  552.8  552.7
   35.0  23020  -60.9  -89.5      1   0.00     87   22.2  553.2  553.2  553.2
   34.9  23032  -60.8  -89.6      1   0.00     86   22.3  553.8  553.9  553.8
   34.8  23045  -60.7  -89.7      1   0.00     85   22.4  554.6  554.7  554.6
   34.7  23069  -60.2  -89.6      1   0.00     84   22.7  556.4  556.4  556.4
   34.6  23081  -59.9  -89.5      1   0.00     83   22.8  557.6  557.6  557.6
   34.5  23105  -59.4  -89.4      1   0.00     82   23.1  559.2  559.2  559.2
   34.4  23128  -59.2  -89.3      1   0.00     82   23.4  560.4  560.4  560.4
   34.3  23141  -59.0  -89.3      1   0.00     82   23.5  561.2  561.2  561.2
   34.2  23153  -58.9  -89.2      1   0.00     82   23.6  562.0  562.0  562.0
   34.1  23177  -58.7  -89.0      1   0.00     82   23.9  563.0  563.0  563.0
   34.0  23201  -58.7  -88.8      1   0.00     83   24.1  563.6  563.6  563.6
   33.9  23213  -58.7  -88.8      1   0.00     83   24.2  564.0  564.0  564.0
   33.8  23236  -58.9  -88.7      1   0.00     83   24.4  564.0  564.1  564.0
   33.7  23247  -58.9  -88.7      1   0.00     84   24.4  564.3  564.3  564.3
   33.6  23270  -59.1  -88.7      1   0.00     84   24.6  564.4  564.5  564.4
   33.5  23292  -59.1  -88.6      1   0.00     85   24.7  564.8  564.8  564.8
   33.4  23303  -59.1  -88.6      1   0.00     85   24.7  565.2  565.3  565.2
   33.3  23326  -59.1  -88.6      1   0.00     84   24.7  565.8  565.8  565.8
   33.2  23349  -59.0  -88.6      1   0.00     84   24.7  566.4  566.5  566.4
   33.1  23361  -59.0  -88.6      1   0.00     84   24.7  567.1  567.1  567.1
   33.0  23384  -58.8  -88.6      1   0.00     84   24.7  568.0  568.0  568.0
   32.9  23407  -58.7  -88.6      1   0.00     84   24.7  568.9  569.0  568.9
   32.8  23417  -58.6  -88.6      1   0.00     83   24.7  569.6  569.7  569.6
   32.7  23441  -58.4  -88.5      1   0.00     83   24.7  570.6  570.6  570.6
   32.6  23464  -58.3  -88.5      1   0.00     83   24.7  571.3  571.4  571.3
   32.5  23475  -58.3  -88.5      1   0.00     82   24.8  571.8  571.9  571.8
   32.4  23498  -58.3  -88.5      1   0.00     82   24.9  572.3  572.4  572.3
   32.3  23521  -58.2  -88.5      1   0.00     82   25.0  573.1  573.1  573.1
   32.2  23532  -58.1  -88.5      1   0.00     82   25.1  573.8  573.9  573.8
   32.1  23554  -58.0  -88.4      1   0.01     82   25.2  574.8  574.9  574.8
   32.0  23577  -57.8  -88.3      1   0.01     82   25.4  575.8  575.9  575.8
   31.9  23599  -57.6  -88.2      1   0.01     82   25.5  576.8  576.8  576.8
   31.8  23611  -57.6  -88.2      1   0.01     82   25.6  577.4  577.4  577.4
   31.7  23633  -57.6  -88.2      1   0.01     82   25.7  578.0  578.0  578.0
   31.6  23656  -57.6  -88.1      1   0.01     82   25.9  578.3  578.4  578.3
   31.5  23678  -57.7  -88.2      1   0.01     82   26.0  578.6  578.7  578.6
   31.4  23689  -57.7  -88.2      1   0.01     81   26.1  579.0  579.1  579.0
   31.3  23712  -57.7  -88.1      1   0.01     81   26.2  579.8  579.8  579.8
   31.2  23735  -57.5  -88.1      1   0.01     82   26.3  580.8  580.8  580.8
   31.1  23756  -57.3  -88.0      1   0.01     82   26.4  581.7  581.8  581.7
   31.0  23779  -57.3  -88.0      1   0.01     82   26.5  582.5  582.5  582.5
   30.9  23801  -57.2  -88.0      1   0.01     83   26.6  583.2  583.2  583.2
   30.8  23813  -57.2  -87.9      1   0.01     83   26.6  583.8  583.8  583.8
   30.7  23836  -57.1  -87.9      1   0.01     84   26.6  584.4  584.4  584.4
   30.6  23860  -57.1  -87.8      1   0.01     84   26.6  585.1  585.2  585.1
   30.5  23883  -57.0  -87.8      1   0.01     85   26.6  585.8  585.9  585.8
   30.4  23895  -57.0  -87.7      1   0.01     85   26.5  586.4  586.4  586.4
   30.3  23919  -57.0  -87.7      1   0.01     86   26.5  586.9  586.9  586.9
   30.2  23942  -57.1  -87.7      1   0.01     87   26.5  587.2  587.3  587.2
   30.1  23966  -57.2  -87.7      1   0.01     87   26.5  587.6  587.7  587.6
   30.0  23987  -57.3  -87.7      1   0.01     88   26.5  587.9  588.0  587.9
   29.9  24001  -57.3  -87.7      1   0.01     88   26.5  588.3  588.3  588.3
   29.8  24025  -57.5  -87.7      1   0.01     89   26.5  588.4  588.5  588.4
   29.7  24048  -57.6  -87.8      1   0.01     90   26.5  588.6  588.7  588.6
   29.6  24072  -57.8  -87.8      1   0.01     90   26.5  588.8  588.9  588.8
   29.5  24084  -57.8  -87.9      1   0.01     91   26.5  589.3  589.4  589.3
   29.4  24107  -57.8  -87.9      1   0.01     91   26.6  589.9  590.0  589.9
   29.3  24131  -57.7  -87.9      1   0.01     92   26.6  590.8  590.8  590.8
   29.2  24154  -57.6  -87.9      1   0.01     93   26.6  591.7  591.7  591.7
   29.1  24178  -57.5  -87.9      1   0.01     93   26.6  592.5  592.6  592.5
   29.0  24202  -57.3  -87.9      1   0.01     94   26.7  593.4  593.5  593.4
   28.9  24213  -57.3  -87.9      1   0.01     94   26.7  594.1  594.2  594.1
   28.8  24237  -57.3  -87.9      1   0.01     95   26.7  594.8  594.8  594.8
   28.7  24261  -57.3  -87.9      1   0.01     95   26.7  595.3  595.3  595.3
   28.6  24284  -57.3  -87.9      1   0.01     96   26.8  595.8  595.9  595.8
   28.5  24308  -57.4  -87.9      1   0.01     97   26.8  596.3  596.4  596.3
   28.4  24331  -57.4  -87.9      1   0.01     97   26.9  596.9  596.9  596.9
   28.3  24355  -57.4  -87.9      1   0.01     98   27.0  597.4  597.5  597.4
   28.2  24378  -57.4  -87.9      1   0.01     99   27.0  598.0  598.0  598.0
   28.1  24390  -57.4  -87.9      1   0.01     99   27.0  598.6  598.6  598.6
   28.0  24416  -57.4  -87.9      1   0.01     99   27.0  599.2  599.3  599.2
   27.9  24441  -57.5  -87.9      1   0.01     99   26.9  599.7  599.8  599.7
   27.8  24466  -57.5  -87.9      1   0.01    100   26.8  600.2  600.3  600.2
   27.7  24480  -57.5  -87.9      1   0.01    100   26.8  600.8  600.8  600.8
   27.6  24506  -57.6  -87.9      1   0.01    100   26.6  601.3  601.3  601.3
   27.5  24528  -57.7  -88.0      1   0.01    100   26.6  601.6  601.7  601.6
   27.4  24553  -57.7  -88.2      1   0.01    100   26.6  602.0  602.1  602.0
   27.3  24577  -57.5  -88.1      1   0.01    100   26.7  603.4  603.5  603.5
   27.2  24604  -56.9  -87.8      1   0.01    100   26.9  605.6  605.7  605.6
   27.1  24629  -56.6  -87.7      1   0.01    100   27.2  607.0  607.1  607.0
   27.0  24653  -56.7  -87.7      1   0.01    100   27.5  607.4  607.5  607.4
   26.9  24665  -56.8  -87.7      1   0.01    100   27.7  607.8  607.8  607.8
   26.8  24690  -57.0  -87.7      1   0.01    100   28.1  607.9  607.9  607.9
   26.7  24716  -57.2  -87.6      1   0.01    100   28.4  607.9  608.0  607.9
   26.6  24743  -57.4  -87.6      1   0.01     99   28.8  608.0  608.1  608.0
   26.5  24770  -57.7  -87.6      1   0.01     99   29.1  607.9  608.0  607.9
   26.4  24784  -57.8  -87.7      1   0.01     99   29.2  608.2  608.2  608.2
   26.3  24812  -58.0  -87.8      1   0.01     99   29.4  608.3  608.4  608.3
   26.2  24836  -58.1  -87.9      1   0.01     99   29.5  608.7  608.8  608.7
   26.1  24863  -58.1  -87.9      1   0.01     99   29.5  609.5  609.6  609.5
   26.0  24890  -57.9  -87.9      1   0.01     99   29.4  610.6  610.7  610.6
   25.9  24903  -57.8  -87.9      1   0.01     98   29.4  611.6  611.7  611.6
   25.8  24930  -57.7  -87.8      1   0.01     98   29.2  612.6  612.7  612.6
   25.7  24957  -57.7  -87.9      1   0.01     98   29.1  613.2  613.3  613.2
   25.6  24983  -57.9  -88.0      1   0.01     97   28.9  613.4  613.5  613.4
   25.5  25010  -58.0  -88.1      1   0.01     97   28.7  613.6  613.7  613.6
   25.4  25035  -58.2  -88.1      1   0.01     97   28.5  614.0  614.1  614.0
   25.3  25062  -58.2  -88.1      1   0.01     97   28.3  614.6  614.6  614.6
   25.2  25086  -58.2  -88.1      1   0.01     96   28.1  615.3  615.3  615.3
   25.1  25110  -58.2  -88.1      1   0.01     96   27.8  615.9  615.9  615.9
   25.0  25135  -58.3  -88.2      1   0.01     96   27.6  616.5  616.6  616.5
   24.9  25162  -58.3  -88.2      1   0.01     96   27.2  617.1  617.2  617.1
   24.8  25186  -58.2  -88.2      1   0.01     96   26.7  618.0  618.0  618.0
   24.7  25210  -58.2  -88.3      1   0.01     95   26.3  618.8  618.9  618.8
   24.6  25235  -58.3  -88.3      1   0.01     95   25.9  619.3  619.4  619.3
   24.5  25259  -58.4  -88.4      1   0.01     95   25.7  619.8  619.8  619.8
   24.4  25282  -58.4  -88.5      1   0.01     95   25.5  620.4  620.5  620.4
   24.3  25305  -58.3  -88.5      1   0.01     95   25.5  621.5  621.5  621.5
   24.2  25341  -58.1  -88.4      1   0.01     95   25.5  622.9  622.9  622.9
   24.1  25364  -58.0  -88.4      1   0.01     95   25.6  623.8  623.8  623.8
   24.0  25388  -58.0  -88.5      1   0.01     95   25.8  624.4  624.5  624.4
   23.9  25411  -58.1  -88.6      1   0.01     95   25.9  625.0  625.1  625.0
   23.8  25435  -58.0  -88.7      1   0.01     95   26.0  626.0  626.0  626.0
   23.7  25471  -57.5  -88.5      1   0.01     96   26.2  628.1  628.1  628.1
   23.6  25493  -57.2  -88.4      1   0.01     96   26.3  629.9  630.0  629.9
   23.5  25518  -56.8  -88.2      1   0.01     96   26.4  631.7  631.8  631.7
   23.4  25543  -56.7  -88.2      1   0.01     95   26.5  633.0  633.0  633.0
   23.3  25580  -56.6  -88.2      1   0.01     95   26.6  634.0  634.0  634.0
   23.2  25605  -56.5  -88.2      1   0.01     95   26.7  634.9  635.0  634.9
   23.1  25629  -56.5  -88.2      1   0.01     95   26.7  635.8  635.9  635.8
   23.0  25654  -56.4  -88.2      1   0.01     95   26.8  636.7  636.8  636.7
   22.9  25679  -56.4  -88.1      1   0.01     95   26.9  637.6  637.7  637.6
   22.8  25716  -56.3  -88.1      1   0.01     95   27.0  638.6  638.7  638.6
   22.7  25741  -56.3  -88.0      1   0.01     95   27.1  639.6  639.7  639.6
   22.6  25766  -56.2  -88.0      1   0.01     94   27.2  640.5  640.6  640.5
   22.5  25791  -56.2  -88.0      1   0.01     94   27.3  641.5  641.6  641.5
   22.4  25828  -56.1  -87.9      1   0.01     94   27.4  642.5  642.6  642.5
   22.3  25853  -56.1  -87.9      1   0.01     94   27.5  643.4  643.5  643.4
   22.2  25878  -56.0  -87.9      1   0.01     94   27.5  644.4  644.5  644.4
   22.1  25915  -56.0  -87.8      1   0.01     94   27.6  645.5  645.5  645.5
   22.0  25940  -55.9  -87.8      1   0.01     94   27.7  646.4  646.5  646.4
   21.9  25965  -55.9  -87.8      1   0.01     94   27.8  647.4  647.5  647.4
   21.8  26002  -55.8  -87.7      1   0.01     94   27.9  648.5  648.5  648.5
   21.7  26027  -55.8  -87.7      1   0.01     93   28.0  649.4  649.5  649.4
   21.6  26052  -55.7  -87.7      1   0.01     93   28.1  650.4  650.5  650.4
   21.5  26089  -55.6  -87.6      1   0.01     93   28.2  651.5  651.6  651.5
   21.4  26114  -55.6  -87.6      1   0.01     93   28.3  652.5  652.6  652.5
   21.3  26139  -55.5  -87.5      1   0.01     93   28.4  653.5  653.6  653.5
   21.2  26176  -55.5  -87.5      1   0.01     93   28.5  654.6  654.7  654.6
   21.1  26201  -55.4  -87.5      1   0.01     93   28.6  655.6  655.7  655.6
   21.0  26238  -55.4  -87.4      1   0.01     93   28.7  656.7  656.8  656.7
   20.9  26263  -55.3  -87.4      1   0.01     93   28.8  657.8  657.9  657.8
   20.8  26300  -55.3  -87.3      1   0.01     92   28.9  658.9  659.0  658.9
   20.7  26325  -55.2  -87.3      1   0.01     92   29.0  659.9  660.0  659.9
   20.6  26350  -55.2  -87.2      1   0.01     92   29.0  661.0  661.0  661.0
   20.5  26387  -55.1  -87.1      1   0.01     92   29.1  662.1  662.2  662.1
   20.4  26412  -55.0  -87.0      1   0.01     92   29.2  663.2  663.3  663.2
   20.3  26449  -55.0  -86.9      1   0.01     92   29.4  664.3  664.4  664.3
   20.2  26475  -55.0  -86.8      1   0.01     92   29.4  665.2  665.3  665.2
   20.1  26516  -55.2  -86.9      1   0.01     92   29.2  665.6  665.7  665.6
   20.0  26554  -55.3  -87.0      1   0.01     91   28.9  666.2  666.3  666.2
   19.9  26574  -55.3  -87.0      1   0.01     91   28.4  667.2  667.3  667.2
   19.8  26615  -55.1  -86.9      1   0.01     90   27.8  668.7  668.8  668.7
   19.7  26643  -55.1  -87.0      1   0.01     88   27.2  669.6  669.7  669.6
   19.6  26670  -55.2  -87.1      1   0.01     87   26.6  670.4  670.5  670.4
   19.5  26709  -55.2  -87.2      1   0.01     86   26.1  671.3  671.4  671.3
   19.4  26738  -55.1  -87.3      1   0.01     85   25.9  672.5  672.6  672.5
   19.3  26766  -54.9  -87.3      1   0.01     85   26.0  674.1  674.3  674.2
   19.2  26807  -54.4  -87.2      1   0.01     86   26.6  676.7  676.8  676.7
   19.1  26834  -54.1  -87.2      1   0.01     87   27.1  678.6  678.7  678.6
   19.0  26871  -53.6  -87.0      1   0.01     89   28.0  681.2  681.3  681.2
   18.9  26912  -53.4  -87.0      1   0.01     89   28.7  682.9  683.0  682.9
   18.8  26941  -53.3  -86.9      1   0.01     89   28.9  684.1  684.2  684.1
   18.7  26978  -53.2  -86.8      1   0.01     89   29.1  685.7  685.8  685.7
   18.6  27013  -52.9  -86.7      1   0.01     89   29.0  687.6  687.7  687.6
   18.5  27036  -52.7  -86.5      1   0.01     89   28.9  689.2  689.3  689.2
   18.4  27071  -52.5  -86.4      1   0.01     89   28.8  691.1  691.2  691.1
   18.3  27106  -52.2  -86.3      1   0.01     89   28.7  692.9  693.1  692.9
   18.2  27153  -51.9  -86.1      1   0.01     89   28.6  695.1  695.3  695.1
   18.1  27188  -51.6  -86.0      1   0.01     89   28.5  697.0  697.2  697.0
   18.0  27223  -51.3  -85.9      1   0.01     90   28.5  699.0  699.1  699.0
   17.9  27258  -51.1  -85.8      1   0.01     90   28.4  700.9  701.1  700.9
   17.8  27293  -50.8  -85.6      1   0.01     90   28.3  702.9  703.0  702.9
   17.7  27328  -50.6  -85.4      1   0.02     90   28.2  704.7  704.8  704.7
   17.6  27362  -50.6  -85.3      1   0.02     90   28.1  705.8  706.0  705.8
   17.5  27397  -50.7  -85.2      1   0.02     90   28.1  706.6  706.8  706.7
   17.4  27444  -50.7  -85.1      1   0.02     90   28.0  707.8  708.0  707.8
   17.3  27479  -50.7  -85.0      1   0.02     90   27.9  708.9  709.1  708.9
   17.2  27514  -50.7  -85.1      1   0.02     90   27.8  710.1  710.3  710.1
   17.1  27549  -50.7  -85.1      1   0.02     90   27.7  711.3  711.4  711.3
   17.0  27584  -50.7  -85.1      1   0.02     90   27.6  712.5  712.6  712.5
   16.9  27631  -50.7  -85.2      1   0.02     90   27.5  713.7  713.8  713.7
   16.8  27666  -50.7  -85.2      1   0.02     90   27.5  714.9  715.1  714.9
   16.7  27701  -50.7  -85.2      1   0.02     90   27.4  716.1  716.2  716.1
   16.6  27747  -50.7  -85.2      1   0.02     90   27.3  717.3  717.5  717.3
   16.5  27782  -50.6  -85.2      1   0.02     90   27.2  718.9  719.0  718.9
   16.4  27817  -50.5  -85.1      1   0.02     90   27.1  720.6  720.8  720.6
   16.3  27864  -50.3  -85.0      1   0.02     90   27.0  722.5  722.7  722.5
   16.2  27899  -50.1  -85.0      1   0.02     90   27.0  724.3  724.5  724.3
   16.1  27947  -50.0  -85.1      1   0.02     89   26.8  726.0  726.2  726.0
   16.0  27985  -49.7  -85.2      1   0.02     88   26.6  728.1  728.3  728.1
   15.9  28025  -49.3  -85.1      1   0.02     85   26.3  731.0  731.2  731.0
   15.8  28064  -48.8  -84.9      1   0.02     82   26.1  733.9  734.1  733.9
