Latitude: 22.312 Longitude: 114.17
-----------------------------------------------------------------------------
   PRES   HGHT   TEMP   DWPT   RELH   MIXR   DRCT   SPED   THTA   THTE   THTV
    hPa      m      C      C      %   g/kg    deg    m/s      K      K      K 
-----------------------------------------------------------------------------
 1000.0     52                                                               
  998.5     66   30.4   26.8     81  22.74    264    1.5  303.7  371.9  307.8
  996.2     86   30.3   26.8     82  22.85    268    1.6  303.8  372.4  307.9
  995.1     96   30.3   26.7     81  22.70    265    1.8  303.9  372.0  308.0
  994.0    106   30.3   26.5     80  22.46    260    2.0  304.0  371.4  308.0
  993.1    115   30.3   26.5     80  22.44    257    2.2  304.1  371.5  308.1
  991.9    126   30.2   26.3     80  22.24    253    2.4  304.0  370.8  308.1
  990.7    136   29.9   26.0     80  21.87    250    2.5  303.8  369.4  307.8
  989.9    143   29.8   26.1     81  21.96    247    2.7  303.8  369.6  307.7
  989.1    151   29.7   26.2     82  22.16    244    2.8  303.8  370.3  307.8
  988.1    160   29.5   26.2     82  22.16    241    2.8  303.7  370.2  307.7
  987.1    169   29.5   25.9     81  21.79    239    2.9  303.8  369.1  307.7
  986.1    178   29.4   25.9     81  21.80    236    2.9  303.8  369.1  307.7
  985.4    184   29.4   25.7     81  21.57    234    2.9  303.8  368.5  307.7
  984.5    192   29.3   26.1     83  22.08    232    2.9  303.8  370.0  307.7
  983.6    201   29.2   26.0     83  21.99    230    2.9  303.7  369.7  307.7
  982.7    209   29.2   25.6     81  21.55    229    2.9  303.8  368.4  307.7
  981.7    218   29.2   25.5     81  21.37    228    2.9  303.9  368.0  307.8
  980.7    227   29.1   25.6     81  21.51    228    3.0  303.9  368.5  307.8
  979.8    235   28.9   25.7     83  21.68    229    3.0  303.8  368.8  307.7
  979.0    243   28.8   25.6     83  21.55    230    3.2  303.8  368.4  307.7
  978.1    251   28.8   25.8     84  21.83    232    3.3  303.8  369.3  307.8
  977.0    261   28.7   25.8     84  21.84    235    3.5  303.8  369.3  307.8
  976.1    269   28.6   25.7     84  21.74    238    3.7  303.9  369.0  307.8
  975.2    278   28.5   25.7     85  21.77    241    3.9  303.8  369.1  307.7
  974.2    287   28.5   25.7     85  21.84    244    4.2  303.9  369.3  307.8
  973.1    296   28.3   26.0     87  22.23    247    4.4  303.8  370.4  307.8
  972.1    306   28.1   26.0     88  22.21    249    4.7  303.7  370.3  307.7
  971.0    316   28.0   25.7     87  21.91    251    4.9  303.7  369.4  307.7
  969.8    327   27.9   25.8     88  22.03    252    5.1  303.7  369.8  307.7
  968.4    340   27.8   25.9     89  22.20    253    5.3  303.7  370.3  307.7
  967.3    350   27.7   25.8     89  22.06    254    5.4  303.7  369.9  307.7
  966.4    358   27.6   25.5     88  21.74    255    5.4  303.7  368.9  307.6
  965.5    367   27.9   24.5     82  20.44    255    5.4  304.0  365.3  307.7
  964.4    377   28.1   24.2     80  20.13    256    5.4  304.4  364.8  308.0
  963.5    386   28.0   24.5     82  20.52    256    5.3  304.3  365.9  308.1
  962.5    395   27.8   24.8     84  20.93    256    5.2  304.2  367.0  308.0
  961.4    405   27.7   24.2     81  20.19    257    5.0  304.3  364.9  307.9
  960.3    415   27.8   24.1     81  20.12    257    4.9  304.4  364.8  308.1
  959.4    423   27.6   24.4     83  20.51    258    4.7  304.4  365.9  308.1
  958.6    431   27.5   24.7     84  20.80    259    4.6  304.3  366.7  308.1
  957.6    440   27.4   24.9     86  21.08    260    4.5  304.3  367.5  308.1
  956.4    451   27.3   24.9     87  21.13    262    4.3  304.3  367.7  308.1
  955.1    463   27.1   24.8     87  21.05    263    4.2  304.2  367.4  308.1
  954.0    473   27.1   24.6     87  20.89    264    4.1  304.3  367.0  308.1
  953.2    481   27.0   24.6     87  20.84    265    4.0  304.3  366.8  308.0
  952.4    488   27.0   24.5     86  20.74    266    4.0  304.4  366.7  308.2
  951.5    497   27.0   24.5     86  20.73    267    3.9  304.4  366.7  308.2
  950.6    506   26.9   24.4     86  20.71    268    3.8  304.4  366.6  308.2
  949.6    515   26.8   24.4     87  20.68    268    3.7  304.4  366.5  308.2
  948.5    525   26.7   24.4     87  20.65    268    3.6  304.4  366.5  308.2
  947.6    534   26.7   24.4     87  20.70    268    3.4  304.4  366.6  308.2
  946.6    543   26.6   24.4     88  20.76    268    3.3  304.4  366.8  308.2
  945.6    552   26.5   24.5     89  20.85    268    3.1  304.4  367.1  308.2
  944.6    561   26.4   24.5     89  20.90    268    3.0  304.5  367.2  308.2
  943.8    569   26.3   24.4     89  20.79    268    2.8  304.4  366.9  308.2
  942.9    578   26.2   24.5     90  20.90    267    2.6  304.5  367.2  308.2
  941.9    587   26.1   24.5     91  20.98    267    2.4  304.4  367.5  308.2
  940.9    596   26.0   24.4     91  20.88    266    2.2  304.4  367.1  308.2
  940.0    605   26.0   24.4     91  20.87    265    2.1  304.5  367.1  308.2
  939.3    612   25.9   24.6     92  21.16    264    1.9  304.5  368.0  308.3
  938.5    619   25.9   24.8     94  21.40    263    1.8  304.5  368.8  308.4
  937.4    630   25.7   24.8     95  21.51    262    1.6  304.4  369.1  308.3
  936.2    641   25.6   24.9     96  21.66    261    1.5  304.4  369.5  308.4
  935.3    650   25.5   24.9     96  21.68    260    1.4  304.4  369.6  308.4
  934.4    658   25.5   24.9     97  21.69    261    1.4  304.5  369.6  308.4
  933.5    666   25.4   24.8     97  21.58    262    1.4  304.4  369.3  308.3
  932.6    675   25.3   24.9     98  21.76    263    1.3  304.4  369.8  308.4
  931.5    685   25.3   25.1     99  21.96    265    1.4  304.5  370.6  308.5
  930.5    695   25.2   25.0     99  21.86    268    1.4  304.5  370.3  308.5
  929.5    704   25.1   24.8     98  21.73    270    1.5  304.6  369.9  308.5
  928.6    713   25.1   24.9     99  21.77    273    1.6  304.6  370.1  308.5
  927.8    721   25.0   24.9     99  21.85    274    1.7  304.6  370.3  308.6
  926.9    729   25.0   24.9     99  21.80    276    1.8  304.6  370.2  308.6
  926.0    738   24.9   24.8     99  21.77    277    1.9  304.7  370.2  308.6
  925.0    747   24.9   24.8     99  21.73    277    1.9  304.7  370.1  308.7
  924.0    757   24.8   24.7     99  21.60    279    2.2  304.7  369.7  308.6
  923.1    766   24.6   24.4     99  21.29    279    2.3  304.7  368.7  308.5
  922.2    774   24.6   24.1     97  20.95    279    2.5  304.7  367.7  308.5
  921.2    784   24.6   24.2     97  21.06    279    2.6  304.9  368.2  308.7
  920.1    794   24.5   24.4     99  21.33    279    2.7  304.8  369.0  308.7
  919.2    803   24.5   24.3     99  21.23    279    2.9  304.9  368.7  308.7
  918.3    811   24.4   24.1     98  21.05    279    3.0  304.9  368.2  308.7
  917.5    819   24.4   24.1     98  20.98    278    3.1  304.9  368.1  308.7
  916.6    828   24.4   23.6     95  20.43    277    3.2  305.1  366.6  308.8
  915.6    838   24.6   23.5     94  20.31    276    3.3  305.4  366.5  309.1
  914.6    847   24.6   23.4     93  20.19    275    3.4  305.4  366.3  309.1
  913.6    857   24.6   23.2     92  19.92    273    3.4  305.5  365.6  309.1
  912.6    866   24.6   22.8     90  19.52    271    3.5  305.6  364.5  309.2
  911.5    877   24.7   22.2     86  18.82    268    3.5  305.9  362.6  309.3
  910.4    888   25.0   21.6     82  18.16    266    3.6  306.2  361.0  309.5
  909.2    899   25.0   21.6     82  18.18    264    3.6  306.3  361.3  309.7
  908.1    910   24.9   21.8     83  18.36    262    3.6  306.4  361.9  309.8
  907.1    920   24.8   21.9     84  18.58    260    3.5  306.4  362.6  309.8
  906.2    928   24.8   21.8     84  18.48    259    3.5  306.5  362.4  309.8
  905.3    937   24.8   21.8     83  18.42    259    3.5  306.5  362.3  309.9
  904.2    948   24.9   21.4     81  18.01    259    3.4  306.7  361.2  310.0
  903.1    959   25.0   20.6     76  17.12    259    3.3  306.9  358.8  310.1
  902.2    967   25.2   20.3     74  16.85    261    3.2  307.2  358.3  310.3
  901.4    976   25.1   20.4     75  16.98    263    3.1  307.3  358.8  310.4
  900.4    985   25.1   20.3     75  16.87    265    3.1  307.3  358.5  310.4
  899.3    996   25.1   20.2     74  16.77    268    3.0  307.4  358.3  310.5
  898.3   1006   25.1   19.9     73  16.52    271    3.0  307.6  357.7  310.6
  897.2   1016   25.2   19.7     72  16.36    274    2.9  307.7  357.4  310.7
  896.3   1026   25.1   19.7     72  16.31    277    2.9  307.7  357.3  310.7
  895.3   1035   25.1   19.4     71  16.01    279    2.9  307.8  356.5  310.8
  894.3   1045   25.2   19.1     69  15.77    280    2.8  308.0  356.0  310.9
  893.3   1055   25.1   18.9     68  15.60    281    2.8  308.1  355.5  310.9
  892.3   1065   25.2   18.8     68  15.46    281    2.8  308.2  355.3  311.0
  891.2   1075   25.1   18.9     68  15.58    281    2.8  308.2  355.7  311.1
  890.1   1086   25.0   18.8     69  15.55    281    2.8  308.2  355.6  311.1
  889.0   1097   24.9   18.7     68  15.40    280    2.7  308.3  355.2  311.1
  888.0   1107   24.8   18.5     68  15.31    279    2.7  308.3  354.9  311.1
  887.1   1116   24.8   18.6     68  15.37    278    2.7  308.3  355.1  311.1
  886.2   1125   24.7   18.7     69  15.48    278    2.7  308.3  355.4  311.1
  885.1   1136   24.6   18.6     69  15.39    277    2.8  308.3  355.2  311.1
  884.0   1147   24.5   18.5     69  15.35    277    2.8  308.3  355.1  311.1
  882.9   1158   24.4   18.6     70  15.42    277    2.8  308.3  355.3  311.2
  881.8   1169   24.3   18.5     70  15.33    278    2.8  308.3  355.0  311.1
  880.8   1179   24.2   18.3     70  15.24    279    2.9  308.3  354.8  311.2
  879.9   1188   24.2   18.3     70  15.26    279    2.9  308.4  354.9  311.2
  878.9   1197   24.1   18.4     70  15.32    280    3.0  308.4  355.1  311.2
  877.8   1208   24.0   18.4     71  15.32    281    3.0  308.4  355.1  311.2
  876.8   1218   23.9   18.4     71  15.33    282    3.1  308.4  355.2  311.3
  876.0   1227   23.8   18.4     71  15.35    283    3.1  308.4  355.2  311.3
  875.0   1237   23.8   18.4     72  15.38    284    3.2  308.5  355.3  311.3
  874.1   1246   23.7   18.3     72  15.33    285    3.2  308.5  355.2  311.3
  873.2   1255   23.6   18.3     72  15.33    285    3.3  308.5  355.2  311.3
  872.2   1265   23.5   18.3     73  15.38    285    3.3  308.5  355.4  311.4
  871.2   1275   23.5   18.3     73  15.33    285    3.4  308.5  355.3  311.4
  870.2   1285   23.4   18.1     72  15.23    285    3.4  308.6  355.0  311.4
  869.2   1295   23.4   18.0     72  15.12    284    3.5  308.7  354.8  311.5
  868.3   1304   23.4   17.8     71  14.93    284    3.5  308.8  354.4  311.5
  867.4   1313   23.5   17.5     69  14.69    284    3.6  308.9  353.8  311.7
  866.6   1321   23.6   17.3     68  14.48    284    3.6  309.1  353.4  311.8
  865.8   1330   23.6   17.1     67  14.36    284    3.7  309.2  353.2  311.9
  864.7   1340   23.6   17.0     66  14.26    284    3.8  309.4  353.0  312.0
  863.8   1350   23.6   16.9     66  14.19    285    3.9  309.4  352.9  312.1
  862.9   1359   23.6   16.9     66  14.20    286    4.0  309.5  353.0  312.1
  861.9   1369   23.5   16.9     66  14.18    287    4.1  309.5  353.0  312.2
  861.0   1378   23.5   16.7     66  14.00    288    4.2  309.6  352.5  312.2
  860.0   1389   23.5   16.3     64  13.71    289    4.2  309.7  351.8  312.3
  859.0   1398   23.6   16.2     63  13.63    291    4.3  309.9  351.7  312.4
  858.2   1407   23.5   16.2     64  13.61    292    4.4  309.9  351.6  312.4
  857.2   1417   23.4   16.3     64  13.73    293    4.4  309.9  352.0  312.4
  856.3   1426   23.3   16.2     65  13.70    295    4.5  309.9  351.9  312.4
  855.4   1435   23.2   16.3     65  13.72    296    4.5  309.9  352.0  312.4
  854.5   1444   23.1   16.2     65  13.72    297    4.5  309.9  352.0  312.5
  853.5   1454   23.1   16.2     65  13.70    298    4.5  309.9  352.0  312.5
  852.5   1465   23.0   16.3     66  13.84    300    4.5  309.9  352.4  312.5
  851.4   1476   22.8   16.4     67  13.92    301    4.4  309.9  352.6  312.5
  850.4   1487   22.7   16.5     68  13.98    302    4.3  309.9  352.8  312.5
  850.0   1491   22.7   16.4     68  13.98    304    4.2  309.9  352.8  312.5
  849.4   1496   22.6   16.4     68  13.97    304    4.2  309.9  352.8  312.5
  848.6   1505   22.6   16.4     68  13.99    305    4.1  309.9  352.8  312.5
  847.7   1515   22.5   16.5     69  14.05    307    4.0  310.0  353.1  312.6
  846.7   1524   22.5   16.5     69  14.06    309    3.8  310.0  353.2  312.6
  845.8   1534   22.4   16.4     69  14.02    312    3.7  310.0  353.1  312.6
  844.9   1543   22.4   16.1     68  13.74    314    3.6  310.1  352.3  312.6
  844.0   1553   22.4   15.9     67  13.59    316    3.5  310.2  352.0  312.8
  843.0   1562   22.4   15.9     67  13.62    319    3.4  310.3  352.2  312.8
  842.1   1572   22.3   15.9     67  13.61    321    3.3  310.3  352.2  312.9
  841.1   1582   22.2   15.8     67  13.51    323    3.2  310.4  351.9  312.9
  840.0   1594   22.2   15.5     66  13.31    325    3.2  310.4  351.4  312.9
  838.9   1605   22.1   15.4     66  13.23    327    3.2  310.5  351.2  312.9
  837.9   1616   22.0   15.3     66  13.20    328    3.2  310.5  351.1  312.9
  837.0   1625   22.0   15.3     66  13.17    329    3.2  310.5  351.0  313.0
  836.2   1634   21.9   15.2     66  13.13    329    3.3  310.5  350.9  312.9
  835.2   1644   21.8   15.3     66  13.18    329    3.4  310.5  351.1  313.0
  834.2   1654   21.7   15.3     67  13.25    328    3.4  310.5  351.3  313.0
  833.3   1664   21.6   15.3     67  13.23    327    3.5  310.5  351.3  313.0
  832.3   1674   21.5   15.4     68  13.30    326    3.6  310.5  351.5  313.0
  831.4   1683   21.4   15.4     68  13.34    325    3.6  310.5  351.6  313.0
  830.6   1692   21.4   15.3     68  13.27    324    3.6  310.5  351.4  313.0
  829.7   1701   21.3   15.2     68  13.23    323    3.6  310.6  351.3  313.0
  828.7   1711   21.2   15.2     69  13.21    323    3.6  310.6  351.3  313.0
  827.8   1721   21.1   15.1     69  13.18    322    3.5  310.6  351.2  313.1
  827.0   1730   21.1   15.1     69  13.21    321    3.4  310.6  351.3  313.1
  826.1   1739   21.0   15.1     69  13.17    321    3.3  310.6  351.2  313.1
  825.1   1749   20.9   15.1     69  13.19    320    3.1  310.6  351.3  313.1
  824.2   1759   20.8   15.0     70  13.17    320    3.0  310.6  351.2  313.1
  823.3   1768   20.7   15.0     70  13.14    320    2.9  310.6  351.1  313.1
  822.5   1776   20.6   15.0     70  13.16    320    2.8  310.6  351.2  313.1
  821.7   1785   20.6   15.0     71  13.20    320    2.7  310.7  351.3  313.1
  820.9   1794   20.5   15.1     71  13.24    320    2.7  310.7  351.4  313.1
  819.9   1804   20.4   15.1     72  13.27    319    2.7  310.7  351.5  313.1
  819.0   1814   20.3   15.0     72  13.22    319    2.7  310.7  351.4  313.1
  818.1   1824   20.2   15.0     72  13.19    318    2.7  310.7  351.3  313.2
  817.2   1832   20.2   14.9     72  13.14    318    2.8  310.7  351.2  313.2
  816.4   1841   20.1   14.9     72  13.13    317    2.8  310.7  351.2  313.2
  815.5   1851   20.0   14.8     72  13.12    317    2.9  310.7  351.1  313.2
  814.4   1863   19.9   14.7     72  13.01    316    2.9  310.8  350.8  313.2
  813.3   1874   19.9   14.6     71  12.94    315    2.9  310.9  350.8  313.3
  812.3   1884   19.8   14.6     72  12.97    315    2.9  310.9  350.9  313.3
  811.4   1894   19.8   14.5     72  12.93    315    2.9  310.9  350.8  313.3
  810.6   1903   19.7   14.4     71  12.80    314    2.8  310.9  350.4  313.3
  809.7   1912   19.6   14.3     71  12.77    314    2.7  310.9  350.3  313.3
  808.8   1922   19.5   14.3     72  12.80    313    2.7  311.0  350.4  313.4
  807.9   1932   19.4   14.3     72  12.77    313    2.5  311.0  350.4  313.4
  806.9   1942   19.4   14.3     73  12.85    312    2.4  311.0  350.6  313.4
  805.9   1954   19.3   14.3     73  12.85    311    2.3  311.0  350.6  313.4
  804.9   1964   19.2   14.2     73  12.74    310    2.2  311.0  350.3  313.4
  803.9   1975   19.1   14.1     72  12.66    309    2.1  311.1  350.2  313.5
  803.0   1985   19.1   14.0     72  12.58    308    2.0  311.2  350.0  313.5
  802.2   1993   19.1   13.9     72  12.59    308    1.9  311.2  350.1  313.6
  801.4   2002   19.0   14.1     73  12.72    308    1.8  311.2  350.4  313.5
  800.4   2012   18.8   14.1     74  12.73    308    1.7  311.1  350.4  313.5
  799.5   2022   18.7   14.0     74  12.64    309    1.6  311.1  350.1  313.5
  798.5   2032   18.6   13.9     74  12.65    311    1.6  311.2  350.2  313.5
  797.6   2042   18.5   13.9     74  12.64    315    1.6  311.2  350.2  313.5
  796.6   2053   18.4   13.9     75  12.61    319    1.5  311.2  350.1  313.5
  795.6   2064   18.4   13.8     75  12.56    323    1.6  311.2  350.0  313.5
  794.7   2074   18.3   13.7     75  12.50    329    1.6  311.2  349.8  313.6
  793.8   2083   18.3   13.6     74  12.42    334    1.7  311.3  349.7  313.6
  793.0   2092   18.2   13.5     74  12.40    339    1.8  311.3  349.6  313.6
  792.2   2100   18.1   13.5     74  12.36    343    1.9  311.3  349.5  313.6
  791.4   2109   18.1   13.4     74  12.30    347    2.0  311.3  349.3  313.6
  790.5   2120   18.0   13.4     74  12.29    350    2.1  311.3  349.3  313.6
  789.6   2129   17.9   13.3     74  12.23    353    2.2  311.4  349.1  313.6
  788.8   2138   17.8   13.2     74  12.16    355    2.3  311.4  348.9  313.6
  787.9   2147   17.7   13.2     75  12.20    357    2.4  311.4  349.1  313.7
  787.0   2157   17.6   13.1     75  12.15    358    2.4  311.4  348.9  313.6
  786.2   2166   17.5   13.1     75  12.12    359    2.4  311.4  348.8  313.6
  785.3   2176   17.5   13.1     76  12.15    359    2.3  311.4  348.9  313.6
  784.4   2186   17.4   12.9     75  12.02    359    2.2  311.4  348.5  313.6
  783.6   2194   17.3   12.7     75  11.89    359    2.1  311.4  348.2  313.6
  782.9   2202   17.3   12.6     74  11.77    357    1.9  311.4  347.8  313.6
  782.2   2210   17.2   12.5     74  11.69    355    1.8  311.5  347.7  313.7
  781.3   2219   17.1   12.3     73  11.61    352    1.6  311.5  347.4  313.7
  780.4   2229   17.1   12.2     73  11.52    347    1.5  311.5  347.2  313.7
  779.6   2238   17.0   12.3     73  11.58    342    1.3  311.6  347.4  313.7
  778.9   2246   17.0   12.5     75  11.75    336    1.2  311.6  348.0  313.8
  778.2   2253   16.9   12.5     75  11.79    329    1.1  311.6  348.1  313.8
  777.6   2261   16.9   12.4     75  11.71    322    1.0  311.6  347.9  313.8
  776.9   2268   16.8   12.5     76  11.81    315    0.9  311.7  348.2  313.9
  776.1   2277   16.8   12.8     77  12.04    309    0.8  311.7  349.0  314.0
  775.2   2286   16.7   13.1     79  12.29    305    0.7  311.7  349.8  314.0
  774.3   2296   16.6   13.3     81  12.48    302    0.7  311.8  350.4  314.1
  773.4   2307   16.6   13.1     80  12.33    301    0.6  311.8  350.0  314.1
  772.6   2315   16.6   12.7     78  12.06    303    0.5  311.9  349.3  314.2
  772.0   2322   16.6   12.6     77  11.95    307    0.4  312.0  349.0  314.2
  771.2   2330   16.6   12.6     77  11.94    316    0.4  312.1  349.1  314.3
  770.4   2339   16.6   12.4     76  11.81    330    0.3  312.1  348.7  314.3
  769.6   2349   16.6   12.1     75  11.63    345    0.3  312.2  348.3  314.4
  768.5   2361   16.6   11.9     74  11.50    360    0.3  312.4  348.1  314.5
  767.4   2373   16.6   11.6     73  11.26     11    0.4  312.5  347.5  314.6
  766.4   2384   16.6   10.9     69  10.76     20    0.4  312.6  346.1  314.6
  765.6   2393   16.8    9.9     64  10.07     26    0.5  312.9  344.4  314.8
  764.8   2402   16.9    9.8     63   9.98     32    0.6  313.2  344.4  315.1
  764.0   2411   16.9    9.9     63  10.07     37    0.6  313.2  344.7  315.1
  762.8   2424   16.8    9.8     64  10.06     42    0.7  313.2  344.7  315.1
  761.7   2436   16.7    9.7     63  10.00     46    0.8  313.3  344.6  315.2
  760.9   2445   16.6    9.7     63   9.96     48    0.9  313.3  344.5  315.2
  760.1   2455   16.5    9.7     64   9.98     50    1.0  313.3  344.5  315.2
  759.3   2463   16.4    9.7     64  10.00     50    1.1  313.3  344.6  315.2
  758.6   2472   16.4    9.8     65  10.05     49    1.2  313.3  344.7  315.2
  757.7   2481   16.3    9.9     66  10.20     48    1.3  313.3  345.2  315.2
  756.7   2492   16.2   10.1     67  10.31     46    1.5  313.3  345.5  315.2
  755.7   2504   16.0   10.0     68  10.28     43    1.6  313.3  345.4  315.2
  754.9   2513   15.9    9.9     68  10.24     41    1.7  313.3  345.2  315.2
  754.2   2521   15.8   10.1     69  10.34     38    1.8  313.2  345.5  315.2
  753.4   2530   15.8   10.3     70  10.48     35    2.0  313.3  346.0  315.2
  752.5   2540   15.7   10.2     70  10.48     32    2.0  313.3  346.0  315.2
  751.4   2552   15.6   10.2     70  10.47     30    2.1  313.3  346.0  315.2
  750.5   2563   15.4   10.2     71  10.48     28    2.2  313.3  346.0  315.2
  749.7   2572   15.4   10.3     72  10.53     26    2.2  313.3  346.1  315.2
  748.9   2581   15.3   10.4     73  10.65     24    2.2  313.3  346.5  315.3
  748.0   2592   15.2   10.3     73  10.60     22    2.2  313.3  346.3  315.3
  747.1   2602   15.1   10.4     73  10.65     20    2.1  313.3  346.5  315.3
  746.2   2611   15.0   10.5     74  10.75     18    2.1  313.3  346.9  315.3
  745.4   2621   14.9   10.3     74  10.62     17    2.0  313.3  346.5  315.3
  744.5   2631   15.0    9.8     71  10.25     15    1.9  313.5  345.5  315.4
  743.7   2640   14.9    9.8     71  10.28     13    1.8  313.5  345.6  315.4
  742.9   2649   14.8   10.0     73  10.43     12    1.8  313.5  346.1  315.5
  742.1   2658   14.7   10.3     75  10.64     11    1.7  313.5  346.7  315.5
  741.5   2666   14.6   10.5     76  10.85     10    1.7  313.5  347.3  315.5
  740.7   2674   14.5   10.8     78  11.05      9    1.6  313.5  347.9  315.5
  739.9   2683   14.5   10.9     79  11.13      8    1.6  313.5  348.2  315.6
  739.1   2692   14.4   11.0     80  11.25      7    1.6  313.5  348.6  315.6
  738.4   2700   14.3   11.1     81  11.29      6    1.5  313.5  348.7  315.6
  737.7   2709   14.3   11.0     81  11.27      6    1.5  313.5  348.7  315.7
  736.9   2717   14.2   11.0     81  11.25      5    1.5  313.5  348.7  315.7
  736.1   2726   14.2   10.9     81  11.24      3    1.5  313.6  348.7  315.7
  735.4   2735   14.1   10.8     81  11.15      2    1.5  313.6  348.4  315.7
  734.7   2744   14.0   10.8     81  11.12      1    1.5  313.6  348.3  315.7
  733.8   2754   14.0   10.7     81  11.06    360    1.5  313.6  348.2  315.7
  732.7   2766   13.9   10.5     80  10.96    359    1.5  313.8  348.0  315.8
  731.6   2779   13.9   10.4     79  10.87    359    1.5  313.9  347.9  315.9
  730.7   2790   13.8   10.2     79  10.74    359    1.6  313.9  347.5  315.9
  730.0   2797   13.8   10.1     78  10.72    359    1.6  313.9  347.5  316.0
  729.3   2805   13.8   10.4     80  10.91      1    1.7  314.0  348.1  316.0
  728.4   2816   13.7   10.0     78  10.67      2    1.8  314.1  347.5  316.1
  727.3   2828   13.8    8.9     72   9.91      4    1.9  314.3  345.4  316.2
  726.5   2838   13.9    8.4     70   9.58      6    2.0  314.4  344.6  316.3
  725.8   2846   13.8    8.4     70   9.55      7    2.1  314.5  344.6  316.3
  725.1   2855   13.8    8.2     69   9.45      9    2.3  314.5  344.3  316.3
  724.2   2865   13.8    8.0     68   9.34      9    2.4  314.6  344.0  316.4
  723.3   2875   13.7    8.0     68   9.37     10    2.5  314.7  344.2  316.4
  722.5   2884   13.7    8.1     69   9.44      9    2.6  314.7  344.5  316.5
  721.8   2893   13.6    8.2     70   9.48      8    2.7  314.7  344.6  316.5
  721.0   2902   13.5    8.2     70   9.50      7    2.8  314.7  344.7  316.5
  720.2   2912   13.5    8.2     71   9.54      6    2.9  314.8  344.8  316.6
  719.4   2921   13.4    8.2     71   9.54      4    2.9  314.8  344.9  316.6
  718.7   2929   13.3    8.2     71   9.57      3    2.9  314.8  345.0  316.6
  717.9   2939   13.2    8.3     72   9.63      1    2.8  314.8  345.2  316.7
  717.0   2949   13.2    8.3     73   9.66    360    2.8  314.8  345.3  316.7
  716.3   2957   13.1    8.4     73   9.71    360    2.8  314.9  345.4  316.7
  715.5   2967   13.0    8.6     74   9.85    360    2.8  314.9  345.9  316.8
  714.5   2978   13.0    8.7     75   9.94    360    2.8  314.9  346.2  316.8
  713.5   2990   12.9    8.7     76   9.96      1    2.8  315.0  346.3  316.8
  712.6   3001   12.7    8.7     76   9.95      2    2.8  315.0  346.3  316.8
  711.7   3012   12.7    8.7     77   9.96      4    2.8  315.0  346.4  316.9
  710.8   3022   12.6    8.6     76   9.91      5    2.9  315.0  346.2  316.9
  710.0   3032   12.6    8.4     76   9.80      6    2.9  315.1  346.0  316.9
  709.1   3043   12.5    8.4     76   9.84      7    3.0  315.1  346.1  317.0
  708.2   3053   12.4    8.5     77   9.88      8    3.0  315.1  346.3  317.0
  707.6   3061   12.4    8.5     77   9.92      9    3.0  315.2  346.4  317.0
  706.9   3069   12.3    8.6     78   9.96     10    3.0  315.2  346.6  317.1
  706.2   3077   12.3    8.5     78   9.93     10    3.0  315.2  346.5  317.1
  705.5   3085   12.2    8.4     77   9.87     11    3.0  315.3  346.4  317.2
  704.7   3095   12.2    8.4     78   9.86     12    2.9  315.3  346.5  317.2
  703.8   3105   12.2    8.3     77   9.82     13    2.9  315.5  346.5  317.3
  703.0   3115   12.2    8.2     77   9.79     15    2.9  315.6  346.5  317.4
  702.2   3125   12.2    8.2     77   9.81     17    2.9  315.6  346.6  317.5
  701.4   3135   12.1    8.2     77   9.77     19    2.9  315.6  346.5  317.5
  700.7   3143   12.0    8.1     77   9.73     22    2.9  315.7  346.4  317.5
  700.0   3151   12.0    8.0     77   9.70     22    2.9  315.7  346.3  317.5
  699.3   3160   11.9    7.9     76   9.58     26    3.1  315.8  346.1  317.6
  698.6   3168   12.0    7.6     75   9.43     27    3.2  315.9  345.7  317.7
  697.9   3176   12.0    6.9     71   8.96     28    3.4  316.0  344.4  317.7
  697.1   3186   12.1    5.9     66   8.39     28    3.4  316.2  342.9  317.8
  696.2   3197   12.1    5.9     66   8.40     29    3.5  316.3  343.0  317.9
  695.2   3209   12.0    6.1     67   8.54     28    3.6  316.4  343.5  318.0
  694.3   3219   11.9    6.4     69   8.70     28    3.6  316.4  344.0  318.1
  693.4   3230   11.8    6.6     70   8.89     27    3.5  316.4  344.6  318.1
  692.5   3241   11.7    6.5     70   8.82     27    3.5  316.4  344.4  318.1
  691.7   3251   11.6    6.3     70   8.70     26    3.4  316.4  344.1  318.1
  691.1   3259   11.6    6.4     70   8.75     25    3.3  316.4  344.2  318.1
  690.3   3268   11.5    6.3     71   8.74     23    3.3  316.4  344.2  318.1
  689.4   3279   11.4    6.3     70   8.70     22    3.2  316.5  344.1  318.1
  688.5   3290   11.4    6.6     72   8.92     21    3.2  316.5  344.8  318.2
  687.6   3301   11.3    7.1     75   9.23     21    3.2  316.5  345.8  318.3
  686.7   3312   11.2    7.0     75   9.22     20    3.1  316.6  345.9  318.3
  685.9   3321   11.1    6.9     75   9.12     20    3.2  316.6  345.6  318.3
  685.3   3329   11.1    6.8     75   9.10     20    3.2  316.6  345.5  318.4
  684.6   3338   11.0    6.8     75   9.09     21    3.2  316.6  345.5  318.4
  683.7   3348   10.9    6.7     75   9.07     21    3.2  316.7  345.5  318.4
  682.7   3361   10.9    6.5     74   8.95     22    3.3  316.8  345.2  318.5
  681.6   3375   11.0    6.3     73   8.82     24    3.3  317.0  345.1  318.7
  680.7   3386   11.0    6.1     72   8.73     25    3.3  317.1  345.0  318.8
  680.0   3394   11.0    6.0     72   8.69     27    3.3  317.2  344.9  318.9
  679.3   3402   11.0    6.1     72   8.74     28    3.3  317.3  345.2  319.0
  678.6   3411   10.9    6.1     72   8.73     30    3.4  317.4  345.2  319.0
  677.8   3421   10.9    6.0     72   8.72     31    3.4  317.4  345.2  319.0
  677.0   3431   10.8    6.0     73   8.73     33    3.4  317.4  345.2  319.1
  676.1   3441   10.7    6.0     73   8.71     34    3.5  317.4  345.2  319.1
  675.5   3450   10.6    5.9     73   8.68     34    3.6  317.4  345.1  319.1
  674.8   3458   10.6    5.9     73   8.65     34    3.6  317.5  345.1  319.1
  674.1   3466   10.5    5.8     73   8.65     34    3.7  317.5  345.1  319.1
  673.4   3476   10.5    5.8     73   8.63     34    3.8  317.5  345.1  319.2
  672.6   3485   10.4    5.8     73   8.62     33    3.9  317.6  345.1  319.2
  671.8   3495   10.4    5.8     73   8.62     32    3.9  317.7  345.2  319.3
  670.9   3507   10.3    5.7     73   8.62     30    4.0  317.7  345.2  319.4
  670.0   3518   10.2    5.7     73   8.61     28    4.0  317.7  345.2  319.4
  669.1   3529   10.1    5.7     74   8.61     26    4.1  317.7  345.3  319.4
  668.2   3540   10.1    5.6     74   8.58     24    4.1  317.8  345.2  319.4
  667.4   3550   10.0    5.6     74   8.57     22    4.1  317.8  345.2  319.4
  666.6   3560    9.9    5.5     74   8.57     19    4.1  317.9  345.2  319.5
  665.8   3570    9.9    5.5     74   8.58     17    4.1  317.9  345.3  319.5
  665.0   3580    9.8    5.6     75   8.62     14    4.1  317.9  345.5  319.6
  664.1   3591    9.8    5.6     75   8.61     12    4.1  318.0  345.5  319.7
  663.3   3601    9.7    5.5     75   8.58     11    4.1  318.1  345.6  319.7
  662.6   3610    9.7    5.4     75   8.55      9    4.1  318.1  345.5  319.8
  661.8   3621    9.7    5.4     74   8.51      8    4.1  318.3  345.5  319.9
  660.8   3632    9.8    5.2     73   8.46      8    4.1  318.5  345.6  320.1
  660.0   3643    9.7    5.2     73   8.42      8    4.1  318.5  345.5  320.1
  659.2   3653    9.6    5.2     74   8.43      9    4.1  318.5  345.6  320.1
  658.3   3664    9.5    5.1     74   8.42     10    4.1  318.6  345.6  320.2
  657.4   3675    9.4    5.0     74   8.37     12    4.0  318.6  345.4  320.2
  656.7   3684    9.4    5.0     74   8.34     14    3.9  318.6  345.3  320.2
  656.0   3693    9.3    5.0     74   8.35     16    3.9  318.6  345.4  320.2
  655.2   3703    9.3    4.9     74   8.32     18    3.8  318.7  345.4  320.3
  654.5   3713    9.2    4.8     74   8.31     21    3.7  318.7  345.3  320.3
  653.6   3723    9.1    4.8     75   8.30     23    3.6  318.7  345.4  320.3
  652.7   3735    9.0    4.8     75   8.31     25    3.5  318.7  345.4  320.3
  651.7   3747    8.9    4.7     75   8.27     27    3.4  318.8  345.3  320.4
  650.8   3759    8.9    4.5     74   8.16     28    3.4  318.8  345.1  320.4
  650.1   3769    8.8    4.4     74   8.11     29    3.3  318.9  344.9  320.4
  649.4   3777    8.9    4.8     75   8.35     30    3.3  319.1  346.0  320.7
  648.7   3786    8.9    5.0     77   8.48     30    3.2  319.2  346.4  320.8
  647.9   3796    8.9    4.9     76   8.41     29    3.2  319.3  346.3  320.9
  647.1   3806    8.9    4.5     74   8.18     29    3.2  319.4  345.8  321.0
  646.3   3817    8.9    4.1     72   8.00     28    3.2  319.5  345.3  321.0
  645.6   3826    8.8    4.1     72   7.98     27    3.2  319.5  345.2  321.0
  644.8   3836    8.7    3.9     72   7.90     26    3.2  319.5  345.0  321.1
  644.0   3847    8.7    3.8     71   7.85     25    3.1  319.6  344.9  321.1
  643.2   3857    8.6    3.7     71   7.81     23    3.1  319.6  344.8  321.1
  642.3   3869    8.6    3.2     69   7.55     22    3.0  319.7  344.1  321.1
  641.3   3881    8.5    2.5     66   7.18     21    2.9  319.8  343.1  321.2
  640.4   3893    8.5    1.5     61   6.67     21    2.8  319.9  341.5  321.2
  639.5   3904    8.5    0.5     57   6.21     20    2.7  320.0  340.3  321.2
  638.8   3914    8.4    0.5     57   6.24     20    2.5  320.0  340.4  321.2
  638.1   3923    8.3    0.6     58   6.28     20    2.4  320.0  340.5  321.2
  637.3   3933    8.3    0.4     58   6.20     21    2.2  320.1  340.3  321.3
  636.6   3942    8.2    0.1     56   6.06     23    2.1  320.1  339.9  321.3
  635.8   3952    8.2   -0.2     56   5.97     25    2.0  320.2  339.7  321.3
  634.9   3964    8.1   -0.0     57   6.03     28    1.9  320.2  339.9  321.4
  633.8   3978    8.0    0.1     57   6.09     32    1.8  320.2  340.1  321.4
  632.8   3991    7.9    0.0     58   6.08     35    1.7  320.3  340.1  321.4
  632.1   4001    7.8    0.0     58   6.08     39    1.7  320.3  340.1  321.4
  631.4   4010    7.7    0.0     58   6.08     43    1.6  320.3  340.1  321.5
  630.6   4020    7.6   -0.1     58   6.04     45    1.6  320.3  340.1  321.5
  629.8   4030    7.6   -0.5     56   5.86     47    1.6  320.4  339.5  321.5
  629.0   4041    7.5   -1.4     53   5.50     47    1.6  320.4  338.5  321.5
  628.2   4052    7.6   -1.9     51   5.32     47    1.6  320.6  338.1  321.6
  627.4   4062    7.6   -2.0     50   5.27     45    1.6  320.8  338.1  321.8
  626.6   4073    7.6   -2.0     51   5.27     43    1.6  320.8  338.2  321.8
  625.7   4084    7.5   -2.1     51   5.26     40    1.6  320.8  338.2  321.9
  624.9   4095    7.4   -2.1     51   5.25     38    1.6  320.9  338.2  321.9
  624.2   4105    7.4   -2.6     49   5.06     35    1.6  321.0  337.6  321.9
  623.5   4114    7.3   -2.7     49   5.06     33    1.6  321.0  337.7  322.0
  622.8   4123    7.3   -2.6     50   5.09     31    1.6  321.0  337.8  322.0
  622.2   4131    7.2   -2.7     49   5.06     30    1.6  321.1  337.7  322.0
  621.4   4141    7.2   -3.2     48   4.86     31    1.6  321.1  337.2  322.1
  620.5   4154    7.1   -3.6     46   4.73     32    1.5  321.2  336.8  322.1
  619.5   4167    7.0   -3.8     46   4.67     33    1.5  321.2  336.7  322.2
  618.5   4180    7.0   -3.8     46   4.69     35    1.5  321.3  336.9  322.2
  617.6   4192    6.9   -3.3     48   4.85     37    1.5  321.4  337.4  322.3
  616.8   4203    6.8   -3.0     50   4.97     39    1.5  321.4  337.8  322.4
  615.8   4216    6.7   -2.8     51   5.06     40    1.6  321.4  338.2  322.4
  614.8   4229    6.6   -2.6     52   5.15     39    1.6  321.4  338.4  322.4
  614.0   4240    6.4   -2.3     54   5.27     38    1.6  321.4  338.8  322.4
  613.3   4250    6.4   -2.6     53   5.16     35    1.6  321.4  338.5  322.4
  612.5   4259    6.4   -3.6     49   4.79     30    1.7  321.6  337.5  322.5
  611.8   4270    6.3   -3.7     49   4.76     25    1.7  321.6  337.4  322.5
  611.0   4280    6.3   -3.7     49   4.76     20    1.8  321.6  337.4  322.6
  610.2   4291    6.2   -3.7     49   4.79     15    1.9  321.7  337.6  322.6
  609.4   4302    6.1   -3.6     50   4.81      9    2.0  321.7  337.6  322.6
  608.5   4313    6.0   -3.7     50   4.79      5    2.2  321.7  337.6  322.6
  607.7   4324    5.9   -3.7     50   4.81      1    2.3  321.7  337.6  322.6
  606.9   4335    5.8   -3.7     51   4.81    358    2.5  321.7  337.7  322.7
  606.1   4346    5.7   -3.8     50   4.77    356    2.6  321.7  337.5  322.7
  605.2   4359    5.6   -4.2     49   4.63    355    2.7  321.8  337.1  322.7
  604.3   4371    5.6   -4.8     47   4.45    355    2.8  321.9  336.7  322.8
  603.5   4382    5.5   -3.9     51   4.75    355    2.9  321.9  337.7  322.8
  602.6   4393    5.4   -2.4     57   5.32    356    2.9  321.9  339.5  322.9
  601.8   4404    5.3   -1.9     60   5.56    357    3.0  321.9  340.2  323.0
  600.9   4416    5.2   -2.2     58   5.41    359    3.0  322.0  339.9  323.1
  600.0   4429    5.3   -3.8     52   4.83      1    2.9  322.2  338.2  323.1
  599.0   4442    5.3   -4.9     48   4.45      4    2.9  322.4  337.2  323.3
  598.1   4454    5.3   -4.6     49   4.54      7    2.9  322.5  337.6  323.3
  597.4   4465    5.2   -4.9     48   4.46     10    2.8  322.5  337.4  323.4
  596.7   4474    5.2   -5.5     46   4.26     13    2.7  322.6  336.9  323.4
  596.0   4484    5.2   -5.7     45   4.21     16    2.7  322.7  336.8  323.5
  595.1   4496    5.1   -5.1     47   4.39     19    2.6  322.7  337.4  323.6
  594.2   4509    5.0   -4.8     49   4.52     21    2.5  322.7  337.8  323.6
  593.3   4520    4.9   -4.8     50   4.52     23    2.3  322.8  337.9  323.6
  592.6   4530    4.8   -4.7     50   4.57     25    2.2  322.8  338.0  323.7
  591.9   4540    4.7   -4.3     52   4.72     27    2.0  322.8  338.5  323.7
  591.2   4550    4.6   -3.2     57   5.12     28    1.8  322.8  339.7  323.8
  590.4   4560    4.5   -1.8     64   5.69     30    1.6  322.8  341.6  323.9
  589.7   4570    4.4   -1.8     64   5.72     30    1.4  322.8  341.7  323.9
  589.0   4580    4.4   -2.1     63   5.56     31    1.2  322.8  341.2  323.9
  588.3   4590    4.3   -2.8     60   5.32     30    1.0  322.9  340.5  323.9
  587.5   4601    4.3   -3.5     57   5.03     28    0.7  323.0  339.7  323.9
  586.6   4613    4.3   -4.9     51   4.55     23    0.5  323.2  338.4  324.1
  585.8   4625    4.4   -6.6     45   3.99     10    0.4  323.4  336.8  324.2
  584.9   4637    4.5   -8.3     39   3.51    340    0.3  323.6  335.5  324.3
  584.1   4648    4.4   -8.6     38   3.42    306    0.3  323.6  335.2  324.3
  583.2   4660    4.4   -9.5     36   3.20    286    0.4  323.7  334.6  324.4
  582.5   4670    4.3   -9.7     35   3.16    279    0.6  323.8  334.5  324.4
  581.9   4679    4.2   -9.4     37   3.24    276    0.7  323.8  334.8  324.4
  581.2   4689    4.1   -9.8     36   3.13    275    0.8  323.8  334.5  324.4
  580.3   4701    4.1  -10.2     34   3.03    275    0.9  323.9  334.2  324.5
  579.3   4715    4.0  -10.3     34   3.01    275    1.0  324.0  334.3  324.6
  578.4   4728    4.0  -11.0     33   2.86    276    1.1  324.1  333.9  324.7
  577.6   4739    4.0  -11.3     32   2.80    277    1.1  324.1  333.8  324.7
  576.8   4750    3.9  -11.3     32   2.79    279    1.2  324.2  333.8  324.7
  576.2   4759    3.8  -12.4     30   2.57    282    1.1  324.2  333.1  324.7
  575.4   4769    3.8  -12.7     29   2.52    285    1.1  324.3  333.0  324.8
  574.7   4780    3.7  -12.1     30   2.63    289    1.0  324.3  333.4  324.9
  574.0   4790    3.7  -11.5     32   2.77    295    1.0  324.4  333.9  324.9
  573.2   4801    3.6  -11.2     33   2.84    302    0.9  324.4  334.2  325.0
  572.4   4812    3.5  -11.9     31   2.68    311    0.9  324.5  333.7  325.0
  571.6   4824    3.5  -11.7     32   2.74    319    0.9  324.5  334.0  325.1
  570.7   4836    3.4  -11.2     33   2.85    327    0.9  324.6  334.4  325.2
  569.9   4848    3.3  -11.1     34   2.87    332    0.9  324.6  334.5  325.2
  569.2   4858    3.2  -10.9     35   2.93    336    1.0  324.7  334.7  325.3
  568.5   4868    3.2  -10.3     37   3.07    337    1.1  324.7  335.2  325.3
  567.8   4878    3.1   -8.9     41   3.43    337    1.1  324.7  336.4  325.4
  567.1   4888    2.9   -7.1     48   3.97    335    1.2  324.7  338.1  325.4
  566.2   4900    2.8   -5.8     53   4.39    333    1.3  324.7  339.4  325.5
  565.3   4913    2.7   -5.7     54   4.42    330    1.4  324.7  339.5  325.5
  564.4   4927    2.6   -5.6     55   4.46    328    1.4  324.6  339.6  325.5
  563.5   4940    2.4   -5.4     56   4.56    327    1.5  324.7  340.0  325.6
  562.7   4951    2.3   -4.4     61   4.93    325    1.6  324.6  341.2  325.6
  562.0   4960    2.2   -3.3     67   5.36    325    1.7  324.7  342.6  325.7
  561.4   4970    2.3   -3.2     67   5.38    324    1.8  324.8  342.8  325.9
  560.7   4980    2.3   -3.5     66   5.28    325    1.9  324.9  342.6  325.9
  559.9   4991    2.2   -3.6     65   5.23    325    2.0  325.0  342.5  326.0
  559.1   5003    2.1   -3.7     65   5.21    325    2.0  325.0  342.4  326.0
  558.3   5014    2.0   -3.9     65   5.15    325    2.1  325.1  342.3  326.1
  557.6   5025    2.0   -4.0     64   5.11    325    2.2  325.1  342.2  326.1
  557.0   5034    1.9   -4.1     65   5.10    323    2.2  325.1  342.2  326.1
  556.3   5043    1.8   -4.1     65   5.10    321    2.2  325.1  342.2  326.1
  555.7   5052    1.7   -4.1     65   5.08    317    2.3  325.1  342.1  326.1
  554.9   5063    1.6   -4.2     65   5.07    314    2.3  325.1  342.1  326.1
  554.2   5074    1.6   -4.3     65   5.04    309    2.4  325.2  342.1  326.2
  553.5   5084    1.5   -4.3     65   5.03    304    2.5  325.2  342.0  326.2
  552.9   5093    1.4   -4.3     66   5.03    300    2.6  325.2  342.0  326.2
  552.1   5104    1.3   -4.4     66   5.03    296    2.8  325.2  342.1  326.2
  551.4   5115    1.2   -4.5     66   4.99    292    3.0  325.3  342.0  326.2
  550.6   5126    1.2   -4.5     66   4.97    289    3.2  325.3  342.0  326.3
  549.9   5137    1.1   -4.6     66   4.95    288    3.3  325.3  341.9  326.3
  549.1   5148    1.0   -4.6     66   4.96    286    3.5  325.4  342.0  326.4
  548.4   5158    1.0   -4.5     67   4.99    286    3.7  325.4  342.2  326.4
  547.8   5167    0.9   -4.6     66   4.97    286    3.8  325.5  342.2  326.5
  547.2   5177    0.9   -4.7     67   4.96    286    3.9  325.5  342.2  326.5
  546.5   5187    0.8   -4.7     67   4.96    287    4.0  325.6  342.3  326.6
  545.8   5197    0.8   -4.0     70   5.23    288    4.1  325.7  343.3  326.8
  545.0   5209    0.8   -3.5     73   5.45    289    4.1  325.9  344.1  326.9
  544.2   5221    0.8   -3.9     71   5.29    290    4.1  326.0  343.7  327.0
  543.5   5230    0.8   -4.1     69   5.19    290    4.1  326.1  343.5  327.1
  543.0   5238    0.8   -4.2     69   5.19    291    4.1  326.1  343.6  327.2
  542.4   5246    0.8   -4.4     68   5.11    291    4.0  326.3  343.5  327.3
  541.8   5255    0.8   -4.4     68   5.09    291    4.0  326.4  343.5  327.4
  541.2   5264    0.7   -4.5     68   5.07    290    3.9  326.4  343.5  327.4
  540.6   5273    0.7   -4.4     69   5.11    289    3.9  326.4  343.6  327.4
  539.9   5284    0.6   -4.3     69   5.16    288    3.8  326.5  343.9  327.5
  539.1   5296    0.6   -4.3     70   5.16    287    3.8  326.6  343.9  327.6
  538.4   5306    0.5   -4.5     69   5.09    285    3.7  326.6  343.8  327.6
  537.7   5317    0.6   -4.5     69   5.12    284    3.7  326.8  344.0  327.8
  537.0   5328    0.5   -4.1     71   5.27    282    3.7  326.8  344.6  327.9
  536.2   5340    0.5   -5.2     66   4.86    281    3.7  327.0  343.4  327.9
  535.4   5351    0.5   -7.1     56   4.19    280    3.7  327.2  341.4  328.0
  534.8   5361    0.6   -8.8     50   3.69    279    3.7  327.3  339.9  328.0
  534.0   5372    0.6   -9.8     46   3.41    278    3.7  327.5  339.2  328.1
  533.2   5384    0.5   -9.4     47   3.52    277    3.7  327.5  339.6  328.2
  532.5   5395    0.4   -9.8     46   3.43    276    3.8  327.6  339.4  328.2
  531.8   5406    0.4  -10.2     45   3.32    276    3.8  327.6  339.1  328.3
  531.0   5418    0.3  -10.2     45   3.32    275    3.9  327.7  339.1  328.3
  530.2   5430    0.2  -10.2     46   3.33    274    3.9  327.7  339.2  328.3
  529.5   5441    0.1  -10.3     45   3.30    273    3.9  327.7  339.1  328.3
  528.8   5451    0.0  -10.7     44   3.21    272    4.0  327.7  338.8  328.3
  528.2   5460   -0.0  -11.1     43   3.10    271    4.0  327.8  338.5  328.4
  527.7   5468   -0.1  -11.7     41   2.96    270    4.0  327.8  338.1  328.4
  527.1   5476   -0.1  -12.4     39   2.80    268    4.0  327.9  337.6  328.4
  526.5   5486   -0.1  -12.8     38   2.73    267    4.0  328.0  337.5  328.5
  525.8   5496   -0.2  -12.8     38   2.73    266    4.0  328.0  337.5  328.5
  525.1   5507   -0.3  -12.8     38   2.72    265    4.0  328.0  337.5  328.5
  524.5   5516   -0.4  -12.9     38   2.71    264    4.0  328.0  337.4  328.5
  523.8   5526   -0.5  -13.2     38   2.65    263    4.0  328.0  337.3  328.6
  523.1   5538   -0.5  -14.3     35   2.43    263    4.0  328.1  336.6  328.6
  522.4   5549   -0.5  -15.7     31   2.16    264    4.0  328.2  335.8  328.6
  521.6   5561   -0.6  -16.3     29   2.05    264    4.0  328.3  335.6  328.7
  521.0   5571   -0.6  -16.5     29   2.02    265    4.0  328.3  335.5  328.7
  520.3   5580   -0.7  -17.3     27   1.89    267    4.1  328.4  335.1  328.8
  519.7   5590   -0.7  -19.6     22   1.56    269    4.2  328.5  334.1  328.8
  519.0   5601   -0.7  -19.0     23   1.64    271    4.4  328.6  334.5  329.0
  518.3   5612   -0.7  -15.4     32   2.23    272    4.5  328.7  336.6  329.1
  517.6   5622   -0.8  -14.6     35   2.40    274    4.7  328.7  337.1  329.2
  517.0   5632   -0.9  -14.2     36   2.47    275    4.8  328.7  337.4  329.2
  516.3   5642   -1.0  -13.9     37   2.53    276    4.9  328.7  337.6  329.2
  515.5   5654   -1.1  -13.7     38   2.58    277    5.0  328.7  337.7  329.2
  514.8   5665   -1.3  -13.1     40   2.72    278    5.1  328.7  338.2  329.2
  514.2   5674   -1.3  -12.6     42   2.82    278    5.1  328.7  338.5  329.3
  513.6   5684   -1.4  -13.6     39   2.62    279    5.1  328.8  337.9  329.3
  513.0   5693   -1.4  -13.5     39   2.64    279    5.0  328.8  338.1  329.4
  512.4   5703   -1.5  -13.2     40   2.71    279    4.9  328.8  338.3  329.4
  511.7   5714   -1.6  -13.4     40   2.66    280    4.8  328.9  338.2  329.4
  510.9   5725   -1.6  -13.4     40   2.67    280    4.6  329.0  338.3  329.5
  510.2   5736   -1.7  -12.7     43   2.84    281    4.4  329.0  338.9  329.6
  509.6   5746   -1.8  -10.8     50   3.29    282    4.3  329.0  340.4  329.6
  508.9   5756   -1.9  -10.2     53   3.48    283    4.1  329.0  341.0  329.7
  508.3   5766   -2.0  -10.4     53   3.41    284    4.0  329.0  340.8  329.6
  507.7   5775   -2.1  -10.4     53   3.43    285    3.9  329.0  340.9  329.7
  507.1   5785   -2.1  -10.4     53   3.42    286    3.9  329.1  340.9  329.7
  506.5   5794   -2.2  -10.2     54   3.49    287    3.9  329.1  341.2  329.8
  505.9   5804   -2.3   -9.2     59   3.78    288    3.9  329.1  342.1  329.9
  505.3   5813   -2.3   -8.7     62   3.93    288    3.9  329.1  342.7  329.9
  504.6   5825   -2.4   -8.2     64   4.08    288    3.9  329.1  343.2  330.0
  503.8   5837   -2.5   -7.8     67   4.25    288    4.0  329.2  343.7  330.0
  503.1   5849   -2.7   -7.6     69   4.32    288    4.0  329.1  343.9  330.0
  502.4   5859   -2.8   -7.6     69   4.32    289    4.1  329.2  344.0  330.0
  501.8   5869   -2.9   -7.6     70   4.32    289    4.1  329.1  343.9  330.0
  501.1   5879   -3.0   -7.6     70   4.31    289    4.2  329.1  343.9  330.0
  500.5   5890   -3.1   -7.6     71   4.32    290    4.2  329.1  343.9  330.0
  500.0   5897   -3.1   -7.5     72   4.36    290    4.2  329.1  344.1  330.0
  499.7   5902   -3.2   -7.4     72   4.39    292    4.2  329.2  344.2  330.0
  499.0   5913   -3.3   -7.4     73   4.40    293    4.2  329.1  344.2  330.0
  498.3   5924   -3.4   -7.4     74   4.42    295    4.2  329.1  344.2  330.0
  497.6   5935   -3.5   -7.2     76   4.50    297    4.3  329.1  344.5  330.0
  496.9   5947   -3.6   -7.0     77   4.57    299    4.3  329.1  344.8  330.1
  496.1   5959   -3.7   -7.0     78   4.59    301    4.3  329.2  344.8  330.1
  495.3   5971   -3.8   -6.5     81   4.75    303    4.3  329.2  345.4  330.1
  494.7   5982   -3.9   -6.4     82   4.79    305    4.2  329.2  345.6  330.2
  494.1   5992   -3.9   -6.8     80   4.67    306    4.2  329.4  345.3  330.3
  493.5   6001   -3.8   -7.0     78   4.60    307    4.2  329.6  345.3  330.5
  492.9   6010   -3.8   -7.2     77   4.54    307    4.2  329.7  345.2  330.6
  492.2   6021   -3.8   -7.1     78   4.57    307    4.1  329.8  345.5  330.7
  491.5   6032   -3.8   -7.3     77   4.52    307    4.1  330.0  345.5  330.9
  490.9   6043   -3.8   -7.4     76   4.49    307    4.1  330.1  345.5  331.0
  490.3   6052   -3.8   -7.7     75   4.39    306    4.1  330.2  345.3  331.1
  489.7   6063   -3.8   -8.4     71   4.16    305    4.0  330.3  344.6  331.1
  489.0   6073   -3.8   -8.8     69   4.05    305    4.0  330.4  344.3  331.2
  488.3   6085   -3.9   -8.7     70   4.08    304    4.0  330.4  344.5  331.2
  487.6   6097   -4.0   -8.2     72   4.22    303    4.1  330.4  345.0  331.3
  486.9   6108   -4.1   -8.0     74   4.31    301    4.1  330.5  345.3  331.4
  486.1   6120   -4.2   -8.3     73   4.23    300    4.1  330.5  345.1  331.4
  485.4   6131   -4.2   -8.4     73   4.21    299    4.1  330.6  345.1  331.5
  484.7   6142   -4.3   -8.4     73   4.21    298    4.2  330.7  345.2  331.5
  484.1   6153   -4.4   -8.4     74   4.21    297    4.2  330.7  345.2  331.5
  483.5   6163   -4.4   -8.4     74   4.22    296    4.3  330.7  345.3  331.5
  482.9   6172   -4.5   -8.3     75   4.25    294    4.4  330.7  345.4  331.6
  482.3   6181   -4.6   -8.2     76   4.29    293    4.4  330.7  345.5  331.6
  481.7   6192   -4.7   -8.1     77   4.32    292    4.5  330.7  345.6  331.6
  481.1   6202   -4.7   -7.9     78   4.39    290    4.6  330.8  345.9  331.7
  480.5   6212   -4.8   -8.1     78   4.35    289    4.7  330.9  345.9  331.8
  480.0   6220   -4.8   -8.3     76   4.26    288    4.8  331.0  345.7  331.8
  479.5   6228   -4.8   -8.6     75   4.18    287    4.9  331.0  345.5  331.9
  479.0   6236   -4.8   -8.9     73   4.10    286    5.0  331.1  345.3  331.9
  478.4   6246   -4.9   -9.1     73   4.03    286    5.1  331.1  345.1  331.9
  477.7   6258   -5.0   -9.3     72   3.97    285    5.2  331.2  344.9  332.0
  477.0   6270   -5.1   -9.6     71   3.89    285    5.3  331.2  344.7  332.0
  476.5   6278   -5.1   -9.8     70   3.84    284    5.4  331.2  344.5  332.0
  475.9   6287   -5.2  -10.0     69   3.78    284    5.5  331.3  344.4  332.0
  475.3   6298   -5.2  -10.2     68   3.72    284    5.6  331.4  344.4  332.2
  474.5   6310   -5.2  -10.2     68   3.72    284    5.7  331.6  344.5  332.3
  473.8   6323   -5.2  -10.3     68   3.71    284    5.7  331.6  344.5  332.4
  473.0   6335   -5.2  -10.2     68   3.73    284    5.8  331.8  344.8  332.5
  472.4   6346   -5.3  -10.2     68   3.74    284    5.8  331.9  344.9  332.6
  471.7   6357   -5.3  -10.3     68   3.72    284    5.8  332.0  344.9  332.7
  470.9   6370   -5.4  -10.5     67   3.65    284    5.8  332.0  344.8  332.8
  470.1   6384   -5.4  -11.2     64   3.47    284    5.8  332.2  344.3  332.9
  469.3   6396   -5.4  -12.1     59   3.23    284    5.9  332.3  343.7  333.0
  468.6   6409   -5.5  -12.7     57   3.09    284    5.9  332.4  343.3  333.0
  467.9   6421   -5.6  -13.0     56   3.01    284    5.9  332.4  343.0  333.0
  467.2   6433   -5.6  -13.3     55   2.95    284    5.9  332.5  342.9  333.1
  466.5   6445   -5.7  -13.7     53   2.86    283    6.0  332.5  342.7  333.1
  465.8   6455   -5.8  -13.7     54   2.86    283    6.0  332.6  342.7  333.2
  465.2   6465   -5.8  -13.5     54   2.90    283    6.0  332.7  342.9  333.3
  464.6   6476   -5.9  -13.4     55   2.94    283    6.0  332.7  343.1  333.3
  463.8   6490   -6.0  -13.6     55   2.90    284    6.0  332.7  343.0  333.3
  463.0   6503   -6.1  -13.8     55   2.86    284    6.0  332.8  342.9  333.3
  462.3   6514   -6.2  -13.8     55   2.86    284    6.0  332.8  342.9  333.4
  461.7   6525   -6.2  -13.8     55   2.86    284    5.9  332.9  343.0  333.5
  461.1   6535   -6.3  -13.9     55   2.83    285    5.8  332.9  343.0  333.5
  460.5   6545   -6.3  -13.4     57   2.95    285    5.7  333.0  343.4  333.6
  459.9   6555   -6.4  -11.8     66   3.38    286    5.6  333.0  344.9  333.7
  459.4   6565   -6.5  -10.9     71   3.64    287    5.4  333.0  345.8  333.8
  458.7   6576   -6.6  -10.8     72   3.66    288    5.3  333.0  345.8  333.8
  458.1   6587   -6.7  -10.8     72   3.67    289    5.2  333.0  345.9  333.8
  457.4   6598   -6.8  -10.8     73   3.69    290    5.0  333.1  346.0  333.8
  456.8   6609   -6.9  -10.6     74   3.73    291    5.0  333.1  346.2  333.9
  456.2   6619   -6.9  -10.6     75   3.74    292    4.9  333.2  346.3  333.9
  455.7   6627   -6.9  -10.7     75   3.74    293    4.9  333.3  346.3  334.0
  455.2   6635   -7.0  -10.7     75   3.74    294    4.9  333.3  346.4  334.1
  454.7   6644   -7.0  -10.7     75   3.74    295    5.0  333.3  346.4  334.1
  454.1   6655   -7.1  -10.7     76   3.75    296    5.0  333.3  346.5  334.1
  453.4   6667   -7.2  -10.6     77   3.77    297    5.1  333.4  346.6  334.1
  452.8   6678   -7.3  -10.6     77   3.77    297    5.2  333.4  346.6  334.1
  452.1   6689   -7.4  -10.7     77   3.75    297    5.3  333.4  346.5  334.2
  451.5   6699   -7.5  -10.8     77   3.75    298    5.4  333.4  346.6  334.2
  450.9   6709   -7.5  -10.7     77   3.75    298    5.4  333.6  346.7  334.3
  450.4   6718   -7.5  -10.8     77   3.74    297    5.5  333.6  346.7  334.4
  449.9   6728   -7.6  -10.8     78   3.75    297    5.5  333.6  346.8  334.4
  449.4   6736   -7.6  -10.8     78   3.75    297    5.5  333.7  346.8  334.4
  448.8   6746   -7.7  -10.9     78   3.73    296    5.5  333.8  346.8  334.5
  448.2   6757   -7.8  -10.9     78   3.73    296    5.5  333.8  346.8  334.5
  447.7   6766   -7.8  -10.9     78   3.72    296    5.5  333.8  346.8  334.5
  447.2   6775   -7.9  -11.0     78   3.70    296    5.5  333.8  346.8  334.6
  446.6   6784   -8.0  -11.1     78   3.68    296    5.5  333.9  346.8  334.6
  446.1   6794   -8.0  -11.2     78   3.65    296    5.5  333.9  346.7  334.6
  445.4   6805   -8.1  -11.4     77   3.61    296    5.4  333.9  346.6  334.7
  444.8   6816   -8.2  -11.5     77   3.58    297    5.4  333.9  346.5  334.7
  444.2   6827   -8.3  -11.5     78   3.59    297    5.4  333.9  346.5  334.7
  443.6   6837   -8.4  -11.7     77   3.53    298    5.4  333.9  346.4  334.7
  443.0   6848   -8.5  -12.1     75   3.42    299    5.4  334.0  346.1  334.7
  442.4   6859   -8.5  -12.3     74   3.36    299    5.4  334.1  346.0  334.8
  441.7   6870   -8.5  -12.3     74   3.37    300    5.4  334.2  346.1  334.9
  441.1   6880   -8.5  -12.2     75   3.41    300    5.4  334.4  346.4  335.1
  440.6   6890   -8.5  -12.3     74   3.40    300    5.3  334.4  346.4  335.1
  440.0   6900   -8.6  -12.7     72   3.29    300    5.3  334.5  346.2  335.2
  439.4   6911   -8.5  -13.0     70   3.22    299    5.2  334.7  346.1  335.4
  438.7   6923   -8.4  -13.2     68   3.15    299    5.1  335.0  346.2  335.6
  438.1   6934   -8.3  -13.9     64   2.99    298    5.0  335.3  345.9  335.9
  437.5   6945   -8.0  -14.5     60   2.86    297    4.9  335.8  346.0  336.4
  436.9   6955   -8.0  -14.2     61   2.93    296    4.8  335.9  346.4  336.5
  436.3   6965   -8.1  -13.8     63   3.02    296    4.7  336.0  346.8  336.6
  435.8   6975   -8.1  -13.6     65   3.08    295    4.6  336.0  347.0  336.6
  435.2   6985   -8.2  -13.5     66   3.11    294    4.5  336.0  347.1  336.6
  434.6   6997   -8.3  -13.5     66   3.10    293    4.4  336.0  347.1  336.7
  433.9   7008   -8.4  -13.8     65   3.04    293    4.3  336.1  346.9  336.7
  433.3   7020   -8.4  -14.5     62   2.89    293    4.2  336.2  346.5  336.8
  432.7   7031   -8.5  -14.7     61   2.83    293    4.1  336.2  346.4  336.8
  432.0   7042   -8.5  -15.0     60   2.78    294    4.0  336.3  346.3  336.9
  431.3   7055   -8.6  -15.4     58   2.68    294    4.0  336.4  346.1  337.0
  430.6   7068   -8.6  -15.9     56   2.59    295    4.0  336.5  345.8  337.0
  430.0   7079   -8.7  -16.0     56   2.56    295    4.0  336.5  345.8  337.1
  429.5   7087   -8.8  -16.0     56   2.56    296    4.1  336.5  345.8  337.1
  429.1   7095   -8.9  -16.0     56   2.56    297    4.2  336.5  345.7  337.0
  428.6   7103   -9.0  -16.0     56   2.56    298    4.3  336.5  345.8  337.1
  428.1   7112   -9.0  -15.9     57   2.59    298    4.4  336.6  345.9  337.1
  427.7   7121   -9.0  -15.6     59   2.67    298    4.5  336.7  346.3  337.2
  427.2   7130   -9.0  -15.6     59   2.66    299    4.6  336.8  346.4  337.3
  426.6   7140   -9.1  -15.8     58   2.62    299    4.7  336.9  346.3  337.4
  426.0   7152   -9.1  -15.9     58   2.60    299    4.8  336.9  346.3  337.5
  425.3   7165   -9.2  -16.0     57   2.58    300    4.9  337.0  346.4  337.6
  424.6   7176   -9.2  -16.0     58   2.59    300    4.9  337.1  346.5  337.7
  424.1   7186   -9.3  -15.9     59   2.62    301    5.0  337.2  346.6  337.7
  423.6   7195   -9.3  -15.9     59   2.62    301    5.0  337.2  346.6  337.7
  423.0   7206   -9.4  -16.0     59   2.60    301    5.0  337.2  346.6  337.7
  422.3   7218   -9.5  -16.1     59   2.59    302    5.0  337.2  346.6  337.8
  421.6   7231   -9.6  -16.3     58   2.55    302    5.0  337.3  346.5  337.8
  421.1   7241   -9.7  -16.5     57   2.50    302    5.0  337.4  346.4  337.9
  420.5   7251   -9.6  -17.0     55   2.41    302    5.1  337.5  346.3  338.0
  420.0   7261   -9.7  -17.6     52   2.29    302    5.2  337.6  345.9  338.1
  419.4   7271   -9.7  -17.8     52   2.25    301    5.2  337.7  345.9  338.1
  418.9   7281   -9.7  -18.0     51   2.23    300    5.3  337.8  345.9  338.2
  418.4   7290   -9.8  -18.0     51   2.23    299    5.5  337.8  345.9  338.2
  418.0   7298   -9.9  -18.0     52   2.23    298    5.6  337.8  345.9  338.2
  417.6   7306   -9.9  -18.2     51   2.19    297    5.7  337.8  345.8  338.2
  417.1   7315  -10.0  -18.3     51   2.17    295    5.9  337.8  345.8  338.3
  416.5   7325  -10.1  -18.7     49   2.10    294    6.0  337.9  345.6  338.3
  416.0   7334  -10.1  -20.9     41   1.74    293    6.1  338.0  344.4  338.3
  415.5   7344  -10.0  -24.6     29   1.26    292    6.2  338.2  342.9  338.5
  414.9   7355   -9.9  -27.8     22   0.94    290    6.3  338.5  342.1  338.7
  414.3   7366   -9.7  -32.7     13   0.59    289    6.4  338.9  341.2  339.0
  413.8   7375   -9.8  -32.6     14   0.60    288    6.4  338.9  341.3  339.0
  413.3   7386   -9.8  -34.3     12   0.51    287    6.4  338.9  340.9  339.0
  412.6   7398   -9.9  -38.8      7   0.32    286    6.4  339.1  340.4  339.1
  412.0   7409   -9.9  -39.5      7   0.30    285    6.3  339.1  340.3  339.2
  411.5   7419  -10.0  -39.3      7   0.31    284    6.2  339.1  340.4  339.2
  410.9   7430  -10.1  -39.2      7   0.31    282    6.2  339.2  340.4  339.2
  410.3   7441  -10.2  -38.7      8   0.33    281    6.1  339.2  340.5  339.3
  409.8   7451  -10.2  -38.8      8   0.33    279    6.0  339.2  340.6  339.3
  409.2   7461  -10.3  -38.4      8   0.34    278    6.0  339.3  340.7  339.4
  408.6   7472  -10.4  -31.8     15   0.65    276    5.9  339.3  341.9  339.5
  408.0   7484  -10.5  -26.3     26   1.10    275    5.9  339.3  343.4  339.5
  407.3   7497  -10.7  -24.0     33   1.36    273    5.9  339.2  344.3  339.5
  406.7   7509  -10.8  -23.5     34   1.41    272    5.8  339.2  344.5  339.5
  406.2   7518  -10.9  -24.8     31   1.26    271    5.8  339.3  344.0  339.5
  405.8   7526  -10.9  -27.4     24   1.00    271    5.8  339.4  343.2  339.6
  405.3   7536  -10.9  -29.0     21   0.86    270    5.8  339.5  342.8  339.6
  404.7   7547  -10.9  -28.3     22   0.92    270    5.8  339.5  343.1  339.7
  404.0   7559  -11.0  -27.4     25   1.00    270    5.8  339.6  343.4  339.8
  403.3   7572  -11.2  -26.8     26   1.06    271    5.8  339.6  343.6  339.8
  402.7   7584  -11.3  -26.1     28   1.13    271    5.8  339.6  343.9  339.8
  402.2   7595  -11.4  -25.6     30   1.18    272    5.8  339.5  344.0  339.8
  401.6   7605  -11.5  -25.1     32   1.25    273    5.8  339.6  344.3  339.8
  401.1   7615  -11.6  -24.3     34   1.33    274    5.8  339.6  344.6  339.8
  400.5   7626  -11.7  -23.3     37   1.46    275    5.7  339.6  345.1  339.9
  400.0   7636  -11.8  -22.3     41   1.60    275    5.7  339.5  345.5  339.9
  399.9   7637  -11.8  -22.2     42   1.61    275    5.7  339.6  345.6  339.9
  399.4   7648  -11.9  -22.1     43   1.64    276    5.6  339.5  345.6  339.9
  398.8   7659  -12.1  -21.5     45   1.73    277    5.5  339.5  345.9  339.9
  398.3   7670  -12.2  -21.2     47   1.78    278    5.4  339.5  346.1  339.9
  397.7   7680  -12.3  -20.7     50   1.86    278    5.2  339.5  346.4  339.9
  397.1   7691  -12.3  -20.9     49   1.83    278    5.1  339.6  346.3  339.9
  396.5   7703  -12.3  -22.2     43   1.63    278    4.9  339.7  345.8  340.1
  396.0   7713  -12.3  -22.8     41   1.55    278    4.7  339.8  345.6  340.2
  395.5   7723  -12.3  -23.9     37   1.40    277    4.6  340.0  345.3  340.3
  395.0   7733  -12.2  -26.2     30   1.14    276    4.4  340.2  344.5  340.4
  394.3   7746  -12.2  -28.1     25   0.97    274    4.3  340.5  344.2  340.7
  393.7   7759  -12.2  -29.1     23   0.88    272    4.2  340.6  344.0  340.8
  393.1   7770  -12.2  -29.5     22   0.84    270    4.1  340.7  343.9  340.8
  392.5   7781  -12.3  -29.7     22   0.84    268    4.1  340.8  344.0  340.9
  391.9   7793  -12.4  -29.5     23   0.85    267    4.1  340.8  344.1  341.0
  391.3   7804  -12.5  -29.4     23   0.86    265    4.1  340.8  344.1  341.0
  390.8   7815  -12.6  -29.2     24   0.87    264    4.1  340.8  344.2  341.0
  390.3   7823  -12.7  -28.9     24   0.90    264    4.2  340.8  344.3  341.0
  389.9   7832  -12.7  -29.1     24   0.89    264    4.2  340.9  344.3  341.0
  389.3   7844  -12.7  -29.8     23   0.83    264    4.2  341.0  344.2  341.1
  388.7   7856  -12.8  -30.1     22   0.81    265    4.2  341.0  344.2  341.2
  388.2   7865  -12.9  -30.1     22   0.81    267    4.3  341.0  344.2  341.2
  387.7   7875  -13.0  -29.9     23   0.82    268    4.3  341.0  344.2  341.2
  387.1   7886  -13.1  -29.6     24   0.85    270    4.3  341.1  344.4  341.2
  386.5   7899  -13.2  -29.5     24   0.86    272    4.4  341.0  344.4  341.2
  385.9   7911  -13.3  -29.5     24   0.87    274    4.5  341.0  344.4  341.2
  385.3   7922  -13.4  -29.0     26   0.91    275    4.6  341.0  344.6  341.2
  384.7   7934  -13.5  -28.1     28   0.99    276    4.8  341.1  344.9  341.3
  384.1   7946  -13.6  -28.8     27   0.93    277    4.9  341.2  344.7  341.3
  383.6   7955  -13.7  -29.1     26   0.90    278    5.1  341.2  344.7  341.4
  383.2   7964  -13.7  -29.7     25   0.85    278    5.3  341.3  344.6  341.4
  382.7   7974  -13.7  -30.3     23   0.81    279    5.5  341.4  344.5  341.5
  382.1   7985  -13.7  -30.6     23   0.79    279    5.7  341.5  344.5  341.6
  381.5   7997  -13.8  -30.7     23   0.78    279    6.0  341.5  344.6  341.7
  380.9   8008  -13.9  -31.3     22   0.74    279    6.2  341.6  344.5  341.7
  380.5   8018  -13.9  -32.2     20   0.67    279    6.3  341.7  344.3  341.8
  380.0   8028  -13.9  -33.3     18   0.61    279    6.5  341.8  344.2  341.9
  379.4   8038  -14.0  -33.6     17   0.59    279    6.6  341.9  344.2  342.0
  378.9   8050  -14.1  -33.7     17   0.59    279    6.7  341.9  344.2  342.0
  378.3   8062  -14.2  -34.2     17   0.56    279    6.7  341.9  344.1  342.0
  377.6   8074  -14.3  -34.3     17   0.56    278    6.7  341.9  344.1  342.0
  377.1   8086  -14.4  -34.0     17   0.57    278    6.7  341.9  344.2  342.0
  376.5   8097  -14.5  -33.8     18   0.58    278    6.6  341.9  344.2  342.0
  375.9   8109  -14.6  -34.0     18   0.58    277    6.6  342.0  344.3  342.1
  375.3   8122  -14.6  -35.2     16   0.51    276    6.5  342.0  344.1  342.1
  374.8   8132  -14.8  -35.5     15   0.50    275    6.4  342.0  344.0  342.1
  374.3   8142  -14.8  -35.8     15   0.48    274    6.2  342.1  344.0  342.2
  373.7   8153  -14.9  -37.7     12   0.40    273    6.1  342.2  343.8  342.2
  373.1   8166  -14.9  -40.8      9   0.29    272    6.0  342.3  343.5  342.4
  372.5   8178  -14.8  -41.9      8   0.26    271    5.9  342.5  343.6  342.6
  371.9   8190  -14.8  -44.4      6   0.20    270    5.7  342.7  343.5  342.7
  371.3   8202  -14.9  -45.6      5   0.17    269    5.6  342.8  343.5  342.8
  370.8   8213  -15.0  -45.5      5   0.18    268    5.5  342.7  343.5  342.8
  370.3   8224  -15.1  -45.9      5   0.17    268    5.4  342.8  343.5  342.8
  369.7   8235  -15.2  -46.0      5   0.17    267    5.2  342.8  343.5  342.9
  369.1   8247  -15.3  -46.0      5   0.17    266    5.1  342.8  343.5  342.9
  368.6   8258  -15.4  -46.1      5   0.17    266    5.0  342.8  343.5  342.8
  368.1   8269  -15.5  -46.1      5   0.17    265    4.8  342.8  343.5  342.9
  367.5   8279  -15.5  -45.9      6   0.17    265    4.7  342.9  343.6  343.0
  367.0   8290  -15.6  -45.7      6   0.18    265    4.5  343.0  343.7  343.0
  366.5   8301  -15.7  -45.8      6   0.17    264    4.4  343.0  343.7  343.0
  365.9   8312  -15.8  -45.7      6   0.17    264    4.3  343.0  343.8  343.1
  365.4   8324  -15.9  -45.3      6   0.18    264    4.1  343.0  343.8  343.1
  364.8   8335  -16.0  -44.4      7   0.20    264    4.0  343.0  343.9  343.1
  364.2   8348  -16.1  -43.8      7   0.22    264    3.9  343.1  344.0  343.1
  363.6   8360  -16.2  -43.9      7   0.22    265    3.8  343.1  344.0  343.1
  363.1   8372  -16.3  -43.2      8   0.23    265    3.7  343.1  344.0  343.1
  362.5   8384  -16.4  -42.4      9   0.25    266    3.6  343.1  344.1  343.1
  361.8   8397  -16.5  -42.0      9   0.26    267    3.5  343.1  344.2  343.2
  361.2   8410  -16.7  -41.1     10   0.29    268    3.5  343.1  344.3  343.2
  360.6   8423  -16.8  -40.9     10   0.30    269    3.5  343.1  344.3  343.2
  360.0   8436  -16.9  -41.5     10   0.28    269    3.5  343.1  344.2  343.1
  359.3   8449  -17.0  -41.0     11   0.29    270    3.5  343.1  344.3  343.2
  358.7   8462  -17.2  -40.5     11   0.31    270    3.5  343.1  344.4  343.2
  358.1   8475  -17.3  -40.5     11   0.31    271    3.5  343.1  344.4  343.2
  357.5   8487  -17.4  -40.6     11   0.31    271    3.6  343.1  344.4  343.2
  356.9   8499  -17.5  -40.8     11   0.30    271    3.6  343.1  344.3  343.2
  356.4   8512  -17.7  -41.1     11   0.30    271    3.5  343.1  344.3  343.1
  355.8   8523  -17.8  -41.1     11   0.29    271    3.5  343.1  344.3  343.1
  355.2   8536  -17.9  -41.0     11   0.30    272    3.4  343.1  344.3  343.1
  354.6   8549  -18.0  -41.0     11   0.30    272    3.4  343.1  344.3  343.1
  354.0   8561  -18.1  -41.1     11   0.30    273    3.3  343.1  344.3  343.1
  353.4   8574  -18.3  -40.8     12   0.31    274    3.1  343.1  344.4  343.1
  352.8   8586  -18.4  -40.2     13   0.33    275    3.0  343.1  344.5  343.2
  352.2   8599  -18.4  -40.7     12   0.31    277    2.9  343.3  344.6  343.3
  351.7   8611  -18.4  -41.5     11   0.29    279    2.8  343.3  344.5  343.4
  351.1   8622  -18.5  -40.2     13   0.33    280    2.7  343.4  344.8  343.5
  350.6   8633  -18.5  -37.1     18   0.45    282    2.6  343.5  345.4  343.6
  350.1   8644  -18.6  -35.5     21   0.53    283    2.6  343.6  345.7  343.7
  349.5   8657  -18.6  -36.6     19   0.48    284    2.6  343.7  345.6  343.8
  348.9   8670  -18.7  -39.9     14   0.34    284    2.5  343.8  345.2  343.8
  348.3   8683  -18.7  -43.3     10   0.24    283    2.6  343.9  344.9  344.0
  347.7   8696  -18.8  -44.7      8   0.21    281    2.6  344.0  344.9  344.1
  347.1   8707  -18.8  -45.6      8   0.19    279    2.6  344.1  344.9  344.1
  346.7   8717  -18.9  -42.8     10   0.25    276    2.6  344.2  345.2  344.2
  346.2   8727  -18.9  -36.9     19   0.47    273    2.7  344.3  346.2  344.4
  345.6   8739  -18.9  -34.9     23   0.57    270    2.7  344.4  346.7  344.6
  345.1   8752  -18.9  -36.7     19   0.48    266    2.8  344.5  346.5  344.6
  344.5   8764  -18.9  -42.7     10   0.26    263    2.8  344.8  345.9  344.8
  343.9   8777  -18.7  -50.9      4   0.10    260    2.9  345.2  345.6  345.2
  343.3   8790  -18.5  -54.4      3   0.07    257    2.9  345.6  345.9  345.6
  342.8   8801  -18.6  -52.9      3   0.08    254    3.0  345.6  346.0  345.7
  342.3   8813  -18.7  -52.5      3   0.09    252    3.0  345.7  346.1  345.7
  341.6   8826  -18.8  -52.7      3   0.08    250    3.0  345.8  346.1  345.8
  341.0   8839  -18.8  -53.7      3   0.08    248    3.0  345.8  346.2  345.8
  340.4   8853  -18.9  -55.9      2   0.06    247    3.1  346.0  346.2  346.0
  339.8   8865  -18.8  -57.7      2   0.05    246    3.1  346.2  346.4  346.2
  339.3   8878  -18.8  -57.1      2   0.05    245    3.1  346.3  346.5  346.3
  338.7   8890  -18.9  -56.2      2   0.06    244    3.1  346.4  346.7  346.4
  338.2   8902  -19.0  -55.6      2   0.06    244    3.1  346.5  346.8  346.5
  337.7   8913  -19.0  -55.1      3   0.06    245    3.2  346.5  346.8  346.5
  337.1   8925  -19.1  -54.7      3   0.07    245    3.2  346.6  346.9  346.6
  336.6   8938  -19.2  -55.1      3   0.06    246    3.2  346.6  346.9  346.6
  336.0   8951  -19.3  -55.6      2   0.06    248    3.2  346.6  346.9  346.6
  335.4   8963  -19.4  -55.3      3   0.06    249    3.1  346.6  346.9  346.7
  334.9   8975  -19.5  -55.0      3   0.07    251    3.1  346.7  347.0  346.7
  334.3   8987  -19.6  -54.9      3   0.07    254    3.1  346.7  347.0  346.7
  333.8   8998  -19.7  -55.1      3   0.07    257    3.1  346.7  347.0  346.7
  333.3   9009  -19.8  -55.3      3   0.06    260    3.1  346.7  347.0  346.7
  332.8   9022  -20.0  -54.9      3   0.07    263    3.0  346.7  347.0  346.7
  332.2   9035  -20.1  -54.0      3   0.07    266    3.0  346.7  347.1  346.7
  331.7   9047  -20.2  -52.8      4   0.09    269    3.0  346.7  347.1  346.8
  331.2   9058  -20.2  -52.2      4   0.09    271    2.9  346.8  347.2  346.8
  330.7   9069  -20.3  -52.2      4   0.09    274    2.9  346.8  347.2  346.8
  330.1   9080  -20.4  -52.4      4   0.09    276    2.8  346.9  347.3  346.9
  329.7   9091  -20.5  -52.5      4   0.09    278    2.7  346.9  347.3  346.9
  329.1   9103  -20.6  -52.7      4   0.09    279    2.7  346.9  347.3  346.9
  328.6   9115  -20.7  -52.5      4   0.09    279    2.6  347.0  347.4  347.0
  328.1   9127  -20.8  -51.9      4   0.10    279    2.5  347.0  347.4  347.0
  327.5   9139  -20.9  -51.8      4   0.10    278    2.4  347.0  347.5  347.0
  327.0   9152  -21.0  -51.9      4   0.10    277    2.4  347.0  347.4  347.0
  326.4   9164  -21.1  -51.7      5   0.10    275    2.3  347.0  347.5  347.0
  325.9   9175  -21.2  -51.3      5   0.10    272    2.3  347.0  347.5  347.1
  325.5   9185  -21.3  -51.2      5   0.11    269    2.3  347.0  347.5  347.1
  325.1   9195  -21.4  -51.3      5   0.10    266    2.3  347.0  347.5  347.0
  324.7   9204  -21.5  -51.4      5   0.10    263    2.3  347.0  347.5  347.0
  324.2   9214  -21.6  -51.3      5   0.10    260    2.4  347.0  347.5  347.1
  323.7   9225  -21.7  -51.3      5   0.10    258    2.5  347.1  347.5  347.1
  323.2   9236  -21.8  -51.4      5   0.10    256    2.6  347.1  347.5  347.1
  322.7   9247  -21.9  -51.4      5   0.10    254    2.7  347.1  347.6  347.1
  322.3   9258  -22.0  -51.5      5   0.10    252    2.8  347.1  347.6  347.1
  321.8   9269  -22.1  -51.6      5   0.10    251    2.9  347.1  347.6  347.2
  321.4   9279  -22.2  -51.7      5   0.10    250    3.0  347.1  347.6  347.2
  320.9   9290  -22.3  -51.9      5   0.10    250    3.0  347.1  347.6  347.2
  320.4   9302  -22.4  -51.9      5   0.10    249    3.0  347.2  347.6  347.2
  319.9   9313  -22.5  -52.0      5   0.10    249    3.1  347.2  347.6  347.2
  319.4   9323  -22.6  -52.1      5   0.10    249    3.1  347.2  347.6  347.2
  319.0   9333  -22.6  -52.1      5   0.10    249    3.1  347.2  347.6  347.2
  318.6   9343  -22.7  -52.2      5   0.10    249    3.0  347.2  347.6  347.2
  318.1   9353  -22.8  -52.2      5   0.10    249    3.0  347.3  347.7  347.3
  317.6   9364  -22.9  -52.1      5   0.10    250    3.0  347.3  347.8  347.4
  317.1   9376  -23.0  -51.6      5   0.10    252    2.9  347.4  347.8  347.4
  316.6   9388  -23.1  -51.2      6   0.11    254    2.8  347.4  347.9  347.4
  316.1   9400  -23.2  -50.8      6   0.11    256    2.8  347.4  347.9  347.4
  315.6   9412  -23.2  -50.6      6   0.12    259    2.7  347.4  348.0  347.5
  315.1   9424  -23.3  -51.1      6   0.11    262    2.7  347.5  347.9  347.5
  314.5   9436  -23.4  -51.5      6   0.11    266    2.6  347.5  348.0  347.6
  314.0   9448  -23.5  -51.3      6   0.11    269    2.6  347.6  348.1  347.6
  313.6   9459  -23.5  -51.6      6   0.10    273    2.5  347.7  348.1  347.7
  313.1   9470  -23.6  -52.2      5   0.10    277    2.5  347.8  348.2  347.8
  312.6   9482  -23.5  -52.6      5   0.09    281    2.5  348.0  348.4  348.0
  312.1   9494  -23.6  -52.8      5   0.09    284    2.5  348.1  348.5  348.1
  311.5   9507  -23.6  -53.1      5   0.09    287    2.4  348.2  348.6  348.2
  311.0   9520  -23.6  -53.6      5   0.08    289    2.4  348.3  348.7  348.4
  310.5   9531  -23.7  -53.6      5   0.08    291    2.4  348.4  348.8  348.4
  310.1   9541  -23.8  -53.6      5   0.08    292    2.3  348.5  348.8  348.5
  309.7   9550  -23.8  -53.5      5   0.08    293    2.3  348.5  348.9  348.5
  309.3   9560  -23.9  -53.5      5   0.08    293    2.3  348.5  348.9  348.5
  308.8   9570  -24.0  -53.6      5   0.08    293    2.2  348.5  348.9  348.6
  308.4   9580  -24.1  -53.5      5   0.09    292    2.2  348.6  348.9  348.6
  307.9   9592  -24.2  -53.5      5   0.09    290    2.2  348.6  349.0  348.6
  307.4   9603  -24.3  -53.6      5   0.08    289    2.2  348.6  349.0  348.6
  307.1   9612  -24.4  -53.7      5   0.08    287    2.1  348.6  348.9  348.6
  306.7   9620  -24.4  -53.7      5   0.08    285    2.1  348.6  349.0  348.6
  306.3   9630  -24.6  -53.7      5   0.08    284    2.1  348.6  349.0  348.6
  305.8   9641  -24.7  -53.8      5   0.08    282    2.1  348.6  349.0  348.6
  305.4   9651  -24.7  -53.6      5   0.08    281    2.1  348.6  349.0  348.6
  305.1   9660  -24.8  -53.6      5   0.08    280    2.1  348.6  349.0  348.6
  304.7   9669  -24.9  -53.5      5   0.09    279    2.1  348.6  349.0  348.6
  304.3   9678  -25.0  -53.6      5   0.09    279    2.1  348.6  349.0  348.6
  303.8   9690  -25.1  -53.6      5   0.08    279    2.0  348.6  349.0  348.6
  303.3   9702  -25.2  -53.6      5   0.09    278    1.9  348.6  349.0  348.7
  302.9   9711  -25.3  -53.8      5   0.08    278    1.9  348.7  349.0  348.7
  302.5   9720  -25.4  -53.8      5   0.08    278    1.8  348.7  349.1  348.7
  302.1   9730  -25.5  -53.8      5   0.08    278    1.7  348.7  349.1  348.7
  301.7   9740  -25.5  -53.9      5   0.08    277    1.6  348.7  349.1  348.7
  301.3   9750  -25.6  -54.2      5   0.08    276    1.5  348.7  349.1  348.7
  300.9   9759  -25.7  -54.3      5   0.08    275    1.4  348.7  349.1  348.7
  300.4   9770  -25.8  -54.4      5   0.08    273    1.3  348.7  349.1  348.7
  300.0   9781  -25.9  -54.6      5   0.08    273    1.3  348.7  349.1  348.8
  299.9   9782  -25.9  -54.6      5   0.08    272    1.3  348.8  349.1  348.8
  299.4   9795  -26.0  -54.7      5   0.08    270    1.2  348.8  349.1  348.8
  298.9   9808  -26.1  -54.7      5   0.08    268    1.2  348.8  349.1  348.8
  298.4   9820  -26.2  -54.7      5   0.08    266    1.2  348.8  349.2  348.8
  297.9   9832  -26.3  -54.7      5   0.08    264    1.1  348.8  349.2  348.8
  297.4   9843  -26.4  -54.7      5   0.08    262    1.1  348.9  349.2  348.9
  297.0   9855  -26.5  -54.7      5   0.08    260    1.1  348.8  349.2  348.9
  296.5   9866  -26.7  -54.6      5   0.08    258    1.1  348.9  349.2  348.9
  296.0   9878  -26.8  -54.6      5   0.08    255    1.2  348.9  349.2  348.9
  295.5   9890  -26.9  -54.6      5   0.08    252    1.2  348.9  349.2  348.9
  295.0   9903  -27.0  -54.7      5   0.08    248    1.2  348.9  349.2  348.9
  294.5   9915  -27.1  -54.9      5   0.08    243    1.2  348.9  349.2  348.9
  294.0   9926  -27.2  -55.0      5   0.07    239    1.3  349.0  349.3  349.0
  293.5   9938  -27.3  -55.2      5   0.07    234    1.4  349.0  349.3  349.0
  293.0   9952  -27.4  -55.2      5   0.07    230    1.5  349.0  349.4  349.0
  292.5   9964  -27.5  -55.2      5   0.07    226    1.6  349.0  349.4  349.0
  292.1   9974  -27.6  -55.2      5   0.07    223    1.7  349.0  349.4  349.0
  291.7   9982  -27.7  -55.2      5   0.07    220    1.8  349.0  349.4  349.1
  291.4   9990  -27.7  -55.1      5   0.07    218    1.9  349.1  349.4  349.1
  291.0  10000  -27.8  -54.9      6   0.08    217    2.0  349.1  349.4  349.1
  290.6  10010  -27.9  -54.7      6   0.08    216    2.0  349.1  349.4  349.1
  290.2  10021  -28.0  -54.5      6   0.08    216    2.1  349.1  349.4  349.1
  289.9  10029  -28.1  -54.3      6   0.08    216    2.2  349.1  349.5  349.1
  289.5  10037  -28.1  -54.1      6   0.08    217    2.2  349.1  349.5  349.2
  289.2  10045  -28.2  -53.9      7   0.09    218    2.2  349.1  349.5  349.1
  288.8  10054  -28.3  -54.1      7   0.08    218    2.3  349.2  349.5  349.2
  288.4  10065  -28.3  -54.4      6   0.08    219    2.3  349.2  349.6  349.2
  287.9  10076  -28.4  -54.4      6   0.08    220    2.3  349.3  349.6  349.3
  287.5  10087  -28.5  -54.2      7   0.08    221    2.3  349.3  349.7  349.3
  287.1  10098  -28.6  -53.8      7   0.09    221    2.4  349.3  349.7  349.3
  286.6  10110  -28.7  -53.4      7   0.09    222    2.4  349.4  349.8  349.4
  286.2  10120  -28.8  -53.4      7   0.09    222    2.4  349.4  349.8  349.4
  285.7  10132  -28.9  -53.3      8   0.09    222    2.4  349.4  349.8  349.4
  285.2  10144  -29.0  -52.7      8   0.10    221    2.4  349.4  349.9  349.5
  284.8  10155  -29.1  -52.6      8   0.10    221    2.4  349.4  349.9  349.5
  284.3  10166  -29.2  -52.7      8   0.10    221    2.4  349.4  349.9  349.5
  283.8  10179  -29.3  -52.8      8   0.10    220    2.4  349.4  349.9  349.5
  283.4  10190  -29.4  -52.7      9   0.10    220    2.4  349.4  349.9  349.5
  283.0  10200  -29.5  -52.6      9   0.10    220    2.3  349.4  349.9  349.4
  282.6  10211  -29.6  -52.4      9   0.11    220    2.3  349.4  349.9  349.4
  282.2  10221  -29.7  -52.3      9   0.11    220    2.3  349.4  349.9  349.5
  281.8  10231  -29.8  -52.1     10   0.11    220    2.3  349.4  349.9  349.5
  281.4  10240  -29.9  -52.0     10   0.11    220    2.2  349.5  349.9  349.5
  281.1  10249  -30.0  -51.9     10   0.11    220    2.2  349.4  349.9  349.5
  280.7  10259  -30.1  -51.8     10   0.11    221    2.2  349.4  349.9  349.5
  280.2  10270  -30.2  -51.7     10   0.12    221    2.2  349.5  350.0  349.5
  279.8  10282  -30.3  -51.8     10   0.11    221    2.2  349.4  350.0  349.5
  279.3  10293  -30.4  -51.9     10   0.11    221    2.2  349.5  350.0  349.5
  278.8  10305  -30.5  -51.7     11   0.12    220    2.2  349.5  350.0  349.5
  278.4  10316  -30.6  -51.0     12   0.13    220    2.1  349.4  350.0  349.5
  277.9  10329  -30.7  -49.5     14   0.15    219    2.1  349.5  350.1  349.5
  277.4  10342  -30.8  -48.3     16   0.17    217    2.0  349.6  350.3  349.6
  277.0  10353  -30.9  -48.4     16   0.17    215    1.9  349.6  350.3  349.6
  276.6  10362  -31.0  -48.9     16   0.16    213    1.8  349.6  350.3  349.7
  276.3  10370  -31.1  -49.5     15   0.15    210    1.7  349.6  350.3  349.6
  275.9  10380  -31.1  -50.4     13   0.14    206    1.5  349.7  350.3  349.7
  275.5  10392  -31.2  -51.0     12   0.13    202    1.4  349.7  350.3  349.7
  275.0  10405  -31.2  -51.1     12   0.13    197    1.3  349.8  350.4  349.8
  274.5  10416  -31.3  -51.0     13   0.13    191    1.2  349.9  350.5  349.9
  274.1  10427  -31.4  -51.8     12   0.12    186    1.1  350.0  350.5  350.0
  273.7  10438  -31.4  -53.1     10   0.10    180    1.0  350.0  350.5  350.1
  273.3  10448  -31.4  -53.9      9   0.09    174    0.9  350.2  350.6  350.2
  272.8  10460  -31.5  -53.8      9   0.09    170    0.9  350.2  350.6  350.2
  272.3  10472  -31.6  -53.9      9   0.09    166    0.9  350.3  350.7  350.3
  271.9  10484  -31.7  -54.0      9   0.09    164    0.9  350.3  350.7  350.3
  271.5  10494  -31.8  -53.9      9   0.09    164    0.9  350.3  350.7  350.3
  271.1  10504  -31.9  -53.9      9   0.09    164    0.9  350.3  350.7  350.3
  270.7  10514  -32.0  -53.9     10   0.09    165    1.0  350.3  350.7  350.3
  270.3  10526  -32.1  -53.9     10   0.09    166    1.0  350.3  350.7  350.3
  269.9  10536  -32.2  -53.9     10   0.09    167    1.0  350.3  350.7  350.3
  269.5  10546  -32.3  -54.0     10   0.09    167    1.0  350.3  350.7  350.3
  269.1  10557  -32.4  -53.9     10   0.09    167    1.0  350.3  350.7  350.3
  268.6  10570  -32.5  -53.9     10   0.09    165    1.0  350.3  350.7  350.3
  268.1  10583  -32.7  -54.0     10   0.09    162    0.9  350.3  350.7  350.3
  267.6  10595  -32.8  -54.0     10   0.09    156    0.8  350.3  350.7  350.3
  267.3  10605  -32.9  -54.1     10   0.09    147    0.8  350.3  350.7  350.3
  266.9  10614  -33.0  -54.1     10   0.09    134    0.7  350.3  350.7  350.3
  266.6  10624  -33.1  -54.0     10   0.09    119    0.7  350.3  350.7  350.3
  266.1  10637  -33.2  -54.0     11   0.09    103    0.8  350.3  350.7  350.3
  265.6  10649  -33.3  -54.0     11   0.09     92    1.0  350.3  350.7  350.3
  265.1  10661  -33.4  -54.0     11   0.09     83    1.2  350.3  350.7  350.4
  264.7  10673  -33.5  -54.0     11   0.09     78    1.4  350.3  350.7  350.3
  264.3  10684  -33.6  -54.0     11   0.09     75    1.6  350.3  350.8  350.4
  263.9  10694  -33.7  -53.8     11   0.10     73    1.9  350.4  350.8  350.4
  263.5  10706  -33.8  -53.2     12   0.10     72    2.1  350.4  350.8  350.4
  263.0  10719  -33.9  -51.7     15   0.12     71    2.3  350.4  351.0  350.5
  262.4  10733  -33.9  -50.6     17   0.14     71    2.5  350.6  351.2  350.6
  262.0  10746  -34.0  -51.0     16   0.13     71    2.6  350.6  351.2  350.7
  261.5  10759  -34.1  -51.4     16   0.13     72    2.8  350.7  351.2  350.7
  260.9  10773  -34.2  -51.5     16   0.13     72    2.9  350.7  351.3  350.7
  260.5  10786  -34.4  -51.8     15   0.12     73    3.0  350.7  351.2  350.7
  260.0  10797  -34.5  -52.7     14   0.11     73    3.1  350.7  351.2  350.8
  259.6  10809  -34.5  -53.5     13   0.10     73    3.2  350.8  351.3  350.8
  259.1  10822  -34.6  -53.4     13   0.10     74    3.3  350.9  351.3  350.9
  258.7  10834  -34.7  -52.9     14   0.11     74    3.4  350.9  351.4  350.9
  258.3  10845  -34.8  -52.5     15   0.11     74    3.5  350.9  351.4  351.0
  257.8  10857  -34.9  -52.0     16   0.12     75    3.6  350.9  351.5  351.0
  257.4  10868  -35.0  -51.4     17   0.13     75    3.6  351.0  351.5  351.0
  257.0  10879  -35.1  -51.5     17   0.13     75    3.7  350.9  351.5  351.0
  256.6  10889  -35.2  -51.7     17   0.13     75    3.8  351.0  351.5  351.0
  256.3  10899  -35.3  -51.6     17   0.13     75    3.8  350.9  351.5  351.0
  255.8  10911  -35.4  -51.1     18   0.14     75    3.9  351.0  351.6  351.0
  255.4  10924  -35.5  -50.9     19   0.14     75    3.9  351.0  351.6  351.0
  255.0  10934  -35.6  -50.9     19   0.14     75    4.0  350.9  351.6  351.0
  254.6  10944  -35.7  -50.6     20   0.15     74    4.0  351.0  351.6  351.0
  254.2  10955  -35.8  -50.7     20   0.14     73    4.0  351.0  351.6  351.0
  253.9  10964  -35.9  -50.7     20   0.14     73    4.1  351.0  351.6  351.0
  253.6  10973  -36.0  -48.9     25   0.18     72    4.1  351.0  351.7  351.0
  253.2  10982  -36.1  -44.8     40   0.28     70    4.0  351.0  352.2  351.1
  252.8  10994  -36.1  -42.1     54   0.37     69    4.0  351.2  352.7  351.2
  252.4  11006  -36.1  -43.1     48   0.34     68    4.0  351.3  352.7  351.4
  251.9  11018  -36.2  -44.8     41   0.28     66    3.9  351.4  352.6  351.4
  251.5  11030  -36.3  -45.8     37   0.25     65    3.9  351.4  352.4  351.4
  251.0  11043  -36.4  -47.8     30   0.20     63    3.9  351.5  352.3  351.5
  250.5  11056  -36.4  -47.0     32   0.22     62    3.8  351.7  352.6  351.7
  250.1  11069  -36.4  -43.6     47   0.32     61    3.8  351.8  353.2  351.9
  250.0  11071  -36.4  -43.4     48   0.33     60    3.8  351.9  353.2  351.9
  249.6  11082  -36.4  -42.6     53   0.36     60    3.8  351.9  353.4  352.0
  249.2  11095  -36.6  -42.5     54   0.36     59    3.8  351.9  353.4  352.0
  248.7  11107  -36.7  -42.7     53   0.36     58    3.8  351.9  353.4  352.0
  248.2  11122  -36.8  -42.9     53   0.35     58    3.8  352.0  353.5  352.1
  247.6  11138  -36.9  -43.1     53   0.34     58    3.9  352.0  353.4  352.1
  247.0  11155  -37.1  -43.2     53   0.34     58    3.9  352.0  353.4  352.1
  246.5  11168  -37.2  -43.4     52   0.33     58    3.9  352.0  353.4  352.1
  246.2  11178  -37.3  -43.5     52   0.33     59    4.0  352.0  353.4  352.1
  245.9  11186  -37.4  -43.5     53   0.33     59    4.0  352.0  353.4  352.1
  245.6  11195  -37.5  -43.3     55   0.34     60    4.0  352.0  353.4  352.0
  245.3  11203  -37.6  -43.0     57   0.35     61    4.0  351.9  353.4  352.0
  245.0  11212  -37.7  -42.9     58   0.36     62    4.0  351.9  353.4  351.9
  244.7  11220  -37.8  -42.9     59   0.35     63    3.9  351.8  353.3  351.9
  244.4  11229  -37.9  -42.7     61   0.36     64    3.9  351.8  353.4  351.9
  243.9  11242  -38.0  -42.4     63   0.37     65    3.8  351.9  353.5  352.0
  243.4  11257  -38.1  -42.5     63   0.37     66    3.7  352.0  353.5  352.1
  243.1  11266  -38.2  -42.7     63   0.37     67    3.6  352.0  353.5  352.1
  242.8  11274  -38.3  -42.5     64   0.37     69    3.5  352.0  353.5  352.1
  242.4  11284  -38.4  -42.4     66   0.38     70    3.4  352.0  353.6  352.1
  242.0  11294  -38.4  -42.4     66   0.38     72    3.3  352.0  353.6  352.1
  241.7  11305  -38.5  -42.5     66   0.38     73    3.2  352.0  353.6  352.1
  241.3  11316  -38.6  -42.6     66   0.37     74    3.2  352.1  353.6  352.2
  240.8  11329  -38.7  -42.6     66   0.37     75    3.2  352.2  353.7  352.2
  240.4  11340  -38.8  -42.7     66   0.37     76    3.2  352.2  353.7  352.2
  240.0  11351  -38.9  -42.8     67   0.37     77    3.2  352.2  353.7  352.3
  239.7  11362  -39.0  -42.8     67   0.37     77    3.3  352.2  353.7  352.2
  239.3  11373  -39.1  -42.8     68   0.37     78    3.4  352.2  353.7  352.3
  238.9  11385  -39.2  -42.6     70   0.38     78    3.5  352.2  353.8  352.3
  238.5  11395  -39.2  -42.5     71   0.38     78    3.6  352.3  353.9  352.4
  238.2  11404  -39.3  -42.5     72   0.38     79    3.7  352.3  353.9  352.4
  237.8  11415  -39.4  -42.4     73   0.38     79    3.8  352.3  353.9  352.4
  237.5  11425  -39.5  -42.4     74   0.38     80    3.9  352.3  353.9  352.4
  237.1  11435  -39.6  -42.5     74   0.38     80    3.9  352.3  353.9  352.4
  236.8  11445  -39.7  -42.6     74   0.38     81    4.0  352.3  353.9  352.4
  236.5  11454  -39.8  -42.6     74   0.38     82    4.0  352.3  353.9  352.4
  236.1  11464  -39.9  -42.7     75   0.38     83    4.0  352.3  353.9  352.4
  235.8  11474  -40.0  -42.7     75   0.38     84    3.9  352.3  353.9  352.4
  235.4  11484  -40.1  -42.6     76   0.38     86    3.9  352.3  353.9  352.4
  235.1  11494  -40.2  -42.8     76   0.37     88    3.8  352.3  353.9  352.4
  234.8  11504  -40.2  -42.9     75   0.37     90    3.6  352.3  353.9  352.4
  234.4  11515  -40.3  -43.0     76   0.37     92    3.5  352.4  353.9  352.4
  234.0  11526  -40.4  -43.0     76   0.37     94    3.4  352.4  354.0  352.5
  233.6  11539  -40.5  -43.1     76   0.37     97    3.3  352.5  354.0  352.5
  233.2  11549  -40.5  -43.3     75   0.36     99    3.2  352.6  354.1  352.7
  232.8  11559  -40.6  -43.4     74   0.35    102    3.1  352.7  354.2  352.8
  232.4  11571  -40.7  -43.5     74   0.35    104    3.0  352.8  354.2  352.8
  232.0  11583  -40.7  -43.8     72   0.34    106    2.9  352.8  354.3  352.9
  231.7  11593  -40.8  -44.0     71   0.33    108    2.8  352.8  354.2  352.9
  231.4  11603  -40.9  -44.1     71   0.33    109    2.7  352.8  354.2  352.9
  231.1  11612  -41.0  -44.2     71   0.33    110    2.6  352.8  354.2  352.9
  230.7  11622  -41.1  -44.1     72   0.33    111    2.5  352.9  354.3  352.9
  230.4  11632  -41.2  -44.0     74   0.33    111    2.4  352.9  354.3  352.9
  230.0  11643  -41.3  -44.1     74   0.33    111    2.3  352.9  354.3  353.0
  229.6  11654  -41.4  -44.2     74   0.33    111    2.2  352.9  354.3  353.0
  229.2  11666  -41.5  -44.3     74   0.32    111    2.1  352.9  354.3  353.0
  228.8  11679  -41.6  -44.5     74   0.32    111    2.0  352.9  354.2  353.0
  228.3  11692  -41.7  -44.7     73   0.31    111    1.9  352.9  354.2  353.0
  227.9  11705  -41.9  -44.9     72   0.31    110    1.8  352.9  354.2  353.0
  227.5  11717  -42.0  -45.1     71   0.30    110    1.7  352.9  354.2  353.0
  227.1  11728  -42.1  -45.3     71   0.30    109    1.6  353.0  354.2  353.0
  226.7  11740  -42.2  -45.2     72   0.30    109    1.6  353.0  354.2  353.0
  226.3  11752  -42.3  -45.1     74   0.30    109    1.5  353.0  354.2  353.0
  225.9  11764  -42.4  -45.1     75   0.30    109    1.5  353.0  354.3  353.0
  225.6  11775  -42.5  -45.4     73   0.30    109    1.5  353.0  354.2  353.0
  225.2  11786  -42.6  -45.7     72   0.29    109    1.4  353.0  354.2  353.0
  224.8  11796  -42.7  -45.8     71   0.28    109    1.4  353.0  354.2  353.1
  224.4  11808  -42.8  -45.8     72   0.28    109    1.4  353.0  354.2  353.1
  224.0  11821  -42.9  -45.9     73   0.28    109    1.4  353.0  354.2  353.1
  223.6  11833  -43.1  -45.9     73   0.28    108    1.5  353.0  354.2  353.1
  223.2  11846  -43.2  -45.9     74   0.28    106    1.5  353.0  354.2  353.0
  222.8  11859  -43.3  -46.0     74   0.28    104    1.6  353.0  354.1  353.0
  222.3  11872  -43.4  -46.3     73   0.27    101    1.6  353.0  354.2  353.1
  221.9  11884  -43.5  -46.6     71   0.26     98    1.7  353.0  354.1  353.1
  221.5  11896  -43.6  -47.2     68   0.25     95    1.8  353.0  354.1  353.1
  221.2  11908  -43.7  -48.0     63   0.23     91    1.9  353.0  354.0  353.1
  220.8  11920  -43.8  -48.6     59   0.21     88    2.0  353.1  354.0  353.1
  220.4  11931  -43.9  -48.7     59   0.21     85    2.1  353.1  354.0  353.1
  220.0  11942  -44.0  -48.8     59   0.21     82    2.2  353.1  354.0  353.2
  219.6  11954  -44.1  -49.1     57   0.20     79    2.3  353.2  354.0  353.2
  219.3  11965  -44.2  -49.3     57   0.19     77    2.3  353.2  354.0  353.2
  218.9  11975  -44.3  -49.4     57   0.19     75    2.4  353.2  354.1  353.3
  218.6  11987  -44.4  -49.4     57   0.19     74    2.4  353.2  354.0  353.2
  218.2  11998  -44.5  -49.4     58   0.19     72    2.4  353.2  354.1  353.3
  217.8  12010  -44.6  -49.4     58   0.19     70    2.4  353.2  354.1  353.3
  217.5  12020  -44.7  -49.6     58   0.19     69    2.4  353.2  354.0  353.2
  217.2  12030  -44.8  -49.7     58   0.19     67    2.5  353.2  354.0  353.3
  216.8  12041  -44.9  -49.7     58   0.19     66    2.5  353.2  354.1  353.3
  216.4  12053  -45.0  -49.9     58   0.19     65    2.5  353.2  354.0  353.3
  216.0  12067  -45.2  -50.2     57   0.18     63    2.5  353.2  354.0  353.3
  215.5  12080  -45.3  -50.6     55   0.17     62    2.6  353.3  354.1  353.4
  215.1  12095  -45.4  -50.7     55   0.17     62    2.6  353.3  354.1  353.4
  214.5  12112  -45.5  -50.7     56   0.17     62    2.7  353.4  354.1  353.4
  213.9  12130  -45.7  -50.6     58   0.17     62    2.8  353.4  354.2  353.5
  213.5  12144  -45.7  -50.4     59   0.18     63    2.8  353.6  354.3  353.6
  213.1  12155  -45.8  -50.6     58   0.17     65    2.9  353.5  354.3  353.6
  212.8  12165  -45.9  -50.7     58   0.17     67    3.0  353.5  354.3  353.6
  212.4  12177  -46.1  -50.5     60   0.18     70    3.0  353.5  354.3  353.6
  211.9  12192  -46.2  -50.3     63   0.18     73    3.0  353.6  354.3  353.6
  211.5  12205  -46.3  -50.3     64   0.18     76    3.0  353.5  354.3  353.6
  211.2  12215  -46.4  -50.3     65   0.18     80    3.0  353.5  354.3  353.6
  210.9  12224  -46.4  -50.2     65   0.18     84    3.0  353.7  354.5  353.7
  210.6  12235  -46.6  -50.3     65   0.18     88    3.0  353.6  354.4  353.6
  210.2  12246  -46.7  -50.3     66   0.18     92    3.0  353.6  354.4  353.6
  209.9  12255  -46.7  -50.1     68   0.19     96    3.0  353.8  354.6  353.8
  209.6  12264  -46.7  -49.9     70   0.19     99    3.0  353.8  354.7  353.9
  209.3  12274  -46.8  -49.8     72   0.19    102    3.0  353.8  354.7  353.9
  209.0  12284  -46.9  -49.6     73   0.20    104    3.0  353.8  354.7  353.9
  208.8  12293  -47.0  -49.6     75   0.20    106    3.0  353.8  354.7  353.9
  208.5  12301  -47.0  -49.6     75   0.20    107    3.0  353.9  354.8  353.9
  208.2  12310  -47.1  -49.6     75   0.20    107    3.0  353.9  354.8  354.0
  207.9  12319  -47.2  -49.7     75   0.20    107    3.0  353.9  354.8  354.0
  207.6  12329  -47.3  -49.7     76   0.20    107    3.0  354.0  354.8  354.0
  207.3  12340  -47.4  -49.7     77   0.20    106    2.9  354.0  354.8  354.0
  206.9  12351  -47.5  -49.8     77   0.20    106    2.9  354.0  354.9  354.0
  206.6  12362  -47.6  -50.0     75   0.19    105    2.9  354.0  354.8  354.0
  206.3  12372  -47.6  -50.4     73   0.18    104    2.9  354.0  354.8  354.1
  205.9  12382  -47.7  -50.6     72   0.18    103    2.9  354.1  354.9  354.2
  205.6  12392  -47.8  -50.7     72   0.18    102    2.9  354.1  354.9  354.1
  205.3  12402  -47.9  -50.7     73   0.18    102    2.8  354.1  354.9  354.2
  205.0  12412  -48.0  -50.7     73   0.18    101    2.8  354.2  354.9  354.2
  204.7  12422  -48.0  -50.8     73   0.18    101    2.8  354.2  354.9  354.2
  204.4  12430  -48.1  -50.9     73   0.17    101    2.8  354.2  355.0  354.2
  204.2  12440  -48.2  -51.0     73   0.17    101    2.7  354.2  354.9  354.2
  203.9  12449  -48.3  -51.1     73   0.17    101    2.7  354.2  354.9  354.2
  203.6  12458  -48.4  -51.0     74   0.17    102    2.7  354.2  354.9  354.2
  203.3  12469  -48.5  -50.9     76   0.18    103    2.7  354.2  354.9  354.2
  202.9  12480  -48.6  -50.9     77   0.18    105    2.7  354.2  355.0  354.2
  202.6  12490  -48.7  -51.0     77   0.17    106    2.7  354.2  354.9  354.2
  202.3  12501  -48.8  -51.1     77   0.17    108    2.7  354.2  355.0  354.2
  201.9  12511  -48.9  -51.2     77   0.17    109    2.6  354.3  355.0  354.3
  201.6  12522  -49.0  -51.3     76   0.17    111    2.6  354.3  355.0  354.3
  201.3  12533  -49.1  -51.4     76   0.17    112    2.6  354.3  355.0  354.3
  200.9  12544  -49.2  -51.5     76   0.17    113    2.6  354.3  355.0  354.3
  200.6  12556  -49.3  -51.6     77   0.16    114    2.6  354.3  355.0  354.3
  200.2  12568  -49.4  -51.7     77   0.16    115    2.5  354.3  355.0  354.3
  200.0  12575  -49.4  -51.7     77   0.16    115    2.5  354.3  355.0  354.3
  199.9  12577  -49.5  -51.8     77   0.16    115    2.5  354.3  355.0  354.3
  199.6  12586  -49.6  -51.9     77   0.16    115    2.4  354.3  355.0  354.4
  199.3  12596  -49.7  -51.9     77   0.16    114    2.4  354.3  355.0  354.4
  199.0  12606  -49.7  -52.0     77   0.16    113    2.3  354.3  355.0  354.4
  198.7  12617  -49.8  -51.9     79   0.16    111    2.3  354.3  355.0  354.4
  198.4  12626  -49.9  -51.8     80   0.16    110    2.3  354.4  355.1  354.4
  198.1  12637  -50.0  -51.8     82   0.16    108    2.3  354.3  355.0  354.4
  197.8  12647  -50.1  -51.8     83   0.16    107    2.3  354.3  355.0  354.4
  197.5  12658  -50.2  -51.8     83   0.16    106    2.3  354.3  355.0  354.4
  197.1  12669  -50.3  -51.9     83   0.16    105    2.3  354.4  355.1  354.4
  196.8  12680  -50.4  -52.1     82   0.16    105    2.3  354.4  355.1  354.4
  196.5  12690  -50.5  -52.4     81   0.15    104    2.3  354.4  355.1  354.4
  196.2  12700  -50.6  -52.6     79   0.15    105    2.3  354.4  355.1  354.5
  195.9  12711  -50.6  -52.6     79   0.15    105    2.4  354.5  355.1  354.5
  195.6  12720  -50.7  -52.7     80   0.15    106    2.4  354.5  355.2  354.6
  195.3  12730  -50.8  -52.7     80   0.15    107    2.4  354.5  355.2  354.6
  195.0  12741  -50.9  -52.7     81   0.15    108    2.3  354.5  355.2  354.6
  194.6  12753  -51.0  -52.6     83   0.15    109    2.3  354.6  355.2  354.6
  194.2  12766  -51.1  -52.5     85   0.15    110    2.2  354.6  355.3  354.6
  193.9  12778  -51.3  -52.5     87   0.15    111    2.2  354.6  355.2  354.6
  193.5  12791  -51.4  -52.5     88   0.15    112    2.1  354.6  355.3  354.6
  193.1  12804  -51.5  -52.7     87   0.15    112    2.0  354.6  355.3  354.7
  192.8  12815  -51.5  -53.0     84   0.14    112    1.8  354.7  355.3  354.7
  192.4  12826  -51.6  -53.4     81   0.14    112    1.7  354.8  355.4  354.8
  192.1  12837  -51.7  -53.7     79   0.13    112    1.5  354.7  355.3  354.8
  191.7  12849  -51.8  -53.9     79   0.13    112    1.4  354.8  355.4  354.8
  191.4  12861  -51.9  -53.8     80   0.13    112    1.2  354.8  355.4  354.8
  191.0  12873  -52.0  -53.7     83   0.13    112    1.1  354.8  355.4  354.8
  190.7  12885  -52.2  -53.5     86   0.14    113    1.0  354.8  355.4  354.8
  190.4  12895  -52.3  -53.4     88   0.14    115    0.8  354.8  355.4  354.8
  190.1  12905  -52.3  -53.4     88   0.14    119    0.7  354.8  355.5  354.9
  189.8  12916  -52.4  -53.5     88   0.14    126    0.7  354.9  355.5  354.9
  189.4  12927  -52.5  -53.7     87   0.14    134    0.6  354.9  355.5  355.0
  189.1  12939  -52.6  -53.9     86   0.13    144    0.6  354.9  355.5  355.0
  188.8  12950  -52.7  -54.2     84   0.13    152    0.7  354.9  355.5  355.0
  188.5  12961  -52.8  -54.5     82   0.12    159    0.7  355.0  355.5  355.0
  188.2  12971  -52.8  -54.9     78   0.12    164    0.8  355.0  355.6  355.1
  187.9  12982  -52.9  -55.4     75   0.11    167    0.9  355.1  355.6  355.1
  187.5  12992  -53.0  -55.7     72   0.11    168    1.0  355.2  355.7  355.2
  187.2  13003  -53.0  -56.0     70   0.10    169    1.1  355.3  355.7  355.3
  186.9  13014  -53.1  -56.3     68   0.10    170    1.1  355.3  355.8  355.4
  186.6  13024  -53.2  -56.4     67   0.10    170    1.2  355.4  355.8  355.4
  186.4  13033  -53.2  -56.5     67   0.10    170    1.2  355.4  355.8  355.4
  186.1  13042  -53.3  -56.5     68   0.10    169    1.3  355.4  355.8  355.4
  185.8  13052  -53.4  -56.6     68   0.10    169    1.3  355.4  355.8  355.4
  185.5  13063  -53.5  -56.7     68   0.10    169    1.3  355.4  355.8  355.4
  185.2  13074  -53.6  -56.9     67   0.09    169    1.3  355.5  355.9  355.5
  184.9  13085  -53.7  -57.0     66   0.09    169    1.3  355.5  355.9  355.5
  184.6  13095  -53.8  -57.3     65   0.09    169    1.3  355.5  355.9  355.5
  184.3  13104  -53.8  -57.5     64   0.09    170    1.3  355.6  356.0  355.6
  184.1  13113  -53.9  -57.6     63   0.09    170    1.3  355.5  355.9  355.6
  183.8  13122  -54.0  -57.8     63   0.08    171    1.3  355.6  356.0  355.6
  183.5  13132  -54.1  -58.0     62   0.08    172    1.3  355.6  356.0  355.6
  183.2  13141  -54.1  -58.2     61   0.08    172    1.4  355.7  356.0  355.7
  183.0  13151  -54.2  -58.5     59   0.08    173    1.4  355.6  356.0  355.7
  182.7  13160  -54.3  -58.9     57   0.07    174    1.5  355.7  356.1  355.7
  182.4  13170  -54.3  -59.2     55   0.07    175    1.6  355.8  356.1  355.8
  182.2  13178  -54.4  -59.4     54   0.07    176    1.8  355.8  356.1  355.8
  181.9  13187  -54.5  -59.4     54   0.07    176    1.9  355.9  356.2  355.9
  181.7  13197  -54.5  -59.4     55   0.07    177    2.1  355.9  356.2  355.9
  181.4  13207  -54.6  -59.4     55   0.07    177    2.2  355.9  356.2  355.9
  181.0  13221  -54.7  -59.7     54   0.07    177    2.4  355.9  356.2  355.9
  180.6  13234  -54.9  -60.2     51   0.06    177    2.6  355.9  356.2  355.9
  180.3  13245  -55.0  -60.8     48   0.06    176    2.7  355.9  356.2  355.9
  180.0  13256  -55.0  -61.6     44   0.05    175    2.9  356.0  356.3  356.0
  179.7  13266  -55.0  -63.1     36   0.04    174    3.0  356.2  356.4  356.2
  179.4  13277  -55.0  -64.8     29   0.03    172    3.2  356.3  356.5  356.3
  179.1  13288  -55.1  -66.6     23   0.03    170    3.3  356.4  356.6  356.4
  178.8  13299  -55.2  -67.9     19   0.02    167    3.5  356.5  356.6  356.5
  178.5  13309  -55.2  -68.7     17   0.02    164    3.6  356.6  356.7  356.6
  178.2  13319  -55.3  -68.9     17   0.02    160    3.7  356.7  356.8  356.7
  178.0  13329  -55.3  -68.8     17   0.02    156    3.9  356.8  356.9  356.8
  177.6  13341  -55.3  -68.7     17   0.02    153    4.0  356.9  357.0  357.0
  177.2  13357  -55.4  -69.3     16   0.02    149    4.2  357.1  357.2  357.1
  176.7  13372  -55.5  -69.8     15   0.02    146    4.3  357.1  357.2  357.1
  176.4  13384  -55.6  -70.1     15   0.02    143    4.5  357.1  357.2  357.1
  176.2  13392  -55.6  -70.5     14   0.02    141    4.6  357.2  357.3  357.2
  176.0  13401  -55.7  -70.8     14   0.02    139    4.8  357.2  357.3  357.2
  175.7  13411  -55.8  -70.8     13   0.02    138    4.9  357.3  357.4  357.3
  175.4  13421  -55.8  -71.0     13   0.02    137    4.9  357.3  357.4  357.3
  175.1  13432  -55.9  -71.1     13   0.01    137    5.0  357.5  357.5  357.5
  174.8  13442  -55.9  -71.2     13   0.01    136    5.0  357.6  357.7  357.6
  174.5  13453  -56.0  -71.2     13   0.01    136    5.0  357.6  357.7  357.6
  174.2  13463  -56.1  -71.2     13   0.01    136    5.0  357.7  357.7  357.7
  173.9  13474  -56.2  -70.9     14   0.02    136    5.0  357.7  357.8  357.7
  173.6  13486  -56.3  -70.7     15   0.02    136    5.0  357.7  357.8  357.7
  173.3  13499  -56.4  -70.5     15   0.02    135    5.0  357.7  357.7  357.7
  173.0  13510  -56.5  -70.4     16   0.02    135    5.1  357.7  357.7  357.7
  172.7  13520  -56.6  -70.3     16   0.02    134    5.1  357.7  357.8  357.7
  172.4  13529  -56.7  -70.2     16   0.02    133    5.2  357.7  357.8  357.7
  172.2  13538  -56.7  -70.2     17   0.02    132    5.3  357.7  357.8  357.7
  172.0  13546  -56.8  -70.2     17   0.02    130    5.4  357.7  357.8  357.7
  171.7  13555  -56.9  -70.2     17   0.02    129    5.6  357.7  357.8  357.7
  171.5  13564  -57.0  -70.2     17   0.02    128    5.7  357.7  357.8  357.7
  171.2  13575  -57.1  -70.1     18   0.02    127    5.9  357.7  357.8  357.7
  170.9  13585  -57.2  -70.1     18   0.02    126    6.0  357.7  357.8  357.7
  170.7  13593  -57.3  -70.1     18   0.02    125    6.2  357.7  357.8  357.7
  170.5  13601  -57.3  -70.0     18   0.02    125    6.3  357.7  357.8  357.7
  170.2  13610  -57.4  -70.0     19   0.02    124    6.4  357.8  357.9  357.8
  170.0  13618  -57.5  -69.9     19   0.02    124    6.4  357.8  357.9  357.8
  169.8  13627  -57.6  -69.9     19   0.02    124    6.5  357.8  357.9  357.8
  169.5  13636  -57.6  -69.9     20   0.02    124    6.5  357.8  357.9  357.8
  169.3  13645  -57.7  -69.9     20   0.02    124    6.5  357.8  357.9  357.8
  169.0  13655  -57.8  -69.9     20   0.02    125    6.6  357.9  358.0  357.9
  168.8  13663  -57.9  -69.9     20   0.02    125    6.5  357.9  358.0  357.9
  168.6  13671  -57.9  -69.8     20   0.02    125    6.5  357.9  358.0  357.9
  168.4  13679  -58.0  -69.9     21   0.02    125    6.5  357.9  358.0  357.9
  168.2  13687  -58.1  -69.9     21   0.02    126    6.5  357.8  357.9  357.8
  167.9  13696  -58.2  -69.9     21   0.02    126    6.5  357.9  358.0  357.9
  167.7  13704  -58.3  -69.9     21   0.02    126    6.5  357.9  358.0  357.9
  167.5  13713  -58.4  -69.9     21   0.02    126    6.5  357.9  358.0  357.9
  167.3  13722  -58.4  -70.0     21   0.02    126    6.6  357.9  358.0  357.9
  167.0  13730  -58.5  -70.0     21   0.02    126    6.6  357.9  358.0  357.9
  166.8  13739  -58.6  -70.0     22   0.02    126    6.6  357.9  358.0  357.9
  166.6  13748  -58.7  -70.0     22   0.02    127    6.7  357.9  358.0  357.9
  166.3  13757  -58.8  -70.1     22   0.02    127    6.8  357.9  358.0  357.9
  166.1  13766  -58.8  -70.1     22   0.02    127    6.8  357.9  358.0  357.9
  165.8  13775  -58.9  -70.1     22   0.02    127    6.9  357.9  358.0  357.9
  165.6  13783  -59.0  -70.3     22   0.02    128    7.0  357.9  358.0  357.9
  165.4  13792  -59.1  -70.5     22   0.02    128    7.1  357.9  358.0  357.9
  165.2  13801  -59.2  -70.7     21   0.02    129    7.1  357.9  358.0  357.9
  164.9  13809  -59.3  -71.0     20   0.02    129    7.2  358.0  358.0  358.0
  164.7  13818  -59.3  -71.3     20   0.02    130    7.3  358.0  358.1  358.0
  164.5  13826  -59.3  -71.7     18   0.01    130    7.4  358.1  358.2  358.1
  164.3  13834  -59.4  -72.2     17   0.01    131    7.4  358.1  358.2  358.1
  164.1  13843  -59.4  -72.6     16   0.01    131    7.5  358.1  358.2  358.1
  163.8  13851  -59.5  -73.0     16   0.01    132    7.5  358.2  358.3  358.2
  163.6  13860  -59.6  -73.4     15   0.01    132    7.5  358.3  358.3  358.3
  163.4  13869  -59.6  -73.8     14   0.01    133    7.5  358.3  358.3  358.3
  163.1  13878  -59.7  -74.0     14   0.01    133    7.5  358.3  358.4  358.3
  162.9  13887  -59.8  -74.1     14   0.01    134    7.5  358.3  358.4  358.3
  162.7  13895  -59.9  -74.2     14   0.01    134    7.5  358.3  358.4  358.3
  162.5  13903  -59.9  -74.3     14   0.01    134    7.5  358.3  358.4  358.3
  162.3  13911  -60.0  -74.3     14   0.01    135    7.4  358.3  358.4  358.3
  162.0  13920  -60.1  -74.4     14   0.01    135    7.4  358.4  358.4  358.4
  161.8  13928  -60.2  -74.4     14   0.01    135    7.4  358.4  358.4  358.4
  161.6  13937  -60.2  -74.5     14   0.01    136    7.3  358.4  358.4  358.4
  161.4  13945  -60.3  -74.5     14   0.01    136    7.3  358.4  358.4  358.4
  161.2  13953  -60.4  -74.5     14   0.01    137    7.3  358.4  358.5  358.4
  161.0  13961  -60.5  -74.7     14   0.01    138    7.3  358.4  358.4  358.4
  160.8  13969  -60.5  -74.9     14   0.01    138    7.4  358.4  358.4  358.4
  160.6  13977  -60.6  -75.2     13   0.01    139    7.4  358.4  358.4  358.4
  160.3  13986  -60.7  -75.5     13   0.01    140    7.4  358.5  358.5  358.5
  160.1  13995  -60.8  -75.9     12   0.01    140    7.5  358.5  358.5  358.5
  159.9  14004  -60.8  -76.4     11   0.01    141    7.6  358.5  358.5  358.5
  159.6  14014  -60.9  -77.0     10   0.01    142    7.7  358.5  358.6  358.5
  159.4  14023  -61.0  -77.5     10   0.01    142    7.7  358.6  358.6  358.6
  159.2  14031  -61.0  -77.8      9   0.01    143    7.8  358.7  358.7  358.7
  159.0  14039  -61.0  -78.1      9   0.01    143    7.9  358.7  358.7  358.7
  158.7  14048  -61.1  -78.1      9   0.01    144    8.0  358.8  358.8  358.8
  158.5  14058  -61.2  -78.1      9   0.01    144    8.1  358.8  358.8  358.8
  158.2  14067  -61.2  -77.9      9   0.01    145    8.1  358.9  358.9  358.9
  158.0  14077  -61.3  -77.7     10   0.01    146    8.2  358.9  359.0  358.9
  157.7  14087  -61.4  -77.5     10   0.01    146    8.3  359.0  359.0  359.0
  157.5  14096  -61.5  -77.3     11   0.01    147    8.3  358.9  359.0  358.9
  157.3  14106  -61.6  -77.1     11   0.01    148    8.4  358.9  358.9  358.9
  157.0  14115  -61.7  -76.9     11   0.01    148    8.4  358.9  359.0  359.0
  156.8  14124  -61.7  -76.7     12   0.01    149    8.5  358.9  359.0  358.9
  156.6  14133  -61.8  -76.5     13   0.01    149    8.6  358.9  358.9  358.9
  156.3  14142  -61.9  -76.3     13   0.01    150    8.7  358.9  359.0  359.0
  156.1  14151  -62.0  -76.3     13   0.01    150    8.8  358.9  359.0  358.9
  155.9  14160  -62.1  -76.5     13   0.01    151    8.8  359.0  359.0  359.0
  155.7  14169  -62.2  -76.7     13   0.01    151    8.9  359.0  359.0  359.0
  155.4  14178  -62.2  -77.0     12   0.01    151    9.0  359.0  359.1  359.0
  155.2  14187  -62.3  -77.3     12   0.01    151    9.1  359.1  359.1  359.1
  155.0  14196  -62.3  -77.5     11   0.01    152    9.1  359.2  359.2  359.2
  154.7  14207  -62.4  -77.8     11   0.01    152    9.2  359.3  359.3  359.3
  154.5  14217  -62.4  -77.9     11   0.01    152    9.2  359.3  359.3  359.3
  154.2  14226  -62.5  -77.8     11   0.01    152    9.3  359.3  359.4  359.3
  154.0  14236  -62.6  -77.6     12   0.01    152    9.3  359.3  359.3  359.3
  153.7  14247  -62.7  -77.4     12   0.01    153    9.3  359.4  359.4  359.4
  153.4  14259  -62.8  -77.0     13   0.01    153    9.3  359.4  359.4  359.4
  153.1  14271  -62.9  -76.5     14   0.01    153    9.3  359.4  359.4  359.4
  152.9  14281  -63.0  -75.9     16   0.01    153    9.3  359.3  359.4  359.3
  152.6  14291  -63.1  -75.2     18   0.01    153    9.3  359.4  359.4  359.4
  152.4  14302  -63.2  -74.8     20   0.01    154    9.3  359.3  359.4  359.3
  152.1  14312  -63.3  -74.4     21   0.01    154    9.3  359.4  359.4  359.4
  151.8  14322  -63.4  -74.2     22   0.01    154    9.3  359.4  359.5  359.4
  151.6  14333  -63.5  -74.1     23   0.01    154    9.3  359.4  359.4  359.4
  151.3  14344  -63.6  -74.1     23   0.01    155    9.4  359.4  359.4  359.4
  151.0  14356  -63.7  -74.1     23   0.01    155    9.4  359.4  359.5  359.4
  150.7  14367  -63.8  -74.1     23   0.01    155    9.5  359.4  359.5  359.4
  150.5  14378  -63.9  -74.2     23   0.01    155    9.6  359.4  359.5  359.4
  150.2  14387  -64.0  -74.3     23   0.01    156    9.7  359.5  359.6  359.5
  150.0  14397  -64.0  -74.5     23   0.01    156    9.9  359.6  359.6  359.6
  149.8  14406  -64.1  -74.8     22   0.01    156    9.9  359.6  359.7  359.6
  149.5  14416  -64.1  -75.2     21   0.01    156   10.1  359.7  359.8  359.7
  149.3  14426  -64.2  -75.7     19   0.01    157   10.2  359.8  359.8  359.8
  149.0  14437  -64.2  -76.4     17   0.01    157   10.4  359.9  359.9  359.9
  148.7  14449  -64.3  -77.2     16   0.01    157   10.6  359.9  360.0  359.9
  148.5  14459  -64.4  -78.0     14   0.01    157   10.8  359.9  360.0  359.9
  148.2  14470  -64.5  -78.8     12   0.01    158   11.0  360.0  360.0  360.0
  147.9  14482  -64.6  -79.6     11   0.00    158   11.1  360.1  360.1  360.1
  147.7  14493  -64.7  -80.3     10   0.00    158   11.3  360.1  360.1  360.1
  147.4  14503  -64.7  -80.7      9   0.00    158   11.4  360.2  360.2  360.2
  147.1  14517  -64.8  -80.7     10   0.00    158   11.5  360.2  360.3  360.2
  146.8  14531  -64.9  -80.5     10   0.00    158   11.6  360.2  360.2  360.2
  146.4  14543  -65.0  -80.0     11   0.00    158   11.6  360.4  360.4  360.4
  146.2  14554  -65.1  -79.5     12   0.00    158   11.6  360.3  360.3  360.3
  145.9  14564  -65.2  -79.0     13   0.01    158   11.6  360.4  360.4  360.4
  145.7  14576  -65.3  -78.4     15   0.01    158   11.6  360.4  360.4  360.4
  145.4  14588  -65.4  -77.8     17   0.01    158   11.5  360.4  360.5  360.4
  145.1  14600  -65.5  -77.2     18   0.01    158   11.5  360.5  360.5  360.5
  144.8  14611  -65.6  -77.0     19   0.01    158   11.4  360.5  360.5  360.5
  144.5  14624  -65.7  -76.8     20   0.01    157   11.3  360.5  360.6  360.5
  144.2  14637  -65.8  -76.6     21   0.01    157   11.2  360.6  360.6  360.6
  143.9  14652  -65.9  -76.5     21   0.01    157   11.2  360.7  360.7  360.7
  143.5  14666  -66.0  -76.6     21   0.01    156   11.1  360.7  360.7  360.7
  143.2  14679  -66.1  -76.9     21   0.01    156   11.0  360.7  360.7  360.7
  142.9  14691  -66.2  -77.3     20   0.01    155   11.0  360.7  360.8  360.7
  142.6  14705  -66.4  -77.9     18   0.01    155   10.9  360.8  360.8  360.8
  142.2  14720  -66.5  -78.5     17   0.01    154   10.9  360.8  360.8  360.8
  141.9  14735  -66.6  -79.1     16   0.01    154   10.9  360.8  360.8  360.8
  141.6  14749  -66.8  -79.6     15   0.01    153   10.8  360.7  360.8  360.7
  141.3  14762  -66.9  -80.0     14   0.00    152   10.8  360.7  360.8  360.7
  141.0  14774  -67.0  -80.3     14   0.00    151   10.8  360.7  360.8  360.7
  140.7  14788  -67.2  -80.4     14   0.00    150   10.8  360.7  360.8  360.7
  140.3  14802  -67.3  -80.3     14   0.00    149   10.8  360.8  360.8  360.8
  140.1  14814  -67.4  -80.0     15   0.00    148   10.7  360.8  360.8  360.8
  139.8  14826  -67.5  -79.7     16   0.01    146   10.7  360.8  360.8  360.8
  139.5  14840  -67.6  -79.2     18   0.01    145   10.7  360.8  360.8  360.8
  139.2  14852  -67.8  -78.8     19   0.01    144   10.7  360.8  360.8  360.8
  138.9  14864  -67.9  -78.3     21   0.01    142   10.7  360.8  360.9  360.8
  138.6  14876  -68.0  -77.9     23   0.01    141   10.7  360.8  360.9  360.8
  138.3  14889  -68.1  -77.5     25   0.01    140   10.7  360.9  360.9  360.9
  138.1  14899  -68.2  -77.2     26   0.01    139   10.7  360.9  360.9  360.9
  137.8  14909  -68.2  -77.0     28   0.01    138   10.8  361.0  361.0  361.0
  137.6  14920  -68.3  -76.8     29   0.01    137   10.9  361.0  361.0  361.0
  137.3  14932  -68.4  -76.6     30   0.01    136   11.0  361.0  361.1  361.0
  137.1  14944  -68.5  -76.4     31   0.01    136   11.1  361.0  361.1  361.0
  136.8  14954  -68.6  -76.2     32   0.01    135   11.2  361.2  361.2  361.2
  136.6  14965  -68.6  -76.1     33   0.01    135   11.4  361.2  361.2  361.2
  136.3  14977  -68.7  -76.0     34   0.01    134   11.5  361.4  361.4  361.4
  136.0  14989  -68.7  -75.9     35   0.01    134   11.7  361.5  361.5  361.5
  135.8  15001  -68.8  -76.0     35   0.01    133   11.9  361.5  361.6  361.5
  135.5  15013  -68.9  -76.1     35   0.01    133   12.0  361.6  361.6  361.6
  135.2  15027  -69.0  -76.1     35   0.01    133   12.1  361.6  361.7  361.6
  134.8  15041  -69.1  -76.2     35   0.01    132   12.2  361.7  361.8  361.7
  134.5  15057  -69.2  -76.3     35   0.01    132   12.3  361.8  361.8  361.8
  134.2  15072  -69.3  -76.4     35   0.01    131   12.3  361.8  361.9  361.8
  133.8  15087  -69.4  -76.5     35   0.01    130   12.3  361.9  362.0  361.9
  133.4  15106  -69.6  -76.7     35   0.01    129   12.3  362.0  362.0  362.0
  132.9  15126  -69.7  -76.8     35   0.01    129   12.2  362.1  362.1  362.1
  132.6  15142  -69.9  -76.9     35   0.01    128   12.2  362.0  362.1  362.0
  132.3  15155  -70.0  -77.0     35   0.01    127   12.1  362.1  362.2  362.1
  132.0  15168  -70.1  -77.1     35   0.01    126   12.1  362.2  362.2  362.2
  131.7  15182  -70.2  -77.2     35   0.01    125   12.1  362.2  362.2  362.2
  131.4  15196  -70.3  -77.3     35   0.01    124   12.1  362.2  362.3  362.2
  131.0  15212  -70.5  -77.4     35   0.01    123   12.1  362.3  362.3  362.3
  130.7  15228  -70.6  -77.5     36   0.01    122   12.1  362.2  362.3  362.2
  130.3  15243  -70.8  -77.6     36   0.01    122   12.1  362.3  362.3  362.3
  130.0  15256  -70.9  -77.6     36   0.01    121   12.2  362.3  362.4  362.3
  129.7  15271  -71.0  -77.7     37   0.01    120   12.2  362.3  362.4  362.3
  129.4  15285  -71.1  -77.7     37   0.01    119   12.2  362.3  362.4  362.3
  129.1  15299  -71.3  -77.7     38   0.01    119   12.1  362.3  362.3  362.3
  128.8  15315  -71.4  -77.8     38   0.01    118   12.1  362.3  362.3  362.3
  128.4  15332  -71.6  -77.8     39   0.01    118   12.0  362.3  362.3  362.3
  128.1  15347  -71.8  -77.9     40   0.01    117   11.8  362.3  362.3  362.3
  127.8  15361  -71.9  -77.9     40   0.01    117   11.7  362.3  362.3  362.3
  127.5  15373  -72.0  -77.9     41   0.01    116   11.5  362.3  362.3  362.3
  127.2  15385  -72.1  -78.0     41   0.01    116   11.3  362.3  362.3  362.3
  127.0  15398  -72.3  -78.0     42   0.01    115   11.1  362.3  362.3  362.3
  126.6  15413  -72.4  -78.1     42   0.01    115   11.0  362.3  362.4  362.3
  126.4  15426  -72.5  -78.2     42   0.01    115   10.8  362.3  362.3  362.3
  126.1  15437  -72.6  -78.3     42   0.01    115   10.7  362.3  362.3  362.3
  125.9  15448  -72.8  -78.4     42   0.01    115   10.6  362.3  362.3  362.3
  125.6  15459  -72.8  -78.5     42   0.01    115   10.6  362.4  362.4  362.4
  125.4  15471  -72.9  -78.5     42   0.01    114   10.6  362.5  362.5  362.5
  125.1  15484  -73.0  -78.7     42   0.01    114   10.6  362.5  362.6  362.5
  124.9  15496  -73.1  -78.8     41   0.01    114   10.6  362.5  362.5  362.5
  124.6  15506  -73.2  -78.9     41   0.01    114   10.7  362.6  362.6  362.6
  124.4  15517  -73.3  -79.0     41   0.01    113   10.8  362.6  362.6  362.6
  124.2  15529  -73.4  -79.1     41   0.01    113   10.9  362.5  362.6  362.5
  123.9  15539  -73.5  -79.2     41   0.01    113   11.0  362.6  362.6  362.6
  123.7  15550  -73.6  -79.3     41   0.01    112   11.0  362.6  362.6  362.6
  123.5  15561  -73.6  -79.3     41   0.01    112   11.1  362.6  362.7  362.6
  123.3  15571  -73.7  -79.4     42   0.01    112   11.2  362.7  362.7  362.7
  123.1  15581  -73.8  -79.5     41   0.01    112   11.3  362.7  362.7  362.7
  122.9  15591  -73.9  -79.6     41   0.01    111   11.3  362.7  362.7  362.7
  122.6  15601  -74.0  -79.7     41   0.01    111   11.4  362.8  362.8  362.8
  122.4  15611  -74.1  -79.8     41   0.01    111   11.5  362.8  362.8  362.8
  122.2  15621  -74.2  -80.0     41   0.01    111   11.5  362.8  362.8  362.8
  122.0  15632  -74.3  -80.1     40   0.01    111   11.6  362.8  362.8  362.8
  121.8  15642  -74.4  -80.2     40   0.01    111   11.7  362.8  362.8  362.8
  121.6  15652  -74.4  -80.3     40   0.01    111   11.8  362.8  362.8  362.8
  121.3  15663  -74.5  -80.3     41   0.01    112   11.9  362.9  362.9  362.9
  121.1  15672  -74.6  -80.4     41   0.01    112   12.0  362.9  362.9  362.9
  120.9  15683  -74.7  -80.5     41   0.01    112   12.2  362.9  362.9  362.9
  120.7  15693  -74.8  -80.5     41   0.01    111   12.3  362.9  362.9  362.9
  120.5  15702  -74.9  -80.6     41   0.01    111   12.4  362.9  362.9  362.9
  120.3  15711  -75.0  -80.7     41   0.00    111   12.5  362.9  363.0  362.9
  120.1  15721  -75.1  -80.7     41   0.00    111   12.6  363.0  363.0  363.0
  119.9  15731  -75.1  -80.8     41   0.00    111   12.7  363.0  363.0  363.0
  119.7  15742  -75.2  -80.9     41   0.00    111   12.8  363.0  363.0  363.0
  119.5  15752  -75.3  -81.0     41   0.00    111   12.8  362.9  363.0  362.9
  119.3  15761  -75.4  -81.1     41   0.00    111   12.9  362.9  363.0  363.0
  119.1  15772  -75.5  -81.2     41   0.00    111   12.9  363.0  363.0  363.0
  118.9  15782  -75.6  -81.2     41   0.00    110   12.8  363.0  363.0  363.0
  118.7  15791  -75.7  -81.3     41   0.00    110   12.8  362.9  363.0  362.9
  118.5  15801  -75.8  -81.4     41   0.00    110   12.8  362.9  363.0  362.9
  118.3  15812  -75.9  -81.5     41   0.00    110   12.8  362.9  362.9  362.9
  118.1  15822  -76.0  -81.6     41   0.00    110   12.8  362.9  362.9  362.9
  117.9  15832  -76.1  -81.7     41   0.00    109   12.8  362.9  362.9  362.9
  117.6  15843  -76.2  -81.9     41   0.00    109   12.8  362.9  363.0  362.9
  117.4  15856  -76.4  -82.0     41   0.00    108   12.9  362.9  362.9  362.9
  117.1  15869  -76.5  -82.1     41   0.00    108   13.0  363.0  363.0  363.0
  116.8  15882  -76.5  -82.2     41   0.00    108   13.1  363.1  363.1  363.1
  116.6  15896  -76.6  -82.3     40   0.00    107   13.2  363.1  363.1  363.1
  116.2  15912  -76.8  -82.4     40   0.00    107   13.4  363.2  363.2  363.2
  115.9  15928  -76.9  -82.6     40   0.00    107   13.5  363.2  363.2  363.2
  115.6  15944  -77.0  -82.7     40   0.00    107   13.7  363.3  363.3  363.3
  115.3  15958  -77.1  -82.8     40   0.00    107   13.9  363.4  363.4  363.4
  115.0  15971  -77.2  -82.9     40   0.00    106   14.0  363.5  363.5  363.5
  114.8  15983  -77.3  -83.1     39   0.00    106   14.1  363.5  363.5  363.5
  114.5  15996  -77.4  -83.2     39   0.00    106   14.2  363.6  363.7  363.6
  114.3  16006  -77.4  -83.4     38   0.00    106   14.3  363.7  363.7  363.7
  114.1  16016  -77.5  -83.6     37   0.00    106   14.3  363.7  363.8  363.7
  113.9  16027  -77.6  -83.8     37   0.00    106   14.4  363.7  363.7  363.7
  113.7  16037  -77.7  -83.9     36   0.00    106   14.3  363.8  363.8  363.8
  113.5  16047  -77.8  -84.1     36   0.00    106   14.3  363.8  363.9  363.8
  113.3  16059  -77.8  -84.3     35   0.00    106   14.3  363.8  363.9  363.9
  113.0  16071  -78.0  -84.4     35   0.00    106   14.2  363.9  363.9  363.9
  112.8  16083  -78.0  -84.6     34   0.00    106   14.2  364.0  364.0  364.0
  112.6  16093  -78.1  -84.7     34   0.00    107   14.1  364.0  364.1  364.0
  112.4  16103  -78.1  -84.8     34   0.00    107   14.1  364.1  364.1  364.1
  112.2  16112  -78.2  -84.9     33   0.00    107   14.0  364.2  364.2  364.2
  112.1  16118  -78.2  -84.9     33   0.00    107   14.0  364.3  364.3  364.3
  111.9  16127  -78.3  -85.0     33   0.00    107   13.9  364.3  364.4  364.3
  111.8  16133  -78.4  -85.1     33   0.00    107   13.8  364.3  364.3  364.3
  111.6  16142  -78.4  -85.2     33   0.00    107   13.7  364.3  364.3  364.3
  111.4  16154  -78.5  -85.3     33   0.00    107   13.6  364.4  364.4  364.4
  111.2  16165  -78.6  -85.4     32   0.00    107   13.5  364.5  364.5  364.5
  111.0  16177  -78.7  -85.5     32   0.00    108   13.3  364.5  364.5  364.5
  110.7  16190  -78.8  -85.6     32   0.00    108   13.2  364.5  364.5  364.5
  110.5  16202  -78.9  -85.7     32   0.00    108   13.0  364.5  364.5  364.5
  110.2  16214  -79.0  -85.8     32   0.00    108   12.9  364.6  364.6  364.6
  110.0  16226  -79.1  -85.9     32   0.00    108   12.7  364.6  364.6  364.6
  109.8  16238  -79.2  -85.9     33   0.00    108   12.6  364.6  364.6  364.6
  109.6  16248  -79.2  -85.9     33   0.00    108   12.4  364.7  364.7  364.7
  109.4  16258  -79.3  -86.0     33   0.00    108   12.3  364.7  364.7  364.7
  109.2  16268  -79.4  -86.0     33   0.00    108   12.2  364.8  364.8  364.8
  109.0  16279  -79.5  -86.1     33   0.00    108   12.1  364.8  364.8  364.8
  108.8  16291  -79.6  -86.1     33   0.00    108   12.1  364.8  364.9  364.8
  108.6  16301  -79.6  -86.2     33   0.00    108   12.1  364.9  364.9  364.9
  108.4  16311  -79.7  -86.3     33   0.00    108   12.1  365.0  365.0  365.0
  108.2  16321  -79.8  -86.3     34   0.00    107   12.1  365.1  365.1  365.1
  108.0  16330  -79.8  -86.3     34   0.00    107   12.1  365.2  365.2  365.2
  107.8  16341  -79.8  -86.3     34   0.00    107   12.1  365.4  365.4  365.4
  107.6  16352  -79.7  -86.2     34   0.00    106   12.1  365.8  365.8  365.8
  107.4  16362  -79.8  -86.2     34   0.00    105   12.1  365.8  365.8  365.8
  107.2  16372  -79.8  -86.2     34   0.00    105   12.1  365.9  365.9  365.9
  107.0  16382  -79.8  -86.2     34   0.00    104   12.2  366.1  366.1  366.1
  106.8  16392  -79.9  -86.2     34   0.00    103   12.2  366.2  366.2  366.2
  106.6  16403  -80.0  -86.3     34   0.00    101   12.2  366.2  366.3  366.2
  106.4  16413  -80.1  -86.4     35   0.00    100   12.2  366.2  366.3  366.2
  106.2  16424  -80.1  -86.4     35   0.00     98   12.3  366.3  366.3  366.3
  106.0  16436  -80.2  -86.5     35   0.00     96   12.3  366.4  366.4  366.4
  105.8  16448  -80.2  -86.5     35   0.00     94   12.4  366.5  366.5  366.5
  105.6  16459  -80.3  -86.5     35   0.00     93   12.6  366.6  366.6  366.6
  105.4  16471  -80.4  -86.5     35   0.00     91   12.7  366.6  366.7  366.6
  105.1  16484  -80.4  -86.5     36   0.00     89   12.9  366.9  366.9  366.9
  104.8  16500  -80.4  -86.4     36   0.00     88   13.2  367.2  367.2  367.2
  104.6  16514  -80.3  -86.3     37   0.00     86   13.5  367.6  367.6  367.6
  104.3  16526  -80.3  -86.3     37   0.00     85   13.8  367.9  367.9  367.9
  104.1  16540  -80.3  -86.3     37   0.00     84   14.2  368.0  368.0  368.0
  103.8  16553  -80.3  -86.3     37   0.00     83   14.6  368.3  368.3  368.3
  103.6  16566  -80.4  -86.3     37   0.00     83   15.0  368.3  368.4  368.3
  103.3  16580  -80.5  -86.4     37   0.00     82   15.5  368.5  368.5  368.5
  103.1  16593  -80.6  -86.5     37   0.00     81   15.9  368.6  368.6  368.6
  102.8  16609  -80.5  -86.4     37   0.00     81   16.4  369.0  369.0  369.0
  102.4  16629  -80.4  -86.2     37   0.00     81   16.8  369.7  369.7  369.7
  102.1  16646  -80.5  -86.3     38   0.00     80   17.2  369.8  369.8  369.8
  101.9  16660  -80.5  -86.2     38   0.00     80   17.6  369.9  369.9  369.9
  101.7  16671  -80.5  -86.1     39   0.00     80   18.0  370.1  370.2  370.1
  101.4  16684  -80.5  -86.0     40   0.00     80   18.3  370.4  370.4  370.4
  101.2  16699  -80.6  -86.1     40   0.00     80   18.6  370.4  370.4  370.4
  100.9  16713  -80.7  -86.1     41   0.00     80   18.9  370.5  370.5  370.5
  100.7  16724  -80.8  -86.1     41   0.00     80   19.1  370.6  370.6  370.6
  100.5  16734  -80.9  -86.1     42   0.00     80   19.3  370.6  370.7  370.6
  100.4  16745  -80.9  -86.0     42   0.00     80   19.5  370.7  370.7  370.7
  100.2  16756  -81.0  -86.0     43   0.00     80   19.7  370.8  370.8  370.8
  100.0  16765  -81.0  -86.0     43   0.00     80   19.7  370.9  370.9  370.9
  100.0  16765  -81.0  -86.0     43   0.00     80   19.7  370.9  370.9  370.9
   99.8  16777  -81.1  -86.0     44   0.00     80   20.1  370.9  371.0  370.9
   99.6  16787  -81.2  -86.0     44   0.00     80   20.3  371.0  371.1  371.0
   99.4  16796  -81.2  -86.0     45   0.00     81   20.5  371.2  371.2  371.2
   99.3  16806  -81.3  -86.0     45   0.00     81   20.7  371.2  371.2  371.2
   99.1  16815  -81.3  -86.0     45   0.00     81   20.9  371.3  371.3  371.3
   99.0  16824  -81.4  -86.0     46   0.00     81   21.1  371.3  371.3  371.3
   98.8  16832  -81.5  -86.0     46   0.00     81   21.2  371.4  371.4  371.4
   98.7  16841  -81.5  -86.0     47   0.00     81   21.4  371.4  371.4  371.4
   98.5  16849  -81.6  -86.0     47   0.00     81   21.5  371.4  371.5  371.4
   98.4  16857  -81.6  -86.1     47   0.00     81   21.7  371.5  371.5  371.5
   98.2  16865  -81.7  -86.1     48   0.00     81   21.8  371.6  371.6  371.6
   98.1  16874  -81.7  -86.1     48   0.00     81   22.0  371.6  371.6  371.6
   98.0  16880  -81.7  -86.1     48   0.00     81   22.1  371.7  371.7  371.7
   97.8  16887  -81.7  -86.0     48   0.00     82   22.2  372.0  372.1  372.0
   97.7  16896  -81.6  -86.0     48   0.00     82   22.3  372.3  372.3  372.3
   97.5  16904  -81.6  -86.0     48   0.00     82   22.4  372.5  372.5  372.5
   97.4  16914  -81.6  -85.9     48   0.00     82   22.4  372.5  372.6  372.5
   97.2  16922  -81.7  -85.9     49   0.00     83   22.5  372.7  372.7  372.7
   97.1  16929  -81.7  -85.9     49   0.00     83   22.5  372.7  372.7  372.7
   97.0  16936  -81.8  -85.9     50   0.00     84   22.5  372.7  372.7  372.7
   96.8  16945  -81.8  -85.9     50   0.00     84   22.5  372.8  372.8  372.8
   96.7  16954  -81.9  -85.9     51   0.00     85   22.5  372.8  372.8  372.8
   96.5  16962  -81.9  -85.9     51   0.00     86   22.5  372.9  372.9  372.9
   96.4  16970  -82.0  -86.0     51   0.00     86   22.5  373.0  373.0  373.0
   96.3  16977  -81.9  -86.0     51   0.00     87   22.5  373.2  373.2  373.2
   96.1  16985  -81.9  -85.9     50   0.00     88   22.5  373.5  373.6  373.5
   96.0  16993  -81.8  -85.9     50   0.00     88   22.5  373.8  373.8  373.8
   95.9  17001  -81.6  -85.9     49   0.00     89   22.6  374.2  374.2  374.2
   95.8  17008  -81.4  -85.8     48   0.00     90   22.7  374.7  374.7  374.7
   95.6  17016  -81.2  -85.7     47   0.00     90   22.7  375.3  375.3  375.3
   95.5  17025  -81.3  -85.8     47   0.00     91   22.9  375.4  375.4  375.4
   95.3  17033  -81.2  -85.8     46   0.00     92   23.0  375.7  375.7  375.7
   95.2  17041  -81.0  -85.8     45   0.00     92   23.1  376.1  376.2  376.1
   95.1  17049  -81.0  -85.9     44   0.00     93   23.2  376.3  376.3  376.3
   94.9  17057  -80.9  -85.9     43   0.00     93   23.2  376.7  376.7  376.7
   94.8  17065  -80.7  -85.8     43   0.00     93   23.2  377.3  377.3  377.3
   94.7  17073  -80.5  -85.7     42   0.00     94   23.2  377.8  377.8  377.8
   94.5  17082  -80.3  -85.6     41   0.00     94   23.1  378.4  378.4  378.4
   94.4  17090  -80.0  -85.4     41   0.00     94   23.0  379.0  379.0  379.0
   94.2  17098  -79.8  -85.4     40   0.00     94   22.9  379.6  379.7  379.6
   94.1  17108  -79.7  -85.4     39   0.00     94   22.8  380.0  380.0  380.0
   93.9  17116  -79.7  -85.5     38   0.00     93   22.6  380.3  380.3  380.3
   93.8  17125  -79.6  -85.5     38   0.00     93   22.5  380.6  380.6  380.6
   93.6  17134  -79.5  -85.5     37   0.00     93   22.3  381.1  381.1  381.1
   93.5  17143  -79.4  -85.5     36   0.00     92   22.2  381.4  381.4  381.4
   93.3  17152  -79.2  -85.4     36   0.00     92   22.1  382.0  382.0  382.0
   93.2  17161  -79.0  -85.3     35   0.00     92   22.1  382.5  382.6  382.5
   93.1  17170  -78.7  -85.3     34   0.00     91   22.1  383.2  383.2  383.2
   92.9  17178  -78.4  -85.2     33   0.00     91   22.1  384.0  384.0  384.0
   92.8  17187  -78.2  -85.2     32   0.00     91   22.1  384.5  384.5  384.5
   92.6  17197  -78.0  -85.2     31   0.00     91   22.2  385.1  385.1  385.1
   92.5  17206  -77.9  -85.2     30   0.00     91   22.2  385.5  385.5  385.5
   92.3  17215  -77.7  -85.3     29   0.00     91   22.3  386.0  386.0  386.0
   92.2  17224  -77.6  -85.4     28   0.00     91   22.3  386.4  386.4  386.4
   92.0  17233  -77.4  -85.4     27   0.00     91   22.3  387.0  387.0  387.0
   91.9  17243  -77.2  -85.4     26   0.00     91   22.3  387.6  387.6  387.6
   91.7  17252  -76.8  -85.2     25   0.00     92   22.3  388.7  388.7  388.7
   91.5  17263  -76.5  -85.2     24   0.00     92   22.2  389.5  389.5  389.5
   91.4  17274  -76.2  -85.1     24   0.00     93   22.2  390.2  390.2  390.2
   91.2  17284  -75.9  -85.0     23   0.00     93   22.1  390.9  390.9  390.9
   91.0  17295  -75.9  -85.2     22   0.00     94   21.9  391.2  391.2  391.2
   90.9  17304  -75.9  -85.4     22   0.00     94   21.8  391.3  391.3  391.3
   90.8  17313  -75.9  -85.4     21   0.00     95   21.6  391.5  391.5  391.5
   90.6  17323  -75.8  -85.5     21   0.00     96   21.4  392.0  392.0  392.0
   90.4  17334  -75.7  -85.6     20   0.00     96   21.2  392.3  392.3  392.3
   90.3  17345  -75.8  -85.8     20   0.00     97   21.0  392.3  392.3  392.3
   90.1  17355  -75.8  -85.9     19   0.00     98   20.7  392.4  392.5  392.4
   89.9  17365  -75.9  -86.1     19   0.00     98   20.5  392.7  392.7  392.7
   89.8  17374  -75.8  -86.2     19   0.00     99   20.2  392.8  392.8  392.8
   89.6  17385  -75.8  -86.2     18   0.00     99   19.9  393.2  393.2  393.2
   89.5  17395  -75.7  -86.3     18   0.00    100   19.7  393.4  393.4  393.4
   89.3  17405  -75.7  -86.4     17   0.00    100   19.4  393.7  393.7  393.7
   89.2  17415  -75.7  -86.5     17   0.00    100   19.2  393.9  393.9  393.9
   89.0  17425  -75.6  -86.6     17   0.00    100   19.0  394.2  394.3  394.2
   88.9  17435  -75.6  -86.7     16   0.00    100   18.8  394.4  394.5  394.4
   88.7  17444  -75.6  -86.9     16   0.00    100   18.7  394.7  394.7  394.7
   88.6  17454  -75.7  -87.0     16   0.00    100   18.5  394.7  394.7  394.7
   88.4  17465  -75.7  -87.1     15   0.00    100   18.4  394.8  394.9  394.8
   88.2  17475  -75.8  -87.3     15   0.00    100   18.3  395.0  395.0  395.0
   88.1  17486  -75.9  -87.4     15   0.00    100   18.2  394.9  395.0  394.9
   87.9  17497  -75.9  -87.5     15   0.00    100   18.1  395.2  395.2  395.2
   87.7  17508  -75.7  -87.4     15   0.00    100   18.0  395.7  395.7  395.7
   87.6  17520  -75.5  -87.2     15   0.00    100   17.9  396.3  396.3  396.3
   87.4  17531  -75.4  -87.2     14   0.00    100   17.8  396.7  396.7  396.7
   87.2  17542  -75.4  -87.3     14   0.00    100   17.7  397.0  397.0  397.0
   87.1  17554  -75.3  -87.3     14   0.00    101   17.6  397.3  397.3  397.3
   86.9  17564  -75.2  -87.2     14   0.00    101   17.5  397.9  397.9  397.9
   86.7  17575  -75.1  -87.2     14   0.00    102   17.4  398.3  398.3  398.3
   86.6  17586  -75.0  -87.3     14   0.00    103   17.4  398.5  398.6  398.5
   86.4  17597  -74.9  -87.2     13   0.00    103   17.3  399.1  399.1  399.1
   86.2  17609  -74.7  -87.1     13   0.00    104   17.3  399.7  399.7  399.7
   86.1  17621  -74.7  -87.2     13   0.00    105   17.3  399.8  399.8  399.8
   85.9  17633  -74.8  -87.2     13   0.00    105   17.3  400.0  400.0  400.0
   85.7  17643  -74.8  -87.2     13   0.00    106   17.3  400.3  400.3  400.3
   85.6  17654  -74.7  -87.2     13   0.00    106   17.3  400.5  400.5  400.5
   85.4  17664  -74.6  -87.1     13   0.00    106   17.3  401.0  401.1  401.0
   85.3  17675  -74.4  -87.0     13   0.00    106   17.3  401.5  401.5  401.5
   85.1  17685  -74.5  -87.0     13   0.00    106   17.3  401.7  401.7  401.7
   85.0  17695  -74.4  -87.1     13   0.00    106   17.2  401.9  401.9  401.9
   84.8  17706  -74.4  -87.1     13   0.00    105   17.1  402.2  402.2  402.2
   84.6  17717  -74.4  -87.2     12   0.00    105   17.0  402.6  402.6  402.6
   84.5  17728  -74.4  -87.2     12   0.00    105   16.8  402.7  402.7  402.7
   84.3  17739  -74.4  -87.3     12   0.00    104   16.6  403.0  403.0  403.0
   84.2  17749  -74.3  -87.4     12   0.00    103   16.4  403.2  403.2  403.2
   84.0  17760  -74.2  -87.4     12   0.00    103   16.2  403.8  403.8  403.8
   83.9  17771  -74.0  -87.4     11   0.00    102   16.0  404.3  404.3  404.3
   83.7  17781  -73.8  -87.3     11   0.00    102   15.8  404.9  404.9  404.9
   83.6  17791  -73.7  -87.3     11   0.00    101   15.7  405.2  405.3  405.2
   83.4  17802  -73.7  -87.3     11   0.00    101   15.5  405.6  405.6  405.6
   83.3  17812  -73.7  -87.4     11   0.00    100   15.4  405.6  405.6  405.6
   83.1  17822  -73.8  -87.5     11   0.00     99   15.4  405.8  405.8  405.8
   83.0  17833  -73.8  -87.6     11   0.00     99   15.4  405.9  405.9  405.9
   82.8  17843  -73.8  -87.7     11   0.00     98   15.4  406.1  406.2  406.1
   82.7  17853  -73.8  -87.7     10   0.00     98   15.4  406.3  406.3  406.3
   82.5  17864  -73.8  -87.8     10   0.00     97   15.5  406.7  406.7  406.7
   82.4  17874  -73.7  -87.8     10   0.00     97   15.6  406.9  406.9  406.9
   82.2  17885  -73.7  -87.9     10   0.00     96   15.7  407.3  407.3  407.3
   82.1  17895  -73.6  -87.9     10   0.00     96   15.8  407.6  407.6  407.6
   81.9  17906  -73.6  -87.9     10   0.00     96   15.9  407.8  407.9  407.8
   81.8  17917  -73.6  -88.0     10   0.00     95   16.0  407.9  407.9  407.9
   81.7  17926  -73.7  -88.1      9   0.00     95   16.0  408.1  408.1  408.1
   81.5  17935  -73.6  -88.1      9   0.00     95   16.1  408.4  408.5  408.4
   81.4  17945  -73.6  -88.1      9   0.00     95   16.1  408.6  408.7  408.6
   81.3  17955  -73.5  -88.1      9   0.00     95   16.1  408.9  408.9  408.9
   81.1  17965  -73.4  -88.0      9   0.00     95   16.1  409.4  409.4  409.4
   81.0  17974  -73.4  -88.0      9   0.00     95   16.0  409.6  409.6  409.6
   80.9  17984  -73.4  -88.0      9   0.00     95   15.9  409.8  409.8  409.8
   80.7  17993  -73.4  -88.1      9   0.00     95   15.8  410.1  410.1  410.1
   80.6  18004  -73.3  -88.1      9   0.00     95   15.7  410.3  410.3  410.3
   80.4  18014  -73.2  -88.1      9   0.00     95   15.6  410.8  410.8  410.8
   80.3  18024  -73.1  -88.0      9   0.00     95   15.5  411.2  411.2  411.2
   80.2  18034  -73.1  -88.0      9   0.00     95   15.4  411.5  411.5  411.5
   80.0  18044  -73.1  -88.1      9   0.00     95   15.3  411.6  411.7  411.6
   79.9  18053  -73.1  -88.2      9   0.00     95   15.3  411.7  411.7  411.7
   79.8  18063  -73.2  -88.3      9   0.00     95   15.3  411.8  411.8  411.8
   79.6  18072  -73.2  -88.4      8   0.00     95   15.2  412.1  412.1  412.1
   79.5  18082  -73.2  -88.5      8   0.00     96   15.2  412.2  412.2  412.2
   79.4  18092  -73.1  -88.5      8   0.00     96   15.2  412.6  412.6  412.6
   79.3  18101  -72.7  -88.3      8   0.00     96   15.2  413.6  413.6  413.6
   79.1  18110  -72.3  -88.1      8   0.00     97   15.2  414.7  414.7  414.7
   79.0  18120  -72.1  -88.0      8   0.00     97   15.2  415.3  415.3  415.3
   78.9  18130  -71.8  -87.9      8   0.00     98   15.2  415.9  415.9  415.9
   78.7  18141  -71.7  -87.9      7   0.00     99   15.2  416.5  416.5  416.5
   78.6  18152  -71.5  -87.8      7   0.00     99   15.2  417.0  417.0  417.0
   78.4  18163  -71.3  -87.6      7   0.00    100   15.2  417.8  417.8  417.8
   78.3  18173  -71.3  -87.7      7   0.00    100   15.2  417.9  417.9  417.9
   78.2  18183  -71.4  -87.7      7   0.00    101   15.2  417.8  417.9  417.8
   78.0  18194  -71.5  -87.8      7   0.00    101   15.2  418.0  418.0  418.0
   77.9  18205  -71.6  -87.9      7   0.00    102   15.3  417.9  417.9  417.9
   77.7  18215  -71.7  -87.9      7   0.00    102   15.3  418.0  418.0  418.0
   77.6  18225  -71.8  -88.0      7   0.00    102   15.3  418.0  418.0  418.0
   77.5  18236  -71.9  -88.1      7   0.00    102   15.3  417.9  417.9  417.9
   77.3  18245  -72.0  -88.2      7   0.00    102   15.4  418.1  418.1  418.1
   77.2  18254  -72.0  -88.3      7   0.00    101   15.4  418.1  418.1  418.1
   77.1  18265  -72.1  -88.4      7   0.00    101   15.5  418.1  418.2  418.2
   77.0  18275  -72.1  -88.5      7   0.00    100   15.5  418.3  418.4  418.3
   76.8  18284  -72.0  -88.5      7   0.00    100   15.6  418.7  418.7  418.7
   76.7  18294  -72.0  -88.6      7   0.00     99   15.7  419.0  419.0  419.0
   76.6  18304  -71.8  -88.5      7   0.00     98   15.8  419.5  419.5  419.5
   76.5  18313  -71.6  -88.4      7   0.00     97   15.9  420.1  420.1  420.1
   76.3  18323  -71.5  -88.4      7   0.00     97   16.1  420.6  420.6  420.6
   76.2  18333  -71.5  -88.4      7   0.00     96   16.2  420.8  420.8  420.8
   76.1  18342  -71.5  -88.4      7   0.00     96   16.4  421.0  421.0  421.0
   76.0  18351  -71.4  -88.4      6   0.00     95   16.6  421.2  421.2  421.2
   75.9  18359  -71.5  -88.5      6   0.00     95   16.8  421.3  421.3  421.3
   75.7  18368  -71.5  -88.5      6   0.00     94   17.0  421.6  421.6  421.6
   75.6  18378  -71.5  -88.6      6   0.00     94   17.2  421.7  421.7  421.7
   75.5  18388  -71.6  -88.6      6   0.00     94   17.4  421.7  421.7  421.7
   75.4  18397  -71.6  -88.7      6   0.00     93   17.5  421.8  421.8  421.8
   75.3  18406  -71.7  -88.7      6   0.00     93   17.7  421.9  421.9  421.9
   75.1  18415  -71.7  -88.8      6   0.00     93   17.8  422.2  422.2  422.2
   75.0  18425  -71.6  -88.7      6   0.00     93   17.9  422.5  422.5  422.5
   74.9  18434  -71.5  -88.6      6   0.00     92   18.0  422.7  422.7  422.7
   74.8  18444  -71.6  -88.6      6   0.00     92   18.0  422.8  422.8  422.8
   74.6  18455  -71.6  -88.6      6   0.00     92   18.0  423.1  423.1  423.1
   74.5  18464  -71.6  -88.7      6   0.00     92   17.9  423.2  423.2  423.2
   74.4  18474  -71.7  -88.7      6   0.00     92   17.9  423.2  423.2  423.2
   74.3  18484  -71.8  -88.8      6   0.00     92   17.8  423.3  423.3  423.3
   74.1  18495  -71.8  -88.9      6   0.00     92   17.7  423.6  423.6  423.6
   74.0  18504  -71.7  -88.9      6   0.00     91   17.7  423.8  423.8  423.8
   73.9  18514  -71.6  -88.9      6   0.00     91   17.6  424.2  424.2  424.2
   73.8  18524  -71.6  -88.9      6   0.00     91   17.6  424.5  424.5  424.5
   73.7  18533  -71.6  -89.0      6   0.00     91   17.6  424.5  424.5  424.5
   73.5  18543  -71.7  -89.1      6   0.00     90   17.7  424.8  424.8  424.8
   73.4  18553  -71.6  -89.1      6   0.00     90   17.8  425.0  425.0  425.0
   73.3  18562  -71.5  -89.1      6   0.00     89   17.8  425.4  425.4  425.4
   73.2  18573  -71.4  -89.1      6   0.00     89   18.0  425.7  425.7  425.7
   73.0  18583  -71.3  -89.1      6   0.00     88   18.1  426.3  426.3  426.3
   72.9  18593  -71.1  -89.0      6   0.00     87   18.2  426.9  426.9  426.9
   72.8  18603  -71.1  -89.0      6   0.00     86   18.3  427.2  427.2  427.2
   72.7  18612  -71.1  -89.1      5   0.00     84   18.5  427.3  427.3  427.3
   72.5  18623  -71.2  -89.2      5   0.00     83   18.6  427.5  427.5  427.5
   72.4  18633  -71.1  -89.3      5   0.00     82   18.7  427.7  427.8  427.7
   72.3  18643  -71.1  -89.3      5   0.00     80   18.8  428.0  428.0  428.0
   72.2  18653  -71.0  -89.4      5   0.00     79   19.0  428.4  428.4  428.4
   72.1  18663  -70.8  -89.3      5   0.00     77   19.1  429.0  429.0  429.0
   71.9  18674  -70.5  -89.2      5   0.00     76   19.2  429.8  429.9  429.8
   71.8  18684  -70.5  -89.3      5   0.00     74   19.4  430.2  430.2  430.2
   71.7  18694  -70.4  -89.3      5   0.00     73   19.6  430.5  430.5  430.5
   71.6  18703  -70.3  -89.4      5   0.00     72   19.8  430.9  430.9  430.9
   71.5  18712  -70.0  -89.3      5   0.00     72   20.0  431.6  431.6  431.6
   71.3  18722  -69.7  -89.1      4   0.00     71   20.2  432.7  432.7  432.7
   71.2  18731  -69.6  -89.1      4   0.00     71   20.4  433.1  433.1  433.1
   71.1  18740  -69.6  -89.2      4   0.00     71   20.5  433.3  433.3  433.3
   71.0  18751  -69.5  -89.3      4   0.00     71   20.7  433.5  433.6  433.5
   70.9  18761  -69.4  -89.3      4   0.00     72   20.9  433.9  433.9  433.9
   70.8  18771  -69.3  -89.3      4   0.00     72   21.1  434.3  434.3  434.3
   70.6  18781  -69.1  -89.2      4   0.00     73   21.2  435.2  435.2  435.2
   70.5  18792  -68.9  -89.2      4   0.00     74   21.3  435.8  435.8  435.8
   70.4  18802  -68.9  -89.3      4   0.00     75   21.5  435.9  435.9  435.9
   70.3  18814  -68.8  -89.3      4   0.00     76   21.6  436.2  436.2  436.2
   70.1  18823  -68.8  -89.4      4   0.00     77   21.6  436.6  436.6  436.6
   70.0  18836  -68.8  -89.4      4   0.00     80   21.8  436.8  436.9  436.8
   69.9  18844  -68.8  -89.4      4   0.00     80   21.8  437.1  437.1  437.1
   69.8  18853  -68.7  -89.4      4   0.00     81   21.8  437.5  437.5  437.5
   69.7  18863  -68.6  -89.3      4   0.00     82   21.8  437.8  437.8  437.8
   69.6  18874  -68.5  -89.3      4   0.00     84   21.8  438.2  438.2  438.2
   69.4  18885  -68.5  -89.3      4   0.00     85   21.8  438.6  438.6  438.6
   69.3  18896  -68.5  -89.4      4   0.00     86   21.8  438.7  438.7  438.7
   69.2  18907  -68.5  -89.5      4   0.00     88   21.7  438.8  438.9  438.8
   69.0  18918  -68.5  -89.5      3   0.00     89   21.6  439.2  439.2  439.2
   68.9  18929  -68.5  -89.5      3   0.00     90   21.5  439.5  439.5  439.5
   68.8  18939  -68.4  -89.5      3   0.00     91   21.3  439.9  439.9  439.9
   68.7  18951  -68.3  -89.5      3   0.00     93   21.1  440.2  440.2  440.2
   68.5  18961  -68.3  -89.5      3   0.00     94   20.9  440.7  440.8  440.7
   68.4  18971  -68.2  -89.5      3   0.00     95   20.7  441.1  441.1  441.1
   68.3  18982  -68.2  -89.5      3   0.00     96   20.4  441.3  441.3  441.3
   68.2  18993  -68.2  -89.5      3   0.00     97   20.2  441.5  441.5  441.5
   68.1  19003  -68.1  -89.6      3   0.00     97   20.0  441.7  441.7  441.7
   68.0  19013  -68.2  -89.6      3   0.00     98   19.8  441.9  441.9  441.9
   67.8  19023  -68.1  -89.6      3   0.00     99   19.5  442.4  442.5  442.4
   67.7  19033  -67.9  -89.5      3   0.00    100   19.2  443.0  443.0  443.0
   67.6  19044  -67.9  -89.5      3   0.00    100   19.0  443.2  443.2  443.2
   67.5  19054  -67.9  -89.6      3   0.00    100   18.8  443.5  443.5  443.5
   67.4  19064  -67.8  -89.6      3   0.00    101   18.6  443.7  443.7  443.7
   67.3  19075  -67.8  -89.6      3   0.00    101   18.4  443.9  444.0  443.9
   67.2  19084  -67.8  -89.6      3   0.00    101   18.3  444.2  444.3  444.2
   67.0  19095  -67.7  -89.6      3   0.00    100   18.1  444.6  444.7  444.6
   66.9  19105  -67.8  -89.7      3   0.00    100   18.0  444.7  444.8  444.7
   66.8  19115  -67.8  -89.8      3   0.00     99   17.9  444.8  444.8  444.8
   66.7  19126  -67.9  -89.9      3   0.00     98   17.9  444.9  444.9  444.9
   66.6  19138  -67.9  -89.9      3   0.00     98   17.8  445.1  445.1  445.1
   66.4  19148  -67.7  -89.8      3   0.00     97   17.7  445.9  445.9  445.9
   66.3  19158  -67.5  -89.7      3   0.00     96   17.6  446.5  446.5  446.5
   66.2  19168  -67.4  -89.7      3   0.00     95   17.5  446.9  446.9  446.9
   66.1  19178  -67.4  -89.8      3   0.00     94   17.4  447.1  447.2  447.1
   66.0  19188  -67.3  -89.8      3   0.00     94   17.2  447.5  447.5  447.5
   65.9  19198  -67.3  -89.8      3   0.00     93   17.0  447.7  447.7  447.7
   65.8  19210  -67.3  -89.9      3   0.00     93   16.8  447.9  447.9  447.9
   65.7  19220  -67.3  -89.9      3   0.00     92   16.6  448.1  448.1  448.1
   65.5  19230  -67.2  -89.9      3   0.00     92   16.3  448.6  448.6  448.6
   65.4  19241  -67.1  -89.9      3   0.00     92   16.1  449.0  449.1  449.1
   65.3  19251  -67.0  -89.9      3   0.00     92   15.8  449.5  449.5  449.5
   65.2  19261  -66.7  -89.7      3   0.00     93   15.6  450.3  450.3  450.3
   65.1  19272  -66.7  -89.7      3   0.00     93   15.4  450.7  450.7  450.7
   65.0  19283  -66.7  -89.8      3   0.00     93   15.2  450.8  450.8  450.8
   64.8  19296  -66.7  -89.8      3   0.00     94   15.1  451.1  451.1  451.1
   64.7  19305  -66.8  -89.8      3   0.00     94   15.0  451.2  451.3  451.2
   64.6  19322  -66.8  -89.8      3   0.00     95   14.9  451.4  451.4  451.4
   64.5  19332  -66.8  -89.8      3   0.00     95   14.9  451.6  451.6  451.6
   64.3  19342  -66.8  -89.8      3   0.00     95   14.9  452.0  452.0  452.0
   64.2  19360  -66.9  -89.9      3   0.00     96   15.1  451.9  451.9  451.9
   64.0  19370  -66.9  -89.9      3   0.00     96   15.1  452.3  452.3  452.3
   63.9  19380  -67.0  -90.0      3   0.00     96   15.2  452.4  452.4  452.4
   63.8  19390  -67.0  -90.0      3   0.00     96   15.3  452.5  452.6  452.5
   63.7  19401  -67.0  -90.0      3   0.00     96   15.5  452.8  452.8  452.8
   63.6  19411  -66.9  -90.0      3   0.00     96   15.6  453.1  453.1  453.1
   63.5  19421  -66.9  -90.0      3   0.00     95   15.7  453.3  453.3  453.3
   63.4  19432  -66.9  -90.0      3   0.00     95   15.8  453.5  453.5  453.5
   63.3  19442  -67.0  -90.1      3   0.00     94   15.9  453.6  453.6  453.6
   63.2  19452  -67.0  -90.1      3   0.00     94   16.0  453.7  453.8  453.7
   63.1  19462  -67.0  -90.2      3   0.00     93   16.1  453.9  453.9  453.9
   63.0  19471  -67.0  -90.2      3   0.00     93   16.3  454.2  454.2  454.2
   62.9  19481  -66.9  -90.1      2   0.00     92   16.4  454.6  454.6  454.6
   62.8  19492  -66.8  -90.1      2   0.00     92   16.5  454.9  454.9  454.9
   62.6  19503  -66.7  -90.1      2   0.00     91   16.6  455.6  455.6  455.6
   62.5  19514  -66.7  -90.0      2   0.00     91   16.7  455.9  456.0  455.9
   62.4  19525  -66.7  -90.0      2   0.00     91   16.8  456.2  456.2  456.2
   62.3  19536  -66.7  -90.1      2   0.00     90   16.9  456.3  456.3  456.3
   62.2  19546  -66.7  -90.1      2   0.00     90   17.0  456.5  456.5  456.5
   62.1  19557  -66.7  -90.0      2   0.00     90   17.0  456.8  456.8  456.8
   62.0  19567  -66.7  -90.1      2   0.00     90   17.1  456.9  456.9  456.9
   61.9  19578  -66.7  -90.1      2   0.00     90   17.2  457.1  457.1  457.1
   61.8  19589  -66.7  -90.0      2   0.00     90   17.2  457.4  457.5  457.4
   61.7  19599  -66.5  -90.0      2   0.00     90   17.3  457.9  457.9  457.9
   61.5  19610  -66.6  -90.0      2   0.00     90   17.3  458.3  458.3  458.3
   61.4  19622  -66.7  -90.1      2   0.00     90   17.3  458.3  458.3  458.3
   61.3  19632  -66.7  -90.2      2   0.00     91   17.4  458.3  458.3  458.3
   61.2  19642  -66.8  -90.3      2   0.00     91   17.3  458.4  458.4  458.4
   61.1  19653  -66.8  -90.3      2   0.00     91   17.3  458.5  458.6  458.6
   61.0  19664  -66.7  -90.3      2   0.00     92   17.3  458.9  459.0  458.9
   60.9  19675  -66.6  -90.2      2   0.00     92   17.2  459.5  459.5  459.5
   60.8  19685  -66.5  -90.2      2   0.00     92   17.1  459.9  459.9  459.9
   60.7  19696  -66.5  -90.3      2   0.00     93   17.0  460.0  460.0  460.0
   60.6  19706  -66.5  -90.3      2   0.00     93   16.9  460.3  460.3  460.3
   60.5  19716  -66.4  -90.2      2   0.00     93   16.7  460.8  460.8  460.8
   60.4  19727  -66.3  -90.2      2   0.00     93   16.6  461.2  461.3  461.2
   60.3  19736  -66.3  -90.2      2   0.00     93   16.4  461.5  461.5  461.5
   60.2  19746  -66.2  -90.1      2   0.00     92   16.2  461.9  461.9  461.9
   60.1  19757  -66.1  -90.1      2   0.00     92   16.1  462.2  462.2  462.2
   60.0  19767  -66.1  -90.1      2   0.00     92   15.9  462.5  462.5  462.5
   59.9  19778  -66.2  -90.1      2   0.00     92   15.7  462.7  462.7  462.7
   59.7  19790  -66.2  -90.2      2   0.00     91   15.6  462.9  462.9  462.9
   59.6  19809  -66.2  -90.2      2   0.00     90   15.2  463.2  463.2  463.2
   59.5  19820  -66.2  -90.2      2   0.00     90   15.0  463.5  463.5  463.5
   59.3  19831  -66.1  -90.2      2   0.00     90   14.8  464.0  464.0  464.0
   59.2  19851  -66.1  -90.1      2   0.00     89   14.4  464.4  464.4  464.4
   59.1  19861  -66.0  -90.0      2   0.00     89   14.2  464.8  464.8  464.8
   59.0  19871  -66.0  -90.0      2   0.00     88   14.0  465.0  465.0  465.0
   58.8  19883  -66.0  -90.0      2   0.00     88   13.8  465.4  465.4  465.4
   58.7  19893  -66.1  -90.0      2   0.00     88   13.6  465.5  465.5  465.5
   58.6  19903  -66.1  -90.0      2   0.00     87   13.5  465.6  465.6  465.6
   58.5  19914  -66.2  -90.0      2   0.00     87   13.3  465.7  465.7  465.7
   58.4  19925  -66.3  -90.0      2   0.00     86   13.1  465.8  465.8  465.8
   58.3  19934  -66.3  -90.1      2   0.00     85   13.0  465.8  465.9  465.8
   58.2  19944  -66.4  -90.1      2   0.00     84   12.9  465.9  465.9  465.9
   58.1  19954  -66.5  -90.2      2   0.00     83   12.8  465.9  466.0  465.9
   58.0  19975  -66.7  -90.3      2   0.00     81   12.6  465.8  465.8  465.8
   57.9  19985  -66.7  -90.3      2   0.00     80   12.6  465.9  465.9  465.9
   57.8  19995  -66.7  -90.4      2   0.00     79   12.6  466.1  466.1  466.1
   57.7  20005  -66.7  -90.4      2   0.00     78   12.6  466.4  466.4  466.4
   57.6  20016  -66.7  -90.4      2   0.00     77   12.6  466.7  466.7  466.7
   57.5  20026  -66.6  -90.4      2   0.00     76   12.7  467.0  467.0  467.0
   57.4  20036  -66.6  -90.4      2   0.00     75   12.8  467.3  467.3  467.3
   57.3  20047  -66.5  -90.4      2   0.00     75   12.9  467.8  467.8  467.8
   57.2  20057  -66.4  -90.4      2   0.00     74   13.0  468.2  468.2  468.2
   57.1  20068  -66.3  -90.4      2   0.00     74   13.2  468.7  468.7  468.7
   57.0  20079  -66.1  -90.3      2   0.00     74   13.3  469.4  469.4  469.4
   56.9  20089  -65.9  -90.2      2   0.00     74   13.5  470.0  470.0  470.0
   56.8  20099  -65.9  -90.2      2   0.00     74   13.6  470.3  470.3  470.3
   56.7  20109  -66.0  -90.3      2   0.00     74   13.8  470.4  470.4  470.4
   56.6  20119  -66.0  -90.3      2   0.00     73   14.0  470.5  470.5  470.5
   56.5  20128  -66.1  -90.3      2   0.00     73   14.2  470.6  470.6  470.6
   56.4  20139  -66.1  -90.3      2   0.00     73   14.3  470.7  470.7  470.7
   56.3  20149  -66.2  -90.3      2   0.00     73   14.5  470.9  470.9  470.9
   56.2  20159  -66.2  -90.3      2   0.00     72   14.7  471.1  471.1  471.1
   56.1  20169  -66.2  -90.3      2   0.00     72   14.9  471.4  471.4  471.4
   56.0  20180  -66.2  -90.3      2   0.00     71   15.2  471.5  471.5  471.5
   55.9  20190  -66.3  -90.3      2   0.00     71   15.4  471.5  471.5  471.5
   55.8  20200  -66.4  -90.4      2   0.00     70   15.6  471.6  471.6  471.6
   55.7  20211  -66.4  -90.4      2   0.00     70   15.9  471.8  471.8  471.8
   55.6  20221  -66.4  -90.4      2   0.00     70   16.1  472.1  472.1  472.1
   55.5  20240  -66.3  -90.3      2   0.00     69   16.6  472.5  472.5  472.5
   55.4  20250  -66.3  -90.3      2   0.00     69   16.8  472.7  472.7  472.7
   55.3  20260  -66.3  -90.3      2   0.00     69   17.1  472.9  473.0  472.9
   55.2  20271  -66.4  -90.3      2   0.00     69   17.3  473.1  473.1  473.1
   55.1  20282  -66.4  -90.3      2   0.00     70   17.5  473.3  473.3  473.3
   55.0  20292  -66.4  -90.3      2   0.00     70   17.8  473.4  473.4  473.4
   54.9  20303  -66.5  -90.3      2   0.00     71   18.0  473.6  473.6  473.6
   54.8  20313  -66.5  -90.3      2   0.00     71   18.3  473.8  473.8  473.8
   54.7  20323  -66.6  -90.3      2   0.00     72   18.5  473.9  473.9  473.9
   54.6  20333  -66.6  -90.3      2   0.00     72   18.8  474.0  474.0  474.0
   54.5  20344  -66.7  -90.3      2   0.00     73   19.1  474.1  474.2  474.1
   54.4  20354  -66.7  -90.3      2   0.00     74   19.4  474.2  474.2  474.2
   54.3  20364  -66.8  -90.3      2   0.00     75   19.7  474.3  474.4  474.3
   54.2  20385  -66.9  -90.3      2   0.00     76   20.3  474.4  474.4  474.4
   54.1  20396  -66.9  -90.3      2   0.00     77   20.6  474.5  474.6  474.5
   54.0  20407  -67.0  -90.3      2   0.00     77   20.9  474.7  474.7  474.7
   53.9  20418  -67.0  -90.3      2   0.00     78   21.2  474.8  474.8  474.8
   53.8  20428  -67.1  -90.3      2   0.00     78   21.4  474.9  474.9  474.9
   53.7  20439  -67.2  -90.4      2   0.00     79   21.6  475.0  475.0  475.0
   53.6  20449  -67.2  -90.4      3   0.00     79   21.7  475.1  475.1  475.1
   53.5  20459  -67.3  -90.4      3   0.00     80   21.9  475.2  475.2  475.2
   53.4  20470  -67.4  -90.4      3   0.00     81   22.0  475.2  475.2  475.2
   53.3  20480  -67.5  -90.5      3   0.00     81   22.0  475.3  475.3  475.3
   53.2  20489  -67.5  -90.5      3   0.00     82   21.9  475.5  475.5  475.5
   53.1  20500  -67.6  -90.6      3   0.00     82   21.8  475.6  475.6  475.6
   53.0  20512  -67.6  -90.6      3   0.00     83   21.7  475.7  475.7  475.7
   52.9  20522  -67.7  -90.7      3   0.00     84   21.5  475.8  475.8  475.8
   52.8  20533  -67.8  -90.8      3   0.00     84   21.2  475.9  475.9  475.9
   52.7  20553  -67.7  -90.7      2   0.00     85   20.6  476.4  476.4  476.4
   52.6  20563  -67.5  -90.6      2   0.00     85   20.3  477.1  477.1  477.1
   52.5  20574  -67.4  -90.6      2   0.00     85   20.1  477.5  477.5  477.5
   52.4  20584  -67.4  -90.6      2   0.00     85   19.9  477.8  477.9  477.8
   52.3  20595  -67.4  -90.7      2   0.00     85   19.6  478.0  478.1  478.0
   52.2  20606  -67.4  -90.7      2   0.00     85   19.4  478.2  478.2  478.2
   52.1  20615  -67.5  -90.8      2   0.00     85   19.2  478.4  478.5  478.4
   52.0  20624  -67.4  -90.8      2   0.00     85   19.0  478.7  478.7  478.7
   51.9  20644  -67.4  -90.9      2   0.00     85   18.8  479.0  479.0  479.0
   51.8  20654  -67.5  -91.0      2   0.00     86   18.8  479.2  479.2  479.2
   51.7  20665  -67.5  -91.0      2   0.00     86   18.7  479.4  479.4  479.4
   51.6  20675  -67.5  -91.1      2   0.00     86   18.7  479.7  479.7  479.7
   51.5  20685  -67.4  -91.1      2   0.00     86   18.7  480.1  480.1  480.1
   51.4  20696  -67.5  -91.2      2   0.00     86   18.7  480.3  480.3  480.3
   51.3  20706  -67.4  -91.2      2   0.00     87   18.8  480.8  480.8  480.8
   51.2  20727  -67.0  -91.1      2   0.00     87   18.9  481.9  481.9  481.9
   51.1  20738  -66.9  -91.1      2   0.00     88   19.0  482.5  482.5  482.5
   51.0  20748  -66.8  -91.1      2   0.00     88   19.0  482.9  482.9  482.9
   50.9  20759  -66.7  -91.1      2   0.00     88   19.1  483.3  483.3  483.3
   50.8  20770  -66.7  -91.1      2   0.00     88   19.2  483.7  483.7  483.7
   50.7  20780  -66.6  -91.0      2   0.00     88   19.3  484.2  484.2  484.2
   50.6  20791  -66.4  -91.0      2   0.00     88   19.4  484.8  484.8  484.8
   50.5  20802  -66.4  -91.0      2   0.00     89   19.6  485.2  485.2  485.2
   50.4  20813  -66.4  -91.0      2   0.00     89   19.7  485.5  485.6  485.5
   50.3  20834  -66.4  -91.0      2   0.00     89   20.0  485.7  485.7  485.7
   50.2  20845  -66.4  -91.0      2   0.00     89   20.1  485.9  485.9  485.9
   50.1  20855  -66.4  -91.0      2   0.00     89   20.2  486.3  486.3  486.3
   50.0  20866  -66.3  -91.0      2   0.00     89   20.6  486.8  486.8  486.8
   49.9  20876  -66.3  -90.9      2   0.00     89   20.6  487.1  487.1  487.1
   49.8  20886  -66.3  -90.9      2   0.00     89   20.7  487.4  487.4  487.4
   49.7  20897  -66.3  -90.9      2   0.00     89   20.8  487.7  487.7  487.7
   49.6  20918  -66.3  -90.9      2   0.00     89   21.0  488.0  488.0  488.0
   49.5  20928  -66.3  -90.9      2   0.00     89   21.0  488.3  488.3  488.3
   49.4  20938  -66.3  -90.9      2   0.00     89   21.0  488.6  488.6  488.6
   49.3  20948  -66.3  -90.9      2   0.00     89   21.0  488.9  488.9  488.9
   49.2  20959  -66.3  -90.9      2   0.00     88   20.9  489.2  489.2  489.2
   49.1  20979  -66.2  -90.9      2   0.00     88   20.6  489.5  489.5  489.5
   49.0  20989  -66.2  -90.9      2   0.00     87   20.4  489.8  489.9  489.8
   48.9  21001  -66.2  -90.8      2   0.00     87   20.2  490.1  490.1  490.1
   48.8  21011  -66.2  -90.8      2   0.00     87   20.0  490.4  490.4  490.4
   48.7  21021  -66.3  -90.8      2   0.00     86   19.8  490.6  490.6  490.6
   48.6  21033  -66.3  -90.8      2   0.00     86   19.6  490.8  490.9  490.8
   48.5  21055  -66.4  -90.8      2   0.00     85   19.2  490.9  490.9  490.9
   48.4  21067  -66.4  -90.8      2   0.00     84   19.0  491.0  491.1  491.0
   48.3  21078  -66.5  -90.8      2   0.00     84   18.8  491.2  491.2  491.2
   48.2  21088  -66.6  -90.8      2   0.00     83   18.6  491.3  491.3  491.3
   48.1  21099  -66.7  -90.8      2   0.00     83   18.4  491.4  491.4  491.4
   48.0  21111  -66.7  -90.8      2   0.00     82   18.3  491.5  491.5  491.5
   47.9  21121  -66.8  -90.8      2   0.00     82   18.1  491.6  491.6  491.6
   47.8  21133  -66.9  -90.8      2   0.00     81   18.0  491.7  491.8  491.7
   47.7  21156  -67.0  -90.9      2   0.00     81   17.7  491.8  491.8  491.8
   47.6  21167  -67.0  -90.9      2   0.00     80   17.7  492.0  492.0  492.0
   47.5  21178  -67.0  -90.9      2   0.00     80   17.7  492.3  492.3  492.3
   47.4  21189  -67.1  -91.0      2   0.00     80   17.7  492.5  492.5  492.5
   47.3  21200  -67.1  -91.0      2   0.00     80   17.7  492.6  492.6  492.6
   47.2  21211  -67.2  -91.1      2   0.00     79   17.8  492.8  492.8  492.8
   47.1  21222  -67.2  -91.1      2   0.00     79   18.0  493.0  493.0  493.0
   47.0  21246  -67.2  -91.2      2   0.00     79   18.4  493.2  493.3  493.2
   46.9  21258  -67.2  -91.3      2   0.00     79   18.7  493.5  493.6  493.5
   46.8  21269  -67.2  -91.3      2   0.00     79   19.0  494.0  494.0  494.0
   46.7  21280  -67.2  -91.3      2   0.00     79   19.4  494.3  494.3  494.3
   46.6  21291  -67.2  -91.4      2   0.00     79   19.7  494.6  494.6  494.6
   46.5  21302  -67.2  -91.4      2   0.00     79   20.0  494.9  494.9  494.9
   46.4  21314  -67.1  -91.5      2   0.00     80   20.3  495.3  495.3  495.3
   46.3  21326  -67.1  -91.5      2   0.00     80   20.5  495.7  495.7  495.7
   46.2  21348  -67.0  -91.5      2   0.00     81   20.8  496.3  496.4  496.3
   46.1  21360  -66.9  -91.5      2   0.00     81   20.9  496.9  496.9  496.9
   46.0  21372  -66.7  -91.4      2   0.00     82   21.0  497.6  497.6  497.6
   45.9  21383  -66.6  -91.4      2   0.00     82   20.9  498.1  498.1  498.1
   45.8  21394  -66.5  -91.4      2   0.00     82   20.9  498.6  498.7  498.6
   45.7  21405  -66.5  -91.4      2   0.00     83   20.8  499.1  499.1  499.1
   45.6  21428  -66.3  -91.4      2   0.00     83   20.5  499.7  499.7  499.7
   45.5  21439  -66.2  -91.3      2   0.00     83   20.3  500.3  500.4  500.3
   45.4  21451  -66.1  -91.3      2   0.00     84   20.2  500.9  500.9  500.9
   45.3  21463  -66.0  -91.2      2   0.00     84   20.0  501.4  501.4  501.4
   45.2  21475  -66.0  -91.2      2   0.00     84   20.0  501.7  501.7  501.7
   45.1  21486  -66.0  -91.3      2   0.00     84   19.9  502.0  502.1  502.0
   45.0  21497  -66.0  -91.3      2   0.00     84   19.9  502.4  502.4  502.4
   44.9  21519  -66.0  -91.3      2   0.00     85   20.1  502.7  502.7  502.7
   44.8  21531  -66.0  -91.3      2   0.00     85   20.3  503.0  503.0  503.0
   44.7  21541  -66.0  -91.3      2   0.00     86   20.5  503.4  503.4  503.4
   44.6  21552  -65.8  -91.3      2   0.00     86   20.8  504.1  504.1  504.1
   44.5  21564  -65.6  -91.1      2   0.00     87   21.0  505.0  505.0  505.0
   44.4  21586  -65.3  -90.9      2   0.00     88   21.5  506.0  506.0  506.0
   44.3  21597  -65.3  -90.9      2   0.00     88   21.8  506.5  506.5  506.5
   44.2  21609  -65.3  -90.9      2   0.00     89   22.0  506.8  506.8  506.8
   44.1  21621  -65.3  -91.0      2   0.00     89   22.1  507.1  507.1  507.1
   44.0  21644  -65.3  -91.0      2   0.00     90   22.2  507.3  507.3  507.3
   43.9  21654  -65.3  -91.0      2   0.00     90   22.2  507.6  507.7  507.6
   43.8  21664  -65.3  -91.1      2   0.00     90   22.2  507.9  507.9  507.9
   43.7  21675  -65.4  -91.1      2   0.00     90   22.1  508.2  508.2  508.2
   43.6  21698  -65.3  -91.1      2   0.00     90   21.8  508.8  508.8  508.8
   43.5  21710  -65.0  -90.9      2   0.00     90   21.6  509.8  509.8  509.8
   43.4  21721  -64.9  -90.9      2   0.00     89   21.5  510.3  510.3  510.3
   43.3  21732  -64.9  -90.9      2   0.00     89   21.3  510.6  510.6  510.6
   43.2  21754  -64.7  -90.8      2   0.00     88   21.0  511.6  511.6  511.6
   43.1  21766  -64.4  -90.7      2   0.00     87   20.9  512.5  512.5  512.5
   43.0  21778  -64.3  -90.6      2   0.00     86   20.8  513.1  513.1  513.1
   42.9  21789  -64.3  -90.6      2   0.00     85   20.7  513.5  513.5  513.5
   42.8  21810  -64.4  -90.7      2   0.00     84   20.6  513.6  513.6  513.6
   42.7  21821  -64.4  -90.7      2   0.00     83   20.5  513.9  513.9  513.9
   42.6  21832  -64.5  -90.7      2   0.00     82   20.5  514.2  514.2  514.2
   42.5  21853  -64.5  -90.7      2   0.00     80   20.5  514.5  514.5  514.5
   42.4  21864  -64.5  -90.7      2   0.00     80   20.5  514.8  514.8  514.8
   42.3  21875  -64.3  -90.6      2   0.00     79   20.5  515.5  515.5  515.5
   42.2  21896  -64.1  -90.4      2   0.00     78   20.5  516.4  516.4  516.4
   42.1  21908  -64.1  -90.3      2   0.00     78   20.5  516.7  516.7  516.7
   42.0  21919  -64.1  -90.3      2   0.00     77   20.6  517.0  517.1  517.0
   41.9  21940  -64.3  -90.4      2   0.00     77   20.6  517.0  517.0  517.0
   41.8  21951  -64.4  -90.4      2   0.00     76   20.6  517.2  517.2  517.2
   41.7  21962  -64.4  -90.3      2   0.00     76   20.7  517.4  517.5  517.4
   41.6  21985  -64.5  -90.3      2   0.00     76   20.8  517.5  517.5  517.5
   41.5  21996  -64.6  -90.3      2   0.00     76   20.9  517.7  517.7  517.7
   41.4  22007  -64.7  -90.3      2   0.00     76   21.0  517.9  517.9  517.9
   41.3  22026  -64.8  -90.3      2   0.00     76   21.2  518.0  518.0  518.0
   41.2  22037  -64.8  -90.3      2   0.00     76   21.3  518.3  518.3  518.3
   41.1  22049  -64.8  -90.3      2   0.00     76   21.4  518.5  518.5  518.5
   41.0  22071  -64.9  -90.4      2   0.00     75   21.6  518.7  518.7  518.7
   40.9  22081  -64.9  -90.4      2   0.00     75   21.7  519.0  519.0  519.0
   40.8  22102  -65.0  -90.4      2   0.00     75   21.8  519.3  519.3  519.3
   40.7  22113  -65.0  -90.4      2   0.00     75   21.8  519.6  519.6  519.6
   40.6  22124  -65.0  -90.4      2   0.00     75   21.8  519.8  519.8  519.8
   40.5  22146  -65.1  -90.4      2   0.00     75   21.7  520.0  520.0  520.0
   40.4  22157  -65.2  -90.5      2   0.00     74   21.6  520.2  520.3  520.2
   40.3  22178  -65.3  -90.5      2   0.00     74   21.6  520.3  520.3  520.3
   40.2  22189  -65.3  -90.5      2   0.00     74   21.5  520.7  520.7  520.7
   40.1  22199  -65.3  -90.5      2   0.00     74   21.6  521.1  521.1  521.1
   40.0  22221  -65.4  -90.6      2   0.00     74   21.6  521.1  521.1  521.1
   39.9  22231  -65.5  -90.6      2   0.00     74   21.7  521.3  521.3  521.3
   39.8  22252  -65.5  -90.7      2   0.00     75   22.0  521.6  521.6  521.6
   39.7  22261  -65.5  -90.7      2   0.00     75   22.2  521.9  521.9  521.9
   39.6  22282  -65.5  -90.7      2   0.00     74   22.5  522.4  522.5  522.4
   39.5  22293  -65.5  -90.7      2   0.00     74   22.7  522.8  522.8  522.8
   39.4  22315  -65.5  -90.7      2   0.00     74   23.1  523.2  523.2  523.2
   39.3  22325  -65.5  -90.7      2   0.00     74   23.3  523.6  523.6  523.6
   39.2  22347  -65.5  -90.8      2   0.00     73   23.7  523.8  523.8  523.8
   39.1  22357  -65.6  -90.8      2   0.00     73   23.8  524.1  524.1  524.1
   39.0  22378  -65.6  -90.9      2   0.00     73   24.0  524.4  524.4  524.4
   38.9  22388  -65.7  -90.9      2   0.00     73   24.1  524.6  524.6  524.6
   38.8  22398  -65.7  -90.9      2   0.00     73   24.2  525.0  525.0  525.0
   38.7  22418  -65.5  -90.8      2   0.00     73   24.3  525.8  525.8  525.8
   38.6  22440  -65.5  -90.8      2   0.00     74   24.5  526.3  526.3  526.3
   38.5  22450  -65.5  -90.9      2   0.00     74   24.6  526.6  526.6  526.6
   38.4  22471  -65.5  -90.9      2   0.00     75   24.8  526.9  526.9  526.9
   38.3  22481  -65.6  -91.0      2   0.00     75   25.0  527.2  527.2  527.2
   38.2  22503  -65.6  -91.1      2   0.00     75   25.3  527.4  527.5  527.4
   38.1  22514  -65.5  -91.0      2   0.00     75   25.4  528.1  528.1  528.1
   38.0  22534  -65.5  -91.0      2   0.00     75   25.7  528.6  528.6  528.6
   37.9  22544  -65.4  -91.0      2   0.00     74   25.9  529.1  529.1  529.1
   37.8  22565  -65.4  -91.1      2   0.00     74   26.1  529.6  529.6  529.6
   37.7  22575  -65.3  -91.1      2   0.00     73   26.2  530.2  530.2  530.2
   37.6  22596  -65.2  -91.1      2   0.00     73   26.4  530.8  530.9  530.8
   37.5  22605  -65.2  -91.1      2   0.00     73   26.6  531.3  531.4  531.3
   37.4  22626  -65.2  -91.1      2   0.00     73   26.8  531.8  531.8  531.8
   37.3  22647  -65.0  -91.1      2   0.00     73   27.1  532.7  532.7  532.7
   37.2  22657  -64.9  -91.1      2   0.00     73   27.2  533.3  533.3  533.3
   37.1  22676  -64.7  -91.1      2   0.00     73   27.6  534.3  534.3  534.3
   37.0  22698  -64.7  -91.2      2   0.00     74   28.0  534.7  534.7  534.7
   36.9  22709  -64.7  -91.3      1   0.00     74   28.2  535.1  535.1  535.1
   36.8  22730  -64.7  -91.4      1   0.00     75   28.8  535.5  535.5  535.5
   36.7  22741  -64.5  -91.4      1   0.00     76   29.0  536.5  536.5  536.5
   36.6  22763  -63.9  -91.1      1   0.00     77   29.6  538.5  538.5  538.5
   36.5  22774  -63.6  -91.0      1   0.00     78   29.9  539.6  539.6  539.6
   36.4  22796  -63.5  -91.1      1   0.00     80   30.4  540.3  540.3  540.3
   36.3  22807  -63.4  -91.2      1   0.00     81   30.7  540.9  540.9  540.9
   36.2  22829  -63.2  -91.2      1   0.00     83   31.1  541.9  541.9  541.9
   36.1  22840  -63.0  -91.1      1   0.00     83   31.3  542.8  542.8  542.8
   36.0  22863  -62.3  -90.8      1   0.00     85   31.5  544.9  545.0  544.9
   35.9  22875  -62.2  -90.8      1   0.00     86   31.6  545.8  545.8  545.8
   35.8  22899  -62.0  -90.8      1   0.00     87   31.6  546.6  546.7  546.6
   35.7  22909  -62.0  -90.9      1   0.00     88   31.6  547.3  547.3  547.3
   35.6  22932  -61.4  -90.6      1   0.00     90   31.5  549.1  549.1  549.1
   35.5  22946  -61.1  -90.5      1   0.00     91   31.4  550.3  550.4  550.4
   35.4  22959  -60.8  -90.4      1   0.00     91   31.3  551.6  551.6  551.6
   35.3  22983  -60.5  -90.3      1   0.00     93   31.1  552.8  552.8  552.8
   35.2  22996  -60.3  -90.2      1   0.00     95   31.0  553.8  553.8  553.8
   35.1  23022  -60.1  -90.2      1   0.00     97   30.8  554.8  554.8  554.8
   35.0  23035  -59.9  -90.2      1   0.00     98   30.6  555.7  555.7  555.7
   34.9  23048  -59.8  -90.1      1   0.00     99   30.5  556.5  556.5  556.5
   34.8  23076  -59.4  -89.9      1   0.00    102   30.2  558.0  558.0  558.0
   34.7  23090  -59.2  -89.8      1   0.00    103   30.1  558.9  559.0  558.9
   34.6  23103  -59.0  -89.7      1   0.00    104   29.9  560.0  560.1  560.0
   34.5  23129  -58.7  -89.5      1   0.00    106   29.7  561.1  561.2  561.1
   34.4  23141  -58.5  -89.4      1   0.00    107   29.6  562.1  562.1  562.1
   34.3  23167  -58.1  -89.0      1   0.00    108   29.3  563.6  563.6  563.6
   34.2  23179  -57.9  -88.8      1   0.00    109   29.2  564.8  564.8  564.8
   34.1  23205  -57.9  -88.7      1   0.00    110   29.0  565.0  565.0  565.0
   34.0  23219  -58.0  -88.7      1   0.00    111   28.8  565.2  565.3  565.2
   33.9  23231  -58.1  -88.7      1   0.00    111   28.6  565.5  565.6  565.5
   33.8  23256  -58.3  -88.7      1   0.00    112   28.2  565.6  565.6  565.6
   33.7  23278  -58.4  -88.7      1   0.00    114   27.7  565.7  565.7  565.7
   33.6  23290  -58.4  -88.7      1   0.00    114   27.4  566.1  566.2  566.1
   33.5  23313  -58.5  -88.7      1   0.00    116   26.8  566.5  566.6  566.5
   33.4  23325  -58.5  -88.7      1   0.00    116   26.4  566.9  566.9  566.9
   33.3  23346  -58.3  -88.6      1   0.00    117   25.5  568.0  568.0  568.0
   33.2  23366  -57.8  -88.4      1   0.00    118   24.8  569.7  569.8  569.7
   33.1  23388  -57.7  -88.3      1   0.00    119   24.0  570.6  570.6  570.6
   33.0  23408  -57.6  -88.4      1   0.00    120   23.0  571.1  571.2  571.2
   32.9  23419  -57.5  -88.3      1   0.00    120   22.6  572.0  572.0  572.0
   32.8  23440  -57.3  -88.1      1   0.01    120   21.7  573.2  573.2  573.2
   32.7  23463  -57.4  -88.2      1   0.01    120   20.9  573.3  573.4  573.3
   32.6  23484  -57.5  -88.1      1   0.01    120   20.1  573.6  573.7  573.6
   32.5  23495  -57.4  -88.1      1   0.01    120   19.8  574.2  574.2  574.2
   32.4  23517  -57.5  -88.0      1   0.01    120   19.1  574.6  574.6  574.6
   32.3  23539  -57.5  -88.0      1   0.01    120   18.5  574.9  575.0  574.9
   32.2  23560  -57.6  -87.9      1   0.01    120   17.8  575.2  575.2  575.2
   32.1  23582  -57.8  -87.9      1   0.01    120   17.1  575.4  575.4  575.4
   32.0  23603  -57.9  -87.8      1   0.01    120   16.3  575.6  575.6  575.6
   31.9  23614  -58.0  -87.9      1   0.01    120   16.0  575.8  575.9  575.8
   31.8  23635  -58.1  -87.9      1   0.01    120   15.2  576.0  576.0  576.0
   31.7  23656  -58.2  -87.9      1   0.01    119   14.4  576.2  576.2  576.2
   31.6  23677  -58.3  -87.9      1   0.01    118   13.6  576.4  576.5  576.4
   31.5  23699  -58.5  -88.0      1   0.01    116   12.9  576.5  576.6  576.5
   31.4  23721  -58.6  -88.0      1   0.01    114   12.1  576.7  576.8  576.7
   31.3  23732  -58.7  -88.1      1   0.01    113   11.8  577.0  577.1  577.0
   31.2  23762  -58.9  -88.2      1   0.01    109   10.9  577.0  577.0  577.0
   31.1  23772  -59.0  -88.3      1   0.01    107   10.6  577.3  577.3  577.3
   31.0  23794  -59.0  -88.3      1   0.01    103   10.2  577.7  577.8  577.7
   30.9  23815  -59.0  -88.3      1   0.01     99    9.9  578.4  578.5  578.4
   30.8  23834  -59.0  -88.3      1   0.01     95    9.7  578.9  578.9  578.9
   30.7  23854  -59.1  -88.4      1   0.01     91    9.7  579.1  579.1  579.1
   30.6  23876  -59.1  -88.5      1   0.01     88    9.8  579.6  579.6  579.6
   30.5  23897  -59.2  -88.5      1   0.01     84   10.0  580.0  580.0  580.0
   30.4  23918  -59.3  -88.6      1   0.01     81   10.3  580.2  580.3  580.2
   30.3  23940  -59.3  -88.6      1   0.01     78   10.6  580.7  580.7  580.7
   30.2  23963  -59.3  -88.5      1   0.01     75   11.0  581.3  581.3  581.3
   30.1  23984  -59.4  -88.6      1   0.01     73   11.4  581.5  581.5  581.5
   30.0  24007  -59.6  -88.7      1   0.01     71   12.1  581.7  581.7  581.7
   29.9  24025  -59.5  -88.7      1   0.01     70   12.3  582.3  582.3  582.3
   29.8  24047  -59.6  -88.8      1   0.01     70   12.8  582.8  582.8  582.8
   29.7  24069  -59.6  -88.9      1   0.00     70   13.2  583.3  583.3  583.3
   29.6  24092  -59.5  -89.0      1   0.00     72   13.8  584.0  584.0  584.0
   29.5  24103  -59.3  -88.9      1   0.00     72   14.0  585.1  585.1  585.1
   29.4  24126  -59.0  -88.7      1   0.01     74   14.6  586.6  586.6  586.6
   29.3  24149  -59.0  -88.8      1   0.01     76   15.1  587.1  587.2  587.1
   29.2  24173  -59.1  -88.8      1   0.01     79   15.6  587.5  587.6  587.5
   29.1  24196  -59.2  -88.9      1   0.01     80   16.1  587.8  587.9  587.8
   29.0  24221  -59.3  -88.9      1   0.01     82   16.4  588.1  588.2  588.1
   28.9  24233  -59.3  -88.9      1   0.01     83   16.6  588.6  588.6  588.6
   28.8  24254  -59.2  -88.9      1   0.01     83   16.7  589.5  589.5  589.5
   28.7  24280  -59.0  -88.8      1   0.01     83   16.7  590.6  590.6  590.6
   28.6  24304  -58.9  -88.7      1   0.01     82   16.6  591.6  591.7  591.6
   28.5  24327  -58.7  -88.6      1   0.01     81   16.5  592.5  592.6  592.5
   28.4  24351  -58.6  -88.5      1   0.01     80   16.4  593.6  593.6  593.6
   28.3  24362  -58.6  -88.6      1   0.01     80   16.4  594.1  594.2  594.1
   28.2  24385  -58.7  -88.7      1   0.01     79   16.4  594.4  594.5  594.4
   28.1  24410  -58.9  -88.8      1   0.01     79   16.6  594.6  594.7  594.6
   28.0  24435  -58.9  -89.0      1   0.01     79   16.8  595.0  595.0  595.0
   27.9  24458  -58.6  -88.8      1   0.01     79   17.2  596.6  596.6  596.6
   27.8  24483  -58.5  -88.9      1   0.01     79   17.6  597.5  597.5  597.5
   27.7  24507  -58.0  -88.7      1   0.01     78   18.0  599.3  599.4  599.3
   27.6  24520  -57.8  -88.6      1   0.01     77   18.2  600.7  600.7  600.7
   27.5  24543  -57.3  -88.3      1   0.01     75   18.7  602.6  602.7  602.6
   27.4  24568  -57.3  -88.3      1   0.01     74   19.2  603.2  603.3  603.2
   27.3  24592  -57.4  -88.3      1   0.01     72   19.7  603.6  603.7  603.6
   27.2  24615  -57.4  -88.3      1   0.01     70   20.3  604.1  604.2  604.1
   27.1  24640  -57.4  -88.1      1   0.01     68   20.9  604.8  604.9  604.8
   27.0  24663  -57.5  -88.1      1   0.01     67   21.5  605.1  605.2  605.1
   26.9  24687  -57.6  -88.0      1   0.01     65   22.1  605.6  605.7  605.6
   26.8  24710  -57.7  -88.0      1   0.01     64   22.7  606.1  606.1  606.1
   26.7  24732  -57.7  -88.0      1   0.01     63   23.4  606.6  606.6  606.6
   26.6  24756  -57.8  -88.0      1   0.01     63   24.0  607.0  607.1  607.0
   26.5  24778  -57.8  -88.0      1   0.01     63   24.7  607.6  607.6  607.6
   26.4  24800  -57.9  -88.1      1   0.01     63   25.3  608.0  608.0  608.0
   26.3  24823  -57.9  -88.1      1   0.01     64   25.8  608.6  608.7  608.6
   26.2  24857  -57.7  -88.1      1   0.01     65   26.4  609.8  609.9  609.8
   26.1  24879  -57.7  -88.1      1   0.01     67   26.7  610.5  610.5  610.5
   26.0  24902  -57.8  -88.3      1   0.01     69   27.0  611.0  611.0  611.0
   25.9  24925  -57.8  -88.4      1   0.01     71   27.1  611.7  611.8  611.7
   25.8  24944  -57.6  -88.4      1   0.01     73   27.1  612.7  612.8  612.7
   25.7  24978  -57.1  -88.2      1   0.01     76   27.0  614.9  614.9  614.9
   25.6  25000  -56.7  -88.0      1   0.01     79   26.9  616.7  616.7  616.7
   25.5  25020  -56.6  -88.0      1   0.01     81   26.8  617.9  617.9  617.9
   25.4  25042  -56.4  -87.9      1   0.01     84   26.6  618.9  619.0  618.9
   25.3  25076  -56.5  -88.0      1   0.01     87   26.3  619.4  619.5  619.4
   25.2  25096  -56.6  -88.0      1   0.01     88   26.1  620.0  620.0  620.0
   25.1  25126  -56.6  -88.0      1   0.01     90   25.8  620.6  620.7  620.6
   25.0  25148  -56.6  -88.0      1   0.01     90   25.7  621.4  621.4  621.4
   24.9  25169  -56.3  -87.8      1   0.01     89   25.5  622.9  623.0  622.9
   24.8  25199  -55.9  -87.6      1   0.01     88   25.5  624.7  624.8  624.7
   24.7  25219  -55.8  -87.6      1   0.01     86   25.5  625.8  625.9  625.8
   24.6  25248  -55.7  -87.6      1   0.01     84   25.8  626.7  626.8  626.7
   24.5  25277  -55.6  -87.5      1   0.01     82   26.2  627.8  627.8  627.8
   24.4  25297  -55.6  -87.5      1   0.01     81   26.5  628.6  628.6  628.6
   24.3  25327  -55.4  -87.4      1   0.01     80   26.9  629.9  630.0  629.9
   24.2  25349  -55.2  -87.3      1   0.01     80   27.1  631.0  631.1  631.0
   24.1  25377  -54.9  -87.2      1   0.01     81   27.2  632.6  632.7  632.6
   24.0  25407  -54.7  -87.1      1   0.01     82   27.3  634.2  634.3  634.2
   23.9  25438  -54.4  -87.0      1   0.01     84   27.3  635.6  635.7  635.6
   23.8  25458  -54.3  -86.9      1   0.01     85   27.2  636.9  637.0  636.9
   23.7  25488  -54.2  -86.8      1   0.01     87   27.2  637.9  638.0  637.9
   23.6  25510  -54.2  -86.8      1   0.01     88   27.1  638.7  638.8  638.7
   23.5  25540  -54.2  -86.7      1   0.01     90   27.1  639.5  639.6  639.5
   23.4  25573  -54.2  -86.6      1   0.01     91   27.1  640.2  640.3  640.2
   23.3  25594  -54.1  -86.5      1   0.01     92   27.1  641.2  641.3  641.2
   23.2  25626  -54.1  -86.4      1   0.01     92   27.2  642.0  642.1  642.0
   23.1  25648  -54.1  -86.4      1   0.01     91   27.3  642.8  642.9  642.8
   23.0  25682  -54.2  -86.3      1   0.01     89   27.6  643.2  643.3  643.2
   22.9  25706  -54.4  -86.4      1   0.01     88   27.9  643.5  643.6  643.5
   22.8  25731  -54.5  -86.4      1   0.01     87   28.3  644.0  644.1  644.0
   22.7  25766  -54.4  -86.3      1   0.01     86   28.7  645.0  645.1  645.0
   22.6  25791  -54.5  -86.3      1   0.01     85   29.0  645.7  645.8  645.7
   22.5  25818  -54.6  -86.4      1   0.01     85   29.3  646.1  646.2  646.1
   22.4  25843  -54.8  -86.5      1   0.01     85   29.6  646.4  646.5  646.4
   22.3  25882  -54.8  -86.5      1   0.01     86   29.8  647.2  647.3  647.2
   22.2  25908  -55.0  -86.6      1   0.01     87   29.9  647.6  647.7  647.6
   22.1  25935  -55.1  -86.7      1   0.01     88   30.0  648.0  648.1  648.0
   22.0  25961  -55.2  -86.8      1   0.01     89   29.9  648.5  648.6  648.5
   21.9  25990  -55.1  -86.8      1   0.01     90   29.6  649.7  649.8  649.7
   21.8  26017  -55.1  -86.8      1   0.01     90   29.4  650.7  650.8  650.7
   21.7  26045  -54.9  -86.8      1   0.01     91   29.1  652.0  652.1  652.0
   21.6  26087  -54.8  -86.9      1   0.01     91   28.9  653.2  653.3  653.2
   21.5  26113  -54.7  -86.9      1   0.01     91   28.8  654.3  654.4  654.3
   21.4  26141  -54.6  -86.8      1   0.01     91   28.9  655.4  655.5  655.4
   21.3  26170  -54.5  -86.7      1   0.01     91   29.2  656.7  656.8  656.7
   21.2  26199  -54.5  -86.7      1   0.01     90   29.5  657.5  657.6  657.5
   21.1  26228  -54.6  -86.6      1   0.01     90   29.9  658.1  658.2  658.1
   21.0  26258  -54.7  -86.6      1   0.01     90   30.2  658.7  658.8  658.7
   20.9  26288  -54.9  -86.6      1   0.01     90   30.4  659.2  659.3  659.2
   20.8  26318  -55.0  -86.7      1   0.01     90   30.5  659.6  659.7  659.6
   20.7  26348  -55.0  -86.7      1   0.01     90   30.4  660.4  660.5  660.4
   20.6  26377  -55.0  -86.7      1   0.01     90   30.3  661.4  661.5  661.4
   20.5  26421  -55.0  -86.8      1   0.01     90   29.8  662.5  662.6  662.5
   20.4  26451  -55.0  -86.9      1   0.01     90   29.6  663.2  663.3  663.2
   20.3  26482  -55.1  -87.0      1   0.01     89   29.5  664.0  664.1  664.0
   20.2  26511  -55.0  -87.1      1   0.01     89   29.4  665.1  665.2  665.1
   20.1  26541  -54.1  -86.5      1   0.01     89   29.5  669.0  669.1  669.0
   20.0  26581  -53.9  -86.5      1   0.01     89   29.8  670.5  670.6  670.5
   19.9  26601  -54.0  -86.5      1   0.01     89   30.0  671.2  671.3  671.2
   19.8  26642  -54.2  -86.6      1   0.01     89   30.5  671.3  671.4  671.3
   19.7  26670  -54.4  -86.5      1   0.01     89   30.7  671.8  672.0  671.8
   19.6  26699  -54.5  -86.5      1   0.01     88   30.8  672.4  672.6  672.4
   19.5  26728  -54.7  -86.5      1   0.01     88   30.8  672.9  673.1  672.9
   19.4  26772  -54.9  -86.5      1   0.01     88   30.6  673.2  673.4  673.3
   19.3  26800  -55.0  -86.5      1   0.01     88   30.3  673.8  673.9  673.8
   19.2  26828  -55.1  -86.6      1   0.01     89   29.9  674.6  674.7  674.6
   19.1  26869  -55.2  -86.7      1   0.01     89   29.3  675.2  675.3  675.2
   19.0  26895  -55.3  -86.8      1   0.01     88   28.9  675.9  676.0  675.9
   18.9  26935  -55.4  -86.9      1   0.01     88   28.7  676.6  676.7  676.6
   18.8  26972  -55.2  -86.9      1   0.01     87   28.9  678.4  678.5  678.4
   18.7  26998  -54.8  -86.7      1   0.01     86   29.4  680.5  680.6  680.5
   18.6  27034  -54.8  -86.9      1   0.01     85   30.3  681.6  681.7  681.6
   18.5  27069  -54.6  -86.9      1   0.01     84   31.5  683.4  683.5  683.4
   18.4  27105  -54.5  -87.1      1   0.01     84   32.6  684.6  684.7  684.6
   18.3  27139  -54.1  -86.9      1   0.01     84   33.5  686.9  687.0  686.9
   18.2  27174  -54.1  -87.0      1   0.01     85   34.2  688.1  688.2  688.1
   18.1  27209  -53.7  -86.8      1   0.01     85   34.6  690.4  690.5  690.4
   18.0  27241  -53.7  -86.7      1   0.01     86   34.8  691.6  691.7  691.6
   17.9  27275  -53.8  -86.7      1   0.01     87   34.7  692.4  692.6  692.4
   17.8  27318  -53.5  -86.6      1   0.01     88   34.1  694.4  694.5  694.4
   17.7  27348  -53.3  -86.5      1   0.01     88   33.4  696.2  696.4  696.3
   17.6  27383  -53.0  -86.5      1   0.01     89   32.7  698.4  698.5  698.4
   17.5  27426  -52.4  -86.3      1   0.01     89   32.0  701.3  701.4  701.3
   17.4  27457  -52.0  -86.1      1   0.01     89   31.6  703.6  703.8  703.6
   17.3  27503  -51.8  -86.1      1   0.01     89   31.7  705.5  705.7  705.5
   17.2  27537  -51.4  -85.9      1   0.01     90   32.1  708.1  708.2  708.1
   17.1  27572  -51.0  -85.6      1   0.02     91   32.6  710.5  710.6  710.5
   17.0  27607  -50.6  -85.4      1   0.02     92   32.9  712.8  713.0  712.9
   16.9  27657  -50.5  -85.3      1   0.02     93   33.0  714.3  714.5  714.3
   16.8  27694  -50.4  -85.2      1   0.02     93   32.7  716.0  716.1  716.0
   16.7  27733  -50.2  -85.0      1   0.02     93   32.2  717.8  718.0  717.8
   16.6  27761  -50.2  -85.0      1   0.02     92   31.8  718.9  719.1  718.9
   16.5  27800  -50.2  -85.0      1   0.02     91   31.4  720.2  720.4  720.2
   16.4  27841  -49.9  -84.8      1   0.02     90   31.1  722.4  722.6  722.4
   16.3  27882  -49.8  -84.8      1   0.02     90   31.1  724.1  724.3  724.1
   16.2  27927  -49.7  -84.7      1   0.02     89   31.3  725.8  726.0  725.8
   16.1  27971  -49.6  -84.7      1   0.02     88   31.6  727.3  727.5  727.3
   16.0  28002  -49.4  -84.7      1   0.02     88   31.8  729.3  729.6  729.3
   15.9  28043  -49.1  -84.6      1   0.02     88   31.9  731.4  731.6  731.4
   15.8  28091  -48.9  -84.5      1   0.02     88   31.7  733.4  733.6  733.4
   15.7  28136  -48.6  -84.4      1   0.02     89   31.1  735.7  735.9  735.7
   15.6  28180  -48.6  -84.3      1   0.02     90   30.2  737.3  737.5  737.3
   15.5  28211  -48.6  -84.3      1   0.02     91   29.4  738.6  738.8  738.6
   15.4  28253  -48.2  -83.9      1   0.02     92   28.4  741.1  741.4  741.1
   15.3  28296  -48.3  -83.8      1   0.02     93   27.4  742.2  742.5  742.2
   15.2  28340  -48.6  -83.9      1   0.02     93   26.6  742.6  742.9  742.6
   15.1  28384  -48.8  -83.9      1   0.02     93   26.1  743.4  743.7  743.4
   15.0  28427  -48.7  -83.8      1   0.02     92   26.2  745.2  745.4  745.2
   14.9  28468  -48.6  -83.8      1   0.02     92   26.9  746.7  747.0  746.7
   14.8  28523  -48.8  -83.9      1   0.02     92   28.3  747.7  748.0  747.7
   14.7  28564  -48.9  -83.9      1   0.02     92   29.2  748.9  749.2  748.9
   14.6  28603  -49.0  -84.0      1   0.02     92   29.8  749.9  750.1  749.9
   14.5  28657  -49.2  -84.2      1   0.02     93   29.6  750.6  750.8  750.6
   14.4  28693  -49.0  -84.1      1   0.02     94   29.1  752.9  753.1  752.9
   14.3  28740  -48.8  -84.2      1   0.02     95   28.6  755.0  755.3  755.0
   14.2  28789  -48.4  -84.0      1   0.02     95   28.5  758.0  758.3  758.1
   14.1  28840  -48.2  -84.0      1   0.02     94   28.7  760.2  760.5  760.2
   14.0  28876  -48.0  -84.0      1   0.02     93   28.9  762.2  762.5  762.2
   13.9  28923  -47.8  -83.8      1   0.03     92   29.1  764.5  764.8  764.6
   13.8  28973  -47.8  -83.8      1   0.03     92   29.2  766.1  766.4  766.1
   13.7  29021  -47.9  -83.8      1   0.03     92   29.0  767.6  767.9  767.6
   13.6  29072  -47.7  -83.7      1   0.03     92   28.4  769.5  769.8  769.5
   13.5  29120  -47.3  -83.5      1   0.03     93   27.1  772.5  772.8  772.5
   13.4  29170  -47.1  -83.5      1   0.03     94   25.4  775.0  775.4  775.0
   13.3  29222  -47.1  -83.6      1   0.03     94   23.6  776.8  777.1  776.8
   13.2  29271  -47.1  -83.5      1   0.03     93   22.4  778.3  778.6  778.3
   13.1  29313  -47.2  -83.5      1   0.03     92   21.1  779.9  780.2  779.9
   13.0  29366  -47.1  -83.5      1   0.03     91   19.5  781.7  782.0  781.7
   12.9  29422  -46.9  -83.5      1   0.03     89   17.9  784.0  784.4  784.0
   12.8  29478  -46.7  -83.5      1   0.03     88   17.0  786.8  787.1  786.8
   12.7  29519  -46.4  -83.5      1   0.03     87   16.4  789.3  789.7  789.3
   12.6  29575  -45.5  -83.1      1   0.03     88   16.4  794.2  794.6  794.2
   12.5  29633  -45.3  -83.0      1   0.03     91   17.3  796.8  797.2  796.9
   12.4  29676  -45.3  -82.9      1   0.03     94   18.3  798.6  799.0  798.6
   12.3  29733  -45.5  -82.8      1   0.03     96   19.6  799.7  800.1  799.7
   12.2  29793  -45.8  -82.8      1   0.03     98   20.5  800.6  801.0  800.6
   12.1  29838  -46.0  -82.8      1   0.04     99   21.1  801.7  802.2  801.8
   12.0  29899  -46.3  -82.9      1   0.03    100   21.5  802.6  803.0  802.6
   11.9  29962  -46.2  -82.9      1   0.03     99   21.8  804.8  805.2  804.8
   11.8  30008  -46.2  -83.0      1   0.03     98   21.9  806.7  807.1  806.7
   11.7  30068  -46.4  -83.1      1   0.03     96   22.4  808.1  808.5  808.1
   11.6  30127  -46.4  -83.1      1   0.03     93   22.9  810.2  810.6  810.2
   11.5  30187  -46.6  -83.1      1   0.04     89   23.8  811.6  812.0  811.6
   11.4  30234  -46.8  -83.1      1   0.04     87   24.5  812.7  813.1  812.7
   11.3  30293  -47.1  -83.3      1   0.03     83   25.9  813.5  814.0  813.5
   11.2  30353  -47.3  -83.4      1   0.03     80   27.4  815.0  815.4  815.0
   11.1  30413  -47.1  -83.3      1   0.04     78   28.8  817.9  818.3  817.9
   11.0  30471  -47.0  -83.3      1   0.04     77   30.0  820.3  820.7  820.3
   10.9  30527  -47.1  -83.4      1   0.03     76   30.7  822.2  822.6  822.2
   10.8  30599  -47.3  -83.6      1   0.03     76   30.9  823.6  824.0  823.6
   10.7  30654  -47.3  -83.6      1   0.03     78   30.6  825.6  826.1  825.7
   10.6  30723  -47.0  -83.5      1   0.04     79   30.4  829.2  829.6  829.2
   10.5  30777  -46.7  -83.5      1   0.04     78   30.4  832.5  833.0  832.6
   10.4  30842  -46.3  -83.4      1   0.04     78   30.5  836.0  836.5  836.1
   10.3  30910  -46.3  -83.3      1   0.04     78   30.8  838.4  838.9  838.4
   10.2  30974  -46.5  -83.2      1   0.04     78   31.6  839.9  840.4  840.0
   10.1  31037  -46.8  -83.3      1   0.04     79   32.9  841.2  841.7  841.2
   10.0  31128  -47.0  -83.3      1   0.04     80   34.1  843.1  843.6  843.1
    9.9  31171  -47.1  -83.4      1   0.04     80   34.5  845.0  845.5  845.0
    9.8  31238  -47.2  -83.6      1   0.04     81   34.9  847.0  847.5  847.0
    9.7  31296  -47.3  -83.8      1   0.04     80   35.8  849.3  849.8  849.4
    9.6  31365  -46.7  -83.5      1   0.04     80   37.8  853.8  854.3  853.8
    9.5  31441  -46.8  -83.5      1   0.04     79   40.2  856.2  856.7  856.2
    9.4  31511  -47.1  -83.6      1   0.04     79   42.6  857.6  858.1  857.6
    9.3  31581  -47.3  -83.8      1   0.04     79   44.6  859.5  860.0  859.5
    9.2  31650  -47.0  -83.7      1   0.04     78   45.5  863.4  863.9  863.4
    9.1  31725  -46.0  -83.3      1   0.04     79   45.2  869.8  870.4  869.8
    9.0  31791  -46.1  -83.5      1   0.04     81   44.4  872.1  872.7  872.1
    8.9  31872  -46.0  -83.3      1   0.04     83   44.0  875.3  875.9  875.3
    8.8  31938  -46.1  -83.3      1   0.04     83   43.6  877.7  878.3  877.7
    8.7  32017  -46.1  -83.3      1   0.04     84   42.8  880.6  881.2  880.7
    8.6  32096  -46.0  -83.4      1   0.04     85   42.7  884.0  884.6  884.1
    8.5  32171  -45.6  -83.4      1   0.04     86   43.4  888.7  889.3  888.7
    8.4  32256  -44.5  -83.2      1   0.05     86   44.0  895.7  896.3  895.7
    8.3  32335  -43.9  -82.9      1   0.05     87   43.7  901.1  901.8  901.1
    8.2  32415  -43.9  -82.7      1   0.05     89   43.1  904.5  905.2  904.5
    8.1  32494  -43.8  -82.7      1   0.05     90   44.3  907.9  908.7  908.0
    8.0  32572  -43.2  -82.8      1   0.05     88   46.1  913.6  914.4  913.7
    7.9  32663  -41.7  -82.2      0   0.06     86   45.7  923.0  923.8  923.0
    7.8  32747  -41.5  -81.9      0   0.06     86   44.1  927.1  928.0  927.1
    7.7  32830  -41.4  -81.8      0   0.07     88   43.1  931.0  931.9  931.0
    7.6  32922  -41.1  -81.7      0   0.07     89   43.1  935.6  936.6  935.7
    7.5  33011  -40.5  -81.6      0   0.07     89   43.8  941.4  942.4  941.4
    7.4  33107  -40.1  -81.4      0   0.07     89   45.0  946.6  947.6  946.6
    7.3  33201  -39.2  -80.7      0   0.08     90   45.7  954.3  955.4  954.3
    7.2  33283  -39.2  -80.8      0   0.08     90   45.7  957.8  959.0  957.9
    7.1  33378  -39.4  -80.9      0   0.08     91   45.3  960.8  961.9  960.8
    7.0  33482  -39.3  -80.8      0   0.08     92   45.7  965.1  966.3  965.2
    6.9  33575  -38.5  -80.3      0   0.09     93   46.8  972.4  973.7  972.4
    6.8  33681  -37.5  -79.7      0   0.10     94   48.6  980.6  982.2  980.7
    6.7  33774  -36.3  -78.9      0   0.12     94   48.9  989.9  991.7  990.0
    6.6  33892  -35.2  -78.1      0   0.14     93   48.2  998.8 1000.8  998.9
    6.5  33992  -35.0  -78.0      0   0.14     94   48.1 1004.0 1006.1 1004.1
    6.4  34101  -34.5  -77.7      0   0.15     94   46.7 1010.4 1012.7 1010.5
    6.3  34204  -34.4  -77.7      0   0.15     95   46.8 1015.4 1017.7 1015.5
    6.2  34311  -33.4  -77.0      0   0.17     97   48.5 1024.6 1027.2 1024.7
    6.1  34434  -31.5  -75.8      0   0.21     98   48.6 1037.4 1040.6 1037.5
    6.0  34543  -29.7  -74.6      0   0.26     95   46.9 1050.3 1054.2 1050.4
    5.9  34660  -29.0  -74.2      0   0.28     95   46.4 1058.0 1062.2 1058.1
    5.8  34785  -27.9  -73.5      0   0.31     95   45.7 1067.9 1072.8 1068.1
    5.7  34907  -27.3  -73.1      0   0.34     92   45.2 1076.3 1081.6 1076.5
