Latitude: 22.312 Longitude: 114.17
-----------------------------------------------------------------------------
   PRES   HGHT   TEMP   DWPT   RELH   MIXR   DRCT   SPED   THTA   THTE   THTV
    hPa      m      C      C      %   g/kg    deg    m/s      K      K      K 
-----------------------------------------------------------------------------
 1000.0     53                                                               
  998.6     66   30.3   26.9     82  22.89    290    0.5  303.6  372.2  307.7
  996.5     85   30.1   27.1     84  23.18    282    2.1  303.5  373.1  307.7
  995.7     92   30.0   27.0     84  23.10    282    2.4  303.5  372.8  307.6
  994.7    101   29.9   26.8     84  22.90    283    2.6  303.5  372.1  307.6
  993.6    111   29.8   26.8     84  22.82    283    2.7  303.5  371.9  307.6
  992.5    121   29.7   26.7     84  22.76    283    2.8  303.5  371.7  307.6
  991.3    131   29.6   26.7     84  22.73    282    2.8  303.5  371.6  307.6
  990.2    142   29.5   26.6     84  22.67    281    2.8  303.5  371.5  307.6
  989.4    149   29.5   26.5     84  22.53    279    2.7  303.5  371.1  307.6
  988.4    158   29.4   26.3     83  22.36    276    2.6  303.6  370.6  307.6
  987.4    167   29.4   26.2     83  22.14    272    2.4  303.7  370.1  307.7
  986.3    177   29.4   26.1     82  22.08    267    2.2  303.8  370.0  307.7
  985.3    186   29.4   26.1     83  22.12    260    2.1  303.8  370.1  307.8
  984.3    195   29.2   26.1     83  22.11    253    2.0  303.7  370.1  307.7
  983.2    205   29.1   26.1     84  22.13    245    1.9  303.7  370.1  307.7
  982.2    214   29.1   26.1     84  22.13    238    1.9  303.8  370.2  307.8
  981.1    224   29.0   26.1     84  22.19    231    2.0  303.8  370.4  307.9
  979.6    238   28.9   26.0     84  22.10    227    2.0  303.9  370.2  307.8
  978.3    250   28.8   25.9     84  22.01    224    2.0  303.9  369.9  307.9
  977.2    260   28.9   25.7     83  21.78    222    2.1  304.0  369.4  308.0
  976.0    271   29.1   25.5     81  21.49    223    2.1  304.3  368.9  308.2
  975.1    279   29.0   25.7     82  21.81    224    2.2  304.3  369.9  308.3
  974.2    288   28.9   25.8     84  21.97    227    2.2  304.3  370.3  308.3
  973.1    297   28.8   25.7     84  21.86    231    2.2  304.3  369.9  308.2
  972.2    306   28.8   25.2     81  21.21    236    2.3  304.4  368.1  308.2
  971.3    314   28.8   24.9     80  20.86    241    2.4  304.4  367.1  308.2
  970.2    325   28.7   24.8     79  20.75    246    2.5  304.5  366.8  308.3
  969.1    335   28.7   24.7     79  20.58    250    2.6  304.6  366.4  308.3
  968.2    343   28.6   24.6     79  20.55    254    2.8  304.6  366.3  308.3
  966.7    357   28.6   24.5     79  20.44    257    2.9  304.6  366.1  308.3
  965.1    371   28.6   24.4     78  20.29    260    3.1  304.8  365.9  308.5
  964.4    378   28.6   24.3     78  20.28    262    3.2  304.8  365.8  308.5
  963.6    385   28.4   24.4     79  20.42    264    3.3  304.8  366.2  308.5
  962.1    399   28.3   24.3     79  20.25    265    3.5  304.8  365.7  308.5
  960.7    412   28.3   24.0     77  19.87    267    3.6  304.9  364.7  308.6
  959.6    422   28.3   24.0     78  19.98    268    3.7  305.0  365.1  308.6
  958.6    432   28.2   24.1     79  20.10    269    3.8  305.0  365.5  308.7
  957.4    443   28.1   24.1     79  20.12    270    3.9  305.0  365.5  308.7
  956.4    453   28.0   24.1     79  20.09    272    4.0  305.0  365.4  308.6
  955.5    461   27.9   24.0     79  20.07    273    4.0  305.0  365.4  308.6
  954.7    468   27.8   24.0     80  20.09    274    4.1  305.0  365.4  308.6
  953.7    478   27.8   24.0     80  20.03    275    4.1  305.0  365.3  308.7
  952.5    489   27.8   23.8     79  19.87    276    4.1  305.1  365.0  308.7
  951.6    498   28.0   23.0     75  18.95    278    4.2  305.4  362.5  308.9
  950.6    506   28.5   21.9     67  17.62    279    4.2  306.1  359.3  309.3
  949.4    518   28.9   21.0     63  16.76    280    4.3  306.5  357.2  309.6
  948.1    530   29.1   20.9     62  16.67    282    4.3  306.8  357.3  309.9
  946.8    543   29.1   20.8     61  16.59    283    4.3  307.0  357.2  310.0
  945.5    555   29.1   20.3     59  16.11    285    4.3  307.1  356.0  310.1
  944.1    568   29.2   19.8     57  15.57    286    4.3  307.3  354.6  310.2
  942.8    580   29.2   19.4     56  15.25    287    4.3  307.4  353.8  310.2
  941.7    590   29.1   18.9     54  14.79    289    4.3  307.5  352.5  310.2
  940.8    599   29.2   18.6     53  14.47    291    4.3  307.6  351.6  310.3
  939.8    609   29.1   18.4     53  14.31    292    4.3  307.6  351.2  310.3
  938.8    618   29.1   17.4     49  13.46    294    4.3  307.8  348.7  310.2
  937.9    627   29.2   16.8     47  12.96    296    4.3  307.9  347.4  310.3
  936.8    637   29.1   17.2     49  13.32    297    4.2  308.0  348.6  310.4
  935.5    649   29.0   17.9     51  13.94    299    4.2  307.9  350.4  310.5
  934.2    662   28.8   19.2     56  15.12    301    4.2  307.8  353.8  310.6
  933.1    672   28.6   20.0     60  15.95    302    4.3  307.7  356.2  310.7
  932.2    681   28.4   20.1     61  16.08    304    4.3  307.7  356.6  310.7
  931.2    691   28.4   19.8     60  15.80    305    4.3  307.8  355.8  310.7
  930.2    700   28.4   19.7     59  15.73    306    4.3  307.8  355.6  310.7
  929.4    708   28.3   19.8     60  15.80    307    4.4  307.8  355.8  310.7
  928.3    718   28.2   19.6     60  15.70    308    4.4  307.8  355.6  310.7
  927.3    728   28.2   19.4     59  15.46    309    4.5  307.9  354.9  310.7
  926.3    738   28.1   19.2     59  15.33    310    4.5  307.9  354.6  310.7
  925.2    748   28.1   19.3     59  15.40    310    4.6  308.0  354.8  310.8
  925.0    750   28.0   19.3     59  15.40    311    4.6  308.0  354.8  310.8
  924.1    759   28.0   19.2     59  15.34    311    4.6  308.0  354.7  310.8
  923.0    770   27.9   19.0     58  15.17    312    4.6  308.0  354.2  310.8
  921.8    780   27.9   18.9     58  15.11    312    4.6  308.1  354.1  310.9
  920.7    791   27.8   18.9     58  15.07    313    4.5  308.1  354.0  310.9
  919.6    802   27.7   18.9     59  15.10    314    4.5  308.2  354.1  310.9
  918.5    812   27.6   19.0     59  15.19    315    4.4  308.2  354.4  311.0
  917.4    823   27.5   18.9     59  15.19    316    4.3  308.2  354.5  311.0
  916.3    835   27.4   19.0     60  15.23    318    4.2  308.2  354.6  311.0
  915.1    846   27.3   19.2     61  15.51    319    4.1  308.2  355.4  311.0
  914.0    857   27.2   19.5     63  15.84    322    4.0  308.1  356.4  311.0
  912.7    869   27.1   19.7     64  15.99    324    3.9  308.1  356.8  311.1
  911.3    882   26.9   19.8     65  16.16    327    3.8  308.1  357.4  311.1
  910.2    893   26.8   19.7     65  16.07    330    3.7  308.2  357.1  311.1
  909.3    902   26.8   19.8     66  16.22    333    3.7  308.2  357.6  311.2
  908.3    912   26.7   20.3     68  16.73    336    3.7  308.2  359.1  311.2
  907.2    922   26.5   20.8     71  17.33    339    3.7  308.1  360.9  311.3
  906.0    934   26.4   20.9     72  17.45    341    3.8  308.1  361.3  311.3
  904.8    946   26.3   21.0     73  17.54    344    3.8  308.1  361.5  311.4
  903.7    957   26.2   21.0     73  17.54    346    3.9  308.1  361.5  311.4
  902.7    967   26.1   21.0     73  17.56    348    4.0  308.2  361.6  311.4
  901.6    977   26.0   21.0     74  17.66    350    4.0  308.2  361.9  311.4
  900.5    988   25.9   21.1     75  17.71    352    4.1  308.2  362.1  311.4
  899.6    997   25.8   21.0     75  17.70    353    4.2  308.2  362.1  311.4
  898.5   1008   25.7   21.0     75  17.71    354    4.3  308.2  362.1  311.4
  897.5   1018   25.6   20.9     75  17.62    355    4.3  308.2  361.8  311.4
  896.6   1027   25.6   20.9     75  17.61    356    4.4  308.2  361.8  311.4
  895.7   1035   25.5   20.9     76  17.67    357    4.4  308.2  362.0  311.4
  894.9   1043   25.4   20.9     76  17.64    357    4.4  308.2  361.9  311.4
  894.0   1052   25.3   20.8     76  17.60    357    4.4  308.2  361.8  311.4
  893.1   1061   25.3   20.8     76  17.58    356    4.4  308.2  361.7  311.4
  892.3   1069   25.2   20.8     77  17.58    356    4.4  308.2  361.7  311.4
  891.3   1079   25.1   20.8     77  17.64    355    4.3  308.2  361.9  311.4
  890.4   1088   25.0   20.8     78  17.64    354    4.1  308.2  361.9  311.4
  889.3   1099   24.9   20.9     78  17.74    353    4.0  308.2  362.2  311.5
  888.1   1110   24.8   20.9     79  17.75    352    3.8  308.2  362.3  311.5
  887.0   1121   24.7   20.8     79  17.71    351    3.6  308.2  362.1  311.5
  886.0   1132   24.6   20.8     79  17.68    350    3.4  308.2  362.1  311.5
  884.9   1143   24.6   20.5     78  17.36    350    3.1  308.4  361.3  311.6
  883.7   1154   24.8   20.1     75  16.97    350    2.9  308.6  360.4  311.7
  882.5   1166   24.8   19.9     74  16.76    350    2.6  308.8  359.9  311.8
  881.5   1176   24.7   19.8     74  16.69    351    2.4  308.8  359.8  311.9
  880.6   1185   24.7   19.8     74  16.76    352    2.2  308.8  360.0  311.9
  879.7   1195   24.6   19.7     74  16.69    355    2.1  308.9  359.9  312.0
  878.6   1205   24.6   19.5     73  16.46    358    2.0  309.0  359.3  312.0
  877.5   1216   24.7   19.3     72  16.24      2    1.9  309.1  358.8  312.1
  876.3   1229   24.7   19.1     71  16.05      5    1.9  309.3  358.4  312.3
  875.2   1240   24.7   18.8     70  15.79      9    2.0  309.4  357.8  312.4
  874.4   1247   24.7   18.7     69  15.74     12    2.1  309.5  357.7  312.4
  873.8   1254   24.7   18.7     70  15.77     14    2.2  309.5  357.8  312.4
  872.9   1262   24.6   18.6     69  15.65     16    2.3  309.5  357.5  312.4
  871.9   1273   24.6   18.1     67  15.21     17    2.4  309.6  356.2  312.4
  870.8   1283   24.5   18.1     67  15.20     18    2.6  309.7  356.2  312.5
  869.9   1293   24.4   18.1     68  15.24     19    2.7  309.7  356.4  312.5
  868.9   1303   24.3   18.1     68  15.25     19    2.8  309.7  356.4  312.5
  868.1   1311   24.2   18.3     69  15.38     19    2.9  309.6  356.8  312.5
  867.3   1319   24.2   18.3     70  15.42     19    2.9  309.6  356.9  312.5
  866.3   1329   24.1   18.4     70  15.52     19    2.9  309.7  357.2  312.5
  865.4   1338   24.0   18.2     70  15.42     19    2.9  309.6  356.9  312.5
  864.7   1346   23.9   18.2     70  15.36     19    2.9  309.6  356.7  312.5
  863.8   1354   23.8   18.2     71  15.40     19    2.9  309.6  356.8  312.5
  862.9   1364   23.7   18.1     71  15.33     19    2.9  309.6  356.6  312.5
  861.9   1374   23.7   18.0     71  15.23     19    2.8  309.7  356.3  312.5
  860.9   1385   23.6   17.9     71  15.20     19    2.8  309.7  356.3  312.5
  859.8   1396   23.5   17.8     71  15.13     19    2.7  309.7  356.1  312.5
  858.9   1405   23.4   17.7     71  15.03     20    2.7  309.7  355.7  312.5
  858.0   1413   23.3   17.7     71  15.05     20    2.7  309.7  355.8  312.5
  857.2   1422   23.3   17.8     72  15.17     21    2.7  309.7  356.2  312.6
  856.2   1433   23.2   17.8     72  15.19     22    2.7  309.7  356.3  312.6
  855.1   1443   23.1   17.9     73  15.25     23    2.8  309.8  356.5  312.6
  854.1   1453   23.0   18.1     74  15.53     24    2.9  309.8  357.4  312.7
  853.2   1463   23.0   18.1     74  15.47     25    3.0  309.8  357.3  312.7
  852.4   1471   22.9   18.0     74  15.39     26    3.1  309.8  357.0  312.7
  851.7   1479   22.8   18.1     75  15.53     27    3.2  309.8  357.4  312.7
  850.7   1488   22.7   18.2     76  15.67     29    3.3  309.8  357.9  312.8
  850.0   1496   22.6   18.2     76  15.65     29    3.3  309.8  357.8  312.7
  849.6   1499   22.6   18.2     76  15.64     30    3.4  309.8  357.8  312.7
  848.6   1510   22.5   18.1     76  15.59     31    3.5  309.8  357.6  312.7
  847.5   1522   22.4   18.1     76  15.57     32    3.6  309.8  357.6  312.7
  846.4   1533   22.3   17.9     76  15.46     33    3.7  309.9  357.3  312.8
  845.3   1544   22.3   17.9     76  15.42     34    3.8  310.0  357.3  312.8
  844.5   1552   22.2   17.8     76  15.33     34    3.8  310.0  357.0  312.8
  843.8   1560   22.2   17.8     76  15.35     35    3.8  310.0  357.1  312.9
  842.8   1570   22.1   17.8     77  15.41     35    3.7  310.0  357.3  312.9
  841.7   1581   22.0   17.8     77  15.40     35    3.7  310.0  357.3  312.9
  840.8   1590   21.9   17.7     77  15.32     35    3.6  310.0  357.0  312.8
  840.1   1598   21.8   17.7     78  15.36     36    3.5  310.0  357.1  312.9
  839.2   1607   21.7   17.8     78  15.47     36    3.4  310.0  357.5  312.9
  838.4   1616   21.6   17.7     78  15.38     36    3.3  310.0  357.2  312.9
  837.5   1625   21.6   17.7     79  15.40     36    3.2  310.0  357.3  312.9
  836.6   1634   21.5   17.7     79  15.41     36    3.2  310.0  357.3  312.9
  835.7   1644   21.4   17.5     79  15.28     37    3.1  310.1  357.0  312.9
  834.9   1652   21.4   17.5     79  15.25     38    3.1  310.1  356.9  312.9
  834.1   1660   21.3   17.5     79  15.30     38    3.2  310.1  357.0  312.9
  833.3   1669   21.2   17.5     79  15.27     39    3.2  310.1  357.0  312.9
  832.3   1679   21.2   17.3     79  15.13     40    3.3  310.1  356.6  313.0
  831.5   1687   21.1   17.2     79  15.04     41    3.4  310.2  356.4  313.0
  830.9   1694   21.1   17.2     79  15.02     42    3.5  310.2  356.3  313.0
  830.2   1701   21.0   17.1     78  14.98     43    3.6  310.2  356.2  313.0
  829.4   1709   21.0   17.2     79  15.01     43    3.7  310.3  356.4  313.0
  828.4   1720   20.9   17.1     79  15.00     43    3.9  310.3  356.3  313.1
  827.4   1730   20.8   17.1     79  15.00     44    4.0  310.3  356.4  313.1
  826.7   1738   20.7   17.2     80  15.11     44    4.1  310.3  356.7  313.1
  826.0   1746   20.7   17.4     81  15.27     44    4.2  310.3  357.2  313.1
  825.0   1756   20.6   17.3     82  15.27     44    4.2  310.3  357.2  313.1
  824.0   1766   20.5   17.3     82  15.24     44    4.2  310.3  357.1  313.1
  823.2   1774   20.4   17.2     82  15.20     45    4.3  310.3  357.0  313.1
  822.6   1781   20.3   17.3     83  15.25     45    4.2  310.3  357.1  313.1
  821.7   1791   20.2   17.3     83  15.32     45    4.2  310.3  357.4  313.1
  820.4   1804   20.1   17.2     83  15.23     46    4.1  310.4  357.1  313.2
  819.2   1817   20.1   17.0     83  15.10     46    4.1  310.4  356.8  313.2
  818.2   1828   20.0   16.9     83  15.02     46    4.0  310.4  356.5  313.2
  817.4   1836   19.9   16.8     82  14.90     46    3.9  310.4  356.2  313.2
  816.6   1844   19.9   16.8     82  14.86     46    3.9  310.5  356.2  313.3
  815.9   1852   19.9   16.9     83  15.00     46    3.8  310.5  356.7  313.3
  815.2   1859   19.8   16.9     84  15.06     45    3.8  310.6  356.9  313.4
  814.3   1869   19.7   16.9     84  15.00     44    3.8  310.6  356.7  313.4
  813.4   1878   19.7   16.7     83  14.89     43    3.8  310.6  356.4  313.4
  812.6   1887   19.6   16.7     83  14.84     41    3.8  310.6  356.3  313.4
  811.7   1896   19.5   16.6     83  14.84     39    3.8  310.6  356.3  313.4
  810.8   1906   19.4   16.6     84  14.81     37    3.9  310.6  356.2  313.4
  810.0   1915   19.4   16.4     83  14.69     36    3.9  310.7  355.8  313.4
  809.1   1924   19.3   16.5     84  14.76     34    4.0  310.7  356.1  313.4
  808.3   1933   19.2   16.5     84  14.74     32    4.1  310.7  356.0  313.4
  807.5   1941   19.1   16.4     84  14.66     30    4.1  310.7  355.8  313.4
  806.8   1949   19.1   16.4     84  14.70     29    4.2  310.7  355.9  313.4
  805.9   1958   19.0   16.3     84  14.59     28    4.3  310.7  355.6  313.4
  805.1   1967   19.0   16.0     83  14.33     27    4.3  310.8  354.9  313.5
  804.3   1976   19.1   15.7     81  14.09     26    4.4  311.0  354.4  313.6
  803.3   1986   19.1   15.4     79  13.87     26    4.4  311.1  353.9  313.7
  802.3   1997   19.1   15.1     78  13.62     26    4.5  311.2  353.3  313.8
  801.5   2006   19.1   15.2     78  13.71     27    4.5  311.3  353.6  313.9
  800.8   2013   19.0   15.4     79  13.84     28    4.5  311.3  354.0  313.9
  800.0   2021   19.0   15.3     79  13.80     29    4.5  311.4  354.0  314.0
  799.1   2032   19.0   15.2     79  13.73     30    4.5  311.4  353.8  314.0
  798.0   2043   18.9   14.9     78  13.50     31    4.5  311.5  353.2  314.0
  797.1   2053   18.9   14.6     76  13.24     33    4.5  311.6  352.5  314.1
  796.3   2062   18.9   14.5     76  13.14     34    4.5  311.7  352.3  314.1
  795.5   2070   18.8   14.3     75  13.00     35    4.4  311.7  351.9  314.1
  794.7   2079   18.8   14.2     74  12.92     36    4.4  311.8  351.8  314.2
  793.7   2090   18.8   14.0     74  12.81     36    4.4  311.9  351.5  314.3
  792.7   2101   18.8   13.8     73  12.62     37    4.4  312.0  351.1  314.3
  791.8   2110   18.7   13.7     73  12.57     37    4.3  312.0  351.0  314.4
  791.0   2119   18.7   13.7     73  12.59     37    4.3  312.1  351.1  314.4
  790.0   2130   18.7   13.5     72  12.39     36    4.3  312.1  350.6  314.5
  789.2   2139   18.7   13.0     69  12.01     35    4.3  312.3  349.5  314.5
  788.5   2146   18.8   12.7     68  11.76     34    4.4  312.4  348.9  314.6
  787.8   2154   18.7   12.6     67  11.69     33    4.4  312.5  348.8  314.7
  786.9   2164   18.7   12.3     67  11.53     32    4.4  312.5  348.4  314.7
  786.0   2173   18.6   12.1     66  11.34     31    4.5  312.6  347.8  314.7
  785.2   2182   18.6   11.5     63  10.91     29    4.5  312.7  346.6  314.7
  784.3   2192   18.7   10.9     61  10.50     28    4.5  312.8  345.5  314.8
  783.4   2202   18.6   10.2     58  10.03     27    4.5  312.9  344.2  314.8
  782.8   2209   18.6   10.0     57   9.91     27    4.6  312.9  343.9  314.8
  782.2   2216   18.6   10.0     57   9.93     27    4.6  313.0  344.0  314.8
  781.5   2223   18.6   10.2     58  10.02     27    4.6  313.1  344.4  314.9
  780.7   2232   18.7    9.8     56   9.80     28    4.6  313.2  343.9  315.0
  779.8   2242   18.8    9.0     53   9.29     29    4.6  313.4  342.5  315.2
  778.8   2253   18.8    9.3     54   9.51     30    4.6  313.5  343.3  315.3
  777.8   2264   18.7    9.0     53   9.34     31    4.6  313.6  342.9  315.4
  776.9   2274   18.7    8.6     52   9.06     32    4.7  313.7  342.2  315.4
  776.2   2281   18.7    8.7     52   9.15     34    4.8  313.8  342.5  315.5
  775.6   2289   18.7    9.3     54   9.51     35    4.8  313.8  343.6  315.6
  774.9   2296   18.6    9.5     56   9.67     36    4.9  313.8  344.1  315.6
  774.1   2305   18.5    9.8     57   9.87     37    5.0  313.8  344.7  315.6
  773.2   2315   18.4    9.9     58   9.95     38    5.1  313.8  345.0  315.7
  772.3   2325   18.4    9.7     57   9.81     39    5.1  313.9  344.7  315.7
  771.5   2333   18.4    9.4     56   9.66     39    5.1  314.0  344.3  315.8
  770.9   2340   18.4    9.4     56   9.65     40    5.1  314.0  344.4  315.9
  770.2   2348   18.3    9.3     56   9.61     40    5.1  314.1  344.2  315.9
  769.6   2355   18.4    9.0     54   9.40     41    5.0  314.2  343.7  315.9
  768.9   2362   18.4    8.8     53   9.29     41    4.9  314.3  343.6  316.1
  768.0   2372   18.4    8.9     54   9.34     41    4.8  314.4  343.8  316.2
  766.9   2385   18.4    8.9     54   9.36     42    4.6  314.5  344.0  316.3
  766.0   2395   18.3    8.8     54   9.32     42    4.4  314.5  343.9  316.3
  765.2   2404   18.3    8.8     54   9.31     43    4.2  314.6  343.9  316.4
  764.4   2413   18.2    8.7     54   9.27     43    4.0  314.6  343.8  316.4
  763.5   2423   18.2    8.7     54   9.30     43    3.8  314.7  344.0  316.4
  762.6   2433   18.1    8.6     54   9.26     43    3.7  314.7  343.9  316.5
  761.9   2441   18.1    8.5     53   9.16     43    3.5  314.7  343.6  316.5
  761.2   2448   18.0    8.4     53   9.12     43    3.4  314.8  343.6  316.5
  760.5   2457   18.0    8.4     53   9.12     42    3.4  314.9  343.7  316.6
  759.6   2467   18.0    8.4     54   9.17     42    3.3  314.9  343.8  316.6
  758.6   2478   17.9    8.6     54   9.28     42    3.3  314.9  344.2  316.7
  757.6   2489   17.8    8.7     55   9.38     42    3.3  315.0  344.6  316.7
  756.8   2498   17.8    8.6     55   9.31     43    3.4  315.0  344.4  316.8
  756.2   2506   17.7    8.3     54   9.15     44    3.4  315.1  344.0  316.8
  755.4   2515   17.8    7.6     51   8.72     45    3.5  315.2  342.8  316.9
  754.5   2525   17.8    7.3     50   8.53     47    3.5  315.3  342.3  316.9
  753.7   2534   17.7    7.1     50   8.45     50    3.6  315.3  342.1  316.9
  753.0   2542   17.7    7.0     50   8.39     52    3.6  315.4  342.0  317.0
  752.3   2550   17.6    7.0     50   8.39     55    3.6  315.4  342.0  317.0
  751.5   2559   17.5    6.9     50   8.37     58    3.6  315.4  341.9  317.0
  750.6   2569   17.5    6.8     50   8.30     61    3.7  315.4  341.8  317.0
  749.7   2579   17.4    6.5     49   8.12     65    3.6  315.5  341.3  317.0
  748.9   2589   17.4    6.2     48   7.99     68    3.6  315.6  341.0  317.1
  748.2   2597   17.3    6.0     47   7.87     71    3.6  315.6  340.6  317.1
  747.6   2604   17.3    5.9     47   7.83     73    3.6  315.6  340.5  317.1
  747.0   2610   17.3    5.9     47   7.81     75    3.5  315.6  340.5  317.1
  746.4   2617   17.2    5.8     47   7.79     77    3.4  315.7  340.4  317.1
  745.7   2625   17.1    5.8     47   7.80     79    3.4  315.7  340.5  317.2
  745.0   2633   17.1    5.9     48   7.84     80    3.3  315.7  340.6  317.2
  744.4   2640   17.0    5.8     47   7.79     81    3.3  315.7  340.5  317.2
  743.7   2648   17.0    5.7     48   7.77     81    3.2  315.7  340.5  317.2
  742.9   2657   16.9    5.7     48   7.78     81    3.2  315.7  340.5  317.2
  741.9   2668   16.8    5.6     48   7.73     81    3.2  315.8  340.4  317.2
  741.1   2678   16.7    5.5     47   7.67     82    3.2  315.8  340.2  317.3
  740.2   2688   16.7    5.3     47   7.60     82    3.2  315.9  340.1  317.3
  739.4   2698   16.7    5.1     46   7.46     82    3.3  315.9  339.7  317.4
  738.6   2706   16.7    4.9     46   7.36     82    3.4  316.0  339.5  317.4
  737.8   2715   16.6    4.9     46   7.37     83    3.5  316.0  339.5  317.4
  737.1   2724   16.5    4.8     46   7.32     83    3.6  316.0  339.4  317.4
  736.3   2733   16.4    4.8     46   7.34     83    3.7  316.0  339.5  317.4
  735.6   2742   16.4    4.7     46   7.32     84    3.8  316.0  339.4  317.4
  734.9   2749   16.3    4.7     46   7.32     84    4.0  316.1  339.4  317.5
  734.2   2758   16.2    4.8     47   7.37     84    4.1  316.0  339.6  317.4
  733.5   2766   16.1    4.8     47   7.37     83    4.2  316.1  339.6  317.5
  732.8   2773   16.1    4.9     47   7.45     83    4.3  316.1  339.9  317.5
  732.2   2781   16.1    5.3     49   7.65     82    4.4  316.2  340.6  317.6
  731.7   2787   16.1    5.3     49   7.67     81    4.4  316.2  340.7  317.7
  731.1   2794   16.0    5.4     49   7.72     81    4.5  316.2  340.8  317.7
  730.2   2803   15.9    5.5     50   7.79     80    4.5  316.2  341.1  317.7
  729.3   2814   15.8    5.9     52   8.02     79    4.6  316.2  341.8  317.8
  728.5   2824   15.7    6.3     53   8.24     79    4.6  316.3  342.5  317.8
  727.7   2833   15.7    6.3     54   8.29     78    4.7  316.3  342.7  317.9
  726.9   2842   15.6    6.4     54   8.30     78    4.7  316.3  342.7  317.9
  726.1   2852   15.5    6.3     54   8.27     79    4.7  316.3  342.6  317.8
  725.1   2863   15.4    6.3     55   8.30     80    4.8  316.3  342.7  317.9
  724.3   2873   15.3    6.2     55   8.26     81    4.8  316.3  342.6  317.8
  723.6   2881   15.2    6.3     55   8.30     83    4.9  316.3  342.7  317.9
  722.8   2890   15.1    6.3     56   8.34     85    4.9  316.3  342.8  317.9
  722.1   2899   15.1    6.3     56   8.32     87    5.0  316.3  342.8  317.9
  721.3   2908   15.0    6.3     56   8.32     89    5.0  316.3  342.8  317.9
  720.5   2917   14.9    6.2     56   8.31     91    5.1  316.3  342.8  317.9
  719.7   2927   14.8    6.2     56   8.28     93    5.1  316.3  342.7  317.9
  719.0   2936   14.7    6.1     56   8.27     95    5.1  316.3  342.6  317.9
  718.3   2943   14.7    6.1     56   8.25     96    5.1  316.3  342.6  317.9
  717.5   2953   14.6    6.0     56   8.22     97    5.1  316.4  342.5  317.9
  716.4   2966   14.5    5.8     56   8.11     98    5.1  316.4  342.2  317.9
  715.4   2978   14.4    5.5     55   7.97     99    5.0  316.4  341.8  317.9
  714.7   2986   14.3    5.3     55   7.85     99    4.9  316.4  341.5  317.9
  714.2   2992   14.3    5.4     55   7.88     98    4.8  316.4  341.6  317.9
  713.4   3001   14.2    5.2     55   7.83     98    4.7  316.5  341.5  318.0
  712.7   3010   14.2    5.1     54   7.76     97    4.6  316.5  341.3  318.0
  712.0   3018   14.1    5.2     55   7.79     96    4.5  316.5  341.4  318.0
  711.3   3026   14.0    5.2     55   7.82     95    4.4  316.5  341.5  318.0
  710.6   3034   14.0    5.1     55   7.81     93    4.4  316.6  341.5  318.1
  709.9   3043   13.9    5.2     56   7.83     92    4.3  316.6  341.6  318.1
  709.2   3052   13.8    5.2     56   7.85     91    4.3  316.6  341.7  318.1
  708.4   3061   13.8    5.0     55   7.76     91    4.3  316.6  341.4  318.1
  707.6   3070   13.7    5.1     56   7.81     91    4.3  316.7  341.6  318.2
  706.9   3079   13.7    5.1     56   7.84     91    4.4  316.7  341.7  318.2
  706.2   3087   13.6    5.1     56   7.84     91    4.4  316.7  341.8  318.2
  705.5   3096   13.6    5.0     56   7.79     92    4.5  316.8  341.7  318.3
  704.7   3104   13.5    4.9     56   7.75     93    4.6  316.8  341.6  318.3
  704.0   3113   13.5    4.9     56   7.77     94    4.7  316.9  341.7  318.4
  703.2   3123   13.5    5.0     56   7.79     96    4.9  317.0  341.9  318.4
  702.3   3133   13.4    4.8     56   7.73     97    5.0  317.0  341.7  318.5
  701.6   3142   13.3    4.9     56   7.75     98    5.1  317.0  341.8  318.5
  700.9   3150   13.3    4.8     57   7.73     99    5.2  317.0  341.8  318.5
  700.2   3159   13.2    4.8     57   7.72    100    5.3  317.0  341.7  318.5
  700.0   3161   13.2    4.8     57   7.72    100    5.3  317.0  341.7  318.5
  699.4   3168   13.1    4.7     57   7.71    100    5.3  317.1  341.7  318.5
  698.7   3177   13.0    4.8     57   7.73    101    5.4  317.1  341.8  318.5
  698.0   3185   13.0    4.8     57   7.75    101    5.4  317.1  341.9  318.6
  697.3   3194   12.9    4.8     58   7.79    100    5.4  317.1  342.0  318.6
  696.5   3204   12.8    4.9     59   7.82    100    5.3  317.1  342.1  318.6
  695.7   3213   12.7    5.0     59   7.87     99    5.3  317.1  342.2  318.6
  694.9   3223   12.6    5.2     61   8.02     98    5.2  317.1  342.7  318.6
  694.1   3233   12.5    5.3     62   8.10     97    5.2  317.1  342.9  318.6
  693.4   3241   12.4    5.4     62   8.15     96    5.1  317.1  343.1  318.6
  692.6   3250   12.4    5.5     63   8.20     94    5.1  317.1  343.3  318.7
  691.9   3259   12.3    5.4     63   8.15     93    5.1  317.1  343.2  318.7
  691.1   3269   12.3    5.3     62   8.09     92    5.1  317.2  343.0  318.7
  690.2   3280   12.2    5.3     63   8.10     91    5.1  317.2  343.1  318.7
  689.3   3291   12.1    4.9     62   7.94     91    5.2  317.2  342.6  318.7
  688.6   3299   12.0    4.4     60   7.67     90    5.2  317.3  341.8  318.7
  687.9   3307   12.0    4.0     58   7.45     90    5.2  317.4  341.2  318.8
  687.3   3315   12.0    3.4     56   7.15     90    5.3  317.4  340.4  318.8
  686.7   3322   12.0    3.1     55   7.01     90    5.3  317.5  340.0  318.8
  686.0   3331   12.0    3.0     54   6.93     91    5.3  317.5  339.8  318.9
  685.3   3340   11.9    2.7     53   6.79     91    5.3  317.6  339.4  318.9
  684.5   3349   11.9    2.8     54   6.85     92    5.3  317.6  339.7  318.9
  683.6   3361   11.8    3.0     55   6.96     93    5.2  317.6  340.0  319.0
  682.7   3371   11.7    3.0     55   6.99     94    5.2  317.7  340.2  319.0
  682.0   3380   11.6    3.1     56   7.01     95    5.2  317.7  340.2  319.0
  681.3   3389   11.6    3.3     57   7.16     96    5.1  317.7  340.7  319.1
  680.5   3399   11.5    3.7     59   7.35     97    5.0  317.7  341.3  319.1
  679.6   3409   11.4    3.5     58   7.25     98    5.0  317.8  341.1  319.2
  678.8   3420   11.4    3.2     57   7.10    100    4.9  317.8  340.6  319.2
  678.0   3429   11.3    3.0     57   7.01    101    4.9  317.8  340.4  319.2
  677.4   3437   11.2    2.9     57   6.99    103    4.9  317.8  340.3  319.2
  676.7   3445   11.1    2.9     57   7.00    104    4.8  317.8  340.4  319.2
  675.9   3455   11.1    2.8     57   6.94    106    4.8  317.9  340.2  319.2
  675.0   3466   11.0    2.6     56   6.86    108    4.8  317.9  340.0  319.2
  674.1   3477   11.0    2.1     54   6.63    110    4.8  318.0  339.4  319.3
  673.3   3487   11.1    0.7     49   6.00    112    4.8  318.2  337.7  319.4
  672.6   3496   11.2   -0.9     43   5.35    114    4.7  318.5  336.0  319.5
  671.9   3504   11.3   -2.4     38   4.76    116    4.7  318.7  334.3  319.6
  671.2   3513   11.5   -4.8     32   4.00    118    4.8  318.9  332.2  319.7
  670.5   3522   11.5   -5.8     29   3.71    119    4.8  319.1  331.4  319.8
  669.8   3530   11.5   -6.2     28   3.59    121    4.8  319.2  331.1  319.9
  669.2   3539   11.5   -6.4     28   3.55    123    4.8  319.2  331.1  319.9
  668.5   3547   11.4   -6.4     28   3.54    124    4.8  319.2  331.0  319.9
  667.8   3556   11.3   -6.7     28   3.48    125    4.7  319.3  330.9  319.9
  667.1   3564   11.3   -6.9     27   3.43    126    4.7  319.3  330.7  320.0
  666.5   3572   11.2   -7.3     27   3.33    127    4.7  319.3  330.5  320.0
  665.8   3581   11.2   -8.5     24   3.04    127    4.6  319.4  329.6  320.0
  665.0   3591   11.3   -9.5     22   2.81    128    4.5  319.6  329.1  320.1
  664.2   3600   11.4  -10.0     21   2.69    128    4.4  319.8  328.9  320.3
  663.5   3609   11.4  -10.3     21   2.64    128    4.2  319.9  328.9  320.5
  662.8   3618   11.4  -10.3     21   2.63    128    4.1  320.0  329.0  320.5
  662.0   3629   11.4  -10.7     20   2.57    128    3.9  320.1  328.8  320.6
  661.1   3640   11.3  -11.0     20   2.50    128    3.8  320.2  328.7  320.7
  660.3   3650   11.3  -11.0     20   2.50    128    3.6  320.2  328.8  320.7
  659.5   3660   11.2  -11.2     20   2.47    128    3.5  320.3  328.7  320.8
  658.7   3670   11.2   -9.6     22   2.80    128    3.4  320.3  329.8  320.9
  657.9   3680   11.0   -7.5     27   3.32    128    3.4  320.3  331.4  320.9
  657.1   3690   10.9   -7.3     27   3.36    127    3.4  320.3  331.6  320.9
  656.4   3699   10.8   -5.2     32   3.97    127    3.4  320.2  333.4  321.0
  655.7   3708   10.7   -4.2     35   4.27    126    3.5  320.2  334.4  321.0
  654.9   3718   10.6   -3.8     36   4.40    125    3.6  320.2  334.8  321.0
  654.1   3729   10.5   -4.2     35   4.29    125    3.7  320.2  334.4  321.0
  653.3   3739   10.4   -4.6     34   4.16    124    3.8  320.2  334.0  321.0
  652.4   3751   10.3   -5.2     33   3.99    123    4.0  320.3  333.6  321.1
  651.3   3764   10.3   -5.5     32   3.89    123    4.1  320.4  333.3  321.1
  650.4   3775   10.2   -5.0     34   4.06    122    4.2  320.4  333.9  321.2
  649.8   3783   10.1   -4.6     35   4.18    121    4.4  320.4  334.3  321.2
  649.3   3790   10.0   -4.5     35   4.21    120    4.5  320.4  334.4  321.2
  648.6   3799   10.0   -4.9     35   4.10    119    4.5  320.4  334.1  321.2
  647.8   3809   10.0   -5.5     33   3.94    118    4.6  320.5  333.6  321.3
  647.0   3819    9.9   -6.7     30   3.59    117    4.6  320.6  332.6  321.3
  646.4   3827   10.0   -8.2     27   3.20    116    4.6  320.7  331.5  321.3
  645.7   3836   10.0   -9.8     24   2.82    115    4.6  320.8  330.4  321.4
  644.9   3846   10.0  -10.0     23   2.78    114    4.6  320.9  330.3  321.4
  644.3   3855    9.9   -9.3     25   2.94    113    4.6  320.9  330.9  321.5
  643.5   3865    9.8   -9.0     25   3.00    112    4.6  321.0  331.1  321.5
  642.5   3877    9.8   -9.7     24   2.86    111    4.5  321.0  330.7  321.6
  641.7   3888    9.7   -9.0     26   3.03    110    4.5  321.1  331.3  321.7
  640.9   3898    9.6   -7.9     28   3.30    109    4.4  321.1  332.2  321.7
  640.2   3907    9.6   -8.1     28   3.26    108    4.4  321.1  332.1  321.8
  639.4   3918    9.5   -7.9     28   3.30    107    4.3  321.2  332.3  321.8
  638.5   3928    9.4   -8.0     28   3.27    106    4.3  321.2  332.2  321.8
  637.8   3937    9.3   -7.8     29   3.33    105    4.2  321.2  332.4  321.9
  637.1   3947    9.3   -6.7     32   3.65    104    4.2  321.2  333.5  321.9
  636.4   3957    9.1   -5.7     35   3.94    104    4.2  321.2  334.3  322.0
  635.6   3967    9.0   -5.2     36   4.09    103    4.2  321.2  334.8  321.9
  634.8   3977    8.9   -4.6     38   4.30    103    4.3  321.1  335.4  322.0
  634.1   3986    8.8   -3.7     41   4.61    103    4.3  321.1  336.4  322.0
  633.5   3994    8.7   -3.6     42   4.65    103    4.4  321.1  336.5  322.0
  632.8   4003    8.6   -3.6     42   4.65    103    4.5  321.1  336.5  322.0
  632.1   4013    8.5   -3.7     42   4.61    104    4.6  321.1  336.4  322.0
  631.3   4023    8.5   -4.2     40   4.44    105    4.8  321.2  335.9  322.0
  630.5   4033    8.4   -4.7     39   4.30    106    4.9  321.2  335.5  322.1
  629.8   4043    8.4   -4.6     40   4.33    106    5.0  321.3  335.7  322.1
  629.0   4054    8.3   -4.2     41   4.47    107    5.2  321.3  336.1  322.1
  628.0   4066    8.1   -4.0     42   4.55    108    5.3  321.3  336.4  322.1
  627.1   4077    8.0   -4.0     42   4.54    108    5.4  321.2  336.3  322.1
  626.5   4086    7.9   -4.1     42   4.50    109    5.5  321.2  336.2  322.1
  625.8   4095    7.8   -4.2     42   4.49    109    5.6  321.3  336.2  322.1
  625.0   4106    7.8   -4.4     42   4.44    109    5.7  321.3  336.0  322.1
  624.1   4118    7.7   -4.8     41   4.30    109    5.8  321.3  335.7  322.2
  623.2   4130    7.7   -5.9     38   3.95    109    5.8  321.4  334.6  322.2
  622.4   4140    7.7   -7.4     34   3.54    108    5.8  321.5  333.4  322.2
  621.7   4149    7.6   -7.2     34   3.60    108    5.8  321.6  333.7  322.3
  620.9   4161    7.5   -7.2     34   3.59    107    5.8  321.6  333.7  322.3
  620.0   4172    7.4   -7.3     34   3.58    107    5.7  321.7  333.7  322.4
  619.3   4182    7.4   -6.7     36   3.75    106    5.7  321.7  334.2  322.4
  618.5   4192    7.3   -6.4     37   3.83    106    5.6  321.7  334.5  322.4
  617.7   4203    7.2   -6.8     36   3.73    105    5.6  321.7  334.2  322.4
  616.8   4214    7.1   -6.9     36   3.69    105    5.5  321.7  334.1  322.5
  616.0   4225    7.0   -7.0     36   3.69    105    5.5  321.7  334.1  322.5
  615.2   4236    6.9   -7.1     36   3.65    104    5.4  321.8  334.1  322.5
  614.3   4248    6.9   -7.8     34   3.46    104    5.4  321.8  333.5  322.5
  613.5   4259    6.8   -8.5     33   3.30    103    5.4  321.9  333.0  322.6
  612.9   4267    6.8   -8.4     33   3.31    103    5.3  321.9  333.1  322.6
  612.3   4275    6.7   -8.5     33   3.29    102    5.3  322.0  333.1  322.6
  611.6   4283    6.7   -8.5     33   3.29    102    5.3  322.0  333.1  322.6
  611.0   4293    6.6   -8.8     32   3.23    101    5.3  322.0  333.0  322.7
  610.3   4302    6.5   -8.8     32   3.23    101    5.3  322.1  333.0  322.7
  609.6   4311    6.5   -8.5     33   3.30    100    5.2  322.1  333.3  322.7
  608.9   4321    6.4   -8.7     33   3.26    100    5.2  322.1  333.1  322.8
  608.1   4331    6.3   -8.7     33   3.27    100    5.2  322.1  333.2  322.8
  607.3   4341    6.2   -8.2     35   3.41     99    5.2  322.2  333.7  322.8
  606.6   4352    6.1   -7.8     36   3.50     99    5.2  322.2  334.0  322.9
  605.8   4363    6.1   -8.0     36   3.45     99    5.2  322.2  333.8  322.9
  604.9   4374    6.0   -8.2     36   3.42     99    5.2  322.2  333.8  322.9
  604.0   4387    5.9   -8.2     36   3.43     98    5.2  322.2  333.8  322.9
  603.0   4400    5.7   -7.9     37   3.49     98    5.3  322.2  334.0  322.9
  602.1   4413    5.6   -7.8     37   3.52     98    5.3  322.2  334.1  322.9
  601.3   4423    5.5   -7.7     38   3.57     98    5.3  322.3  334.3  323.0
  600.6   4432    5.4   -7.6     38   3.60     98    5.4  322.3  334.4  323.0
  600.0   4441    5.4   -7.7     38   3.58     98    5.4  322.3  334.3  323.0
  599.4   4449    5.3   -7.8     38   3.55     98    5.4  322.3  334.2  323.0
  598.7   4458    5.2   -7.7     39   3.59     98    5.4  322.3  334.4  323.0
  598.0   4467    5.1   -8.0     38   3.51     98    5.3  322.3  334.1  323.0
  597.4   4476    5.1   -8.4     37   3.41     98    5.3  322.3  333.8  323.0
  596.9   4484    5.0   -8.5     37   3.37     98    5.2  322.3  333.7  323.0
  596.2   4492    4.9   -8.7     37   3.34     98    5.1  322.4  333.7  323.0
  595.5   4502    4.9   -9.1     36   3.23     98    5.1  322.4  333.3  323.0
  594.7   4513    4.8   -9.5     35   3.13     98    5.0  322.4  333.1  323.1
  593.9   4524    4.7   -9.6     35   3.12     98    4.9  322.5  333.1  323.1
  593.1   4536    4.7   -9.4     35   3.17     98    4.9  322.5  333.3  323.1
  592.3   4546    4.6   -9.2     36   3.23     98    4.9  322.5  333.5  323.2
  591.8   4553    4.5   -9.2     36   3.24     98    4.9  322.5  333.5  323.2
  591.2   4561    4.5   -9.2     36   3.22     97    4.9  322.6  333.5  323.2
  590.4   4572    4.4   -9.2     37   3.23     97    5.0  322.6  333.6  323.2
  589.6   4583    4.3   -9.2     37   3.24     97    5.1  322.6  333.6  323.3
  588.8   4594    4.2   -9.2     37   3.25     97    5.2  322.7  333.7  323.3
  588.0   4606    4.2   -9.2     37   3.23     97    5.3  322.7  333.7  323.4
  587.2   4617    4.1   -9.6     36   3.14     97    5.5  322.8  333.4  323.4
  586.5   4627    4.0  -10.0     35   3.07     97    5.6  322.8  333.3  323.4
  585.8   4635    4.0   -9.9     35   3.07     98    5.7  322.9  333.3  323.5
  585.2   4644    3.9   -9.7     36   3.13     98    5.7  322.9  333.5  323.5
  584.5   4654    3.9  -10.0     36   3.06     99    5.8  322.9  333.4  323.5
  583.9   4662    3.8  -10.3     35   3.00     99    5.8  322.9  333.2  323.5
  583.3   4671    3.7  -10.6     34   2.93     99    5.7  323.0  332.9  323.5
  582.6   4681    3.7  -10.6     34   2.92    100    5.6  323.0  333.0  323.6
  581.8   4691    3.6   -9.9     37   3.11    100    5.4  323.0  333.6  323.6
  581.1   4702    3.4   -9.7     38   3.17    100    5.3  323.0  333.8  323.6
  580.3   4712    3.3   -9.7     38   3.16    100    5.1  323.0  333.7  323.6
  579.5   4723    3.3   -9.9     37   3.11    100    4.8  323.0  333.6  323.7
  578.7   4735    3.2  -10.2     37   3.05    100    4.6  323.1  333.5  323.7
  578.0   4745    3.1  -10.3     37   3.04     99    4.4  323.1  333.5  323.7
  577.3   4755    3.1  -10.1     37   3.08     99    4.2  323.2  333.7  323.8
  576.5   4765    3.0   -9.8     38   3.15     99    4.1  323.2  333.9  323.8
  575.8   4776    2.9   -9.1     41   3.33     99    4.0  323.2  334.5  323.8
  575.0   4786    2.8   -8.7     42   3.45     99    3.9  323.2  334.9  323.9
  574.3   4796    2.7   -8.7     43   3.46     99    3.8  323.2  335.0  323.9
  573.6   4807    2.7   -9.3     41   3.31     99    3.8  323.3  334.5  324.0
  572.7   4819    2.7  -10.1     38   3.10     99    3.8  323.4  334.0  324.0
  571.9   4831    2.7  -10.6     37   2.99    100    3.9  323.6  333.8  324.2
  571.1   4842    2.6   -9.7     40   3.22    100    3.9  323.6  334.6  324.2
  570.4   4852    2.5   -9.6     40   3.23    100    4.0  323.6  334.6  324.3
  569.8   4860    2.5   -9.9     40   3.17    101    4.1  323.7  334.5  324.3
  569.2   4869    2.4  -10.0     39   3.15    101    4.1  323.7  334.4  324.3
  568.3   4881    2.3  -10.2     39   3.10    100    4.2  323.8  334.3  324.4
  567.6   4892    2.3  -10.4     39   3.07    100    4.3  323.8  334.3  324.4
  567.0   4901    2.2   -9.5     41   3.28    100    4.4  323.8  335.0  324.5
  566.2   4911    2.1   -9.2     43   3.36     99    4.5  323.8  335.2  324.5
  565.4   4922    2.0   -9.3     43   3.35     98    4.6  323.8  335.2  324.5
  564.7   4934    1.9   -9.1     44   3.40     97    4.7  323.9  335.4  324.5
  563.8   4945    1.8   -8.9     45   3.46     97    4.7  323.9  335.6  324.6
  563.0   4957    1.7   -9.1     44   3.42     96    4.8  323.9  335.5  324.6
  562.3   4967    1.7   -9.9     42   3.22     95    4.9  324.0  335.0  324.6
  561.6   4978    1.7  -10.8     39   3.00     95    5.0  324.1  334.4  324.7
  560.9   4988    1.8  -12.7     33   2.57     95    5.0  324.3  333.2  324.8
  560.1   4999    1.8  -13.3     32   2.45     95    5.0  324.4  332.9  324.9
  559.4   5010    1.7  -13.2     32   2.48     95    5.0  324.5  333.1  325.0
  558.7   5019    1.7  -13.4     32   2.44     96    5.0  324.6  333.0  325.1
  558.1   5028    1.7  -13.8     31   2.37     97    5.0  324.7  332.9  325.1
  557.5   5037    1.6  -13.1     33   2.51     98    5.0  324.7  333.4  325.2
  556.9   5045    1.6  -13.0     33   2.53    100    5.0  324.7  333.5  325.2
  556.4   5052    1.5  -13.1     33   2.52    101    4.9  324.7  333.5  325.2
  555.8   5061    1.5  -13.0     33   2.54    102    4.9  324.8  333.6  325.3
  555.2   5070    1.4  -12.6     35   2.63    103    4.8  324.8  333.9  325.3
  554.5   5080    1.3  -12.3     35   2.68    104    4.8  324.8  334.0  325.3
  553.7   5091    1.2  -12.5     35   2.65    105    4.7  324.9  334.0  325.4
  553.0   5101    1.2  -12.6     35   2.63    104    4.7  324.9  334.0  325.4
  552.3   5112    1.1  -12.4     36   2.68    104    4.6  324.9  334.2  325.5
  551.7   5121    1.0  -11.9     37   2.78    103    4.6  325.0  334.5  325.5
  551.1   5130    1.0  -12.2     37   2.73    102    4.6  325.0  334.4  325.5
  550.4   5139    1.0  -12.5     36   2.66    100    4.6  325.1  334.3  325.6
  549.8   5149    0.9  -12.2     37   2.73     99    4.6  325.1  334.5  325.7
  549.2   5158    0.8  -11.7     39   2.85     97    4.7  325.2  335.0  325.7
  548.5   5168    0.8  -12.3     37   2.73     96    4.7  325.2  334.6  325.7
  547.7   5179    0.7  -13.9     32   2.39     94    4.7  325.3  333.6  325.8
  546.9   5190    0.7  -13.8     33   2.42     94    4.8  325.4  333.8  325.9
  546.2   5201    0.6  -12.3     38   2.74     93    4.8  325.3  334.8  325.9
  545.5   5211    0.5  -13.4     34   2.49     93    4.9  325.4  334.0  325.9
  544.8   5222    0.5  -14.9     31   2.22     92    4.9  325.5  333.2  325.9
  544.1   5232    0.4  -13.6     34   2.47     92    4.9  325.5  334.0  326.0
  543.4   5243    0.3  -14.1     33   2.38     92    4.9  325.5  333.8  326.0
  542.6   5254    0.4  -17.6     25   1.77     92    4.9  325.7  331.9  326.1
  541.9   5264    0.4  -18.2     23   1.69     92    4.8  325.9  331.9  326.2
  541.3   5273    0.3  -16.3     28   1.98     92    4.8  325.9  332.9  326.3
  540.6   5284    0.2  -15.5     30   2.13     92    4.7  325.9  333.3  326.3
  539.9   5294    0.1  -15.3     30   2.16     91    4.6  325.9  333.4  326.3
  539.1   5305    0.0  -15.4     30   2.15     91    4.6  325.9  333.4  326.3
  538.4   5317   -0.1  -15.3     31   2.17     90    4.5  325.9  333.5  326.3
  537.6   5328   -0.2  -15.3     31   2.17     90    4.5  325.9  333.5  326.3
  536.9   5338   -0.3  -15.5     31   2.14     89    4.5  325.9  333.4  326.4
  536.3   5347   -0.3  -15.7     30   2.10     89    4.5  326.0  333.3  326.4
  535.8   5355   -0.4  -16.0     30   2.06     88    4.4  326.0  333.2  326.4
  535.2   5364   -0.5  -16.5     29   1.97     88    4.5  326.0  332.9  326.4
  534.6   5373   -0.5  -17.0     28   1.90     88    4.5  326.0  332.7  326.4
  533.9   5383   -0.6  -17.4     27   1.84     89    4.5  326.1  332.6  326.4
  533.2   5393   -0.7  -18.0     26   1.74     89    4.5  326.1  332.3  326.5
  532.6   5403   -0.7  -18.1     25   1.73     90    4.6  326.2  332.3  326.5
  531.9   5413   -0.8  -17.6     27   1.80     90    4.6  326.2  332.6  326.6
  531.2   5423   -0.8  -17.9     26   1.77     91    4.6  326.2  332.5  326.6
  530.6   5433   -0.9  -18.7     25   1.66     91    4.6  326.3  332.2  326.6
  529.9   5444   -0.9  -19.7     23   1.52     92    4.6  326.4  331.8  326.7
  529.1   5456   -1.0  -20.2     22   1.45     92    4.6  326.4  331.6  326.7
  528.3   5467   -1.0  -20.3     22   1.45     92    4.5  326.5  331.7  326.8
  527.6   5477   -1.1  -19.9     22   1.50     91    4.4  326.6  331.9  326.9
  527.1   5486   -1.1  -19.8     23   1.51     90    4.3  326.6  332.0  326.9
  526.5   5495   -1.2  -19.7     23   1.52     88    4.2  326.7  332.1  327.0
  525.9   5503   -1.2  -18.7     25   1.66     86    4.1  326.7  332.6  327.0
  525.3   5512   -1.3  -17.2     29   1.90     83    4.0  326.7  333.4  327.1
  524.7   5522   -1.5  -16.2     31   2.06     80    3.8  326.7  333.9  327.1
  524.0   5532   -1.5  -16.2     32   2.07     76    3.7  326.7  334.0  327.1
  523.4   5542   -1.7  -16.1     32   2.08     72    3.6  326.7  334.0  327.1
  522.9   5550   -1.7  -16.1     32   2.08     69    3.5  326.6  334.0  327.1
  522.3   5558   -1.8  -16.1     33   2.09     65    3.5  326.7  334.0  327.1
  521.7   5567   -1.9  -16.0     33   2.12     62    3.4  326.7  334.1  327.1
  521.1   5577   -2.0  -16.0     33   2.11     59    3.3  326.7  334.1  327.1
  520.4   5587   -2.1  -16.0     34   2.11     57    3.3  326.7  334.1  327.1
  519.8   5596   -2.2  -15.9     34   2.13     56    3.2  326.7  334.2  327.1
  519.2   5605   -2.2  -15.9     34   2.14     55    3.1  326.7  334.2  327.1
  518.7   5614   -2.3  -15.9     35   2.14     56    3.0  326.7  334.2  327.1
  518.2   5621   -2.4  -15.8     35   2.15     57    2.9  326.7  334.2  327.1
  517.6   5630   -2.5  -15.8     35   2.16     59    2.8  326.7  334.3  327.1
  517.0   5639   -2.6  -15.8     35   2.17     62    2.6  326.7  334.3  327.1
  516.4   5649   -2.6  -15.9     35   2.15     67    2.5  326.7  334.3  327.1
  515.7   5659   -2.7  -15.9     36   2.15     72    2.5  326.7  334.3  327.2
  515.0   5670   -2.8  -15.7     36   2.19     77    2.4  326.8  334.5  327.2
  514.4   5680   -2.9  -15.2     38   2.28     83    2.4  326.8  334.8  327.2
  513.8   5689   -3.0  -14.7     40   2.39     88    2.5  326.8  335.1  327.3
  513.1   5699   -3.1  -14.4     41   2.45     93    2.5  326.8  335.3  327.3
  512.5   5709   -3.2  -14.3     42   2.47     97    2.6  326.8  335.4  327.3
  511.9   5718   -3.2  -14.3     42   2.47    100    2.7  326.8  335.4  327.3
  511.3   5728   -3.3  -14.3     42   2.47    102    2.8  326.8  335.4  327.3
  510.7   5737   -3.4  -14.3     43   2.48    103    3.0  326.8  335.5  327.3
  510.1   5747   -3.5  -14.2     43   2.50    104    3.1  326.8  335.5  327.3
  509.5   5756   -3.6  -14.0     44   2.54    104    3.2  326.9  335.7  327.4
  508.8   5765   -3.6  -13.9     45   2.58    104    3.3  326.9  335.9  327.4
  508.2   5775   -3.7  -13.8     46   2.61    104    3.3  326.9  336.0  327.4
  507.6   5785   -3.8  -13.4     47   2.68    103    3.4  326.9  336.2  327.4
  506.9   5795   -3.9  -13.3     48   2.70    102    3.5  326.9  336.3  327.5
  506.3   5805   -4.0  -13.4     48   2.69    101    3.5  327.0  336.3  327.5
  505.7   5814   -4.0  -13.5     48   2.67    100    3.6  327.0  336.3  327.5
  505.2   5822   -4.1  -13.5     48   2.67    100    3.6  327.0  336.3  327.5
  504.7   5831   -4.2  -13.6     48   2.67     99    3.7  327.0  336.3  327.5
  504.0   5840   -4.3  -13.5     49   2.68     99    3.7  327.0  336.3  327.6
  503.4   5850   -4.4  -13.6     49   2.67     98    3.8  327.0  336.3  327.5
  502.7   5861   -4.5  -13.8     48   2.64     99    3.8  327.0  336.2  327.6
  502.1   5871   -4.5  -14.0     48   2.59     99    3.9  327.0  336.1  327.6
  501.4   5881   -4.6  -14.3     47   2.52    100    4.0  327.1  335.9  327.6
  500.8   5891   -4.7  -14.7     46   2.46    101    4.1  327.1  335.7  327.6
  500.2   5900   -4.8  -15.0     45   2.40    103    4.2  327.1  335.5  327.6
  500.0   5904   -4.8  -15.0     45   2.39    104    4.3  327.1  335.5  327.6
  499.5   5911   -4.8  -15.1     45   2.38    104    4.3  327.2  335.5  327.6
  498.8   5922   -4.9  -15.2     45   2.36    106    4.4  327.2  335.5  327.7
  498.1   5933   -5.0  -15.4     44   2.33    107    4.5  327.2  335.4  327.7
  497.5   5944   -5.0  -16.4     40   2.13    109    4.6  327.3  334.8  327.7
  496.8   5954   -5.0  -18.2     35   1.84    110    4.7  327.4  334.0  327.8
  496.2   5964   -5.0  -18.4     34   1.81    112    4.8  327.5  334.0  327.9
  495.6   5973   -5.1  -18.3     35   1.83    113    4.8  327.6  334.1  328.0
  495.0   5982   -5.1  -18.4     34   1.82    114    4.9  327.7  334.2  328.1
  494.5   5991   -5.1  -18.6     34   1.78    115    5.0  327.7  334.1  328.1
  493.9   6001   -5.2  -19.0     33   1.73    116    5.0  327.8  333.9  328.1
  493.1   6012   -5.2  -19.0     33   1.73    117    5.0  327.9  334.0  328.2
  492.4   6024   -5.3  -18.6     34   1.80    118    5.1  327.9  334.3  328.3
  491.8   6034   -5.4  -18.0     37   1.90    119    5.1  327.9  334.6  328.3
  491.2   6043   -5.5  -16.9     40   2.08    120    5.1  327.9  335.3  328.3
  490.5   6054   -5.6  -16.0     44   2.24    120    5.1  327.9  335.8  328.4
  489.8   6065   -5.7  -15.7     45   2.31    120    5.2  327.9  336.1  328.4
  489.2   6075   -5.8  -15.6     46   2.33    121    5.2  327.9  336.1  328.4
  488.5   6086   -5.9  -15.4     47   2.36    120    5.2  327.9  336.2  328.4
  487.9   6096   -6.0  -15.4     47   2.36    120    5.2  327.9  336.2  328.4
  487.3   6106   -6.1  -15.5     47   2.35    120    5.3  327.9  336.2  328.4
  486.7   6115   -6.2  -15.6     48   2.35    120    5.3  327.9  336.2  328.4
  486.1   6124   -6.3  -15.5     48   2.35    119    5.4  327.9  336.2  328.4
  485.5   6134   -6.4  -15.4     49   2.39    119    5.5  327.9  336.3  328.4
  485.0   6143   -6.5  -15.4     49   2.39    119    5.5  327.9  336.3  328.4
  484.4   6153   -6.6  -15.5     49   2.37    120    5.6  327.9  336.2  328.4
  483.8   6162   -6.7  -15.3     50   2.41    120    5.7  327.9  336.4  328.4
  483.3   6170   -6.7  -14.8     53   2.53    121    5.8  327.9  336.8  328.4
  482.7   6180   -6.8  -14.3     55   2.63    122    5.9  327.9  337.1  328.4
  481.9   6192   -7.0  -14.3     56   2.63    124    6.0  327.9  337.1  328.4
  481.2   6203   -7.1  -14.3     56   2.64    126    6.1  327.9  337.1  328.5
  480.6   6213   -7.2  -14.1     57   2.67    127    6.3  327.9  337.2  328.5
  479.9   6224   -7.2  -14.2     58   2.67    129    6.4  328.0  337.3  328.5
  479.1   6237   -7.4  -14.2     58   2.67    131    6.6  328.0  337.3  328.5
  478.5   6248   -7.5  -14.2     58   2.66    133    6.7  327.9  337.2  328.5
  478.0   6255   -7.6  -14.3     59   2.66    135    6.9  327.9  337.2  328.5
  477.5   6264   -7.6  -14.2     59   2.68    136    7.1  328.0  337.3  328.5
  476.9   6274   -7.7  -14.2     60   2.67    138    7.3  327.9  337.3  328.5
  476.3   6284   -7.8  -14.3     60   2.66    139    7.5  327.9  337.2  328.5
  475.6   6295   -8.0  -14.3     60   2.67    140    7.7  327.9  337.2  328.5
  475.0   6305   -8.0  -14.3     61   2.66    140    7.9  327.9  337.2  328.5
  474.4   6315   -8.1  -14.3     61   2.66    141    8.0  328.0  337.2  328.5
  473.9   6322   -8.2  -14.4     61   2.65    141    8.2  328.0  337.2  328.5
  473.5   6330   -8.2  -14.4     61   2.65    141    8.3  328.0  337.2  328.5
  473.0   6338   -8.3  -14.6     60   2.62    142    8.5  328.0  337.2  328.6
  472.5   6346   -8.3  -14.6     61   2.61    142    8.6  328.1  337.2  328.6
  472.0   6354   -8.4  -14.8     60   2.58    142    8.7  328.1  337.1  328.6
  471.4   6363   -8.5  -15.0     59   2.54    141    8.8  328.1  337.0  328.6
  470.9   6372   -8.5  -15.3     58   2.47    141    8.9  328.2  336.8  328.7
  470.3   6381   -8.5  -15.7     56   2.40    141    8.9  328.3  336.7  328.7
  469.8   6390   -8.6  -15.9     56   2.37    140    9.0  328.3  336.6  328.8
  469.2   6400   -8.6  -16.0     55   2.35    139    9.0  328.3  336.6  328.8
  468.7   6409   -8.7  -16.1     55   2.33    139    9.1  328.3  336.5  328.8
  468.2   6418   -8.8  -16.2     55   2.32    138    9.1  328.4  336.5  328.8
  467.7   6426   -8.9  -16.1     56   2.33    137    9.1  328.4  336.5  328.8
  467.0   6436   -9.0  -16.1     56   2.34    136    9.1  328.4  336.6  328.9
  466.4   6447   -9.0  -16.0     57   2.36    135    9.1  328.4  336.7  328.9
  465.8   6457   -9.1  -16.1     57   2.35    135    9.0  328.4  336.6  328.9
  465.1   6468   -9.2  -16.3     57   2.31    134    9.0  328.4  336.6  328.9
  464.5   6478   -9.3  -16.4     56   2.29    134    8.9  328.5  336.5  328.9
  464.0   6487   -9.4  -16.6     55   2.25    134    8.9  328.5  336.4  328.9
  463.4   6497   -9.5  -17.0     54   2.19    134    8.8  328.5  336.2  328.9
  462.8   6507   -9.5  -17.4     53   2.12    134    8.7  328.6  336.1  329.0
  462.2   6516   -9.5  -17.8     51   2.05    135    8.6  328.7  336.0  329.1
  461.7   6526   -9.5  -18.0     50   2.01    135    8.6  328.8  335.9  329.2
  461.0   6536   -9.5  -18.7     47   1.90    136    8.5  328.9  335.7  329.3
  460.5   6545   -9.4  -19.8     42   1.73    137    8.5  329.2  335.3  329.5
  460.0   6553   -9.3  -21.4     37   1.51    138    8.4  329.4  334.8  329.7
  459.6   6560   -9.1  -22.5     33   1.37    138    8.3  329.7  334.6  329.9
  459.2   6568   -9.1  -22.2     34   1.40    139    8.3  329.8  334.9  330.0
  458.7   6576   -9.2  -21.8     35   1.46    140    8.2  329.8  335.1  330.1
  458.2   6583   -9.2  -21.7     36   1.47    141    8.1  329.8  335.2  330.1
  457.8   6591   -9.3  -21.5     36   1.50    141    8.0  329.8  335.2  330.1
  457.3   6600   -9.4  -21.5     37   1.51    142    7.8  329.8  335.3  330.1
  456.7   6609   -9.5  -21.4     37   1.52    142    7.6  329.8  335.3  330.1
  456.2   6617   -9.6  -21.2     38   1.54    142    7.4  329.8  335.4  330.1
  455.7   6626   -9.7  -21.0     39   1.58    142    7.2  329.8  335.5  330.1
  455.1   6637   -9.8  -20.7     41   1.62    141    7.0  329.8  335.6  330.1
  454.4   6649   -9.9  -20.4     42   1.67    140    6.8  329.8  335.8  330.1
  453.7   6661  -10.0  -20.2     43   1.69    139    6.5  329.8  335.9  330.2
  453.0   6672  -10.0  -20.8     41   1.61    137    6.3  330.0  335.8  330.3
  452.3   6683  -10.0  -21.7     38   1.49    135    6.1  330.2  335.6  330.5
  451.7   6694   -9.9  -22.6     35   1.38    133    6.0  330.3  335.3  330.6
  451.2   6703   -9.9  -23.4     32   1.29    130    5.8  330.5  335.2  330.7
  450.7   6711   -9.9  -24.1     30   1.21    127    5.7  330.6  335.0  330.8
  450.1   6722   -9.8  -25.4     27   1.08    124    5.6  330.8  334.8  331.0
  449.5   6733   -9.8  -26.4     24   0.99    120    5.6  331.0  334.6  331.2
  448.9   6742   -9.7  -27.6     22   0.88    117    5.5  331.2  334.5  331.4
  448.4   6751   -9.6  -28.4     20   0.82    114    5.5  331.5  334.6  331.6
  447.8   6761   -9.5  -29.7     18   0.73    110    5.4  331.7  334.5  331.9
  447.3   6770   -9.3  -31.6     14   0.61    107    5.4  332.0  334.4  332.2
  446.8   6778   -9.2  -32.7     13   0.55    103    5.4  332.3  334.4  332.4
  446.3   6786   -9.1  -33.6     12   0.50    100    5.4  332.5  334.4  332.6
  445.9   6794   -9.0  -34.5     11   0.46     97    5.4  332.7  334.5  332.8
  445.4   6802   -8.9  -35.4     10   0.42     94    5.4  332.9  334.5  333.0
  445.0   6809   -8.8  -37.4      8   0.35     91    5.5  333.1  334.5  333.2
  444.6   6817   -8.7  -38.7      7   0.30     89    5.6  333.3  334.5  333.4
  444.1   6825   -8.7  -39.5      6   0.28     87    5.7  333.5  334.6  333.6
  443.6   6833   -8.6  -40.1      6   0.26     85    5.9  333.7  334.8  333.7
  443.2   6841   -8.6  -40.4      6   0.26     84    6.0  333.8  334.8  333.9
  442.6   6851   -8.5  -40.0      6   0.27     84    6.2  334.0  335.1  334.1
  442.0   6861   -8.6  -39.2      6   0.29     84    6.3  334.1  335.3  334.1
  441.4   6872   -8.6  -38.8      7   0.30     84    6.5  334.1  335.3  334.2
  440.9   6882   -8.7  -38.2      7   0.32     85    6.6  334.2  335.4  334.2
  440.2   6893   -8.7  -38.0      7   0.33     85    6.7  334.3  335.6  334.3
  439.6   6904   -8.7  -38.3      7   0.32     86    6.8  334.4  335.7  334.5
  439.0   6915   -8.7  -38.3      7   0.32     87    6.8  334.5  335.8  334.6
  438.4   6925   -8.8  -38.7      7   0.31     88    6.8  334.6  335.8  334.7
  437.8   6935   -8.8  -39.1      7   0.29     89    6.8  334.7  335.9  334.8
  437.2   6947   -8.7  -40.2      6   0.26     89    6.7  334.9  336.0  335.0
  436.5   6958   -8.6  -42.1      5   0.22     90    6.6  335.3  336.2  335.3
  435.9   6969   -8.5  -43.0      4   0.20     90    6.4  335.6  336.4  335.6
  435.3   6980   -8.5  -43.6      4   0.19     91    6.2  335.7  336.4  335.7
  434.7   6992   -8.5  -43.9      4   0.18     91    5.9  335.7  336.5  335.8
  434.0   7003   -8.6  -44.3      4   0.17     92    5.7  335.8  336.5  335.9
  433.4   7014   -8.6  -44.4      4   0.17     92    5.4  335.9  336.6  335.9
  432.9   7023   -8.6  -44.1      4   0.18     93    5.0  336.0  336.7  336.0
  432.3   7033   -8.6  -43.9      4   0.18     94    4.7  336.2  336.9  336.2
  431.8   7043   -8.6  -44.0      4   0.18     95    4.4  336.3  337.0  336.3
  431.2   7054   -8.6  -44.4      4   0.17     96    4.1  336.4  337.1  336.4
  430.7   7063   -8.7  -44.6      4   0.17     98    3.8  336.4  337.1  336.5
  430.2   7072   -8.7  -45.1      3   0.16    100    3.6  336.5  337.2  336.5
  429.6   7082   -8.6  -46.0      3   0.14    103    3.4  336.7  337.3  336.7
  429.0   7094   -8.5  -46.7      3   0.13    105    3.2  337.0  337.5  337.0
  428.3   7105   -8.5  -46.6      3   0.14    108    3.0  337.2  337.8  337.3
  427.8   7115   -8.5  -45.5      3   0.15    111    2.9  337.4  338.0  337.4
  427.3   7125   -8.5  -44.5      4   0.17    114    2.8  337.5  338.2  337.5
  426.8   7134   -8.5  -44.4      4   0.17    116    2.8  337.6  338.3  337.6
  426.3   7142   -8.5  -44.2      4   0.18    118    2.7  337.7  338.4  337.7
  425.8   7151   -8.5  -44.0      4   0.18    120    2.7  337.7  338.5  337.8
  425.3   7160   -8.6  -43.9      4   0.18    121    2.6  337.7  338.5  337.8
  424.8   7170   -8.7  -43.7      4   0.19    123    2.6  337.8  338.6  337.8
  424.2   7180   -8.7  -43.5      4   0.19    123    2.6  337.8  338.6  337.9
  423.7   7190   -8.8  -42.9      4   0.20    124    2.6  337.9  338.8  338.0
  423.1   7200   -8.8  -42.9      4   0.21    125    2.5  338.0  338.8  338.0
  422.6   7210   -8.9  -42.8      4   0.21    125    2.6  338.0  338.9  338.1
  422.0   7221   -8.9  -42.8      5   0.21    126    2.6  338.1  339.0  338.1
  421.4   7232   -9.0  -42.5      5   0.22    126    2.6  338.2  339.0  338.2
  420.8   7242   -9.0  -42.2      5   0.22    126    2.7  338.2  339.1  338.2
  420.3   7251   -9.1  -41.8      5   0.23    126    2.7  338.2  339.2  338.2
  419.8   7261   -9.2  -40.7      6   0.26    126    2.8  338.2  339.3  338.2
  419.2   7272   -9.3  -40.2      6   0.28    125    2.9  338.2  339.3  338.3
  418.6   7283   -9.4  -40.7      6   0.26    124    3.0  338.2  339.3  338.3
  418.1   7293   -9.5  -42.1      5   0.23    123    3.1  338.3  339.2  338.3
  417.6   7302   -9.5  -43.4      4   0.20    122    3.2  338.3  339.2  338.4
  417.0   7312   -9.6  -43.6      4   0.19    121    3.2  338.4  339.2  338.5
  416.4   7323   -9.7  -43.0      5   0.21    119    3.3  338.4  339.3  338.5
  415.8   7335   -9.8  -42.5      5   0.22    118    3.3  338.4  339.3  338.5
  415.1   7347   -9.9  -40.6      6   0.27    116    3.3  338.5  339.6  338.5
  414.5   7358  -10.0  -39.4      7   0.30    115    3.3  338.5  339.7  338.5
  414.0   7368  -10.1  -39.5      7   0.30    114    3.2  338.5  339.7  338.5
  413.5   7378  -10.2  -39.7      7   0.29    113    3.2  338.5  339.7  338.5
  412.9   7389  -10.2  -39.8      7   0.29    113    3.1  338.5  339.7  338.6
  412.3   7400  -10.3  -39.4      7   0.30    113    3.1  338.5  339.8  338.6
  411.8   7408  -10.4  -38.5      8   0.33    114    3.0  338.5  339.9  338.6
  411.4   7417  -10.5  -38.0      8   0.35    115    2.9  338.5  340.0  338.6
  410.9   7427  -10.6  -38.4      8   0.34    117    2.9  338.6  339.9  338.6
  410.4   7436  -10.6  -38.7      8   0.33    119    2.8  338.6  339.9  338.7
  409.8   7447  -10.7  -39.0      8   0.32    121    2.8  338.6  339.9  338.7
  409.2   7458  -10.8  -39.2      8   0.31    124    2.7  338.6  339.9  338.7
  408.6   7469  -10.9  -39.5      7   0.30    126    2.7  338.7  339.9  338.7
  408.0   7480  -11.0  -40.0      7   0.29    128    2.7  338.7  339.9  338.8
  407.4   7492  -11.1  -40.5      7   0.27    130    2.7  338.7  339.8  338.8
  406.8   7503  -11.1  -41.5      6   0.25    131    2.7  338.8  339.8  338.8
  406.3   7513  -11.1  -43.7      5   0.20    132    2.7  338.9  339.7  338.9
  405.7   7524  -11.1  -46.0      4   0.15    132    2.7  339.1  339.7  339.1
  405.2   7534  -11.2  -46.2      4   0.15    132    2.7  339.1  339.7  339.1
  404.7   7543  -11.3  -46.3      4   0.15    131    2.7  339.1  339.8  339.2
  404.1   7554  -11.3  -46.1      4   0.15    129    2.6  339.2  339.8  339.2
  403.5   7565  -11.4  -45.9      4   0.16    127    2.6  339.2  339.8  339.2
  403.0   7576  -11.5  -45.6      4   0.16    124    2.6  339.2  339.8  339.2
  402.4   7586  -11.6  -45.4      4   0.16    121    2.7  339.2  339.9  339.2
  402.0   7595  -11.7  -45.2      4   0.17    118    2.7  339.2  339.9  339.2
  401.5   7604  -11.8  -44.9      5   0.17    115    2.8  339.2  339.9  339.2
  401.0   7613  -11.9  -44.7      5   0.18    113    2.8  339.2  339.9  339.2
  400.4   7624  -12.0  -44.7      5   0.18    110    2.9  339.2  339.9  339.2
  400.0   7632  -12.1  -44.7      5   0.18    110    2.9  339.2  340.0  339.2
  399.8   7636  -12.1  -44.7      5   0.18    109    3.1  339.2  340.0  339.3
  399.2   7647  -12.2  -44.5      5   0.18    108    3.2  339.2  340.0  339.3
  398.6   7659  -12.3  -44.3      5   0.19    107    3.3  339.2  340.0  339.3
  398.0   7670  -12.4  -44.2      5   0.19    106    3.4  339.3  340.1  339.3
  397.5   7680  -12.5  -44.2      5   0.19    106    3.5  339.3  340.1  339.4
  397.0   7689  -12.5  -44.3      5   0.19    106    3.5  339.4  340.1  339.4
  396.5   7699  -12.6  -44.4      5   0.19    106    3.5  339.4  340.2  339.5
  396.0   7710  -12.6  -44.6      5   0.18    106    3.5  339.5  340.2  339.5
  395.4   7720  -12.7  -44.7      5   0.18    105    3.5  339.5  340.3  339.6
  394.9   7730  -12.8  -44.8      5   0.18    105    3.4  339.6  340.3  339.6
  394.4   7740  -12.8  -44.8      5   0.18    104    3.4  339.6  340.3  339.6
  393.8   7752  -12.9  -44.9      5   0.18    104    3.2  339.6  340.4  339.7
  393.1   7764  -13.0  -44.8      5   0.18    102    3.1  339.7  340.4  339.7
  392.6   7775  -13.1  -44.7      5   0.18    101    2.9  339.7  340.5  339.7
  392.0   7786  -13.2  -44.6      5   0.18    100    2.8  339.7  340.5  339.8
  391.5   7795  -13.2  -44.5      5   0.19     98    2.6  339.8  340.5  339.8
  391.1   7804  -13.3  -44.8      5   0.18     96    2.4  339.8  340.5  339.8
  390.6   7814  -13.3  -45.9      5   0.16     94    2.3  340.0  340.6  340.0
  390.1   7823  -13.2  -47.0      4   0.14     92    2.2  340.1  340.7  340.1
  389.7   7832  -13.3  -47.6      4   0.13     89    2.1  340.2  340.7  340.2
  389.2   7841  -13.3  -47.8      4   0.13     87    2.1  340.2  340.8  340.2
  388.7   7851  -13.4  -48.3      4   0.12     84    2.0  340.2  340.8  340.3
  388.2   7861  -13.5  -48.5      3   0.12     81    2.0  340.3  340.8  340.3
  387.7   7870  -13.6  -48.7      3   0.12     79    2.1  340.3  340.8  340.3
  387.2   7880  -13.6  -48.9      3   0.12     76    2.1  340.3  340.8  340.3
  386.7   7889  -13.7  -49.1      3   0.11     73    2.2  340.3  340.8  340.4
  386.3   7897  -13.8  -49.6      3   0.11     71    2.3  340.4  340.8  340.4
  385.9   7905  -13.8  -50.0      3   0.10     69    2.5  340.4  340.8  340.4
  385.5   7914  -13.9  -50.3      3   0.10     67    2.6  340.4  340.8  340.4
  384.9   7925  -14.0  -50.6      3   0.10     65    2.8  340.4  340.9  340.5
  384.3   7936  -14.1  -51.2      3   0.09     64    2.9  340.5  340.9  340.5
  383.8   7947  -14.1  -51.8      3   0.08     62    3.1  340.6  340.9  340.6
  383.2   7958  -14.2  -51.9      2   0.08     61    3.2  340.6  341.0  340.7
  382.7   7969  -14.2  -51.8      3   0.08     60    3.3  340.7  341.0  340.7
  382.1   7980  -14.3  -51.9      3   0.08     59    3.4  340.7  341.1  340.7
  381.6   7990  -14.4  -52.0      3   0.08     59    3.5  340.7  341.1  340.8
  381.2   7999  -14.5  -52.0      3   0.08     58    3.6  340.7  341.1  340.7
  380.6   8010  -14.6  -52.0      3   0.08     57    3.7  340.8  341.1  340.8
  380.1   8021  -14.7  -52.1      3   0.08     56    3.7  340.8  341.1  340.8
  379.5   8032  -14.8  -52.1      3   0.08     55    3.8  340.8  341.2  340.8
  379.0   8043  -14.8  -52.1      3   0.08     54    3.8  340.8  341.2  340.8
  378.5   8052  -14.9  -52.2      3   0.08     53    3.8  340.8  341.2  340.9
  378.1   8061  -15.0  -52.2      3   0.08     52    3.8  340.8  341.2  340.8
  377.6   8071  -15.1  -52.2      3   0.08     51    3.8  340.9  341.2  340.9
  377.0   8082  -15.2  -52.2      3   0.08     50    3.8  340.9  341.2  340.9
  376.5   8093  -15.2  -51.9      3   0.08     49    3.8  340.9  341.3  340.9
  375.9   8104  -15.3  -51.1      3   0.09     48    3.9  341.0  341.4  341.0
  375.3   8116  -15.4  -50.2      3   0.10     47    3.9  341.0  341.5  341.0
  374.8   8127  -15.5  -49.4      4   0.11     47    3.9  341.0  341.5  341.1
  374.2   8138  -15.6  -49.1      4   0.12     46    4.0  341.1  341.6  341.1
  373.6   8150  -15.7  -48.9      4   0.12     46    4.0  341.1  341.7  341.2
  373.1   8161  -15.8  -48.7      4   0.12     46    4.1  341.1  341.6  341.1
  372.6   8172  -15.9  -48.3      4   0.13     46    4.1  341.1  341.7  341.2
  372.1   8181  -15.9  -48.4      4   0.13     47    4.1  341.1  341.7  341.2
  371.6   8191  -16.0  -48.3      4   0.13     47    4.1  341.2  341.7  341.2
  371.2   8200  -16.1  -48.0      5   0.13     47    4.1  341.2  341.7  341.2
  370.7   8209  -16.2  -47.9      5   0.14     48    4.1  341.2  341.7  341.2
  370.3   8218  -16.3  -47.9      5   0.14     48    4.0  341.2  341.7  341.2
  369.8   8227  -16.4  -48.0      5   0.13     48    4.0  341.2  341.8  341.2
  369.4   8236  -16.4  -48.4      4   0.13     48    3.9  341.2  341.7  341.2
  368.8   8247  -16.5  -47.9      5   0.14     49    3.7  341.2  341.8  341.3
  368.3   8258  -16.6  -46.3      6   0.16     49    3.6  341.2  341.9  341.3
  367.8   8269  -16.8  -45.6      6   0.18     50    3.5  341.2  341.9  341.2
  367.3   8279  -16.8  -45.6      6   0.18     51    3.4  341.2  342.0  341.3
  366.8   8288  -16.9  -45.8      6   0.17     52    3.3  341.2  342.0  341.3
  366.4   8297  -17.0  -46.0      6   0.17     53    3.2  341.2  341.9  341.2
  365.9   8307  -17.1  -45.7      6   0.18     55    3.1  341.2  342.0  341.3
  365.4   8318  -17.2  -45.0      7   0.19     56    3.1  341.2  342.0  341.2
  364.9   8327  -17.3  -44.4      8   0.20     57    3.0  341.2  342.1  341.3
  364.5   8335  -17.4  -44.2      8   0.21     59    3.0  341.2  342.1  341.3
  364.2   8343  -17.5  -44.0      8   0.21     60    3.0  341.2  342.1  341.2
  363.7   8352  -17.6  -43.6      8   0.22     61    3.1  341.2  342.1  341.3
  363.3   8361  -17.6  -43.5      9   0.22     62    3.1  341.2  342.1  341.3
  362.8   8371  -17.7  -43.4      9   0.23     62    3.1  341.3  342.2  341.3
  362.4   8380  -17.8  -43.3      9   0.23     62    3.2  341.2  342.2  341.3
  361.9   8389  -17.9  -43.3      9   0.23     62    3.2  341.3  342.2  341.3
  361.4   8399  -18.0  -43.5      9   0.23     62    3.3  341.3  342.2  341.3
  360.9   8410  -18.1  -43.8      9   0.22     62    3.3  341.3  342.2  341.3
  360.3   8422  -18.2  -44.1      8   0.21     62    3.3  341.3  342.2  341.4
  359.8   8433  -18.3  -44.3      8   0.21     62    3.3  341.3  342.2  341.4
  359.3   8442  -18.4  -44.5      8   0.20     63    3.4  341.3  342.2  341.4
  358.9   8452  -18.4  -44.9      8   0.19     63    3.4  341.4  342.2  341.4
  358.4   8462  -18.5  -45.2      8   0.19     64    3.4  341.4  342.2  341.4
  357.9   8473  -18.6  -45.3      8   0.19     65    3.4  341.4  342.2  341.4
  357.4   8483  -18.7  -45.2      8   0.19     65    3.4  341.4  342.2  341.4
  356.9   8494  -18.8  -45.3      8   0.19     66    3.4  341.4  342.2  341.4
  356.3   8505  -18.9  -45.5      8   0.18     67    3.3  341.5  342.2  341.5
  355.8   8516  -19.0  -45.8      7   0.18     68    3.3  341.5  342.2  341.5
  355.3   8526  -19.1  -46.2      7   0.17     69    3.2  341.5  342.2  341.5
  355.0   8534  -19.2  -46.4      7   0.17     69    3.1  341.4  342.1  341.5
  354.6   8542  -19.2  -46.5      7   0.17     70    3.0  341.5  342.2  341.5
  354.2   8550  -19.3  -46.4      7   0.17     70    2.9  341.5  342.2  341.5
  353.8   8559  -19.4  -46.4      7   0.17     71    2.8  341.5  342.2  341.5
  353.3   8568  -19.5  -46.5      7   0.17     71    2.6  341.5  342.2  341.5
  352.9   8577  -19.6  -46.7      7   0.16     72    2.5  341.5  342.2  341.5
  352.4   8587  -19.7  -47.0      7   0.16     72    2.4  341.5  342.2  341.5
  352.0   8596  -19.7  -46.8      7   0.16     72    2.3  341.5  342.2  341.5
  351.5   8606  -19.8  -46.0      8   0.18     73    2.3  341.5  342.3  341.6
  351.0   8617  -19.9  -45.6      8   0.19     74    2.3  341.6  342.3  341.6
  350.5   8628  -20.0  -45.2      9   0.19     75    2.3  341.6  342.4  341.6
  350.0   8638  -20.1  -45.1      9   0.20     76    2.4  341.6  342.4  341.6
  349.6   8648  -20.2  -45.0      9   0.20     76    2.4  341.6  342.4  341.6
  349.0   8659  -20.3  -44.9      9   0.20     78    2.5  341.6  342.4  341.7
  348.4   8671  -20.4  -45.0      9   0.20     79    2.6  341.6  342.5  341.7
  348.0   8682  -20.5  -45.5      9   0.19     80    2.7  341.6  342.4  341.7
  347.5   8691  -20.5  -47.1      7   0.16     81    2.8  341.7  342.4  341.8
  347.1   8700  -20.5  -47.5      7   0.15     82    2.8  341.8  342.5  341.9
  346.6   8711  -20.6  -46.6      8   0.17     83    2.9  341.9  342.6  341.9
  346.0   8723  -20.6  -46.9      8   0.16     85    2.9  342.0  342.6  342.0
  345.5   8734  -20.7  -47.2      7   0.16     86    2.9  342.0  342.7  342.0
  345.0   8745  -20.7  -46.4      8   0.17     88    2.9  342.1  342.9  342.2
  344.5   8756  -20.8  -45.9      9   0.18     89    2.9  342.2  343.0  342.2
  343.9   8768  -20.8  -46.2      8   0.18     90    2.8  342.3  343.1  342.4
  343.4   8778  -20.9  -46.3      8   0.17     91    2.8  342.4  343.1  342.4
  343.0   8788  -20.9  -46.4      8   0.17     92    2.8  342.4  343.2  342.5
  342.5   8797  -21.0  -46.4      8   0.17     93    2.8  342.5  343.2  342.5
  342.0   8809  -21.1  -46.4      8   0.17     94    2.8  342.5  343.2  342.5
  341.5   8820  -21.2  -46.6      8   0.17     94    2.8  342.5  343.2  342.6
  341.0   8830  -21.2  -46.7      8   0.17     95    2.8  342.6  343.3  342.6
  340.6   8839  -21.3  -46.7      8   0.17     95    2.8  342.6  343.4  342.7
  340.2   8848  -21.3  -46.7      8   0.17     96    2.8  342.7  343.4  342.7
  339.8   8857  -21.4  -46.8      8   0.17     97    2.8  342.7  343.4  342.7
  339.3   8867  -21.5  -46.7      8   0.17     98    2.9  342.7  343.5  342.8
  338.9   8877  -21.5  -46.7      8   0.17    100    2.9  342.7  343.5  342.8
  338.3   8889  -21.6  -46.7      8   0.17    102    3.0  342.8  343.5  342.8
  337.8   8901  -21.7  -46.8      8   0.17    104    3.0  342.8  343.6  342.9
  337.2   8912  -21.8  -47.0      8   0.16    106    3.1  342.9  343.6  343.0
  336.7   8924  -21.9  -47.1      8   0.16    108    3.2  343.0  343.6  343.0
  336.1   8936  -22.0  -47.2      8   0.16    110    3.3  343.0  343.7  343.0
  335.6   8948  -22.0  -47.3      8   0.16    112    3.4  343.0  343.7  343.1
  335.1   8959  -22.1  -47.4      8   0.16    114    3.5  343.0  343.7  343.1
  334.6   8971  -22.2  -47.5      8   0.16    115    3.6  343.1  343.7  343.1
  334.1   8982  -22.3  -47.4      8   0.16    117    3.7  343.1  343.7  343.1
  333.6   8992  -22.4  -47.5      8   0.16    118    3.8  343.1  343.7  343.1
  333.1   9003  -22.5  -47.6      8   0.16    119    3.9  343.1  343.8  343.1
  332.7   9013  -22.6  -47.7      8   0.15    119    4.0  343.1  343.8  343.1
  332.3   9022  -22.7  -47.8      8   0.15    120    4.1  343.2  343.8  343.2
  331.8   9032  -22.7  -47.8      8   0.15    120    4.2  343.2  343.8  343.2
  331.3   9043  -22.9  -47.8      8   0.15    120    4.2  343.2  343.8  343.2
  330.8   9055  -23.0  -47.9      8   0.15    120    4.3  343.2  343.8  343.2
  330.2   9068  -23.1  -47.9      8   0.15    120    4.4  343.2  343.9  343.2
  329.6   9080  -23.2  -47.9      8   0.15    120    4.4  343.2  343.9  343.3
  329.1   9091  -23.2  -48.2      8   0.15    120    4.5  343.3  343.9  343.3
  328.7   9101  -23.3  -48.4      8   0.14    119    4.5  343.3  344.0  343.4
  328.2   9111  -23.4  -48.6      8   0.14    119    4.6  343.4  344.0  343.4
  327.8   9121  -23.4  -48.5      8   0.14    118    4.6  343.4  344.0  343.4
  327.4   9130  -23.5  -48.7      8   0.14    118    4.7  343.5  344.1  343.5
  326.9   9140  -23.4  -49.0      8   0.13    117    4.8  343.7  344.3  343.7
  326.5   9150  -23.5  -49.2      7   0.13    116    4.8  343.7  344.3  343.8
  326.0   9160  -23.5  -49.4      7   0.13    115    4.8  343.8  344.4  343.9
  325.5   9171  -23.6  -49.6      7   0.13    114    4.9  343.9  344.5  343.9
  325.1   9182  -23.5  -50.0      7   0.12    113    4.9  344.1  344.6  344.1
  324.6   9193  -23.5  -50.4      7   0.12    112    4.9  344.3  344.8  344.3
  324.2   9202  -23.6  -50.5      7   0.12    111    4.9  344.3  344.8  344.3
  323.8   9210  -23.6  -50.5      7   0.11    110    4.9  344.3  344.8  344.4
  323.4   9219  -23.7  -50.6      7   0.11    109    4.9  344.4  344.9  344.4
  323.0   9228  -23.7  -50.7      6   0.11    108    4.8  344.4  344.9  344.5
  322.5   9240  -23.8  -51.0      6   0.11    106    4.7  344.5  345.0  344.6
  322.0   9252  -23.8  -51.1      6   0.11    105    4.7  344.7  345.1  344.7
  321.5   9262  -23.8  -51.1      6   0.11    103    4.6  344.8  345.3  344.8
  321.0   9273  -23.8  -51.3      6   0.11    102    4.5  344.9  345.4  344.9
  320.5   9284  -23.9  -51.4      6   0.11    100    4.4  345.0  345.4  345.0
  320.1   9295  -24.0  -51.5      6   0.10     98    4.3  345.0  345.4  345.0
  319.6   9306  -24.1  -51.4      6   0.10     96    4.3  345.0  345.5  345.1
  319.1   9318  -24.2  -51.5      6   0.10     94    4.2  345.1  345.5  345.1
  318.6   9328  -24.2  -51.6      6   0.10     92    4.1  345.1  345.6  345.1
  318.2   9338  -24.3  -51.8      6   0.10     90    4.1  345.1  345.6  345.2
  317.7   9349  -24.4  -51.8      6   0.10     88    4.1  345.2  345.7  345.2
  317.2   9360  -24.4  -51.8      6   0.10     87    4.1  345.3  345.7  345.3
  316.8   9369  -24.5  -52.0      6   0.10     85    4.0  345.3  345.8  345.4
  316.3   9382  -24.6  -52.1      6   0.10     85    4.0  345.4  345.8  345.4
  315.8   9393  -24.7  -52.2      6   0.10     84    4.1  345.4  345.8  345.4
  315.4   9402  -24.7  -52.3      6   0.10     84    4.1  345.4  345.9  345.5
  314.9   9412  -24.8  -52.3      6   0.10     85    4.1  345.5  345.9  345.5
  314.5   9423  -24.9  -52.1      6   0.10     86    4.2  345.5  345.9  345.5
  314.1   9432  -25.0  -52.0      6   0.10     87    4.2  345.5  346.0  345.5
  313.7   9441  -25.1  -51.9      6   0.10     89    4.3  345.5  346.0  345.5
  313.3   9451  -25.1  -51.9      6   0.10     90    4.4  345.5  346.0  345.5
  312.8   9462  -25.2  -52.0      6   0.10     92    4.5  345.5  346.0  345.6
  312.4   9472  -25.3  -52.0      6   0.10     93    4.6  345.5  346.0  345.6
  312.0   9481  -25.4  -51.9      7   0.10     94    4.8  345.5  346.0  345.6
  311.6   9491  -25.5  -51.9      7   0.10     95    4.9  345.5  346.0  345.6
  311.2   9500  -25.6  -51.9      7   0.10     95    5.0  345.5  346.0  345.6
  310.7   9510  -25.7  -52.2      6   0.10     96    5.1  345.6  346.0  345.6
  310.2   9522  -25.8  -54.5      5   0.08     95    5.2  345.6  346.0  345.7
  309.8   9533  -25.8  -58.5      3   0.05     95    5.3  345.8  346.0  345.8
  309.3   9543  -25.8  -60.0      2   0.04     95    5.4  345.9  346.1  345.9
  308.9   9552  -25.8  -59.4      3   0.04     94    5.5  345.9  346.1  345.9
  308.5   9562  -25.9  -59.0      3   0.04     94    5.6  346.0  346.2  346.0
  308.1   9572  -26.0  -58.9      3   0.04     93    5.7  346.0  346.2  346.0
  307.7   9581  -26.0  -58.3      3   0.05     93    5.8  346.1  346.3  346.1
  307.2   9592  -26.1  -58.1      3   0.05     93    5.8  346.1  346.3  346.1
  306.8   9603  -26.2  -58.0      3   0.05     93    5.9  346.1  346.3  346.1
  306.3   9615  -26.3  -57.9      3   0.05     93    6.0  346.1  346.3  346.1
  305.7   9628  -26.4  -58.0      3   0.05     94    6.0  346.2  346.4  346.2
  305.2   9640  -26.5  -58.1      3   0.05     94    6.1  346.2  346.4  346.2
  304.8   9650  -26.6  -58.3      3   0.05     94    6.2  346.2  346.4  346.2
  304.3   9660  -26.7  -58.3      3   0.05     95    6.2  346.3  346.5  346.3
  303.9   9671  -26.7  -58.2      3   0.05     95    6.3  346.3  346.5  346.3
  303.4   9682  -26.8  -58.1      3   0.05     96    6.3  346.4  346.6  346.4
  303.0   9693  -26.9  -58.2      3   0.05     96    6.3  346.4  346.6  346.4
  302.5   9704  -27.0  -58.1      4   0.05     97    6.4  346.4  346.6  346.4
  302.1   9714  -27.0  -58.2      4   0.05     97    6.4  346.5  346.7  346.5
  301.7   9724  -27.1  -58.2      4   0.05     97    6.4  346.5  346.7  346.5
  301.2   9735  -27.2  -58.3      4   0.05     97    6.4  346.5  346.7  346.5
  300.8   9746  -27.3  -58.4      4   0.05     97    6.4  346.5  346.8  346.5
  300.3   9756  -27.4  -58.3      4   0.05     97    6.3  346.6  346.8  346.6
  300.0   9764  -27.4  -58.3      4   0.05     97    6.3  346.6  346.8  346.6
  299.8   9769  -27.4  -58.3      4   0.05     97    6.3  346.6  346.9  346.7
  299.3   9780  -27.6  -58.3      4   0.05     97    6.2  346.7  346.9  346.7
  299.0   9788  -27.6  -58.7      4   0.05     97    6.2  346.6  346.9  346.6
  298.6   9798  -27.7  -58.8      3   0.05     97    6.1  346.7  346.9  346.7
  298.0   9811  -27.8  -58.6      4   0.05     97    6.1  346.7  347.0  346.8
  297.5   9823  -27.9  -58.5      4   0.05     96    6.0  346.8  347.0  346.8
  297.2   9832  -28.0  -58.6      4   0.05     96    5.9  346.8  347.0  346.8
  296.8   9840  -28.0  -58.5      4   0.05     95    5.9  346.8  347.1  346.9
  296.5   9849  -28.1  -58.2      4   0.05     95    5.8  346.8  347.1  346.9
  296.1   9858  -28.1  -58.2      4   0.05     94    5.7  346.9  347.1  346.9
  295.8   9866  -28.2  -58.2      4   0.05     94    5.7  346.9  347.1  346.9
  295.4   9874  -28.3  -58.3      4   0.05     93    5.6  347.0  347.2  347.0
  295.0   9883  -28.3  -58.1      4   0.05     93    5.5  347.0  347.2  347.0
  294.7   9892  -28.4  -58.0      4   0.05     92    5.5  347.0  347.2  347.0
  294.4   9900  -28.5  -57.7      4   0.05     92    5.4  347.0  347.2  347.0
  294.0   9910  -28.6  -57.7      4   0.05     92    5.3  347.0  347.2  347.0
  293.6   9920  -28.7  -57.7      4   0.05     93    5.3  347.0  347.2  347.0
  293.1   9930  -28.7  -57.4      5   0.06     93    5.3  347.0  347.3  347.1
  292.7   9939  -28.8  -56.7      5   0.06     94    5.3  347.0  347.3  347.1
  292.3   9949  -28.9  -55.8      6   0.07     94    5.2  347.1  347.4  347.1
  291.9   9959  -29.0  -55.6      6   0.07     95    5.2  347.1  347.4  347.1
  291.5   9970  -29.1  -54.9      6   0.08     96    5.3  347.1  347.4  347.1
  291.1   9981  -29.2  -54.8      7   0.08     97    5.3  347.1  347.4  347.1
  290.7   9991  -29.3  -54.6      7   0.08     98    5.3  347.1  347.4  347.1
  290.3  10001  -29.4  -54.4      7   0.08     99    5.3  347.1  347.4  347.1
  289.8  10011  -29.5  -54.7      7   0.08     99    5.2  347.2  347.5  347.2
  289.5  10020  -29.5  -55.2      6   0.07    100    5.2  347.2  347.5  347.2
  289.1  10030  -29.6  -55.3      6   0.07    100    5.1  347.2  347.5  347.2
  288.6  10041  -29.7  -55.2      7   0.07    100    5.0  347.3  347.6  347.3
  288.2  10052  -29.8  -55.7      6   0.07     99    4.9  347.3  347.6  347.3
  287.7  10064  -29.9  -56.6      6   0.06     99    4.8  347.3  347.6  347.3
  287.3  10074  -29.9  -56.9      5   0.06     98    4.6  347.3  347.6  347.3
  286.7  10087  -30.0  -56.8      6   0.06     98    4.5  347.4  347.7  347.4
  285.7  10112  -30.1  -56.2      6   0.07     97    4.3  347.6  347.9  347.6
  284.8  10136  -30.2  -55.3      7   0.07     97    4.2  347.8  348.1  347.8
  284.7  10139  -30.3  -55.1      7   0.08     96    4.1  347.7  348.0  347.7
  284.6  10141  -30.4  -55.2      7   0.08     95    3.9  347.5  347.9  347.6
  284.5  10144  -30.6  -55.3      7   0.07     94    3.8  347.4  347.7  347.4
  283.9  10157  -30.6  -55.5      7   0.07     93    3.7  347.5  347.8  347.5
  283.5  10167  -30.7  -55.5      7   0.07     93    3.6  347.5  347.8  347.5
  283.2  10177  -30.8  -55.3      7   0.07     93    3.5  347.5  347.8  347.5
  282.7  10188  -30.9  -55.2      7   0.08     93    3.4  347.5  347.9  347.6
  282.2  10200  -31.0  -55.1      8   0.08     93    3.4  347.6  347.9  347.6
  281.7  10212  -31.1  -55.1      8   0.08     93    3.3  347.6  348.0  347.6
  281.3  10223  -31.2  -55.1      8   0.08     93    3.3  347.6  348.0  347.6
  280.9  10233  -31.3  -55.4      7   0.07     93    3.3  347.6  348.0  347.6
  280.6  10242  -31.4  -55.7      7   0.07     93    3.3  347.6  347.9  347.6
  280.2  10251  -31.4  -56.3      7   0.07     92    3.3  347.7  347.9  347.7
  279.8  10262  -31.5  -56.8      6   0.06     92    3.3  347.7  348.0  347.7
  279.2  10275  -31.6  -56.8      6   0.06     91    3.4  347.7  348.0  347.8
  278.8  10287  -31.7  -56.8      6   0.06     90    3.5  347.8  348.0  347.8
  278.3  10299  -31.8  -57.1      6   0.06     88    3.5  347.8  348.1  347.8
  277.8  10311  -31.9  -57.3      6   0.06     87    3.6  347.9  348.1  347.9
  277.4  10322  -32.0  -57.3      6   0.06     85    3.7  347.9  348.1  347.9
  277.0  10332  -32.1  -57.5      6   0.06     84    3.8  347.9  348.2  347.9
  276.6  10344  -32.1  -57.8      6   0.06     82    3.9  348.0  348.2  348.0
  276.1  10354  -32.1  -58.0      6   0.05     81    4.0  348.1  348.4  348.1
  275.7  10365  -32.2  -58.0      6   0.05     80    4.1  348.1  348.4  348.1
  275.3  10375  -32.3  -58.2      6   0.05     79    4.2  348.2  348.5  348.2
  275.0  10384  -32.3  -58.5      6   0.05     78    4.3  348.2  348.5  348.3
  274.7  10392  -32.4  -58.8      5   0.05     77    4.4  348.3  348.5  348.3
  274.3  10402  -32.4  -58.9      5   0.05     76    4.4  348.4  348.6  348.4
  273.9  10412  -32.5  -58.9      5   0.05     75    4.4  348.4  348.7  348.4
  273.5  10422  -32.5  -58.9      5   0.05     75    4.5  348.5  348.7  348.5
  273.1  10433  -32.6  -59.1      5   0.05     74    4.5  348.6  348.8  348.6
  272.7  10442  -32.6  -59.3      5   0.05     73    4.5  348.6  348.8  348.6
  272.4  10451  -32.7  -59.2      5   0.05     72    4.4  348.7  348.9  348.7
  272.0  10461  -32.7  -59.1      5   0.05     71    4.4  348.8  349.1  348.8
  271.6  10470  -32.7  -59.3      5   0.05     70    4.3  348.9  349.2  349.0
  271.3  10480  -32.7  -59.5      5   0.05     68    4.2  349.0  349.2  349.0
  270.8  10491  -32.8  -59.7      5   0.05     67    4.2  349.1  349.3  349.1
  270.4  10502  -32.9  -59.7      5   0.04     65    4.1  349.1  349.3  349.1
  270.0  10512  -33.0  -60.1      5   0.04     63    4.0  349.1  349.3  349.1
  269.6  10523  -33.1  -60.4      5   0.04     61    3.9  349.1  349.3  349.2
  269.2  10534  -33.1  -60.8      4   0.04     59    3.8  349.2  349.4  349.2
  268.7  10547  -33.2  -60.9      5   0.04     57    3.7  349.2  349.4  349.3
  268.3  10557  -33.3  -60.9      5   0.04     56    3.7  349.3  349.4  349.3
  267.9  10567  -33.4  -61.0      5   0.04     54    3.6  349.3  349.4  349.3
  267.6  10577  -33.5  -60.8      5   0.04     52    3.6  349.2  349.4  349.2
  267.2  10586  -33.6  -60.9      5   0.04     51    3.5  349.2  349.4  349.2
  266.8  10595  -33.7  -60.8      5   0.04     50    3.5  349.3  349.5  349.3
  266.5  10605  -33.8  -61.1      5   0.04     50    3.4  349.2  349.4  349.2
  266.1  10615  -33.9  -61.3      5   0.04     50    3.4  349.2  349.4  349.2
  265.7  10624  -34.0  -61.6      4   0.04     50    3.4  349.3  349.5  349.3
  265.4  10633  -34.0  -61.8      4   0.03     50    3.3  349.3  349.5  349.3
  265.1  10641  -34.1  -62.0      4   0.03     50    3.3  349.3  349.5  349.3
  264.8  10650  -34.2  -61.7      4   0.04     50    3.3  349.3  349.5  349.4
  264.5  10658  -34.2  -61.8      4   0.04     50    3.3  349.4  349.5  349.4
  264.1  10667  -34.3  -61.8      4   0.04     50    3.3  349.4  349.6  349.4
  263.8  10675  -34.3  -62.0      4   0.03     49    3.2  349.4  349.6  349.5
  263.5  10683  -34.4  -62.0      4   0.03     48    3.2  349.5  349.6  349.5
  263.1  10693  -34.5  -62.0      4   0.03     46    3.2  349.5  349.7  349.5
  262.8  10702  -34.5  -62.2      4   0.03     45    3.3  349.6  349.7  349.6
  262.5  10711  -34.5  -62.4      4   0.03     42    3.3  349.6  349.8  349.7
  262.1  10720  -34.6  -62.8      4   0.03     40    3.3  349.7  349.9  349.8
  261.8  10728  -34.6  -62.9      4   0.03     37    3.3  349.8  349.9  349.8
  261.5  10736  -34.7  -62.9      4   0.03     34    3.3  349.8  350.0  349.8
  261.2  10744  -34.8  -62.7      4   0.03     31    3.3  349.8  349.9  349.8
  260.8  10754  -34.9  -62.6      4   0.03     28    3.3  349.8  350.0  349.8
  260.4  10767  -35.0  -62.8      4   0.03     25    3.3  349.8  349.9  349.8
  259.9  10779  -35.1  -62.9      4   0.03     21    3.3  349.8  350.0  349.8
  259.5  10790  -35.2  -62.8      4   0.03     18    3.3  349.8  350.0  349.9
  259.1  10802  -35.3  -62.8      4   0.03     15    3.3  349.9  350.0  349.9
  258.7  10812  -35.4  -62.9      4   0.03     12    3.3  349.9  350.0  349.9
  258.3  10822  -35.5  -62.8      4   0.03      9    3.3  349.9  350.0  349.9
  257.9  10832  -35.6  -62.9      4   0.03      6    3.3  349.9  350.0  349.9
  257.6  10842  -35.7  -63.0      4   0.03      4    3.3  349.9  350.0  349.9
  257.2  10851  -35.8  -62.8      4   0.03      2    3.4  349.9  350.0  349.9
  256.8  10862  -35.9  -62.8      5   0.03    360    3.4  349.9  350.0  349.9
  256.4  10872  -36.0  -62.8      5   0.03    359    3.4  349.9  350.1  349.9
  256.0  10884  -36.1  -62.9      5   0.03    359    3.4  349.9  350.1  349.9
  255.6  10896  -36.2  -63.0      5   0.03    359    3.4  349.9  350.0  349.9
  255.2  10907  -36.3  -63.1      5   0.03    359    3.4  349.9  350.0  349.9
  254.8  10917  -36.4  -63.2      5   0.03    359    3.4  349.9  350.0  349.9
  254.4  10928  -36.5  -63.2      5   0.03    360    3.4  349.9  350.1  349.9
  253.9  10941  -36.6  -63.2      5   0.03    360    3.4  349.9  350.1  350.0
  253.5  10952  -36.7  -63.5      4   0.03      1    3.4  350.0  350.1  350.0
  253.2  10962  -36.7  -63.7      4   0.03      2    3.4  350.0  350.1  350.0
  252.8  10971  -36.8  -63.9      4   0.03      2    3.4  350.1  350.2  350.1
  252.4  10982  -36.9  -63.9      4   0.03      2    3.4  350.1  350.3  350.1
  252.1  10992  -36.9  -63.8      4   0.03      2    3.3  350.2  350.3  350.2
  251.7  11002  -37.0  -63.9      4   0.03      2    3.4  350.3  350.4  350.3
  251.4  11011  -37.0  -64.0      4   0.03      1    3.4  350.3  350.4  350.3
  251.0  11020  -37.1  -64.1      4   0.03      1    3.4  350.4  350.5  350.4
  250.7  11028  -37.2  -64.1      4   0.03    360    3.4  350.4  350.5  350.4
  250.4  11037  -37.2  -64.2      4   0.03    359    3.4  350.4  350.5  350.4
  250.1  11046  -37.3  -64.3      4   0.03    359    3.4  350.4  350.6  350.5
  250.0  11049  -37.3  -64.3      4   0.03    358    3.4  350.5  350.6  350.5
  249.8  11054  -37.3  -64.4      4   0.03    358    3.4  350.5  350.6  350.5
  249.5  11064  -37.4  -64.4      4   0.03    357    3.5  350.5  350.6  350.5
  249.1  11074  -37.5  -64.3      4   0.03    356    3.5  350.5  350.6  350.5
  248.8  11083  -37.6  -64.3      4   0.03    355    3.5  350.5  350.7  350.5
  248.4  11092  -37.6  -64.4      4   0.03    354    3.5  350.6  350.7  350.6
  248.1  11101  -37.7  -64.5      4   0.03    353    3.5  350.6  350.7  350.6
  247.8  11110  -37.8  -64.5      4   0.03    352    3.5  350.6  350.7  350.6
  247.5  11119  -37.9  -64.4      4   0.03    351    3.4  350.6  350.7  350.6
  247.1  11129  -38.0  -64.5      5   0.03    350    3.4  350.6  350.7  350.6
  246.7  11141  -38.1  -64.4      5   0.03    348    3.3  350.6  350.8  350.6
  246.2  11154  -38.2  -64.4      5   0.03    347    3.3  350.7  350.8  350.7
  245.8  11166  -38.3  -64.4      5   0.03    346    3.2  350.7  350.8  350.7
  245.4  11177  -38.4  -64.5      5   0.03    345    3.2  350.7  350.8  350.7
  245.0  11189  -38.5  -64.5      5   0.03    344    3.1  350.7  350.8  350.7
  244.6  11199  -38.6  -64.6      5   0.03    343    3.0  350.7  350.8  350.7
  244.2  11209  -38.7  -64.6      5   0.03    343    3.0  350.7  350.8  350.7
  243.8  11220  -38.8  -64.6      5   0.03    343    3.0  350.7  350.8  350.7
  243.4  11232  -38.9  -64.5      5   0.03    342    2.9  350.7  350.9  350.7
  243.0  11243  -39.0  -64.6      5   0.03    342    2.9  350.7  350.9  350.7
  242.6  11254  -39.1  -64.7      5   0.03    342    2.9  350.7  350.9  350.7
  242.2  11266  -39.2  -64.7      5   0.03    342    2.8  350.7  350.9  350.7
  241.8  11277  -39.4  -64.7      5   0.03    342    2.8  350.7  350.9  350.7
  241.4  11289  -39.5  -64.8      5   0.03    341    2.8  350.7  350.9  350.7
  241.0  11301  -39.6  -64.8      5   0.03    341    2.7  350.7  350.9  350.7
  240.6  11312  -39.7  -64.8      5   0.03    340    2.7  350.7  350.9  350.7
  240.2  11325  -39.8  -64.7      5   0.03    339    2.7  350.7  350.9  350.7
  239.7  11337  -39.9  -64.7      5   0.03    338    2.6  350.8  350.9  350.8
  239.3  11350  -40.0  -64.8      5   0.03    337    2.6  350.8  350.9  350.8
  238.8  11363  -40.1  -64.8      5   0.03    335    2.6  350.8  351.0  350.8
  238.3  11377  -40.2  -64.9      5   0.03    334    2.6  350.9  351.0  350.9
  237.9  11389  -40.3  -64.9      5   0.03    333    2.6  350.9  351.0  350.9
  237.5  11401  -40.5  -64.9      5   0.03    332    2.6  350.9  351.0  350.9
  237.1  11412  -40.6  -65.1      5   0.03    332    2.7  350.9  351.0  350.9
  236.7  11424  -40.6  -65.3      5   0.02    332    2.7  350.9  351.1  350.9
  236.3  11436  -40.7  -65.2      5   0.03    332    2.8  351.0  351.1  351.0
  235.8  11448  -40.8  -65.2      5   0.03    333    2.9  351.0  351.1  351.0
  235.5  11459  -40.9  -65.4      5   0.02    334    3.0  351.0  351.2  351.0
  235.0  11471  -41.0  -65.2      6   0.03    336    3.1  351.1  351.2  351.1
  234.7  11482  -41.1  -65.2      6   0.03    337    3.3  351.1  351.2  351.1
  234.3  11492  -41.2  -65.3      6   0.03    339    3.4  351.1  351.3  351.1
  234.0  11503  -41.3  -65.3      6   0.02    340    3.6  351.1  351.3  351.2
  233.6  11513  -41.4  -65.4      6   0.02    341    3.7  351.2  351.3  351.2
  233.3  11522  -41.4  -65.4      6   0.02    343    3.9  351.2  351.3  351.2
  232.9  11533  -41.5  -65.4      6   0.02    344    4.1  351.3  351.4  351.3
  232.5  11545  -41.6  -65.3      6   0.03    345    4.2  351.3  351.4  351.3
  232.1  11557  -41.7  -65.4      6   0.02    346    4.3  351.3  351.4  351.3
  231.7  11569  -41.8  -65.6      6   0.02    347    4.4  351.3  351.4  351.3
  231.3  11580  -41.9  -65.8      6   0.02    348    4.4  351.3  351.4  351.3
  230.9  11591  -42.0  -65.8      6   0.02    350    4.5  351.3  351.4  351.3
  230.5  11603  -42.1  -65.8      6   0.02    351    4.5  351.3  351.5  351.3
  230.2  11613  -42.2  -65.8      6   0.02    353    4.5  351.3  351.4  351.3
  229.8  11624  -42.3  -65.9      6   0.02    354    4.5  351.4  351.5  351.4
  229.4  11635  -42.4  -66.1      6   0.02    356    4.5  351.4  351.5  351.4
  229.0  11646  -42.5  -66.3      6   0.02    358    4.5  351.4  351.6  351.4
  228.7  11658  -42.6  -66.3      6   0.02    359    4.5  351.5  351.6  351.5
  228.3  11669  -42.7  -66.2      6   0.02    360    4.4  351.5  351.6  351.5
  227.9  11679  -42.7  -66.1      6   0.02      1    4.4  351.6  351.7  351.6
  227.6  11689  -42.8  -66.1      6   0.02      1    4.4  351.6  351.7  351.6
  227.2  11700  -42.9  -66.0      6   0.02      1    4.4  351.6  351.8  351.6
  226.8  11711  -43.0  -66.0      6   0.02      1    4.4  351.7  351.8  351.7
  226.5  11721  -43.1  -66.0      6   0.02      1    4.5  351.7  351.8  351.7
  226.2  11731  -43.1  -66.0      6   0.02    360    4.5  351.7  351.8  351.7
  225.8  11742  -43.2  -66.1      6   0.02    359    4.5  351.9  352.0  351.9
  225.4  11753  -43.2  -66.2      6   0.02    358    4.6  351.9  352.0  351.9
  225.1  11764  -43.3  -66.4      6   0.02    357    4.7  351.9  352.0  351.9
  224.7  11774  -43.4  -66.4      6   0.02    357    4.7  352.0  352.1  352.0
  224.4  11784  -43.5  -66.5      6   0.02    356    4.8  351.9  352.0  351.9
  224.1  11793  -43.6  -66.6      6   0.02    356    4.9  351.9  352.0  351.9
  223.8  11803  -43.7  -66.6      6   0.02    356    5.0  351.9  352.0  351.9
  223.4  11815  -43.8  -66.6      6   0.02    356    5.0  351.9  352.0  351.9
  223.0  11827  -43.9  -66.7      6   0.02    357    5.1  352.0  352.1  352.0
  222.6  11838  -44.0  -66.7      6   0.02    357    5.2  352.0  352.1  352.0
  222.3  11848  -44.1  -66.8      6   0.02    358    5.3  352.0  352.1  352.0
  221.9  11859  -44.2  -66.9      6   0.02    358    5.3  352.0  352.1  352.0
  221.6  11870  -44.3  -66.8      6   0.02    359    5.4  352.0  352.1  352.0
  221.2  11881  -44.4  -66.7      6   0.02    360    5.5  352.0  352.2  352.1
  220.8  11892  -44.5  -66.9      6   0.02      1    5.6  352.1  352.2  352.1
  220.4  11904  -44.6  -67.0      6   0.02      1    5.7  352.1  352.2  352.1
  220.0  11916  -44.7  -67.0      6   0.02      2    5.9  352.1  352.2  352.1
  219.7  11927  -44.8  -67.2      6   0.02      2    6.0  352.1  352.2  352.1
  219.3  11939  -44.9  -67.6      6   0.02      3    6.2  352.1  352.2  352.1
  219.0  11949  -45.0  -68.0      6   0.02      3    6.4  352.1  352.2  352.1
  218.6  11959  -45.1  -67.9      6   0.02      4    6.6  352.2  352.3  352.2
  218.2  11971  -45.1  -67.3      7   0.02      4    6.8  352.2  352.3  352.2
  217.8  11984  -45.2  -66.9      7   0.02      5    6.9  352.3  352.4  352.3
  217.3  11998  -45.3  -66.7      7   0.02      5    7.1  352.3  352.4  352.3
  216.9  12011  -45.4  -66.8      7   0.02      6    7.3  352.5  352.6  352.5
  216.5  12023  -45.4  -67.1      7   0.02      7    7.4  352.6  352.7  352.6
  216.1  12036  -45.6  -67.2      7   0.02      8    7.6  352.6  352.7  352.6
  215.7  12049  -45.6  -66.9      7   0.02      9    7.7  352.7  352.8  352.7
  215.3  12062  -45.6  -66.7      7   0.02     10    7.8  352.8  352.9  352.8
  214.8  12076  -45.7  -66.7      8   0.02     12    7.9  352.9  353.0  352.9
  214.4  12088  -45.8  -66.8      8   0.02     13    8.0  353.0  353.1  353.0
  214.0  12101  -45.9  -66.9      8   0.02     15    8.0  353.0  353.1  353.0
  213.6  12114  -46.0  -66.9      8   0.02     17    8.1  353.1  353.2  353.1
  213.2  12127  -46.1  -66.9      8   0.02     19    8.2  353.1  353.2  353.1
  212.8  12140  -46.2  -66.9      8   0.02     20    8.2  353.1  353.3  353.2
  212.4  12152  -46.3  -66.8      8   0.02     22    8.2  353.2  353.3  353.2
  212.0  12164  -46.4  -66.8      8   0.02     24    8.3  353.2  353.3  353.2
  211.6  12178  -46.5  -66.8      8   0.02     26    8.2  353.3  353.4  353.3
  211.1  12191  -46.5  -66.7      8   0.02     28    8.2  353.4  353.5  353.4
  210.7  12205  -46.6  -66.8      8   0.02     30    8.2  353.4  353.5  353.4
  210.3  12216  -46.8  -66.9      8   0.02     32    8.1  353.5  353.6  353.5
  210.0  12226  -46.9  -66.8      8   0.02     34    8.0  353.4  353.5  353.4
  209.7  12238  -47.0  -66.7      9   0.02     36    7.9  353.4  353.5  353.4
  209.3  12250  -47.0  -66.6      9   0.02     38    7.8  353.5  353.6  353.5
  208.9  12261  -47.1  -66.6      9   0.02     39    7.7  353.6  353.7  353.6
  208.6  12271  -47.2  -66.6      9   0.02     41    7.7  353.6  353.7  353.6
  208.3  12281  -47.3  -66.6      9   0.02     43    7.6  353.6  353.7  353.6
  207.9  12293  -47.4  -66.8      9   0.02     44    7.5  353.7  353.8  353.7
  207.5  12305  -47.5  -66.9      9   0.02     46    7.5  353.7  353.8  353.7
  207.1  12317  -47.5  -66.9      9   0.02     47    7.5  353.8  353.9  353.8
  206.8  12330  -47.6  -67.0      9   0.02     49    7.5  353.8  353.9  353.8
  206.4  12342  -47.8  -67.0      9   0.02     50    7.5  353.8  353.9  353.8
  206.0  12355  -47.9  -67.0      9   0.02     51    7.5  353.8  353.9  353.8
  205.6  12366  -48.0  -67.1      9   0.02     52    7.6  353.9  354.0  353.9
  205.2  12378  -48.0  -67.2      9   0.02     53    7.6  353.9  354.0  353.9
  204.9  12389  -48.1  -67.5      9   0.02     55    7.6  353.9  354.0  353.9
  204.6  12399  -48.2  -67.6      9   0.02     56    7.6  353.9  354.0  353.9
  204.3  12409  -48.3  -67.6      9   0.02     57    7.6  354.0  354.1  354.0
  204.0  12419  -48.4  -67.5      9   0.02     58    7.6  353.9  354.0  353.9
  203.6  12431  -48.5  -67.6      9   0.02     59    7.6  354.0  354.1  354.0
  203.3  12442  -48.6  -67.8      9   0.02     61    7.5  354.0  354.1  354.0
  202.9  12452  -48.7  -68.0      9   0.02     62    7.5  354.1  354.2  354.1
  202.6  12464  -48.8  -68.1      9   0.02     63    7.5  354.1  354.2  354.1
  202.2  12475  -48.9  -68.2      9   0.02     63    7.4  354.1  354.2  354.1
  202.0  12484  -48.9  -68.3      9   0.02     64    7.4  354.1  354.2  354.1
  201.7  12494  -49.0  -68.4      9   0.02     64    7.3  354.1  354.2  354.1
  201.3  12505  -49.1  -68.5      9   0.02     65    7.2  354.2  354.3  354.2
  201.0  12515  -49.2  -68.7      8   0.02     65    7.1  354.2  354.3  354.2
  200.7  12524  -49.3  -68.7      9   0.02     65    7.0  354.2  354.3  354.2
  200.4  12534  -49.4  -68.7      9   0.02     65    6.9  354.2  354.3  354.2
  200.2  12543  -49.4  -68.6      9   0.02     65    6.7  354.2  354.3  354.2
  200.0  12548  -49.5  -68.6      9   0.02     65    6.7  354.3  354.3  354.3
  199.9  12552  -49.5  -68.6      9   0.02     65    6.6  354.2  354.3  354.2
  199.6  12561  -49.6  -68.6      9   0.02     65    6.5  354.3  354.4  354.3
  199.4  12569  -49.7  -68.6      9   0.02     65    6.3  354.2  354.3  354.2
  199.1  12576  -49.8  -68.6      9   0.02     65    6.2  354.3  354.4  354.3
  198.9  12585  -49.8  -68.6      9   0.02     65    6.0  354.2  354.3  354.2
  198.5  12596  -49.9  -68.7      9   0.02     66    5.9  354.3  354.4  354.3
  198.2  12606  -50.0  -68.8      9   0.02     66    5.7  354.3  354.4  354.3
  197.9  12616  -50.1  -68.9      9   0.02     66    5.6  354.3  354.4  354.3
  197.7  12625  -50.2  -69.0      9   0.02     66    5.4  354.3  354.4  354.3
  197.4  12635  -50.3  -69.0      9   0.02     67    5.3  354.3  354.4  354.3
  197.1  12644  -50.4  -69.0      9   0.02     67    5.1  354.3  354.4  354.3
  196.8  12653  -50.5  -69.1      9   0.02     67    4.9  354.3  354.4  354.3
  196.5  12663  -50.5  -69.1      9   0.02     67    4.8  354.4  354.5  354.4
  196.2  12672  -50.6  -69.1      9   0.02     68    4.7  354.4  354.5  354.4
  195.9  12682  -50.7  -69.2      9   0.02     68    4.6  354.4  354.5  354.4
  195.7  12691  -50.7  -69.4      9   0.02     68    4.5  354.4  354.5  354.4
  195.4  12699  -50.8  -69.7      9   0.02     67    4.4  354.5  354.6  354.5
  195.2  12707  -50.9  -70.0      9   0.02     67    4.3  354.5  354.6  354.5
  194.9  12716  -50.9  -70.2      8   0.02     66    4.3  354.7  354.7  354.7
  194.7  12724  -50.9  -70.4      8   0.01     66    4.3  354.7  354.8  354.7
  194.4  12732  -51.0  -70.6      8   0.01     65    4.4  354.8  354.8  354.8
  194.1  12743  -51.0  -70.7      8   0.01     64    4.4  354.8  354.9  354.8
  193.8  12753  -51.1  -70.7      8   0.01     62    4.5  354.8  354.9  354.8
  193.5  12762  -51.2  -70.8      8   0.01     61    4.6  354.9  354.9  354.9
  193.3  12771  -51.3  -70.9      8   0.01     59    4.7  354.9  354.9  354.9
  193.0  12780  -51.3  -71.0      8   0.01     58    4.8  354.9  355.0  354.9
  192.8  12788  -51.4  -71.0      8   0.01     56    4.8  354.9  355.0  354.9
  192.5  12796  -51.5  -71.3      8   0.01     54    4.9  354.9  355.0  354.9
  192.2  12806  -51.6  -71.8      7   0.01     53    5.0  355.0  355.0  355.0
  192.0  12815  -51.6  -72.4      7   0.01     51    5.0  355.0  355.1  355.0
  191.7  12824  -51.6  -73.1      6   0.01     49    5.1  355.2  355.2  355.2
  191.5  12832  -51.6  -73.9      5   0.01     48    5.1  355.3  355.3  355.3
  191.2  12841  -51.6  -74.6      5   0.01     46    5.2  355.4  355.4  355.4
  191.0  12849  -51.6  -75.0      4   0.01     45    5.2  355.5  355.5  355.5
  190.7  12858  -51.7  -75.4      4   0.01     44    5.2  355.6  355.6  355.6
  190.4  12867  -51.7  -75.6      4   0.01     42    5.2  355.7  355.7  355.7
  190.2  12876  -51.8  -75.7      4   0.01     41    5.3  355.7  355.7  355.7
  189.9  12887  -51.8  -75.6      4   0.01     41    5.3  355.7  355.8  355.7
  189.6  12897  -51.9  -75.6      4   0.01     40    5.3  355.8  355.8  355.8
  189.3  12905  -51.9  -75.5      4   0.01     39    5.3  355.9  355.9  355.9
  189.1  12913  -52.0  -75.4      4   0.01     38    5.3  355.9  355.9  355.9
  188.8  12922  -52.1  -75.5      4   0.01     38    5.3  355.9  356.0  355.9
  188.5  12932  -52.2  -75.7      4   0.01     38    5.3  356.0  356.0  356.0
  188.3  12940  -52.2  -75.7      4   0.01     37    5.3  356.0  356.0  356.0
  188.0  12949  -52.3  -75.9      4   0.01     37    5.3  356.1  356.1  356.1
  187.7  12959  -52.3  -75.9      4   0.01     37    5.3  356.2  356.2  356.2
  187.5  12968  -52.4  -76.0      4   0.01     37    5.2  356.2  356.2  356.2
  187.2  12979  -52.5  -75.9      4   0.01     38    5.2  356.2  356.2  356.2
  186.9  12989  -52.5  -75.8      4   0.01     38    5.2  356.2  356.3  356.2
  186.6  12998  -52.6  -75.7      5   0.01     38    5.2  356.3  356.3  356.3
  186.4  13007  -52.7  -75.5      5   0.01     39    5.2  356.2  356.3  356.3
  186.1  13016  -52.8  -75.2      5   0.01     40    5.3  356.3  356.3  356.3
  185.8  13026  -52.8  -74.9      5   0.01     41    5.3  356.3  356.4  356.3
  185.5  13037  -52.9  -74.5      6   0.01     42    5.4  356.4  356.4  356.4
  185.2  13047  -53.0  -74.2      6   0.01     42    5.5  356.4  356.4  356.4
  184.9  13056  -53.1  -74.0      6   0.01     43    5.6  356.4  356.5  356.4
  184.7  13064  -53.2  -73.8      6   0.01     44    5.7  356.4  356.5  356.4
  184.5  13072  -53.2  -73.6      7   0.01     44    5.7  356.4  356.5  356.4
  184.3  13079  -53.3  -73.5      7   0.01     45    5.8  356.4  356.4  356.4
  184.0  13087  -53.4  -73.4      7   0.01     46    5.9  356.4  356.5  356.4
  183.8  13097  -53.5  -73.2      7   0.01     46    6.0  356.4  356.5  356.4
  183.5  13107  -53.6  -73.1      7   0.01     47    6.0  356.4  356.5  356.4
  183.2  13116  -53.7  -72.9      8   0.01     47    6.0  356.4  356.5  356.4
  183.0  13123  -53.7  -72.7      8   0.01     48    6.1  356.5  356.6  356.5
  182.8  13131  -53.8  -72.5      8   0.01     49    6.1  356.5  356.6  356.5
  182.5  13140  -53.8  -72.5      8   0.01     49    6.1  356.6  356.6  356.6
  182.3  13149  -53.9  -72.5      8   0.01     50    6.1  356.6  356.6  356.6
  182.1  13157  -54.0  -72.6      8   0.01     51    6.1  356.6  356.6  356.6
  181.8  13166  -54.0  -72.6      8   0.01     51    6.1  356.6  356.7  356.6
  181.5  13176  -54.1  -72.5      9   0.01     52    6.1  356.7  356.8  356.7
  181.3  13183  -54.1  -72.3      9   0.01     52    6.1  356.8  356.8  356.8
  181.1  13191  -54.2  -72.0      9   0.01     53    6.1  356.8  356.8  356.8
  180.9  13199  -54.2  -71.8     10   0.01     53    6.1  356.8  356.8  356.8
  180.6  13208  -54.3  -71.5     10   0.01     53    6.0  356.9  356.9  356.9
  180.4  13218  -54.3  -71.3     11   0.01     53    6.0  356.9  357.0  356.9
  180.1  13226  -54.4  -71.3     11   0.01     53    6.0  357.0  357.1  357.0
  179.9  13235  -54.4  -71.3     11   0.01     53    6.0  357.0  357.1  357.0
  179.6  13244  -54.5  -71.3     11   0.01     54    6.0  357.1  357.2  357.1
  179.4  13252  -54.6  -71.4     11   0.01     54    5.9  357.1  357.2  357.1
  179.2  13260  -54.6  -71.2     11   0.01     54    6.0  357.1  357.2  357.1
  178.9  13268  -54.7  -71.1     11   0.01     55    6.0  357.2  357.3  357.2
  178.7  13277  -54.8  -71.0     12   0.01     55    6.0  357.1  357.2  357.1
  178.4  13287  -54.9  -70.8     12   0.02     56    6.1  357.2  357.2  357.2
  178.2  13296  -55.0  -70.6     13   0.02     57    6.2  357.2  357.2  357.2
  177.9  13306  -55.0  -70.3     13   0.02     59    6.3  357.2  357.3  357.2
  177.5  13318  -55.1  -69.7     15   0.02     60    6.4  357.3  357.4  357.3
  177.2  13329  -55.2  -69.3     16   0.02     61    6.5  357.3  357.4  357.3
  176.9  13340  -55.3  -68.9     17   0.02     62    6.6  357.4  357.5  357.4
  176.6  13351  -55.4  -68.5     18   0.02     64    6.8  357.4  357.5  357.4
  176.3  13361  -55.4  -68.4     18   0.02     65    6.9  357.5  357.6  357.5
  176.1  13370  -55.5  -68.4     18   0.02     66    7.1  357.5  357.6  357.5
  175.9  13378  -55.5  -68.7     18   0.02     67    7.2  357.6  357.7  357.6
  175.6  13387  -55.6  -68.9     17   0.02     67    7.4  357.6  357.7  357.6
  175.3  13398  -55.6  -69.0     17   0.02     68    7.5  357.7  357.8  357.7
  175.1  13407  -55.7  -68.8     18   0.02     68    7.6  357.7  357.8  357.7
  174.9  13414  -55.8  -68.3     19   0.02     69    7.7  357.8  357.9  357.8
  174.6  13424  -55.8  -67.8     21   0.02     69    7.7  357.8  357.9  357.8
  174.3  13434  -55.9  -67.4     22   0.03     69    7.8  357.9  358.0  357.9
  174.1  13444  -56.0  -67.3     23   0.03     69    7.8  357.9  358.0  357.9
  173.7  13456  -56.0  -67.5     23   0.03     69    7.9  358.0  358.1  358.0
  173.5  13465  -56.1  -67.9     21   0.02     69    8.0  358.0  358.1  358.0
  173.3  13473  -56.2  -68.5     20   0.02     69    8.0  358.0  358.1  358.0
  173.0  13482  -56.2  -69.2     18   0.02     69    8.1  358.2  358.3  358.2
  172.8  13492  -56.2  -69.8     17   0.02     69    8.2  358.2  358.3  358.2
  172.5  13501  -56.3  -70.0     16   0.02     69    8.2  358.3  358.3  358.3
  172.3  13510  -56.4  -69.7     17   0.02     69    8.3  358.2  358.3  358.2
  172.0  13520  -56.5  -69.3     18   0.02     69    8.4  358.2  358.3  358.2
  171.8  13526  -56.6  -68.8     20   0.02     68    8.6  358.2  358.3  358.2
  171.7  13532  -56.7  -68.3     22   0.02     68    8.7  358.1  358.2  358.1
  171.4  13541  -56.7  -67.9     23   0.02     68    8.8  358.2  358.3  358.2
  171.2  13550  -56.8  -67.7     24   0.02     68    8.9  358.2  358.3  358.2
  170.9  13562  -56.9  -67.7     24   0.02     68    9.0  358.3  358.4  358.3
  170.5  13574  -57.0  -67.9     24   0.02     68    9.1  358.4  358.5  358.4
  170.3  13583  -57.0  -68.2     23   0.02     68    9.2  358.4  358.5  358.4
  170.1  13591  -57.1  -68.3     23   0.02     69    9.2  358.4  358.5  358.4
  169.8  13600  -57.2  -68.5     23   0.02     69    9.3  358.5  358.6  358.5
  169.6  13610  -57.2  -68.6     22   0.02     69    9.4  358.4  358.5  358.4
  169.3  13622  -57.3  -68.9     22   0.02     70    9.4  358.5  358.6  358.5
  169.0  13632  -57.4  -69.2     21   0.02     70    9.5  358.6  358.7  358.6
  168.7  13642  -57.4  -69.6     20   0.02     71    9.5  358.7  358.7  358.7
  168.5  13651  -57.5  -70.1     19   0.02     71    9.6  358.7  358.8  358.7
  168.2  13660  -57.6  -70.8     17   0.02     72    9.6  358.8  358.8  358.8
  168.0  13669  -57.7  -71.6     15   0.01     72    9.7  358.7  358.8  358.7
  167.7  13679  -57.7  -72.4     14   0.01     72    9.7  358.8  358.8  358.8
  167.5  13688  -57.8  -72.8     13   0.01     72    9.7  358.8  358.8  358.8
  167.3  13697  -57.9  -73.0     13   0.01     72    9.7  358.7  358.8  358.7
  167.0  13704  -58.0  -73.1     13   0.01     72    9.8  358.8  358.8  358.8
  166.8  13713  -58.1  -73.0     13   0.01     72    9.8  358.8  358.8  358.8
  166.6  13723  -58.2  -72.8     14   0.01     71    9.8  358.8  358.8  358.8
  166.3  13732  -58.2  -72.6     14   0.01     71    9.8  358.8  358.9  358.8
  166.0  13743  -58.3  -72.1     15   0.01     70    9.8  358.8  358.9  358.8
  165.8  13752  -58.4  -71.6     17   0.01     70    9.8  358.8  358.9  358.8
  165.6  13760  -58.5  -71.1     18   0.02     69    9.8  358.8  358.8  358.8
  165.3  13770  -58.6  -70.8     19   0.02     69    9.8  358.8  358.9  358.8
  165.1  13779  -58.7  -70.5     20   0.02     69    9.9  358.8  358.9  358.8
  164.8  13788  -58.8  -70.6     20   0.02     68    9.9  358.8  358.9  358.9
  164.6  13798  -58.9  -70.8     20   0.02     68    9.9  358.8  358.9  358.8
  164.3  13808  -59.0  -71.1     19   0.02     68    9.9  358.8  358.9  358.8
  164.1  13818  -59.0  -71.6     18   0.01     68   10.0  358.8  358.9  358.9
  163.8  13828  -59.1  -72.0     17   0.01     68   10.0  358.9  359.0  358.9
  163.5  13838  -59.2  -72.3     17   0.01     68   10.0  358.9  359.0  358.9
  163.3  13846  -59.3  -72.6     16   0.01     68   10.0  358.9  359.0  359.0
  163.1  13856  -59.4  -72.6     16   0.01     68   10.0  358.9  359.0  358.9
  162.8  13864  -59.4  -72.3     17   0.01     68   10.0  359.0  359.0  359.0
  162.6  13874  -59.5  -71.8     19   0.01     68   10.0  359.0  359.0  359.0
  162.3  13884  -59.6  -71.5     20   0.02     69   10.0  359.0  359.0  359.0
  162.1  13894  -59.7  -71.1     21   0.02     69   10.0  358.9  359.0  358.9
  161.8  13904  -59.8  -70.8     23   0.02     69    9.9  359.0  359.1  359.0
  161.6  13914  -59.9  -70.6     23   0.02     70    9.9  359.0  359.1  359.0
  161.3  13924  -60.0  -70.6     24   0.02     70    9.9  359.0  359.1  359.0
  161.0  13935  -60.1  -70.6     24   0.02     71    9.9  359.0  359.1  359.0
  160.7  13946  -60.2  -70.7     24   0.02     71    9.8  359.1  359.2  359.1
  160.4  13959  -60.3  -70.8     24   0.02     72    9.8  359.1  359.2  359.1
  160.1  13969  -60.4  -71.0     24   0.02     72    9.9  359.1  359.2  359.1
  159.9  13978  -60.4  -71.1     23   0.02     73    9.9  359.1  359.2  359.1
  159.6  13988  -60.5  -71.2     23   0.02     73    9.9  359.2  359.3  359.2
  159.4  13998  -60.6  -71.3     23   0.02     74   10.0  359.2  359.3  359.2
  159.1  14008  -60.7  -71.4     23   0.02     74   10.0  359.2  359.3  359.2
  158.9  14017  -60.8  -71.5     23   0.02     75   10.1  359.2  359.3  359.2
  158.6  14028  -60.9  -71.6     23   0.02     75   10.2  359.3  359.3  359.3
  158.4  14037  -61.0  -71.8     23   0.01     76   10.3  359.2  359.3  359.2
  158.2  14046  -61.0  -72.0     22   0.01     76   10.3  359.2  359.3  359.2
  157.9  14056  -61.1  -72.3     21   0.01     76   10.4  359.3  359.3  359.3
  157.6  14067  -61.2  -72.7     20   0.01     77   10.5  359.3  359.4  359.3
  157.4  14077  -61.3  -73.2     19   0.01     77   10.6  359.3  359.3  359.3
  157.1  14088  -61.4  -73.6     18   0.01     77   10.7  359.3  359.4  359.3
  156.8  14099  -61.5  -74.1     17   0.01     78   10.7  359.4  359.4  359.4
  156.6  14109  -61.6  -74.5     16   0.01     78   10.8  359.3  359.4  359.3
  156.4  14117  -61.7  -74.9     15   0.01     78   10.8  359.3  359.4  359.3
  156.1  14126  -61.7  -75.3     15   0.01     78   10.9  359.4  359.4  359.4
  155.9  14135  -61.8  -75.6     14   0.01     78   10.9  359.4  359.4  359.4
  155.7  14145  -61.9  -75.8     14   0.01     78   11.0  359.4  359.4  359.4
  155.4  14155  -62.0  -75.9     14   0.01     78   11.0  359.4  359.4  359.4
  155.2  14164  -62.1  -75.8     14   0.01     78   11.1  359.4  359.4  359.4
  154.9  14173  -62.2  -75.7     15   0.01     78   11.1  359.4  359.5  359.4
  154.7  14183  -62.3  -75.7     15   0.01     77   11.2  359.4  359.5  359.4
  154.4  14194  -62.3  -75.7     15   0.01     77   11.3  359.5  359.6  359.5
  154.2  14204  -62.4  -75.8     15   0.01     77   11.3  359.5  359.6  359.5
  153.9  14215  -62.5  -75.9     15   0.01     76   11.4  359.6  359.6  359.6
  153.7  14225  -62.6  -76.0     15   0.01     76   11.4  359.6  359.6  359.6
  153.4  14234  -62.7  -76.2     15   0.01     76   11.4  359.6  359.6  359.6
  153.2  14243  -62.8  -76.2     15   0.01     76   11.4  359.6  359.6  359.6
  153.0  14253  -62.9  -76.2     15   0.01     76   11.4  359.5  359.6  359.5
  152.7  14263  -63.0  -75.9     16   0.01     76   11.4  359.6  359.6  359.6
  152.4  14273  -63.1  -75.4     17   0.01     76   11.3  359.6  359.7  359.6
  152.2  14283  -63.1  -74.8     19   0.01     76   11.2  359.6  359.7  359.6
  152.0  14294  -63.2  -74.5     20   0.01     76   11.1  359.6  359.7  359.6
  151.7  14304  -63.3  -74.3     21   0.01     76   11.0  359.7  359.7  359.7
  151.4  14316  -63.4  -74.3     21   0.01     76   10.9  359.7  359.8  359.7
  151.1  14327  -63.5  -74.3     22   0.01     77   10.8  359.7  359.8  359.7
  150.9  14338  -63.6  -74.2     22   0.01     77   10.7  359.7  359.8  359.7
  150.6  14349  -63.7  -74.0     23   0.01     77   10.7  359.8  359.8  359.8
  150.3  14359  -63.7  -74.0     24   0.01     77   10.6  359.9  359.9  359.9
  150.1  14369  -63.8  -74.3     23   0.01     77   10.6  359.9  359.9  359.9
  150.0  14373  -63.8  -74.5     22   0.01     77   10.6  359.9  359.9  359.9
  149.8  14381  -63.9  -74.7     22   0.01     77   10.6  359.9  359.9  359.9
  149.5  14392  -64.0  -75.1     21   0.01     77   10.6  359.9  360.0  359.9
  149.3  14403  -64.1  -75.5     20   0.01     77   10.6  359.9  359.9  359.9
  149.0  14415  -64.2  -75.8     19   0.01     77   10.6  359.9  360.0  359.9
  148.7  14426  -64.3  -75.8     19   0.01     77   10.7  359.9  360.0  359.9
  148.4  14437  -64.4  -75.6     20   0.01     76   10.7  360.0  360.0  360.0
  148.2  14446  -64.5  -75.1     22   0.01     76   10.7  360.0  360.0  360.0
  148.0  14455  -64.6  -74.3     25   0.01     75   10.8  359.9  360.0  359.9
  147.7  14466  -64.7  -73.5     29   0.01     75   10.8  360.0  360.0  360.0
  147.5  14476  -64.8  -72.6     33   0.01     75   10.8  359.9  360.0  360.0
  147.3  14485  -64.9  -71.7     38   0.02     74   10.8  359.9  360.0  359.9
  147.0  14497  -65.0  -70.8     44   0.02     74   10.8  359.9  360.0  359.9
  146.7  14508  -65.1  -70.0     51   0.02     73   10.8  360.0  360.1  360.0
  146.5  14518  -65.2  -69.3     57   0.02     73   10.8  360.0  360.1  360.0
  146.2  14530  -65.3  -68.6     63   0.03     72   10.8  360.0  360.1  360.0
  145.9  14542  -65.4  -68.0     70   0.03     72   10.8  360.0  360.2  360.1
  145.6  14554  -65.5  -67.6     75   0.03     72   10.8  360.1  360.2  360.1
  145.3  14566  -65.7  -67.3     80   0.03     72   10.8  360.0  360.2  360.0
  145.1  14577  -65.7  -67.0     84   0.03     72   10.8  360.1  360.2  360.1
  144.8  14587  -65.8  -66.8     87   0.03     72   10.8  360.1  360.3  360.1
  144.6  14596  -65.9  -66.7     89   0.03     73   10.8  360.1  360.3  360.1
  144.3  14607  -66.0  -66.8     89   0.03     73   10.8  360.2  360.3  360.2
  144.1  14618  -66.1  -67.1     88   0.03     74   10.8  360.1  360.3  360.1
  143.8  14629  -66.2  -67.5     83   0.03     75   10.8  360.2  360.3  360.2
  143.6  14640  -66.3  -68.1     78   0.03     76   10.8  360.2  360.3  360.2
  143.3  14651  -66.3  -68.8     71   0.03     77   10.8  360.3  360.4  360.3
  143.0  14662  -66.4  -69.6     64   0.02     78   10.8  360.3  360.4  360.3
  142.8  14674  -66.5  -70.4     58   0.02     79   10.9  360.3  360.4  360.3
  142.5  14686  -66.6  -71.2     52   0.02     80   10.9  360.3  360.4  360.3
  142.2  14696  -66.7  -72.1     47   0.02     80   10.9  360.4  360.5  360.5
  142.0  14706  -66.8  -73.2     40   0.01     81   10.9  360.5  360.5  360.5
  141.7  14719  -66.8  -74.5     33   0.01     81   11.0  360.5  360.6  360.6
  141.4  14732  -66.9  -75.8     27   0.01     81   11.0  360.6  360.6  360.6
  141.1  14744  -67.0  -77.1     23   0.01     81   11.1  360.7  360.7  360.7
  140.8  14756  -67.1  -78.4     19   0.01     81   11.2  360.7  360.7  360.7
  140.6  14767  -67.2  -79.5     16   0.01     81   11.3  360.7  360.7  360.7
  140.3  14778  -67.3  -80.4     14   0.00     81   11.4  360.7  360.7  360.7
  140.1  14789  -67.4  -81.1     13   0.00     81   11.5  360.7  360.7  360.7
  139.8  14801  -67.5  -81.4     12   0.00     81   11.6  360.8  360.8  360.8
  139.5  14811  -67.6  -81.3     13   0.00     81   11.7  360.9  360.9  360.9
  139.3  14822  -67.7  -81.1     13   0.00     81   11.8  360.8  360.9  360.8
  139.0  14833  -67.8  -80.8     14   0.00     82   11.9  360.9  360.9  360.9
  138.8  14843  -67.9  -80.5     15   0.00     82   11.9  360.9  360.9  360.9
  138.6  14853  -68.0  -80.2     16   0.00     82   12.0  360.9  360.9  360.9
  138.3  14864  -68.1  -80.1     16   0.00     82   12.1  360.9  361.0  360.9
  138.1  14876  -68.2  -80.0     17   0.00     82   12.1  360.9  360.9  360.9
  137.8  14886  -68.2  -79.8     18   0.00     83   12.1  361.0  361.0  361.0
  137.6  14895  -68.3  -79.6     18   0.01     83   12.1  361.0  361.1  361.1
  137.4  14907  -68.3  -79.5     19   0.01     83   12.2  361.2  361.2  361.2
  137.1  14918  -68.4  -79.3     19   0.01     83   12.2  361.3  361.3  361.3
  136.9  14928  -68.5  -79.2     20   0.01     83   12.2  361.3  361.3  361.3
  136.6  14940  -68.5  -79.1     21   0.01     83   12.2  361.3  361.4  361.3
  136.3  14951  -68.6  -79.1     21   0.01     83   12.2  361.4  361.4  361.4
  136.1  14961  -68.7  -79.1     21   0.01     83   12.2  361.4  361.4  361.4
  135.9  14970  -68.8  -79.1     22   0.01     83   12.2  361.4  361.4  361.4
  135.7  14980  -68.9  -79.1     22   0.01     83   12.2  361.4  361.4  361.4
  135.4  14990  -69.0  -79.1     22   0.01     83   12.2  361.4  361.5  361.4
  135.2  15001  -69.1  -79.2     22   0.01     83   12.2  361.4  361.4  361.4
  135.0  15011  -69.2  -79.2     22   0.01     83   12.3  361.4  361.5  361.4
  134.8  15021  -69.3  -79.2     23   0.01     83   12.3  361.5  361.5  361.5
  134.6  15029  -69.3  -79.1     23   0.01     83   12.3  361.5  361.5  361.5
  134.3  15039  -69.4  -79.0     23   0.01     83   12.3  361.6  361.6  361.6
  134.1  15050  -69.5  -79.0     24   0.01     82   12.3  361.6  361.7  361.6
  133.9  15060  -69.6  -78.9     24   0.01     82   12.3  361.6  361.6  361.6
  133.7  15069  -69.6  -78.9     25   0.01     82   12.3  361.7  361.7  361.7
  133.4  15080  -69.7  -78.9     25   0.01     82   12.3  361.8  361.8  361.8
  133.2  15090  -69.7  -78.9     25   0.01     81   12.2  361.8  361.9  361.8
  133.0  15100  -69.8  -79.0     25   0.01     81   12.2  361.9  361.9  361.9
  132.7  15110  -69.9  -79.1     25   0.01     81   12.2  362.0  362.0  362.0
  132.5  15120  -69.9  -79.2     25   0.01     80   12.1  362.0  362.0  362.0
  132.3  15130  -70.0  -79.3     24   0.01     80   12.0  362.1  362.1  362.1
  132.1  15141  -70.1  -79.4     24   0.01     80   12.0  362.1  362.1  362.1
  131.8  15153  -70.2  -79.6     24   0.01     80   11.9  362.2  362.2  362.2
  131.6  15164  -70.2  -79.6     24   0.01     80   11.8  362.2  362.2  362.2
  131.3  15174  -70.3  -79.7     24   0.01     80   11.7  362.3  362.3  362.3
  131.1  15185  -70.4  -79.8     24   0.01     80   11.6  362.3  362.3  362.3
  130.8  15197  -70.5  -79.8     24   0.01     81   11.5  362.3  362.4  362.3
  130.6  15207  -70.6  -79.8     25   0.01     81   11.4  362.4  362.4  362.4
  130.4  15218  -70.7  -79.8     25   0.01     81   11.3  362.4  362.4  362.4
  130.1  15228  -70.7  -79.9     25   0.01     82   11.3  362.5  362.5  362.5
  129.9  15237  -70.8  -79.9     25   0.01     82   11.3  362.6  362.6  362.6
  129.7  15247  -70.9  -79.9     25   0.01     82   11.2  362.6  362.6  362.6
  129.5  15257  -70.9  -79.9     25   0.01     82   11.3  362.6  362.6  362.6
  129.3  15268  -71.1  -79.9     26   0.01     82   11.3  362.6  362.6  362.6
  129.0  15279  -71.2  -79.9     26   0.01     82   11.3  362.6  362.6  362.6
  128.8  15289  -71.2  -79.9     27   0.01     82   11.4  362.6  362.7  362.6
  128.6  15300  -71.3  -79.8     27   0.01     82   11.4  362.7  362.7  362.7
  128.3  15313  -71.3  -79.8     27   0.01     81   11.5  362.9  362.9  362.9
  128.0  15324  -71.4  -79.8     28   0.01     81   11.5  363.1  363.1  363.1
  127.8  15335  -71.4  -79.8     28   0.01     80   11.6  363.2  363.2  363.2
  127.6  15344  -71.4  -79.7     28   0.01     80   11.6  363.3  363.3  363.3
  127.4  15353  -71.5  -79.7     28   0.01     79   11.6  363.4  363.4  363.4
  127.2  15364  -71.5  -79.7     29   0.01     79   11.6  363.4  363.5  363.4
  127.0  15374  -71.6  -79.7     29   0.01     78   11.6  363.5  363.5  363.5
  126.8  15383  -71.6  -79.7     29   0.01     78   11.6  363.6  363.6  363.6
  126.6  15392  -71.7  -79.7     29   0.01     77   11.6  363.7  363.7  363.7
  126.4  15401  -71.7  -79.7     30   0.01     77   11.5  363.8  363.8  363.8
  126.2  15410  -71.7  -79.6     30   0.01     76   11.5  363.9  363.9  363.9
  126.0  15418  -71.8  -79.6     30   0.01     76   11.5  364.0  364.0  364.0
  125.8  15428  -71.8  -79.6     30   0.01     75   11.5  364.1  364.1  364.1
  125.6  15438  -71.8  -79.6     31   0.01     74   11.5  364.2  364.2  364.2
  125.4  15448  -71.9  -79.6     31   0.01     74   11.5  364.2  364.2  364.2
  125.2  15458  -72.0  -79.6     31   0.01     73   11.6  364.2  364.2  364.2
  125.0  15467  -72.1  -79.6     32   0.01     73   11.6  364.2  364.2  364.2
  124.8  15477  -72.2  -79.6     32   0.01     73   11.6  364.2  364.2  364.2
  124.5  15487  -72.2  -79.5     33   0.01     73   11.6  364.3  364.4  364.3
  124.4  15497  -72.3  -79.5     33   0.01     72   11.7  364.3  364.3  364.3
  124.1  15506  -72.4  -79.6     33   0.01     72   11.7  364.4  364.4  364.4
  123.9  15517  -72.5  -79.6     34   0.01     73   11.8  364.4  364.4  364.4
  123.7  15527  -72.6  -79.6     34   0.01     73   11.9  364.4  364.4  364.4
  123.5  15537  -72.7  -79.7     34   0.01     73   11.9  364.4  364.4  364.4
  123.3  15546  -72.8  -79.7     35   0.01     73   12.0  364.4  364.4  364.4
  123.1  15556  -72.8  -79.7     35   0.01     73   12.1  364.4  364.5  364.4
  122.9  15565  -72.9  -79.8     35   0.01     73   12.2  364.5  364.5  364.5
  122.7  15574  -73.0  -79.8     35   0.01     74   12.3  364.5  364.6  364.5
  122.5  15584  -73.0  -79.8     35   0.01     74   12.5  364.6  364.6  364.6
  122.3  15594  -73.1  -79.9     35   0.01     74   12.6  364.6  364.6  364.6
  122.1  15605  -73.2  -79.9     36   0.01     74   12.7  364.6  364.6  364.6
  121.8  15617  -73.3  -79.9     36   0.01     74   12.8  364.7  364.7  364.7
  121.6  15628  -73.4  -79.9     36   0.01     73   12.9  364.7  364.7  364.7
  121.4  15638  -73.5  -79.9     37   0.01     73   13.0  364.7  364.8  364.7
  121.2  15649  -73.5  -79.9     37   0.01     73   13.2  364.8  364.8  364.8
  120.9  15661  -73.6  -80.0     38   0.01     73   13.3  364.8  364.9  364.8
  120.6  15675  -73.8  -80.0     38   0.01     73   13.4  364.9  364.9  364.9
  120.4  15687  -73.9  -80.1     38   0.01     73   13.5  364.9  364.9  364.9
  120.1  15699  -74.0  -80.1     38   0.01     72   13.6  364.9  365.0  364.9
  119.9  15710  -74.1  -80.2     39   0.01     72   13.7  365.0  365.0  365.0
  119.7  15721  -74.1  -80.2     39   0.01     72   13.9  365.0  365.0  365.0
  119.5  15731  -74.2  -80.2     39   0.01     71   14.0  365.0  365.0  365.0
  119.3  15741  -74.3  -80.3     39   0.01     71   14.2  365.0  365.1  365.0
  119.1  15750  -74.4  -80.3     40   0.01     71   14.4  365.1  365.1  365.1
  118.9  15760  -74.4  -80.3     40   0.01     70   14.6  365.1  365.2  365.1
  118.7  15769  -74.5  -80.4     40   0.01     69   14.8  365.2  365.3  365.2
  118.5  15779  -74.5  -80.4     40   0.01     69   15.1  365.3  365.4  365.3
  118.2  15791  -74.6  -80.5     40   0.01     68   15.3  365.5  365.5  365.5
  118.0  15801  -74.6  -80.5     40   0.01     68   15.5  365.5  365.6  365.5
  117.9  15809  -74.7  -80.5     40   0.01     67   15.8  365.6  365.6  365.6
  117.7  15817  -74.6  -80.5     40   0.01     67   16.0  365.8  365.8  365.8
  117.5  15827  -74.6  -80.5     40   0.01     67   16.2  366.0  366.0  366.0
  117.3  15836  -74.7  -80.5     40   0.01     67   16.4  366.1  366.2  366.1
  117.1  15846  -74.6  -80.5     40   0.01     67   16.6  366.4  366.4  366.4
  116.9  15855  -74.6  -80.5     40   0.01     67   16.8  366.6  366.6  366.6
  116.8  15864  -74.6  -80.5     39   0.01     67   16.9  366.8  366.8  366.8
  116.6  15873  -74.4  -80.4     39   0.01     68   17.0  367.3  367.3  367.3
  116.4  15882  -74.2  -80.3     39   0.01     68   17.2  367.7  367.7  367.7
  116.2  15891  -74.3  -80.4     38   0.01     69   17.3  367.9  367.9  367.9
  116.0  15901  -74.3  -80.5     38   0.01     70   17.3  367.9  367.9  367.9
  115.8  15911  -74.4  -80.5     39   0.01     71   17.4  368.0  368.0  368.0
  115.6  15920  -74.4  -80.5     39   0.01     72   17.5  368.1  368.1  368.1
  115.5  15930  -74.5  -80.6     39   0.01     72   17.6  368.0  368.1  368.0
  115.3  15939  -74.5  -80.6     39   0.01     73   17.6  368.2  368.2  368.2
  115.1  15949  -74.5  -80.6     39   0.01     74   17.6  368.4  368.4  368.4
  114.9  15959  -74.5  -80.6     39   0.01     75   17.7  368.5  368.6  368.5
  114.7  15968  -74.6  -80.7     38   0.01     75   17.7  368.6  368.7  368.6
  114.5  15976  -74.6  -80.8     38   0.01     75   17.7  368.7  368.7  368.7
  114.3  15986  -74.7  -80.9     38   0.01     76   17.7  368.8  368.8  368.8
  114.1  15998  -74.8  -81.1     37   0.00     76   17.7  368.8  368.8  368.8
  113.9  16009  -74.9  -81.2     37   0.00     76   17.7  368.8  368.9  368.8
  113.7  16018  -74.9  -81.3     36   0.00     76   17.7  368.9  368.9  368.9
  113.5  16029  -75.0  -81.4     36   0.00     76   17.6  369.0  369.0  369.0
  113.3  16039  -75.0  -81.5     36   0.00     76   17.6  369.2  369.2  369.2
  113.1  16048  -75.0  -81.6     35   0.00     76   17.5  369.4  369.4  369.4
  112.9  16058  -75.0  -81.7     35   0.00     76   17.5  369.6  369.6  369.6
  112.7  16068  -75.0  -81.8     34   0.00     76   17.4  369.7  369.7  369.7
  112.6  16076  -75.1  -81.9     34   0.00     75   17.3  369.7  369.7  369.7
  112.4  16085  -75.1  -82.1     33   0.00     75   17.2  369.7  369.8  369.7
  112.2  16096  -75.2  -82.2     33   0.00     75   17.1  369.7  369.8  369.7
  112.0  16105  -75.3  -82.3     33   0.00     75   17.0  369.8  369.8  369.8
  111.9  16113  -75.4  -82.4     33   0.00     75   16.9  369.7  369.8  369.7
  111.7  16122  -75.4  -82.5     33   0.00     75   16.8  369.8  369.8  369.8
  111.5  16131  -75.5  -82.6     33   0.00     76   16.8  369.9  369.9  369.9
  111.3  16141  -75.6  -82.6     33   0.00     76   16.7  369.9  369.9  369.9
  111.1  16151  -75.7  -82.6     33   0.00     76   16.7  370.0  370.0  370.0
  110.9  16162  -75.7  -82.6     33   0.00     76   16.7  370.0  370.0  370.0
  110.8  16171  -75.8  -82.6     34   0.00     76   16.7  370.1  370.1  370.1
  110.6  16179  -75.8  -82.5     34   0.00     77   16.7  370.2  370.3  370.2
  110.4  16187  -75.7  -82.5     34   0.00     77   16.8  370.5  370.5  370.5
  110.3  16196  -75.8  -82.5     34   0.00     77   16.8  370.5  370.6  370.5
  110.1  16205  -75.8  -82.5     34   0.00     78   16.9  370.7  370.7  370.7
  109.9  16215  -75.9  -82.6     34   0.00     78   17.0  370.7  370.7  370.7
  109.7  16224  -76.0  -82.7     34   0.00     78   17.1  370.8  370.8  370.8
  109.6  16233  -76.0  -82.7     35   0.00     78   17.2  370.7  370.7  370.7
  109.4  16241  -76.1  -82.7     35   0.00     78   17.3  370.8  370.8  370.8
  109.2  16250  -76.2  -82.7     36   0.00     78   17.3  370.8  370.8  370.8
  109.1  16260  -76.3  -82.7     36   0.00     78   17.4  370.8  370.8  370.8
  108.9  16269  -76.3  -82.6     36   0.00     79   17.4  370.9  371.0  371.0
  108.7  16279  -76.3  -82.6     36   0.00     79   17.5  371.1  371.2  371.1
  108.5  16288  -76.2  -82.5     37   0.00     79   17.5  371.5  371.5  371.5
  108.3  16299  -76.1  -82.4     37   0.00     79   17.5  371.9  371.9  371.9
  108.1  16310  -76.2  -82.4     37   0.00     79   17.6  371.9  371.9  371.9
  108.0  16319  -76.3  -82.5     37   0.00     79   17.6  371.8  371.9  371.8
  107.8  16326  -76.3  -82.5     37   0.00     80   17.6  371.9  371.9  371.9
  107.6  16335  -76.4  -82.6     37   0.00     80   17.7  372.1  372.1  372.1
  107.5  16344  -76.4  -82.6     37   0.00     80   17.7  372.2  372.2  372.2
  107.3  16353  -76.4  -82.6     37   0.00     81   17.8  372.3  372.3  372.3
  107.1  16363  -76.5  -82.7     37   0.00     81   17.8  372.3  372.4  372.3
  106.9  16373  -76.5  -82.7     37   0.00     81   17.9  372.4  372.5  372.4
  106.7  16383  -76.5  -82.7     37   0.00     82   17.9  372.6  372.6  372.6
  106.6  16392  -76.5  -82.7     38   0.00     82   17.9  372.7  372.7  372.7
  106.4  16401  -76.5  -82.6     38   0.00     82   17.9  372.9  373.0  372.9
  106.2  16411  -76.5  -82.6     38   0.00     82   17.9  373.3  373.3  373.3
  106.1  16421  -76.5  -82.6     38   0.00     82   17.9  373.3  373.3  373.3
  105.9  16430  -76.6  -82.7     37   0.00     82   17.9  373.3  373.4  373.3
  105.7  16441  -76.6  -82.8     37   0.00     82   17.9  373.5  373.5  373.5
  105.5  16450  -76.7  -83.0     37   0.00     82   17.9  373.5  373.6  373.5
  105.4  16458  -76.7  -83.1     36   0.00     82   17.9  373.6  373.6  373.6
  105.2  16468  -76.7  -83.2     35   0.00     82   17.8  373.8  373.8  373.8
  105.0  16477  -76.8  -83.3     35   0.00     82   17.8  373.9  373.9  373.9
  104.8  16486  -76.8  -83.4     34   0.00     82   17.8  374.1  374.1  374.1
  104.7  16496  -76.7  -83.4     34   0.00     82   17.8  374.3  374.3  374.3
  104.5  16506  -76.7  -83.5     33   0.00     82   17.8  374.5  374.5  374.5
  104.3  16516  -76.7  -83.6     33   0.00     82   17.7  374.7  374.7  374.7
  104.1  16526  -76.7  -83.8     32   0.00     82   17.7  374.9  374.9  374.9
  103.9  16537  -76.6  -83.8     31   0.00     83   17.7  375.3  375.3  375.3
  103.7  16548  -76.5  -83.8     30   0.00     83   17.7  375.8  375.8  375.8
  103.5  16558  -76.3  -83.9     30   0.00     83   17.7  376.3  376.4  376.3
  103.4  16569  -75.9  -83.6     29   0.00     83   17.8  377.2  377.2  377.2
  103.2  16579  -75.8  -83.7     28   0.00     83   17.8  377.6  377.6  377.6
  103.0  16589  -75.8  -83.8     28   0.00     82   17.9  377.8  377.8  377.8
  102.8  16600  -75.8  -84.0     27   0.00     82   17.9  378.0  378.0  378.0
  102.6  16611  -75.8  -84.1     26   0.00     82   18.0  378.3  378.3  378.3
  102.4  16622  -75.8  -84.2     26   0.00     81   18.2  378.5  378.5  378.5
  102.2  16632  -75.8  -84.4     25   0.00     81   18.4  378.7  378.7  378.7
  102.0  16642  -75.7  -84.4     24   0.00     80   18.6  379.1  379.1  379.1
  101.9  16653  -75.7  -84.6     24   0.00     79   18.8  379.2  379.2  379.2
  101.7  16663  -75.6  -84.6     23   0.00     79   19.0  379.5  379.6  379.5
  101.5  16673  -75.4  -84.6     23   0.00     78   19.3  380.2  380.2  380.2
  101.3  16683  -75.3  -84.7     22   0.00     77   19.6  380.6  380.6  380.6
  101.1  16694  -75.0  -84.6     21   0.00     77   19.9  381.3  381.4  381.3
  100.9  16707  -74.7  -84.5     21   0.00     76   20.2  382.2  382.2  382.2
  100.7  16718  -74.6  -84.6     20   0.00     76   20.4  382.5  382.5  382.5
  100.5  16729  -74.6  -84.6     20   0.00     76   20.7  382.8  382.8  382.8
  100.3  16742  -74.6  -84.8     20   0.00     76   20.9  382.9  382.9  382.9
  100.1  16755  -74.7  -84.9     19   0.00     75   21.0  383.0  383.0  383.0
  100.0  16760  -74.7  -85.0     19   0.00     75   21.1  383.1  383.1  383.1
  100.0  16760  -74.7  -85.0     19   0.00     75   21.1  383.1  383.1  383.1
   99.8  16769  -74.8  -85.0     19   0.00     75   21.1  383.2  383.2  383.2
   99.7  16780  -74.9  -85.0     19   0.00     75   21.3  383.2  383.2  383.2
   99.5  16789  -74.9  -85.0     20   0.00     75   21.4  383.3  383.3  383.3
   99.3  16801  -75.0  -85.0     20   0.00     75   21.6  383.3  383.3  383.3
   99.1  16814  -75.1  -85.1     20   0.00     76   21.7  383.3  383.3  383.3
   98.9  16825  -75.2  -85.1     20   0.00     76   21.8  383.4  383.5  383.5
   98.7  16835  -75.3  -85.2     20   0.00     76   22.0  383.5  383.5  383.5
   98.5  16846  -75.3  -85.2     20   0.00     76   22.1  383.6  383.6  383.6
   98.3  16858  -75.4  -85.3     20   0.00     76   22.2  383.7  383.7  383.7
   98.1  16868  -75.5  -85.4     20   0.00     76   22.4  383.7  383.8  383.7
   98.0  16879  -75.6  -85.5     20   0.00     77   22.5  383.7  383.7  383.7
   97.8  16891  -75.6  -85.7     20   0.00     77   22.7  383.7  383.8  383.7
   97.6  16902  -75.7  -85.8     19   0.00     77   22.8  383.8  383.8  383.8
   97.4  16914  -75.8  -85.9     19   0.00     77   22.9  383.9  383.9  383.9
   97.2  16925  -75.9  -86.1     19   0.00     78   23.1  383.9  383.9  383.9
   97.0  16937  -76.0  -86.2     19   0.00     78   23.2  383.9  384.0  383.9
   96.8  16948  -76.1  -86.3     19   0.00     79   23.3  384.1  384.1  384.1
   96.6  16959  -76.1  -86.3     19   0.00     79   23.4  384.3  384.3  384.3
   96.4  16971  -75.8  -86.1     19   0.00     80   23.4  385.0  385.0  385.0
   96.2  16983  -75.6  -85.9     19   0.00     80   23.5  385.7  385.7  385.7
   96.0  16994  -75.6  -86.0     18   0.00     81   23.5  385.9  385.9  385.9
   95.9  17005  -75.5  -86.0     18   0.00     82   23.4  386.1  386.1  386.1
   95.7  17017  -75.5  -85.9     18   0.00     82   23.4  386.5  386.5  386.5
   95.5  17028  -75.4  -85.9     18   0.00     83   23.4  386.8  386.8  386.8
   95.3  17039  -75.3  -85.9     18   0.00     84   23.3  387.2  387.2  387.2
   95.1  17051  -75.4  -86.0     18   0.00     85   23.3  387.3  387.3  387.3
   94.9  17063  -75.4  -86.0     18   0.00     87   23.2  387.5  387.5  387.5
   94.7  17075  -75.5  -86.1     18   0.00     88   23.2  387.6  387.6  387.6
   94.5  17086  -75.5  -86.1     18   0.00     89   23.2  387.8  387.8  387.8
   94.3  17097  -75.5  -86.1     18   0.00     90   23.2  388.1  388.1  388.1
   94.2  17108  -75.5  -86.0     18   0.00     91   23.1  388.2  388.2  388.2
   94.0  17120  -75.5  -86.0     18   0.00     92   23.1  388.4  388.4  388.4
   93.8  17131  -75.5  -86.0     18   0.00     93   23.1  388.5  388.6  388.5
   93.6  17143  -75.6  -86.1     18   0.00     94   23.0  388.7  388.7  388.7
   93.4  17154  -75.6  -86.1     18   0.00     94   23.0  388.9  389.0  388.9
   93.2  17165  -75.6  -86.1     18   0.00     95   22.9  389.2  389.2  389.2
   93.1  17176  -75.5  -86.1     18   0.00     96   22.8  389.5  389.5  389.5
   92.9  17187  -75.5  -86.1     18   0.00     97   22.6  389.8  389.8  389.8
   92.7  17197  -75.5  -86.2     18   0.00     97   22.3  390.0  390.0  390.0
   92.5  17209  -75.6  -86.3     17   0.00     98   22.0  390.1  390.1  390.1
   92.3  17221  -75.5  -86.3     17   0.00     98   21.7  390.4  390.4  390.4
   92.2  17232  -75.5  -86.4     17   0.00     99   21.2  390.6  390.6  390.6
   92.0  17243  -75.4  -86.4     17   0.00     99   20.7  390.9  390.9  390.9
   91.8  17256  -75.4  -86.5     16   0.00     99   20.2  391.1  391.2  391.1
   91.6  17270  -75.5  -86.6     16   0.00     99   19.8  391.3  391.3  391.3
   91.3  17284  -75.5  -86.7     16   0.00     99   19.5  391.6  391.6  391.6
   91.1  17297  -75.5  -86.7     16   0.00     99   19.1  391.9  391.9  391.9
   90.9  17311  -75.6  -86.8     16   0.00     99   18.5  392.0  392.0  392.0
   90.6  17328  -75.6  -86.9     16   0.00     98   17.9  392.3  392.3  392.3
   90.4  17346  -75.6  -87.0     16   0.00     98   17.3  392.5  392.5  392.5
   90.2  17358  -75.6  -87.0     15   0.00     97   16.8  392.8  392.8  392.8
   90.0  17368  -75.4  -86.9     15   0.00     97   16.3  393.4  393.5  393.4
   89.9  17377  -75.2  -86.9     15   0.00     97   15.9  393.9  394.0  393.9
   89.7  17388  -75.1  -86.9     15   0.00     96   15.7  394.4  394.4  394.4
   89.5  17399  -74.8  -86.8     14   0.00     96   15.5  395.3  395.4  395.3
   89.4  17409  -74.5  -86.7     14   0.00     96   15.2  396.0  396.0  396.0
   89.3  17418  -74.4  -86.7     14   0.00     96   15.0  396.3  396.3  396.3
   89.1  17428  -74.4  -86.8     13   0.00     96   14.8  396.6  396.6  396.6
   88.9  17438  -74.4  -86.9     13   0.00     97   14.7  396.8  396.8  396.8
   88.8  17447  -74.5  -87.0     13   0.00     97   14.7  396.8  396.8  396.8
   88.7  17456  -74.5  -87.1     13   0.00     98   14.7  396.9  396.9  396.9
   88.5  17465  -74.4  -87.1     13   0.00     99   14.7  397.3  397.3  397.3
   88.4  17474  -74.3  -87.1     13   0.00     99   14.7  397.7  397.7  397.7
   88.3  17483  -74.1  -87.0     12   0.00    101   14.8  398.2  398.2  398.2
   88.1  17491  -74.1  -87.0     12   0.00    102   14.9  398.4  398.4  398.4
   88.0  17499  -74.1  -87.0     12   0.00    103   15.0  398.5  398.5  398.5
   87.9  17508  -74.2  -87.0     12   0.00    104   15.0  398.6  398.6  398.6
   87.7  17517  -74.2  -87.1     12   0.00    105   15.1  398.8  398.8  398.8
   87.6  17527  -74.2  -87.1     12   0.00    106   15.2  398.9  398.9  398.9
   87.5  17537  -74.3  -87.1     12   0.00    107   15.3  398.9  398.9  398.9
   87.3  17546  -74.4  -87.2     12   0.00    107   15.3  399.0  399.0  399.0
   87.2  17554  -74.4  -87.3     12   0.00    108   15.4  399.0  399.0  399.0
   87.1  17563  -74.5  -87.3     12   0.00    108   15.4  399.0  399.0  399.0
   86.9  17571  -74.5  -87.4     12   0.00    109   15.3  399.1  399.1  399.1
   86.8  17579  -74.6  -87.4     12   0.00    109   15.3  399.2  399.2  399.2
   86.7  17587  -74.7  -87.5     12   0.00    109   15.2  399.2  399.2  399.2
   86.6  17596  -74.7  -87.6     12   0.00    109   15.1  399.2  399.2  399.2
   86.4  17604  -74.8  -87.7     12   0.00    109   14.9  399.3  399.3  399.3
   86.3  17612  -74.8  -87.8     12   0.00    109   14.8  399.4  399.4  399.4
   86.2  17620  -74.8  -87.8     12   0.00    109   14.6  399.5  399.5  399.5
   86.1  17627  -74.8  -87.8     12   0.00    109   14.4  399.8  399.8  399.8
   86.0  17635  -74.7  -87.8     12   0.00    109   14.2  400.1  400.1  400.1
   85.9  17642  -74.7  -87.8     12   0.00    108   14.0  400.2  400.2  400.2
   85.8  17650  -74.7  -87.8     12   0.00    108   13.8  400.4  400.4  400.4
   85.6  17658  -74.7  -87.9     11   0.00    108   13.7  400.6  400.6  400.6
   85.5  17666  -74.6  -87.9     11   0.00    108   13.6  400.9  400.9  400.9
   85.4  17675  -74.5  -87.9     11   0.00    108   13.5  401.2  401.2  401.2
   85.3  17684  -74.4  -87.9     11   0.00    108   13.4  401.6  401.6  401.6
   85.1  17693  -74.2  -87.8     11   0.00    108   13.3  402.2  402.2  402.2
   85.0  17700  -74.1  -87.8     11   0.00    108   13.3  402.5  402.5  402.5
   84.9  17706  -74.0  -87.8     11   0.00    107   13.2  402.9  402.9  402.9
   84.8  17713  -73.9  -87.7     11   0.00    107   13.2  403.2  403.2  403.2
   84.7  17720  -73.9  -87.8     10   0.00    106   13.2  403.4  403.4  403.4
   84.6  17726  -73.9  -87.8     10   0.00    106   13.2  403.6  403.6  403.6
   84.4  17740  -73.9  -87.9     10   0.00    104   13.3  403.8  403.8  403.8
   84.3  17748  -73.9  -88.0     10   0.00    103   13.3  403.9  403.9  403.9
   84.2  17756  -74.0  -88.0     10   0.00    102   13.4  403.9  403.9  403.9
   84.1  17763  -74.0  -88.1     10   0.00    101   13.5  404.0  404.0  404.0
   84.0  17768  -74.0  -88.2     10   0.00    100   13.6  404.1  404.1  404.1
   83.9  17775  -73.9  -88.2     10   0.00     99   13.6  404.4  404.4  404.4
   83.8  17787  -73.6  -88.0     10   0.00     96   13.8  405.2  405.2  405.2
   83.7  17795  -73.5  -88.0      9   0.00     95   13.9  405.5  405.5  405.5
   83.6  17802  -73.5  -88.0      9   0.00     95   13.9  405.8  405.8  405.8
   83.5  17808  -73.4  -88.0      9   0.00     94   13.9  406.1  406.1  406.1
   83.4  17815  -73.3  -88.0      9   0.00     92   14.0  406.5  406.5  406.5
   83.3  17822  -73.2  -88.1      9   0.00     91   14.0  406.8  406.8  406.8
   83.2  17829  -73.1  -88.1      9   0.00     90   14.0  407.1  407.1  407.1
   83.1  17836  -73.1  -88.1      9   0.00     89   14.0  407.2  407.2  407.2
   83.0  17843  -73.1  -88.2      9   0.00     88   14.0  407.3  407.3  407.3
   82.9  17851  -73.1  -88.3      8   0.00     86   14.0  407.5  407.5  407.5
   82.7  17860  -73.1  -88.4      8   0.00     85   14.0  407.7  407.7  407.7
   82.6  17868  -73.2  -88.4      8   0.00     84   14.0  407.8  407.8  407.8
   82.5  17877  -73.1  -88.4      8   0.00     83   14.0  408.0  408.0  408.0
   82.4  17884  -73.1  -88.4      8   0.00     82   14.0  408.2  408.2  408.2
   82.3  17892  -73.1  -88.4      8   0.00     81   14.0  408.4  408.4  408.4
   82.2  17900  -73.1  -88.5      8   0.00     80   14.0  408.5  408.5  408.5
   82.1  17908  -73.1  -88.5      8   0.00     79   14.1  408.7  408.7  408.7
   81.9  17917  -73.1  -88.6      8   0.00     79   14.1  409.0  409.0  409.0
   81.8  17925  -73.0  -88.6      8   0.00     78   14.1  409.2  409.2  409.2
   81.7  17934  -72.9  -88.6      8   0.00     78   14.1  409.6  409.6  409.6
   81.6  17942  -72.8  -88.7      8   0.00     78   14.1  409.9  409.9  409.9
   81.5  17950  -72.7  -88.7      7   0.00     77   14.0  410.3  410.3  410.3
   81.4  17958  -72.6  -88.7      7   0.00     77   14.0  410.7  410.7  410.7
   81.2  17967  -72.5  -88.7      7   0.00     78   13.9  411.1  411.1  411.1
   81.1  17976  -72.5  -88.8      7   0.00     78   13.9  411.2  411.2  411.2
   81.0  17984  -72.5  -88.8      7   0.00     78   13.8  411.3  411.3  411.3
   80.9  17993  -72.6  -88.8      7   0.00     79   13.7  411.5  411.5  411.5
   80.8  18001  -72.6  -88.8      7   0.00     80   13.6  411.6  411.6  411.6
   80.6  18010  -72.6  -88.9      7   0.00     81   13.4  411.8  411.8  411.8
   80.5  18019  -72.5  -88.8      7   0.00     82   13.3  412.1  412.1  412.1
   80.4  18028  -72.6  -88.8      7   0.00     83   13.2  412.2  412.2  412.2
   80.3  18038  -72.6  -88.8      7   0.00     84   13.0  412.3  412.3  412.3
   80.1  18047  -72.6  -88.8      7   0.00     84   12.9  412.5  412.5  412.5
   80.0  18057  -72.7  -88.8      7   0.00     85   12.7  412.5  412.5  412.5
   79.9  18066  -72.8  -88.8      7   0.00     85   12.6  412.5  412.5  412.5
   79.7  18076  -72.8  -88.8      7   0.00     86   12.4  412.7  412.7  412.7
   79.6  18086  -72.9  -88.9      7   0.00     86   12.3  412.6  412.7  412.6
   79.5  18096  -73.0  -88.9      7   0.00     86   12.1  412.6  412.6  412.6
   79.3  18106  -73.1  -89.0      7   0.00     86   12.0  412.7  412.8  412.7
   79.2  18116  -73.1  -89.0      7   0.00     86   11.9  412.7  412.8  412.7
   79.1  18125  -73.2  -89.1      7   0.00     85   11.8  412.8  412.8  412.8
   78.9  18134  -73.1  -89.1      7   0.00     85   11.7  413.2  413.2  413.2
   78.8  18145  -73.0  -89.1      7   0.00     85   11.7  413.6  413.6  413.6
   78.7  18155  -73.0  -89.1      7   0.00     85   11.7  413.8  413.8  413.8
   78.5  18165  -72.9  -89.1      7   0.00     84   11.7  414.2  414.2  414.2
   78.4  18175  -72.8  -89.1      7   0.00     84   11.8  414.6  414.6  414.6
   78.3  18185  -72.6  -89.0      7   0.00     84   11.9  415.1  415.1  415.1
   78.1  18195  -72.5  -88.9      7   0.00     84   12.1  415.7  415.7  415.7
   78.0  18206  -72.4  -88.9      7   0.00     84   12.3  416.0  416.1  416.0
   77.8  18217  -72.4  -88.9      7   0.00     84   12.6  416.3  416.4  416.3
   77.7  18227  -72.5  -89.0      7   0.00     84   12.8  416.4  416.4  416.4
   77.6  18238  -72.5  -89.0      7   0.00     84   13.1  416.5  416.5  416.5
   77.4  18249  -72.5  -89.0      7   0.00     84   13.4  416.8  416.8  416.8
   77.3  18259  -72.5  -89.1      7   0.00     84   13.7  416.9  416.9  416.9
   77.2  18269  -72.5  -89.1      7   0.00     84   14.0  417.1  417.1  417.1
   77.0  18280  -72.5  -89.0      7   0.00     84   14.3  417.5  417.5  417.5
   76.9  18291  -72.4  -88.9      7   0.00     84   14.6  417.9  417.9  417.9
   76.7  18302  -72.4  -88.9      7   0.00     84   14.9  418.2  418.2  418.2
   76.6  18313  -72.4  -88.9      7   0.00     83   15.2  418.3  418.3  418.3
   76.4  18325  -72.4  -88.9      7   0.00     83   15.5  418.5  418.5  418.5
   76.3  18337  -72.5  -88.9      7   0.00     83   15.7  418.6  418.6  418.6
   76.1  18349  -72.5  -88.9      7   0.00     82   15.9  418.8  418.8  418.8
   76.0  18361  -72.6  -89.0      7   0.00     82   16.2  418.8  418.8  418.8
   75.8  18372  -72.6  -89.0      7   0.00     82   16.4  419.0  419.0  419.0
   75.7  18385  -72.7  -89.0      7   0.00     82   16.6  419.0  419.0  419.0
   75.5  18397  -72.8  -89.1      7   0.00     82   16.8  419.2  419.2  419.2
   75.3  18410  -72.9  -89.1      7   0.00     81   17.0  419.3  419.3  419.3
   75.2  18421  -73.0  -89.1      7   0.00     81   17.3  419.3  419.3  419.3
   75.1  18431  -73.1  -89.2      7   0.00     81   17.5  419.2  419.2  419.2
   74.9  18441  -73.2  -89.2      7   0.00     82   17.7  419.4  419.4  419.4
   74.8  18452  -73.2  -89.2      7   0.00     82   18.0  419.4  419.4  419.4
   74.6  18464  -73.3  -89.2      7   0.00     82   18.2  419.5  419.5  419.5
   74.5  18475  -73.4  -89.2      7   0.00     83   18.5  419.6  419.6  419.6
   74.4  18486  -73.4  -89.3      7   0.00     83   18.7  419.6  419.6  419.6
   74.2  18497  -73.5  -89.3      8   0.00     84   18.9  419.7  419.7  419.7
   74.1  18508  -73.6  -89.3      8   0.00     84   19.1  419.7  419.7  419.7
   73.9  18519  -73.7  -89.4      8   0.00     85   19.3  419.9  419.9  419.9
   73.8  18531  -73.7  -89.4      8   0.00     85   19.4  420.0  420.0  420.0
   73.6  18542  -73.7  -89.4      8   0.00     86   19.5  420.3  420.3  420.3
   73.5  18553  -73.7  -89.5      7   0.00     86   19.6  420.4  420.4  420.4
   73.4  18564  -73.7  -89.5      7   0.00     87   19.6  420.6  420.6  420.6
   73.2  18575  -73.6  -89.5      7   0.00     87   19.6  421.2  421.2  421.2
   73.1  18588  -73.4  -89.3      7   0.00     88   19.5  421.9  421.9  421.9
   72.9  18600  -73.3  -89.3      7   0.00     88   19.3  422.3  422.3  422.3
   72.8  18613  -73.3  -89.3      7   0.00     88   19.1  422.5  422.5  422.5
   72.6  18625  -73.3  -89.3      7   0.00     89   18.9  422.8  422.8  422.8
   72.5  18637  -73.3  -89.3      7   0.00     89   18.7  423.0  423.0  423.0
   72.3  18648  -73.2  -89.3      7   0.00     89   18.4  423.5  423.5  423.5
   72.2  18660  -73.1  -89.2      7   0.00     89   18.1  423.8  423.8  423.8
   72.0  18672  -73.2  -89.2      7   0.00     89   17.8  424.1  424.1  424.1
   71.9  18684  -73.2  -89.2      7   0.00     89   17.5  424.2  424.2  424.2
   71.7  18695  -73.3  -89.2      7   0.00     89   17.2  424.3  424.3  424.3
   71.6  18705  -73.3  -89.2      7   0.00     88   17.0  424.4  424.4  424.4
   71.5  18717  -73.4  -89.3      7   0.00     88   16.7  424.4  424.4  424.4
   71.3  18729  -73.5  -89.3      7   0.00     88   16.5  424.6  424.6  424.6
   71.2  18740  -73.6  -89.3      8   0.00     87   16.3  424.6  424.6  424.6
   71.1  18752  -73.6  -89.4      8   0.00     87   16.1  424.6  424.7  424.6
   70.9  18763  -73.7  -89.4      8   0.00     87   16.0  424.8  424.8  424.8
   70.8  18774  -73.7  -89.4      8   0.00     86   15.9  424.9  424.9  424.9
   70.6  18785  -73.8  -89.5      8   0.00     86   15.8  425.1  425.1  425.1
   70.5  18797  -73.9  -89.5      8   0.00     86   15.8  425.2  425.2  425.2
   70.4  18809  -73.9  -89.6      8   0.00     85   15.8  425.2  425.2  425.2
   70.2  18820  -74.0  -89.6      8   0.00     85   15.9  425.5  425.5  425.5
   70.1  18831  -73.9  -89.6      8   0.00     84   16.1  425.7  425.7  425.7
   70.0  18839  -73.9  -89.6      8   0.00     84   16.1  425.9  425.9  425.9
   69.8  18854  -73.9  -89.7      7   0.00     84   16.5  426.3  426.3  426.3
   69.7  18864  -73.9  -89.7      7   0.00     84   16.8  426.4  426.4  426.4
   69.6  18875  -74.0  -89.8      7   0.00     84   17.1  426.5  426.5  426.5
   69.5  18884  -74.0  -90.0      7   0.00     85   17.5  426.6  426.6  426.6
   69.3  18893  -74.0  -90.1      7   0.00     85   17.8  427.0  427.0  427.0
   69.2  18904  -73.9  -90.1      7   0.00     85   18.2  427.3  427.3  427.3
   69.1  18915  -73.8  -90.1      7   0.00     86   18.6  427.7  427.7  427.7
   69.0  18925  -73.7  -90.1      7   0.00     87   19.0  428.1  428.1  428.1
   68.9  18935  -73.4  -90.0      7   0.00     88   19.3  428.9  428.9  428.9
   68.7  18945  -73.2  -89.8      6   0.00     88   19.7  429.8  429.9  429.8
   68.6  18955  -73.0  -89.8      6   0.00     89   20.0  430.3  430.3  430.3
   68.5  18966  -72.9  -89.8      6   0.00     90   20.3  430.7  430.7  430.7
   68.4  18976  -72.9  -89.8      6   0.00     91   20.5  430.9  430.9  430.9
   68.3  18986  -72.9  -89.9      6   0.00     92   20.7  431.0  431.0  431.0
   68.1  18995  -72.9  -89.9      6   0.00     93   20.9  431.4  431.4  431.4
   68.0  19005  -72.8  -89.8      6   0.00     94   21.1  431.8  431.8  431.8
   67.9  19014  -72.9  -89.9      6   0.00     95   21.2  431.9  431.9  431.9
   67.8  19023  -72.9  -90.0      6   0.00     95   21.2  431.9  431.9  431.9
   67.7  19034  -73.0  -90.1      6   0.00     96   21.3  432.0  432.0  432.0
   67.6  19043  -73.0  -90.1      6   0.00     96   21.3  432.2  432.2  432.2
   67.5  19052  -73.1  -90.2      6   0.00     97   21.3  432.2  432.2  432.2
   67.4  19062  -73.1  -90.3      6   0.00     97   21.2  432.3  432.4  432.3
   67.3  19072  -73.1  -90.4      6   0.00     97   21.1  432.5  432.5  432.5
   67.2  19081  -73.1  -90.4      6   0.00     97   21.0  432.7  432.7  432.7
   67.1  19090  -73.0  -90.5      6   0.00     97   20.8  433.0  433.0  433.0
   67.0  19098  -72.8  -90.3      6   0.00     97   20.7  433.8  433.8  433.8
   66.9  19107  -72.3  -90.0      5   0.00     97   20.5  435.0  435.0  435.0
   66.8  19116  -72.2  -90.0      5   0.00     96   20.3  435.5  435.5  435.5
   66.7  19125  -72.1  -90.1      5   0.00     96   20.1  435.7  435.7  435.7
   66.6  19134  -72.1  -90.1      5   0.00     96   19.9  435.9  435.9  435.9
   66.4  19144  -72.1  -90.2      5   0.00     95   19.6  436.2  436.2  436.2
   66.3  19155  -72.1  -90.2      5   0.00     95   19.4  436.4  436.5  436.4
   66.2  19164  -72.1  -90.2      5   0.00     95   19.2  436.7  436.7  436.7
   66.1  19173  -72.1  -90.3      5   0.00     94   18.9  436.8  436.8  436.8
   66.0  19182  -72.2  -90.3      5   0.00     94   18.7  436.9  436.9  436.9
   65.9  19191  -72.2  -90.3      5   0.00     93   18.5  437.1  437.1  437.1
   65.8  19200  -72.2  -90.3      5   0.00     93   18.2  437.2  437.2  437.2
   65.7  19209  -72.2  -90.3      5   0.00     92   18.0  437.3  437.4  437.3
   65.6  19218  -72.3  -90.3      5   0.00     92   17.7  437.4  437.5  437.4
   65.5  19227  -72.3  -90.3      5   0.00     91   17.5  437.5  437.6  437.5
   65.4  19238  -72.3  -90.3      5   0.00     91   17.3  437.7  437.7  437.7
   65.3  19249  -72.3  -90.4      5   0.00     90   17.2  437.9  437.9  437.9
   65.2  19259  -72.4  -90.4      5   0.00     90   17.1  438.0  438.0  438.0
   65.1  19267  -72.4  -90.4      5   0.00     89   17.1  438.2  438.2  438.2
   65.0  19276  -72.4  -90.5      5   0.00     89   17.2  438.3  438.3  438.3
   64.9  19285  -72.4  -90.6      5   0.00     88   17.3  438.5  438.5  438.5
   64.8  19295  -72.4  -90.6      5   0.00     88   17.5  438.7  438.7  438.7
   64.7  19305  -72.5  -90.8      5   0.00     87   17.9  438.8  438.8  438.8
   64.5  19314  -72.5  -90.9      5   0.00     87   18.3  439.2  439.2  439.2
   64.4  19324  -72.5  -91.0      5   0.00     87   18.7  439.4  439.4  439.4
   64.3  19334  -72.4  -91.1      5   0.00     87   19.3  439.6  439.6  439.6
   64.2  19344  -72.3  -91.2      4   0.00     86   19.8  440.1  440.1  440.1
   64.1  19354  -72.0  -91.1      4   0.00     87   20.4  441.0  441.0  441.0
   64.0  19363  -71.7  -91.0      4   0.00     87   21.1  441.8  441.8  441.8
   63.9  19372  -71.3  -90.8      4   0.00     87   21.7  442.8  442.9  442.8
   63.8  19381  -71.0  -90.7      4   0.00     87   22.3  443.8  443.8  443.8
   63.7  19389  -70.7  -90.6      4   0.00     87   22.9  444.5  444.5  444.5
   63.6  19398  -70.6  -90.6      4   0.00     88   23.4  445.1  445.1  445.1
   63.5  19407  -70.4  -90.6      4   0.00     88   23.9  445.7  445.8  445.7
   63.4  19416  -70.1  -90.6      4   0.00     89   24.4  446.4  446.4  446.4
   63.3  19433  -69.8  -90.5      3   0.00     90   25.3  447.4  447.4  447.4
   63.2  19441  -69.7  -90.5      3   0.00     90   25.7  447.9  447.9  447.9
   63.1  19450  -69.6  -90.5      3   0.00     91   26.0  448.2  448.3  448.3
   63.0  19459  -69.6  -90.5      3   0.00     92   26.4  448.5  448.6  448.5
   62.9  19468  -69.5  -90.5      3   0.00     92   26.6  448.9  448.9  448.9
   62.8  19477  -69.5  -90.5      3   0.00     93   26.9  449.1  449.1  449.1
   62.7  19486  -69.5  -90.4      3   0.00     94   27.1  449.3  449.3  449.3
   62.6  19495  -69.5  -90.4      3   0.00     94   27.3  449.6  449.6  449.6
   62.5  19504  -69.4  -90.3      3   0.00     95   27.4  449.9  449.9  449.9
   62.4  19512  -69.4  -90.2      3   0.00     96   27.5  450.1  450.2  450.1
   62.3  19528  -69.3  -90.2      3   0.00     97   27.6  450.5  450.5  450.5
   62.2  19537  -69.3  -90.2      3   0.00     98   27.6  450.7  450.7  450.7
   62.1  19545  -69.2  -90.2      3   0.00     99   27.6  451.1  451.1  451.1
   62.0  19553  -69.2  -90.3      3   0.00     99   27.5  451.4  451.4  451.4
   61.9  19563  -69.2  -90.4      3   0.00    100   27.4  451.7  451.7  451.7
   61.8  19572  -69.1  -90.5      3   0.00    101   27.3  452.0  452.0  452.0
   61.7  19582  -69.0  -90.5      3   0.00    101   27.1  452.4  452.4  452.4
   61.6  19592  -68.9  -90.5      3   0.00    102   27.0  452.9  453.0  452.9
   61.5  19601  -68.6  -90.4      3   0.00    102   26.8  453.7  453.7  453.7
   61.4  19610  -68.5  -90.4      3   0.00    103   26.6  454.2  454.2  454.2
   61.3  19619  -68.4  -90.5      3   0.00    103   26.5  454.5  454.5  454.5
   61.2  19628  -68.4  -90.5      3   0.00    103   26.2  454.8  454.8  454.8
   61.1  19637  -68.4  -90.5      3   0.00    103   26.0  455.1  455.1  455.1
   61.0  19654  -68.2  -90.5      3   0.00    102   25.6  455.7  455.8  455.7
   60.9  19664  -68.1  -90.5      3   0.00    102   25.3  456.1  456.1  456.1
   60.8  19674  -68.1  -90.5      3   0.00    101   25.1  456.3  456.4  456.3
   60.7  19684  -68.1  -90.5      3   0.00    101   24.9  456.7  456.7  456.7
   60.6  19694  -68.0  -90.5      3   0.00    100   24.8  457.0  457.0  457.0
   60.5  19704  -67.9  -90.5      3   0.00     99   24.6  457.3  457.4  457.3
   60.4  19714  -68.0  -90.6      3   0.00     98   24.4  457.5  457.6  457.5
   60.3  19723  -68.0  -90.6      3   0.00     97   24.3  457.7  457.7  457.7
   60.2  19733  -68.0  -90.7      3   0.00     96   24.2  457.9  457.9  457.9
   60.1  19743  -68.0  -90.8      3   0.00     95   24.1  458.1  458.1  458.1
   60.0  19751  -68.0  -90.8      3   0.00     94   24.1  458.4  458.4  458.4
   59.9  19760  -67.9  -90.8      3   0.00     93   24.2  458.7  458.7  458.7
   59.8  19769  -67.9  -90.8      3   0.00     92   24.2  459.0  459.0  459.0
   59.7  19779  -67.8  -90.8      2   0.00     91   24.3  459.5  459.5  459.5
   59.6  19788  -67.6  -90.8      2   0.00     90   24.5  460.0  460.0  460.0
   59.5  19798  -67.5  -90.7      2   0.00     90   24.6  460.6  460.6  460.6
   59.4  19808  -67.4  -90.6      2   0.00     89   24.8  461.0  461.0  461.0
   59.3  19817  -67.3  -90.6      2   0.00     89   25.0  461.3  461.3  461.3
   59.2  19826  -67.3  -90.6      2   0.00     89   25.3  461.7  461.7  461.7
   59.1  19836  -67.2  -90.5      2   0.00     89   25.5  462.2  462.2  462.2
   59.0  19846  -67.1  -90.5      2   0.00     89   25.7  462.5  462.5  462.5
   58.9  19866  -67.1  -90.4      2   0.00     89   26.1  462.7  462.7  462.7
   58.8  19876  -67.1  -90.4      2   0.00     89   26.3  462.9  462.9  462.9
   58.7  19886  -67.1  -90.4      2   0.00     89   26.4  463.2  463.3  463.2
   58.6  19894  -67.1  -90.4      2   0.00     90   26.6  463.4  463.4  463.4
   58.5  19901  -67.1  -90.4      2   0.00     90   26.7  463.6  463.6  463.6
   58.4  19909  -67.1  -90.5      2   0.00     90   26.8  463.9  463.9  463.9
   58.3  19927  -67.1  -90.5      2   0.00     91   26.9  464.2  464.2  464.2
   58.2  19936  -67.1  -90.5      2   0.00     91   26.9  464.4  464.4  464.4
   58.1  19945  -67.0  -90.5      2   0.00     92   26.9  464.7  464.7  464.7
   58.0  19954  -66.9  -90.4      2   0.00     92   26.8  465.2  465.2  465.2
   57.9  19964  -66.9  -90.4      2   0.00     92   26.7  465.5  465.6  465.5
   57.8  19974  -66.9  -90.4      2   0.00     92   26.5  465.7  465.7  465.7
   57.7  19984  -66.9  -90.4      2   0.00     92   26.4  465.8  465.9  465.8
   57.6  19993  -67.0  -90.4      2   0.00     92   26.3  465.9  466.0  465.9
   57.5  20003  -67.0  -90.4      2   0.00     92   26.1  466.1  466.2  466.1
   57.4  20012  -67.0  -90.3      2   0.00     92   26.0  466.5  466.5  466.5
   57.3  20022  -66.9  -90.3      2   0.00     92   25.9  466.9  466.9  466.9
   57.2  20042  -66.9  -90.2      2   0.00     92   25.6  467.1  467.1  467.1
   57.1  20051  -67.0  -90.3      2   0.00     92   25.5  467.2  467.2  467.2
   57.0  20060  -67.0  -90.3      2   0.00     92   25.4  467.3  467.3  467.3
   56.9  20070  -67.1  -90.4      2   0.00     91   25.3  467.4  467.4  467.4
   56.8  20080  -67.1  -90.5      2   0.00     91   25.2  467.5  467.5  467.5
   56.7  20089  -67.1  -90.5      2   0.00     91   25.1  467.8  467.8  467.8
   56.6  20099  -67.1  -90.5      2   0.00     91   25.0  468.2  468.2  468.2
   56.5  20109  -66.9  -90.5      2   0.00     91   25.0  468.8  468.8  468.8
   56.4  20118  -66.5  -90.3      2   0.00     90   24.9  469.8  469.8  469.8
   56.3  20137  -66.1  -90.2      2   0.00     90   24.7  471.0  471.0  471.0
   56.2  20146  -66.0  -90.2      2   0.00     90   24.6  471.5  471.5  471.5
   56.1  20155  -65.9  -90.2      2   0.00     90   24.5  472.0  472.0  472.0
   56.0  20165  -65.8  -90.3      2   0.00     90   24.3  472.3  472.4  472.3
   55.9  20175  -65.8  -90.4      2   0.00     90   24.2  472.6  472.6  472.6
   55.8  20185  -65.8  -90.4      2   0.00     89   24.1  472.9  472.9  472.9
   55.7  20194  -65.8  -90.5      2   0.00     89   23.9  473.2  473.2  473.2
   55.6  20205  -65.8  -90.5      2   0.00     89   23.8  473.4  473.4  473.4
   55.5  20215  -65.8  -90.6      2   0.00     89   23.6  473.7  473.7  473.7
   55.4  20235  -65.8  -90.6      2   0.00     88   23.3  473.8  473.8  473.8
   55.3  20245  -65.9  -90.7      2   0.00     88   23.1  474.0  474.0  474.0
   55.2  20255  -65.9  -90.7      2   0.00     88   23.0  474.2  474.2  474.2
   55.1  20265  -65.9  -90.7      2   0.00     87   22.9  474.5  474.5  474.5
   55.0  20275  -65.8  -90.6      2   0.00     87   22.8  474.8  474.8  474.8
   54.9  20284  -65.8  -90.6      2   0.00     87   22.8  475.1  475.1  475.1
   54.8  20294  -65.8  -90.6      2   0.00     86   22.7  475.3  475.4  475.3
   54.7  20304  -65.8  -90.6      2   0.00     86   22.6  475.6  475.6  475.6
   54.6  20324  -65.8  -90.5      2   0.00     85   22.5  476.0  476.0  476.0
   54.5  20334  -65.7  -90.5      2   0.00     85   22.4  476.3  476.3  476.3
   54.4  20344  -65.7  -90.5      2   0.00     85   22.4  476.6  476.6  476.6
   54.3  20356  -65.7  -90.5      2   0.00     85   22.3  476.9  476.9  476.9
   54.2  20367  -65.6  -90.5      2   0.00     84   22.3  477.3  477.3  477.3
   54.1  20376  -65.5  -90.5      2   0.00     84   22.3  477.7  477.7  477.7
   54.0  20387  -65.5  -90.5      2   0.00     84   22.2  478.1  478.1  478.1
   53.9  20397  -65.4  -90.4      2   0.00     84   22.3  478.5  478.5  478.5
   53.8  20408  -65.3  -90.4      2   0.00     83   22.3  479.1  479.1  479.1
   53.7  20418  -65.2  -90.3      2   0.00     83   22.4  479.6  479.6  479.6
   53.6  20429  -65.1  -90.3      2   0.00     83   22.5  480.0  480.0  480.0
   53.5  20440  -65.0  -90.3      2   0.00     83   22.7  480.4  480.4  480.4
   53.4  20450  -65.0  -90.4      2   0.00     82   22.9  480.7  480.7  480.7
   53.3  20461  -65.0  -90.4      2   0.00     82   23.1  480.9  480.9  480.9
   53.2  20482  -65.0  -90.5      2   0.00     81   23.6  481.2  481.3  481.2
   53.1  20493  -65.0  -90.6      2   0.00     81   23.8  481.4  481.4  481.4
   53.0  20505  -65.1  -90.6      2   0.00     81   24.0  481.6  481.6  481.6
   52.9  20517  -65.1  -90.6      2   0.00     80   24.3  481.9  481.9  481.9
   52.8  20527  -64.9  -90.6      2   0.00     80   24.5  482.5  482.5  482.5
   52.7  20537  -64.8  -90.5      2   0.00     80   24.7  483.0  483.1  483.0
   52.6  20549  -64.7  -90.4      2   0.00     80   24.8  483.5  483.5  483.5
   52.5  20560  -64.7  -90.3      2   0.00     80   25.0  483.9  483.9  483.9
   52.4  20572  -64.6  -90.3      2   0.00     81   25.0  484.2  484.2  484.2
   52.3  20583  -64.6  -90.3      2   0.00     81   25.1  484.5  484.5  484.5
   52.2  20595  -64.6  -90.2      2   0.00     81   25.1  484.9  484.9  484.9
   52.1  20607  -64.6  -90.2      2   0.00     81   25.1  485.2  485.2  485.2
   52.0  20618  -64.5  -90.0      2   0.00     81   25.1  485.7  485.7  485.7
   51.9  20630  -64.4  -90.0      2   0.00     82   25.0  486.1  486.1  486.1
   51.8  20641  -64.5  -90.0      2   0.00     82   24.9  486.2  486.2  486.2
   51.7  20653  -64.6  -90.0      2   0.00     82   24.8  486.3  486.3  486.3
   51.6  20664  -64.7  -90.0      2   0.00     82   24.7  486.3  486.3  486.3
   51.5  20675  -64.8  -90.1      2   0.00     82   24.5  486.3  486.3  486.3
   51.4  20686  -64.9  -90.1      2   0.00     83   24.4  486.3  486.3  486.3
   51.3  20697  -65.0  -90.1      2   0.00     83   24.2  486.3  486.3  486.3
   51.2  20708  -65.1  -90.1      2   0.00     83   24.1  486.3  486.4  486.3
   51.1  20719  -65.2  -90.2      2   0.00     82   23.9  486.4  486.4  486.4
   51.0  20729  -65.3  -90.2      2   0.00     82   23.7  486.4  486.4  486.4
   50.9  20752  -65.5  -90.4      2   0.00     82   23.4  486.2  486.2  486.2
   50.8  20763  -65.5  -90.4      2   0.00     82   23.3  486.6  486.6  486.6
   50.7  20775  -65.2  -90.3      2   0.00     81   23.2  487.5  487.5  487.5
   50.6  20786  -65.0  -90.2      2   0.00     81   23.1  488.2  488.2  488.2
   50.5  20797  -65.0  -90.3      2   0.00     81   23.0  488.5  488.5  488.5
   50.4  20808  -65.0  -90.4      2   0.00     80   23.0  488.9  488.9  488.9
   50.3  20819  -64.9  -90.5      2   0.00     80   22.9  489.2  489.2  489.2
   50.2  20830  -64.9  -90.6      2   0.00     80   22.9  489.6  489.6  489.6
   50.1  20840  -64.7  -90.6      2   0.00     79   23.0  490.3  490.3  490.3
   50.0  20856  -64.3  -90.5      2   0.00     79   23.1  491.4  491.5  491.4
   49.9  20872  -64.2  -90.6      2   0.00     79   23.1  492.1  492.1  492.1
   49.8  20882  -64.2  -90.7      2   0.00     79   23.2  492.2  492.3  492.2
   49.7  20893  -64.3  -90.8      2   0.00     79   23.3  492.4  492.4  492.4
   49.6  20904  -64.2  -90.8      2   0.00     79   23.5  492.9  492.9  492.9
   49.5  20915  -64.1  -90.8      2   0.00     79   23.6  493.4  493.4  493.4
   49.4  20925  -64.1  -90.8      2   0.00     79   23.8  493.7  493.7  493.7
   49.3  20945  -63.9  -90.6      2   0.00     79   24.0  494.6  494.6  494.6
   49.2  20956  -63.7  -90.5      2   0.00     79   24.1  495.2  495.2  495.2
   49.1  20966  -63.7  -90.4      2   0.00     79   24.1  495.6  495.6  495.6
   49.0  20977  -63.7  -90.4      2   0.00     79   24.2  495.8  495.8  495.8
   48.9  20989  -63.8  -90.4      2   0.00     78   24.2  496.0  496.0  496.0
   48.8  21000  -63.8  -90.4      2   0.00     78   24.2  496.1  496.2  496.1
   48.7  21022  -63.8  -90.3      2   0.00     78   24.2  496.4  496.4  496.4
   48.6  21032  -63.8  -90.3      2   0.00     77   24.2  496.6  496.7  496.6
   48.5  21042  -63.9  -90.4      2   0.00     77   24.2  496.8  496.8  496.8
   48.4  21053  -64.0  -90.4      2   0.00     77   24.2  496.9  497.0  496.9
   48.3  21063  -64.0  -90.4      2   0.00     77   24.2  497.2  497.2  497.2
   48.2  21074  -64.0  -90.4      2   0.00     77   24.1  497.5  497.5  497.5
   48.1  21095  -63.7  -90.3      2   0.00     77   24.1  498.3  498.4  498.3
   48.0  21105  -63.7  -90.3      2   0.00     77   24.1  498.8  498.8  498.8
   47.9  21116  -63.5  -90.3      2   0.00     78   24.0  499.5  499.5  499.5
   47.8  21126  -63.4  -90.3      2   0.00     78   23.9  500.1  500.1  500.1
   47.7  21147  -63.2  -90.3      1   0.00     80   23.8  500.8  500.8  500.8
   47.6  21157  -63.1  -90.3      1   0.00     80   23.8  501.3  501.4  501.3
   47.5  21167  -63.0  -90.3      1   0.00     81   23.7  501.9  501.9  501.9
   47.4  21186  -62.8  -90.3      1   0.00     83   23.5  502.6  502.6  502.6
   47.3  21196  -62.8  -90.3      1   0.00     84   23.5  503.0  503.0  503.0
   47.2  21206  -62.8  -90.3      1   0.00     85   23.4  503.4  503.4  503.4
   47.1  21216  -62.8  -90.3      1   0.00     85   23.4  503.6  503.7  503.6
   47.0  21235  -62.8  -90.2      1   0.00     86   23.4  503.9  503.9  503.9
   46.9  21246  -62.8  -90.2      1   0.00     86   23.4  504.1  504.2  504.1
   46.8  21256  -62.8  -90.1      1   0.00     87   23.4  504.5  504.5  504.5
   46.7  21276  -62.8  -90.0      1   0.00     87   23.4  504.9  504.9  504.9
   46.6  21285  -62.8  -90.0      1   0.00     87   23.4  505.2  505.2  505.2
   46.5  21295  -62.8  -90.0      1   0.00     87   23.5  505.5  505.5  505.5
   46.4  21314  -62.6  -89.9      1   0.00     87   23.6  506.2  506.2  506.2
   46.3  21323  -62.5  -89.8      1   0.00     86   23.7  506.7  506.7  506.7
   46.2  21342  -62.5  -89.7      1   0.00     86   23.8  507.2  507.2  507.2
   46.1  21352  -62.4  -89.7      1   0.00     86   23.8  507.5  507.6  507.5
   46.0  21362  -62.4  -89.7      1   0.00     86   23.9  507.9  507.9  507.9
   45.9  21381  -62.4  -89.7      1   0.00     86   24.0  508.4  508.4  508.4
   45.8  21390  -62.4  -89.7      1   0.00     86   24.0  508.6  508.7  508.7
   45.7  21409  -62.4  -89.7      1   0.00     86   24.0  508.9  508.9  508.9
   45.6  21419  -62.4  -89.8      1   0.00     86   24.0  509.2  509.2  509.2
   45.5  21437  -62.4  -89.8      1   0.00     86   24.0  509.6  509.6  509.6
   45.4  21447  -62.3  -89.8      1   0.00     86   24.0  510.0  510.1  510.0
   45.3  21456  -62.2  -89.7      1   0.00     87   24.0  510.8  510.8  510.8
   45.2  21475  -61.9  -89.6      1   0.00     87   24.0  511.8  511.9  511.8
   45.1  21485  -61.8  -89.5      1   0.00     87   24.0  512.3  512.3  512.3
   45.0  21504  -61.8  -89.5      1   0.00     87   24.1  512.5  512.5  512.5
   44.9  21514  -61.9  -89.5      1   0.00     88   24.1  512.8  512.8  512.8
   44.8  21525  -61.9  -89.5      1   0.00     88   24.1  513.0  513.0  513.0
   44.7  21545  -62.1  -89.6      1   0.00     89   24.0  512.9  512.9  512.9
   44.6  21555  -62.2  -89.6      1   0.00     89   24.0  513.0  513.0  513.0
   44.5  21566  -62.2  -89.6      1   0.00     90   24.0  513.2  513.2  513.2
   44.4  21584  -62.3  -89.7      1   0.00     91   23.8  513.4  513.4  513.4
   44.3  21594  -62.2  -89.6      1   0.00     92   23.7  514.0  514.0  514.0
   44.2  21615  -62.0  -89.5      1   0.00     93   23.4  514.9  514.9  514.9
   44.1  21625  -61.9  -89.5      1   0.00     94   23.2  515.3  515.3  515.3
   44.0  21636  -61.9  -89.5      1   0.00     95   23.1  515.7  515.7  515.7
   43.9  21656  -61.8  -89.4      1   0.00     96   22.7  516.4  516.4  516.4
   43.8  21667  -61.7  -89.4      1   0.00     96   22.5  516.8  516.9  516.8
   43.7  21687  -61.7  -89.4      1   0.00     97   22.1  517.3  517.3  517.3
   43.6  21698  -61.7  -89.4      1   0.00     97   21.9  517.5  517.5  517.5
   43.5  21709  -61.8  -89.5      1   0.00     98   21.6  517.7  517.7  517.7
   43.4  21731  -61.9  -89.5      1   0.00     98   21.1  517.8  517.8  517.8
   43.3  21743  -61.8  -89.5      1   0.00     98   20.8  518.2  518.3  518.2
   43.2  21754  -61.7  -89.5      1   0.00     98   20.5  518.8  518.9  518.8
   43.1  21765  -61.7  -89.5      1   0.00     98   20.3  519.3  519.3  519.3
   43.0  21787  -61.5  -89.5      1   0.00     97   19.8  519.9  520.0  519.9
   42.9  21798  -61.5  -89.5      1   0.00     97   19.7  520.5  520.5  520.5
   42.8  21810  -61.4  -89.5      1   0.00     96   19.5  520.9  521.0  520.9
   42.7  21821  -61.4  -89.5      1   0.00     96   19.4  521.4  521.4  521.4
   42.6  21843  -60.9  -89.3      1   0.00     95   19.3  522.8  522.8  522.8
   42.5  21854  -60.8  -89.3      1   0.00     94   19.3  523.4  523.4  523.4
   42.4  21875  -60.7  -89.4      1   0.00     93   19.4  524.1  524.1  524.1
   42.3  21886  -60.6  -89.3      1   0.00     92   19.5  524.7  524.7  524.7
   42.2  21896  -60.5  -89.3      1   0.00     92   19.7  525.4  525.4  525.4
   42.1  21918  -60.2  -89.1      1   0.00     90   20.0  526.5  526.5  526.5
   42.0  21929  -60.1  -89.1      1   0.00     90   20.3  527.0  527.0  527.0
   41.9  21940  -60.1  -89.0      1   0.00     89   20.5  527.3  527.3  527.3
   41.8  21962  -60.2  -89.0      1   0.00     88   21.0  527.6  527.6  527.6
   41.7  21972  -60.2  -89.0      1   0.00     87   21.3  527.8  527.8  527.8
   41.6  21984  -60.3  -89.0      1   0.00     87   21.7  528.0  528.1  528.0
   41.5  22009  -60.4  -88.9      1   0.00     86   22.4  528.1  528.1  528.1
   41.4  22020  -60.5  -88.9      1   0.00     86   22.8  528.2  528.2  528.2
   41.3  22032  -60.6  -88.9      1   0.00     85   23.1  528.4  528.4  528.4
   41.2  22044  -60.7  -88.9      1   0.00     85   23.5  528.5  528.6  528.5
   41.1  22067  -60.8  -88.9      1   0.00     84   24.3  528.6  528.6  528.6
   41.0  22078  -60.8  -88.9      1   0.00     84   24.6  528.9  528.9  528.9
   40.9  22089  -60.8  -88.8      1   0.00     84   24.9  529.3  529.3  529.3
   40.8  22112  -60.8  -88.8      1   0.00     84   25.4  529.8  529.8  529.8
   40.7  22124  -60.8  -88.8      1   0.00     84   25.6  530.1  530.1  530.1
   40.6  22135  -60.8  -88.7      1   0.00     84   25.7  530.4  530.5  530.4
   40.5  22159  -60.7  -88.6      1   0.00     85   25.8  530.9  530.9  530.9
   40.4  22171  -60.8  -88.7      1   0.00     85   25.8  531.1  531.1  531.1
   40.3  22183  -60.9  -88.7      1   0.00     86   25.8  531.4  531.4  531.4
   40.2  22207  -61.0  -88.7      1   0.00     86   25.7  531.4  531.4  531.4
   40.1  22219  -61.1  -88.7      1   0.00     87   25.6  531.5  531.6  531.5
   40.0  22231  -61.2  -88.8      1   0.00     87   25.5  531.7  531.7  531.7
   39.9  22242  -61.3  -88.8      1   0.00     87   25.4  531.9  531.9  531.9
   39.8  22265  -61.4  -88.9      1   0.00     88   25.3  532.0  532.0  532.0
   39.7  22278  -61.4  -88.9      1   0.00     88   25.2  532.3  532.3  532.3
   39.6  22290  -61.3  -88.9      1   0.00     89   25.2  532.9  532.9  532.9
   39.5  22316  -61.3  -88.8      1   0.00     89   25.3  533.4  533.4  533.4
   39.4  22327  -61.3  -88.8      1   0.00     89   25.3  533.7  533.7  533.7
   39.3  22340  -61.4  -88.9      2   0.00     89   25.4  533.9  534.0  533.9
   39.2  22352  -61.4  -88.9      2   0.00     89   25.5  534.2  534.2  534.2
   39.1  22376  -61.5  -88.9      2   0.00     89   25.7  534.4  534.4  534.4
   39.0  22388  -61.5  -88.9      2   0.00     89   25.8  534.7  534.8  534.7
   38.9  22411  -61.6  -88.9      2   0.00     89   25.9  534.9  534.9  534.9
   38.8  22424  -61.7  -88.9      2   0.00     90   26.0  535.0  535.1  535.0
   38.7  22436  -61.8  -89.0      2   0.00     90   26.0  535.2  535.3  535.2
   38.6  22449  -61.8  -89.0      2   0.00     90   26.0  535.5  535.5  535.5
   38.5  22473  -62.0  -89.1      2   0.00     91   25.8  535.5  535.6  535.5
   38.4  22485  -62.0  -89.1      2   0.00     91   25.7  535.9  536.0  535.9
   38.3  22498  -61.9  -89.1      2   0.00     91   25.6  536.4  536.4  536.4
   38.2  22524  -62.0  -89.1      2   0.00     92   25.3  536.7  536.7  536.7
   38.1  22536  -62.1  -89.1      2   0.00     93   25.1  536.9  537.0  536.9
   38.0  22549  -62.1  -89.2      2   0.00     93   24.9  537.2  537.3  537.2
   37.9  22561  -62.1  -89.2      2   0.00     94   24.7  537.5  537.6  537.5
   37.8  22585  -62.2  -89.3      2   0.00     95   24.4  537.9  537.9  537.9
   37.7  22597  -62.2  -89.3      2   0.00     96   24.2  538.2  538.2  538.2
   37.6  22620  -62.2  -89.5      2   0.00     97   23.9  538.5  538.5  538.5
   37.5  22631  -62.3  -89.5      1   0.00     97   23.8  538.8  538.9  538.8
   37.4  22643  -62.3  -89.6      1   0.00     98   23.7  539.3  539.3  539.3
   37.3  22666  -62.2  -89.7      1   0.00     98   23.5  539.7  539.8  539.7
   37.2  22678  -62.1  -89.7      1   0.00     98   23.4  540.4  540.4  540.4
   37.1  22702  -61.9  -89.6      1   0.00     98   23.3  541.4  541.4  541.4
   37.0  22713  -61.8  -89.6      1   0.00     98   23.3  542.0  542.1  542.0
   36.9  22725  -61.8  -89.6      1   0.00     97   23.3  542.6  542.6  542.6
   36.8  22748  -61.4  -89.5      1   0.00     96   23.4  543.9  543.9  543.9
   36.7  22759  -61.4  -89.5      1   0.00     96   23.5  544.5  544.5  544.5
   36.6  22782  -61.1  -89.4      1   0.00     94   23.7  545.5  545.6  545.5
   36.5  22794  -61.0  -89.4      1   0.00     93   23.9  546.2  546.2  546.2
   36.4  22816  -61.1  -89.4      1   0.00     92   24.3  546.5  546.5  546.5
   36.3  22827  -61.1  -89.4      1   0.00     91   24.5  546.9  546.9  546.9
   36.2  22849  -61.1  -89.3      1   0.00     90   24.8  547.4  547.4  547.4
   36.1  22871  -61.1  -89.2      1   0.00     89   25.1  547.8  547.9  547.8
   36.0  22882  -61.1  -89.2      1   0.00     89   25.2  548.2  548.2  548.2
   35.9  22906  -61.2  -89.1      1   0.00     89   25.2  548.4  548.4  548.4
   35.8  22917  -61.2  -89.1      1   0.00     89   25.1  548.7  548.8  548.7
   35.7  22937  -61.3  -89.0      1   0.00     89   24.8  549.0  549.1  549.0
   35.6  22948  -61.3  -89.0      1   0.00     89   24.6  549.4  549.4  549.4
   35.5  22970  -61.4  -89.0      1   0.00     90   24.2  549.5  549.6  549.5
   35.4  22993  -61.5  -88.9      1   0.00     91   23.7  549.9  549.9  549.9
   35.3  23004  -61.5  -88.9      2   0.00     91   23.5  550.2  550.2  550.2
   35.2  23026  -61.6  -89.0      2   0.00     92   23.1  550.3  550.3  550.3
   35.1  23036  -61.7  -89.0      2   0.00     93   23.0  550.6  550.6  550.6
   35.0  23058  -61.9  -89.0      2   0.00     94   22.7  550.6  550.6  550.6
   34.9  23079  -62.0  -89.1      2   0.00     95   22.4  550.6  550.6  550.6
   34.8  23090  -62.1  -89.2      2   0.00     96   22.3  550.9  550.9  550.9
   34.7  23109  -62.2  -89.2      2   0.00     96   22.2  551.1  551.1  551.1
   34.6  23129  -62.3  -89.3      2   0.00     96   22.1  551.4  551.4  551.4
   34.5  23147  -62.3  -89.4      2   0.00     96   22.0  551.8  551.8  551.8
   34.4  23166  -62.3  -89.4      2   0.00     95   22.0  552.2  552.2  552.2
   34.3  23187  -62.3  -89.5      2   0.00     94   21.9  552.6  552.7  552.6
   34.2  23196  -62.3  -89.5      2   0.00     94   21.9  553.1  553.1  553.1
   34.1  23215  -62.3  -89.5      2   0.00     93   21.9  553.5  553.5  553.5
   34.0  23234  -62.4  -89.6      2   0.00     92   21.9  553.7  553.7  553.7
   33.9  23254  -62.5  -89.7      1   0.00     91   22.1  554.0  554.1  554.0
   33.8  23273  -62.4  -89.7      1   0.00     91   22.3  554.7  554.8  554.7
   33.7  23290  -62.3  -89.7      1   0.00     90   22.5  555.4  555.4  555.4
   33.6  23307  -62.2  -89.7      1   0.00     89   22.9  556.2  556.3  556.2
   33.5  23325  -62.0  -89.7      1   0.00     88   23.3  557.2  557.3  557.2
   33.4  23344  -61.8  -89.7      1   0.00     87   23.6  558.2  558.2  558.2
   33.3  23362  -61.6  -89.7      1   0.00     86   24.0  559.1  559.2  559.1
   33.2  23380  -61.5  -89.7      1   0.00     85   24.4  559.9  560.0  559.9
   33.1  23398  -61.4  -89.7      1   0.00     84   24.8  560.6  560.6  560.6
   33.0  23417  -61.3  -89.6      1   0.00     83   25.2  561.3  561.4  561.3
   32.9  23435  -61.2  -89.5      1   0.00     83   25.5  562.1  562.1  562.1
   32.8  23460  -61.3  -89.5      1   0.00     83   26.0  562.4  562.4  562.4
   32.7  23477  -61.4  -89.5      1   0.00     83   26.3  562.8  562.8  562.8
   32.6  23493  -61.3  -89.5      1   0.00     83   26.6  563.5  563.6  563.5
   32.5  23517  -61.1  -89.4      1   0.00     84   27.1  564.4  564.4  564.4
   32.4  23534  -61.1  -89.5      1   0.00     84   27.4  564.9  564.9  564.9
   32.3  23550  -61.0  -89.5      1   0.00     84   27.6  565.6  565.7  565.6
   32.2  23574  -60.7  -89.4      1   0.00     86   27.9  566.9  567.0  566.9
   32.1  23590  -60.6  -89.4      1   0.00     87   28.0  567.7  567.7  567.7
   32.0  23606  -60.5  -89.3      1   0.00     88   28.0  568.5  568.6  568.5
   31.9  23630  -60.1  -89.1      1   0.00     90   27.8  570.2  570.2  570.2
   31.8  23647  -60.0  -89.1      1   0.00     92   27.6  571.0  571.1  571.0
   31.7  23665  -59.9  -89.1      1   0.00     94   27.3  571.6  571.6  571.6
   31.6  23691  -59.9  -89.1      1   0.00     96   26.7  572.1  572.1  572.1
   31.5  23709  -60.0  -89.1      1   0.00     98   26.3  572.5  572.5  572.5
   31.4  23726  -59.8  -89.0      1   0.00    100   26.0  573.5  573.5  573.5
   31.3  23745  -59.6  -88.9      1   0.00    101   25.6  574.7  574.7  574.7
   31.2  23764  -59.5  -88.9      1   0.00    103   25.4  575.5  575.5  575.5
   31.1  23784  -59.4  -88.9      1   0.00    103   25.3  576.1  576.1  576.1
   31.0  23804  -59.4  -88.9      1   0.00    104   25.2  576.7  576.8  576.7
   30.9  23826  -59.1  -88.7      1   0.00    104   25.1  578.1  578.2  578.1
   30.8  23847  -58.9  -88.5      1   0.01    103   25.0  579.0  579.1  579.0
   30.7  23869  -58.9  -88.4      1   0.01    103   24.9  579.7  579.7  579.7
   30.6  23891  -59.0  -88.4      1   0.01    102   24.8  579.9  579.9  579.9
   30.5  23914  -59.1  -88.4      1   0.01    102   24.6  580.1  580.1  580.1
   30.4  23937  -59.3  -88.3      1   0.01    101   24.4  580.2  580.3  580.2
   30.3  23949  -59.3  -88.3      1   0.01    101   24.3  580.6  580.7  580.6
   30.2  23972  -59.5  -88.3      1   0.01    100   24.0  580.8  580.8  580.8
   30.1  23997  -59.6  -88.3      1   0.01    100   23.6  581.1  581.1  581.1
   30.0  24019  -59.5  -88.2      1   0.01    100   23.5  581.9  582.0  581.9
   29.9  24035  -59.4  -88.2      1   0.01    100   23.1  582.5  582.6  582.5
   29.8  24059  -59.6  -88.2      1   0.01    100   22.7  582.8  582.8  582.8
   29.7  24084  -59.7  -88.2      1   0.01    100   22.3  582.9  582.9  582.9
   29.6  24097  -59.8  -88.3      1   0.01    100   22.1  583.2  583.2  583.2
   29.5  24123  -60.0  -88.3      1   0.01    100   21.6  583.3  583.4  583.3
   29.4  24135  -60.0  -88.3      1   0.01    100   21.4  583.7  583.8  583.7
   29.3  24161  -60.2  -88.4      1   0.01    100   20.9  584.0  584.0  584.0
   29.2  24187  -60.3  -88.4      1   0.01    100   20.5  584.2  584.2  584.2
   29.1  24200  -60.4  -88.4      1   0.01    100   20.4  584.5  584.6  584.5
   29.0  24227  -60.5  -88.5      1   0.01     99   20.1  584.7  584.8  584.7
   28.9  24254  -60.7  -88.5      1   0.01     99   20.0  584.9  584.9  584.9
   28.8  24268  -60.7  -88.5      1   0.01     99   20.0  585.3  585.4  585.3
   28.7  24293  -60.9  -88.6      1   0.01    100   20.0  585.5  585.5  585.5
   28.6  24307  -61.0  -88.7      1   0.01    100   20.1  585.8  585.9  585.8
   28.5  24336  -61.1  -88.8      1   0.01    101   20.2  586.0  586.0  586.0
   28.4  24363  -61.1  -88.8      1   0.01    101   20.3  586.6  586.7  586.6
   28.3  24377  -61.1  -88.8      1   0.01    102   20.4  587.3  587.4  587.3
   28.2  24405  -61.1  -89.0      1   0.01    102   20.5  587.7  587.7  587.7
   28.1  24420  -61.2  -89.1      1   0.01    103   20.5  588.1  588.2  588.1
   28.0  24450  -61.2  -89.2      1   0.00    102   20.4  588.6  588.7  588.6
   27.9  24464  -61.2  -89.3      1   0.00    102   20.3  589.2  589.2  589.2
   27.8  24491  -61.1  -89.3      1   0.00    100   20.1  590.3  590.3  590.3
   27.7  24505  -60.9  -89.2      1   0.00     99   19.9  591.3  591.3  591.3
   27.6  24533  -60.8  -89.2      1   0.01     97   19.5  592.4  592.4  592.4
   27.5  24563  -60.6  -89.3      1   0.01     93   19.0  593.3  593.4  593.3
   27.4  24577  -60.7  -89.3      1   0.00     91   18.8  593.8  593.9  593.8
   27.3  24607  -60.6  -89.4      1   0.00     87   18.3  594.6  594.6  594.6
   27.2  24620  -60.6  -89.4      1   0.00     85   18.1  595.3  595.4  595.3
   27.1  24647  -60.2  -89.2      1   0.01     81   17.7  597.0  597.0  597.0
   27.0  24673  -60.2  -89.3      1   0.01     78   17.5  597.6  597.7  597.6
   26.9  24699  -60.1  -89.2      1   0.01     75   17.5  598.6  598.6  598.6
   26.8  24712  -60.1  -89.2      1   0.01     73   17.5  599.2  599.3  599.2
   26.7  24738  -59.9  -89.1      1   0.01     71   17.8  600.4  600.5  600.4
   26.6  24764  -59.7  -89.0      1   0.01     68   18.3  601.5  601.5  601.5
   26.5  24789  -59.5  -88.8      1   0.01     66   18.9  602.8  602.8  602.8
   26.4  24814  -59.5  -88.7      1   0.01     65   19.6  603.6  603.6  603.6
   26.3  24840  -59.6  -88.8      1   0.01     63   20.3  603.9  603.9  603.9
   26.2  24853  -59.7  -88.8      1   0.01     62   20.7  604.3  604.4  604.3
   26.1  24875  -59.8  -88.9      1   0.01     61   21.4  604.6  604.7  604.6
   26.0  24911  -59.5  -88.6      1   0.01     60   22.4  606.2  606.3  606.2
   25.9  24934  -59.5  -88.6      1   0.01     60   23.0  606.8  606.8  606.8
   25.8  24958  -59.6  -88.7      1   0.01     60   23.6  607.1  607.2  607.1
   25.7  24980  -59.6  -88.6      1   0.01     60   24.2  607.9  608.0  607.9
   25.6  25004  -59.6  -88.7      1   0.01     60   24.8  608.5  608.5  608.5
   25.5  25027  -59.8  -88.8      1   0.01     60   25.4  608.7  608.7  608.7
   25.4  25050  -59.6  -88.7      1   0.01     60   26.0  609.9  610.0  609.9
   25.3  25072  -59.5  -88.5      1   0.01     60   26.7  611.0  611.1  611.0
   25.2  25105  -59.5  -88.6      1   0.01     60   27.6  611.6  611.7  611.6
   25.1  25127  -59.4  -88.5      1   0.01     61   28.3  612.4  612.5  612.4
   25.0  25150  -59.5  -88.6      1   0.01     62   29.0  612.9  613.0  612.9
   24.9  25173  -59.6  -88.8      1   0.01     63   29.6  613.3  613.3  613.3
   24.8  25196  -59.4  -88.7      1   0.01     63   30.2  614.5  614.6  614.5
   24.7  25219  -58.9  -88.4      1   0.01     64   30.7  616.8  616.8  616.8
   24.6  25253  -58.8  -88.3      1   0.01     65   31.2  617.7  617.8  617.7
   24.5  25277  -58.9  -88.3      1   0.01     65   31.4  618.1  618.2  618.1
   24.4  25303  -59.2  -88.4      1   0.01     66   31.5  618.2  618.2  618.2
   24.3  25327  -59.4  -88.4      1   0.01     67   31.6  618.2  618.3  618.2
   24.2  25352  -59.6  -88.4      1   0.01     68   31.7  618.4  618.4  618.4
   24.1  25375  -59.8  -88.4      1   0.01     69   31.8  618.6  618.7  618.6
   24.0  25400  -59.9  -88.4      1   0.01     70   31.9  619.1  619.2  619.1
   23.9  25425  -59.9  -88.3      1   0.01     71   32.1  619.8  619.9  619.8
   23.8  25452  -60.0  -88.4      1   0.01     72   32.3  620.2  620.2  620.2
   23.7  25478  -60.1  -88.4      1   0.01     73   32.6  620.6  620.7  620.6
   23.6  25504  -60.1  -88.4      1   0.01     74   32.9  621.5  621.5  621.5
   23.5  25530  -60.2  -88.5      1   0.01     75   33.2  622.0  622.0  622.0
   23.4  25569  -60.4  -88.7      1   0.01     76   33.7  622.1  622.1  622.1
   23.3  25594  -60.5  -88.8      1   0.01     78   34.0  622.4  622.5  622.4
   23.2  25618  -60.5  -88.9      1   0.01     79   34.2  623.1  623.2  623.1
   23.1  25642  -60.3  -88.9      1   0.01     79   34.3  624.6  624.6  624.6
   23.0  25668  -60.4  -89.1      1   0.01     80   34.4  624.9  625.0  625.0
   22.9  25693  -60.3  -89.1      1   0.01     81   34.4  626.1  626.1  626.1
   22.8  25720  -60.0  -89.1      1   0.01     82   34.5  627.7  627.8  627.7
   22.7  25745  -59.8  -89.0      1   0.01     83   34.6  629.3  629.3  629.3
   22.6  25782  -59.5  -89.0      1   0.01     85   34.8  630.8  630.8  630.8
   22.5  25808  -59.4  -89.0      1   0.01     85   35.0  632.0  632.1  632.0
   22.4  25832  -59.3  -89.0      1   0.01     86   35.2  633.1  633.1  633.1
   22.3  25857  -59.3  -89.0      1   0.01     86   35.3  633.9  634.0  633.9
   22.2  25893  -59.0  -88.9      1   0.01     86   35.6  635.6  635.7  635.6
   22.1  25918  -58.8  -88.8      1   0.01     85   35.8  636.9  637.0  636.9
   22.0  25942  -58.8  -88.9      1   0.01     85   36.1  637.8  637.9  637.9
   21.9  25977  -58.6  -89.0      1   0.01     85   36.5  639.2  639.3  639.2
   21.8  25999  -58.0  -88.7      1   0.01     85   36.8  641.9  641.9  641.9
   21.7  26034  -57.3  -88.4      1   0.01     85   37.2  644.8  644.8  644.8
   21.6  26066  -57.0  -88.3      1   0.01     84   37.5  646.4  646.5  646.4
   21.5  26086  -57.0  -88.3      1   0.01     83   37.6  647.4  647.5  647.4
   21.4  26116  -56.7  -88.0      1   0.01     83   37.7  649.1  649.2  649.1
   21.3  26149  -56.7  -87.8      1   0.01     83   37.8  650.2  650.2  650.2
   21.2  26182  -56.5  -87.5      1   0.01     83   37.8  651.6  651.7  651.6
   21.1  26213  -56.5  -87.4      1   0.01     83   37.7  652.4  652.5  652.4
   21.0  26244  -56.6  -87.4      1   0.01     84   37.5  653.0  653.0  653.0
   20.9  26264  -56.6  -87.4      1   0.01     84   37.2  653.8  653.8  653.8
   20.8  26295  -56.6  -87.4      1   0.01     85   36.8  654.9  655.0  654.9
   20.7  26325  -56.0  -87.2      1   0.01     86   36.3  657.6  657.7  657.6
   20.6  26363  -55.8  -87.3      1   0.01     87   36.0  659.1  659.2  659.1
   20.5  26392  -55.5  -87.3      1   0.01     87   36.0  660.8  660.9  660.8
   20.4  26421  -55.3  -87.3      1   0.01     87   36.2  662.3  662.4  662.3
   20.3  26450  -54.7  -87.0      1   0.01     87   36.3  665.2  665.3  665.2
   20.2  26490  -54.1  -86.9      1   0.01     87   36.3  668.0  668.1  668.0
   20.1  26519  -53.5  -86.7      1   0.01     87   35.9  670.8  670.9  670.8
   20.0  26560  -52.9  -86.5      1   0.01     87   35.3  673.3  673.5  673.3
   19.9  26581  -52.4  -86.2      1   0.01     88   34.5  676.0  676.1  676.0
   19.8  26613  -52.3  -86.0      1   0.01     88   33.6  677.4  677.5  677.4
   19.7  26643  -52.1  -85.7      1   0.01     87   32.7  679.0  679.1  679.0
   19.6  26675  -52.0  -85.5      1   0.01     86   31.9  680.2  680.3  680.2
   19.5  26717  -52.0  -85.0      1   0.01     84   31.2  681.3  681.4  681.3
   19.4  26751  -51.9  -85.2      1   0.01     83   30.9  682.4  682.6  682.4
   19.3  26775  -51.9  -85.3      1   0.01     82   30.8  683.4  683.5  683.4
   19.2  26810  -52.0  -85.1      1   0.01     81   30.7  684.2  684.4  684.3
