Latitude: 22.312 Longitude: 114.17
-----------------------------------------------------------------------------
   PRES   HGHT   TEMP   DWPT   RELH   MIXR   DRCT   SPED   THTA   THTE   THTV
    hPa      m      C      C      %   g/kg    deg    m/s      K      K      K 
-----------------------------------------------------------------------------
 1003.0     66   27.8   25.8     89  21.34      0    0.0  300.7  363.8  304.5
 1001.1     83   27.5   25.6     89  21.07     82    0.9  300.6  362.8  304.4
 1000.1     91   27.5   25.5     89  20.95     83    1.1  300.6  362.5  304.4
 1000.0     92   27.5   25.5     89  20.95     85    1.1  300.6  362.5  304.4
  999.0    102   27.6   25.5     88  20.99     85    1.1  300.9  363.0  304.6
  997.9    111   27.7   25.5     88  21.05     86    1.0  301.0  363.4  304.8
  996.8    121   27.6   25.4     88  20.95     88    1.0  301.0  363.0  304.7
  995.5    132   27.5   25.4     88  20.99     89    1.0  301.0  363.2  304.8
  994.3    143   27.5   25.4     89  21.00     91    0.9  301.1  363.3  304.9
  993.3    152   27.4   25.4     89  21.00     93    0.8  301.1  363.3  304.9
  992.3    161   27.4   25.4     89  21.01     96    0.7  301.2  363.4  305.0
  991.2    171   27.3   25.4     89  20.99     99    0.5  301.2  363.4  305.0
  990.0    182   27.2   25.3     90  20.98    103    0.4  301.2  363.3  304.9
  988.8    192   27.0   25.3     90  20.95    112    0.2  301.1  363.2  304.9
  987.7    202   26.9   25.3     91  20.94    158    0.1  301.2  363.2  304.9
  986.5    214   26.9   25.2     91  20.94    244    0.2  301.2  363.2  305.0
  985.3    224   26.8   25.2     91  20.89    259    0.3  301.3  363.1  305.0
  984.3    233   26.8   25.2     91  20.88    264    0.5  301.3  363.2  305.0
  983.3    242   26.8   25.1     91  20.87    266    0.7  301.4  363.2  305.1
  982.3    251   26.7   25.1     91  20.80    267    0.8  301.4  363.1  305.1
  981.3    260   26.7   25.1     91  20.81    267    1.0  301.4  363.1  305.2
  980.3    269   26.6   25.1     92  20.93    267    1.1  301.4  363.5  305.2
  979.1    280   26.5   25.1     92  20.88    265    1.2  301.4  363.3  305.2
  978.0    290   26.4   24.9     92  20.74    263    1.3  301.4  362.9  305.1
  977.1    299   26.3   25.0     92  20.79    260    1.4  301.5  363.1  305.2
  976.0    308   26.3   24.9     92  20.76    257    1.5  301.5  363.0  305.2
  974.9    319   26.1   25.0     94  20.86    253    1.6  301.4  363.3  305.2
  973.6    330   26.0   25.0     94  20.91    249    1.7  301.4  363.4  305.2
  972.3    342   25.8   24.9     95  20.84    245    1.8  301.4  363.2  305.1
  971.1    353   25.8   24.8     94  20.74    241    1.9  301.5  362.9  305.2
  969.9    364   25.8   24.9     95  20.80    237    2.1  301.5  363.2  305.3
  968.8    374   25.6   24.9     96  20.89    233    2.2  301.5  363.4  305.2
  967.7    385   25.4   24.9     97  20.92    231    2.4  301.4  363.4  305.2
  966.5    395   25.4   24.7     96  20.71    228    2.5  301.5  362.9  305.2
  965.2    407   25.4   24.7     96  20.65    227    2.7  301.6  362.8  305.3
  963.7    421   25.3   24.7     97  20.79    226    2.8  301.6  363.2  305.3
  962.3    433   25.1   24.6     97  20.66    225    3.0  301.6  362.8  305.3
  961.1    444   25.2   24.4     95  20.36    225    3.1  301.7  362.1  305.4
  960.0    455   25.2   24.1     94  20.07    225    3.1  301.9  361.4  305.5
  958.7    467   25.3   24.0     93  19.98    225    3.2  302.1  361.4  305.7
  957.3    480   25.3   24.0     93  20.02    225    3.3  302.1  361.6  305.7
  956.0    491   25.1   24.0     94  20.01    226    3.4  302.1  361.5  305.7
  954.8    503   25.0   24.0     94  20.10    226    3.5  302.1  361.8  305.7
  953.5    515   25.0   24.0     94  20.10    226    3.6  302.2  361.9  305.8
  952.3    526   24.9   23.9     95  20.04    227    3.8  302.2  361.7  305.8
  951.1    537   24.7   23.9     95  19.98    227    4.0  302.2  361.5  305.8
  950.2    545   24.6   23.9     96  20.07    226    4.2  302.2  361.8  305.8
  949.2    555   24.5   24.0     97  20.22    226    4.5  302.1  362.2  305.8
  948.0    566   24.4   24.1     98  20.31    225    4.8  302.1  362.5  305.8
  946.8    577   24.3   23.7     96  19.82    225    5.1  302.2  361.0  305.7
  945.8    586   24.4   23.2     93  19.31    225    5.5  302.3  359.7  305.8
  944.8    596   24.4   23.2     93  19.28    224    5.8  302.4  359.8  305.9
  943.6    607   24.2   23.4     95  19.50    224    6.1  302.4  360.3  305.9
  942.4    618   24.1   23.3     95  19.51    224    6.4  302.4  360.4  305.9
  941.4    627   24.0   23.3     96  19.52    224    6.7  302.4  360.4  305.9
  940.5    636   24.0   23.2     96  19.43    224    7.0  302.4  360.1  305.9
  939.5    645   23.9   23.2     95  19.36    224    7.2  302.4  360.0  305.9
  938.4    655   23.9   23.1     95  19.30    224    7.5  302.5  359.9  306.0
  937.5    664   23.8   23.1     96  19.29    224    7.6  302.5  359.9  306.0
  936.5    673   23.7   23.1     96  19.29    224    7.8  302.5  359.8  306.0
  935.5    682   23.7   22.7     94  18.89    224    7.9  302.6  358.7  306.0
  934.6    691   23.7   22.4     92  18.54    224    8.0  302.7  357.8  306.0
  933.6    700   23.8   21.9     89  18.02    224    8.1  302.8  356.4  306.0
  932.6    709   23.8   21.4     86  17.50    224    8.2  303.0  355.1  306.1
  931.6    719   23.8   21.4     86  17.46    223    8.3  303.0  355.1  306.2
  930.7    728   23.8   21.6     88  17.70    223    8.3  303.1  355.8  306.3
  929.6    738   23.6   21.7     89  17.87    223    8.3  303.0  356.3  306.3
  928.4    749   23.7   21.1     85  17.18    223    8.3  303.2  354.4  306.3
  927.2    760   23.7   20.4     81  16.45    222    8.3  303.4  352.4  306.3
  926.2    770   23.7   19.9     79  16.02    222    8.3  303.4  351.2  306.3
  925.2    780   23.7   19.4     77  15.54    222    8.3  303.5  349.9  306.4
  925.0    782   23.7   19.4     77  15.54    222    8.2  303.5  349.9  306.4
  924.2    790   23.7   19.4     77  15.51    222    8.2  303.6  349.9  306.4
  923.2    799   23.6   19.5     78  15.67    223    8.2  303.6  350.3  306.4
  922.1    809   23.4   20.3     83  16.49    223    8.2  303.5  352.8  306.5
  921.0    820   23.2   21.6     91  17.95    223    8.1  303.4  356.9  306.6
  920.0    829   23.0   22.4     96  18.84    224    8.1  303.3  359.5  306.7
  919.1    838   22.9   22.4     97  18.88    224    8.1  303.3  359.6  306.7
  918.0    848   22.9   22.2     95  18.62    225    8.1  303.4  359.0  306.8
  917.0    858   22.9   22.0     95  18.42    225    8.1  303.5  358.4  306.8
  916.0    867   22.8   21.9     95  18.40    225    8.2  303.5  358.4  306.8
  915.1    876   22.8   21.8     94  18.28    225    8.2  303.6  358.1  306.9
  914.1    885   22.8   21.6     93  18.03    225    8.3  303.6  357.5  306.9
  913.2    894   22.8   21.5     92  17.91    225    8.4  303.7  357.2  307.0
  912.2    904   22.7   21.4     92  17.87    225    8.5  303.7  357.1  307.0
  911.1    914   22.7   21.3     92  17.73    225    8.6  303.8  356.8  307.0
  909.9    926   22.7   21.1     91  17.52    224    8.7  303.9  356.3  307.1
  908.7    938   22.6   20.9     90  17.39    224    8.8  304.0  356.0  307.1
  907.7    947   22.5   20.9     90  17.35    224    8.9  304.0  355.9  307.1
  906.6    957   22.5   20.9     91  17.43    224    8.9  304.0  356.1  307.2
  905.3    970   22.4   20.8     91  17.34    224    8.9  304.1  356.0  307.2
  904.2    981   22.5   20.3     87  16.77    224    9.0  304.2  354.4  307.3
  903.1    992   22.6   19.7     84  16.23    224    9.0  304.4  353.1  307.4
  902.0   1002   22.6   19.5     83  16.00    223    9.0  304.6  352.5  307.5
  900.9   1013   22.6   19.2     81  15.78    223    9.0  304.7  352.0  307.6
  899.8   1023   22.7   18.9     79  15.48    223    9.0  304.9  351.3  307.7
  898.8   1033   22.7   18.7     78  15.28    223    9.0  305.0  350.9  307.8
  897.8   1043   22.6   18.6     78  15.17    223    9.0  305.0  350.6  307.8
  896.6   1054   22.6   18.4     77  15.03    223    9.1  305.1  350.3  307.9
  895.5   1066   22.6   18.3     77  14.92    223    9.2  305.2  350.0  307.9
  894.2   1078   22.5   18.3     77  14.92    223    9.3  305.2  350.1  308.0
  893.1   1089   22.4   18.4     78  15.07    223    9.4  305.3  350.6  308.0
  892.2   1097   22.4   18.4     78  15.07    223    9.6  305.3  350.6  308.0
  891.4   1106   22.3   18.2     77  14.88    224    9.8  305.3  350.1  308.1
  890.4   1115   22.3   17.8     75  14.53    224    9.9  305.4  349.2  308.1
  889.4   1125   22.4   17.3     73  14.09    224   10.1  305.6  348.1  308.2
  888.4   1135   22.4   17.1     72  13.94    224   10.2  305.7  347.7  308.3
  887.3   1145   22.3   16.9     71  13.76    225   10.3  305.7  347.2  308.3
  886.3   1155   22.4   15.8     66  12.81    225   10.4  305.9  344.6  308.3
  885.3   1165   22.6   15.2     63  12.36    225   10.4  306.2  343.6  308.4
  884.2   1176   22.6   15.1     63  12.27    226   10.4  306.3  343.4  308.5
  883.0   1188   22.5   14.8     62  12.10    226   10.4  306.3  343.0  308.6
  881.8   1199   22.5   14.6     61  11.91    226   10.3  306.4  342.5  308.6
  880.7   1211   22.4   14.4     61  11.81    226   10.2  306.5  342.3  308.6
  879.5   1222   22.3   14.9     63  12.22    226   10.1  306.5  343.5  308.7
  878.4   1233   22.1   16.3     70  13.39    225   10.0  306.4  346.9  308.8
  877.4   1244   21.8   17.1     75  14.16    225    9.8  306.2  349.0  308.8
  876.3   1254   21.7   17.0     75  14.05    225    9.7  306.2  348.6  308.8
  875.2   1265   21.7   16.6     73  13.68    224    9.6  306.3  347.6  308.8
  874.0   1277   21.7   16.3     71  13.43    224    9.5  306.4  347.1  308.9
  872.9   1288   21.7   16.2     71  13.36    223    9.5  306.5  346.9  308.9
  871.8   1299   21.6   16.0     70  13.20    223    9.4  306.5  346.5  308.9
  870.8   1309   21.5   15.6     69  12.90    223    9.4  306.6  345.6  308.9
  869.8   1319   21.5   15.3     68  12.67    222    9.4  306.6  345.0  308.9
  868.8   1330   21.5   14.9     66  12.34    223    9.5  306.7  344.1  309.0
  867.7   1340   21.5   14.5     64  12.02    223    9.5  306.8  343.3  309.0
  866.6   1351   21.5   14.6     65  12.18    223    9.6  307.0  344.0  309.2
  865.6   1361   21.7   15.8     69  13.17    224    9.6  307.2  347.2  309.6
  864.6   1371   21.5   16.3     72  13.65    225    9.7  307.2  348.6  309.7
  863.5   1383   21.4   16.4     73  13.73    225    9.7  307.2  348.8  309.7
  862.3   1394   21.3   16.5     74  13.79    226    9.8  307.2  349.0  309.7
  861.3   1405   21.2   16.4     74  13.74    227    9.8  307.2  348.8  309.7
  860.2   1416   21.1   16.5     75  13.82    228    9.9  307.2  349.1  309.7
  859.1   1427   21.0   16.5     75  13.84    228    9.9  307.2  349.2  309.8
  858.0   1437   21.0   16.4     75  13.80    229   10.0  307.3  349.1  309.8
  856.9   1449   20.9   16.3     75  13.72    230   10.0  307.3  349.0  309.9
  855.8   1460   20.8   16.4     76  13.83    230   10.0  307.4  349.3  309.9
  854.8   1470   20.8   16.7     77  14.13    231   10.1  307.4  350.3  310.0
  853.8   1481   20.7   16.7     78  14.15    231   10.1  307.4  350.4  310.0
  852.6   1493   20.6   16.6     78  14.04    232   10.1  307.4  350.0  310.0
  851.4   1505   20.5   16.2     76  13.77    232   10.2  307.5  349.3  310.0
  850.2   1517   20.5   15.7     74  13.34    232   10.2  307.5  348.1  310.0
  850.0   1519   20.5   15.7     74  13.30    233   10.3  307.6  348.0  310.0
  849.1   1528   20.4   15.5     73  13.12    233   10.3  307.6  347.5  310.1
  847.9   1540   20.3   15.7     75  13.36    233   10.3  307.6  348.2  310.1
  846.8   1551   20.3   15.3     73  13.04    234   10.4  307.7  347.3  310.1
  845.8   1562   20.2   15.0     72  12.79    234   10.4  307.7  346.7  310.1
  844.6   1574   20.2   15.1     72  12.86    235   10.5  307.8  346.9  310.2
  843.3   1588   20.0   15.8     77  13.48    235   10.5  307.8  348.8  310.3
  842.0   1601   19.9   15.6     76  13.32    235   10.5  307.8  348.4  310.3
  841.0   1612   20.0   14.8     72  12.71    236   10.5  308.0  346.7  310.3
  840.0   1621   20.0   14.3     70  12.32    236   10.5  308.1  345.7  310.4
  839.1   1631   20.0   14.1     69  12.16    236   10.5  308.2  345.3  310.4
  838.0   1642   20.0   14.0     69  12.09    236   10.5  308.3  345.2  310.5
  836.9   1653   19.9   14.3     70  12.35    237   10.5  308.3  346.0  310.6
  835.8   1664   19.8   14.7     73  12.70    237   10.4  308.3  347.1  310.7
  834.7   1676   19.6   14.8     74  12.81    237   10.4  308.3  347.4  310.7
  833.6   1687   19.5   15.1     76  13.04    237   10.3  308.3  348.0  310.7
  832.6   1698   19.4   15.1     76  13.12    237   10.3  308.2  348.2  310.7
  831.4   1710   19.3   15.3     78  13.30    237   10.3  308.2  348.8  310.7
  830.1   1723   19.2   15.4     79  13.34    237   10.3  308.3  348.9  310.7
  828.9   1736   19.1   15.2     78  13.26    237   10.2  308.3  348.7  310.8
  827.8   1748   19.0   15.1     78  13.14    237   10.2  308.3  348.4  310.8
  826.6   1760   18.9   15.0     78  13.10    237   10.2  308.4  348.3  310.8
  825.5   1772   18.8   14.9     78  13.05    238   10.2  308.4  348.2  310.8
  824.4   1784   18.8   14.8     78  12.94    238   10.2  308.5  347.9  310.9
  823.4   1793   18.7   14.7     77  12.87    239   10.2  308.5  347.8  310.9
  822.5   1803   18.7   14.5     77  12.77    240   10.2  308.6  347.5  310.9
  821.5   1814   18.6   14.4     77  12.67    241   10.2  308.6  347.3  311.0
  820.3   1826   18.6   14.3     76  12.61    242   10.2  308.7  347.2  311.0
  819.1   1838   18.5   14.1     75  12.44    243   10.3  308.8  346.8  311.1
  818.0   1850   18.5   13.9     75  12.34    244   10.3  308.9  346.6  311.1
  816.9   1861   18.5   14.0     75  12.39    245   10.3  309.0  346.9  311.3
  815.8   1873   18.5   13.7     74  12.16    246   10.4  309.1  346.3  311.3
  814.8   1884   18.5   13.4     72  11.94    246   10.4  309.2  345.8  311.4
  813.8   1895   18.4   13.4     72  11.94    247   10.4  309.2  345.8  311.5
  812.7   1906   18.3   13.2     72  11.85    247   10.4  309.3  345.6  311.5
  811.6   1918   18.2   13.1     72  11.76    247   10.4  309.3  345.4  311.5
  810.5   1929   18.2   13.1     72  11.74    248   10.3  309.4  345.4  311.5
  809.5   1940   18.1   13.2     73  11.90    248   10.2  309.4  345.9  311.6
  808.4   1951   18.1   13.4     74  12.07    248   10.1  309.5  346.5  311.7
  807.4   1963   18.0   13.4     74  12.06    248   10.0  309.5  346.5  311.8
  806.3   1974   18.0   13.2     74  11.94    247    9.9  309.6  346.2  311.8
  805.3   1984   17.9   13.2     74  11.93    247    9.8  309.6  346.2  311.8
  804.4   1994   17.8   13.2     75  11.95    247    9.7  309.6  346.2  311.8
  803.5   2004   17.7   13.1     75  11.91    247    9.6  309.6  346.1  311.8
  802.6   2014   17.6   13.1     75  11.91    247    9.5  309.6  346.1  311.8
  801.6   2024   17.5   13.2     76  11.96    247    9.5  309.6  346.3  311.8
  800.6   2035   17.4   13.2     76  11.98    247    9.6  309.6  346.4  311.8
  799.7   2045   17.3   13.2     77  12.00    248    9.6  309.6  346.5  311.9
  798.7   2055   17.3   13.3     78  12.14    248    9.7  309.7  346.9  311.9
  797.7   2066   17.2   13.4     78  12.23    248    9.8  309.7  347.3  312.0
  796.6   2078   17.1   13.4     79  12.24    248    9.9  309.7  347.3  312.0
  795.7   2088   17.0   13.3     79  12.19    248   10.1  309.7  347.2  312.0
  794.8   2097   16.9   13.4     80  12.26    248   10.2  309.7  347.4  312.0
  793.8   2108   16.8   13.4     80  12.31    248   10.3  309.8  347.5  312.1
  792.8   2119   16.8   13.2     79  12.10    249   10.3  309.8  347.0  312.1
  791.9   2129   16.8   12.7     77  11.76    249   10.4  310.0  346.1  312.1
  791.0   2138   16.8   12.7     77  11.77    249   10.4  310.0  346.2  312.2
  790.1   2148   16.8   12.7     77  11.76    249   10.3  310.1  346.3  312.3
  789.1   2159   16.8   12.8     78  11.89    249   10.2  310.2  346.8  312.4
  788.1   2170   16.7   12.8     78  11.91    249   10.1  310.3  346.9  312.5
  787.1   2181   16.6   12.9     79  11.96    249   10.0  310.3  347.1  312.5
  786.0   2192   16.5   12.9     79  12.01    249    9.8  310.3  347.3  312.5
  785.1   2202   16.5   13.0     80  12.08    249    9.6  310.3  347.5  312.6
  784.1   2213   16.4   13.0     80  12.13    249    9.4  310.4  347.7  312.6
  783.1   2224   16.3   13.1     81  12.20    249    9.2  310.4  348.0  312.7
  782.0   2236   16.2   13.1     82  12.25    249    9.1  310.4  348.1  312.7
  781.0   2247   16.1   13.0     82  12.18    249    8.9  310.5  347.9  312.7
  779.9   2258   16.1   12.8     81  12.01    249    8.8  310.5  347.5  312.8
  778.9   2269   16.0   12.6     80  11.86    249    8.6  310.6  347.1  312.8
  777.9   2280   16.0   12.4     80  11.75    249    8.6  310.6  346.9  312.8
  777.0   2291   15.9   12.4     79  11.70    249    8.5  310.7  346.8  312.9
  776.1   2300   15.9   12.4     80  11.76    249    8.5  310.8  347.0  313.0
  775.3   2309   15.8   12.7     82  12.00    249    8.5  310.8  347.8  313.0
  774.4   2319   15.8   12.9     83  12.16    250    8.5  310.8  348.3  313.1
  773.4   2330   15.8   12.8     83  12.12    250    8.5  310.9  348.3  313.2
  772.4   2341   15.8   12.7     82  12.04    250    8.5  311.0  348.2  313.3
  771.4   2352   15.8   12.4     81  11.85    250    8.6  311.1  347.8  313.4
  770.5   2362   15.8   12.1     79  11.58    251    8.6  311.3  347.1  313.4
  769.5   2374   15.8   11.8     77  11.35    251    8.7  311.4  346.5  313.5
  768.5   2384   15.7   11.7     77  11.29    251    8.7  311.4  346.4  313.5
  767.6   2394   15.6   11.9     78  11.47    251    8.7  311.5  347.0  313.6
  766.6   2405   15.6   11.9     79  11.51    251    8.7  311.5  347.1  313.6
  765.5   2417   15.5   11.8     78  11.44    251    8.7  311.6  347.0  313.7
  764.4   2429   15.4   11.8     79  11.45    251    8.7  311.6  347.1  313.8
  763.3   2442   15.3   11.8     80  11.49    251    8.7  311.6  347.2  313.8
  762.4   2452   15.2   11.8     80  11.46    251    8.7  311.6  347.1  313.8
  761.5   2462   15.2   11.8     80  11.49    251    8.7  311.7  347.2  313.8
  760.6   2472   15.1   11.8     80  11.50    251    8.7  311.7  347.3  313.9
  759.7   2482   15.0   11.7     81  11.48    251    8.6  311.7  347.3  313.9
  758.6   2494   15.0   11.7     81  11.49    251    8.6  311.8  347.4  313.9
  757.6   2505   14.9   11.7     82  11.50    251    8.6  311.8  347.4  313.9
  756.7   2515   14.8   11.6     81  11.43    252    8.6  311.8  347.2  313.9
  755.8   2525   14.7   11.5     81  11.39    252    8.5  311.8  347.1  314.0
  754.8   2537   14.7   11.3     80  11.23    253    8.5  311.9  346.8  314.0
  753.8   2549   14.6   11.1     79  11.10    254    8.4  312.0  346.4  314.1
  752.9   2559   14.6   11.0     79  11.04    255    8.4  312.0  346.3  314.1
  752.0   2568   14.5   11.1     80  11.10    256    8.4  312.1  346.6  314.2
  751.3   2577   14.5   11.1     80  11.13    257    8.3  312.1  346.7  314.2
  750.4   2587   14.5   10.9     79  10.97    258    8.3  312.2  346.3  314.3
  749.4   2598   14.4   10.9     79  11.03    259    8.2  312.3  346.6  314.4
  748.5   2609   14.4   11.1     81  11.15    259    8.2  312.3  347.0  314.4
  747.2   2622   14.2   11.1     82  11.20    260    8.2  312.3  347.2  314.4
  746.1   2635   14.1   11.0     81  11.14    260    8.1  312.4  347.0  314.4
  745.3   2645   14.0   11.0     82  11.11    260    8.1  312.4  346.9  314.4
  744.5   2653   14.0   11.0     82  11.14    260    8.1  312.4  347.0  314.5
  743.5   2665   13.9   10.9     82  11.07    260    8.0  312.4  346.8  314.5
  742.4   2678   13.8   10.7     81  10.96    259    8.0  312.5  346.5  314.5
  741.5   2688   13.8   10.6     81  10.93    258    8.0  312.5  346.5  314.5
  740.6   2698   13.7   10.5     81  10.87    257    8.1  312.5  346.4  314.6
  739.6   2709   13.7   10.2     79  10.64    256    8.1  312.6  345.8  314.6
  738.6   2720   13.6    9.9     78  10.46    255    8.1  312.7  345.3  314.7
  737.5   2733   13.6    9.8     78  10.41    254    8.2  312.8  345.2  314.8
  736.5   2745   13.5    9.8     78  10.37    253    8.2  312.8  345.2  314.8
  735.5   2757   13.5    9.7     78  10.36    252    8.3  312.9  345.2  314.9
  734.5   2768   13.4    9.7     78  10.36    251    8.3  313.0  345.3  314.9
  733.5   2779   13.4    9.7     78  10.35    251    8.3  313.0  345.3  315.0
  732.7   2788   13.3    9.6     78  10.30    250    8.4  313.1  345.2  315.0
  732.0   2797   13.2    9.7     79  10.40    250    8.4  313.1  345.5  315.0
  731.3   2805   13.1    9.9     81  10.52    250    8.4  313.1  345.9  315.0
  730.4   2815   13.1    9.9     81  10.58    251    8.4  313.1  346.1  315.1
  729.4   2826   13.0    9.9     82  10.58    251    8.4  313.1  346.1  315.1
  728.4   2838   12.9    9.7     81  10.44    251    8.4  313.2  345.8  315.2
  727.5   2848   12.9    9.5     80  10.31    251    8.4  313.3  345.5  315.2
  726.7   2858   12.9    9.5     80  10.32    252    8.4  313.3  345.6  315.3
  725.7   2869   12.8    9.6     81  10.41    252    8.4  313.3  345.9  315.3
  724.7   2881   12.7    9.6     81  10.40    252    8.4  313.4  345.9  315.3
  723.7   2893   12.6    9.5     82  10.36    252    8.4  313.4  345.7  315.3
  722.6   2906   12.5    9.5     82  10.37    252    8.4  313.4  345.8  315.3
  721.5   2919   12.3    9.4     82  10.30    252    8.3  313.4  345.6  315.3
  720.6   2929   12.3    9.3     82  10.24    252    8.2  313.4  345.4  315.3
  719.7   2939   12.2    9.3     82  10.27    252    8.1  313.4  345.6  315.4
  718.7   2951   12.1    9.1     82  10.18    253    8.0  313.5  345.3  315.4
  717.7   2963   12.0    9.0     82  10.08    253    7.9  313.5  345.0  315.4
  716.9   2972   12.0    8.7     80   9.91    253    7.8  313.6  344.6  315.5
  716.1   2981   11.9    8.7     80   9.91    254    7.6  313.6  344.6  315.5
  715.2   2991   11.9    8.6     80   9.83    255    7.5  313.6  344.4  315.5
  714.3   3003   11.8    8.5     80   9.82    255    7.3  313.7  344.5  315.5
  713.3   3015   11.7    8.5     81   9.85    256    7.1  313.7  344.6  315.6
  712.2   3027   11.6    8.7     82   9.95    257    7.0  313.8  344.9  315.6
  711.0   3041   11.6    8.8     83  10.08    258    6.9  313.8  345.4  315.7
  710.0   3053   11.5    8.7     83  10.01    260    6.7  313.9  345.2  315.7
  709.3   3061   11.4    8.7     83  10.00    261    6.6  313.9  345.2  315.8
  708.6   3070   11.3    8.8     85  10.11    262    6.5  313.9  345.5  315.8
  707.7   3080   11.2    8.8     85  10.11    264    6.4  313.9  345.6  315.8
  706.8   3091   11.2    8.6     84   9.99    265    6.4  314.0  345.3  315.9
  705.8   3103   11.3    8.2     81   9.69    266    6.3  314.2  344.6  316.0
  704.9   3114   11.3    8.1     80   9.65    267    6.3  314.3  344.7  316.2
  704.0   3124   11.3    7.9     80   9.55    268    6.3  314.4  344.4  316.2
  703.2   3134   11.2    7.8     79   9.47    268    6.3  314.4  344.2  316.2
  702.5   3142   11.2    7.7     79   9.44    269    6.3  314.5  344.2  316.3
  701.7   3152   11.1    7.5     78   9.32    268    6.3  314.5  343.9  316.3
  700.8   3163   11.1    7.2     77   9.16    268    6.3  314.6  343.5  316.4
  700.0   3172   11.0    7.3     78   9.21    268    6.3  314.6  343.7  316.4
  699.9   3174   11.0    7.3     78   9.22    267    6.4  314.6  343.7  316.4
  699.0   3184   10.9    7.5     80   9.39    266    6.4  314.6  344.2  316.4
  698.2   3193   10.8    7.6     81   9.44    264    6.5  314.6  344.3  316.4
  697.5   3202   10.7    7.8     82   9.56    263    6.5  314.6  344.7  316.4
  696.6   3212   10.6    7.9     84   9.68    261    6.6  314.6  345.1  316.5
  695.7   3223   10.5    8.0     85   9.74    260    6.7  314.6  345.3  316.5
  694.7   3235   10.4    8.1     86   9.78    259    6.7  314.6  345.4  316.5
  693.8   3247   10.3    8.0     86   9.77    258    6.8  314.6  345.4  316.5
  692.9   3257   10.2    8.0     86   9.79    257    6.9  314.7  345.5  316.5
  692.0   3268   10.1    8.0     87   9.79    256    7.0  314.7  345.5  316.5
  691.0   3279   10.0    7.9     86   9.70    256    7.1  314.7  345.3  316.6
  690.1   3291   10.0    7.7     86   9.62    256    7.1  314.8  345.1  316.6
  689.0   3304   10.0    7.6     85   9.58    256    7.2  314.9  345.1  316.8
  688.0   3316   10.0    7.5     84   9.48    256    7.2  315.0  344.9  316.8
  687.2   3326   10.0    7.3     83   9.36    256    7.2  315.2  344.7  316.9
  686.3   3337   10.0    7.0     82   9.23    256    7.2  315.3  344.4  317.0
  685.4   3348    9.9    7.0     82   9.25    257    7.2  315.3  344.5  317.1
  684.4   3360    9.8    6.9     82   9.20    257    7.2  315.4  344.4  317.1
  683.4   3372    9.8    6.8     81   9.10    257    7.2  315.4  344.2  317.2
  682.7   3381    9.8    6.7     81   9.04    258    7.2  315.5  344.1  317.2
  682.0   3390    9.7    6.7     82   9.07    258    7.2  315.5  344.2  317.3
  681.2   3399    9.6    6.7     82   9.06    258    7.2  315.6  344.2  317.3
  680.3   3409    9.6    6.6     82   9.02    258    7.2  315.6  344.1  317.3
  679.4   3421    9.5    6.6     82   9.02    258    7.2  315.7  344.2  317.4
  678.5   3432    9.4    6.5     82   8.97    259    7.2  315.7  344.1  317.4
  677.6   3442    9.4    6.2     81   8.84    259    7.2  315.7  343.7  317.4
  676.7   3454    9.3    6.1     81   8.77    258    7.2  315.8  343.5  317.4
  675.8   3466    9.2    6.1     81   8.77    258    7.3  315.8  343.6  317.5
  674.8   3477    9.1    6.0     81   8.76    258    7.3  315.9  343.6  317.5
  673.9   3488    9.1    5.9     80   8.68    257    7.4  315.9  343.4  317.6
  673.0   3499    9.1    5.9     80   8.68    256    7.4  316.0  343.5  317.7
  672.1   3511    9.1    5.9     81   8.74    256    7.5  316.2  343.9  317.8
  671.1   3523    9.1    5.8     80   8.67    255    7.5  316.3  343.8  318.0
  670.1   3535    9.0    5.7     80   8.62    254    7.6  316.4  343.7  318.0
  669.4   3545    8.9    5.7     80   8.59    253    7.7  316.3  343.7  318.0
  668.6   3555    8.9    5.6     80   8.58    252    7.7  316.4  343.7  318.0
  667.7   3565    8.8    5.5     79   8.50    251    7.8  316.5  343.5  318.1
  666.8   3577    8.8    5.3     79   8.44    251    7.9  316.5  343.4  318.1
  665.7   3590    8.7    5.2     79   8.39    250    8.0  316.6  343.3  318.2
  664.5   3605    8.6    4.8     77   8.17    250    8.1  316.7  342.7  318.2
  663.4   3618    8.6    4.4     75   7.93    249    8.1  316.8  342.1  318.3
  662.6   3629    8.6    4.2     74   7.82    249    8.2  316.9  341.9  318.4
  661.9   3637    8.6    4.1     74   7.80    249    8.3  317.0  341.9  318.5
  661.3   3645    8.5    4.2     75   7.88    248    8.4  317.0  342.1  318.5
  660.5   3655    8.4    4.3     75   7.90    248    8.4  317.0  342.2  318.5
  659.5   3668    8.3    4.1     75   7.84    247    8.5  317.0  342.0  318.5
  658.5   3680    8.2    4.0     75   7.76    246    8.6  317.0  341.8  318.5
  657.8   3689    8.1    3.9     75   7.70    245    8.7  317.0  341.6  318.5
  657.1   3697    8.0    3.9     75   7.74    244    8.7  317.0  341.7  318.5
  656.4   3707    7.9    3.9     76   7.75    243    8.8  317.0  341.8  318.5
  655.6   3716    7.8    3.8     76   7.71    242    8.9  317.0  341.7  318.5
  654.9   3725    7.8    3.8     76   7.68    241    9.0  317.1  341.6  318.5
  654.1   3735    7.7    3.8     76   7.70    241    9.1  317.1  341.7  318.6
  653.4   3745    7.7    3.8     77   7.73    240    9.1  317.1  341.8  318.6
  652.7   3754    7.6    3.9     78   7.80    240    9.2  317.1  342.1  318.6
  651.8   3764    7.5    3.9     78   7.77    240    9.3  317.2  342.0  318.7
  651.1   3774    7.4    3.8     78   7.73    240    9.3  317.2  341.9  318.7
  650.4   3782    7.4    3.7     78   7.70    240    9.4  317.2  341.8  318.7
  649.7   3791    7.3    3.7     78   7.72    241    9.4  317.2  341.9  318.7
  648.8   3803    7.2    3.6     78   7.67    241    9.4  317.2  341.8  318.7
  647.8   3816    7.1    3.5     78   7.64    242    9.4  317.3  341.7  318.8
  646.8   3828    7.1    3.6     79   7.70    242    9.3  317.4  342.0  318.8
  645.9   3839    7.0    3.6     79   7.72    243    9.3  317.5  342.2  318.9
  645.1   3850    7.0    3.7     79   7.76    243    9.3  317.5  342.4  319.0
  644.3   3860    7.0    3.1     77   7.47    243    9.2  317.6  341.6  319.0
  643.6   3870    6.9    2.8     75   7.32    243    9.2  317.7  341.2  319.1
  642.7   3881    6.9    2.8     75   7.32    244    9.2  317.7  341.2  319.1
  641.7   3893    6.8    2.6     74   7.20    244    9.1  317.8  340.9  319.2
  640.9   3904    6.8    2.3     73   7.06    244    9.1  317.9  340.6  319.2
  640.1   3914    6.7    2.4     74   7.13    244    9.1  317.9  340.9  319.3
  639.2   3925    6.7    2.2     73   7.04    244    9.1  318.0  340.7  319.4
  638.4   3936    6.6    2.2     73   7.03    245    9.1  318.1  340.7  319.4
  637.6   3946    6.6    1.3     69   6.61    245    9.1  318.2  339.5  319.5
  636.8   3957    6.7    0.8     66   6.38    246    9.1  318.3  339.0  319.6
  636.0   3967    6.6    0.4     64   6.21    246    9.0  318.4  338.5  319.6
  635.2   3978    6.6    0.0     63   6.05    247    9.0  318.5  338.1  319.6
  634.3   3989    6.5   -0.0     63   6.04    248    9.0  318.5  338.1  319.7
  633.4   4000    6.5   -0.0     63   6.05    248    9.0  318.6  338.2  319.7
  632.5   4012    6.4    0.2     65   6.17    249    8.9  318.6  338.6  319.8
  631.5   4025    6.3    0.4     66   6.24    250    8.9  318.6  338.8  319.8
  630.8   4035    6.2   -0.9     60   5.70    251    8.9  318.7  337.2  319.8
  630.1   4043    6.2   -2.5     54   5.08    251    8.8  318.8  335.4  319.8
  629.5   4051    6.3   -2.8     52   4.96    252    8.8  318.9  335.1  319.9
  628.6   4063    6.2   -2.8     53   4.96    252    8.7  319.0  335.2  319.9
  627.6   4076    6.1   -2.3     55   5.16    252    8.7  319.0  335.8  320.0
  626.6   4089    5.9   -1.2     60   5.62    252    8.6  319.0  337.3  320.1
  625.8   4099    5.8   -0.6     63   5.87    252    8.5  318.9  338.0  320.1
  625.2   4108    5.7   -0.5     64   5.92    251    8.3  318.9  338.2  320.1
  624.4   4117    5.6    0.7     70   6.45    250    8.2  318.9  339.8  320.2
  623.4   4131    5.5    1.6     76   6.93    249    8.1  318.9  341.3  320.2
  622.5   4143    5.4    1.2     74   6.72    248    8.0  319.0  340.7  320.3
  621.7   4154    5.4    0.2     69   6.28    247    7.9  319.1  339.5  320.3
  621.0   4163    5.4   -0.6     65   5.93    246    7.8  319.2  338.5  320.3
  620.4   4171    5.4   -1.3     62   5.64    245    7.8  319.3  337.7  320.4
  619.7   4180    5.5   -1.6     60   5.49    244    7.7  319.4  337.3  320.5
  618.9   4191    5.4   -1.8     60   5.44    243    7.7  319.5  337.3  320.6
  617.9   4203    5.4   -1.9     60   5.40    242    7.8  319.6  337.3  320.6
  617.2   4213    5.3   -2.1     59   5.34    242    7.9  319.6  337.1  320.6
  616.5   4223    5.2   -2.1     59   5.32    241    8.0  319.6  337.0  320.6
  615.7   4233    5.1   -2.2     59   5.30    241    8.1  319.6  337.0  320.6
  614.8   4244    5.0   -2.4     59   5.21    241    8.3  319.6  336.7  320.6
  613.9   4256    4.9   -2.7     58   5.12    240    8.4  319.7  336.5  320.7
  613.1   4267    4.9   -2.8     58   5.09    240    8.6  319.7  336.4  320.7
  612.3   4278    4.8   -2.6     59   5.16    240    8.7  319.7  336.7  320.7
  611.4   4290    4.7   -2.6     59   5.19    239    8.8  319.8  336.8  320.8
  610.5   4301    4.6   -2.5     60   5.22    239    8.9  319.8  336.9  320.8
  609.6   4313    4.5   -2.6     60   5.18    239    9.0  319.8  336.8  320.8
  608.8   4325    4.4   -3.0     58   5.03    238    9.1  319.8  336.4  320.8
  607.9   4337    4.3   -3.3     58   4.95    238    9.1  319.9  336.1  320.8
  607.0   4349    4.3   -3.4     57   4.90    238    9.1  319.9  336.1  320.9
  606.1   4361    4.2   -3.4     58   4.93    237    9.2  320.0  336.2  320.9
  605.1   4374    4.1   -3.3     59   4.97    237    9.2  320.0  336.3  320.9
  604.1   4387    4.0   -3.4     59   4.95    237    9.1  320.0  336.3  321.0
  603.1   4401    3.9   -3.7     58   4.85    237    9.1  320.1  336.0  321.0
  602.2   4413    3.8   -4.0     57   4.72    237    9.1  320.1  335.7  321.0
  601.3   4425    3.7   -3.8     58   4.81    238    9.1  320.1  335.9  321.0
  600.5   4436    3.6   -3.6     60   4.91    238    9.0  320.1  336.3  321.1
  599.6   4449    3.5   -3.4     61   4.98    238    9.0  320.1  336.5  321.1
  598.7   4461    3.4   -3.5     61   4.94    238    9.0  320.1  336.4  321.1
  598.0   4470    3.3   -3.4     62   4.99    238    9.0  320.2  336.6  321.1
  597.2   4481    3.2   -2.6     66   5.31    238    9.0  320.2  337.6  321.3
  596.3   4494    3.2   -2.3     67   5.45    238    9.0  320.3  338.2  321.4
  595.2   4509    3.2   -2.5     66   5.35    239    9.0  320.5  338.0  321.5
  594.2   4522    3.1   -2.6     66   5.34    239    9.0  320.6  338.1  321.6
  593.4   4533    3.1   -2.7     66   5.30    239    9.0  320.6  338.0  321.6
  592.6   4544    3.0   -3.2     64   5.11    240    9.0  320.7  337.5  321.7
  591.9   4554    3.0   -3.6     62   4.97    240    9.0  320.8  337.1  321.7
  591.2   4563    3.0   -4.5     58   4.66    240    9.1  320.8  336.2  321.7
  590.3   4575    3.0   -5.7     53   4.25    241    9.1  321.0  335.2  321.9
  589.4   4588    3.0   -5.9     52   4.18    241    9.1  321.2  335.1  322.0
  588.5   4600    3.0   -5.1     55   4.44    242    9.1  321.3  336.0  322.1
  587.8   4610    2.9   -4.4     59   4.71    243    9.1  321.3  336.9  322.2
  587.0   4621    2.7   -2.8     67   5.34    243    9.1  321.2  338.8  322.3
  586.2   4632    2.6   -2.8     68   5.33    243    9.1  321.2  338.8  322.3
  585.5   4641    2.6   -3.2     66   5.18    244    9.2  321.3  338.4  322.3
  584.9   4650    2.5   -3.2     66   5.18    244    9.2  321.3  338.4  322.3
  584.2   4659    2.5   -3.2     66   5.20    244    9.3  321.4  338.5  322.4
  583.6   4668    2.4   -3.2     66   5.19    244    9.3  321.4  338.5  322.4
  582.9   4677    2.4   -3.1     67   5.22    244    9.4  321.5  338.7  322.5
  582.2   4687    2.3   -3.3     66   5.15    245    9.5  321.5  338.5  322.5
  581.6   4696    2.3   -3.7     64   5.02    245    9.6  321.6  338.2  322.6
  580.8   4706    2.3   -3.7     65   5.04    245    9.6  321.7  338.4  322.7
  580.1   4716    2.3   -3.8     64   5.00    245    9.7  321.8  338.4  322.8
  579.3   4727    2.3   -4.5     61   4.74    245    9.7  322.0  337.7  322.9
  578.6   4737    2.4   -5.2     57   4.49    245    9.8  322.1  337.1  323.0
  578.0   4746    2.4   -5.6     55   4.36    245    9.7  322.3  336.8  323.1
  577.3   4755    2.4   -5.8     55   4.29    245    9.7  322.4  336.7  323.2
  576.5   4767    2.4   -6.7     51   4.02    244    9.6  322.5  336.0  323.3
  575.7   4778    2.4   -5.9     55   4.29    244    9.6  322.6  336.9  323.4
  575.0   4787    2.3   -5.3     57   4.50    244    9.5  322.6  337.7  323.5
  574.6   4794    2.3   -6.5     52   4.10    244    9.3  322.7  336.4  323.5
  574.1   4801    2.3   -7.7     48   3.74    243    9.2  322.8  335.4  323.5
  573.3   4811    2.3   -9.8     40   3.18    243    9.1  322.9  333.7  323.6
  572.4   4824    2.3  -10.1     39   3.10    242    9.1  323.1  333.6  323.7
  571.6   4836    2.1   -6.1     54   4.24    242    9.0  323.0  337.2  323.8
  570.9   4846    2.0   -5.3     58   4.51    241    9.0  322.9  338.0  323.8
  570.1   4856    1.9   -5.5     58   4.46    240    9.0  322.9  337.8  323.8
  569.3   4868    1.8   -5.7     58   4.39    240    9.0  322.9  337.6  323.8
  568.6   4878    1.7   -5.9     57   4.33    240    9.1  322.9  337.5  323.8
  568.0   4887    1.6   -6.3     56   4.22    239    9.1  323.0  337.1  323.8
  567.5   4894    1.6   -6.4     55   4.18    239    9.2  323.0  337.0  323.8
  566.8   4903    1.5   -6.2     57   4.26    239    9.3  323.0  337.3  323.9
  566.0   4914    1.4   -6.0     58   4.31    238    9.3  323.0  337.5  323.9
  565.3   4926    1.3   -5.9     59   4.36    238    9.4  323.0  337.6  323.9
  564.6   4935    1.2   -5.8     59   4.41    238    9.5  323.1  337.8  323.9
  563.9   4945    1.2   -5.6     61   4.49    238    9.6  323.1  338.1  324.0
  563.3   4954    1.1   -5.6     61   4.47    238    9.7  323.1  338.1  324.0
  562.5   4965    1.0   -6.0     59   4.35    239    9.7  323.2  337.8  324.0
  561.7   4977    1.0   -6.7     56   4.13    239    9.8  323.2  337.1  324.0
  560.9   4989    0.9   -6.8     56   4.12    239    9.9  323.3  337.1  324.1
  560.0   5001    0.8   -6.8     57   4.13    240    9.9  323.3  337.2  324.2
  559.3   5011    0.8   -6.8     57   4.13    241    9.9  323.4  337.2  324.2
  558.7   5020    0.7   -6.8     58   4.14    242    9.9  323.4  337.3  324.2
  558.0   5030    0.6   -6.9     57   4.10    243    9.9  323.4  337.2  324.2
  557.1   5042    0.6   -7.2     56   4.00    244    9.8  323.5  337.0  324.3
  556.3   5054    0.6   -7.6     54   3.90    245    9.7  323.7  336.8  324.4
  555.6   5065    0.6   -7.6     54   3.89    246    9.6  323.8  336.9  324.5
  554.8   5075    0.5   -7.6     55   3.91    247    9.5  323.8  337.0  324.6
  554.2   5084    0.5   -7.6     55   3.89    248    9.3  323.9  337.0  324.6
  553.5   5095    0.4   -7.1     57   4.07    249    9.1  323.9  337.6  324.7
  552.6   5108    0.4   -7.2     57   4.05    250    8.9  324.0  337.6  324.8
  551.7   5121    0.3   -7.2     57   4.03    250    8.7  324.1  337.7  324.9
  551.0   5131    0.3   -7.1     58   4.10    251    8.5  324.2  338.0  325.0
  550.5   5139    0.2   -6.6     60   4.24    251    8.3  324.2  338.5  325.0
  549.9   5147    0.2   -6.1     63   4.42    251    8.0  324.2  339.1  325.1
  549.3   5155    0.1   -5.9     64   4.51    251    7.8  324.3  339.4  325.2
  548.6   5166    0.0   -5.4     67   4.66    251    7.5  324.3  339.9  325.2
  547.8   5178   -0.1   -5.0     69   4.84    250    7.2  324.3  340.5  325.3
  546.8   5192   -0.2   -4.6     72   4.98    250    7.0  324.3  341.0  325.3
  545.9   5206   -0.3   -4.4     74   5.08    249    6.7  324.4  341.3  325.3
  545.1   5218   -0.4   -4.1     76   5.18    248    6.4  324.4  341.7  325.4
  544.4   5228   -0.4   -3.1     82   5.61    248    6.2  324.5  343.1  325.6
  543.8   5237   -0.5   -2.8     85   5.77    247    5.9  324.5  343.7  325.7
  543.1   5247   -0.5   -2.3     88   5.98    246    5.6  324.6  344.4  325.8
  542.2   5260   -0.6   -2.2     89   6.00    246    5.3  324.6  344.5  325.8
  541.4   5272   -0.8   -2.3     89   6.00    245    5.1  324.6  344.5  325.8
  540.7   5282   -0.8   -2.4     89   5.97    244    4.9  324.6  344.4  325.8
  540.0   5292   -0.9   -2.3     90   6.00    243    4.7  324.6  344.5  325.8
  539.2   5304   -1.0   -2.3     91   6.01    242    4.5  324.6  344.6  325.8
  538.5   5315   -1.1   -2.4     91   5.98    241    4.3  324.6  344.5  325.8
  537.8   5325   -1.2   -2.4     92   5.99    239    4.2  324.7  344.6  325.8
  537.1   5336   -1.3   -2.4     92   5.99    238    4.1  324.7  344.6  325.9
  536.4   5346   -1.4   -2.4     92   5.98    236    4.0  324.7  344.6  325.9
  535.7   5357   -1.5   -2.4     93   6.00    233    3.9  324.7  344.7  325.9
  534.9   5368   -1.6   -2.4     94   6.00    231    3.8  324.8  344.7  325.9
  534.1   5380   -1.7   -2.4     95   6.03    229    3.7  324.8  344.8  326.0
  533.4   5391   -1.8   -2.4     95   6.01    226    3.6  324.8  344.7  326.0
  532.7   5401   -1.9   -2.5     95   6.00    224    3.5  324.8  344.7  326.0
  532.0   5412   -1.9   -2.3     97   6.09    221    3.4  324.8  345.0  326.0
  531.2   5424   -2.0   -2.2     99   6.15    219    3.4  324.8  345.3  326.0
  530.5   5434   -2.1   -2.1    100   6.22    217    3.3  324.9  345.5  326.1
  530.1   5440   -2.0   -2.0    100   6.24    215    3.3  325.0  345.7  326.2
  529.6   5447   -1.9   -1.9    100   6.30    213    3.2  325.2  346.2  326.5
  528.9   5459   -1.9   -1.9    100   6.34    212    3.2  325.4  346.5  326.7
  528.0   5472   -1.8   -1.8    100   6.36    211    3.2  325.6  346.8  326.9
  527.0   5487   -1.9   -1.9    100   6.34    211    3.2  325.8  346.8  327.0
  526.0   5502   -1.9   -2.1     99   6.27    211    3.3  325.9  346.7  327.1
  525.0   5517   -2.0   -2.1     99   6.26    212    3.3  326.0  346.8  327.2
  524.3   5527   -2.1   -2.1     99   6.26    213    3.4  326.0  346.8  327.2
  523.9   5534   -2.1   -2.4     98   6.14    215    3.4  326.0  346.5  327.2
  523.2   5545   -2.1   -2.4     98   6.13    218    3.5  326.1  346.6  327.3
  522.2   5560   -2.3   -2.4     99   6.16    220    3.5  326.1  346.7  327.3
  521.1   5576   -2.5   -2.5    100   6.15    224    3.6  326.1  346.6  327.3
  520.2   5591   -2.5   -2.6     99   6.08    227    3.6  326.2  346.5  327.4
  519.3   5604   -2.5   -2.7     99   6.06    230    3.6  326.3  346.6  327.5
  518.5   5616   -2.7   -2.7    100   6.07    234    3.6  326.3  346.6  327.5
  517.7   5628   -2.8   -2.8    100   6.03    238    3.6  326.3  346.4  327.5
  517.0   5639   -2.8   -2.8    100   6.03    241    3.6  326.4  346.5  327.6
  516.3   5650   -2.9   -2.9    100   6.02    245    3.5  326.5  346.6  327.6
  515.4   5664   -2.9   -2.9    100   6.01    248    3.4  326.6  346.7  327.8
  514.5   5678   -3.0   -3.0    100   6.00    251    3.4  326.7  346.7  327.9
  513.7   5691   -3.1   -3.1    100   5.95    254    3.3  326.7  346.6  327.9
  512.9   5703   -3.2   -3.2     99   5.90    257    3.1  326.7  346.5  327.9
  512.1   5715   -3.2   -3.3     99   5.88    259    3.0  326.8  346.5  328.0
  511.3   5728   -3.3   -3.3    100   5.88    261    2.9  326.9  346.6  328.0
  510.6   5739   -3.4   -3.4    100   5.86    262    2.8  326.9  346.6  328.1
  509.8   5751   -3.5   -3.5    100   5.83    263    2.7  326.9  346.5  328.1
  509.0   5764   -3.5   -3.5    100   5.82    263    2.6  327.0  346.5  328.2
  508.3   5775   -3.6   -3.6    100   5.80    263    2.5  327.1  346.5  328.2
  507.5   5786   -3.6   -3.6    100   5.79    262    2.4  327.2  346.6  328.3
  506.7   5799   -3.7   -3.7    100   5.76    261    2.4  327.2  346.6  328.4
  505.9   5812   -3.8   -3.8    100   5.73    259    2.4  327.2  346.5  328.4
  505.1   5825   -3.9   -3.9    100   5.71    257    2.4  327.3  346.5  328.4
  504.2   5837   -3.9   -3.9    100   5.71    255    2.5  327.4  346.6  328.6
  503.5   5850   -4.0   -4.0    100   5.69    253    2.6  327.5  346.6  328.6
  502.8   5860   -3.9   -4.2     98   5.60    251    2.7  327.7  346.6  328.8
  502.1   5871   -3.8   -4.3     96   5.55    249    2.9  328.0  346.7  329.1
  501.3   5883   -3.7   -4.4     95   5.52    248    3.0  328.2  346.8  329.3
  500.5   5896   -3.7   -4.6     93   5.44    247    3.2  328.4  346.8  329.5
  500.0   5904   -3.6   -4.7     92   5.42    247    3.2  328.5  346.9  329.6
  499.7   5909   -3.6   -4.7     92   5.40    246    3.3  328.6  346.9  329.7
  498.9   5922   -3.7   -4.8     92   5.40    245    3.4  328.7  347.0  329.8
  498.0   5936   -3.7   -4.8     92   5.38    245    3.5  328.8  347.0  329.9
  497.2   5948   -3.8   -4.9     92   5.35    245    3.6  328.9  347.1  330.0
  496.6   5959   -3.8   -5.0     91   5.32    245    3.7  329.0  347.0  330.0
  496.0   5968   -3.9   -5.0     92   5.33    245    3.7  329.0  347.1  330.1
  495.5   5976   -3.9   -5.0     92   5.32    245    3.8  329.0  347.1  330.1
  494.9   5986   -4.0   -5.0     93   5.34    246    3.8  329.0  347.1  330.1
  494.0   6000   -4.1   -5.0     94   5.35    246    3.8  329.1  347.2  330.1
  493.1   6014   -4.2   -5.1     93   5.31    246    3.8  329.1  347.2  330.2
  492.5   6024   -4.3   -5.2     93   5.29    245    3.7  329.2  347.1  330.2
  492.0   6032   -4.3   -5.3     93   5.27    245    3.7  329.2  347.1  330.2
  491.3   6042   -4.4   -5.2     94   5.30    244    3.7  329.2  347.2  330.3
  490.6   6054   -4.5   -5.2     95   5.30    243    3.8  329.2  347.2  330.3
  489.9   6066   -4.6   -5.2     95   5.30    242    3.8  329.2  347.2  330.3
  489.1   6078   -4.7   -5.2     96   5.31    241    3.9  329.3  347.3  330.4
  488.4   6089   -4.7   -5.3     96   5.29    239    4.0  329.4  347.4  330.4
  487.8   6100   -4.7   -5.4     95   5.27    238    4.1  329.5  347.4  330.6
  487.2   6109   -4.8   -5.4     95   5.27    236    4.2  329.6  347.5  330.6
  486.6   6119   -4.8   -5.4     96   5.27    234    4.4  329.6  347.5  330.7
  486.0   6129   -4.9   -5.4     97   5.29    232    4.5  329.6  347.6  330.7
  485.2   6142   -5.1   -5.3     98   5.33    231    4.7  329.6  347.7  330.7
  484.4   6154   -5.2   -5.4     99   5.32    229    4.9  329.6  347.7  330.7
  483.7   6166   -5.2   -5.5     98   5.28    227    5.0  329.7  347.6  330.7
  483.0   6178   -5.3   -5.5     98   5.26    226    5.2  329.7  347.6  330.8
  482.3   6189   -5.4   -5.6     99   5.24    224    5.3  329.7  347.6  330.8
  481.5   6201   -5.5   -5.6     99   5.24    223    5.5  329.8  347.6  330.8
  480.8   6212   -5.6   -5.7    100   5.23    221    5.6  329.8  347.6  330.8
  480.2   6223   -5.7   -5.7    100   5.22    220    5.7  329.8  347.5  330.8
  479.6   6232   -5.8   -5.8    100   5.20    219    5.7  329.8  347.5  330.9
  479.0   6242   -5.8   -5.8    100   5.18    218    5.8  329.9  347.5  330.9
  478.4   6253   -5.9   -5.9    100   5.18    218    5.8  330.0  347.6  331.0
  477.7   6264   -5.9   -5.9    100   5.17    217    5.9  330.1  347.7  331.1
  477.0   6276   -5.9   -5.9    100   5.17    217    5.9  330.1  347.8  331.2
  476.3   6287   -5.9   -5.9    100   5.17    217    5.9  330.3  347.9  331.3
  475.6   6299   -5.9   -5.9    100   5.19    217    5.9  330.4  348.2  331.5
  474.9   6311   -5.9   -5.9    100   5.20    217    5.9  330.6  348.3  331.6
  474.1   6323   -6.0   -6.4     97   5.02    218    5.9  330.6  347.8  331.6
  473.4   6335   -6.1   -6.3     99   5.08    218    5.8  330.7  348.1  331.7
  472.8   6346   -6.1   -6.1    100   5.15    218    5.8  330.8  348.4  331.8
  472.1   6356   -6.1   -6.1    100   5.14    218    5.7  330.9  348.4  331.9
  471.5   6367   -6.2   -6.3     99   5.08    218    5.7  330.9  348.3  331.9
  470.8   6378   -6.2   -6.5     98   5.01    218    5.6  331.0  348.2  332.0
  470.2   6389   -6.2   -6.6     97   4.99    218    5.5  331.1  348.2  332.1
  469.6   6398   -6.3   -6.7     97   4.96    217    5.4  331.2  348.2  332.2
  468.9   6409   -6.3   -6.7     97   4.96    217    5.3  331.3  348.3  332.3
  468.2   6421   -6.4   -6.7     98   4.95    217    5.2  331.3  348.3  332.3
  467.4   6434   -6.5   -7.1     96   4.84    217    5.1  331.3  348.0  332.3
  466.7   6447   -6.6   -7.5     93   4.68    217    5.0  331.4  347.5  332.3
  466.0   6458   -6.6   -7.9     91   4.55    217    4.9  331.5  347.2  332.4
  465.4   6469   -6.6   -8.0     90   4.52    218    4.8  331.7  347.3  332.6
  464.8   6478   -6.6   -7.8     91   4.59    218    4.7  331.8  347.6  332.7
  464.2   6488   -6.6   -7.7     92   4.63    218    4.6  331.9  347.8  332.8
  463.5   6500   -6.7   -7.8     92   4.61    218    4.5  331.9  347.9  332.9
  462.8   6511   -6.7   -7.9     91   4.59    218    4.4  332.0  347.9  333.0
  462.2   6522   -6.8   -7.9     92   4.58    217    4.3  332.1  347.9  333.0
  461.7   6531   -6.8   -7.9     92   4.57    217    4.2  332.1  347.9  333.0
  461.2   6540   -6.9   -8.1     91   4.51    217    4.1  332.1  347.7  333.0
  460.5   6551   -6.9   -8.3     90   4.46    216    4.0  332.2  347.7  333.1
  459.8   6564   -7.0   -8.3     90   4.46    216    3.9  332.3  347.8  333.2
  459.0   6577   -7.0   -8.4     90   4.44    215    3.9  332.4  347.8  333.3
  458.2   6590   -7.1   -8.5     90   4.41    215    3.9  332.5  347.7  333.3
  457.5   6603   -7.2   -8.5     90   4.41    216    3.9  332.5  347.8  333.4
  456.8   6615   -7.3   -8.5     91   4.41    217    3.9  332.5  347.8  333.4
  456.0   6627   -7.4   -8.6     92   4.41    218    4.0  332.6  347.8  333.4
  455.4   6639   -7.5   -8.6     92   4.42    220    4.1  332.6  347.8  333.4
  454.8   6648   -7.6   -8.6     93   4.41    222    4.3  332.6  347.9  333.5
  454.2   6659   -7.7   -8.6     94   4.43    224    4.5  332.6  347.9  333.5
  453.6   6670   -7.8   -8.6     94   4.43    226    4.7  332.6  347.9  333.5
  452.9   6680   -7.9   -8.6     94   4.42    229    4.9  332.6  347.9  333.5
  452.3   6692   -8.0   -8.6     95   4.43    231    5.1  332.6  348.0  333.5
  451.5   6706   -8.1   -8.6     96   4.44    233    5.4  332.7  348.1  333.6
  450.8   6717   -8.1   -8.6     96   4.43    234    5.6  332.8  348.2  333.7
  450.3   6726   -8.1   -8.7     96   4.42    236    5.9  332.9  348.2  333.8
  449.8   6735   -8.2   -8.7     96   4.43    237    6.0  332.9  348.3  333.8
  449.1   6746   -8.3   -8.7     97   4.43    238    6.2  332.9  348.3  333.8
  448.5   6758   -8.4   -8.7     97   4.42    238    6.3  332.9  348.3  333.8
  447.9   6768   -8.4   -8.7     98   4.44    239    6.4  333.0  348.4  333.9
  447.4   6776   -8.5   -8.7     99   4.45    240    6.4  333.0  348.5  333.9
  446.9   6785   -8.5   -8.7     99   4.45    240    6.4  333.1  348.6  334.0
  446.3   6796   -8.5   -8.9     97   4.39    241    6.3  333.3  348.5  334.2
  445.6   6807   -8.5   -9.1     95   4.31    241    6.3  333.4  348.4  334.3
  445.1   6817   -8.5   -9.3     94   4.25    242    6.1  333.5  348.3  334.3
  444.5   6826   -8.6   -9.4     94   4.24    242    6.0  333.5  348.3  334.4
  443.9   6836   -8.6   -9.4     94   4.23    243    5.9  333.6  348.3  334.4
  443.3   6848   -8.7   -9.5     94   4.21    243    5.8  333.6  348.3  334.5
  442.7   6858   -8.8   -9.7     93   4.14    243    5.7  333.7  348.1  334.5
  442.2   6867   -8.8  -10.0     91   4.05    243    5.6  333.7  347.9  334.6
  441.7   6876   -8.8  -10.3     89   3.96    243    5.4  333.8  347.7  334.6
  441.1   6885   -8.9  -10.5     88   3.92    242    5.4  333.9  347.6  334.7
  440.6   6895   -9.0  -10.4     90   3.95    241    5.3  333.9  347.7  334.7
  440.0   6906   -9.1  -10.3     91   3.98    239    5.2  333.9  347.8  334.7
  439.4   6917   -9.2  -10.2     92   4.01    238    5.2  333.9  347.9  334.7
  438.7   6928   -9.3  -10.1     94   4.05    237    5.2  333.9  348.0  334.7
  438.1   6939   -9.3  -10.0     95   4.09    235    5.2  334.0  348.2  334.8
  437.6   6947   -9.4  -10.0     96   4.11    234    5.2  334.0  348.3  334.8
  437.1   6956   -9.5  -10.0     96   4.11    233    5.3  334.0  348.3  334.8
  436.6   6966   -9.6  -10.0     97   4.10    232    5.3  334.0  348.3  334.8
  436.0   6976   -9.7  -10.1     97   4.08    231    5.4  334.0  348.2  334.8
  435.3   6989   -9.8  -10.1     97   4.08    231    5.5  334.0  348.2  334.8
  434.6   7002   -9.9  -10.2     98   4.08    231    5.6  334.0  348.2  334.8
  433.9   7013  -10.0  -10.3     98   4.03    231    5.7  334.0  348.1  334.8
  433.2   7025  -10.1  -10.4     98   4.02    231    5.7  334.0  348.1  334.9
  432.6   7037  -10.2  -10.4     99   4.02    231    5.8  334.1  348.1  334.9
  431.9   7049  -10.3  -10.5     98   3.99    232    5.8  334.1  348.1  334.9
  431.2   7061  -10.4  -10.6     98   3.96    232    5.9  334.2  348.0  335.0
  430.5   7073  -10.4  -10.8     97   3.93    233    5.9  334.3  348.0  335.0
  429.9   7086  -10.5  -10.9     97   3.88    234    5.8  334.3  347.9  335.1
  429.2   7097  -10.5  -11.0     96   3.86    235    5.8  334.4  348.0  335.2
  428.6   7108  -10.6  -11.1     96   3.84    236    5.7  334.5  348.0  335.3
  428.0   7120  -10.6  -11.2     95   3.80    238    5.6  334.6  347.9  335.3
  427.3   7131  -10.7  -11.4     95   3.76    239    5.6  334.6  347.8  335.4
  426.7   7143  -10.8  -11.4     95   3.76    241    5.5  334.7  347.9  335.5
  426.0   7155  -10.8  -11.4     95   3.76    242    5.4  334.7  347.9  335.5
  425.4   7165  -10.9  -11.5     96   3.74    244    5.3  334.7  347.9  335.5
  424.9   7176  -11.0  -11.5     96   3.74    246    5.1  334.7  347.9  335.5
  424.3   7185  -11.0  -11.8     95   3.68    247    5.0  334.8  347.8  335.6
  423.8   7194  -11.1  -11.8     94   3.66    248    4.9  334.9  347.8  335.7
  423.3   7203  -11.2  -11.8     95   3.66    250    4.7  334.9  347.8  335.7
  422.8   7213  -11.2  -11.9     95   3.64    251    4.6  334.9  347.8  335.7
  422.2   7224  -11.3  -12.0     95   3.63    251    4.4  335.0  347.8  335.7
  421.6   7235  -11.4  -12.1     94   3.60    252    4.2  335.0  347.7  335.8
  421.0   7246  -11.4  -12.2     94   3.56    252    3.9  335.1  347.7  335.8
  420.3   7258  -11.5  -12.5     92   3.48    252    3.7  335.2  347.5  335.9
  419.7   7269  -11.4  -12.9     89   3.39    251    3.4  335.4  347.4  336.1
  419.2   7279  -11.4  -13.0     88   3.37    250    3.1  335.5  347.5  336.2
  418.6   7290  -11.5  -13.0     89   3.38    247    2.8  335.6  347.6  336.3
  417.9   7303  -11.5  -13.0     89   3.38    244    2.5  335.7  347.7  336.4
  417.1   7317  -11.6  -13.1     89   3.36    238    2.2  335.8  347.7  336.5
  416.4   7330  -11.6  -13.2     88   3.34    231    1.9  335.9  347.7  336.6
  415.8   7342  -11.7  -13.3     88   3.31    221    1.8  336.0  347.8  336.7
  415.1   7353  -11.7  -13.5     86   3.25    210    1.7  336.2  347.7  336.8
  414.4   7367  -11.6  -13.9     83   3.16    199    1.7  336.3  347.6  337.0
  413.8   7379  -11.6  -14.5     79   3.03    189    1.8  336.6  347.4  337.2
  413.3   7387  -11.5  -14.9     76   2.92    181    2.0  336.8  347.3  337.4
  412.8   7396  -11.3  -15.3     72   2.83    176    2.2  337.1  347.3  337.7
  412.3   7406  -11.4  -15.3     73   2.83    172    2.5  337.2  347.4  337.8
  411.8   7416  -11.4  -15.4     72   2.81    170    2.7  337.3  347.4  337.9
  411.3   7425  -11.5  -15.5     72   2.79    168    2.9  337.3  347.3  337.9
  410.7   7436  -11.4  -15.8     70   2.72    166    3.2  337.5  347.3  338.0
  410.1   7448  -11.3  -16.4     66   2.59    165    3.4  337.8  347.2  338.3
  409.5   7458  -11.2  -16.8     63   2.51    164    3.6  338.0  347.1  338.5
  408.9   7469  -11.3  -16.8     64   2.51    164    3.8  338.1  347.2  338.6
  408.3   7482  -11.4  -16.9     64   2.51    163    3.9  338.1  347.2  338.6
  407.7   7492  -11.5  -17.0     64   2.49    162    4.1  338.1  347.1  338.6
  407.2   7502  -11.6  -17.1     64   2.47    161    4.2  338.1  347.1  338.6
  406.6   7512  -11.6  -17.2     63   2.45    160    4.3  338.2  347.1  338.7
  406.2   7521  -11.7  -17.3     63   2.43    159    4.3  338.2  347.0  338.7
  405.7   7529  -11.8  -17.5     62   2.39    159    4.4  338.3  347.0  338.7
  405.3   7538  -11.8  -17.8     61   2.33    158    4.4  338.3  346.8  338.8
  404.7   7548  -11.8  -18.4     58   2.23    158    4.3  338.4  346.6  338.9
  404.2   7558  -11.7  -19.0     55   2.11    158    4.3  338.6  346.4  339.1
  403.7   7568  -11.7  -19.4     53   2.05    158    4.2  338.8  346.3  339.2
  403.1   7580  -11.8  -19.3     54   2.06    158    4.1  338.8  346.4  339.2
  402.4   7592  -11.9  -19.4     54   2.06    158    4.0  338.9  346.4  339.3
  401.9   7602  -12.0  -19.4     54   2.05    158    3.8  338.9  346.4  339.3
  401.3   7614  -12.1  -19.4     54   2.05    159    3.7  338.9  346.4  339.3
  400.6   7626  -12.2  -19.5     55   2.05    159    3.5  338.9  346.5  339.3
  400.0   7638  -12.3  -19.5     55   2.05    159    3.5  339.0  346.5  339.4
  399.4   7650  -12.3  -19.5     55   2.04    160    3.2  339.0  346.5  339.4
  398.7   7662  -12.4  -19.6     55   2.04    160    3.0  339.1  346.6  339.5
  398.0   7676  -12.5  -19.7     55   2.03    161    2.9  339.1  346.6  339.6
  397.3   7690  -12.6  -19.7     55   2.03    162    2.8  339.2  346.6  339.6
  396.6   7704  -12.7  -19.7     56   2.02    163    2.7  339.2  346.6  339.6
  396.1   7714  -12.8  -19.8     56   2.02    165    2.6  339.2  346.6  339.6
  395.6   7723  -12.9  -19.8     57   2.02    167    2.5  339.2  346.6  339.6
  395.2   7731  -13.0  -19.8     57   2.02    168    2.4  339.2  346.6  339.6
  394.7   7739  -13.1  -19.8     57   2.02    170    2.4  339.2  346.6  339.6
  394.4   7747  -13.1  -19.8     57   2.02    172    2.4  339.2  346.7  339.6
  394.0   7754  -13.2  -19.8     58   2.03    174    2.3  339.2  346.7  339.6
  393.5   7764  -13.3  -19.8     58   2.03    175    2.3  339.2  346.7  339.7
  392.9   7774  -13.4  -19.8     59   2.04    177    2.3  339.3  346.8  339.7
  392.5   7783  -13.4  -19.8     59   2.03    178    2.3  339.2  346.7  339.7
  391.9   7793  -13.5  -19.8     59   2.03    179    2.2  339.3  346.7  339.7
  391.4   7804  -13.6  -19.9     59   2.02    180    2.2  339.3  346.7  339.7
  390.9   7813  -13.7  -19.9     60   2.02    182    2.1  339.3  346.8  339.7
  390.4   7823  -13.8  -19.7     61   2.05    183    2.1  339.4  346.9  339.8
  389.9   7834  -13.8  -19.7     61   2.07    185    2.0  339.4  347.0  339.8
  389.3   7845  -13.9  -19.6     62   2.08    187    1.9  339.4  347.1  339.9
  388.7   7856  -14.0  -19.6     63   2.09    190    1.9  339.5  347.1  339.9
  388.0   7870  -14.1  -19.6     63   2.09    193    1.8  339.5  347.2  339.9
  387.3   7884  -14.3  -19.6     64   2.10    197    1.7  339.5  347.2  339.9
  386.6   7897  -14.4  -19.8     63   2.06    201    1.7  339.5  347.1  339.9
  386.1   7908  -14.4  -20.4     61   1.96    204    1.6  339.5  346.8  339.9
  385.5   7920  -14.5  -20.7     60   1.92    208    1.6  339.6  346.7  340.0
  384.8   7933  -14.7  -20.5     61   1.96    211    1.5  339.6  346.8  340.0
  384.0   7949  -14.8  -21.0     59   1.87    214    1.4  339.6  346.6  340.0
  383.3   7963  -14.9  -21.1     59   1.86    216    1.4  339.7  346.6  340.0
  382.6   7976  -15.0  -21.1     60   1.87    217    1.3  339.7  346.6  340.1
  381.9   7990  -15.1  -21.0     61   1.88    219    1.2  339.7  346.6  340.1
  381.1   8006  -15.3  -21.1     61   1.87    220    1.1  339.7  346.6  340.1
  380.4   8020  -15.4  -21.1     62   1.87    220    0.9  339.7  346.6  340.1
  379.8   8033  -15.5  -21.1     62   1.87    221    0.8  339.7  346.6  340.1
  379.1   8045  -15.7  -21.1     63   1.88    221    0.7  339.7  346.6  340.1
  378.6   8057  -15.8  -21.2     63   1.87    221    0.6  339.7  346.6  340.1
  378.0   8068  -15.9  -21.2     64   1.87    221    0.6  339.7  346.6  340.1
  377.5   8079  -16.0  -21.1     65   1.89    221    0.5  339.7  346.7  340.1
  376.8   8091  -16.1  -21.1     65   1.88    221    0.5  339.7  346.7  340.1
  376.1   8105  -16.2  -21.2     66   1.88    220    0.5  339.7  346.7  340.1
  375.5   8119  -16.4  -21.3     66   1.87    219    0.5  339.7  346.6  340.1
  374.9   8131  -16.5  -21.3     67   1.88    216    0.5  339.7  346.6  340.1
  374.2   8144  -16.6  -21.3     67   1.88    214    0.6  339.7  346.7  340.1
  373.5   8158  -16.8  -21.4     67   1.86    212    0.7  339.7  346.6  340.1
  372.8   8172  -16.9  -21.4     68   1.87    211    0.8  339.7  346.6  340.1
  372.1   8186  -17.0  -21.3     69   1.88    210    0.9  339.7  346.7  340.1
  371.4   8200  -17.2  -21.4     70   1.88    210    1.0  339.7  346.7  340.1
  370.8   8213  -17.3  -21.5     70   1.86    210    1.1  339.7  346.6  340.1
  370.1   8227  -17.4  -21.4     71   1.87    211    1.2  339.7  346.7  340.1
  369.4   8241  -17.5  -21.5     71   1.86    213    1.3  339.7  346.6  340.1
  368.9   8250  -17.6  -21.6     71   1.85    215    1.4  339.7  346.6  340.1
  368.5   8258  -17.7  -21.4     73   1.88    218    1.5  339.7  346.7  340.1
  368.1   8268  -17.8  -21.4     74   1.89    221    1.5  339.7  346.7  340.1
  367.5   8279  -17.9  -21.5     73   1.87    223    1.6  339.7  346.6  340.1
  366.9   8291  -18.0  -21.5     74   1.87    226    1.6  339.7  346.6  340.1
  366.2   8306  -18.2  -21.5     75   1.88    229    1.6  339.7  346.7  340.1
  365.5   8319  -18.3  -21.6     75   1.86    231    1.6  339.7  346.6  340.1
  365.0   8331  -18.4  -21.7     76   1.86    232    1.6  339.7  346.6  340.1
  364.4   8343  -18.5  -21.6     77   1.87    233    1.6  339.7  346.6  340.1
  363.9   8354  -18.6  -21.7     77   1.86    233    1.6  339.7  346.6  340.1
  363.3   8366  -18.8  -21.6     78   1.88    233    1.6  339.7  346.7  340.1
  362.7   8378  -18.9  -21.6     79   1.87    232    1.6  339.7  346.7  340.1
  362.1   8391  -19.0  -21.7     79   1.87    231    1.6  339.7  346.6  340.1
  361.4   8404  -19.1  -21.7     80   1.88    230    1.6  339.7  346.7  340.1
  360.7   8418  -19.3  -21.7     81   1.88    230    1.5  339.7  346.7  340.1
  360.0   8433  -19.4  -21.7     82   1.88    229    1.5  339.8  346.7  340.1
  359.3   8447  -19.5  -21.8     83   1.87    229    1.5  339.8  346.7  340.1
  358.7   8461  -19.7  -21.9     83   1.86    230    1.5  339.7  346.6  340.1
  358.0   8474  -19.8  -21.9     84   1.86    232    1.5  339.7  346.6  340.1
  357.4   8486  -20.0  -21.8     85   1.88    233    1.5  339.7  346.7  340.1
  356.8   8499  -20.1  -21.8     86   1.89    236    1.4  339.7  346.7  340.1
  356.3   8510  -20.2  -21.7     88   1.90    239    1.4  339.7  346.7  340.1
  355.7   8522  -20.3  -21.6     89   1.92    242    1.4  339.7  346.8  340.1
  355.2   8534  -20.4  -21.9     88   1.88    245    1.4  339.7  346.7  340.1
  354.6   8546  -20.5  -22.0     88   1.85    247    1.4  339.7  346.6  340.1
  354.0   8559  -20.6  -21.8     90   1.89    249    1.4  339.7  346.7  340.1
  353.3   8572  -20.8  -21.8     92   1.90    250    1.4  339.7  346.8  340.1
  352.6   8587  -20.9  -21.9     92   1.88    250    1.5  339.7  346.7  340.1
  351.9   8601  -21.1  -22.0     92   1.88    249    1.5  339.7  346.7  340.1
  351.2   8616  -21.2  -22.0     93   1.88    247    1.6  339.7  346.7  340.1
  350.6   8628  -21.3  -21.9     95   1.89    244    1.6  339.7  346.7  340.1
  350.1   8640  -21.4  -21.8     97   1.92    241    1.7  339.7  346.8  340.1
  349.5   8651  -21.6  -21.8     98   1.92    237    1.8  339.7  346.8  340.1
  348.9   8664  -21.7  -22.0     98   1.90    233    1.9  339.7  346.7  340.1
  348.3   8679  -21.8  -22.2     97   1.86    230    2.0  339.7  346.6  340.1
  347.6   8692  -22.0  -22.3     97   1.85    226    2.2  339.7  346.6  340.1
  347.0   8704  -22.1  -22.3     98   1.86    223    2.3  339.7  346.6  340.1
  346.6   8714  -22.2  -22.3     99   1.86    220    2.4  339.7  346.6  340.1
  346.1   8725  -22.3  -22.3    100   1.86    218    2.5  339.7  346.6  340.1
  345.5   8738  -22.4  -22.4    100   1.85    216    2.6  339.8  346.6  340.1
  344.9   8751  -22.5  -22.5    100   1.83    214    2.7  339.8  346.6  340.2
  344.3   8762  -22.6  -22.6    100   1.81    213    2.7  339.8  346.5  340.2
  343.8   8773  -22.7  -22.7    100   1.80    211    2.7  339.8  346.5  340.2
  343.2   8786  -22.7  -22.7    100   1.80    209    2.6  339.9  346.6  340.3
  342.5   8801  -22.8  -22.8    100   1.79    207    2.5  340.0  346.7  340.4
  341.8   8815  -22.9  -22.9    100   1.78    205    2.3  340.1  346.7  340.4
  341.1   8830  -23.0  -23.1    100   1.76    201    2.1  340.1  346.7  340.5
  340.5   8845  -23.1  -23.2     99   1.74    196    1.8  340.1  346.6  340.5
  339.8   8859  -23.3  -23.4     99   1.72    187    1.5  340.1  346.5  340.4
  339.2   8873  -23.5  -23.5     99   1.69    172    1.2  340.0  346.3  340.4
  338.5   8887  -23.5  -23.6     99   1.69    147    1.0  340.1  346.4  340.5
  337.9   8900  -23.6  -23.7    100   1.68    118    1.1  340.2  346.5  340.5
  337.3   8913  -23.7  -23.7    100   1.68     96    1.4  340.2  346.5  340.6
  336.7   8927  -23.8  -23.9     98   1.65     83    1.8  340.4  346.5  340.7
  336.1   8939  -23.5  -24.5     91   1.57     75    2.3  340.9  346.7  341.2
  335.6   8950  -23.1  -25.1     84   1.49     70    2.8  341.5  347.2  341.9
  335.1   8962  -22.8  -25.5     78   1.44     67    3.2  342.2  347.6  342.5
  334.5   8974  -22.1  -26.1     70   1.36     65    3.6  343.2  348.4  343.5
  333.9   8988  -21.6  -26.4     65   1.33     63    3.9  344.1  349.2  344.4
  333.2   9002  -21.4  -26.5     63   1.33     62    4.2  344.7  349.8  345.0
  332.6   9016  -21.2  -26.4     63   1.33     61    4.4  345.0  350.2  345.3
  332.0   9029  -21.1  -26.7     61   1.31     60    4.5  345.3  350.4  345.6
  331.4   9042  -21.1  -27.0     59   1.27     60    4.6  345.6  350.5  345.9
  330.9   9053  -21.0  -27.3     57   1.24     59    4.7  345.9  350.7  346.2
  330.4   9064  -20.9  -27.6     55   1.21     58    4.7  346.1  350.8  346.4
  329.9   9077  -21.0  -27.6     55   1.20     57    4.6  346.2  350.9  346.4
  329.3   9090  -21.1  -27.7     55   1.20     57    4.6  346.2  350.9  346.5
  328.7   9103  -21.2  -27.7     56   1.20     55    4.5  346.2  350.9  346.5
  328.2   9116  -21.3  -27.7     56   1.20     54    4.4  346.2  350.9  346.5
  327.6   9128  -21.4  -27.7     57   1.21     53    4.3  346.3  350.9  346.5
  327.1   9140  -21.5  -27.7     58   1.21     52    4.2  346.2  350.9  346.5
  326.5   9153  -21.6  -27.7     58   1.20     50    4.1  346.3  350.9  346.5
  326.0   9164  -21.7  -27.8     58   1.19     48    4.0  346.3  350.9  346.6
  325.6   9173  -21.8  -27.9     58   1.19     47    3.9  346.3  351.0  346.6
  325.1   9184  -21.9  -27.9     58   1.19     45    3.8  346.3  351.0  346.6
  324.5   9197  -22.0  -27.9     59   1.20     43    3.7  346.4  351.0  346.6
  324.0   9210  -22.2  -27.9     60   1.19     41    3.7  346.3  351.0  346.6
  323.4   9224  -22.3  -28.0     60   1.18     40    3.6  346.4  351.0  346.6
  322.8   9237  -22.4  -28.1     59   1.17     38    3.6  346.4  351.0  346.7
  322.3   9249  -22.5  -28.2     60   1.17     37    3.6  346.4  351.0  346.7
  321.7   9261  -22.6  -28.3     60   1.16     36    3.6  346.4  351.0  346.7
  321.1   9274  -22.7  -28.3     60   1.16     35    3.6  346.5  351.0  346.7
  320.6   9287  -22.8  -28.3     61   1.16     34    3.7  346.5  351.0  346.7
  320.1   9298  -22.9  -28.4     61   1.16     33    3.7  346.5  351.0  346.7
  319.6   9309  -23.0  -28.4     61   1.15     32    3.7  346.5  351.0  346.7
  319.1   9320  -23.1  -28.6     61   1.14     32    3.8  346.5  350.9  346.7
  318.7   9330  -23.2  -28.6     61   1.13     32    3.8  346.5  350.9  346.7
  318.3   9340  -23.3  -28.7     61   1.12     32    3.9  346.5  350.9  346.7
  317.8   9351  -23.4  -28.8     61   1.12     32    3.9  346.5  350.8  346.7
  317.3   9363  -23.6  -28.8     62   1.12     32    4.0  346.5  350.8  346.7
  316.7   9376  -23.7  -28.7     63   1.13     32    4.0  346.5  350.9  346.7
  316.1   9390  -23.8  -28.7     64   1.14     32    4.0  346.5  351.0  346.8
  315.5   9404  -23.9  -28.7     65   1.14     33    4.0  346.5  351.0  346.8
  315.0   9416  -24.0  -28.8     65   1.13     33    4.0  346.5  351.0  346.8
  314.5   9426  -24.1  -28.8     65   1.13     33    4.0  346.6  351.0  346.8
  314.0   9438  -24.2  -28.8     66   1.13     33    3.9  346.6  351.0  346.8
  313.5   9450  -24.3  -28.8     67   1.14     33    3.9  346.6  351.0  346.8
  313.0   9462  -24.5  -28.8     67   1.13     33    3.8  346.6  351.0  346.8
  312.5   9474  -24.6  -28.8     68   1.14     33    3.7  346.6  351.0  346.8
  312.0   9486  -24.7  -28.9     68   1.13     33    3.6  346.6  351.0  346.8
  311.5   9497  -24.8  -28.9     68   1.13     32    3.5  346.6  351.0  346.8
  311.0   9508  -24.9  -28.9     69   1.13     32    3.4  346.6  351.0  346.8
  310.5   9521  -25.0  -28.8     70   1.14     33    3.3  346.6  351.0  346.8
  310.0   9533  -25.1  -28.9     71   1.14     33    3.2  346.6  351.0  346.8
  309.5   9545  -25.3  -28.9     71   1.13     34    3.1  346.6  351.0  346.8
  308.9   9557  -25.4  -29.0     71   1.13     34    3.0  346.6  351.0  346.8
  308.4   9569  -25.5  -29.1     72   1.12     36    2.9  346.6  351.0  346.8
  307.9   9582  -25.6  -29.0     73   1.13     37    2.9  346.6  351.0  346.8
  307.3   9595  -25.7  -29.1     73   1.13     38    2.8  346.6  351.0  346.9
  306.8   9607  -25.8  -29.2     73   1.11     39    2.7  346.6  351.0  346.9
  306.3   9620  -25.9  -29.2     74   1.12     41    2.7  346.6  351.0  346.9
  305.7   9633  -26.1  -29.3     74   1.11     41    2.6  346.7  351.0  346.9
  305.2   9644  -26.2  -29.3     75   1.11     42    2.6  346.7  351.0  346.9
  304.8   9655  -26.3  -29.4     75   1.10     42    2.5  346.7  351.0  346.9
  304.3   9667  -26.4  -29.4     76   1.11     41    2.5  346.7  351.0  346.9
  303.8   9678  -26.5  -29.4     77   1.11     40    2.4  346.7  351.0  346.9
  303.3   9690  -26.6  -29.5     76   1.10     38    2.4  346.7  351.0  346.9
  302.8   9703  -26.7  -29.7     75   1.08     35    2.3  346.7  350.9  347.0
  302.2   9716  -26.8  -29.9     75   1.07     32    2.3  346.8  351.0  347.0
  301.8   9727  -26.8  -30.0     75   1.06     29    2.2  346.8  351.0  347.1
  301.3   9738  -26.9  -30.1     75   1.05     26    2.2  346.9  351.0  347.1
  300.8   9751  -27.0  -30.1     75   1.05     22    2.2  346.9  351.0  347.1
  300.3   9763  -27.1  -30.2     75   1.04     20    2.3  347.0  351.0  347.2
  300.0   9769  -27.1  -30.4     74   1.02     20    2.3  347.0  351.0  347.2
  299.8   9774  -27.2  -30.5     73   1.01     17    2.3  347.1  351.0  347.3
  299.3   9786  -27.2  -30.8     72   0.99     16    2.4  347.1  351.0  347.3
  298.7   9800  -27.3  -31.3     69   0.94     15    2.4  347.3  351.0  347.5
  298.2   9812  -27.3  -31.7     66   0.91     15    2.5  347.4  351.0  347.6
  297.8   9823  -27.3  -31.9     65   0.89     16    2.5  347.5  351.0  347.7
  297.3   9834  -27.4  -31.6     67   0.91     17    2.6  347.5  351.1  347.7
  296.8   9846  -27.5  -31.6     68   0.92     18    2.6  347.5  351.2  347.7
  296.4   9857  -27.6  -31.7     68   0.91     19    2.7  347.5  351.1  347.7
  295.9   9868  -27.8  -31.7     69   0.91     20    2.7  347.5  351.1  347.7
  295.4   9880  -27.9  -31.7     70   0.92     21    2.7  347.5  351.1  347.7
  295.0   9891  -28.0  -31.7     70   0.91     22    2.8  347.5  351.1  347.7
  294.5   9903  -28.1  -31.9     70   0.90     22    2.8  347.5  351.1  347.7
  293.9   9917  -28.2  -31.9     70   0.90     21    2.8  347.5  351.1  347.7
  293.4   9930  -28.3  -32.0     71   0.90     20    2.8  347.5  351.1  347.7
  292.9   9942  -28.4  -32.0     71   0.89     19    2.9  347.5  351.1  347.7
  292.3   9957  -28.6  -32.0     72   0.90     17    2.9  347.6  351.1  347.7
  291.7   9972  -28.7  -32.0     73   0.90     15    2.9  347.6  351.1  347.7
  291.1   9986  -28.9  -32.1     74   0.89     13    2.9  347.6  351.1  347.7
  290.6   9999  -29.0  -32.2     74   0.89     11    3.0  347.5  351.0  347.7
  290.1  10011  -29.1  -32.3     73   0.88      9    3.0  347.6  351.0  347.8
  289.5  10024  -29.2  -32.4     74   0.87      7    3.0  347.6  351.1  347.8
  289.0  10038  -29.3  -32.4     75   0.87      5    3.0  347.6  351.1  347.8
  288.5  10050  -29.4  -32.6     74   0.86      4    2.9  347.6  351.1  347.8
  288.1  10061  -29.5  -32.7     73   0.85      3    2.9  347.7  351.0  347.9
  287.6  10071  -29.6  -32.7     74   0.85      3    2.8  347.7  351.1  347.9
  287.1  10084  -29.7  -32.7     75   0.85      2    2.8  347.7  351.1  347.9
  286.6  10097  -29.8  -32.9     74   0.84      3    2.7  347.8  351.1  348.0
  286.1  10109  -29.9  -33.1     74   0.83      4    2.7  347.8  351.1  348.0
  285.6  10122  -30.0  -33.2     74   0.82      5    2.6  347.8  351.1  348.0
  285.0  10136  -30.1  -33.2     75   0.82      7    2.6  347.8  351.1  348.0
  284.4  10151  -30.3  -33.3     74   0.81      9    2.6  347.9  351.1  348.0
  283.8  10166  -30.4  -33.5     74   0.80     11    2.7  347.9  351.1  348.1
  283.4  10178  -30.5  -33.6     74   0.80     14    2.8  347.9  351.1  348.1
  283.0  10188  -30.6  -33.6     75   0.80     16    2.9  347.9  351.1  348.1
  282.6  10198  -30.7  -33.5     76   0.81     19    3.0  347.9  351.1  348.1
  282.1  10208  -30.8  -33.4     78   0.81     21    3.2  347.9  351.2  348.1
  281.7  10220  -30.9  -33.5     78   0.80     23    3.4  347.9  351.1  348.1
  281.2  10232  -31.0  -33.8     76   0.79     25    3.6  348.0  351.1  348.1
  280.7  10245  -31.1  -34.3     73   0.75     27    3.8  348.0  351.0  348.2
  280.2  10258  -31.1  -34.8     69   0.71     29    3.9  348.2  351.0  348.3
  279.7  10271  -31.1  -35.0     69   0.70     30    4.1  348.3  351.1  348.4
  279.2  10284  -31.2  -34.9     70   0.71     32    4.2  348.3  351.1  348.5
  278.7  10296  -31.3  -35.0     70   0.71     33    4.4  348.4  351.2  348.5
  278.2  10308  -31.4  -34.9     71   0.71     35    4.5  348.4  351.3  348.6
  277.8  10319  -31.5  -34.9     72   0.71     36    4.6  348.4  351.3  348.6
  277.4  10329  -31.6  -35.0     71   0.70     37    4.6  348.5  351.3  348.6
  276.9  10340  -31.7  -35.2     71   0.69     38    4.7  348.5  351.3  348.7
  276.5  10351  -31.7  -35.4     69   0.68     39    4.8  348.6  351.3  348.7
  276.0  10363  -31.8  -35.8     68   0.66     40    4.8  348.7  351.3  348.8
  275.5  10376  -31.9  -35.9     67   0.65     41    4.9  348.7  351.3  348.9
  275.1  10389  -32.0  -35.9     68   0.65     41    4.9  348.7  351.4  348.9
  274.6  10401  -32.1  -36.0     68   0.65     41    5.0  348.8  351.4  348.9
  274.0  10415  -32.2  -36.1     68   0.64     41    5.0  348.8  351.4  348.9
  273.5  10429  -32.3  -36.4     67   0.63     41    5.1  348.8  351.3  348.9
  272.9  10443  -32.4  -36.5     67   0.62     40    5.1  348.8  351.3  349.0
  272.4  10456  -32.6  -36.6     67   0.62     39    5.1  348.9  351.3  349.0
  272.0  10467  -32.6  -36.7     67   0.61     39    5.2  348.9  351.3  349.0
  271.5  10480  -32.8  -36.7     68   0.61     38    5.2  348.9  351.4  349.0
  271.0  10493  -32.9  -36.8     68   0.60     37    5.2  348.9  351.4  349.1
  270.6  10504  -32.9  -37.0     67   0.59     37    5.3  349.0  351.3  349.1
  270.1  10518  -33.0  -37.1     67   0.59     36    5.3  349.0  351.4  349.1
  269.5  10531  -33.1  -37.2     67   0.58     36    5.4  349.1  351.5  349.2
  269.1  10544  -33.2  -37.1     68   0.59     36    5.5  349.1  351.5  349.2
  268.6  10556  -33.3  -37.3     67   0.58     35    5.6  349.2  351.6  349.3
  268.2  10566  -33.4  -37.9     64   0.55     35    5.7  349.2  351.5  349.4
  267.8  10576  -33.4  -38.1     63   0.54     36    5.8  349.3  351.5  349.4
  267.4  10587  -33.5  -37.8     65   0.55     36    6.0  349.3  351.6  349.4
  267.0  10598  -33.6  -37.6     67   0.57     36    6.1  349.3  351.6  349.4
  266.5  10611  -33.7  -37.4     69   0.58     36    6.2  349.4  351.7  349.5
  265.9  10626  -33.8  -37.6     69   0.57     36    6.3  349.4  351.7  349.5
  265.4  10640  -33.9  -38.4     64   0.53     36    6.4  349.4  351.6  349.6
  265.0  10651  -34.0  -38.7     63   0.51     35    6.4  349.5  351.6  349.6
  264.6  10661  -34.1  -38.6     64   0.52     35    6.5  349.5  351.7  349.7
  264.2  10671  -34.1  -38.5     65   0.52     35    6.5  349.6  351.7  349.7
  263.8  10681  -34.2  -38.3     66   0.53     35    6.5  349.6  351.8  349.7
  263.4  10693  -34.3  -38.3     67   0.53     35    6.5  349.6  351.8  349.7
  262.9  10706  -34.4  -38.5     67   0.53     35    6.4  349.7  351.8  349.8
  262.4  10719  -34.5  -38.8     65   0.51     36    6.4  349.7  351.8  349.8
  262.0  10731  -34.6  -39.0     64   0.50     36    6.3  349.7  351.8  349.8
  261.4  10745  -34.7  -39.2     64   0.49     37    6.3  349.8  351.8  349.9
  260.9  10759  -34.8  -39.7     61   0.46     38    6.3  349.8  351.7  349.9
  260.4  10772  -34.9  -40.0     60   0.45     39    6.2  349.9  351.7  350.0
  259.9  10786  -35.1  -39.7     62   0.47     39    6.2  349.9  351.8  350.0
  259.4  10800  -35.2  -39.7     63   0.47     40    6.2  349.9  351.8  350.0
  258.9  10814  -35.3  -39.9     63   0.46     41    6.2  349.9  351.8  350.0
  258.4  10828  -35.4  -40.0     63   0.46     42    6.2  349.9  351.8  350.0
  257.8  10842  -35.6  -40.0     64   0.46     43    6.2  350.0  351.8  350.1
  257.3  10857  -35.7  -40.1     64   0.46     44    6.2  350.0  351.8  350.1
  256.8  10871  -35.8  -40.1     65   0.46     44    6.3  349.9  351.8  350.0
  256.3  10884  -36.0  -40.1     66   0.46     45    6.3  350.0  351.8  350.0
  255.8  10896  -36.1  -40.0     67   0.46     45    6.3  350.0  351.9  350.1
  255.4  10909  -36.2  -39.8     69   0.47     45    6.3  350.0  351.9  350.1
  254.9  10922  -36.3  -39.5     72   0.49     46    6.3  350.0  352.0  350.1
  254.4  10935  -36.4  -39.6     72   0.48     46    6.3  350.1  352.1  350.2
  254.0  10947  -36.5  -39.9     71   0.47     46    6.3  350.1  352.0  350.2
  253.5  10959  -36.6  -40.2     69   0.46     45    6.3  350.1  352.0  350.2
  253.0  10972  -36.7  -40.2     70   0.46     45    6.3  350.2  352.0  350.2
  252.6  10985  -36.8  -40.3     70   0.45     45    6.3  350.1  352.0  350.2
  252.1  10999  -36.9  -40.9     66   0.42     44    6.4  350.2  352.0  350.3
  251.6  11013  -37.0  -42.0     59   0.38     44    6.4  350.3  351.9  350.4
  251.1  11026  -37.0  -42.5     57   0.36     44    6.5  350.4  351.9  350.5
  250.6  11040  -37.1  -42.6     57   0.36     44    6.5  350.5  352.0  350.5
  250.0  11056  -37.3  -42.7     57   0.35     44    6.5  350.5  352.0  350.6
  249.5  11070  -37.4  -42.5     59   0.36     44    6.5  350.5  352.1  350.6
  249.0  11084  -37.5  -42.3     61   0.37     44    6.5  350.6  352.1  350.6
  248.5  11097  -37.6  -42.2     62   0.38     45    6.5  350.6  352.1  350.6
  248.0  11110  -37.8  -42.1     64   0.38     45    6.5  350.6  352.2  350.6
  247.5  11125  -37.9  -42.1     65   0.38     46    6.4  350.6  352.2  350.7
  247.0  11139  -38.0  -42.0     66   0.39     47    6.3  350.6  352.2  350.7
  246.6  11151  -38.1  -42.1     66   0.38     48    6.3  350.6  352.2  350.7
  246.1  11164  -38.2  -42.5     64   0.37     50    6.2  350.7  352.2  350.8
  245.6  11177  -38.3  -43.0     61   0.35     51    6.1  350.8  352.3  350.9
  245.2  11190  -38.3  -43.6     58   0.33     52    6.0  350.9  352.3  351.0
  244.8  11201  -38.4  -43.8     57   0.32     52    6.0  351.0  352.3  351.0
  244.4  11213  -38.5  -43.5     59   0.33     53    5.9  351.0  352.4  351.0
  243.9  11226  -38.6  -43.3     61   0.34     53    5.9  350.9  352.4  351.0
  243.4  11239  -38.8  -43.3     62   0.34     53    5.9  350.9  352.4  351.0
  242.9  11252  -38.9  -43.5     62   0.34     53    5.9  351.0  352.4  351.0
  242.5  11265  -39.0  -43.5     62   0.33     53    5.9  351.0  352.4  351.0
  242.0  11279  -39.1  -43.5     63   0.34     53    5.9  351.0  352.4  351.0
  241.6  11292  -39.3  -43.6     64   0.34     52    6.0  351.0  352.4  351.0
  241.1  11304  -39.4  -43.6     64   0.33     52    6.0  351.0  352.4  351.1
  240.7  11316  -39.5  -43.6     65   0.33     52    6.0  351.0  352.4  351.1
  240.3  11328  -39.6  -43.6     66   0.34     52    6.1  351.0  352.4  351.1
  239.8  11341  -39.7  -43.6     66   0.34     52    6.1  351.1  352.5  351.1
  239.4  11353  -39.8  -43.7     66   0.33     52    6.1  351.1  352.5  351.2
  239.0  11364  -39.9  -43.8     66   0.33     51    6.0  351.1  352.5  351.1
  238.6  11376  -40.0  -43.8     67   0.33     51    6.0  351.1  352.4  351.1
  238.2  11388  -40.1  -43.9     67   0.33     51    6.0  351.1  352.4  351.1
  237.8  11399  -40.2  -44.1     66   0.32     51    5.9  351.1  352.4  351.2
  237.3  11413  -40.4  -44.2     67   0.32     51    5.9  351.1  352.5  351.2
  236.8  11427  -40.5  -44.1     68   0.32     51    5.8  351.1  352.5  351.2
  236.3  11441  -40.6  -44.0     70   0.33     50    5.8  351.1  352.5  351.2
  235.9  11454  -40.7  -44.1     70   0.32     50    5.8  351.1  352.5  351.2
  235.4  11467  -40.8  -44.2     70   0.32     50    5.8  351.2  352.5  351.3
  235.0  11481  -41.0  -44.3     70   0.32     50    5.8  351.2  352.5  351.2
  234.5  11495  -41.1  -44.3     71   0.32     51    5.8  351.2  352.5  351.2
  234.0  11509  -41.2  -44.3     72   0.32     51    5.8  351.2  352.5  351.3
  233.6  11521  -41.4  -44.4     72   0.32     52    5.9  351.2  352.5  351.2
  233.2  11532  -41.5  -44.4     73   0.32     53    6.0  351.2  352.5  351.2
  232.8  11544  -41.6  -44.4     74   0.32     54    6.0  351.2  352.5  351.2
  232.4  11555  -41.7  -44.3     75   0.32     56    6.1  351.2  352.5  351.2
  232.0  11568  -41.8  -44.4     76   0.32     57    6.2  351.2  352.5  351.2
  231.5  11581  -41.9  -44.4     77   0.32     58    6.3  351.2  352.5  351.3
  231.0  11596  -42.1  -44.6     76   0.31     60    6.4  351.2  352.5  351.3
  230.6  11609  -42.2  -45.0     74   0.30     61    6.5  351.2  352.5  351.3
  230.2  11620  -42.2  -45.4     71   0.29     62    6.5  351.3  352.5  351.4
  229.7  11633  -42.3  -45.4     72   0.29     63    6.5  351.4  352.6  351.4
  229.4  11643  -42.4  -45.5     72   0.29     64    6.5  351.4  352.6  351.4
  229.1  11653  -42.5  -45.8     70   0.28     64    6.5  351.4  352.6  351.5
  228.7  11664  -42.6  -46.3     67   0.26     65    6.4  351.5  352.6  351.5
  228.3  11676  -42.6  -46.6     65   0.25     65    6.3  351.5  352.6  351.6
  227.9  11688  -42.7  -46.7     64   0.25     66    6.2  351.6  352.7  351.6
  227.5  11701  -42.8  -46.8     65   0.25     66    6.1  351.6  352.7  351.7
  227.0  11715  -42.9  -47.0     64   0.24     67    6.0  351.7  352.7  351.7
  226.5  11728  -43.0  -47.4     62   0.23     67    5.9  351.7  352.7  351.8
  226.1  11742  -43.1  -47.9     59   0.22     68    5.8  351.7  352.7  351.8
  225.6  11755  -43.2  -48.2     58   0.22     68    5.7  351.8  352.7  351.9
  225.3  11766  -43.3  -48.2     58   0.21     69    5.6  351.8  352.7  351.8
  224.9  11777  -43.5  -48.1     60   0.22     69    5.6  351.8  352.7  351.8
  224.5  11788  -43.6  -47.9     62   0.22     69    5.5  351.8  352.8  351.9
  224.1  11801  -43.7  -47.9     63   0.22     69    5.5  351.8  352.8  351.8
  223.6  11814  -43.8  -48.0     63   0.22     69    5.5  351.8  352.8  351.9
  223.2  11828  -43.9  -48.1     63   0.22     69    5.5  351.8  352.8  351.9
  222.7  11842  -44.1  -48.2     63   0.22     69    5.5  351.9  352.8  351.9
  222.3  11855  -44.2  -48.3     63   0.22     69    5.5  351.9  352.8  351.9
  221.8  11869  -44.2  -48.5     63   0.21     69    5.6  352.0  352.9  352.0
  221.4  11883  -44.3  -48.7     61   0.21     69    5.6  352.0  352.9  352.0
  220.9  11896  -44.4  -49.0     60   0.20     70    5.7  352.1  352.9  352.1
  220.5  11909  -44.5  -49.1     60   0.20     71    5.8  352.1  353.0  352.1
  220.1  11922  -44.7  -49.1     61   0.20     72    5.9  352.1  353.0  352.1
  219.6  11935  -44.8  -49.1     62   0.20     73    6.0  352.1  353.0  352.2
  219.2  11948  -44.9  -49.0     63   0.20     74    6.2  352.1  353.0  352.2
  218.8  11962  -45.1  -48.9     65   0.20     75    6.3  352.1  353.0  352.1
  218.3  11977  -45.2  -48.9     66   0.20     76    6.5  352.1  353.0  352.2
  217.8  11991  -45.3  -49.1     66   0.20     77    6.6  352.1  353.0  352.2
  217.4  12005  -45.5  -49.3     65   0.20     78    6.8  352.1  353.0  352.2
  216.9  12019  -45.6  -49.7     63   0.19     79    6.9  352.2  353.0  352.2
  216.4  12033  -45.7  -50.2     60   0.18     80    7.1  352.2  353.0  352.3
  216.0  12046  -45.8  -50.4     60   0.18     80    7.2  352.2  353.0  352.3
  215.6  12058  -45.9  -50.4     60   0.17     80    7.3  352.3  353.0  352.3
  215.3  12069  -46.0  -50.4     61   0.18     80    7.4  352.3  353.0  352.3
  214.9  12080  -46.1  -50.3     62   0.18     80    7.4  352.3  353.0  352.3
  214.6  12090  -46.2  -50.2     64   0.18     80    7.5  352.3  353.0  352.3
  214.3  12099  -46.3  -50.2     65   0.18     79    7.5  352.3  353.1  352.3
  214.0  12108  -46.4  -50.2     65   0.18     78    7.5  352.3  353.1  352.3
  213.7  12117  -46.5  -50.4     64   0.18     78    7.6  352.3  353.1  352.3
  213.4  12126  -46.5  -50.3     65   0.18     77    7.6  352.3  353.1  352.3
  213.1  12135  -46.6  -50.3     66   0.18     77    7.6  352.3  353.1  352.3
  212.8  12145  -46.7  -50.2     67   0.18     76    7.6  352.3  353.1  352.4
  212.5  12154  -46.8  -50.2     68   0.18     75    7.6  352.3  353.1  352.4
  212.2  12164  -46.9  -50.3     68   0.18     75    7.6  352.3  353.1  352.4
  211.9  12175  -47.0  -50.4     68   0.18     74    7.6  352.3  353.1  352.4
  211.5  12185  -47.1  -50.4     68   0.18     74    7.6  352.4  353.2  352.4
  211.2  12196  -47.2  -50.5     69   0.18     73    7.6  352.4  353.2  352.4
  210.9  12207  -47.2  -50.5     69   0.18     73    7.6  352.4  353.2  352.5
  210.5  12218  -47.4  -50.6     69   0.18     73    7.7  352.4  353.2  352.5
  210.1  12231  -47.5  -50.6     70   0.17     72    7.6  352.4  353.2  352.4
  209.7  12242  -47.6  -50.6     71   0.18     72    7.6  352.4  353.2  352.5
  209.4  12254  -47.7  -50.6     72   0.18     72    7.6  352.4  353.2  352.4
  208.9  12267  -47.8  -50.6     73   0.18     72    7.6  352.5  353.2  352.5
  208.5  12279  -47.9  -50.5     74   0.18     72    7.5  352.5  353.3  352.5
  208.1  12292  -48.1  -50.6     75   0.18     72    7.4  352.4  353.2  352.5
  207.8  12304  -48.2  -50.7     75   0.17     72    7.4  352.4  353.2  352.5
  207.4  12315  -48.3  -50.8     75   0.17     72    7.3  352.5  353.2  352.5
  207.0  12327  -48.4  -50.9     75   0.17     73    7.2  352.5  353.2  352.5
  206.7  12338  -48.5  -50.8     77   0.17     73    7.1  352.5  353.2  352.5
  206.4  12349  -48.6  -50.8     77   0.17     73    7.0  352.5  353.2  352.5
  206.0  12360  -48.7  -50.8     79   0.17     74    7.0  352.5  353.2  352.5
  205.7  12371  -48.8  -50.8     80   0.18     74    7.0  352.5  353.2  352.5
  205.3  12381  -48.9  -50.8     81   0.18     74    7.0  352.5  353.3  352.5
  205.0  12391  -49.0  -50.8     82   0.18     74    7.0  352.5  353.3  352.5
  204.8  12400  -49.1  -50.8     82   0.18     74    7.1  352.5  353.2  352.5
  204.5  12409  -49.2  -50.8     83   0.18     74    7.1  352.5  353.2  352.5
  204.2  12418  -49.3  -50.8     84   0.18     74    7.2  352.5  353.2  352.5
  203.9  12428  -49.4  -50.8     85   0.18     74    7.3  352.5  353.3  352.5
  203.6  12437  -49.4  -50.8     86   0.18     74    7.4  352.5  353.3  352.6
  203.3  12446  -49.5  -50.7     87   0.18     74    7.5  352.5  353.3  352.5
  203.0  12456  -49.6  -50.7     89   0.18     74    7.7  352.5  353.3  352.5
  202.7  12465  -49.7  -50.7     90   0.18     74    7.8  352.5  353.3  352.6
  202.5  12473  -49.8  -50.7     90   0.18     74    7.9  352.5  353.3  352.6
  202.2  12482  -49.8  -50.7     90   0.18     74    8.0  352.6  353.4  352.6
  201.9  12490  -49.9  -50.8     90   0.18     74    8.1  352.6  353.4  352.6
  201.7  12499  -50.0  -50.9     90   0.18     74    8.2  352.6  353.3  352.6
  201.4  12508  -50.1  -51.0     90   0.17     74    8.3  352.6  353.3  352.6
  201.1  12518  -50.2  -51.1     90   0.17     75    8.3  352.6  353.3  352.6
  200.8  12528  -50.3  -51.1     91   0.17     75    8.4  352.6  353.4  352.7
  200.5  12538  -50.3  -51.2     91   0.17     75    8.5  352.7  353.4  352.7
  200.2  12547  -50.4  -51.3     90   0.17     75    8.6  352.7  353.5  352.8
  200.0  12554  -50.4  -51.4     89   0.17     75    8.6  352.7  353.5  352.8
  199.7  12564  -50.5  -51.5     89   0.17     75    8.8  352.7  353.4  352.8
  199.4  12574  -50.6  -51.6     89   0.16     76    8.9  352.7  353.5  352.8
  199.1  12584  -50.7  -51.7     88   0.16     76    9.0  352.8  353.5  352.8
  198.8  12593  -50.8  -52.0     87   0.16     76    9.1  352.8  353.5  352.9
  198.5  12603  -50.8  -52.2     85   0.15     76    9.1  352.9  353.5  352.9
  198.2  12613  -50.9  -52.5     83   0.15     76    9.2  352.9  353.6  352.9
  197.9  12622  -51.0  -52.8     80   0.14     77    9.3  353.0  353.6  353.0
  197.7  12630  -51.0  -53.3     76   0.14     77    9.4  353.0  353.6  353.0
  197.4  12639  -51.0  -53.8     72   0.13     77    9.5  353.1  353.7  353.1
  197.1  12648  -51.1  -54.3     68   0.12     77    9.6  353.2  353.7  353.2
  196.8  12657  -51.2  -54.7     66   0.12     76    9.6  353.2  353.7  353.2
  196.6  12667  -51.2  -54.8     65   0.11     76    9.7  353.3  353.8  353.3
  196.3  12676  -51.3  -54.8     65   0.11     76    9.8  353.3  353.8  353.3
  196.0  12685  -51.4  -54.8     67   0.11     76    9.8  353.3  353.8  353.3
  195.7  12694  -51.5  -54.7     68   0.12     76    9.9  353.3  353.8  353.3
  195.5  12703  -51.5  -54.5     70   0.12     76    9.9  353.3  353.8  353.3
  195.2  12713  -51.6  -54.4     72   0.12     75    9.9  353.3  353.9  353.4
  194.9  12723  -51.7  -54.4     73   0.12     75   10.0  353.4  353.9  353.4
  194.6  12731  -51.8  -54.4     74   0.12     75   10.0  353.3  353.9  353.4
  194.4  12739  -51.9  -54.3     75   0.12     75   10.0  353.3  353.9  353.3
  194.1  12749  -52.0  -54.2     76   0.12     75   10.1  353.3  353.9  353.3
  193.8  12760  -52.0  -54.1     78   0.13     75   10.1  353.3  353.9  353.4
  193.5  12770  -52.2  -54.1     80   0.13     75   10.2  353.3  353.9  353.3
  193.1  12780  -52.3  -54.1     81   0.13     75   10.2  353.3  353.9  353.3
  192.8  12792  -52.4  -54.1     82   0.13     75   10.3  353.3  353.9  353.3
  192.4  12804  -52.5  -54.2     82   0.13     75   10.4  353.4  353.9  353.4
  192.0  12817  -52.6  -54.4     80   0.12     75   10.5  353.4  354.0  353.4
  191.7  12830  -52.7  -54.8     78   0.12     75   10.6  353.4  353.9  353.4
  191.3  12843  -52.8  -55.1     75   0.11     75   10.8  353.5  354.0  353.5
  190.9  12856  -52.8  -55.5     72   0.11     75   10.9  353.6  354.1  353.6
  190.5  12870  -52.9  -55.9     70   0.10     75   11.1  353.6  354.1  353.7
  190.1  12883  -53.1  -56.3     68   0.10     75   11.2  353.7  354.1  353.7
  189.7  12897  -53.2  -56.6     66   0.09     75   11.4  353.7  354.1  353.7
  189.3  12910  -53.3  -57.1     63   0.09     75   11.5  353.7  354.2  353.8
  188.9  12924  -53.4  -57.6     60   0.08     75   11.7  353.8  354.2  353.8
  188.5  12937  -53.5  -58.0     57   0.08     75   11.8  353.9  354.2  353.9
  188.1  12950  -53.6  -58.3     56   0.08     75   11.8  353.9  354.3  354.0
  187.8  12963  -53.7  -58.5     55   0.08     76   11.9  353.9  354.3  353.9
  187.4  12975  -53.8  -58.5     56   0.08     76   11.9  353.9  354.3  353.9
  187.0  12988  -53.9  -58.4     58   0.08     77   11.9  353.9  354.3  354.0
  186.6  13001  -54.1  -58.4     59   0.08     77   11.8  353.9  354.3  354.0
  186.2  13015  -54.2  -58.4     59   0.08     78   11.7  354.0  354.3  354.0
  185.8  13030  -54.3  -58.6     59   0.08     79   11.5  354.0  354.4  354.1
  185.4  13042  -54.4  -58.7     58   0.07     80   11.4  354.1  354.4  354.1
  185.1  13056  -54.5  -59.0     57   0.07     80   11.2  354.0  354.4  354.1
  184.6  13070  -54.6  -59.4     55   0.07     81   11.1  354.2  354.5  354.2
  184.2  13084  -54.7  -59.9     52   0.07     82   10.9  354.3  354.6  354.3
  183.8  13098  -54.7  -60.4     49   0.06     83   10.7  354.4  354.7  354.4
  183.4  13112  -54.8  -60.9     47   0.06     84   10.6  354.5  354.8  354.5
  183.1  13124  -54.8  -61.2     45   0.06     85   10.5  354.6  354.9  354.6
  182.7  13136  -54.9  -61.4     45   0.05     86   10.4  354.7  354.9  354.7
  182.4  13149  -55.0  -61.4     45   0.05     87   10.3  354.7  354.9  354.7
  182.0  13163  -55.2  -61.3     46   0.05     87   10.3  354.7  354.9  354.7
  181.6  13177  -55.2  -61.2     47   0.06     88   10.3  354.8  355.0  354.8
  181.2  13189  -55.3  -61.2     48   0.06     89   10.3  355.0  355.2  355.0
  180.9  13200  -55.3  -61.3     47   0.06     89   10.3  355.0  355.3  355.1
  180.5  13213  -55.4  -61.4     47   0.05     89   10.4  355.1  355.3  355.1
  180.1  13228  -55.5  -61.6     47   0.05     89   10.4  355.1  355.4  355.1
  179.7  13242  -55.7  -61.7     47   0.05     89   10.4  355.1  355.4  355.2
  179.3  13256  -55.8  -61.9     46   0.05     89   10.4  355.2  355.4  355.2
  179.0  13269  -55.9  -62.0     46   0.05     88   10.3  355.2  355.4  355.2
  178.6  13281  -56.0  -62.2     46   0.05     87   10.3  355.2  355.5  355.3
  178.3  13292  -56.1  -62.4     45   0.05     86   10.2  355.3  355.5  355.3
  178.0  13304  -56.2  -62.6     44   0.05     85   10.1  355.3  355.5  355.3
  177.6  13317  -56.2  -62.9     43   0.05     84   10.0  355.4  355.6  355.4
  177.3  13330  -56.3  -63.1     42   0.04     83    9.8  355.4  355.6  355.4
  176.9  13344  -56.4  -63.3     42   0.04     81    9.7  355.5  355.7  355.5
  176.5  13358  -56.6  -63.6     41   0.04     80    9.6  355.5  355.7  355.5
  176.1  13372  -56.6  -63.8     40   0.04     79    9.5  355.6  355.8  355.6
  175.8  13383  -56.7  -64.1     39   0.04     77    9.4  355.6  355.8  355.6
  175.5  13394  -56.8  -64.3     38   0.04     76    9.3  355.6  355.8  355.7
  175.1  13406  -56.9  -64.5     38   0.04     74    9.3  355.7  355.9  355.7
  174.8  13419  -57.0  -64.5     38   0.04     73    9.3  355.7  355.9  355.7
  174.4  13432  -57.1  -64.5     39   0.04     72    9.2  355.8  356.0  355.8
  174.1  13445  -57.2  -64.4     39   0.04     71    9.2  355.8  356.0  355.8
  173.7  13458  -57.3  -64.5     40   0.04     69    9.3  355.8  356.0  355.8
  173.3  13471  -57.5  -64.5     40   0.04     68    9.3  355.9  356.1  355.9
  173.0  13485  -57.6  -64.5     41   0.04     67    9.3  355.9  356.0  355.9
  172.6  13498  -57.7  -64.6     41   0.04     66    9.3  355.9  356.1  355.9
  172.2  13512  -57.8  -64.6     42   0.04     65    9.3  356.0  356.1  356.0
  171.9  13524  -57.9  -64.6     42   0.04     64    9.3  356.0  356.2  356.0
  171.6  13536  -58.0  -64.6     42   0.04     63    9.3  356.1  356.2  356.1
  171.2  13548  -58.0  -64.6     43   0.04     62    9.3  356.2  356.3  356.2
  170.9  13561  -58.2  -64.7     43   0.04     60    9.2  356.2  356.3  356.2
  170.5  13575  -58.3  -64.8     43   0.04     60    9.2  356.2  356.3  356.2
  170.2  13588  -58.4  -64.9     43   0.04     59    9.1  356.2  356.4  356.2
  169.8  13601  -58.5  -64.9     43   0.04     58    9.1  356.2  356.4  356.2
  169.5  13614  -58.7  -65.0     44   0.04     57    9.0  356.1  356.3  356.1
  169.1  13628  -58.8  -65.0     44   0.04     56    8.9  356.2  356.3  356.2
  168.7  13643  -58.9  -65.1     45   0.04     56    8.9  356.2  356.4  356.2
  168.3  13658  -59.0  -65.2     45   0.04     55    8.7  356.2  356.4  356.2
  167.9  13671  -59.2  -65.2     45   0.04     55    8.6  356.3  356.5  356.3
  167.6  13682  -59.3  -65.4     45   0.03     54    8.5  356.3  356.5  356.3
  167.3  13695  -59.4  -65.6     44   0.03     54    8.3  356.3  356.5  356.3
  166.9  13708  -59.5  -65.9     43   0.03     53    8.1  356.4  356.5  356.4
  166.6  13721  -59.6  -66.2     42   0.03     53    7.9  356.4  356.5  356.4
  166.2  13734  -59.7  -66.5     41   0.03     52    7.7  356.4  356.6  356.4
  165.9  13746  -59.8  -66.7     40   0.03     52    7.5  356.4  356.6  356.5
  165.6  13757  -59.9  -67.0     39   0.03     52    7.2  356.5  356.6  356.5
  165.3  13769  -60.0  -67.2     38   0.03     51    7.0  356.5  356.6  356.5
  165.0  13782  -60.1  -67.4     38   0.03     50    6.8  356.5  356.6  356.5
  164.6  13795  -60.2  -67.5     37   0.03     50    6.6  356.6  356.7  356.6
  164.3  13807  -60.3  -67.6     37   0.03     49    6.4  356.6  356.8  356.7
  164.0  13820  -60.4  -67.8     37   0.03     49    6.2  356.7  356.8  356.7
  163.7  13832  -60.5  -67.9     37   0.03     48    6.1  356.7  356.8  356.7
  163.3  13845  -60.5  -68.0     37   0.02     48    6.0  356.8  356.9  356.8
  163.0  13859  -60.6  -68.1     37   0.02     47    5.9  356.8  357.0  356.8
  162.6  13870  -60.7  -68.1     37   0.02     47    5.8  357.0  357.1  357.0
  162.3  13882  -60.8  -68.0     38   0.02     46    5.8  357.0  357.1  357.0
  162.0  13895  -60.9  -68.0     39   0.03     46    5.7  357.0  357.1  357.0
  161.7  13908  -61.1  -67.8     40   0.03     45    5.7  356.9  357.1  357.0
  161.3  13921  -61.2  -67.7     42   0.03     45    5.7  357.0  357.1  357.0
  161.0  13934  -61.3  -67.6     43   0.03     44    5.6  357.0  357.1  357.0
  160.7  13947  -61.4  -67.5     44   0.03     44    5.6  357.0  357.1  357.0
  160.3  13960  -61.5  -67.4     46   0.03     43    5.6  357.0  357.1  357.0
  160.0  13973  -61.7  -67.3     47   0.03     43    5.6  357.0  357.1  357.0
  159.6  13987  -61.8  -67.3     48   0.03     43    5.6  357.1  357.2  357.1
  159.3  14000  -61.9  -67.3     48   0.03     43    5.6  357.1  357.2  357.1
  158.9  14014  -62.0  -67.4     48   0.03     43    5.7  357.1  357.3  357.1
  158.6  14028  -62.1  -67.5     49   0.03     43    5.7  357.1  357.3  357.2
  158.2  14042  -62.2  -67.6     49   0.03     43    5.8  357.2  357.4  357.2
  157.8  14056  -62.4  -67.8     48   0.03     43    5.8  357.2  357.4  357.2
  157.5  14068  -62.5  -68.0     47   0.03     43    5.9  357.2  357.4  357.3
  157.2  14081  -62.6  -68.3     46   0.02     43    5.9  357.2  357.3  357.2
  156.9  14094  -62.7  -68.6     45   0.02     43    6.0  357.2  357.3  357.2
  156.6  14105  -62.8  -68.8     44   0.02     43    6.0  357.3  357.4  357.3
  156.3  14117  -62.9  -69.1     43   0.02     42    6.1  357.3  357.4  357.3
  156.0  14129  -63.0  -69.2     43   0.02     42    6.1  357.3  357.4  357.3
  155.7  14141  -63.1  -69.4     42   0.02     41    6.1  357.4  357.5  357.4
  155.4  14153  -63.2  -69.6     42   0.02     41    6.1  357.4  357.5  357.4
  155.1  14165  -63.3  -69.8     41   0.02     40    6.1  357.4  357.5  357.4
  154.8  14176  -63.4  -70.3     39   0.02     39    6.1  357.5  357.6  357.5
  154.5  14189  -63.5  -70.9     36   0.02     38    6.1  357.5  357.6  357.5
  154.1  14203  -63.6  -71.6     33   0.02     37    6.2  357.5  357.6  357.5
  153.8  14216  -63.7  -72.2     30   0.01     36    6.3  357.6  357.7  357.6
  153.4  14230  -63.8  -73.0     27   0.01     35    6.4  357.7  357.8  357.7
  153.1  14244  -63.8  -73.7     24   0.01     34    6.5  357.9  358.0  358.0
  152.8  14256  -63.7  -74.5     22   0.01     33    6.7  358.2  358.3  358.2
  152.5  14269  -63.7  -75.5     19   0.01     33    6.9  358.5  358.5  358.5
  152.1  14282  -63.7  -76.5     16   0.01     32    7.2  358.7  358.7  358.7
  151.8  14295  -63.8  -77.2     14   0.01     32    7.4  358.8  358.8  358.8
  151.5  14307  -63.8  -77.8     13   0.01     32    7.6  359.0  359.0  359.0
  151.2  14319  -63.8  -78.1     13   0.01     32    7.8  359.1  359.2  359.1
  150.9  14332  -63.8  -78.3     12   0.01     32    8.0  359.3  359.3  359.3
  150.6  14345  -63.9  -78.2     13   0.01     32    8.2  359.4  359.5  359.4
  150.3  14358  -64.0  -77.9     13   0.01     33    8.3  359.5  359.5  359.5
  150.0  14369  -64.0  -77.6     14   0.01     33    8.3  359.6  359.6  359.6
  149.9  14371  -64.0  -77.6     14   0.01     33    8.4  359.6  359.7  359.6
  149.6  14385  -64.1  -77.3     15   0.01     34    8.5  359.7  359.7  359.7
  149.3  14399  -64.3  -77.2     16   0.01     35    8.5  359.7  359.7  359.7
  148.9  14413  -64.3  -77.1     16   0.01     36    8.5  359.8  359.8  359.8
  148.6  14426  -64.4  -77.0     16   0.01     37    8.4  359.9  359.9  359.9
  148.3  14437  -64.5  -76.9     16   0.01     38    8.3  360.0  360.1  360.0
  148.1  14448  -64.5  -77.0     16   0.01     39    8.2  360.0  360.1  360.1
  147.8  14461  -64.6  -77.2     16   0.01     40    8.1  360.1  360.1  360.1
  147.5  14473  -64.7  -77.4     16   0.01     42    7.9  360.1  360.1  360.1
  147.2  14486  -64.8  -77.5     16   0.01     43    7.8  360.2  360.2  360.2
  146.9  14498  -64.9  -77.6     16   0.01     45    7.7  360.2  360.2  360.2
  146.5  14511  -65.0  -77.7     16   0.01     46    7.6  360.3  360.3  360.3
  146.2  14525  -65.2  -77.9     16   0.01     48    7.5  360.3  360.3  360.3
  145.9  14538  -65.3  -77.9     16   0.01     49    7.5  360.3  360.3  360.3
  145.5  14553  -65.4  -78.0     16   0.01     50    7.5  360.3  360.3  360.3
  145.2  14568  -65.5  -78.0     16   0.01     51    7.5  360.3  360.3  360.3
  144.9  14581  -65.7  -78.2     16   0.01     52    7.6  360.3  360.3  360.3
  144.6  14594  -65.8  -78.3     16   0.01     53    7.6  360.3  360.4  360.3
  144.3  14607  -65.9  -78.5     16   0.01     54    7.7  360.4  360.4  360.4
  144.0  14619  -65.9  -78.7     15   0.01     54    7.8  360.5  360.5  360.5
  143.7  14630  -66.0  -78.8     15   0.01     55    8.0  360.6  360.6  360.6
  143.4  14642  -66.1  -78.9     15   0.01     55    8.1  360.7  360.7  360.7
  143.1  14654  -66.1  -79.1     15   0.01     55    8.2  360.8  360.8  360.8
  142.9  14666  -66.2  -79.2     15   0.01     55    8.4  360.8  360.8  360.8
  142.5  14680  -66.3  -79.4     15   0.01     55    8.5  360.9  360.9  360.9
  142.2  14693  -66.4  -79.4     15   0.01     54    8.6  360.9  360.9  360.9
  141.9  14707  -66.5  -79.4     15   0.01     54    8.7  360.9  361.0  360.9
  141.6  14718  -66.6  -79.3     15   0.01     54    8.8  361.0  361.0  361.0
  141.4  14729  -66.7  -79.1     16   0.01     54    8.9  360.9  361.0  360.9
  141.1  14741  -66.9  -79.0     17   0.01     53    9.0  361.0  361.0  361.0
  140.8  14753  -67.0  -78.9     17   0.01     53    9.1  361.0  361.0  361.0
  140.5  14765  -67.1  -78.7     18   0.01     53    9.3  361.0  361.1  361.0
  140.2  14778  -67.2  -78.7     18   0.01     53    9.4  361.1  361.1  361.1
  139.9  14792  -67.3  -78.6     19   0.01     53    9.6  361.1  361.1  361.1
  139.6  14806  -67.4  -78.6     19   0.01     54    9.8  361.1  361.1  361.1
  139.3  14820  -67.5  -78.5     20   0.01     54   10.0  361.2  361.2  361.2
  138.9  14834  -67.6  -78.4     20   0.01     55   10.3  361.3  361.4  361.3
  138.6  14848  -67.7  -78.3     21   0.01     55   10.6  361.4  361.4  361.4
  138.3  14861  -67.8  -78.2     21   0.01     56   10.8  361.5  361.5  361.5
  138.0  14873  -67.8  -78.1     22   0.01     57   11.1  361.5  361.6  361.5
  137.7  14887  -67.9  -78.1     22   0.01     58   11.4  361.6  361.6  361.6
  137.4  14899  -68.0  -78.0     23   0.01     59   11.6  361.7  361.7  361.7
  137.2  14911  -68.1  -78.0     23   0.01     59   11.9  361.7  361.8  361.7
  136.9  14923  -68.1  -78.0     23   0.01     60   12.1  361.8  361.9  361.8
  136.6  14936  -68.2  -78.0     23   0.01     61   12.2  361.9  362.0  361.9
  136.3  14948  -68.3  -78.0     24   0.01     62   12.4  362.0  362.0  362.0
  136.1  14960  -68.4  -78.1     24   0.01     63   12.4  362.0  362.1  362.0
  135.8  14971  -68.4  -78.1     24   0.01     64   12.5  362.2  362.2  362.2
  135.6  14981  -68.4  -78.0     24   0.01     65   12.5  362.4  362.4  362.4
  135.3  14992  -68.4  -78.0     24   0.01     66   12.4  362.6  362.6  362.6
  135.1  15002  -68.4  -78.1     24   0.01     66   12.4  362.7  362.7  362.7
  134.9  15013  -68.5  -78.2     24   0.01     67   12.3  362.7  362.8  362.7
  134.6  15024  -68.5  -78.3     23   0.01     67   12.2  362.9  362.9  362.9
  134.3  15035  -68.6  -78.4     23   0.01     67   12.1  363.0  363.0  363.0
  134.1  15048  -68.7  -78.5     23   0.01     68   12.0  363.0  363.0  363.0
  133.8  15062  -68.8  -78.5     24   0.01     68   11.9  363.0  363.1  363.0
  133.5  15074  -68.9  -78.5     24   0.01     67   11.9  363.0  363.1  363.0
  133.2  15086  -69.0  -78.6     24   0.01     67   11.8  363.1  363.1  363.1
  133.0  15097  -69.2  -78.6     24   0.01     67   11.8  363.0  363.0  363.0
  132.7  15111  -69.3  -78.6     25   0.01     66   11.8  363.0  363.0  363.0
  132.4  15125  -69.4  -78.7     25   0.01     66   11.7  363.0  363.0  363.0
  132.1  15137  -69.5  -78.7     25   0.01     66   11.8  363.1  363.1  363.1
  131.8  15151  -69.7  -78.6     26   0.01     65   11.8  363.0  363.1  363.0
  131.5  15165  -69.8  -78.6     27   0.01     65   11.9  363.0  363.0  363.0
  131.1  15179  -69.9  -78.5     28   0.01     65   11.9  363.1  363.2  363.1
  130.8  15194  -70.0  -78.5     28   0.01     65   12.0  363.2  363.2  363.2
  130.5  15208  -70.2  -78.4     29   0.01     64   12.1  363.2  363.2  363.2
  130.2  15220  -70.3  -78.4     30   0.01     64   12.2  363.2  363.3  363.2
  130.0  15233  -70.4  -78.4     30   0.01     64   12.2  363.1  363.2  363.1
  129.7  15245  -70.5  -78.4     31   0.01     63   12.3  363.1  363.2  363.2
  129.4  15258  -70.7  -78.3     31   0.01     63   12.4  363.2  363.2  363.2
  129.1  15271  -70.8  -78.3     32   0.01     63   12.4  363.2  363.3  363.2
  128.8  15284  -70.9  -78.3     33   0.01     62   12.4  363.2  363.3  363.2
  128.6  15297  -71.0  -78.2     34   0.01     62   12.4  363.2  363.2  363.2
  128.3  15309  -71.1  -78.2     35   0.01     62   12.4  363.2  363.2  363.2
  128.1  15321  -71.3  -78.1     35   0.01     61   12.4  363.2  363.2  363.2
  127.8  15333  -71.4  -78.1     36   0.01     61   12.3  363.2  363.2  363.2
  127.5  15346  -71.5  -78.1     37   0.01     61   12.3  363.2  363.2  363.2
  127.2  15361  -71.6  -78.1     38   0.01     61   12.2  363.2  363.2  363.2
  126.9  15376  -71.7  -78.1     38   0.01     61   12.1  363.3  363.3  363.3
  126.6  15389  -71.8  -78.0     39   0.01     61   12.0  363.3  363.4  363.3
  126.3  15403  -72.0  -78.0     40   0.01     62   12.0  363.3  363.3  363.3
  126.0  15416  -72.1  -78.0     41   0.01     62   11.9  363.3  363.3  363.3
  125.7  15428  -72.2  -78.0     42   0.01     63   11.8  363.3  363.4  363.3
  125.5  15441  -72.4  -78.0     43   0.01     64   11.8  363.3  363.3  363.3
  125.2  15456  -72.5  -78.0     44   0.01     64   11.7  363.2  363.3  363.2
  124.8  15471  -72.7  -78.0     44   0.01     65   11.6  363.3  363.3  363.3
  124.5  15487  -72.8  -78.0     45   0.01     65   11.6  363.3  363.3  363.3
  124.2  15502  -72.9  -78.0     46   0.01     66   11.5  363.3  363.4  363.3
  123.9  15515  -73.0  -78.1     46   0.01     66   11.5  363.4  363.4  363.4
  123.6  15527  -73.2  -78.1     47   0.01     66   11.5  363.4  363.5  363.4
  123.4  15539  -73.3  -78.2     47   0.01     65   11.5  363.4  363.4  363.4
  123.1  15552  -73.4  -78.2     47   0.01     65   11.5  363.5  363.5  363.5
  122.9  15564  -73.5  -78.4     47   0.01     65   11.5  363.5  363.5  363.5
  122.6  15576  -73.6  -78.5     47   0.01     64   11.6  363.5  363.6  363.5
  122.3  15590  -73.7  -78.6     47   0.01     64   11.7  363.6  363.7  363.6
  122.1  15603  -73.7  -78.6     47   0.01     64   11.7  363.7  363.7  363.7
  121.8  15615  -73.8  -78.7     47   0.01     64   11.8  363.8  363.9  363.8
  121.5  15627  -73.8  -78.8     47   0.01     64   11.9  364.0  364.1  364.0
  121.3  15641  -73.8  -78.9     46   0.01     65   12.0  364.2  364.2  364.2
  121.0  15655  -73.8  -79.0     45   0.01     65   12.1  364.4  364.4  364.4
  120.7  15670  -73.8  -79.0     45   0.01     66   12.2  364.7  364.7  364.7
  120.3  15685  -73.8  -79.1     44   0.01     66   12.2  365.1  365.1  365.1
  120.0  15699  -73.7  -79.2     43   0.01     67   12.3  365.4  365.5  365.4
  119.8  15713  -73.7  -79.3     43   0.01     67   12.3  365.6  365.7  365.6
  119.5  15725  -73.8  -79.4     42   0.01     68   12.3  365.8  365.9  365.8
  119.2  15739  -73.8  -79.6     41   0.01     68   12.3  366.0  366.0  366.0
  119.0  15753  -73.9  -79.7     41   0.01     68   12.2  366.0  366.1  366.0
  118.7  15766  -73.9  -79.9     40   0.01     68   12.2  366.2  366.3  366.2
  118.5  15777  -74.0  -80.0     39   0.01     68   12.1  366.3  366.4  366.3
  118.2  15790  -74.0  -80.2     38   0.01     68   12.0  366.5  366.5  366.5
  117.9  15804  -74.1  -80.4     38   0.01     67   11.9  366.6  366.6  366.6
  117.6  15818  -74.2  -80.5     37   0.01     67   11.9  366.8  366.8  366.8
  117.3  15833  -74.2  -80.6     37   0.01     66   11.8  367.0  367.1  367.0
  117.1  15845  -74.2  -80.7     36   0.01     65   11.7  367.2  367.3  367.2
  116.8  15857  -74.2  -80.8     36   0.01     64   11.6  367.5  367.5  367.5
  116.6  15871  -74.3  -80.9     35   0.00     63   11.5  367.5  367.5  367.5
  116.3  15884  -74.4  -81.1     35   0.00     62   11.5  367.6  367.6  367.6
  116.1  15896  -74.5  -81.3     34   0.00     61   11.4  367.6  367.6  367.6
  115.8  15910  -74.6  -81.5     34   0.00     60   11.4  367.6  367.6  367.6
  115.5  15923  -74.7  -81.6     33   0.00     59   11.4  367.7  367.8  367.7
  115.3  15936  -74.7  -81.7     33   0.00     59   11.5  367.9  367.9  367.9
  115.0  15950  -74.7  -81.8     33   0.00     58   11.5  368.1  368.1  368.1
  114.7  15963  -74.8  -81.9     33   0.00     57   11.6  368.2  368.2  368.2
  114.5  15976  -74.9  -82.0     32   0.00     57   11.7  368.2  368.3  368.2
  114.2  15989  -75.0  -82.2     32   0.00     57   11.9  368.4  368.4  368.4
  114.0  16003  -75.0  -82.2     32   0.00     57   12.0  368.6  368.6  368.6
  113.7  16017  -74.9  -82.3     31   0.00     57   12.2  368.9  368.9  368.9
  113.4  16030  -74.9  -82.3     31   0.00     58   12.3  369.3  369.3  369.3
  113.1  16044  -74.7  -82.3     30   0.00     58   12.4  369.9  369.9  369.9
  112.9  16058  -74.6  -82.3     29   0.00     59   12.6  370.3  370.4  370.3
  112.6  16072  -74.5  -82.3     29   0.00     59   12.7  370.7  370.8  370.7
  112.3  16085  -74.5  -82.4     29   0.00     60   12.8  371.0  371.0  371.0
  112.1  16099  -74.6  -82.5     29   0.00     60   12.9  371.0  371.0  371.0
  111.8  16113  -74.7  -82.6     29   0.00     60   13.0  371.1  371.1  371.1
  111.6  16125  -74.8  -82.6     29   0.00     60   13.1  371.1  371.1  371.1
  111.3  16138  -74.9  -82.7     29   0.00     60   13.2  371.2  371.3  371.2
  111.1  16152  -75.0  -82.7     30   0.00     59   13.3  371.2  371.3  371.2
  110.8  16165  -75.1  -82.7     30   0.00     59   13.4  371.4  371.4  371.4
  110.6  16178  -75.1  -82.7     30   0.00     58   13.6  371.6  371.6  371.6
  110.3  16191  -75.0  -82.6     30   0.00     58   13.8  372.0  372.1  372.0
  110.1  16203  -74.9  -82.6     30   0.00     57   14.0  372.4  372.5  372.4
  109.9  16216  -74.8  -82.6     29   0.00     57   14.2  372.7  372.7  372.7
  109.6  16228  -74.8  -82.6     29   0.00     56   14.4  373.0  373.0  373.0
  109.4  16239  -74.9  -82.7     29   0.00     56   14.7  373.1  373.1  373.1
  109.2  16251  -74.9  -82.8     29   0.00     56   15.0  373.2  373.2  373.2
  109.0  16263  -75.0  -82.8     29   0.00     56   15.2  373.3  373.4  373.3
  108.7  16276  -74.9  -82.8     29   0.00     57   15.4  373.7  373.7  373.7
  108.5  16288  -74.9  -82.8     29   0.00     57   15.7  373.9  373.9  373.9
  108.3  16299  -74.9  -82.8     29   0.00     58   15.9  374.1  374.1  374.1
  108.1  16310  -74.9  -82.9     28   0.00     59   16.0  374.4  374.4  374.4
  107.9  16321  -74.7  -82.9     28   0.00     60   16.2  374.9  374.9  374.9
  107.7  16330  -74.6  -82.9     27   0.00     61   16.3  375.2  375.2  375.2
  107.5  16340  -74.6  -82.9     27   0.00     62   16.4  375.5  375.5  375.5
  107.3  16350  -74.6  -82.9     27   0.00     63   16.4  375.6  375.6  375.6
  107.1  16362  -74.7  -82.9     27   0.00     64   16.4  375.7  375.8  375.7
  106.9  16373  -74.7  -82.9     27   0.00     65   16.4  375.9  375.9  375.9
  106.7  16384  -74.7  -82.9     27   0.00     65   16.4  376.0  376.1  376.0
  106.5  16394  -74.8  -82.9     28   0.00     66   16.4  376.2  376.2  376.2
  106.3  16404  -74.8  -82.9     28   0.00     67   16.3  376.3  376.3  376.3
  106.2  16414  -74.8  -82.9     28   0.00     68   16.3  376.4  376.4  376.4
  106.0  16425  -74.9  -82.9     28   0.00     68   16.2  376.5  376.5  376.5
  105.8  16435  -74.9  -83.0     28   0.00     69   16.2  376.6  376.7  376.6
  105.6  16445  -74.9  -83.0     28   0.00     69   16.1  376.8  376.8  376.8
  105.4  16455  -74.9  -83.0     28   0.00     70   16.0  377.0  377.0  377.0
  105.2  16466  -75.0  -82.9     28   0.00     70   16.0  377.1  377.1  377.1
  105.0  16477  -75.0  -82.9     29   0.00     70   15.9  377.2  377.2  377.2
  104.8  16487  -75.1  -82.8     29   0.00     70   15.9  377.4  377.4  377.4
  104.6  16498  -75.1  -82.8     29   0.00     70   15.9  377.5  377.5  377.5
  104.5  16508  -75.2  -82.8     30   0.00     70   15.9  377.4  377.4  377.4
  104.3  16518  -75.3  -82.8     30   0.00     71   16.0  377.5  377.5  377.5
  104.1  16529  -75.3  -82.8     30   0.00     71   16.0  377.6  377.6  377.6
  103.9  16539  -75.4  -82.8     31   0.00     71   16.1  377.7  377.7  377.7
  103.7  16549  -75.5  -82.8     31   0.00     71   16.1  377.7  377.8  377.7
  103.5  16559  -75.5  -82.9     31   0.00     72   16.2  377.8  377.8  377.8
  103.4  16569  -75.6  -82.9     31   0.00     72   16.2  377.8  377.8  377.8
  103.2  16579  -75.7  -82.9     32   0.00     72   16.3  377.8  377.8  377.8
  103.0  16590  -75.8  -82.9     32   0.00     73   16.3  377.8  377.9  377.8
  102.8  16599  -75.9  -82.9     32   0.00     73   16.3  377.9  377.9  377.9
  102.7  16609  -76.0  -83.0     33   0.00     74   16.3  377.8  377.8  377.8
  102.5  16618  -76.1  -83.0     33   0.00     74   16.3  377.8  377.9  377.8
  102.3  16628  -76.2  -83.0     34   0.00     75   16.3  377.9  377.9  377.9
  102.1  16639  -76.3  -83.0     34   0.00     75   16.2  377.9  377.9  377.9
  101.9  16650  -76.4  -83.0     35   0.00     76   16.1  377.9  377.9  377.9
  101.7  16661  -76.5  -83.0     35   0.00     76   16.1  377.9  377.9  377.9
  101.5  16671  -76.5  -83.0     36   0.00     77   16.0  378.0  378.0  378.0
  101.4  16681  -76.6  -83.0     36   0.00     78   15.8  378.0  378.0  378.0
  101.2  16690  -76.6  -82.9     36   0.00     78   15.7  378.1  378.2  378.1
  101.0  16699  -76.6  -82.9     37   0.00     79   15.6  378.3  378.4  378.3
  100.9  16709  -76.6  -82.9     37   0.00     79   15.4  378.4  378.5  378.4
  100.7  16719  -76.6  -82.8     37   0.00     80   15.3  378.6  378.6  378.6
  100.5  16729  -76.6  -82.8     37   0.00     80   15.1  378.9  378.9  378.9
  100.3  16739  -76.6  -82.8     37   0.00     81   14.9  379.1  379.1  379.1
  100.2  16750  -76.7  -82.8     37   0.00     81   14.7  379.1  379.1  379.1
  100.0  16759  -76.7  -82.8     38   0.00     82   14.4  379.2  379.2  379.2
  100.0  16759  -76.7  -82.8     38   0.00     82   14.4  379.2  379.2  379.2
   99.8  16768  -76.8  -82.9     38   0.00     82   14.4  379.3  379.3  379.3
   99.7  16778  -76.9  -82.9     38   0.00     82   14.2  379.2  379.2  379.2
   99.5  16789  -76.9  -82.8     39   0.00     82   14.1  379.4  379.4  379.4
   99.3  16799  -77.0  -82.8     39   0.00     83   14.0  379.5  379.5  379.5
   99.1  16809  -77.0  -82.8     39   0.00     83   13.9  379.7  379.7  379.7
   99.0  16820  -77.0  -82.8     40   0.00     83   13.8  379.7  379.8  379.7
   98.8  16830  -77.1  -82.8     40   0.00     83   13.7  379.9  379.9  379.9
   98.6  16839  -77.1  -82.8     40   0.00     83   13.7  380.0  380.0  380.0
   98.5  16849  -77.1  -82.9     40   0.00     83   13.7  380.1  380.1  380.1
   98.3  16859  -77.2  -82.9     40   0.00     83   13.6  380.2  380.3  380.2
   98.1  16869  -77.2  -82.9     40   0.00     83   13.6  380.4  380.4  380.4
   97.9  16879  -77.3  -83.0     40   0.00     83   13.6  380.5  380.5  380.5
   97.8  16889  -77.3  -83.1     40   0.00     83   13.5  380.5  380.5  380.5
   97.6  16899  -77.4  -83.1     40   0.00     83   13.4  380.5  380.5  380.5
   97.4  16909  -77.5  -83.2     40   0.00     83   13.4  380.6  380.6  380.6
   97.3  16918  -77.6  -83.2     40   0.00     82   13.3  380.6  380.6  380.6
   97.1  16927  -77.6  -83.3     40   0.00     82   13.2  380.7  380.7  380.7
   97.0  16937  -77.6  -83.3     40   0.00     82   13.0  380.8  380.8  380.8
   96.8  16946  -77.7  -83.3     40   0.00     81   12.9  380.9  381.0  380.9
   96.6  16956  -77.7  -83.4     40   0.00     81   12.8  381.1  381.1  381.1
   96.4  16967  -77.8  -83.5     40   0.00     81   12.6  381.2  381.2  381.2
   96.3  16977  -77.8  -83.5     39   0.00     80   12.5  381.3  381.3  381.3
   96.1  16988  -77.8  -83.6     39   0.00     80   12.4  381.4  381.5  381.4
   95.9  16998  -77.8  -83.6     39   0.00     80   12.3  381.6  381.6  381.6
   95.8  17007  -77.9  -83.7     39   0.00     80   12.2  381.7  381.7  381.7
   95.6  17017  -77.9  -83.7     38   0.00     80   12.1  381.9  381.9  381.9
   95.5  17025  -77.9  -83.8     38   0.00     80   12.0  382.0  382.1  382.0
   95.3  17034  -77.8  -83.8     38   0.00     81   11.9  382.3  382.3  382.3
   95.1  17044  -77.8  -83.9     37   0.00     81   11.8  382.6  382.6  382.6
   95.0  17054  -77.8  -83.9     37   0.00     82   11.7  382.7  382.7  382.7
   94.8  17064  -77.8  -84.0     36   0.00     83   11.6  383.0  383.0  383.0
   94.7  17074  -77.8  -84.1     36   0.00     84   11.6  383.1  383.1  383.1
   94.5  17083  -77.8  -84.2     35   0.00     85   11.6  383.4  383.4  383.4
   94.3  17093  -77.7  -84.2     35   0.00     85   11.6  383.7  383.7  383.7
   94.2  17102  -77.7  -84.2     34   0.00     86   11.7  383.9  383.9  383.9
   94.0  17112  -77.6  -84.2     34   0.00     86   11.7  384.2  384.2  384.2
   93.9  17121  -77.6  -84.2     34   0.00     86   11.8  384.4  384.4  384.4
   93.7  17131  -77.6  -84.3     34   0.00     86   11.9  384.7  384.7  384.7
   93.5  17142  -77.6  -84.3     33   0.00     86   12.0  384.9  385.0  384.9
   93.4  17152  -77.5  -84.3     33   0.00     85   12.1  385.1  385.1  385.1
   93.2  17161  -77.5  -84.4     32   0.00     84   12.2  385.4  385.5  385.4
   93.1  17170  -77.4  -84.4     32   0.00     83   12.3  385.7  385.7  385.7
   92.9  17179  -77.3  -84.4     31   0.00     82   12.3  386.2  386.2  386.2
   92.8  17189  -77.1  -84.3     31   0.00     81   12.4  386.8  386.8  386.8
   92.6  17199  -76.8  -84.2     30   0.00     80   12.4  387.5  387.5  387.5
   92.4  17210  -76.7  -84.2     30   0.00     80   12.4  388.0  388.0  388.0
   92.3  17221  -76.7  -84.3     29   0.00     79   12.4  388.1  388.2  388.1
   92.1  17230  -76.7  -84.4     29   0.00     78   12.4  388.3  388.3  388.3
   91.9  17240  -76.8  -84.4     29   0.00     77   12.4  388.4  388.4  388.4
   91.8  17251  -76.8  -84.5     29   0.00     77   12.3  388.4  388.4  388.4
   91.6  17261  -76.9  -84.5     29   0.00     76   12.3  388.6  388.6  388.6
   91.5  17271  -76.8  -84.5     29   0.00     76   12.3  388.7  388.8  388.7
   91.3  17281  -76.8  -84.4     29   0.00     75   12.2  389.0  389.1  389.0
   91.1  17290  -76.8  -84.5     29   0.00     75   12.2  389.3  389.3  389.3
   91.0  17299  -76.8  -84.5     29   0.00     74   12.2  389.4  389.4  389.4
   90.9  17309  -76.9  -84.6     28   0.00     74   12.1  389.4  389.5  389.5
   90.7  17319  -76.9  -84.7     28   0.00     73   12.1  389.7  389.7  389.7
   90.5  17329  -76.9  -84.8     27   0.00     72   12.0  389.9  389.9  389.9
   90.4  17339  -76.9  -84.9     27   0.00     71   12.0  390.0  390.0  390.0
   90.2  17349  -76.9  -85.0     27   0.00     71   12.0  390.2  390.2  390.2
   90.1  17358  -76.9  -85.1     26   0.00     69   12.0  390.3  390.3  390.3
   89.9  17369  -76.9  -85.1     26   0.00     68   12.0  390.6  390.6  390.6
   89.8  17379  -76.8  -85.1     26   0.00     67   12.0  390.8  390.8  390.8
   89.6  17390  -76.8  -85.1     26   0.00     66   12.1  391.3  391.3  391.3
   89.4  17400  -76.7  -85.1     26   0.00     65   12.1  391.6  391.7  391.6
   89.3  17411  -76.7  -85.1     25   0.00     64   12.2  391.8  391.8  391.8
   89.1  17421  -76.7  -85.1     25   0.00     64   12.3  392.0  392.1  392.0
   88.9  17431  -76.7  -85.2     25   0.00     63   12.5  392.2  392.2  392.2
   88.8  17441  -76.7  -85.3     25   0.00     62   12.6  392.3  392.3  392.3
   88.6  17452  -76.8  -85.3     25   0.00     61   12.8  392.5  392.5  392.5
   88.5  17463  -76.8  -85.4     25   0.00     61   13.0  392.6  392.6  392.6
   88.3  17473  -76.7  -85.3     25   0.00     60   13.2  393.0  393.0  393.0
   88.1  17484  -76.6  -85.3     25   0.00     60   13.4  393.4  393.4  393.4
   88.0  17494  -76.6  -85.2     25   0.00     60   13.7  393.5  393.5  393.5
   87.8  17505  -76.7  -85.2     25   0.00     59   13.9  393.6  393.6  393.6
   87.7  17515  -76.8  -85.3     25   0.00     59   14.2  393.5  393.6  393.5
   87.5  17525  -76.9  -85.4     25   0.00     59   14.5  393.6  393.6  393.6
   87.3  17535  -77.0  -85.5     25   0.00     59   14.8  393.6  393.6  393.6
   87.2  17546  -77.1  -85.5     25   0.00     59   15.1  393.6  393.6  393.6
   87.0  17557  -77.2  -85.6     25   0.00     59   15.4  393.7  393.7  393.7
   86.9  17567  -77.3  -85.7     25   0.00     59   15.7  393.7  393.7  393.7
   86.7  17577  -77.3  -85.7     25   0.00     60   16.0  393.8  393.8  393.8
   86.5  17588  -77.4  -85.8     25   0.00     60   16.3  393.9  394.0  393.9
   86.4  17599  -77.4  -85.8     25   0.00     60   16.6  394.0  394.0  394.0
   86.2  17608  -77.4  -85.9     25   0.00     61   16.9  394.2  394.3  394.2
   86.1  17618  -77.4  -85.9     25   0.00     61   17.1  394.3  394.4  394.3
   85.9  17628  -77.5  -85.9     25   0.00     61   17.3  394.5  394.5  394.5
   85.8  17639  -77.5  -86.0     25   0.00     61   17.5  394.6  394.6  394.6
   85.6  17649  -77.5  -86.1     24   0.00     61   17.7  394.8  394.8  394.8
   85.5  17660  -77.6  -86.2     24   0.00     61   17.9  394.9  394.9  394.9
   85.3  17671  -77.5  -86.3     23   0.00     61   18.0  395.2  395.2  395.2
   85.2  17681  -77.4  -86.4     23   0.00     61   18.1  395.5  395.5  395.5
   85.0  17691  -77.3  -86.3     22   0.00     61   18.2  396.1  396.2  396.1
   84.8  17702  -77.1  -86.3     22   0.00     61   18.3  396.8  396.8  396.8
   84.7  17712  -76.9  -86.2     22   0.00     60   18.3  397.3  397.3  397.3
   84.5  17723  -76.8  -86.1     22   0.00     60   18.3  397.8  397.8  397.8
   84.4  17735  -76.7  -86.1     21   0.00     60   18.4  398.1  398.1  398.1
   84.2  17746  -76.7  -86.1     21   0.00     60   18.4  398.4  398.4  398.4
   84.0  17756  -76.7  -86.1     21   0.00     60   18.5  398.7  398.7  398.7
   83.9  17767  -76.7  -86.1     21   0.00     60   18.5  398.9  398.9  398.9
   83.7  17778  -76.6  -86.1     21   0.00     60   18.6  399.2  399.2  399.2
   83.6  17787  -76.6  -86.2     21   0.00     60   18.7  399.3  399.3  399.3
   83.5  17797  -76.7  -86.3     21   0.00     60   18.8  399.3  399.3  399.3
   83.3  17808  -76.8  -86.4     20   0.00     60   18.9  399.4  399.5  399.5
   83.1  17819  -76.8  -86.5     20   0.00     61   19.1  399.6  399.6  399.6
   83.0  17831  -76.8  -86.6     20   0.00     61   19.4  399.8  399.8  399.8
   82.8  17842  -76.7  -86.6     20   0.00     62   19.6  400.2  400.2  400.2
   82.7  17852  -76.6  -86.6     19   0.00     62   20.0  400.6  400.6  400.6
   82.5  17863  -76.6  -86.6     19   0.00     63   20.3  401.0  401.0  401.0
   82.3  17874  -76.5  -86.7     19   0.00     64   20.7  401.3  401.3  401.3
   82.2  17885  -76.6  -86.7     19   0.00     65   21.1  401.4  401.4  401.4
   82.0  17896  -76.6  -86.8     19   0.00     65   21.5  401.7  401.7  401.7
   81.9  17908  -76.6  -86.9     18   0.00     66   21.8  401.8  401.8  401.8
   81.7  17919  -76.6  -86.9     18   0.00     67   22.2  402.1  402.1  402.1
   81.5  17930  -76.6  -87.0     18   0.00     68   22.6  402.3  402.3  402.3
   81.4  17942  -76.6  -87.1     18   0.00     69   22.9  402.4  402.4  402.4
   81.2  17955  -76.6  -87.2     18   0.00     70   23.2  402.6  402.7  402.6
   81.0  17969  -76.7  -87.3     17   0.00     71   23.4  402.9  402.9  402.9
   80.8  17982  -76.6  -87.3     17   0.00     72   23.5  403.3  403.3  403.3
   80.7  17993  -76.5  -87.3     17   0.00     73   23.6  403.6  403.6  403.6
   80.5  18004  -76.3  -87.2     17   0.00     73   23.6  404.3  404.3  404.3
   80.3  18015  -76.2  -87.2     16   0.00     74   23.5  404.9  404.9  404.9
   80.2  18026  -76.1  -87.2     16   0.00     74   23.3  405.3  405.3  405.3
   80.0  18037  -76.0  -87.3     16   0.00     75   23.0  405.6  405.6  405.6
   79.9  18048  -76.0  -87.5     15   0.00     75   22.7  405.8  405.8  405.8
   79.7  18058  -76.0  -87.5     15   0.00     75   22.4  406.2  406.2  406.2
   79.6  18070  -75.9  -87.5     15   0.00     75   22.0  406.5  406.5  406.5
   79.4  18080  -75.8  -87.5     15   0.00     75   21.6  406.9  406.9  406.9
   79.3  18091  -75.8  -87.5     14   0.00     75   21.2  407.1  407.2  407.1
   79.2  18101  -75.7  -87.5     14   0.00     75   20.8  407.4  407.4  407.4
   79.0  18112  -75.7  -87.5     14   0.00     76   20.5  407.8  407.8  407.8
   78.9  18122  -75.7  -87.6     14   0.00     76   20.2  408.0  408.0  408.0
   78.7  18132  -75.6  -87.6     14   0.00     76   19.9  408.4  408.4  408.4
   78.6  18143  -75.5  -87.7     14   0.00     76   19.8  408.7  408.7  408.7
   78.5  18153  -75.4  -87.7     13   0.00     76   19.7  409.1  409.1  409.1
   78.3  18164  -75.3  -87.7     13   0.00     77   19.7  409.6  409.6  409.6
   78.2  18174  -75.3  -87.7     13   0.00     77   19.8  409.8  409.8  409.8
   78.0  18186  -75.3  -87.8     13   0.00     77   19.9  410.1  410.1  410.1
   77.9  18197  -75.3  -87.9     13   0.00     78   20.1  410.2  410.3  410.2
   77.7  18208  -75.2  -87.8     13   0.00     78   20.4  410.7  410.7  410.7
   77.6  18218  -75.1  -87.8     13   0.00     79   20.7  411.1  411.1  411.1
   77.4  18228  -75.0  -87.7     12   0.00     80   21.0  411.6  411.6  411.6
   77.3  18238  -75.0  -87.7     12   0.00     80   21.4  411.8  411.8  411.8
   77.2  18249  -75.0  -87.7     12   0.00     81   21.8  411.9  412.0  411.9
   77.0  18261  -75.0  -87.8     12   0.00     81   22.2  412.2  412.2  412.2
   76.9  18272  -75.0  -87.9     12   0.00     82   22.5  412.3  412.4  412.3
   76.7  18283  -75.0  -87.9     12   0.00     83   22.9  412.6  412.7  412.6
   76.6  18294  -75.0  -88.0     12   0.00     83   23.3  412.8  412.8  412.8
   76.4  18305  -75.0  -88.0     12   0.00     84   23.7  413.2  413.2  413.2
   76.3  18315  -74.9  -88.0     12   0.00     85   24.1  413.4  413.4  413.4
   76.2  18326  -74.9  -88.1     12   0.00     85   24.4  413.7  413.7  413.7
   76.0  18336  -74.8  -88.1     11   0.00     86   24.7  414.1  414.1  414.1
   75.9  18347  -74.8  -88.1     11   0.00     87   25.0  414.4  414.4  414.4
   75.7  18357  -74.7  -88.0     11   0.00     87   25.2  414.8  414.8  414.8
   75.6  18368  -74.7  -88.0     11   0.00     88   25.4  415.1  415.1  415.1
   75.5  18379  -74.7  -88.1     11   0.00     89   25.6  415.3  415.3  415.3
   75.3  18389  -74.7  -88.1     11   0.00     89   25.7  415.6  415.6  415.6
   75.2  18399  -74.6  -88.1     11   0.00     90   25.7  415.8  415.8  415.8
   75.1  18410  -74.6  -88.1     11   0.00     91   25.7  416.1  416.1  416.1
   74.9  18421  -74.5  -88.1     11   0.00     92   25.7  416.6  416.6  416.6
   74.8  18432  -74.4  -88.1     11   0.00     93   25.7  416.9  416.9  416.9
   74.6  18442  -74.4  -88.1     11   0.00     93   25.6  417.3  417.3  417.3
   74.5  18451  -74.4  -88.1     11   0.00     94   25.4  417.5  417.5  417.5
   74.4  18461  -74.3  -88.2     10   0.00     95   25.3  417.7  417.7  417.7
   74.3  18472  -74.3  -88.2     10   0.00     96   25.1  418.0  418.0  418.0
   74.1  18481  -74.2  -88.2     10   0.00     97   24.9  418.4  418.4  418.4
   74.0  18491  -74.2  -88.3     10   0.00     98   24.7  418.7  418.7  418.7
   73.9  18501  -74.1  -88.3     10   0.00     99   24.5  418.9  418.9  418.9
   73.7  18512  -74.1  -88.4     10   0.00    100   24.2  419.3  419.3  419.3
   73.6  18523  -74.0  -88.4     10   0.00    101   24.0  419.7  419.7  419.7
   73.5  18534  -73.8  -88.3      9   0.00    101   23.7  420.3  420.3  420.3
   73.3  18545  -73.5  -88.1      9   0.00    102   23.4  421.2  421.2  421.2
   73.2  18556  -73.3  -88.0      9   0.00    102   23.1  421.7  421.8  421.7
   73.1  18565  -73.3  -88.1      9   0.00    102   22.7  422.0  422.0  422.0
   72.9  18576  -73.3  -88.1      9   0.00    102   22.3  422.3  422.3  422.3
   72.8  18587  -73.3  -88.2      9   0.00    102   21.9  422.4  422.4  422.4
   72.7  18597  -73.4  -88.3      9   0.00    103   21.5  422.5  422.5  422.5
   72.5  18608  -73.4  -88.4      9   0.00    102   21.0  422.8  422.8  422.8
   72.4  18619  -73.4  -88.4      9   0.00    102   20.6  423.0  423.0  423.0
   72.3  18629  -73.4  -88.5      9   0.00    102   20.1  423.1  423.2  423.1
   72.1  18641  -73.4  -88.5      8   0.00    102   19.7  423.5  423.5  423.5
   72.0  18652  -73.4  -88.6      8   0.00    102   19.3  423.7  423.7  423.7
   71.9  18663  -73.3  -88.7      8   0.00    102   19.0  423.9  423.9  423.9
   71.7  18673  -73.3  -88.8      8   0.00    102   18.7  424.3  424.3  424.3
   71.6  18684  -73.3  -88.9      8   0.00    102   18.4  424.5  424.5  424.5
   71.5  18694  -73.3  -88.9      8   0.00    102   18.3  424.7  424.7  424.7
   71.4  18705  -73.2  -89.0      8   0.00    102   18.2  425.0  425.0  425.0
   71.2  18716  -73.1  -89.0      7   0.00    101   18.1  425.5  425.5  425.5
   71.1  18728  -73.0  -89.0      7   0.00    101   18.1  425.9  425.9  425.9
   70.9  18739  -73.0  -89.1      7   0.00    101   18.2  426.3  426.4  426.3
   70.8  18749  -72.9  -89.1      7   0.00    101   18.3  426.6  426.6  426.6
   70.7  18760  -72.9  -89.1      7   0.00    101   18.4  427.0  427.0  427.0
   70.6  18771  -72.7  -89.1      7   0.00    102   18.5  427.4  427.4  427.4
   70.4  18782  -72.6  -89.1      7   0.00    102   18.7  428.1  428.1  428.1
   70.3  18793  -72.4  -89.0      7   0.00    102   18.8  428.6  428.6  428.6
   70.2  18804  -72.3  -89.0      7   0.00    102   18.8  429.1  429.1  429.1
   70.0  18817  -72.2  -89.0      6   0.00    102   18.9  429.7  429.7  429.7
   69.9  18826  -72.1  -89.0      6   0.00    102   18.9  429.9  430.0  429.9
   69.8  18836  -72.1  -89.0      6   0.00    102   18.9  430.2  430.3  430.2
   69.6  18847  -72.0  -89.0      6   0.00    102   18.9  430.8  430.8  430.8
   69.5  18859  -71.9  -89.0      6   0.00    103   18.9  431.1  431.1  431.1
   69.4  18870  -71.9  -89.0      6   0.00    103   18.8  431.4  431.4  431.4
   69.2  18881  -71.8  -89.0      6   0.00    103   18.8  431.9  431.9  431.9
   69.1  18892  -71.7  -89.0      6   0.00    103   18.7  432.2  432.2  432.2
   69.0  18903  -71.6  -89.0      6   0.00    103   18.7  432.6  432.6  432.6
   68.9  18915  -71.6  -89.0      6   0.00    103   18.6  432.9  432.9  432.9
   68.7  18925  -71.5  -89.0      6   0.00    103   18.5  433.3  433.3  433.3
   68.6  18937  -71.5  -89.0      6   0.00    103   18.4  433.5  433.5  433.5
   68.5  18949  -71.6  -89.0      6   0.00    103   18.3  433.6  433.6  433.6
   68.3  18960  -71.6  -89.0      6   0.00    103   18.1  433.9  433.9  433.9
   68.2  18971  -71.6  -89.1      6   0.00    102   17.9  434.0  434.0  434.0
   68.1  18983  -71.6  -89.1      6   0.00    102   17.7  434.2  434.3  434.2
   67.9  18995  -71.6  -89.1      6   0.00    101   17.4  434.7  434.7  434.7
   67.8  19005  -71.5  -89.1      6   0.00    101   17.1  435.1  435.1  435.1
   67.7  19015  -71.4  -89.0      6   0.00    100   16.8  435.5  435.5  435.5
   67.6  19026  -71.3  -89.0      6   0.00     99   16.5  435.8  435.8  435.8
   67.4  19038  -71.3  -89.1      6   0.00     98   16.1  436.1  436.1  436.1
   67.3  19050  -71.4  -89.1      6   0.00     97   15.8  436.2  436.2  436.2
   67.2  19062  -71.4  -89.2      6   0.00     96   15.4  436.3  436.3  436.3
   67.0  19073  -71.5  -89.2      6   0.00     94   15.1  436.6  436.6  436.6
   66.9  19083  -71.5  -89.2      6   0.00     93   14.8  436.7  436.7  436.7
   66.8  19093  -71.5  -89.2      6   0.00     92   14.5  436.8  436.8  436.8
   66.7  19104  -71.5  -89.2      6   0.00     91   14.2  437.0  437.0  437.0
   66.6  19115  -71.5  -89.2      6   0.00     89   14.0  437.2  437.2  437.2
   66.4  19127  -71.5  -89.2      6   0.00     88   13.8  437.7  437.7  437.7
   66.3  19138  -71.4  -89.1      6   0.00     87   13.6  438.0  438.0  438.0
   66.2  19149  -71.4  -89.1      6   0.00     86   13.5  438.2  438.2  438.2
   66.0  19160  -71.4  -89.1      6   0.00     85   13.5  438.6  438.6  438.6
   65.9  19172  -71.4  -89.2      6   0.00     84   13.5  438.7  438.7  438.7
   65.8  19184  -71.5  -89.2      6   0.00     83   13.6  438.8  438.9  438.8
   65.6  19196  -71.5  -89.3      6   0.00     83   13.7  439.2  439.2  439.2
   65.5  19208  -71.5  -89.4      6   0.00     83   13.9  439.2  439.3  439.2
   65.4  19219  -71.6  -89.5      5   0.00     83   14.1  439.3  439.3  439.3
   65.3  19231  -71.6  -89.5      5   0.00     83   14.4  439.5  439.5  439.5
   65.1  19243  -71.6  -89.5      5   0.00     83   14.7  439.9  440.0  439.9
   65.0  19254  -71.4  -89.5      5   0.00     83   15.0  440.4  440.4  440.4
   64.9  19266  -71.3  -89.4      5   0.00     83   15.3  441.0  441.0  441.0
   64.7  19279  -71.1  -89.3      5   0.00     84   15.6  441.8  441.9  441.8
   64.6  19290  -70.9  -89.3      5   0.00     85   15.9  442.3  442.3  442.3
   64.5  19300  -70.8  -89.3      5   0.00     85   16.2  442.8  442.8  442.8
   64.4  19310  -70.7  -89.3      5   0.00     86   16.5  443.3  443.3  443.3
   64.3  19322  -70.5  -89.2      5   0.00     87   16.8  443.8  443.8  443.8
   64.1  19334  -70.4  -89.1      5   0.00     88   17.1  444.6  444.6  444.6
   64.0  19345  -70.3  -89.1      5   0.00     88   17.3  444.9  445.0  444.9
   63.9  19357  -70.3  -89.1      5   0.00     89   17.6  445.2  445.2  445.2
   63.8  19368  -70.3  -89.2      5   0.00     90   17.8  445.3  445.3  445.3
   63.7  19378  -70.4  -89.3      5   0.00     91   18.0  445.4  445.4  445.4
   63.5  19391  -70.4  -89.3      5   0.00     92   18.2  445.7  445.7  445.7
   63.4  19402  -70.4  -89.3      5   0.00     93   18.3  445.9  445.9  445.9
   63.3  19414  -70.4  -89.3      5   0.00     94   18.5  446.1  446.1  446.1
   63.2  19425  -70.4  -89.4      5   0.00     95   18.6  446.3  446.3  446.3
   63.0  19437  -70.4  -89.4      5   0.00     96   18.7  446.8  446.8  446.8
   62.9  19448  -70.3  -89.4      5   0.00     96   18.7  447.0  447.0  447.0
   62.8  19458  -70.3  -89.4      5   0.00     97   18.7  447.3  447.3  447.3
   62.7  19468  -70.3  -89.4      5   0.00     98   18.7  447.6  447.6  447.6
   62.6  19480  -70.2  -89.4      5   0.00     98   18.6  447.9  447.9  447.9
   62.5  19491  -70.1  -89.4      4   0.00     99   18.5  448.3  448.3  448.3
   62.3  19502  -70.0  -89.4      4   0.00     99   18.4  448.9  448.9  448.9
   62.2  19513  -70.0  -89.5      4   0.00     99   18.2  449.3  449.3  449.3
   62.1  19525  -69.9  -89.4      4   0.00     99   18.1  449.7  449.7  449.7
   62.0  19535  -69.8  -89.5      4   0.00     99   17.9  450.0  450.0  450.0
   61.9  19546  -69.8  -89.5      4   0.00     99   17.8  450.2  450.2  450.2
   61.8  19557  -69.8  -89.6      4   0.00     99   17.6  450.4  450.4  450.4
   61.7  19567  -69.9  -89.6      4   0.00     98   17.6  450.5  450.5  450.5
   61.6  19576  -69.9  -89.6      4   0.00     98   17.5  450.7  450.7  450.7
   61.5  19587  -69.8  -89.6      4   0.00     97   17.5  451.0  451.0  451.0
   61.3  19599  -69.8  -89.6      4   0.00     96   17.5  451.6  451.6  451.6
   61.2  19611  -69.7  -89.6      4   0.00     96   17.5  451.9  451.9  451.9
   61.1  19621  -69.7  -89.6      4   0.00     95   17.6  452.3  452.3  452.3
   61.0  19632  -69.6  -89.6      4   0.00     95   17.7  452.6  452.6  452.6
   60.9  19644  -69.6  -89.7      4   0.00     94   17.7  452.9  452.9  452.9
   60.8  19654  -69.5  -89.7      4   0.00     94   17.8  453.2  453.2  453.2
   60.7  19665  -69.5  -89.8      4   0.00     95   17.9  453.4  453.5  453.4
   60.5  19676  -69.5  -89.8      4   0.00     95   18.0  453.9  453.9  453.9
   60.4  19686  -69.4  -89.8      4   0.00     95   18.1  454.2  454.3  454.2
   60.3  19696  -69.4  -89.8      4   0.00     96   18.2  454.6  454.6  454.6
   60.2  19707  -69.3  -89.8      4   0.00     96   18.2  455.0  455.0  455.0
   60.1  19719  -69.2  -89.8      4   0.00     97   18.3  455.4  455.4  455.4
   60.0  19730  -69.1  -89.8      4   0.00     97   18.3  455.8  455.9  455.8
   59.9  19740  -69.0  -89.8      4   0.00     97   18.3  456.3  456.3  456.3
   59.8  19751  -68.9  -89.8      4   0.00     98   18.3  456.7  456.7  456.7
   59.7  19761  -68.9  -89.8      3   0.00     98   18.3  457.0  457.0  457.0
   59.6  19772  -68.8  -89.8      3   0.00     98   18.3  457.4  457.4  457.4
   59.5  19784  -68.7  -89.9      3   0.00     97   18.3  457.8  457.8  457.8
   59.3  19796  -68.6  -89.9      3   0.00     97   18.4  458.4  458.5  458.5
   59.2  19807  -68.5  -89.8      3   0.00     96   18.4  458.9  458.9  458.9
   59.1  19819  -68.4  -89.8      3   0.00     95   18.5  459.4  459.4  459.4
   59.0  19831  -68.3  -89.8      3   0.00     94   18.6  459.9  459.9  459.9
   58.9  19843  -68.2  -89.8      3   0.00     93   18.7  460.3  460.3  460.3
   58.8  19854  -68.2  -89.8      3   0.00     92   18.9  460.6  460.6  460.6
   58.7  19865  -68.2  -89.8      3   0.00     91   19.0  460.8  460.8  460.8
   58.6  19876  -68.2  -89.8      3   0.00     90   19.2  461.0  461.0  461.0
   58.4  19887  -68.2  -89.8      3   0.00     89   19.4  461.5  461.5  461.5
   58.3  19898  -68.2  -89.8      3   0.00     89   19.6  461.7  461.7  461.7
   58.2  19909  -68.2  -89.8      3   0.00     88   19.8  461.9  462.0  461.9
   58.1  19921  -68.2  -89.9      3   0.00     87   19.9  462.2  462.2  462.2
   58.0  19932  -68.1  -89.9      3   0.00     87   20.0  462.5  462.5  462.5
   57.9  19944  -68.1  -89.8      3   0.00     87   20.1  462.8  462.8  462.8
   57.8  19956  -68.0  -89.8      3   0.00     87   20.2  463.2  463.2  463.2
   57.7  19967  -68.0  -89.8      3   0.00     87   20.2  463.5  463.6  463.5
   57.6  19978  -67.9  -89.8      3   0.00     87   20.2  463.9  463.9  463.9
   57.5  19990  -67.9  -89.7      3   0.00     87   20.2  464.2  464.2  464.2
   57.4  20001  -67.9  -89.7      3   0.00     87   20.2  464.5  464.5  464.5
   57.2  20013  -67.8  -89.7      3   0.00     88   20.1  465.0  465.0  465.0
   57.1  20024  -67.8  -89.7      3   0.00     88   20.0  465.2  465.2  465.2
   57.0  20034  -67.9  -89.7      3   0.00     89   20.0  465.4  465.4  465.4
   56.9  20045  -67.9  -89.7      3   0.00     89   19.9  465.6  465.6  465.6
   56.8  20056  -67.9  -89.7      3   0.00     90   19.9  465.8  465.8  465.8
   56.7  20067  -67.9  -89.6      3   0.00     90   19.8  466.0  466.0  466.0
   56.6  20078  -68.0  -89.6      3   0.00     90   19.8  466.1  466.1  466.1
   56.5  20089  -68.0  -89.7      3   0.00     91   19.7  466.1  466.2  466.1
   56.4  20100  -68.1  -89.7      3   0.00     91   19.6  466.2  466.2  466.2
   56.3  20112  -68.2  -89.7      3   0.00     92   19.6  466.3  466.3  466.3
   56.2  20124  -68.3  -89.7      3   0.00     92   19.6  466.3  466.3  466.3
   56.1  20137  -68.4  -89.7      3   0.00     92   19.5  466.3  466.4  466.3
   56.0  20149  -68.5  -89.7      3   0.00     92   19.5  466.3  466.3  466.3
   55.8  20161  -68.6  -89.7      3   0.00     93   19.4  466.6  466.6  466.6
   55.7  20172  -68.7  -89.7      3   0.00     93   19.4  466.6  466.6  466.6
   55.6  20184  -68.8  -89.7      3   0.00     93   19.4  466.6  466.7  466.6
   55.5  20196  -68.8  -89.8      3   0.00     93   19.4  466.7  466.8  466.8
   55.4  20207  -68.9  -89.8      4   0.00     93   19.3  466.9  466.9  466.9
   55.3  20218  -68.9  -89.8      4   0.00     92   19.3  467.0  467.1  467.0
   55.2  20229  -68.9  -89.8      4   0.00     92   19.3  467.2  467.2  467.2
   55.1  20241  -69.0  -89.8      4   0.00     92   19.2  467.3  467.3  467.3
   55.0  20253  -69.0  -89.9      4   0.00     92   19.2  467.5  467.5  467.5
   54.9  20266  -69.1  -89.9      4   0.00     91   19.2  467.6  467.6  467.6
   54.8  20278  -69.1  -89.9      4   0.00     91   19.1  467.8  467.8  467.8
   54.7  20289  -69.1  -90.0      3   0.00     90   19.1  468.1  468.1  468.1
   54.6  20300  -69.0  -89.9      3   0.00     90   19.1  468.4  468.4  468.4
   54.4  20313  -69.0  -89.9      3   0.00     89   19.1  469.0  469.0  469.0
   54.3  20326  -69.0  -89.9      3   0.00     89   19.1  469.4  469.4  469.4
   54.2  20338  -68.9  -89.9      3   0.00     88   19.1  469.7  469.7  469.7
   54.1  20350  -68.9  -89.9      3   0.00     88   19.2  470.0  470.0  470.0
   54.0  20362  -68.9  -89.9      3   0.00     87   19.2  470.2  470.2  470.2
   53.9  20375  -69.0  -90.0      3   0.00     87   19.2  470.4  470.4  470.4
   53.8  20388  -69.0  -90.0      3   0.00     87   19.3  470.5  470.5  470.5
   53.7  20399  -69.0  -90.0      3   0.00     86   19.3  470.7  470.7  470.7
   53.6  20411  -69.1  -90.0      3   0.00     86   19.3  470.8  470.9  470.8
   53.4  20423  -69.1  -90.1      3   0.00     86   19.4  471.2  471.2  471.2
   53.3  20435  -69.2  -90.1      3   0.00     86   19.4  471.3  471.4  471.3
   53.2  20447  -69.3  -90.1      3   0.00     86   19.4  471.4  471.5  471.4
   53.1  20458  -69.3  -90.2      3   0.00     86   19.5  471.5  471.5  471.5
   53.0  20470  -69.4  -90.2      3   0.00     86   19.5  471.6  471.7  471.6
   52.9  20483  -69.4  -90.3      3   0.00     86   19.6  471.8  471.8  471.8
   52.8  20496  -69.4  -90.3      3   0.00     86   19.6  472.0  472.1  472.0
   52.7  20508  -69.4  -90.3      3   0.00     87   19.7  472.3  472.4  472.3
   52.6  20521  -69.4  -90.3      3   0.00     87   19.7  472.7  472.7  472.7
   52.5  20533  -69.3  -90.3      3   0.00     87   19.8  473.0  473.0  473.0
   52.4  20545  -69.3  -90.3      3   0.00     88   19.9  473.3  473.3  473.3
   52.3  20558  -69.3  -90.4      3   0.00     88   20.0  473.6  473.6  473.6
   52.1  20570  -69.3  -90.4      3   0.00     88   20.1  474.1  474.1  474.1
   52.0  20583  -69.3  -90.5      3   0.00     88   20.2  474.4  474.5  474.4
   51.9  20595  -69.2  -90.5      3   0.00     88   20.4  474.8  474.8  474.8
   51.8  20607  -69.2  -90.5      3   0.00     88   20.5  475.2  475.2  475.2
   51.7  20620  -69.1  -90.6      3   0.00     88   20.6  475.6  475.6  475.6
   51.6  20633  -69.1  -90.6      3   0.00     88   20.8  476.0  476.0  476.0
   51.5  20645  -69.0  -90.6      3   0.00     88   20.9  476.4  476.4  476.4
   51.4  20657  -68.9  -90.6      3   0.00     88   21.0  476.9  476.9  476.9
   51.3  20669  -68.7  -90.6      3   0.00     88   21.2  477.6  477.7  477.6
   51.2  20682  -68.5  -90.5      3   0.00     88   21.4  478.4  478.4  478.4
   51.1  20695  -68.4  -90.5      3   0.00     88   21.5  479.0  479.0  479.0
   51.0  20707  -68.3  -90.5      3   0.00     88   21.7  479.5  479.5  479.5
   50.9  20718  -68.2  -90.5      3   0.00     88   21.8  479.9  479.9  479.9
   50.8  20730  -68.1  -90.5      3   0.00     88   22.0  480.3  480.3  480.3
   50.7  20742  -68.0  -90.5      3   0.00     88   22.1  480.8  480.8  480.8
   50.6  20754  -68.0  -90.4      3   0.00     88   22.2  481.3  481.3  481.3
   50.5  20765  -67.9  -90.4      3   0.00     89   22.3  481.7  481.7  481.7
   50.4  20778  -67.9  -90.4      3   0.00     89   22.4  482.1  482.1  482.1
   50.3  20791  -67.8  -90.4      3   0.00     90   22.5  482.5  482.5  482.5
   50.2  20803  -67.8  -90.4      3   0.00     90   22.5  482.8  482.9  482.8
   50.1  20816  -67.7  -90.4      3   0.00     91   22.6  483.2  483.2  483.2
   50.0  20822  -67.7  -90.4      3   0.00     91   22.6  483.5  483.5  483.5
   49.9  20828  -67.7  -90.4      3   0.00     91   22.6  483.7  483.8  483.7
   49.8  20851  -67.8  -90.4      3   0.00     92   22.5  483.8  483.8  483.8
   49.7  20863  -67.9  -90.4      3   0.00     92   22.5  483.9  484.0  483.9
   49.6  20875  -67.9  -90.4      3   0.00     92   22.5  484.1  484.1  484.1
   49.5  20888  -68.0  -90.5      3   0.00     92   22.4  484.3  484.3  484.3
   49.4  20900  -68.0  -90.5      3   0.00     91   22.4  484.5  484.5  484.5
   49.3  20912  -68.0  -90.5      3   0.00     91   22.4  484.8  484.8  484.8
   49.2  20924  -67.9  -90.4      3   0.00     90   22.4  485.2  485.3  485.3
   49.1  20935  -67.8  -90.4      3   0.00     88   22.4  485.8  485.8  485.8
   49.0  20947  -67.7  -90.3      3   0.00     87   22.4  486.2  486.3  486.2
   48.9  20959  -67.7  -90.3      3   0.00     85   22.5  486.6  486.6  486.6
   48.8  20971  -67.7  -90.3      3   0.00     84   22.6  486.9  486.9  486.9
   48.7  20984  -67.7  -90.4      3   0.00     82   22.8  487.2  487.2  487.2
   48.6  20995  -67.7  -90.4      3   0.00     80   22.9  487.5  487.5  487.5
   48.5  21007  -67.7  -90.4      3   0.00     79   23.1  487.7  487.7  487.7
   48.4  21019  -67.8  -90.5      3   0.00     78   23.3  487.8  487.9  487.8
   48.3  21030  -67.8  -90.6      3   0.00     77   23.5  488.1  488.1  488.1
   48.2  21041  -67.8  -90.6      3   0.00     75   23.7  488.5  488.5  488.5
   48.1  21053  -67.7  -90.5      3   0.00     74   24.0  489.0  489.0  489.0
   48.0  21064  -67.5  -90.5      3   0.00     73   24.2  489.7  489.7  489.7
   47.9  21074  -67.3  -90.4      3   0.00     72   24.4  490.4  490.4  490.4
   47.8  21097  -67.0  -90.3      2   0.00     70   24.9  491.4  491.5  491.4
   47.7  21109  -66.9  -90.3      2   0.00     69   25.1  492.0  492.0  492.0
   47.6  21119  -66.8  -90.3      2   0.00     69   25.3  492.4  492.5  492.4
   47.5  21129  -66.8  -90.3      2   0.00     68   25.4  492.8  492.8  492.8
   47.4  21141  -66.8  -90.4      2   0.00     68   25.6  493.1  493.1  493.1
   47.3  21153  -66.8  -90.4      2   0.00     68   25.7  493.4  493.4  493.4
   47.2  21164  -66.8  -90.5      2   0.00     68   25.8  493.7  493.8  493.7
   47.1  21185  -66.6  -90.4      2   0.00     68   25.9  494.4  494.4  494.4
   47.0  21195  -66.5  -90.4      2   0.00     68   25.9  495.0  495.0  495.0
   46.9  21207  -66.4  -90.4      2   0.00     68   25.9  495.5  495.5  495.5
   46.8  21218  -66.3  -90.3      2   0.00     68   25.8  496.0  496.1  496.0
   46.7  21229  -66.2  -90.3      2   0.00     68   25.8  496.6  496.6  496.6
   46.6  21249  -66.0  -90.2      2   0.00     68   25.7  497.3  497.3  497.3
   46.5  21260  -66.0  -90.3      2   0.00     68   25.6  497.8  497.8  497.8
   46.4  21271  -66.0  -90.3      2   0.00     68   25.6  498.2  498.2  498.2
   46.3  21282  -65.9  -90.3      2   0.00     68   25.6  498.5  498.6  498.5
   46.2  21292  -65.9  -90.3      2   0.00     68   25.5  498.9  499.0  498.9
   46.1  21312  -65.8  -90.3      2   0.00     68   25.5  499.5  499.5  499.5
   46.0  21323  -65.7  -90.3      2   0.00     68   25.5  500.0  500.0  500.0
   45.9  21334  -65.6  -90.3      2   0.00     68   25.5  500.6  500.6  500.6
   45.8  21355  -65.3  -90.2      2   0.00     69   25.5  501.7  501.7  501.7
   45.7  21365  -65.2  -90.2      2   0.00     69   25.5  502.2  502.2  502.2
   45.6  21375  -65.1  -90.2      2   0.00     69   25.6  502.7  502.7  502.7
   45.5  21386  -65.0  -90.2      2   0.00     70   25.7  503.3  503.3  503.3
   45.4  21407  -64.7  -90.2      2   0.00     70   25.9  504.2  504.2  504.2
   45.3  21416  -64.6  -90.1      2   0.00     71   26.1  504.9  504.9  504.9
   45.2  21426  -64.4  -90.1      2   0.00     71   26.3  505.6  505.6  505.6
   45.1  21447  -64.1  -89.9      2   0.00     71   26.7  506.7  506.7  506.7
   45.0  21456  -64.0  -89.9      2   0.00     71   26.9  507.2  507.3  507.2
   44.9  21467  -63.9  -89.8      2   0.00     71   27.2  507.7  507.8  507.7
   44.8  21487  -63.9  -89.8      2   0.00     71   27.8  508.2  508.2  508.2
   44.7  21498  -63.9  -89.8      2   0.00     71   28.1  508.5  508.6  508.6
   44.6  21508  -63.9  -89.7      2   0.00     71   28.4  508.9  508.9  508.9
   44.5  21529  -63.9  -89.8      2   0.00     71   29.1  509.2  509.2  509.2
   44.4  21539  -63.9  -89.8      2   0.00     71   29.5  509.5  509.5  509.5
   44.3  21549  -63.9  -89.8      2   0.00     71   29.8  509.7  509.8  509.7
   44.2  21571  -63.9  -89.8      2   0.00     71   30.4  510.2  510.3  510.2
   44.1  21580  -63.8  -89.8      2   0.00     71   30.7  510.8  510.8  510.8
   44.0  21599  -63.5  -89.7      2   0.00     72   31.1  511.7  511.7  511.7
   43.9  21608  -63.4  -89.7      2   0.00     72   31.2  512.3  512.3  512.3
   43.8  21626  -63.3  -89.7      2   0.00     73   31.3  513.0  513.1  513.0
   43.7  21635  -63.1  -89.6      2   0.00     74   31.2  513.7  513.7  513.7
   43.6  21655  -62.7  -89.5      2   0.00     74   30.8  515.0  515.0  515.0
   43.5  21665  -62.6  -89.4      2   0.00     75   30.6  515.8  515.8  515.8
   43.4  21675  -62.5  -89.3      2   0.00     75   30.3  516.3  516.3  516.3
   43.3  21695  -62.4  -89.3      2   0.00     76   29.7  516.7  516.8  516.7
   43.2  21705  -62.5  -89.3      2   0.00     77   29.4  517.0  517.0  517.0
   43.1  21725  -62.5  -89.2      2   0.00     77   28.8  517.2  517.2  517.2
   43.0  21735  -62.6  -89.2      2   0.00     78   28.6  517.4  517.5  517.4
   42.9  21756  -62.6  -89.2      2   0.00     78   28.3  517.6  517.6  517.6
   42.8  21767  -62.7  -89.2      2   0.00     78   28.2  517.9  517.9  517.9
   42.7  21777  -62.7  -89.2      2   0.00     79   28.2  518.1  518.2  518.1
   42.6  21797  -62.7  -89.3      2   0.00     79   28.4  518.5  518.5  518.5
   42.5  21807  -62.6  -89.2      2   0.00     79   28.5  519.1  519.1  519.1
   42.4  21818  -62.4  -89.1      2   0.00     80   28.7  519.9  519.9  519.9
   42.3  21840  -62.1  -88.9      2   0.00     80   29.2  521.1  521.1  521.1
   42.2  21851  -62.0  -88.9      2   0.00     80   29.4  521.6  521.6  521.6
   42.1  21862  -62.0  -88.9      2   0.00     80   29.7  521.9  521.9  521.9
   42.0  21883  -62.1  -88.9      2   0.00     80   30.2  522.0  522.0  522.0
   41.9  21893  -62.2  -88.9      2   0.00     80   30.4  522.2  522.2  522.2
   41.8  21914  -62.3  -89.0      2   0.00     80   30.7  522.3  522.3  522.3
   41.7  21926  -62.4  -89.0      2   0.00     80   30.8  522.5  522.5  522.5
   41.6  21938  -62.4  -89.0      2   0.00     80   30.8  522.7  522.8  522.7
   41.5  21961  -62.5  -89.1      2   0.00     80   30.7  522.9  522.9  522.9
   41.4  21973  -62.4  -89.1      2   0.00     80   30.5  523.4  523.4  523.4
   41.3  21985  -62.3  -89.0      2   0.00     80   30.3  524.1  524.1  524.1
   41.2  21997  -62.2  -88.9      2   0.00     80   30.1  524.8  524.8  524.8
   41.1  22020  -62.0  -88.8      2   0.00     81   29.5  525.6  525.6  525.6
   41.0  22032  -62.0  -88.8      2   0.00     81   29.1  525.9  525.9  525.9
   40.9  22044  -62.1  -88.8      2   0.00     81   28.7  526.1  526.2  526.1
   40.8  22056  -62.1  -88.8      2   0.00     81   28.4  526.3  526.4  526.3
   40.7  22081  -62.3  -88.8      2   0.00     80   27.6  526.2  526.3  526.3
   40.6  22093  -62.4  -88.8      2   0.00     80   27.2  526.4  526.4  526.4
   40.5  22105  -62.5  -88.8      2   0.00     80   26.8  526.6  526.6  526.6
   40.4  22118  -62.5  -88.8      2   0.00     80   26.4  526.8  526.8  526.8
   40.3  22131  -62.6  -88.8      2   0.00     80   26.1  527.0  527.1  527.0
   40.2  22156  -62.7  -88.9      2   0.00     80   25.4  527.1  527.1  527.1
   40.1  22169  -62.8  -89.0      2   0.00     80   25.0  527.3  527.3  527.3
   40.0  22180  -62.8  -89.0      2   0.00     80   24.7  527.7  527.7  527.7
   39.9  22204  -62.7  -89.0      2   0.00     81   24.2  528.2  528.2  528.2
   39.8  22216  -62.7  -89.0      2   0.00     81   23.9  528.7  528.7  528.7
   39.7  22229  -62.7  -89.0      2   0.00     82   23.7  529.1  529.2  529.1
   39.6  22241  -62.6  -89.1      2   0.00     82   23.6  529.6  529.6  529.6
   39.5  22264  -62.5  -89.1      2   0.00     83   23.3  530.2  530.2  530.2
   39.4  22277  -62.5  -89.1      2   0.00     83   23.2  530.8  530.8  530.8
   39.3  22290  -62.4  -89.1      2   0.00     83   23.1  531.3  531.3  531.3
   39.2  22304  -62.4  -89.1      2   0.00     83   23.1  531.7  531.8  531.7
   39.1  22329  -62.4  -89.1      2   0.00     83   23.2  532.1  532.2  532.1
   39.0  22340  -62.4  -89.1      2   0.00     83   23.4  532.6  532.6  532.6
   38.9  22353  -62.4  -89.1      2   0.00     83   23.5  533.0  533.0  533.0
   38.8  22366  -62.3  -89.1      2   0.00     82   23.7  533.4  533.5  533.4
   38.7  22391  -62.3  -89.2      2   0.00     81   24.2  533.8  533.9  533.8
   38.6  22404  -62.3  -89.2      2   0.00     81   24.4  534.3  534.3  534.3
   38.5  22417  -62.3  -89.2      2   0.00     81   24.7  534.8  534.8  534.8
   38.4  22429  -62.2  -89.2      2   0.00     80   25.0  535.4  535.4  535.4
   38.3  22454  -62.0  -89.1      2   0.00     80   25.5  536.3  536.3  536.3
   38.2  22467  -61.9  -89.1      2   0.00     80   25.7  536.9  537.0  536.9
   38.1  22479  -61.8  -89.0      2   0.00     80   25.9  537.6  537.6  537.6
   38.0  22505  -61.6  -89.0      2   0.00     80   26.1  538.4  538.4  538.4
   37.9  22517  -61.6  -89.0      2   0.00     80   26.2  538.9  538.9  538.9
   37.8  22529  -61.6  -89.0      2   0.00     80   26.3  539.2  539.2  539.2
   37.7  22553  -61.7  -89.0      2   0.00     80   26.4  539.5  539.6  539.5
   37.6  22566  -61.7  -89.0      2   0.00     80   26.4  540.0  540.0  540.0
   37.5  22578  -61.6  -89.0      2   0.00     80   26.4  540.4  540.5  540.4
   37.4  22602  -61.6  -89.1      1   0.00     81   26.4  540.9  540.9  540.9
   37.3  22614  -61.6  -89.1      1   0.00     81   26.3  541.4  541.4  541.4
   37.2  22626  -61.5  -89.1      1   0.00     81   26.3  541.9  541.9  541.9
   37.1  22650  -61.3  -89.0      1   0.00     81   26.3  542.9  542.9  542.9
   37.0  22662  -61.2  -89.0      1   0.00     81   26.3  543.6  543.7  543.6
   36.9  22686  -60.9  -89.0      1   0.00     82   26.3  544.7  544.7  544.7
   36.8  22698  -60.8  -89.0      1   0.00     82   26.3  545.5  545.5  545.5
   36.7  22710  -60.7  -88.9      1   0.00     82   26.3  546.2  546.3  546.2
   36.6  22735  -60.4  -88.9      1   0.00     82   26.3  547.3  547.3  547.3
   36.5  22747  -60.3  -88.8      1   0.00     82   26.3  548.1  548.1  548.1
   36.4  22771  -60.0  -88.7      1   0.00     83   26.3  549.2  549.2  549.2
   36.3  22783  -59.9  -88.7      1   0.00     83   26.3  549.9  550.0  549.9
   36.2  22795  -59.8  -88.6      1   0.00     83   26.3  550.7  550.7  550.7
   36.1  22819  -59.5  -88.5      1   0.00     83   26.3  551.8  551.8  551.8
   36.0  22831  -59.4  -88.4      1   0.00     83   26.3  552.5  552.6  552.6
   35.9  22855  -59.1  -88.2      1   0.00     84   26.3  553.7  553.7  553.7
   35.8  22868  -59.0  -88.1      1   0.00     84   26.3  554.4  554.5  554.4
   35.7  22892  -58.8  -87.9      1   0.00     84   26.3  555.5  555.6  555.5
   35.6  22904  -58.7  -87.9      1   0.00     84   26.3  556.3  556.3  556.3
   35.5  22916  -58.6  -87.8      1   0.01     84   26.3  556.9  557.0  556.9
   35.4  22940  -58.4  -87.7      1   0.01     85   26.3  557.8  557.8  557.8
   35.3  22952  -58.4  -87.7      1   0.01     85   26.3  558.4  558.4  558.4
   35.2  22976  -58.2  -87.7      1   0.01     85   26.3  559.2  559.2  559.2
   35.1  22988  -58.2  -87.6      1   0.01     85   26.3  559.8  559.8  559.8
   35.0  23012  -58.1  -87.6      1   0.01     85   26.4  560.5  560.6  560.5
   34.9  23025  -58.0  -87.6      1   0.01     85   26.4  561.1  561.1  561.1
   34.8  23049  -58.0  -87.5      1   0.01     86   26.4  561.7  561.8  561.7
   34.7  23061  -57.9  -87.5      1   0.01     86   26.4  562.3  562.3  562.3
   34.6  23085  -57.8  -87.5      1   0.01     86   26.4  563.0  563.0  563.0
   34.5  23097  -57.8  -87.4      1   0.01     86   26.4  563.5  563.5  563.5
   34.4  23120  -57.7  -87.4      1   0.01     87   26.4  564.2  564.2  564.2
   34.3  23143  -57.6  -87.3      1   0.01     87   26.3  565.0  565.1  565.0
   34.2  23155  -57.5  -87.3      1   0.01     87   26.3  565.7  565.8  565.7
   34.1  23179  -57.3  -87.2      1   0.01     87   26.3  566.6  566.7  566.6
   34.0  23191  -57.3  -87.1      1   0.01     87   26.2  567.2  567.2  567.2
   33.9  23214  -57.3  -87.1      1   0.01     87   26.1  567.7  567.8  567.7
   33.8  23226  -57.3  -87.1      1   0.01     88   26.1  568.3  568.3  568.3
   33.7  23249  -57.1  -86.9      1   0.01     88   25.9  569.1  569.1  569.1
   33.6  23272  -57.0  -86.8      1   0.01     88   25.8  570.0  570.1  570.0
   33.5  23284  -56.9  -86.7      1   0.01     88   25.7  570.6  570.7  570.6
   33.4  23307  -56.9  -86.7      1   0.01     88   25.6  571.2  571.2  571.2
   33.3  23319  -56.9  -86.7      1   0.01     88   25.5  571.7  571.8  571.7
   33.2  23342  -56.8  -86.6      1   0.01     88   25.4  572.4  572.4  572.4
   33.1  23365  -56.8  -86.5      1   0.01     88   25.3  572.8  572.9  572.8
   33.0  23376  -56.9  -86.5      1   0.01     88   25.2  573.2  573.2  573.2
   32.9  23400  -57.0  -86.6      1   0.01     88   25.1  573.3  573.4  573.3
   32.8  23423  -57.2  -86.8      1   0.01     89   25.0  573.4  573.4  573.4
   32.7  23434  -57.2  -86.8      1   0.01     89   24.9  573.7  573.8  573.7
   32.6  23458  -57.1  -86.9      1   0.01     89   24.8  574.5  574.5  574.5
   32.5  23481  -56.7  -86.8      1   0.01     89   24.7  576.1  576.1  576.1
   32.4  23492  -56.5  -86.7      1   0.01     89   24.6  577.2  577.3  577.2
   32.3  23516  -56.1  -86.6      1   0.01     89   24.5  578.8  578.9  578.8
   32.2  23539  -55.8  -86.5      1   0.01     89   24.4  580.1  580.1  580.1
   32.1  23562  -55.6  -86.3      1   0.01     89   24.3  581.1  581.2  581.1
   32.0  23574  -55.5  -86.3      1   0.01     90   24.2  581.8  581.8  581.8
   31.9  23597  -55.6  -86.2      1   0.01     90   24.1  582.3  582.3  582.3
   31.8  23620  -55.6  -86.2      1   0.01     90   23.9  582.6  582.6  582.6
   31.7  23632  -55.7  -86.2      1   0.01     90   23.9  583.0  583.1  583.0
   31.6  23655  -55.8  -86.1      1   0.01     90   23.8  583.3  583.3  583.3
   31.5  23678  -55.9  -86.2      1   0.01     90   23.6  583.5  583.6  583.5
   31.4  23701  -56.0  -86.2      1   0.01     90   23.5  583.8  583.9  583.8
   31.3  23713  -56.0  -86.3      1   0.01     91   23.5  584.3  584.3  584.3
   31.2  23736  -56.0  -86.3      1   0.01     91   23.3  584.9  584.9  584.9
   31.1  23759  -55.8  -86.2      1   0.01     91   23.2  585.9  586.0  585.9
   31.0  23783  -55.5  -86.0      1   0.01     91   23.1  587.2  587.3  587.2
   30.9  23795  -55.4  -85.9      1   0.01     91   23.1  588.0  588.1  588.0
   30.8  23820  -55.4  -85.9      1   0.01     91   23.0  588.6  588.7  588.6
   30.7  23845  -55.5  -85.9      1   0.01     90   22.9  588.9  589.0  588.9
   30.6  23857  -55.6  -85.9      1   0.01     90   22.9  589.2  589.3  589.2
   30.5  23880  -55.7  -86.0      1   0.01     90   22.8  589.4  589.4  589.4
   30.4  23904  -55.8  -86.1      1   0.01     90   22.7  589.6  589.7  589.6
   30.3  23931  -55.9  -86.1      1   0.01     91   22.7  590.0  590.1  590.0
   30.2  23943  -55.9  -86.1      1   0.01     92   22.7  590.6  590.6  590.6
   30.1  23968  -55.7  -86.1      1   0.01     93   22.8  591.5  591.6  591.5
   30.0  23991  -55.5  -86.0      1   0.01     93   22.8  592.6  592.7  592.6
   29.9  24007  -55.4  -86.0      1   0.01     94   22.9  593.6  593.7  593.6
   29.8  24032  -55.3  -86.0      1   0.01     95   23.1  594.4  594.5  594.4
   29.7  24045  -55.3  -86.0      1   0.01     96   23.1  595.0  595.1  595.0
   29.6  24071  -55.3  -86.0      1   0.01     96   23.3  595.6  595.7  595.6
   29.5  24097  -55.2  -85.9      1   0.01     97   23.4  596.4  596.5  596.4
   29.4  24111  -55.2  -85.9      1   0.01     97   23.4  597.1  597.1  597.1
   29.3  24135  -55.1  -85.9      1   0.01     97   23.4  597.7  597.8  597.7
   29.2  24161  -55.1  -85.8      1   0.01     97   23.4  598.4  598.5  598.4
   29.1  24187  -55.1  -85.8      1   0.01     96   23.4  599.1  599.2  599.1
   29.0  24200  -55.1  -85.8      1   0.01     96   23.3  599.7  599.7  599.7
   28.9  24225  -55.1  -85.8      1   0.01     96   23.2  600.1  600.2  600.2
   28.8  24250  -55.2  -85.8      1   0.01     96   23.1  600.6  600.7  600.6
   28.7  24275  -55.2  -85.8      1   0.01     96   23.0  601.1  601.1  601.1
   28.6  24288  -55.2  -85.8      1   0.01     96   22.9  601.6  601.7  601.6
   28.5  24314  -55.2  -85.8      1   0.01     96   22.8  602.2  602.3  602.2
   28.4  24341  -55.3  -85.9      1   0.01     96   22.6  602.6  602.7  602.6
   28.3  24355  -55.4  -85.9      1   0.01     96   22.5  603.1  603.2  603.1
   28.2  24382  -55.4  -85.9      1   0.01     96   22.4  603.6  603.7  603.7
   28.1  24408  -55.3  -85.8      1   0.01     96   22.3  604.5  604.6  604.5
   28.0  24422  -55.2  -85.8      1   0.01     96   22.3  605.3  605.4  605.3
   27.9  24449  -55.1  -85.7      1   0.01     96   22.2  606.2  606.2  606.2
   27.8  24475  -55.2  -85.7      1   0.01     96   22.2  606.7  606.8  606.7
   27.7  24501  -55.3  -85.7      1   0.01     96   22.3  606.9  607.0  606.9
   27.6  24515  -55.4  -85.8      1   0.01     96   22.3  607.3  607.4  607.3
   27.5  24543  -55.6  -85.8      1   0.01     96   22.4  607.5  607.6  607.5
   27.4  24570  -55.7  -85.9      1   0.01     96   22.6  607.7  607.8  607.7
   27.3  24583  -55.8  -85.9      1   0.01     97   22.7  608.2  608.3  608.2
   27.2  24610  -55.8  -85.9      1   0.01     97   23.0  608.7  608.8  608.7
   27.1  24637  -55.8  -85.9      1   0.01     97   23.3  609.2  609.3  609.2
   27.0  24664  -55.9  -86.0      1   0.01     97   23.6  609.8  609.9  609.9
   26.9  24677  -55.8  -86.1      1   0.01     97   23.7  610.6  610.6  610.6
   26.8  24703  -55.7  -86.1      1   0.01     98   24.0  611.5  611.6  611.5
   26.7  24728  -55.5  -86.1      1   0.01     98   24.4  612.7  612.8  612.7
   26.6  24753  -55.4  -86.2      1   0.01     98   24.8  613.6  613.7  613.6
   26.5  24778  -55.5  -86.2      1   0.01     98   25.2  614.2  614.3  614.2
   26.4  24804  -55.4  -86.2      1   0.01     98   25.5  615.0  615.1  615.1
   26.3  24827  -55.3  -86.1      1   0.01     98   25.7  616.0  616.1  616.0
   26.2  24851  -55.3  -85.9      1   0.01     98   25.8  616.7  616.8  616.7
   26.1  24876  -55.4  -85.9      1   0.01     97   25.9  617.1  617.2  617.1
   26.0  24903  -55.5  -85.9      1   0.01     97   26.0  617.5  617.6  617.5
   25.9  24928  -55.5  -85.8      1   0.01     97   26.0  618.1  618.2  618.1
   25.8  24940  -55.5  -85.8      1   0.01     97   26.0  618.9  619.0  618.9
   25.7  24977  -55.5  -85.8      1   0.01     97   26.0  619.4  619.5  619.4
   25.6  25002  -55.7  -85.9      1   0.01     97   26.1  619.6  619.7  619.6
   25.5  25016  -55.8  -85.9      1   0.01     97   26.1  620.1  620.2  620.1
   25.4  25041  -56.0  -86.0      1   0.01     97   26.3  620.3  620.4  620.3
   25.3  25065  -56.1  -86.0      1   0.01     96   26.4  620.7  620.8  620.7
   25.2  25090  -56.2  -86.0      1   0.01     96   26.7  621.1  621.2  621.1
   25.1  25116  -56.3  -86.1      1   0.01     96   26.9  621.5  621.6  621.5
   25.0  25152  -56.3  -86.2      1   0.01     95   27.3  622.1  622.2  622.1
   24.9  25177  -56.2  -86.2      1   0.01     95   27.5  623.0  623.1  623.0
   24.8  25201  -56.2  -86.2      1   0.01     95   27.6  623.7  623.8  623.7
   24.7  25224  -56.3  -86.2      1   0.01     95   27.7  624.2  624.3  624.2
   24.6  25248  -56.4  -86.3      1   0.01     95   27.7  624.8  624.8  624.8
   24.5  25271  -56.4  -86.3      1   0.01     96   27.7  625.3  625.4  625.3
   24.4  25296  -56.5  -86.4      1   0.01     96   27.7  625.8  625.9  625.8
   24.3  25330  -56.5  -86.4      1   0.01     97   27.7  626.6  626.7  626.6
   24.2  25355  -56.4  -86.5      1   0.01     97   27.7  627.5  627.6  627.6
   24.1  25378  -56.3  -86.5      1   0.01     97   27.7  628.6  628.7  628.6
   24.0  25402  -56.1  -86.6      1   0.01     97   27.7  629.9  630.0  629.9
   23.9  25428  -55.9  -86.5      1   0.01     97   27.6  631.5  631.6  631.5
   23.8  25452  -55.7  -86.5      1   0.01     96   27.5  632.8  632.9  632.8
   23.7  25488  -55.4  -86.4      1   0.01     95   27.2  634.2  634.3  634.2
   23.6  25512  -55.3  -86.3      1   0.01     95   26.9  635.4  635.5  635.5
   23.5  25536  -55.2  -86.2      1   0.01     94   26.6  636.3  636.4  636.3
   23.4  25560  -55.3  -86.1      1   0.01     94   26.2  637.0  637.1  637.0
   23.3  25597  -55.3  -86.1      1   0.01     93   25.5  637.6  637.7  637.6
   23.2  25620  -55.4  -86.1      1   0.01     93   25.1  638.1  638.2  638.2
   23.1  25645  -55.5  -86.1      1   0.01     92   24.8  638.8  638.9  638.8
   23.0  25670  -55.3  -86.1      1   0.01     92   24.5  640.1  640.2  640.1
   22.9  25706  -54.9  -86.0      1   0.01     92   24.2  642.0  642.1  642.0
   22.8  25730  -54.8  -86.1      1   0.01     92   24.1  643.1  643.2  643.1
   22.7  25753  -54.7  -86.1      1   0.01     92   24.1  644.4  644.5  644.4
   22.6  25791  -54.3  -86.0      1   0.01     92   24.1  646.3  646.4  646.3
   22.5  25813  -53.9  -85.8      1   0.01     91   24.2  648.2  648.3  648.2
   22.4  25847  -53.6  -85.7      1   0.01     91   24.1  649.8  650.0  649.9
   22.3  25870  -53.5  -85.6      1   0.01     91   24.1  651.0  651.1  651.0
   22.2  25905  -53.3  -85.5      1   0.01     91   23.9  652.6  652.7  652.6
   22.1  25929  -53.1  -85.4      1   0.01     92   23.8  653.8  653.9  653.8
   22.0  25964  -52.9  -85.3      1   0.01     92   23.7  655.3  655.4  655.3
   21.9  25989  -52.7  -85.2      1   0.01     92   23.6  656.8  656.9  656.8
   21.8  26020  -52.5  -85.0      1   0.01     93   23.6  658.3  658.5  658.3
   21.7  26043  -52.4  -84.9      1   0.01     93   23.6  659.5  659.6  659.5
   21.6  26077  -52.4  -84.8      1   0.01     94   23.6  660.3  660.5  660.3
   21.5  26102  -52.4  -84.7      1   0.01     94   23.6  661.1  661.2  661.1
   21.4  26137  -52.4  -84.7      1   0.01     95   23.5  662.1  662.3  662.1
   21.3  26172  -52.3  -84.6      1   0.01     97   23.5  663.4  663.5  663.4
   21.2  26197  -52.2  -84.6      1   0.01     97   23.5  664.4  664.5  664.4
   21.1  26233  -52.3  -84.6      1   0.01     98   23.5  665.1  665.3  665.1
   21.0  26256  -52.3  -84.6      1   0.01     98   23.6  666.1  666.3  666.1
   20.9  26293  -52.2  -84.5      1   0.02     98   23.7  667.2  667.4  667.2
   20.8  26318  -52.2  -84.5      1   0.02     99   23.8  668.1  668.2  668.1
   20.7  26355  -52.3  -84.5      1   0.02     99   23.8  668.8  668.9  668.8
   20.6  26379  -52.3  -84.6      1   0.02     99   23.8  669.6  669.7  669.6
   20.5  26416  -52.3  -84.7      1   0.02    100   23.7  670.5  670.6  670.5
   20.4  26441  -52.2  -84.7      1   0.02    100   23.6  671.7  671.9  671.7
   20.3  26478  -51.8  -84.5      1   0.02    100   23.3  674.0  674.1  674.0
   20.2  26505  -51.6  -84.3      1   0.02    100   23.0  675.6  675.7  675.6
   20.1  26544  -51.6  -84.3      1   0.02    100   22.6  676.6  676.8  676.6
   20.0  26585  -51.8  -84.4      1   0.02     99   22.2  677.0  677.1  677.0
   19.9  26609  -51.8  -84.5      1   0.02     98   22.2  677.7  677.8  677.7
   19.8  26634  -51.8  -84.5      1   0.02     97   22.2  678.8  678.9  678.8
   19.7  26670  -51.5  -84.3      1   0.02     94   22.5  680.8  680.9  680.8
   19.6  26709  -51.3  -84.2      1   0.02     91   23.0  682.4  682.6  682.4
   19.5  26734  -51.2  -84.3      1   0.02     90   23.4  683.5  683.6  683.5
   19.4  26774  -51.2  -84.3      1   0.02     88   24.0  684.8  684.9  684.8
   19.3  26811  -50.9  -84.1      1   0.02     86   24.8  686.5  686.7  686.5
   19.2  26837  -50.7  -84.0      1   0.02     86   25.2  688.1  688.3  688.1
   19.1  26872  -50.6  -83.8      1   0.02     85   25.9  689.4  689.6  689.4
   19.0  26912  -50.8  -83.8      1   0.02     86   26.6  690.0  690.2  690.0
   18.9  26939  -50.9  -83.8      1   0.02     86   27.0  690.7  690.9  690.8
   18.8  26976  -50.9  -83.8      1   0.02     87   27.4  691.9  692.1  691.9
   18.7  27015  -50.7  -83.9      1   0.02     88   27.7  693.3  693.5  693.3
   18.6  27041  -50.6  -84.0      1   0.02     89   27.9  694.9  695.0  694.9
   18.5  27077  -50.0  -83.9      1   0.02     90   28.0  697.6  697.8  697.6
   18.4  27114  -49.8  -83.8      1   0.02     91   27.9  699.5  699.7  699.5
   18.3  27149  -49.6  -83.8      1   0.02     91   27.6  701.1  701.3  701.1
   18.2  27188  -49.4  -83.6      1   0.02     91   27.1  702.8  703.0  702.8
   18.1  27226  -49.5  -83.6      1   0.02     90   26.8  703.8  704.0  703.8
   18.0  27262  -49.5  -83.5      1   0.02     89   26.9  704.9  705.1  704.9
   17.9  27291  -49.3  -83.4      1   0.02     88   27.3  706.5  706.7  706.5
   17.8  27328  -49.1  -83.2      1   0.02     87   28.0  708.2  708.5  708.3
   17.7  27367  -49.2  -83.2      1   0.02     86   29.1  709.1  709.4  709.1
   17.6  27408  -49.2  -83.2      1   0.02     85   29.9  710.2  710.4  710.2
   17.5  27446  -49.3  -83.3      1   0.02     86   30.4  711.0  711.2  711.0
   17.4  27487  -49.4  -83.3      1   0.02     87   30.6  712.1  712.3  712.1
   17.3  27515  -49.4  -83.3      1   0.02     88   30.5  713.2  713.5  713.3
   17.2  27553  -49.4  -83.3      1   0.02     89   30.1  714.4  714.6  714.4
   17.1  27591  -49.3  -83.4      1   0.02     91   29.6  715.9  716.1  715.9
   17.0  27628  -48.8  -83.2      1   0.02     92   28.7  718.5  718.8  718.6
   16.9  27668  -48.3  -83.0      1   0.02     93   27.8  721.5  721.8  721.5
   16.8  27717  -47.8  -82.9      1   0.02     95   26.4  724.3  724.5  724.3
   16.7  27755  -47.6  -82.9      1   0.02     96   25.5  726.2  726.5  726.2
   16.6  27795  -47.4  -82.9      1   0.02     96   25.2  728.0  728.3  728.0
   16.5  27825  -47.2  -82.8      1   0.03     97   25.3  729.9  730.2  729.9
   16.4  27865  -46.9  -82.6      1   0.03     98   25.8  732.1  732.4  732.2
   16.3  27905  -46.9  -82.5      1   0.03     99   26.8  733.6  733.8  733.6
   16.2  27949  -46.8  -82.4      1   0.03    100   27.7  735.1  735.4  735.1
   16.1  27989  -46.8  -82.3      1   0.03    101   28.7  736.5  736.9  736.5
   16.0  28030  -46.8  -82.2      1   0.03    102   29.4  737.8  738.1  737.8
   15.9  28073  -46.8  -82.1      1   0.03    102   29.9  739.1  739.4  739.1
   15.8  28115  -46.8  -82.0      1   0.03    102   30.2  740.3  740.6  740.3
   15.7  28155  -46.8  -81.9      1   0.03    102   30.3  741.8  742.2  741.9
   15.6  28199  -46.8  -81.9      1   0.03    102   30.2  743.1  743.5  743.2
   15.5  28241  -46.8  -82.0      1   0.03    102   29.9  744.5  744.8  744.5
   15.4  28281  -46.7  -82.1      1   0.03    103   29.5  746.0  746.3  746.0
   15.3  28323  -46.6  -82.1      1   0.03    103   28.9  747.7  748.1  747.7
   15.2  28374  -46.3  -82.0      1   0.03    103   28.1  750.1  750.5  750.1
   15.1  28413  -46.2  -81.9      1   0.03    103   27.5  752.1  752.5  752.2
   15.0  28465  -46.2  -81.9      1   0.03    104   26.7  753.6  753.9  753.6
   14.9  28505  -46.1  -81.8      1   0.03    104   26.1  755.1  755.5  755.1
   14.8  28545  -46.2  -81.8      1   0.03    104   25.6  756.2  756.6  756.2
   14.7  28597  -46.4  -81.9      1   0.03    105   24.9  757.0  757.4  757.0
   14.6  28635  -46.5  -82.0      1   0.03    105   24.4  758.2  758.6  758.3
   14.5  28685  -46.2  -82.0      1   0.03    105   23.7  760.8  761.1  760.8
   14.4  28724  -45.9  -81.9      1   0.03    106   23.2  763.3  763.6  763.3
   14.3  28777  -45.8  -81.7      1   0.04    106   22.7  765.2  765.6  765.3
   14.2  28828  -45.9  -81.7      1   0.04    105   22.2  766.3  766.7  766.3
   14.1  28866  -46.0  -81.7      1   0.04    105   22.0  767.6  768.0  767.6
   14.0  28916  -46.2  -81.7      1   0.04    105   21.9  768.4  768.8  768.4
   13.9  28964  -46.4  -81.9      1   0.04    105   22.1  769.2  769.6  769.2
   13.8  29013  -46.5  -81.9      1   0.04    105   22.6  770.4  770.9  770.5
   13.7  29062  -46.5  -82.0      1   0.04    107   23.2  772.3  772.7  772.3
   13.6  29110  -46.4  -82.0      1   0.04    108   23.7  774.1  774.5  774.1
   13.5  29160  -46.3  -82.1      1   0.04    108   23.7  776.2  776.6  776.2
   13.4  29209  -45.7  -81.9      1   0.04    106   23.2  779.7  780.1  779.7
   13.3  29249  -45.5  -81.8      1   0.04    104   22.5  782.2  782.6  782.2
   13.2  29301  -45.6  -81.8      1   0.04    101   21.6  783.6  784.0  783.6
   13.1  29356  -45.7  -81.8      1   0.04     99   21.2  784.8  785.3  784.8
   13.0  29410  -46.0  -81.9      1   0.04     99   21.3  785.5  786.0  785.6
   12.9  29464  -46.0  -81.9      1   0.04    100   21.8  787.4  787.9  787.5
   12.8  29506  -45.9  -81.8      1   0.04    102   22.5  789.5  790.0  789.5
   12.7  29563  -46.0  -81.9      1   0.04    104   23.5  791.0  791.4  791.0
   12.6  29609  -46.1  -82.1      1   0.04    106   24.3  792.3  792.7  792.3
   12.5  29664  -45.9  -82.2      1   0.04    107   24.9  794.9  795.4  794.9
   12.4  29725  -45.2  -82.0      1   0.04    107   25.2  799.1  799.6  799.1
   12.3  29773  -44.7  -81.8      1   0.04    107   25.2  802.8  803.3  802.8
   12.2  29834  -44.2  -81.7      1   0.04    104   24.9  806.3  806.8  806.3
   12.1  29879  -43.9  -81.5      1   0.04    102   24.8  809.2  809.7  809.2
   12.0  29942  -43.6  -81.2      1   0.05     98   24.5  812.1  812.6  812.1
   11.9  29999  -43.8  -81.2      1   0.05     95   24.4  813.6  814.2  813.6
   11.8  30058  -44.0  -81.2      1   0.05     93   24.6  814.9  815.4  814.9
   11.7  30113  -44.2  -81.2      1   0.05     94   24.8  815.8  816.4  815.8
   11.6  30170  -44.3  -81.1      1   0.05     95   25.2  817.6  818.2  817.6
   11.5  30229  -44.4  -81.2      1   0.05     97   25.7  819.1  819.7  819.2
   11.4  30287  -44.4  -81.3      1   0.05     98   26.5  821.2  821.8  821.2
   11.3  30346  -44.3  -81.3      1   0.05     97   27.2  823.7  824.3  823.7
   11.2  30405  -43.9  -81.3      1   0.05     96   27.8  827.3  827.9  827.3
   11.1  30459  -43.5  -81.2      1   0.05     94   28.1  830.8  831.4  830.8
   11.0  30517  -43.2  -81.2      1   0.05     92   28.3  834.0  834.6  834.0
   10.9  30585  -42.8  -80.9      1   0.05     90   28.5  837.6  838.3  837.6
   10.8  30641  -42.8  -80.9      1   0.05     90   28.7  839.8  840.5  839.8
   10.7  30712  -42.9  -80.8      1   0.05     92   29.0  841.7  842.4  841.7
   10.6  30769  -43.0  -80.8      1   0.06     94   29.1  843.8  844.5  843.8
   10.5  30839  -43.1  -80.8      1   0.06     96   29.2  845.8  846.5  845.8
   10.4  30893  -43.1  -80.7      1   0.06     97   29.3  848.1  848.8  848.1
   10.3  30962  -43.2  -80.7      1   0.06     98   29.7  849.8  850.5  849.8
   10.2  31020  -43.4  -80.9      1   0.06     99   30.1  851.6  852.3  851.6
   10.1  31092  -43.4  -81.5      1   0.05     99   30.4  854.1  854.7  854.1
   10.0  31185  -42.8  -81.5      1   0.05     97   30.3  858.5  859.2  858.6
