Latitude: 22.312 Longitude: 114.17
-----------------------------------------------------------------------------
   PRES   HGHT   TEMP   DWPT   RELH   MIXR   DRCT   SPED   THTA   THTE   THTV
    hPa      m      C      C      %   g/kg    deg    m/s      K      K      K 
-----------------------------------------------------------------------------
 1000.1     66   29.2   26.8     87  22.74    314    0.2  302.3  370.2  306.4
 1000.0     66   29.2   26.8     87  22.75    265    1.6  302.3  370.2  306.4
  998.2     82   29.0   26.7     87  22.55    265    1.6  302.3  369.6  306.4
  997.2     92   28.9   26.6     87  22.44    266    2.0  302.3  369.2  306.3
  996.1    102   28.8   26.4     87  22.27    266    2.1  302.3  368.7  306.3
  994.8    114   28.7   26.3     87  22.21    267    2.3  302.3  368.5  306.3
  993.4    126   28.6   26.3     87  22.16    267    2.4  302.3  368.4  306.3
  992.2    136   28.5   26.2     87  22.07    266    2.5  302.3  368.1  306.3
  991.2    145   28.4   26.2     87  22.03    265    2.6  302.3  368.0  306.3
  990.2    155   28.4   26.1     88  22.03    263    2.7  302.3  368.0  306.3
  988.9    166   28.3   26.1     88  21.98    261    2.8  302.4  367.9  306.3
  987.7    178   28.2   26.1     88  22.01    258    2.9  302.4  368.0  306.4
  986.3    190   28.1   26.0     89  21.97    255    3.0  302.4  367.9  306.4
  985.1    201   28.0   26.0     89  21.99    252    3.1  302.4  367.9  306.4
  983.9    211   27.9   26.0     89  21.95    249    3.2  302.4  367.8  306.3
  982.6    224   27.8   26.0     90  21.99    245    3.4  302.4  368.0  306.4
  981.2    236   27.7   25.8     90  21.83    242    3.5  302.5  367.5  306.4
  980.0    247   27.6   25.7     90  21.74    239    3.7  302.5  367.3  306.4
  978.9    257   27.5   25.8     91  21.85    237    3.9  302.5  367.6  306.4
  977.9    267   27.4   25.8     91  21.83    235    4.1  302.4  367.5  306.4
  977.0    275   27.3   25.8     92  21.89    233    4.2  302.4  367.7  306.4
  975.9    284   27.2   25.8     92  21.92    231    4.4  302.4  367.8  306.4
  974.8    294   27.1   25.8     92  21.88    229    4.5  302.4  367.6  306.4
  973.8    304   27.0   25.7     93  21.88    228    4.5  302.5  367.7  306.4
  972.9    312   27.0   25.7     93  21.89    226    4.6  302.5  367.7  306.4
  971.8    322   26.9   25.8     94  21.96    225    4.6  302.5  367.9  306.4
  970.5    334   26.8   25.7     94  21.93    223    4.5  302.5  367.9  306.4
  969.5    343   26.7   25.8     95  22.04    222    4.4  302.5  368.2  306.4
  968.7    350   26.6   25.7     95  21.98    221    4.3  302.4  367.9  306.4
  967.8    358   26.5   25.7     95  21.90    220    4.2  302.5  367.7  306.4
  966.7    368   26.4   25.7     96  22.00    219    4.1  302.5  368.0  306.4
  965.6    379   26.3   25.6     96  21.85    218    3.9  302.4  367.5  306.4
  964.6    388   26.3   25.2     94  21.38    218    3.8  302.6  366.3  306.4
  963.6    397   26.4   24.9     91  20.98    217    3.7  302.8  365.3  306.5
  962.8    404   26.4   24.9     91  21.03    218    3.5  302.8  365.6  306.6
  962.0    412   26.4   24.9     92  21.06    218    3.5  302.8  365.7  306.6
  961.2    419   26.3   24.9     92  21.01    219    3.4  302.9  365.5  306.6
  960.5    426   26.2   24.9     92  21.05    220    3.3  302.8  365.6  306.6
  959.6    434   26.1   24.9     93  21.10    221    3.3  302.8  365.8  306.6
  958.7    442   26.0   24.9     93  21.11    223    3.3  302.8  365.8  306.6
  957.7    452   26.0   24.9     94  21.10    224    3.3  302.8  365.8  306.6
  956.7    461   25.9   24.7     93  20.92    226    3.3  302.8  365.2  306.6
  955.7    471   25.9   24.5     92  20.67    227    3.3  303.0  364.7  306.7
  954.6    480   25.9   24.4     92  20.59    228    3.2  303.0  364.5  306.7
  953.5    490   25.8   24.4     92  20.61    229    3.2  303.0  364.5  306.7
  952.4    501   25.7   24.4     93  20.59    229    3.1  303.0  364.5  306.7
  951.3    512   25.6   24.2     92  20.35    229    3.1  303.1  363.8  306.7
  950.2    521   25.6   24.1     91  20.24    229    3.0  303.2  363.6  306.8
  949.3    530   25.6   24.1     92  20.32    229    2.8  303.2  363.8  306.9
  948.2    540   25.4   24.1     92  20.34    228    2.7  303.2  363.9  306.8
  947.2    549   25.4   24.0     92  20.24    227    2.6  303.2  363.6  306.8
  946.2    559   25.3   24.0     92  20.29    226    2.5  303.2  363.8  306.9
  945.1    569   25.3   24.0     93  20.31    224    2.4  303.3  364.0  307.0
  944.3    577   25.2   24.0     93  20.25    223    2.3  303.3  363.8  306.9
  943.5    584   25.2   24.0     93  20.30    221    2.3  303.3  363.9  307.0
  942.7    591   25.1   24.1     95  20.46    220    2.2  303.3  364.4  307.0
  941.9    599   24.9   24.2     96  20.57    219    2.2  303.2  364.7  306.9
  940.9    608   24.9   24.0     95  20.37    218    2.2  303.2  364.0  306.9
  939.9    618   24.8   23.8     94  20.17    218    2.2  303.3  363.5  306.9
  938.9    627   24.7   24.0     96  20.37    218    2.2  303.3  364.1  307.0
  937.9    636   24.6   24.1     97  20.51    219    2.2  303.3  364.5  307.0
  937.0    645   24.6   24.0     97  20.47    219    2.2  303.3  364.4  307.0
  936.0    654   24.5   23.8     96  20.24    220    2.3  303.3  363.8  307.0
  935.1    663   24.4   23.7     96  20.12    221    2.3  303.4  363.4  307.0
  934.1    672   24.4   23.6     96  20.05    221    2.3  303.4  363.3  307.0
  933.2    681   24.3   23.6     96  20.06    222    2.4  303.4  363.3  307.0
  932.3    689   24.2   23.6     96  20.03    222    2.4  303.4  363.2  307.0
  931.4    698   24.2   23.6     97  20.05    223    2.5  303.4  363.3  307.0
  930.3    709   24.1   23.6     97  20.06    223    2.5  303.4  363.3  307.0
  929.2    718   24.0   23.6     98  20.06    223    2.6  303.4  363.3  307.0
  928.3    727   23.9   23.6     98  20.11    223    2.7  303.4  363.5  307.0
  927.3    736   23.8   23.5     98  20.08    223    2.7  303.4  363.4  307.1
  926.3    746   23.8   23.4     98  19.93    224    2.8  303.5  363.0  307.1
  925.3    756   23.8   23.2     97  19.76    224    2.9  303.6  362.6  307.1
  925.0    758   23.8   23.2     97  19.76    224    3.0  303.6  362.6  307.2
  924.3    765   23.7   23.2     97  19.75    224    3.0  303.6  362.7  307.2
  923.4    774   23.6   23.1     97  19.61    225    3.1  303.6  362.2  307.2
  922.3    784   23.6   22.9     96  19.42    226    3.2  303.7  361.8  307.2
  921.1    796   23.6   22.9     96  19.44    227    3.3  303.8  361.9  307.3
  920.0    806   23.5   22.9     96  19.40    228    3.4  303.8  361.8  307.3
  919.1    815   23.4   22.8     96  19.36    229    3.5  303.8  361.7  307.3
  918.1    824   23.4   22.8     96  19.36    230    3.6  303.9  361.8  307.4
  917.0    835   23.4   22.6     95  19.14    231    3.6  304.0  361.2  307.4
  916.0    844   23.5   22.2     93  18.70    231    3.7  304.1  360.1  307.5
  915.1    853   23.7   21.4     87  17.84    232    3.7  304.4  357.9  307.7
  914.2    861   23.9   21.0     84  17.42    233    3.6  304.8  357.0  307.9
  913.4    869   23.9   20.9     83  17.27    234    3.6  304.9  356.7  308.0
  912.6    877   24.0   20.9     83  17.27    234    3.6  305.0  356.9  308.2
  911.7    886   24.1   21.0     83  17.42    234    3.5  305.2  357.5  308.3
  910.7    895   24.0   21.0     83  17.40    235    3.4  305.2  357.5  308.3
  909.8    904   24.0   21.3     85  17.85    235    3.3  305.3  359.0  308.5
  908.8    914   24.0   21.7     87  18.29    235    3.3  305.4  360.4  308.7
  907.7    925   23.9   21.8     88  18.41    235    3.2  305.4  360.8  308.7
  906.5    936   23.8   21.8     89  18.44    234    3.2  305.4  360.9  308.7
  905.5    946   23.7   21.7     89  18.38    234    3.1  305.4  360.7  308.8
  904.7    954   23.7   21.7     89  18.40    234    3.1  305.4  360.8  308.8
  903.9    961   23.6   21.7     89  18.32    234    3.0  305.4  360.6  308.8
  903.0    970   23.6   21.5     88  18.22    234    2.9  305.5  360.3  308.8
  902.1    979   23.5   21.7     89  18.41    234    2.8  305.5  361.0  308.9
  901.2    987   23.5   21.8     91  18.57    235    2.8  305.5  361.5  308.9
  900.4    995   23.4   21.5     89  18.24    236    2.7  305.6  360.5  308.9
  899.6   1004   23.4   21.2     87  17.94    237    2.6  305.7  359.8  309.0
  898.6   1013   23.4   21.1     87  17.80    240    2.4  305.8  359.4  309.0
  897.5   1024   23.4   21.1     87  17.81    243    2.3  305.9  359.6  309.1
  896.5   1033   23.4   21.1     87  17.85    246    2.3  305.9  359.8  309.2
  895.6   1042   23.3   21.2     88  17.94    250    2.2  306.0  360.1  309.3
  894.5   1053   23.3   21.2     88  18.05    255    2.1  306.0  360.4  309.3
  893.5   1063   23.2   21.2     88  17.98    259    2.1  306.1  360.3  309.3
  892.5   1072   23.2   21.1     88  17.88    263    2.1  306.1  360.1  309.4
  891.6   1082   23.2   21.0     88  17.87    266    2.2  306.2  360.2  309.5
  890.6   1092   23.1   21.0     88  17.88    268    2.2  306.2  360.2  309.5
  889.5   1102   23.1   20.9     88  17.77    270    2.2  306.3  359.9  309.5
  888.5   1112   23.0   20.7     87  17.55    271    2.2  306.3  359.4  309.6
  887.4   1122   23.0   20.5     86  17.35    270    2.2  306.5  358.9  309.6
  886.5   1132   23.0   20.3     85  17.21    270    2.1  306.6  358.6  309.7
  885.6   1141   23.0   20.4     85  17.25    269    2.1  306.6  358.8  309.8
  884.7   1150   22.9   20.4     85  17.25    267    2.0  306.6  358.8  309.8
  883.9   1157   22.9   20.3     86  17.26    265    1.9  306.6  358.8  309.8
  883.2   1164   22.8   20.3     86  17.27    262    1.8  306.7  358.9  309.8
  882.4   1173   22.8   20.4     87  17.37    260    1.6  306.7  359.2  309.9
  881.2   1184   22.7   20.4     87  17.37    257    1.5  306.7  359.3  309.9
  880.1   1195   22.6   20.3     87  17.31    255    1.5  306.7  359.1  309.9
  878.8   1208   22.5   20.3     88  17.35    254    1.4  306.7  359.2  309.9
  877.6   1220   22.4   20.3     88  17.34    253    1.3  306.8  359.3  310.0
  876.4   1232   22.3   20.1     87  17.18    252    1.3  306.8  358.8  310.0
  875.4   1242   22.3   20.1     87  17.11    253    1.3  306.8  358.6  310.0
  874.3   1253   22.2   20.1     88  17.22    254    1.3  306.9  359.0  310.0
  873.1   1265   22.1   20.1     89  17.20    256    1.4  306.9  359.0  310.0
  872.0   1276   22.0   19.9     88  17.00    258    1.4  306.9  358.4  310.0
  871.0   1286   21.9   19.8     88  16.97    259    1.5  307.0  358.4  310.1
  870.0   1296   21.9   19.8     88  16.98    261    1.6  307.0  358.4  310.1
  869.0   1306   21.8   19.8     88  16.92    262    1.7  307.0  358.2  310.1
  868.1   1315   21.8   19.7     88  16.83    263    1.8  307.1  358.0  310.2
  867.1   1325   21.7   19.6     88  16.77    264    1.9  307.1  357.9  310.2
  866.1   1335   21.6   19.5     88  16.70    265    2.0  307.1  357.7  310.2
  865.2   1345   21.6   19.4     87  16.60    266    2.0  307.2  357.5  310.2
  864.3   1354   21.5   19.3     87  16.54    266    2.1  307.2  357.3  310.2
  863.3   1363   21.5   19.3     88  16.59    267    2.1  307.3  357.6  310.3
  862.3   1373   21.4   19.4     88  16.66    268    2.0  307.3  357.9  310.4
  861.5   1382   21.4   19.4     89  16.73    269    2.0  307.3  358.1  310.4
  860.6   1390   21.3   19.4     89  16.75    271    1.9  307.3  358.1  310.4
  859.7   1400   21.2   19.5     90  16.78    273    1.8  307.3  358.2  310.4
  858.6   1410   21.1   19.5     90  16.85    275    1.7  307.4  358.4  310.5
  857.6   1421   21.0   19.6     91  16.94    278    1.5  307.4  358.8  310.5
  856.5   1432   21.0   19.6     92  17.05    281    1.4  307.4  359.2  310.6
  855.7   1440   20.9   19.4     91  16.85    285    1.3  307.5  358.6  310.6
  854.8   1449   20.9   19.0     89  16.40    289    1.2  307.6  357.3  310.6
  853.8   1460   21.0   18.4     85  15.77    294    1.1  307.7  355.7  310.7
  852.6   1472   21.0   18.1     84  15.52    299    1.1  307.9  355.0  310.7
  851.5   1483   21.0   18.0     83  15.39    305    1.0  308.0  354.8  310.8
  850.6   1493   21.0   17.7     82  15.18    310    1.0  308.0  354.2  310.8
  850.0   1498   20.9   17.6     81  15.02    310    1.0  308.1  353.8  310.8
  849.7   1502   20.9   17.5     81  14.94    315    0.9  308.1  353.5  310.8
  848.8   1511   20.9   17.0     78  14.51    320    0.9  308.2  352.3  310.8
  847.8   1521   20.9   17.0     78  14.52    324    0.9  308.2  352.4  310.9
  846.8   1531   20.8   16.9     79  14.48    328    0.9  308.2  352.3  310.9
  845.9   1541   20.7   16.9     79  14.44    332    0.9  308.2  352.2  310.9
  844.9   1550   20.6   16.9     79  14.48    334    0.9  308.3  352.4  310.9
  844.0   1560   20.5   16.8     79  14.40    336    1.0  308.2  352.1  310.9
  843.0   1570   20.4   16.6     79  14.24    338    1.0  308.3  351.6  310.9
  842.0   1580   20.4   16.6     79  14.23    339    1.0  308.3  351.6  310.9
  841.1   1590   20.3   16.6     79  14.27    340    1.0  308.3  351.8  310.9
  840.1   1600   20.2   16.5     79  14.22    340    1.0  308.3  351.6  310.9
  839.0   1611   20.1   16.5     80  14.24    340    1.0  308.3  351.7  311.0
  837.9   1623   20.0   16.4     80  14.17    340    1.0  308.3  351.5  311.0
  836.9   1633   20.0   16.2     79  13.94    340    1.0  308.4  350.9  311.0
  836.1   1642   19.9   16.1     79  13.89    339    1.0  308.4  350.7  311.0
  835.2   1650   19.8   15.9     78  13.74    339    1.0  308.4  350.3  311.0
  834.3   1660   19.8   15.7     77  13.59    339    1.0  308.5  349.9  311.0
  833.3   1671   19.7   15.8     78  13.66    339    1.0  308.5  350.2  311.0
  832.3   1680   19.6   16.0     80  13.89    339    1.0  308.5  350.9  311.1
  831.4   1690   19.5   16.2     81  14.04    339    1.0  308.5  351.3  311.1
  830.3   1701   19.4   16.4     83  14.29    339    1.0  308.5  352.1  311.2
  829.3   1712   19.3   16.6     85  14.51    340    1.0  308.5  352.7  311.2
  828.4   1722   19.2   16.7     86  14.64    342    0.9  308.5  353.1  311.2
  827.4   1731   19.1   16.7     86  14.59    344    0.9  308.5  353.0  311.2
  826.5   1741   19.1   16.5     85  14.43    347    0.9  308.6  352.6  311.3
  825.5   1751   19.1   16.2     83  14.19    350    0.8  308.7  352.0  311.3
  824.6   1761   19.1   16.0     82  13.98    355    0.8  308.8  351.5  311.4
  823.6   1771   19.1   15.8     81  13.86    360    0.7  308.9  351.2  311.4
  822.5   1783   19.0   15.6     80  13.64      8    0.7  309.0  350.7  311.5
  821.4   1794   19.0   15.3     79  13.40     16    0.7  309.0  350.0  311.5
  820.4   1805   19.0   14.9     77  13.08     25    0.6  309.2  349.2  311.6
  819.4   1816   19.1   14.4     74  12.67     36    0.6  309.3  348.2  311.7
  818.4   1826   19.1   14.0     72  12.34     46    0.6  309.5  347.3  311.7
  817.5   1836   19.1   13.6     70  12.04     56    0.6  309.5  346.5  311.8
  816.5   1846   19.1   13.1     68  11.68     66    0.7  309.7  345.6  311.9
  815.5   1857   19.1   12.9     68  11.57     75    0.7  309.7  345.3  311.9
  814.5   1867   19.0   12.5     66  11.28     83    0.7  309.8  344.5  311.9
  813.6   1877   19.0   12.0     64  10.93     91    0.7  309.9  343.5  311.9
  812.6   1888   18.9   11.7     63  10.68     99    0.7  309.9  342.8  311.9
  811.5   1899   18.9   11.2     61  10.32    108    0.7  310.1  341.9  312.0
  810.3   1912   18.8   11.1     61  10.28    116    0.7  310.1  341.8  312.0
  809.0   1925   18.8   11.0     61  10.22    125    0.7  310.1  341.7  312.0
  808.0   1936   18.7   10.9     61  10.21    134    0.7  310.1  341.6  312.0
  807.2   1945   18.6   10.8     60  10.10    143    0.7  310.2  341.4  312.1
  806.4   1953   18.6   10.6     60  10.02    152    0.7  310.2  341.2  312.1
  805.7   1961   18.6   10.9     61  10.23    160    0.7  310.3  341.9  312.2
  805.0   1968   18.6   12.2     66  11.15    168    0.7  310.4  344.8  312.5
  804.2   1977   18.5   12.6     68  11.50    173    0.7  310.4  345.9  312.6
  803.1   1988   18.5   12.6     69  11.52    178    0.7  310.5  345.9  312.6
  802.1   1999   18.4   12.6     69  11.51    180    0.7  310.5  346.0  312.6
  801.2   2009   18.3   12.6     70  11.55    181    0.6  310.5  346.1  312.6
  800.2   2019   18.2   12.7     70  11.60    178    0.5  310.5  346.3  312.7
  799.3   2029   18.1   12.7     70  11.63    172    0.5  310.5  346.4  312.7
  798.2   2040   18.1   12.7     71  11.65    162    0.4  310.6  346.5  312.7
  797.1   2053   18.0   12.7     71  11.67    146    0.4  310.6  346.6  312.8
  796.0   2064   17.9   12.7     71  11.66    129    0.4  310.7  346.6  312.8
  795.3   2072   17.9   12.7     72  11.70    116    0.4  310.7  346.8  312.9
  794.6   2079   17.8   12.9     73  11.85    108    0.5  310.7  347.3  312.9
  793.7   2089   17.7   13.0     74  11.97    105    0.5  310.7  347.6  312.9
  792.6   2101   17.6   13.2     75  12.11    104    0.6  310.7  348.1  313.0
  791.5   2113   17.5   13.2     76  12.18    105    0.7  310.7  348.3  313.0
  790.6   2123   17.4   13.1     76  12.06    108    0.7  310.8  347.9  313.0
  789.9   2131   17.4   13.0     76  12.03    111    0.8  310.8  347.9  313.0
  789.2   2139   17.3   13.1     76  12.10    115    0.9  310.8  348.1  313.0
  788.3   2148   17.2   13.2     77  12.16    118    0.9  310.8  348.3  313.0
  787.3   2159   17.1   13.2     77  12.17    120    1.0  310.8  348.3  313.1
  786.5   2167   17.1   13.1     78  12.18    121    1.1  310.8  348.4  313.1
  785.7   2176   17.0   13.2     78  12.22    121    1.2  310.8  348.5  313.1
  784.8   2186   16.9   13.2     79  12.26    121    1.3  310.9  348.7  313.1
  784.0   2194   16.8   13.3     80  12.38    119    1.4  310.9  349.0  313.2
  783.1   2205   16.7   13.6     82  12.58    118    1.5  310.9  349.6  313.2
  782.1   2215   16.7   13.3     80  12.37    115    1.6  310.9  349.1  313.2
  781.3   2224   16.7   12.9     78  12.04    113    1.7  311.0  348.1  313.2
  780.4   2234   16.6   12.8     78  11.98    110    1.7  311.0  348.0  313.3
  779.5   2244   16.6   12.8     78  12.01    106    1.7  311.1  348.1  313.3
  778.6   2254   16.5   12.8     79  12.05    103    1.7  311.1  348.3  313.3
  777.8   2262   16.4   12.9     80  12.13    100    1.7  311.1  348.5  313.4
  777.0   2272   16.3   13.1     81  12.32     97    1.6  311.1  349.1  313.4
  776.1   2282   16.2   13.0     81  12.22     93    1.5  311.1  348.8  313.4
  775.2   2291   16.2   12.7     79  11.97     91    1.4  311.2  348.2  313.4
  774.2   2302   16.2   12.6     79  11.91     88    1.3  311.2  348.1  313.5
  773.3   2312   16.1   12.4     78  11.77     86    1.2  311.3  347.7  313.5
  772.3   2323   16.1   12.1     77  11.57     86    1.1  311.4  347.2  313.6
  771.4   2333   16.0   12.1     78  11.60     87    1.0  311.4  347.3  313.6
  770.4   2344   16.0   12.2     78  11.65     90    0.9  311.5  347.5  313.7
  769.5   2354   15.9   12.2     79  11.67     94    0.9  311.5  347.6  313.7
  768.7   2363   15.8   12.3     80  11.78     98    0.9  311.5  348.0  313.7
  767.8   2372   15.8   12.4     81  11.91    102    0.9  311.6  348.4  313.8
  767.0   2382   15.7   12.5     81  11.99    106    1.0  311.6  348.7  313.8
  766.1   2392   15.6   12.3     81  11.86    107    1.1  311.6  348.3  313.9
  765.2   2401   15.6   11.9     78  11.50    108    1.2  311.7  347.4  313.9
  764.5   2409   15.6   11.7     78  11.39    107    1.4  311.8  347.1  313.9
  763.8   2418   15.6   11.4     76  11.20    106    1.5  311.9  346.6  314.0
  762.8   2429   15.6   11.1     74  10.92    104    1.6  312.0  345.9  314.0
  761.8   2439   15.6   10.8     73  10.77    102    1.7  312.0  345.5  314.1
  761.0   2449   15.5   11.1     75  10.98    101    1.9  312.1  346.2  314.1
  760.0   2460   15.4   11.8     79  11.50    100    2.0  312.0  347.7  314.2
  758.8   2473   15.2   11.8     80  11.53     99    2.1  312.0  347.8  314.2
  757.9   2484   15.2   11.4     78  11.25     98    2.2  312.1  347.0  314.2
  757.1   2492   15.1   11.3     78  11.20     98    2.3  312.1  346.9  314.2
  756.4   2500   15.0   11.3     78  11.19     99    2.3  312.1  346.8  314.2
  755.5   2510   15.0   11.2     78  11.11    100    2.4  312.2  346.7  314.2
  754.7   2520   14.9   10.9     77  10.93    101    2.4  312.2  346.2  314.3
  753.8   2529   14.9   10.7     76  10.78    102    2.4  312.3  345.8  314.3
  752.9   2540   14.8   10.7     76  10.79    104    2.4  312.3  345.8  314.3
  751.8   2551   14.8   10.8     77  10.90    105    2.5  312.3  346.2  314.4
  750.9   2562   14.7   10.8     77  10.88    107    2.5  312.4  346.2  314.4
  750.0   2572   14.6   10.7     78  10.86    108    2.5  312.4  346.2  314.4
  749.1   2583   14.5   10.7     78  10.83    109    2.5  312.4  346.1  314.4
  748.1   2593   14.4   10.6     78  10.83    110    2.5  312.4  346.1  314.5
  747.2   2604   14.3   10.7     79  10.86    110    2.6  312.4  346.2  314.5
  746.3   2614   14.3   10.6     79  10.82    110    2.6  312.5  346.1  314.5
  745.3   2625   14.2   10.7     80  10.90    110    2.7  312.5  346.4  314.5
  744.4   2636   14.1   10.7     80  10.96    109    2.8  312.5  346.6  314.5
  743.7   2644   14.0   10.7     81  10.94    108    2.9  312.5  346.5  314.5
  743.0   2652   13.9   10.7     81  10.96    107    2.9  312.5  346.6  314.6
  742.1   2662   13.9   10.7     81  10.97    106    3.0  312.5  346.6  314.6
  741.3   2671   13.8   10.5     81  10.85    105    3.1  312.6  346.4  314.6
  740.5   2680   13.8   10.5     81  10.87    103    3.1  312.6  346.5  314.7
  739.6   2691   13.7   10.4     80  10.78    102    3.2  312.7  346.2  314.7
  738.6   2702   13.7   10.2     80  10.67    101    3.2  312.7  346.0  314.7
  737.7   2713   13.6   10.2     80  10.63     99    3.2  312.8  345.9  314.8
  736.8   2723   13.5   10.1     80  10.58     98    3.2  312.8  345.8  314.8
  735.8   2734   13.4   10.0     80  10.56     97    3.2  312.8  345.7  314.8
  734.9   2745   13.4   10.0     80  10.53     96    3.2  312.9  345.7  314.8
  734.0   2754   13.3    9.9     80  10.52     95    3.1  312.9  345.7  314.9
  733.3   2763   13.2    9.9     81  10.54     94    3.1  312.9  345.8  314.9
  732.5   2772   13.1    9.9     81  10.55     93    3.0  312.9  345.8  314.9
  731.5   2783   13.1    9.9     81  10.50     93    3.0  312.9  345.7  314.9
  730.3   2797   12.9    9.7     81  10.41     92    2.9  313.0  345.4  314.9
  729.3   2809   12.9    9.5     80  10.29     91    2.9  313.0  345.1  314.9
  728.4   2819   12.8    9.3     79  10.15     90    2.8  313.0  344.7  314.9
  727.5   2830   12.7    9.1     79  10.04     89    2.7  313.1  344.4  315.0
  726.6   2840   12.7    9.0     78  10.01     88    2.7  313.1  344.4  315.0
  725.7   2851   12.6    9.1     79  10.07     86    2.6  313.2  344.6  315.1
  724.7   2862   12.6    8.9     78   9.92     85    2.6  313.2  344.3  315.1
  723.9   2871   12.6    8.3     75   9.51     82    2.5  313.3  343.1  315.1
  723.1   2881   12.6    7.9     73   9.29     80    2.5  313.5  342.6  315.2
  722.1   2892   12.6    7.7     72   9.19     78    2.5  313.6  342.4  315.3
  721.2   2902   12.5    7.6     72   9.15     75    2.5  313.7  342.4  315.4
  720.6   2910   12.5    7.6     72   9.11     72    2.6  313.7  342.3  315.4
  719.9   2918   12.5    7.3     71   8.98     69    2.6  313.7  342.0  315.4
  719.2   2926   12.5    6.9     69   8.75     67    2.7  313.8  341.3  315.5
  718.4   2935   12.5    6.8     68   8.67     65    2.8  313.9  341.2  315.6
  717.5   2946   12.4    6.8     68   8.66     63    2.9  314.0  341.3  315.6
  716.7   2956   12.4    6.9     69   8.73     61    3.1  314.1  341.5  315.7
  715.9   2964   12.4    6.9     69   8.76     59    3.2  314.2  341.7  315.8
  715.0   2975   12.3    6.8     69   8.69     57    3.4  314.2  341.6  315.9
  713.9   2989   12.4    6.0     65   8.24     56    3.5  314.4  340.4  316.0
  712.9   3000   12.4    5.8     64   8.13     55    3.6  314.5  340.2  316.1
  712.2   3009   12.4    6.3     67   8.46     53    3.7  314.6  341.3  316.2
  711.5   3016   12.3    6.6     68   8.62     52    3.7  314.6  341.8  316.2
  710.8   3025   12.2    6.8     69   8.74     52    3.7  314.6  342.2  316.2
  710.0   3035   12.1    6.9     70   8.83     51    3.7  314.6  342.4  316.3
  709.2   3044   12.0    7.1     72   8.97     51    3.7  314.6  342.9  316.3
  708.5   3052   12.0    7.2     73   9.04     51    3.6  314.6  343.1  316.3
  707.8   3060   11.9    7.2     73   9.03     52    3.4  314.6  343.1  316.3
  707.0   3070   11.9    7.1     73   8.99     53    3.3  314.7  343.0  316.4
  706.0   3081   11.8    6.8     71   8.83     54    3.2  314.8  342.6  316.4
  705.1   3092   11.8    6.3     69   8.53     56    3.0  314.9  341.8  316.5
  704.3   3102   11.8    5.8     67   8.25     58    2.9  315.0  341.1  316.5
  703.3   3114   11.8    5.5     66   8.11     59    2.9  315.1  340.8  316.6
  702.3   3126   11.8    5.3     64   7.99     61    2.8  315.2  340.5  316.7
  701.5   3135   11.8    4.4     60   7.51     61    2.8  315.4  339.2  316.8
  700.9   3142   11.9    3.1     55   6.86     61    2.8  315.5  337.4  316.8
  700.3   3149   12.0    2.4     52   6.50     60    2.9  315.7  336.5  316.9
  700.0   3153   12.0    2.5     52   6.55     58    2.9  315.7  336.7  317.0
  699.5   3159   12.0    2.6     53   6.63     58    2.9  315.8  337.0  317.1
  698.7   3169   12.0    3.7     57   7.17     56    3.0  315.9  338.7  317.2
  697.8   3179   11.9    4.2     60   7.46     53    3.1  315.9  339.6  317.3
  697.0   3189   11.8    4.6     61   7.63     51    3.2  315.9  340.2  317.3
  696.3   3198   11.7    4.8     63   7.78     48    3.3  315.9  340.6  317.3
  695.5   3207   11.6    5.0     64   7.88     46    3.5  315.8  340.9  317.3
  694.7   3216   11.5    5.2     65   8.00     44    3.5  315.9  341.3  317.4
  694.0   3225   11.4    5.2     66   8.03     42    3.6  315.8  341.4  317.4
  693.2   3235   11.3    5.3     66   8.08     41    3.6  315.8  341.5  317.4
  692.4   3244   11.3    5.1     66   7.96     40    3.6  315.9  341.2  317.4
  691.8   3252   11.3    4.7     64   7.77     40    3.6  316.0  340.7  317.5
  691.1   3260   11.2    4.4     63   7.64     40    3.6  316.1  340.4  317.5
  690.4   3269   11.2    4.1     61   7.46     41    3.5  316.1  339.9  317.5
  689.5   3279   11.2    3.9     61   7.37     41    3.5  316.2  339.7  317.6
  688.8   3288   11.2    4.2     62   7.51     42    3.4  316.3  340.2  317.7
  688.2   3296   11.1    4.7     65   7.83     44    3.3  316.3  341.2  317.8
  687.5   3304   11.0    5.3     68   8.14     45    3.3  316.3  342.2  317.8
  686.7   3313   10.9    5.3     68   8.19     46    3.2  316.3  342.3  317.8
  685.9   3323   10.9    5.2     68   8.15     47    3.1  316.3  342.3  317.9
  685.0   3334   10.8    5.2     68   8.11     48    3.1  316.4  342.2  317.9
  684.1   3345   10.8    5.1     68   8.09     48    3.0  316.5  342.2  318.0
  683.4   3354   10.8    5.1     68   8.09     48    3.0  316.5  342.3  318.1
  682.9   3361   10.7    5.1     68   8.10     47    3.0  316.5  342.4  318.1
  682.2   3369   10.7    5.1     68   8.10     47    2.9  316.6  342.4  318.1
  681.4   3378   10.7    5.0     68   8.04     45    2.9  316.7  342.3  318.2
  680.5   3389   10.7    4.7     67   7.93     44    2.9  316.8  342.1  318.3
  679.6   3400   10.6    4.5     66   7.82     42    2.9  316.9  341.9  318.4
  678.9   3409   10.6    4.3     65   7.72     40    3.0  317.0  341.6  318.4
  678.3   3417   10.6    4.3     65   7.72     38    3.0  317.0  341.6  318.4
  677.5   3426   10.5    4.2     65   7.67     36    3.0  317.0  341.5  318.5
  676.7   3436   10.4    4.0     65   7.58     34    3.1  317.0  341.3  318.5
  675.9   3446   10.4    3.8     64   7.45     32    3.1  317.1  340.9  318.5
  675.3   3453   10.3    3.6     63   7.37     30    3.2  317.1  340.8  318.6
  674.7   3460   10.3    3.5     63   7.34     28    3.2  317.2  340.7  318.6
  674.0   3469   10.3    3.4     62   7.26     26    3.3  317.2  340.5  318.6
  673.2   3480   10.2    3.3     62   7.23     25    3.3  317.3  340.5  318.6
  672.3   3490   10.1    3.3     62   7.22     24    3.4  317.3  340.5  318.7
  671.5   3501   10.1    3.1     62   7.17     23    3.4  317.3  340.4  318.7
  670.8   3509   10.0    2.9     61   7.07     22    3.4  317.4  340.1  318.7
  670.0   3519   10.0    2.8     61   6.99     21    3.4  317.5  339.9  318.8
  669.2   3529   10.0    2.6     60   6.93     21    3.4  317.5  339.8  318.9
  668.4   3539   10.0    2.6     60   6.91     21    3.4  317.6  339.9  319.0
  667.7   3547   10.0    2.5     60   6.89     21    3.4  317.7  339.9  319.1
  667.1   3556    9.9    2.4     59   6.84     22    3.4  317.8  339.8  319.1
  666.4   3564    9.9    2.2     59   6.76     23    3.3  317.9  339.7  319.2
  665.7   3572    9.9    2.1     58   6.72     24    3.3  317.9  339.6  319.2
  664.8   3584    9.9    1.9     58   6.64     26    3.3  318.0  339.5  319.3
  663.9   3595    9.9    1.6     57   6.51     28    3.2  318.2  339.2  319.4
  663.2   3604    9.9    1.5     56   6.44     30    3.2  318.3  339.1  319.6
  662.5   3613   10.0    1.4     55   6.42     32    3.1  318.5  339.2  319.7
  661.7   3623   10.0    1.3     55   6.37     34    3.1  318.6  339.2  319.8
  660.7   3636   10.0    1.4     55   6.43     36    3.1  318.7  339.6  320.0
  659.6   3650    9.9    1.5     56   6.47     39    3.0  318.8  339.7  320.0
  658.5   3663    9.8    1.3     56   6.42     41    3.0  318.8  339.7  320.1
  657.8   3672    9.7    1.3     56   6.39     43    2.9  318.8  339.6  320.1
  657.3   3679    9.7    1.3     56   6.44     45    2.8  318.8  339.7  320.1
  656.6   3687    9.6    1.4     57   6.47     48    2.7  318.8  339.8  320.1
  655.9   3696    9.5    1.4     57   6.47     50    2.6  318.8  339.8  320.1
  655.2   3705    9.4    1.4     57   6.50     52    2.5  318.8  339.9  320.1
  654.4   3715    9.3    1.5     58   6.56     54    2.3  318.8  340.1  320.1
  653.4   3728    9.2    1.6     59   6.58     56    2.2  318.9  340.2  320.1
  652.5   3739    9.2    1.5     59   6.55     58    2.0  318.9  340.2  320.2
  651.9   3747    9.1    1.5     59   6.54     59    1.9  319.0  340.2  320.2
  651.2   3756    9.1    1.5     59   6.58     61    1.7  319.0  340.3  320.3
  650.4   3766    9.0    1.5     59   6.56     63    1.6  319.1  340.3  320.3
  649.6   3776    9.0    1.4     59   6.55     65    1.5  319.1  340.3  320.4
  648.8   3787    8.9    1.5     60   6.57     66    1.4  319.1  340.4  320.4
  647.9   3798    8.8    1.5     60   6.60     66    1.3  319.2  340.6  320.4
  647.1   3808    8.7    1.4     60   6.59     67    1.3  319.2  340.6  320.5
  646.1   3820    8.7    0.8     58   6.31     66    1.2  319.3  339.8  320.5
  645.2   3832    8.8   -0.8     51   5.60     66    1.2  319.5  337.8  320.6
  644.4   3842    8.8   -1.2     49   5.44     66    1.3  319.6  337.4  320.7
  643.7   3852    8.7   -1.8     48   5.22     66    1.3  319.7  336.8  320.7
  642.9   3862    8.8   -3.0     43   4.77     66    1.3  319.8  335.6  320.8
  642.0   3873    8.8   -4.1     40   4.41     67    1.4  320.0  334.6  320.9
  641.1   3885    8.8   -4.9     37   4.14     69    1.5  320.1  333.8  320.9
  640.3   3895    8.7   -4.5     39   4.29     70    1.5  320.2  334.4  321.0
  639.5   3906    8.7   -3.6     42   4.58     72    1.6  320.2  335.3  321.1
  638.8   3915    8.6   -3.0     44   4.81     74    1.7  320.2  336.1  321.1
  638.1   3924    8.5   -2.9     44   4.84     76    1.7  320.2  336.2  321.2
  637.4   3933    8.4   -3.2     44   4.75     78    1.8  320.2  335.9  321.2
  636.6   3943    8.4   -3.5     43   4.65     79    1.8  320.3  335.6  321.2
  635.9   3952    8.3   -3.7     43   4.58     79    1.8  320.3  335.5  321.2
  635.1   3963    8.2   -3.9     42   4.54     79    1.8  320.3  335.3  321.2
  634.2   3974    8.1   -3.6     43   4.65     78    1.8  320.4  335.7  321.3
  633.5   3983    8.1   -2.3     48   5.12     76    1.7  320.4  337.3  321.4
  632.9   3992    8.0   -1.7     50   5.36     74    1.6  320.4  338.0  321.4
  632.1   4001    7.9   -1.5     52   5.45     70    1.5  320.4  338.3  321.5
  631.3   4013    7.8   -1.5     52   5.44     65    1.4  320.4  338.3  321.5
  630.4   4025    7.7   -1.5     52   5.43     58    1.3  320.5  338.3  321.5
  629.6   4035    7.7   -1.5     52   5.45     51    1.2  320.5  338.4  321.5
  628.8   4045    7.6   -1.5     53   5.46     42    1.1  320.5  338.4  321.6
  628.0   4056    7.5   -1.3     54   5.55     34    1.1  320.5  338.7  321.6
  627.2   4067    7.4   -1.0     55   5.67     26    1.0  320.5  339.1  321.6
  626.4   4076    7.3   -1.1     55   5.66     20    1.0  320.6  339.1  321.7
  625.7   4086    7.2   -1.1     55   5.65     16    1.1  320.6  339.1  321.7
  624.9   4096    7.2   -0.9     57   5.75     13    1.1  320.6  339.5  321.7
  624.2   4106    7.1   -0.9     57   5.75     12    1.1  320.6  339.5  321.7
  623.5   4116    7.0   -1.0     57   5.73     13    1.1  320.6  339.4  321.7
  622.7   4125    6.9   -1.2     56   5.66     14    1.1  320.7  339.2  321.8
  622.1   4134    6.8   -1.3     56   5.62     17    1.1  320.7  339.1  321.7
  621.4   4143    6.8   -1.3     57   5.63     19    1.1  320.7  339.1  321.8
  620.5   4154    6.7   -1.3     57   5.64     22    1.0  320.7  339.2  321.8
  619.6   4166    6.6   -1.4     56   5.57     24    1.0  320.7  339.0  321.8
  618.8   4177    6.5   -1.8     55   5.43     27    1.0  320.8  338.6  321.8
  618.2   4186    6.5   -2.0     55   5.37     28    1.0  320.8  338.5  321.8
  617.4   4195    6.4   -2.0     55   5.36     29    0.9  320.8  338.5  321.9
  616.7   4206    6.3   -1.9     56   5.42     30    0.9  320.8  338.7  321.9
  615.8   4216    6.2   -1.9     56   5.40     30    0.9  320.9  338.6  321.9
  614.9   4228    6.1   -2.4     54   5.23     28    0.9  320.9  338.2  321.9
  614.0   4240    6.1   -3.2     52   4.95     27    0.9  321.0  337.3  321.9
  613.2   4251    6.0   -3.7     50   4.76     25    0.9  321.1  336.8  322.0
  612.4   4262    6.0   -3.9     49   4.69     23    0.9  321.1  336.6  322.0
  611.6   4273    5.9   -4.0     49   4.64     20    1.0  321.1  336.5  322.0
  610.8   4283    5.8   -4.2     48   4.58     18    1.0  321.2  336.4  322.1
  610.1   4293    5.8   -4.3     48   4.55     16    1.1  321.2  336.3  322.1
  609.3   4304    5.7   -4.6     48   4.48     13    1.1  321.2  336.1  322.1
  608.5   4315    5.6   -4.7     47   4.44     11    1.1  321.3  336.0  322.1
  607.7   4325    5.5   -4.7     48   4.46      9    1.2  321.3  336.1  322.2
  606.9   4336    5.4   -4.5     49   4.53      7    1.2  321.3  336.3  322.2
  606.1   4347    5.4   -4.3     50   4.59      5    1.1  321.3  336.6  322.2
  605.3   4357    5.3   -4.3     50   4.62      3    1.1  321.4  336.7  322.3
  604.6   4368    5.2   -4.3     50   4.59      1    1.0  321.4  336.6  322.3
  603.7   4380    5.1   -4.4     50   4.57    358    1.0  321.4  336.6  322.3
  602.9   4391    5.0   -4.5     50   4.54    355    0.9  321.4  336.5  322.3
  602.1   4401    4.9   -4.5     51   4.56    351    0.8  321.4  336.6  322.3
  601.3   4413    4.8   -4.5     51   4.58    348    0.8  321.5  336.7  322.4
  600.5   4423    4.8   -4.6     51   4.52    344    0.7  321.5  336.5  322.4
  599.8   4432    4.7   -4.9     50   4.44    340    0.7  321.5  336.3  322.4
  599.1   4442    4.7   -5.1     49   4.39    337    0.6  321.6  336.2  322.4
  598.3   4452    4.6   -5.6     47   4.21    334    0.6  321.7  335.7  322.5
  597.5   4463    4.6   -5.9     47   4.13    332    0.6  321.7  335.5  322.5
  596.7   4474    4.5   -5.1     50   4.38    331    0.6  321.8  336.3  322.6
  596.0   4484    4.4   -5.3     49   4.33    330    0.6  321.8  336.2  322.6
  595.2   4495    4.4   -5.6     48   4.25    330    0.6  321.8  336.0  322.7
  594.4   4506    4.3   -5.5     49   4.27    329    0.6  321.9  336.1  322.7
  593.5   4518    4.2   -5.6     49   4.26    329    0.6  321.9  336.2  322.8
  592.6   4530    4.1   -5.7     49   4.24    328    0.6  322.0  336.2  322.8
  591.8   4542    4.1   -5.9     48   4.18    326    0.7  322.0  336.0  322.9
  590.9   4553    4.0   -6.5     46   3.99    324    0.7  322.1  335.5  322.9
  590.1   4564    4.0   -7.0     45   3.84    321    0.8  322.2  335.1  323.0
  589.4   4575    4.0   -7.7     42   3.65    317    0.8  322.3  334.6  323.0
  588.6   4585    3.9   -7.4     43   3.73    313    0.9  322.4  334.9  323.1
  587.8   4597    3.9   -7.6     43   3.68    310    1.0  322.4  334.8  323.1
  586.9   4609    3.8   -7.0     45   3.87    306    1.2  322.5  335.5  323.2
  586.1   4621    3.7   -6.5     47   4.02    303    1.3  322.4  335.9  323.2
  585.2   4633    3.5   -6.1     49   4.14    301    1.4  322.5  336.3  323.3
  584.4   4645    3.4   -5.8     51   4.27    298    1.6  322.5  336.7  323.3
  583.6   4656    3.4   -5.8     51   4.27    297    1.7  322.5  336.8  323.4
  582.8   4667    3.3   -5.9     51   4.23    295    1.8  322.6  336.7  323.4
  581.9   4678    3.2   -6.0     51   4.20    294    1.9  322.6  336.7  323.4
  581.2   4688    3.2   -6.1     51   4.19    293    2.0  322.7  336.7  323.5
  580.5   4698    3.1   -6.0     51   4.22    292    2.0  322.7  336.8  323.5
  579.7   4710    3.0   -6.0     51   4.21    292    2.0  322.7  336.8  323.5
  578.8   4722    2.9   -6.2     51   4.16    291    2.0  322.7  336.7  323.6
  578.0   4733    2.9   -6.2     51   4.17    289    1.9  322.8  336.8  323.6
  577.3   4743    2.8   -6.3     51   4.16    287    1.8  322.9  336.8  323.7
  576.5   4754    2.8   -6.5     50   4.08    285    1.7  322.9  336.6  323.7
  575.8   4764    2.7   -6.7     50   4.02    281    1.6  323.0  336.5  323.8
  575.0   4775    2.6   -6.8     50   3.99    276    1.5  323.0  336.4  323.8
  574.3   4785    2.6   -7.1     49   3.92    269    1.4  323.1  336.3  323.8
  573.6   4795    2.5   -7.2     49   3.90    261    1.3  323.1  336.2  323.9
  572.8   4806    2.4   -7.3     49   3.86    253    1.3  323.1  336.1  323.9
  572.1   4816    2.4   -7.4     48   3.83    245    1.3  323.2  336.1  323.9
  571.3   4827    2.3   -7.9     47   3.71    238    1.4  323.2  335.7  324.0
  570.6   4838    2.3   -8.4     45   3.56    232    1.4  323.3  335.3  324.0
  569.8   4848    2.2   -8.5     45   3.55    228    1.5  323.3  335.3  324.0
  569.1   4859    2.1   -8.5     45   3.56    225    1.5  323.4  335.4  324.1
  568.4   4869    2.0   -8.4     46   3.57    224    1.6  323.4  335.4  324.1
  567.6   4880    1.9   -8.5     46   3.55    223    1.6  323.4  335.4  324.1
  566.7   4893    1.9   -8.6     46   3.54    225    1.6  323.5  335.5  324.2
  565.9   4904    1.8   -8.4     47   3.59    227    1.6  323.5  335.7  324.2
  565.2   4914    1.8   -8.1     48   3.69    231    1.5  323.6  336.0  324.3
  564.6   4923    1.7   -8.0     49   3.71    236    1.5  323.6  336.1  324.3
  564.0   4932    1.6   -8.2     48   3.67    243    1.4  323.6  336.0  324.3
  563.3   4941    1.5   -8.2     49   3.67    250    1.4  323.6  336.0  324.3
  562.7   4951    1.4   -8.1     49   3.69    259    1.4  323.6  336.1  324.3
  562.0   4960    1.3   -8.1     50   3.71    268    1.4  323.6  336.2  324.3
  561.2   4971    1.3   -8.1     50   3.71    277    1.5  323.6  336.2  324.4
  560.4   4983    1.2   -8.0     50   3.74    286    1.6  323.7  336.3  324.4
  559.6   4994    1.1   -8.2     50   3.68    293    1.7  323.7  336.1  324.4
  558.8   5006    1.1   -9.7     44   3.28    300    1.8  323.8  335.0  324.5
  557.9   5019    1.0  -10.2     43   3.17    306    1.9  323.9  334.7  324.6
  557.1   5031    1.0   -9.3     46   3.41    311    2.1  324.0  335.6  324.7
  556.4   5040    0.9   -9.7     45   3.29    315    2.2  324.1  335.3  324.7
  555.8   5049    0.9  -10.7     42   3.05    319    2.4  324.1  334.5  324.7
  555.1   5059    0.9  -12.7     35   2.60    323    2.5  324.3  333.2  324.8
  554.4   5069    0.9  -13.7     32   2.39    326    2.6  324.4  332.7  324.9
  553.7   5080    0.9  -12.6     36   2.62    329    2.7  324.5  333.5  325.0
  552.9   5092    0.8  -12.0     38   2.77    331    2.8  324.5  334.0  325.1
  552.1   5102    0.8  -11.0     41   2.99    334    2.9  324.6  334.8  325.2
  551.5   5111    0.7  -10.7     42   3.08    336    3.0  324.6  335.1  325.2
  551.0   5119    0.6  -10.4     43   3.14    338    3.1  324.6  335.3  325.2
  550.3   5129    0.5   -9.6     47   3.36    339    3.2  324.6  336.0  325.2
  549.5   5141    0.4   -8.9     50   3.55    341    3.2  324.6  336.6  325.3
  548.7   5153    0.3   -8.9     50   3.55    342    3.3  324.6  336.7  325.3
  547.9   5164    0.2   -9.3     49   3.45    343    3.3  324.7  336.4  325.3
  547.3   5173    0.2   -9.7     47   3.35    344    3.3  324.7  336.1  325.3
  546.6   5183    0.1  -10.0     47   3.29    345    3.3  324.7  335.9  325.3
  545.8   5195    0.0  -10.4     45   3.17    346    3.3  324.7  335.6  325.4
  545.0   5206   -0.0  -11.2     43   2.99    347    3.2  324.8  335.1  325.4
  544.2   5218   -0.0  -12.2     39   2.75    348    3.2  325.0  334.4  325.5
  543.4   5230   -0.0  -13.5     35   2.49    349    3.1  325.1  333.7  325.6
  542.6   5241   -0.1  -13.9     35   2.42    350    3.0  325.2  333.6  325.7
  542.0   5251   -0.1  -13.3     36   2.54    351    2.9  325.2  334.0  325.7
  541.5   5259   -0.2  -12.9     38   2.62    351    2.8  325.2  334.3  325.7
  540.8   5268   -0.3  -12.9     38   2.63    352    2.8  325.3  334.4  325.8
  540.0   5280   -0.3  -13.1     37   2.58    352    2.7  325.4  334.3  325.9
  539.2   5292   -0.4  -13.3     37   2.55    352    2.6  325.4  334.3  325.9
  538.7   5300   -0.4  -13.4     37   2.53    352    2.5  325.5  334.2  326.0
  538.1   5308   -0.4  -13.3     37   2.56    351    2.5  325.5  334.4  326.0
  537.4   5319   -0.5  -13.4     37   2.54    350    2.4  325.6  334.4  326.1
  536.7   5330   -0.6  -13.7     36   2.48    348    2.3  325.6  334.2  326.1
  536.0   5340   -0.6  -13.9     36   2.44    345    2.2  325.7  334.1  326.1
  535.4   5349   -0.7  -14.0     36   2.43    341    2.1  325.7  334.1  326.2
  534.8   5357   -0.8  -14.0     36   2.42    336    2.0  325.7  334.1  326.2
  534.2   5366   -0.8  -14.0     36   2.42    331    1.8  325.8  334.2  326.2
  533.7   5375   -0.9  -14.1     36   2.42    324    1.7  325.8  334.2  326.3
  533.1   5383   -0.9  -13.4     38   2.56    316    1.6  325.9  334.7  326.4
  532.5   5392   -0.9  -12.2     42   2.81    307    1.5  325.9  335.7  326.5
  531.8   5403   -1.0  -12.7     41   2.72    298    1.5  326.0  335.4  326.5
  531.0   5415   -1.1  -12.7     41   2.73    289    1.5  326.0  335.4  326.6
  530.2   5426   -1.2  -12.5     42   2.77    281    1.4  326.1  335.6  326.6
  529.5   5437   -1.2  -12.1     43   2.86    274    1.4  326.1  336.0  326.6
  528.7   5449   -1.3  -10.9     48   3.15    268    1.4  326.1  337.0  326.7
  528.0   5460   -1.4  -10.9     48   3.16    263    1.4  326.1  337.0  326.7
  527.3   5470   -1.5  -10.7     49   3.21    259    1.3  326.1  337.1  326.8
  526.7   5480   -1.6  -10.8     49   3.19    256    1.3  326.2  337.1  326.8
  526.0   5491   -1.7  -11.2     48   3.10    254    1.2  326.2  336.8  326.8
  525.2   5502   -1.8  -12.7     43   2.75    253    1.1  326.2  335.7  326.8
  524.5   5512   -1.8  -14.6     37   2.36    253    1.0  326.3  334.5  326.8
  523.9   5522   -1.8  -13.9     39   2.49    253    0.9  326.3  335.0  326.8
  523.3   5532   -2.0  -13.1     42   2.68    254    0.8  326.3  335.6  326.8
  522.6   5541   -2.1  -12.9     43   2.71    255    0.7  326.3  335.7  326.8
  522.0   5552   -2.2  -13.0     43   2.70    256    0.6  326.3  335.6  326.8
  521.2   5563   -2.3  -13.3     43   2.65    256    0.6  326.3  335.5  326.8
  520.5   5574   -2.3  -14.5     39   2.39    256    0.6  326.4  334.7  326.8
  519.7   5585   -2.4  -17.2     31   1.91    255    0.6  326.5  333.2  326.8
  519.0   5596   -2.4  -17.8     30   1.83    253    0.6  326.5  333.0  326.9
  518.3   5607   -2.5  -16.6     33   2.02    251    0.7  326.5  333.7  326.9
  517.6   5618   -2.6  -16.3     34   2.07    250    0.8  326.5  333.8  326.9
  516.9   5629   -2.7  -16.5     34   2.04    249    0.9  326.6  333.7  327.0
  516.2   5640   -2.8  -16.7     33   2.02    248    1.0  326.6  333.7  327.0
  515.5   5651   -2.8  -16.5     34   2.05    248    1.2  326.7  333.9  327.1
  514.7   5662   -2.9  -16.5     34   2.06    249    1.3  326.7  333.9  327.1
  514.0   5674   -3.0  -16.6     34   2.04    249    1.4  326.8  333.9  327.2
  513.2   5686   -3.0  -16.5     35   2.05    250    1.6  326.8  334.0  327.2
  512.4   5697   -3.1  -16.3     36   2.10    251    1.7  326.9  334.2  327.3
  511.7   5709   -3.2  -16.3     36   2.10    252    1.8  326.9  334.2  327.3
  511.0   5720   -3.3  -16.4     36   2.07    253    1.8  326.9  334.2  327.3
  510.3   5731   -3.4  -16.6     35   2.06    254    1.8  326.9  334.1  327.3
  509.6   5741   -3.5  -16.9     35   2.01    256    1.8  326.9  334.0  327.3
  509.1   5749   -3.6  -17.1     34   1.98    258    1.8  326.9  333.9  327.3
  508.6   5757   -3.7  -17.1     34   1.97    260    1.7  326.9  333.8  327.3
  508.0   5766   -3.8  -16.9     35   2.00    262    1.6  326.9  334.0  327.3
  507.5   5775   -3.9  -16.7     36   2.04    265    1.5  326.9  334.1  327.3
  506.9   5783   -3.9  -16.0     39   2.17    269    1.4  326.9  334.5  327.3
  506.3   5792   -4.1  -14.1     46   2.55    273    1.2  326.9  335.7  327.4
  505.7   5801   -4.2  -11.6     56   3.12    279    1.1  326.8  337.5  327.4
  505.1   5812   -4.2  -12.0     55   3.03    285    1.0  326.8  337.3  327.4
  504.4   5823   -4.3  -13.3     49   2.72    293    0.9  326.9  336.4  327.5
  503.6   5834   -4.3  -13.4     49   2.70    301    0.8  327.1  336.4  327.6
  503.0   5845   -4.4  -12.7     52   2.88    310    0.7  327.1  337.1  327.6
  502.3   5856   -4.5  -13.0     51   2.80    320    0.7  327.1  336.8  327.7
  501.6   5867   -4.5  -13.1     51   2.79    329    0.6  327.1  336.8  327.7
  500.9   5877   -4.6  -12.7     53   2.89    338    0.6  327.1  337.1  327.7
  500.2   5888   -4.8  -12.1     56   3.02    345    0.6  327.1  337.6  327.7
  500.0   5891   -4.8  -11.9     58   3.09    352    0.6  327.1  337.8  327.8
  499.5   5900   -4.9  -11.2     61   3.26    352    0.6  327.1  338.4  327.8
  498.8   5911   -4.9  -10.4     65   3.48    357    0.6  327.2  339.1  327.9
  498.2   5920   -4.9  -11.6     59   3.16      1    0.6  327.3  338.2  327.9
  497.6   5929   -4.9  -13.9     49   2.64      2    0.6  327.4  336.6  328.0
  496.9   5940   -4.9  -15.8     42   2.26      2    0.6  327.6  335.5  328.0
  496.2   5951   -4.9  -15.8     42   2.27      1    0.6  327.7  335.7  328.2
  495.5   5962   -5.0  -12.9     54   2.87    358    0.6  327.7  337.7  328.3
  494.9   5972   -5.0  -11.5     61   3.22    353    0.6  327.8  338.9  328.4
  494.3   5981   -5.1  -11.2     62   3.30    348    0.7  327.8  339.1  328.4
  493.8   5989   -5.2  -10.8     65   3.40    342    0.7  327.8  339.5  328.4
  493.2   5999   -5.3  -10.1     69   3.62    337    0.7  327.8  340.2  328.5
  492.6   6009   -5.4   -8.4     79   4.12    332    0.7  327.8  341.8  328.6
  492.0   6019   -5.5   -7.0     89   4.61    327    0.8  327.8  343.4  328.7
  491.2   6031   -5.6   -6.6     93   4.77    324    0.8  327.8  344.0  328.7
  490.4   6043   -5.7   -7.7     86   4.39    321    0.8  327.9  342.8  328.8
  489.7   6055   -5.6  -12.8     56   2.91    319    0.8  328.1  338.3  328.7
  489.0   6066   -5.3  -19.3     32   1.70    317    0.8  328.5  334.6  328.9
  488.2   6078   -5.2  -19.5     32   1.68    315    0.8  328.8  334.8  329.2
  487.5   6091   -5.2  -15.6     44   2.34    314    0.9  329.0  337.2  329.4
  486.7   6102   -5.3  -14.3     49   2.60    312    0.9  329.1  338.2  329.6
  486.1   6113   -5.1  -22.8     24   1.26    310    0.9  329.4  334.0  329.6
  485.4   6124   -5.0  -24.7     20   1.07    308    0.9  329.6  333.6  329.8
  484.8   6134   -5.0  -25.2     19   1.02    305    0.9  329.8  333.5  330.0
  484.2   6144   -5.0  -24.6     20   1.08    302    0.9  329.9  333.8  330.1
  483.5   6155   -5.1  -21.0     27   1.48    298    0.9  329.9  335.3  330.2
  482.8   6166   -5.2  -16.3     41   2.23    295    1.0  329.9  337.8  330.4
  482.1   6178   -5.3  -13.0     55   2.93    292    1.0  329.9  340.1  330.5
  481.4   6189   -5.5  -12.6     57   3.04    289    1.0  329.8  340.4  330.4
  480.7   6201   -5.6  -13.4     54   2.84    286    1.1  329.9  339.8  330.4
  480.0   6212   -5.6  -15.6     45   2.37    284    1.1  330.0  338.4  330.4
  479.4   6223   -5.6  -18.1     37   1.93    282    1.1  330.1  337.0  330.5
  478.7   6233   -5.6  -19.6     32   1.70    281    1.2  330.2  336.3  330.5
  478.0   6244   -5.7  -18.5     36   1.86    279    1.2  330.2  336.9  330.6
  477.4   6255   -5.9  -16.2     44   2.27    278    1.3  330.2  338.2  330.6
  476.7   6266   -6.0  -11.8     64   3.26    277    1.3  330.1  341.4  330.7
  476.0   6277   -6.2   -9.9     75   3.79    276    1.4  330.0  343.1  330.8
  475.4   6288   -6.3  -10.5     72   3.61    274    1.4  330.0  342.5  330.8
  474.7   6299   -6.4  -10.9     70   3.53    272    1.5  330.1  342.3  330.8
  474.1   6309   -6.4  -10.1     75   3.76    270    1.5  330.1  343.2  330.9
  473.5   6318   -6.5   -9.3     80   4.01    267    1.6  330.2  344.0  331.0
  473.0   6328   -6.5  -10.9     71   3.53    264    1.7  330.3  342.5  331.0
  472.4   6336   -6.4  -13.0     60   2.99    261    1.8  330.5  340.9  331.1
  471.9   6345   -6.4  -13.7     56   2.82    258    1.8  330.6  340.5  331.2
  471.4   6353   -6.3  -15.3     49   2.48    255    1.9  330.8  339.5  331.2
  470.9   6362   -6.3  -16.9     43   2.17    252    2.0  331.0  338.7  331.4
  470.2   6373   -6.3  -16.9     43   2.17    250    2.0  331.1  338.8  331.5
  469.6   6384   -6.3  -17.0     43   2.16    248    2.1  331.2  338.9  331.6
  468.9   6395   -6.4  -16.8     43   2.19    247    2.1  331.2  339.0  331.6
  468.3   6406   -6.5  -16.5     45   2.25    246    2.1  331.2  339.2  331.7
  467.7   6416   -6.6  -15.6     49   2.44    245    2.1  331.2  339.9  331.7
  467.1   6426   -6.7  -14.2     55   2.74    245    2.0  331.2  340.9  331.8
  466.5   6435   -6.8  -13.8     57   2.83    245    2.0  331.2  341.2  331.8
  466.1   6443   -6.9  -13.8     58   2.84    246    1.9  331.2  341.2  331.7
  465.6   6451   -6.9  -13.8     58   2.85    247    1.7  331.2  341.2  331.7
  465.0   6461   -7.1  -13.1     62   3.01    249    1.6  331.2  341.7  331.8
  464.4   6471   -7.2  -12.9     64   3.07    253    1.4  331.1  341.9  331.8
  463.8   6480   -7.3  -12.9     64   3.07    257    1.2  331.1  341.9  331.8
  463.3   6489   -7.3  -12.8     65   3.08    264    1.1  331.1  342.0  331.8
  462.8   6498   -7.4  -12.8     66   3.10    275    0.9  331.1  342.0  331.8
  462.3   6506   -7.5  -12.8     66   3.11    289    0.8  331.1  342.0  331.8
  461.8   6515   -7.6  -12.8     67   3.11    307    0.7  331.1  342.0  331.8
  461.2   6524   -7.7  -12.7     68   3.14    325    0.8  331.2  342.2  331.8
  460.7   6533   -7.8  -12.6     68   3.15    339    0.9  331.1  342.2  331.8
  460.2   6542   -7.9  -12.7     68   3.15    349    1.0  331.1  342.2  331.8
  459.6   6551   -7.9  -12.7     68   3.14    356    1.1  331.2  342.2  331.8
  459.0   6562   -8.0  -12.7     69   3.14    360    1.2  331.2  342.2  331.8
  458.3   6573   -8.1  -12.6     70   3.19      3    1.2  331.3  342.4  331.9
  457.8   6582   -8.2  -12.3     72   3.26      4    1.2  331.3  342.7  331.9
  457.2   6592   -8.2  -11.7     76   3.44      4    1.2  331.3  343.3  332.0
  456.6   6602   -8.3  -10.8     82   3.67      3    1.2  331.3  344.1  332.1
  455.9   6613   -8.3  -10.8     82   3.69      1    1.1  331.4  344.2  332.2
  455.3   6624   -8.3  -11.3     79   3.55    358    1.0  331.6  343.9  332.3
  454.7   6635   -8.4  -11.4     78   3.52    352    0.9  331.7  343.9  332.4
  454.0   6647   -8.4  -11.4     79   3.52    345    0.8  331.7  344.0  332.4
  453.3   6659   -8.5  -11.7     77   3.45    335    0.7  331.8  343.9  332.5
  452.7   6670   -8.5  -12.3     74   3.31    324    0.6  331.9  343.5  332.6
  452.1   6679   -8.5  -12.8     71   3.16    310    0.6  332.0  343.1  332.7
  451.6   6688   -8.5  -13.2     68   3.06    297    0.6  332.2  343.0  332.8
  451.1   6697   -8.5  -13.4     68   3.03    284    0.6  332.2  342.9  332.8
  450.5   6706   -8.6  -13.5     68   3.00    273    0.6  332.2  342.8  332.8
  450.0   6716   -8.7  -13.6     67   2.98    263    0.6  332.2  342.7  332.8
  449.4   6726   -8.7  -13.6     68   2.98    254    0.6  332.3  342.8  332.9
  448.8   6736   -8.8  -13.5     68   3.01    246    0.6  332.4  343.0  333.0
  448.1   6748   -8.8  -13.6     68   3.00    238    0.6  332.5  343.1  333.1
  447.5   6759   -8.8  -13.9     67   2.94    230    0.6  332.6  343.0  333.2
  446.9   6770   -8.9  -13.9     67   2.92    222    0.6  332.7  343.0  333.2
  446.3   6779   -8.9  -13.8     68   2.95    215    0.6  332.7  343.1  333.3
  445.8   6788   -9.0  -13.9     68   2.94    208    0.6  332.8  343.2  333.4
  445.2   6799   -9.1  -14.2     66   2.87    201    0.7  332.8  342.9  333.3
  444.5   6810   -9.1  -14.9     63   2.71    195    0.7  332.8  342.5  333.4
  443.9   6821   -9.2  -15.3     61   2.63    189    0.7  332.9  342.2  333.4
  443.3   6832   -9.3  -14.8     64   2.74    184    0.7  332.9  342.6  333.5
  442.7   6842   -9.4  -14.3     67   2.87    180    0.7  332.9  343.1  333.5
  442.2   6852   -9.4  -14.2     68   2.88    176    0.6  332.9  343.2  333.5
  441.6   6861   -9.5  -14.2     69   2.89    174    0.6  333.0  343.2  333.6
  441.1   6871   -9.6  -14.2     69   2.89    172    0.6  333.0  343.2  333.6
  440.5   6881   -9.6  -13.8     71   2.99    172    0.6  333.1  343.6  333.7
  439.8   6893   -9.7  -13.4     74   3.09    173    0.7  333.2  344.1  333.8
  439.2   6904   -9.7  -13.3     75   3.12    175    0.7  333.3  344.3  333.9
  438.7   6913   -9.8  -13.5     74   3.08    177    0.7  333.3  344.2  333.9
  438.1   6923   -9.8  -13.6     74   3.08    180    0.8  333.3  344.2  334.0
  437.5   6934   -9.9  -13.6     75   3.07    182    0.8  333.3  344.2  334.0
  436.8   6945  -10.0  -13.7     74   3.04    184    0.9  333.4  344.1  334.0
  436.3   6954  -10.1  -13.9     74   3.01    186    1.0  333.4  344.0  334.0
  435.8   6964  -10.2  -14.0     74   2.99    187    1.1  333.4  344.0  334.0
  435.2   6973  -10.3  -14.2     73   2.93    187    1.2  333.4  343.8  334.0
  434.7   6983  -10.3  -14.4     72   2.89    187    1.3  333.4  343.7  334.0
  434.0   6995  -10.4  -14.9     70   2.79    187    1.4  333.5  343.4  334.0
  433.3   7007  -10.4  -16.4     62   2.46    186    1.5  333.6  342.4  334.1
  432.7   7019  -10.4  -18.3     53   2.10    186    1.5  333.8  341.4  334.2
  432.1   7029  -10.4  -19.0     49   1.98    186    1.6  333.9  341.1  334.3
  431.5   7040  -10.4  -20.6     43   1.72    186    1.6  334.0  340.3  334.4
  430.8   7052  -10.5  -19.9     46   1.83    186    1.6  334.1  340.8  334.5
  430.2   7063  -10.6  -18.1     54   2.14    186    1.6  334.1  341.8  334.6
  429.6   7074  -10.6  -16.4     63   2.48    187    1.5  334.2  343.1  334.7
  429.1   7083  -10.6  -16.2     63   2.52    188    1.5  334.3  343.3  334.8
  428.6   7092  -10.7  -16.8     61   2.40    189    1.5  334.3  343.0  334.8
  428.1   7101  -10.8  -16.5     62   2.46    191    1.4  334.4  343.2  334.9
  427.5   7112  -10.8  -15.6     68   2.66    193    1.4  334.4  343.9  334.9
  426.9   7123  -10.9  -15.0     72   2.80    195    1.3  334.5  344.4  335.0
  426.4   7132  -10.9  -15.2     71   2.77    197    1.3  334.6  344.4  335.1
  425.9   7141  -10.9  -15.4     70   2.72    199    1.3  334.7  344.4  335.2
  425.3   7151  -11.0  -15.5     69   2.69    200    1.2  334.7  344.4  335.3
  424.6   7163  -11.0  -15.6     69   2.67    202    1.2  334.9  344.4  335.4
  424.0   7175  -11.0  -15.8     68   2.64    203    1.1  334.9  344.4  335.5
  423.3   7187  -11.0  -16.1     66   2.58    205    1.1  335.1  344.3  335.6
  422.7   7199  -11.1  -16.3     65   2.55    206    1.0  335.2  344.3  335.7
  422.1   7209  -11.1  -16.4     65   2.53    208    1.0  335.3  344.4  335.8
  421.5   7220  -11.1  -16.4     65   2.52    210    1.0  335.4  344.4  335.9
  420.8   7232  -11.2  -16.5     65   2.52    213    0.9  335.4  344.5  335.9
  420.2   7243  -11.3  -16.5     65   2.51    216    0.9  335.5  344.5  336.0
  419.7   7253  -11.4  -16.6     65   2.50    220    0.9  335.5  344.5  336.0
  419.1   7263  -11.5  -16.6     66   2.50    223    0.9  335.5  344.5  336.0
  418.6   7273  -11.5  -16.6     66   2.51    226    0.9  335.5  344.5  336.0
  418.1   7283  -11.6  -16.6     67   2.51    229    0.9  335.5  344.5  336.0
  417.5   7293  -11.8  -16.6     67   2.50    231    1.0  335.5  344.5  336.0
  416.9   7304  -11.8  -16.7     67   2.50    233    1.0  335.5  344.5  336.0
  416.3   7316  -11.9  -16.8     67   2.49    234    1.1  335.5  344.5  336.0
  415.7   7326  -12.0  -17.2     65   2.40    235    1.1  335.6  344.3  336.1
  415.2   7335  -11.9  -17.7     62   2.30    235    1.2  335.8  344.1  336.3
  414.7   7345  -11.8  -17.4     63   2.36    235    1.2  336.0  344.5  336.5
  414.1   7356  -11.9  -17.2     64   2.40    235    1.3  336.1  344.8  336.6
  413.6   7366  -11.9  -17.2     65   2.40    235    1.4  336.2  344.9  336.7
  413.1   7375  -11.9  -17.4     64   2.37    235    1.4  336.3  344.8  336.8
  412.6   7383  -11.9  -17.7     62   2.31    236    1.5  336.4  344.7  336.8
  412.2   7391  -12.0  -17.0     66   2.45    236    1.5  336.4  345.3  336.9
  411.8   7399  -12.0  -16.5     69   2.56    237    1.6  336.5  345.7  337.0
  411.3   7408  -12.0  -16.7     68   2.53    238    1.7  336.6  345.7  337.1
  410.8   7417  -12.0  -16.8     68   2.51    240    1.7  336.7  345.7  337.2
  410.3   7426  -12.1  -16.9     67   2.49    241    1.8  336.8  345.8  337.3
  409.8   7435  -12.1  -17.0     67   2.47    243    1.9  336.8  345.7  337.3
  409.3   7445  -12.2  -17.1     67   2.45    245    2.0  336.8  345.7  337.3
  408.8   7455  -12.3  -17.2     67   2.44    246    2.0  336.8  345.6  337.3
  408.2   7465  -12.3  -17.2     67   2.44    248    2.1  336.9  345.7  337.4
  407.7   7475  -12.4  -17.2     67   2.44    251    2.1  336.9  345.7  337.4
  407.2   7485  -12.5  -17.2     68   2.44    253    2.2  336.9  345.7  337.4
  406.6   7497  -12.6  -17.3     68   2.42    255    2.2  336.9  345.7  337.4
  406.0   7508  -12.7  -17.5     67   2.40    256    2.2  337.0  345.7  337.5
  405.5   7516  -12.7  -17.6     67   2.37    258    2.2  337.0  345.6  337.5
  405.1   7525  -12.8  -17.5     68   2.40    260    2.1  337.0  345.7  337.5
  404.5   7534  -12.9  -17.5     69   2.41    262    2.1  337.1  345.8  337.6
  404.0   7545  -12.9  -17.5     68   2.40    263    1.9  337.1  345.8  337.6
  403.4   7555  -13.0  -17.6     68   2.38    265    1.8  337.2  345.8  337.7
  402.9   7565  -13.1  -17.7     68   2.36    267    1.6  337.2  345.8  337.7
  402.3   7576  -13.2  -17.8     68   2.35    269    1.4  337.2  345.8  337.7
  401.7   7588  -13.3  -17.8     68   2.35    271    1.2  337.2  345.8  337.7
  401.1   7600  -13.4  -17.9     69   2.35    275    1.1  337.2  345.8  337.7
  400.5   7611  -13.5  -17.9     69   2.34    279    0.9  337.2  345.7  337.7
  400.0   7620  -13.6  -18.0     69   2.32    279    0.9  337.3  345.7  337.7
  399.9   7622  -13.6  -18.1     69   2.32    286    0.7  337.3  345.7  337.7
  399.3   7633  -13.6  -18.9     64   2.16    295    0.6  337.4  345.3  337.8
  398.7   7644  -13.4  -20.9     53   1.82    306    0.5  337.8  344.5  338.1
  398.2   7655  -13.3  -22.0     48   1.66    318    0.5  338.1  344.2  338.4
  397.6   7666  -13.3  -21.5     50   1.73    327    0.5  338.2  344.6  338.5
  397.1   7676  -13.4  -21.4     51   1.75    332    0.5  338.2  344.6  338.5
  396.5   7687  -13.5  -21.3     52   1.76    333    0.5  338.2  344.7  338.5
  395.9   7699  -13.6  -21.3     52   1.77    331    0.6  338.2  344.7  338.5
  395.3   7710  -13.7  -21.3     53   1.77    328    0.6  338.2  344.8  338.6
  394.8   7721  -13.8  -21.4     53   1.77    323    0.6  338.3  344.8  338.6
  394.1   7733  -13.8  -21.2     54   1.79    319    0.7  338.3  344.9  338.7
  393.6   7743  -13.9  -21.4     53   1.77    314    0.8  338.4  345.0  338.8
  393.1   7753  -13.8  -21.5     52   1.75    310    0.8  338.6  345.1  339.0
  392.5   7764  -13.8  -21.2     54   1.80    306    0.9  338.7  345.4  339.1
  391.9   7776  -13.9  -21.2     54   1.81    302    1.0  338.8  345.5  339.2
  391.3   7787  -14.0  -21.4     54   1.78    299    1.0  338.9  345.5  339.2
  390.8   7797  -14.0  -21.6     53   1.75    296    1.1  338.9  345.4  339.3
  390.3   7808  -14.1  -21.6     53   1.75    294    1.2  339.0  345.5  339.3
  389.7   7818  -14.2  -21.5     54   1.76    292    1.3  339.0  345.6  339.4
  389.2   7829  -14.3  -21.4     55   1.79    289    1.4  339.0  345.6  339.4
  388.6   7840  -14.4  -21.3     56   1.80    287    1.6  339.0  345.7  339.4
  388.0   7852  -14.5  -21.2     56   1.82    285    1.7  339.0  345.7  339.4
  387.4   7863  -14.6  -21.2     57   1.82    283    1.8  339.1  345.8  339.4
  386.8   7876  -14.6  -21.3     56   1.81    282    2.0  339.2  345.9  339.5
  386.2   7888  -14.6  -22.0     54   1.71    280    2.1  339.3  345.7  339.7
  385.6   7899  -14.7  -22.1     53   1.69    278    2.2  339.4  345.7  339.7
  385.0   7910  -14.7  -22.3     53   1.67    276    2.3  339.4  345.7  339.8
  384.5   7921  -14.8  -22.6     51   1.62    275    2.4  339.5  345.5  339.8
  384.0   7931  -14.8  -23.0     50   1.57    273    2.5  339.5  345.4  339.9
  383.5   7941  -14.9  -23.1     50   1.56    272    2.5  339.6  345.4  339.9
  382.9   7953  -14.9  -23.1     50   1.56    271    2.5  339.7  345.6  340.1
  382.3   7964  -15.0  -23.0     50   1.58    270    2.5  339.8  345.7  340.1
  381.7   7975  -15.0  -23.4     49   1.53    269    2.5  339.9  345.6  340.2
  381.2   7986  -15.1  -23.5     49   1.51    268    2.5  339.9  345.5  340.2
  380.6   7998  -15.2  -23.6     49   1.50    268    2.5  339.9  345.5  340.2
  380.1   8008  -15.3  -24.0     48   1.46    268    2.4  339.9  345.4  340.2
  379.6   8018  -15.3  -24.9     44   1.34    269    2.4  340.0  345.1  340.3
  379.1   8028  -15.4  -25.2     43   1.31    270    2.3  340.0  345.0  340.3
  378.5   8039  -15.5  -25.4     43   1.29    271    2.3  340.0  344.9  340.3
  377.9   8051  -15.6  -25.6     42   1.27    272    2.2  340.1  344.9  340.3
  377.3   8063  -15.7  -25.7     42   1.26    274    2.2  340.1  344.9  340.4
  376.8   8073  -15.8  -25.6     43   1.27    276    2.2  340.1  344.9  340.4
  376.3   8083  -15.9  -25.2     45   1.32    278    2.1  340.1  345.1  340.4
  375.9   8092  -15.9  -24.5     48   1.40    279    2.1  340.2  345.4  340.5
  375.3   8103  -16.0  -24.3     49   1.44    281    2.1  340.2  345.6  340.5
  374.8   8113  -16.1  -24.1     50   1.46    283    2.2  340.2  345.7  340.5
  374.2   8125  -16.2  -23.9     52   1.49    284    2.2  340.2  345.8  340.5
  373.7   8136  -16.3  -24.0     52   1.48    286    2.2  340.2  345.8  340.5
  373.2   8147  -16.4  -24.0     52   1.48    287    2.3  340.2  345.8  340.5
  372.6   8157  -16.5  -23.6     54   1.53    289    2.3  340.3  346.0  340.6
  372.1   8168  -16.6  -23.2     57   1.60    290    2.4  340.3  346.3  340.6
  371.6   8178  -16.7  -22.9     58   1.63    292    2.4  340.3  346.4  340.7
  371.1   8189  -16.8  -23.3     57   1.59    294    2.5  340.3  346.3  340.7
  370.6   8199  -16.8  -23.2     58   1.60    296    2.5  340.4  346.3  340.7
  370.1   8209  -16.9  -22.7     61   1.67    298    2.6  340.4  346.6  340.7
  369.6   8219  -17.0  -22.7     61   1.68    300    2.6  340.5  346.7  340.8
  369.0   8231  -17.0  -22.9     60   1.65    301    2.7  340.6  346.7  340.9
  368.4   8242  -17.0  -23.0     60   1.63    303    2.7  340.7  346.8  341.0
  367.9   8253  -17.1  -23.0     60   1.64    304    2.7  340.7  346.8  341.0
  367.4   8264  -17.2  -23.0     61   1.64    305    2.7  340.7  346.8  341.0
  366.8   8275  -17.3  -23.1     61   1.63    305    2.7  340.8  346.9  341.1
  366.3   8286  -17.4  -23.1     61   1.63    305    2.7  340.8  346.8  341.1
  365.7   8297  -17.5  -23.2     61   1.63    304    2.8  340.8  346.9  341.2
  365.2   8308  -17.5  -23.1     61   1.63    303    2.8  340.9  347.0  341.2
  364.7   8319  -17.6  -23.2     61   1.62    302    2.8  340.9  347.0  341.3
  364.2   8330  -17.6  -23.3     61   1.61    300    2.9  341.0  347.0  341.3
  363.6   8340  -17.7  -23.4     61   1.60    297    2.9  341.0  347.0  341.4
  363.1   8352  -17.8  -23.6     60   1.57    295    3.0  341.0  346.9  341.4
  362.5   8364  -17.9  -24.4     56   1.46    293    3.1  341.1  346.7  341.4
  361.9   8376  -17.9  -25.7     51   1.31    290    3.2  341.2  346.2  341.5
  361.4   8388  -18.0  -26.9     45   1.17    288    3.3  341.3  345.8  341.5
  360.8   8399  -18.0  -27.4     43   1.12    287    3.4  341.4  345.7  341.7
  360.3   8410  -18.0  -27.3     44   1.14    285    3.5  341.5  345.8  341.7
  359.8   8420  -18.1  -27.2     45   1.15    284    3.6  341.6  346.0  341.8
  359.3   8430  -18.1  -27.1     45   1.16    283    3.7  341.7  346.1  341.9
  358.9   8439  -18.2  -27.2     45   1.15    283    3.8  341.7  346.1  341.9
  358.5   8448  -18.2  -27.2     45   1.15    282    3.8  341.7  346.1  341.9
  358.0   8457  -18.3  -27.0     46   1.17    282    3.8  341.7  346.2  342.0
  357.6   8467  -18.4  -27.1     46   1.16    282    3.8  341.7  346.1  341.9
  357.1   8477  -18.5  -27.2     46   1.15    283    3.8  341.7  346.1  342.0
  356.6   8487  -18.6  -27.2     47   1.16    283    3.7  341.7  346.2  342.0
  356.0   8499  -18.6  -27.6     45   1.12    283    3.7  341.9  346.2  342.1
  355.5   8510  -18.6  -29.1     39   0.97    284    3.6  342.1  345.9  342.3
  355.0   8521  -18.6  -29.4     38   0.94    284    3.5  342.2  345.9  342.4
  354.4   8533  -18.6  -29.2     39   0.97    284    3.5  342.3  346.1  342.5
  353.9   8544  -18.7  -29.0     40   0.99    284    3.4  342.3  346.2  342.5
  353.4   8554  -18.8  -29.0     40   0.99    283    3.3  342.4  346.2  342.6
  352.9   8565  -18.9  -29.1     40   0.98    283    3.2  342.4  346.2  342.6
  352.4   8576  -19.0  -29.5     39   0.95    282    3.2  342.4  346.1  342.6
  351.9   8586  -19.0  -29.7     39   0.93    281    3.1  342.5  346.1  342.6
  351.4   8596  -19.1  -29.9     38   0.92    281    3.0  342.5  346.1  342.7
  350.9   8606  -19.2  -29.9     38   0.91    280    2.9  342.6  346.1  342.7
  350.4   8618  -19.2  -29.7     39   0.94    279    2.8  342.6  346.3  342.8
  349.8   8630  -19.3  -29.3     41   0.97    279    2.8  342.7  346.5  342.9
  349.3   8640  -19.3  -29.7     39   0.94    278    2.7  342.8  346.4  343.0
  348.8   8651  -19.3  -30.5     37   0.87    278    2.6  342.9  346.3  343.1
  348.3   8663  -19.4  -30.7     36   0.85    278    2.5  343.0  346.3  343.2
  347.7   8675  -19.5  -31.1     35   0.82    277    2.4  343.0  346.2  343.2
  347.1   8687  -19.6  -31.6     33   0.78    277    2.3  343.1  346.2  343.3
  346.6   8699  -19.7  -31.9     33   0.76    276    2.3  343.1  346.1  343.3
  346.1   8709  -19.8  -32.0     33   0.76    276    2.2  343.1  346.1  343.3
  345.7   8718  -19.8  -33.1     30   0.69    275    2.1  343.1  345.8  343.3
  345.3   8726  -19.9  -34.2     27   0.61    274    2.0  343.2  345.6  343.3
  344.8   8736  -20.0  -34.1     27   0.62    273    1.9  343.2  345.7  343.3
  344.3   8747  -20.1  -34.0     28   0.63    272    1.9  343.2  345.7  343.3
  343.9   8757  -20.2  -34.1     28   0.62    271    1.8  343.2  345.7  343.3
  343.4   8767  -20.2  -34.3     27   0.61    270    1.8  343.2  345.7  343.4
  343.0   8776  -20.3  -34.6     27   0.59    270    1.7  343.2  345.6  343.3
  342.6   8785  -20.4  -34.8     27   0.58    269    1.7  343.2  345.5  343.3
  342.1   8795  -20.5  -34.9     26   0.58    270    1.7  343.2  345.5  343.3
  341.6   8805  -20.6  -34.9     27   0.58    270    1.6  343.2  345.5  343.4
  341.1   8817  -20.7  -34.8     27   0.58    271    1.6  343.2  345.6  343.4
  340.6   8827  -20.8  -35.1     27   0.57    273    1.5  343.2  345.5  343.4
  340.1   8838  -20.9  -35.6     26   0.54    275    1.5  343.3  345.4  343.4
  339.6   8849  -21.0  -36.6     23   0.49    277    1.5  343.3  345.3  343.4
  339.2   8859  -21.1  -37.2     22   0.47    278    1.5  343.3  345.2  343.4
  338.7   8869  -21.2  -37.1     22   0.47    280    1.5  343.3  345.2  343.4
  338.2   8880  -21.3  -37.5     22   0.45    281    1.5  343.3  345.1  343.4
  337.6   8893  -21.4  -38.0     21   0.43    282    1.5  343.4  345.1  343.4
  337.0   8906  -21.5  -38.1     21   0.43    283    1.5  343.4  345.1  343.5
  336.4   8918  -21.6  -37.9     21   0.43    282    1.6  343.4  345.2  343.5
  335.9   8929  -21.7  -37.7     22   0.44    281    1.6  343.4  345.2  343.5
  335.5   8940  -21.8  -37.6     23   0.45    279    1.6  343.4  345.2  343.5
  335.1   8949  -21.9  -37.4     23   0.46    277    1.7  343.4  345.3  343.5
  334.7   8956  -21.9  -37.1     24   0.48    274    1.7  343.4  345.4  343.5
  334.4   8964  -22.0  -36.9     25   0.49    271    1.8  343.4  345.4  343.5
  333.9   8974  -22.1  -36.7     25   0.49    268    1.8  343.4  345.4  343.5
  333.4   8986  -22.2  -36.7     26   0.50    265    1.9  343.5  345.5  343.6
  332.9   8996  -22.3  -36.9     25   0.49    262    1.9  343.5  345.5  343.6
  332.5   9005  -22.3  -37.4     24   0.46    260    2.0  343.6  345.5  343.7
  332.1   9013  -22.4  -38.2     22   0.43    257    2.0  343.6  345.4  343.7
  331.6   9025  -22.4  -40.2     18   0.35    256    2.0  343.7  345.1  343.8
  331.0   9038  -22.4  -43.2     13   0.25    254    2.1  343.9  344.9  343.9
  330.5   9048  -22.4  -44.3     12   0.23    254    2.1  344.0  344.9  344.0
  330.2   9057  -22.5  -44.1     12   0.23    253    2.1  344.0  345.0  344.1
  329.7   9066  -22.5  -44.0     12   0.23    253    2.1  344.1  345.1  344.1
  329.3   9076  -22.6  -44.1     12   0.23    254    2.1  344.1  345.1  344.2
  328.8   9086  -22.7  -44.2     12   0.23    255    2.1  344.2  345.2  344.2
  328.4   9096  -22.7  -43.8     13   0.24    256    2.1  344.2  345.2  344.3
  327.9   9106  -22.8  -42.4     15   0.28    257    2.2  344.3  345.5  344.4
  327.6   9114  -22.8  -40.9     18   0.33    258    2.2  344.3  345.7  344.4
  327.2   9124  -22.9  -40.3     19   0.35    259    2.3  344.3  345.8  344.4
  326.7   9134  -23.0  -39.1     21   0.39    259    2.4  344.4  346.0  344.5
  326.3   9143  -23.0  -37.3     26   0.48    260    2.5  344.4  346.4  344.5
  325.9   9152  -23.1  -36.5     28   0.52    261    2.6  344.4  346.5  344.5
  325.5   9162  -23.2  -35.9     30   0.55    261    2.7  344.4  346.6  344.5
  325.0   9172  -23.3  -35.8     31   0.56    261    2.8  344.4  346.7  344.6
  324.6   9182  -23.4  -35.4     32   0.58    261    2.9  344.4  346.7  344.5
  324.1   9192  -23.5  -35.0     34   0.60    262    3.0  344.4  346.9  344.6
  323.7   9202  -23.6  -35.2     34   0.59    262    3.1  344.4  346.8  344.5
  323.2   9213  -23.7  -35.3     34   0.59    262    3.2  344.4  346.8  344.5
  322.7   9224  -23.8  -36.2     31   0.54    261    3.3  344.4  346.6  344.5
  322.2   9235  -23.9  -37.1     29   0.49    261    3.4  344.4  346.4  344.5
  321.7   9247  -24.0  -36.9     30   0.51    260    3.5  344.4  346.5  344.6
  321.2   9258  -24.1  -36.5     31   0.52    260    3.6  344.5  346.6  344.6
  320.8   9267  -24.2  -36.3     32   0.54    259    3.7  344.5  346.6  344.6
  320.4   9276  -24.3  -36.2     32   0.54    257    3.8  344.5  346.6  344.6
  320.0   9286  -24.4  -34.6     38   0.64    256    3.9  344.4  347.0  344.6
  319.5   9297  -24.5  -33.7     42   0.70    255    4.0  344.4  347.2  344.6
  319.0   9308  -24.6  -33.8     42   0.69    253    4.1  344.5  347.2  344.6
  318.5   9319  -24.6  -34.0     42   0.68    252    4.2  344.6  347.3  344.7
  318.0   9331  -24.7  -34.7     39   0.63    251    4.3  344.7  347.2  344.8
  317.5   9341  -24.8  -35.4     37   0.59    251    4.3  344.7  347.1  344.9
  317.1   9352  -24.8  -35.9     35   0.57    250    4.4  344.7  347.0  344.9
  316.6   9362  -24.9  -36.4     34   0.54    250    4.4  344.8  346.9  344.9
  316.3   9371  -25.0  -36.6     33   0.53    249    4.4  344.8  346.9  344.9
  315.9   9380  -25.1  -36.9     32   0.51    249    4.4  344.8  346.9  344.9
  315.4   9390  -25.2  -37.1     32   0.50    249    4.3  344.8  346.8  344.9
  315.0   9401  -25.3  -37.4     31   0.49    248    4.3  344.8  346.8  344.9
  314.5   9411  -25.4  -37.3     32   0.50    247    4.3  344.8  346.8  344.9
  314.1   9421  -25.5  -37.2     32   0.50    245    4.3  344.8  346.8  344.9
  313.6   9431  -25.6  -37.2     33   0.50    244    4.3  344.8  346.9  345.0
  313.3   9440  -25.6  -37.1     33   0.51    241    4.3  344.8  346.9  344.9
  312.8   9450  -25.7  -37.0     34   0.51    239    4.3  344.9  346.9  345.0
  312.4   9460  -25.8  -37.1     34   0.51    236    4.4  344.9  346.9  345.0
  312.0   9469  -25.9  -37.4     33   0.49    233    4.5  344.9  346.9  345.0
  311.6   9479  -25.9  -38.8     29   0.43    230    4.5  345.1  346.8  345.1
  311.1   9489  -25.7  -42.4     19   0.29    227    4.6  345.4  346.6  345.4
  310.7   9499  -25.6  -46.6     12   0.19    225    4.7  345.7  346.5  345.7
  310.3   9510  -25.5  -50.1      8   0.13    223    4.7  346.0  346.5  346.0
  309.8   9520  -25.3  -55.3      4   0.07    221    4.8  346.4  346.7  346.4
  309.4   9530  -25.1  -58.4      3   0.05    219    4.8  346.8  347.1  346.9
  308.9   9541  -24.9  -56.6      4   0.06    218    4.7  347.2  347.5  347.2
  308.5   9552  -24.9  -54.2      5   0.08    217    4.7  347.4  347.8  347.4
  308.0   9562  -24.9  -53.5      5   0.08    217    4.6  347.6  348.0  347.6
  307.7   9571  -24.9  -53.7      5   0.08    217    4.5  347.6  348.0  347.7
  307.3   9579  -24.9  -53.9      5   0.08    216    4.4  347.7  348.1  347.7
  306.9   9588  -24.9  -54.5      5   0.08    216    4.3  347.9  348.3  347.9
  306.4   9599  -24.9  -55.2      4   0.07    216    4.2  348.1  348.4  348.1
  306.0   9610  -24.9  -56.2      4   0.06    216    4.1  348.3  348.5  348.3
  305.6   9620  -24.8  -57.6      3   0.05    216    4.0  348.4  348.7  348.4
  305.1   9630  -24.9  -58.5      3   0.05    216    3.9  348.5  348.8  348.6
  304.6   9642  -24.9  -58.8      3   0.04    215    3.9  348.6  348.8  348.6
  304.2   9653  -25.0  -59.0      3   0.04    214    3.9  348.6  348.8  348.6
  303.7   9664  -25.1  -59.2      3   0.04    213    3.9  348.7  348.9  348.7
  303.3   9674  -25.1  -59.5      3   0.04    212    3.9  348.8  349.0  348.8
  302.9   9685  -25.1  -59.8      2   0.04    211    4.0  348.9  349.0  348.9
  302.4   9695  -25.2  -59.9      2   0.04    209    4.1  348.9  349.1  348.9
  302.0   9706  -25.3  -59.8      2   0.04    208    4.2  348.9  349.1  348.9
  301.5   9717  -25.4  -59.1      3   0.04    207    4.3  349.0  349.2  349.0
  301.1   9727  -25.5  -58.8      3   0.05    207    4.4  349.0  349.2  349.0
  300.7   9737  -25.6  -58.4      3   0.05    206    4.5  349.0  349.2  349.0
  300.3   9748  -25.7  -57.6      3   0.05    206    4.7  348.9  349.2  349.0
  300.0   9754  -25.7  -57.2      4   0.06    206    4.7  349.0  349.2  349.0
  299.8   9759  -25.8  -56.9      4   0.06    205    4.8  349.0  349.2  349.0
  299.3   9771  -25.9  -56.6      4   0.06    205    4.9  349.0  349.2  349.0
  298.8   9782  -26.0  -56.7      4   0.06    205    5.0  349.0  349.3  349.0
  298.4   9793  -26.1  -56.7      4   0.06    205    5.0  349.0  349.2  349.0
  297.9   9804  -26.2  -56.4      4   0.06    205    5.0  349.0  349.3  349.0
  297.5   9814  -26.3  -55.5      5   0.07    205    5.0  349.0  349.3  349.0
  297.1   9824  -26.4  -54.9      5   0.08    205    4.9  349.0  349.4  349.0
  296.7   9834  -26.5  -54.8      5   0.08    205    4.8  349.0  349.4  349.0
  296.2   9845  -26.6  -54.6      5   0.08    205    4.7  349.1  349.4  349.1
  295.8   9856  -26.7  -54.6      5   0.08    205    4.6  349.1  349.4  349.1
  295.3   9867  -26.8  -54.9      5   0.08    205    4.5  349.1  349.4  349.1
  294.9   9877  -26.9  -55.0      5   0.07    204    4.4  349.1  349.4  349.1
  294.5   9889  -27.0  -54.8      5   0.08    203    4.4  349.1  349.4  349.1
  293.9   9901  -27.1  -55.0      5   0.07    202    4.3  349.2  349.5  349.2
  293.5   9913  -27.2  -55.4      5   0.07    201    4.3  349.2  349.5  349.2
  293.0   9925  -27.3  -55.5      5   0.07    200    4.3  349.2  349.5  349.2
  292.4   9938  -27.4  -55.4      5   0.07    199    4.3  349.2  349.5  349.2
  292.0   9949  -27.5  -55.4      5   0.07    198    4.4  349.2  349.6  349.3
  291.6   9959  -27.5  -55.3      5   0.07    197    4.5  349.3  349.6  349.3
  291.2   9969  -27.6  -55.2      5   0.07    196    4.6  349.3  349.6  349.3
  290.7   9980  -27.7  -55.2      5   0.07    196    4.7  349.3  349.6  349.3
  290.3   9990  -27.8  -55.2      5   0.07    196    4.8  349.3  349.7  349.3
  289.9  10002  -27.9  -55.1      6   0.07    196    4.9  349.4  349.7  349.4
  289.4  10013  -28.0  -55.1      6   0.07    196    5.0  349.4  349.8  349.4
  289.0  10024  -28.1  -55.1      6   0.07    196    5.1  349.4  349.7  349.4
  288.5  10034  -28.2  -55.2      6   0.07    196    5.3  349.4  349.8  349.4
  288.1  10046  -28.3  -55.2      6   0.07    196    5.4  349.4  349.8  349.5
  287.7  10056  -28.4  -55.3      6   0.07    195    5.5  349.4  349.8  349.5
  287.3  10066  -28.4  -55.3      6   0.07    195    5.6  349.5  349.8  349.5
  286.9  10076  -28.5  -55.3      6   0.07    195    5.7  349.5  349.8  349.5
  286.5  10085  -28.6  -55.3      6   0.07    194    5.8  349.5  349.8  349.5
  286.1  10095  -28.8  -55.4      6   0.07    194    5.9  349.4  349.8  349.4
  285.6  10107  -28.9  -55.5      6   0.07    193    5.9  349.5  349.8  349.5
  285.2  10118  -29.0  -55.5      6   0.07    192    6.0  349.5  349.8  349.5
  284.8  10129  -29.0  -55.5      6   0.07    192    6.0  349.5  349.8  349.5
  284.4  10139  -29.1  -55.6      6   0.07    191    6.0  349.5  349.8  349.5
  284.0  10149  -29.2  -55.7      6   0.07    190    6.0  349.6  349.9  349.6
  283.5  10160  -29.2  -55.6      6   0.07    189    6.0  349.7  350.1  349.8
  283.1  10171  -29.2  -55.7      6   0.07    188    5.9  349.8  350.2  349.8
  282.6  10183  -29.3  -55.7      6   0.07    188    5.9  349.9  350.2  349.9
  282.2  10194  -29.4  -55.6      6   0.07    187    5.8  349.9  350.2  349.9
  281.8  10204  -29.4  -55.6      6   0.07    187    5.8  350.0  350.3  350.0
  281.5  10212  -29.5  -55.6      6   0.07    186    5.8  350.0  350.3  350.0
  281.1  10222  -29.6  -55.6      6   0.07    186    5.7  350.0  350.3  350.0
  280.7  10233  -29.7  -55.7      6   0.07    185    5.8  350.0  350.3  350.0
  280.2  10244  -29.8  -55.7      6   0.07    185    5.8  350.0  350.3  350.0
  279.8  10255  -30.0  -55.8      6   0.07    185    5.9  349.9  350.3  350.0
  279.3  10267  -30.1  -55.8      6   0.07    185    5.9  349.9  350.2  349.9
  278.9  10278  -30.2  -55.6      7   0.07    184    6.0  350.0  350.3  350.0
  278.5  10288  -30.2  -55.4      7   0.08    184    6.2  350.0  350.4  350.0
  278.1  10298  -30.3  -55.4      7   0.08    184    6.3  350.0  350.4  350.0
  277.6  10309  -30.4  -55.3      7   0.08    183    6.4  350.0  350.4  350.1
  277.2  10320  -30.5  -55.1      7   0.08    183    6.5  350.1  350.4  350.1
  276.8  10330  -30.6  -54.9      7   0.08    182    6.6  350.1  350.4  350.1
  276.4  10341  -30.7  -54.9      8   0.08    182    6.7  350.1  350.4  350.1
  276.0  10352  -30.8  -54.9      8   0.08    181    6.7  350.0  350.4  350.1
  275.6  10363  -30.9  -54.8      8   0.08    181    6.8  350.1  350.4  350.1
  275.1  10374  -31.0  -54.9      8   0.08    180    6.8  350.1  350.4  350.1
  274.7  10385  -31.1  -55.0      8   0.08    180    6.8  350.1  350.4  350.1
  274.3  10394  -31.2  -55.0      8   0.08    179    6.7  350.1  350.5  350.1
  274.0  10403  -31.3  -54.9      8   0.08    179    6.7  350.1  350.5  350.1
  273.6  10412  -31.4  -54.9      8   0.08    178    6.7  350.1  350.5  350.1
  273.3  10422  -31.5  -54.9      8   0.08    178    6.6  350.1  350.5  350.1
  272.9  10432  -31.6  -54.9      8   0.08    177    6.5  350.1  350.5  350.1
  272.5  10443  -31.7  -54.9      8   0.08    176    6.5  350.1  350.5  350.1
  272.0  10454  -31.8  -54.9      8   0.08    175    6.4  350.1  350.5  350.2
  271.6  10465  -31.9  -54.8      8   0.08    174    6.4  350.1  350.5  350.1
  271.2  10475  -32.0  -54.9      8   0.08    173    6.4  350.1  350.5  350.2
  270.8  10486  -32.1  -55.0      8   0.08    171    6.4  350.1  350.5  350.1
  270.3  10499  -32.2  -54.9      9   0.08    169    6.4  350.1  350.5  350.1
  269.8  10513  -32.4  -54.9      9   0.08    167    6.4  350.1  350.5  350.1
  269.3  10526  -32.5  -54.9      9   0.08    165    6.4  350.1  350.5  350.1
  268.9  10535  -32.5  -54.9      9   0.08    164    6.4  350.2  350.5  350.2
  268.6  10542  -32.6  -54.9      9   0.08    162    6.4  350.2  350.6  350.2
  268.3  10551  -32.7  -55.0      9   0.08    160    6.4  350.2  350.6  350.2
  268.0  10560  -32.8  -55.0      9   0.08    159    6.4  350.2  350.5  350.2
  267.6  10569  -32.8  -55.0      9   0.08    158    6.4  350.2  350.6  350.2
  267.3  10578  -32.9  -55.1      9   0.08    157    6.4  350.2  350.6  350.3
  266.9  10587  -33.0  -55.2      9   0.08    156    6.4  350.3  350.6  350.3
  266.5  10598  -33.1  -55.3      9   0.08    156    6.4  350.3  350.6  350.3
  266.1  10609  -33.2  -55.5      9   0.08    156    6.3  350.3  350.6  350.3
  265.7  10621  -33.3  -55.7      9   0.08    156    6.2  350.3  350.6  350.3
  265.2  10634  -33.4  -56.0      8   0.07    157    6.2  350.3  350.7  350.4
  264.8  10645  -33.5  -56.4      8   0.07    158    6.1  350.4  350.7  350.4
  264.4  10655  -33.5  -56.5      8   0.07    159    6.1  350.4  350.7  350.4
  264.0  10665  -33.6  -56.6      8   0.07    159    6.0  350.4  350.8  350.5
  263.6  10677  -33.7  -57.3      7   0.06    160    6.0  350.5  350.8  350.5
  263.1  10689  -33.8  -57.6      7   0.06    161    6.0  350.6  350.9  350.6
  262.6  10701  -33.8  -56.8      8   0.07    162    6.0  350.6  350.9  350.7
  262.2  10713  -33.9  -56.7      8   0.07    162    6.0  350.7  351.0  350.7
  261.8  10724  -34.0  -57.4      8   0.06    163    6.0  350.8  351.1  350.8
  261.4  10734  -34.0  -57.3      8   0.06    163    6.0  350.8  351.1  350.8
  261.0  10746  -34.1  -57.0      8   0.07    163    6.1  350.9  351.2  350.9
  260.6  10756  -34.2  -56.2      9   0.07    163    6.1  350.9  351.2  350.9
  260.2  10765  -34.2  -55.6     10   0.08    162    6.1  351.0  351.3  351.0
  259.9  10775  -34.3  -55.3     10   0.08    162    6.1  351.0  351.3  351.0
  259.5  10786  -34.4  -55.3     10   0.08    162    6.1  351.0  351.4  351.0
  259.1  10796  -34.5  -55.4     10   0.08    161    6.0  351.0  351.4  351.1
  258.7  10807  -34.6  -55.5     10   0.08    161    5.9  351.1  351.4  351.1
  258.3  10818  -34.7  -55.6     10   0.08    161    5.9  351.0  351.4  351.1
  257.9  10830  -34.8  -55.8     10   0.08    160    5.8  351.1  351.4  351.1
  257.4  10841  -34.9  -56.3      9   0.07    160    5.7  351.1  351.5  351.1
  257.0  10853  -35.0  -56.6      9   0.07    161    5.6  351.2  351.5  351.2
  256.6  10864  -35.0  -56.6      9   0.07    161    5.5  351.2  351.5  351.2
  256.2  10874  -35.1  -57.0      9   0.07    161    5.4  351.2  351.6  351.3
  255.8  10885  -35.2  -57.4      9   0.06    162    5.3  351.3  351.6  351.3
  255.4  10897  -35.2  -57.7      8   0.06    163    5.3  351.4  351.7  351.4
  255.0  10908  -35.3  -57.9      8   0.06    164    5.2  351.4  351.7  351.4
  254.6  10918  -35.4  -58.1      8   0.06    165    5.2  351.4  351.7  351.5
  254.2  10928  -35.5  -58.1      8   0.06    167    5.2  351.5  351.7  351.5
  253.8  10939  -35.6  -58.1      8   0.06    168    5.2  351.5  351.7  351.5
  253.4  10951  -35.7  -58.2      8   0.06    169    5.2  351.4  351.7  351.4
  253.0  10963  -35.8  -58.2      8   0.06    170    5.2  351.4  351.7  351.5
  252.5  10975  -35.9  -58.2      8   0.06    171    5.2  351.5  351.8  351.5
  252.1  10987  -36.0  -58.5      8   0.06    172    5.2  351.5  351.8  351.5
  251.7  10997  -36.1  -58.7      8   0.06    172    5.1  351.6  351.8  351.6
  251.3  11008  -36.2  -58.9      8   0.05    173    5.1  351.6  351.8  351.6
  250.9  11021  -36.3  -59.0      8   0.05    173    5.0  351.5  351.8  351.5
  250.5  11032  -36.4  -59.2      8   0.05    173    5.0  351.6  351.8  351.6
  250.1  11043  -36.5  -59.3      8   0.05    173    4.9  351.6  351.8  351.6
  250.0  11045  -36.6  -59.3      8   0.05    173    4.8  351.6  351.8  351.6
  249.7  11054  -36.7  -59.3      8   0.05    173    4.8  351.5  351.8  351.6
  249.2  11066  -36.8  -59.3      8   0.05    172    4.7  351.6  351.8  351.6
  248.8  11077  -36.9  -59.4      8   0.05    172    4.7  351.6  351.8  351.6
  248.5  11088  -37.0  -59.4      8   0.05    172    4.6  351.6  351.8  351.6
  248.0  11099  -37.1  -59.3      8   0.05    172    4.6  351.6  351.9  351.6
  247.6  11111  -37.2  -59.4      8   0.05    172    4.5  351.6  351.9  351.6
  247.3  11120  -37.2  -59.5      8   0.05    173    4.5  351.7  351.9  351.7
  247.0  11129  -37.3  -59.7      8   0.05    173    4.5  351.7  351.9  351.7
  246.6  11138  -37.4  -59.6      8   0.05    174    4.4  351.7  351.9  351.7
  246.3  11148  -37.5  -59.5      8   0.05    174    4.4  351.7  351.9  351.7
  245.9  11158  -37.6  -59.7      8   0.05    174    4.4  351.7  352.0  351.7
  245.6  11168  -37.7  -59.9      8   0.05    175    4.3  351.7  351.9  351.7
  245.2  11179  -37.8  -60.1      8   0.05    175    4.3  351.7  351.9  351.7
  244.8  11190  -37.9  -60.2      8   0.05    175    4.2  351.7  352.0  351.8
  244.4  11201  -37.9  -60.2      8   0.05    174    4.1  351.8  352.0  351.8
  244.0  11212  -38.0  -60.2      8   0.05    174    4.0  351.8  352.0  351.8
  243.6  11223  -38.1  -60.3      8   0.05    173    4.0  351.8  352.0  351.8
  243.2  11235  -38.2  -60.4      8   0.05    173    3.8  351.8  352.0  351.8
  242.7  11248  -38.3  -60.6      8   0.04    172    3.7  351.9  352.1  351.9
  242.3  11260  -38.4  -60.6      8   0.04    171    3.6  351.9  352.1  351.9
  241.9  11271  -38.5  -60.6      8   0.05    170    3.5  351.9  352.1  351.9
  241.6  11281  -38.6  -60.5      8   0.05    170    3.4  351.9  352.1  351.9
  241.2  11292  -38.7  -60.4      8   0.05    170    3.3  351.9  352.1  351.9
  240.8  11303  -38.8  -60.6      8   0.05    170    3.2  352.0  352.2  352.0
  240.4  11314  -38.9  -60.9      8   0.04    170    3.0  352.0  352.2  352.0
  240.0  11326  -39.0  -61.1      8   0.04    171    2.9  352.0  352.2  352.0
  239.6  11336  -39.1  -61.3      8   0.04    172    2.8  352.1  352.3  352.1
  239.3  11347  -39.2  -61.2      8   0.04    174    2.7  352.1  352.3  352.1
  238.9  11359  -39.3  -61.1      8   0.04    175    2.6  352.1  352.3  352.1
  238.4  11371  -39.4  -61.1      8   0.04    177    2.5  352.2  352.4  352.2
  238.0  11383  -39.5  -61.4      8   0.04    178    2.4  352.2  352.4  352.2
  237.7  11393  -39.5  -61.5      8   0.04    178    2.3  352.2  352.4  352.2
  237.3  11404  -39.6  -61.3      8   0.04    179    2.2  352.2  352.4  352.2
  236.9  11415  -39.7  -61.1      8   0.04    178    2.2  352.3  352.5  352.3
  236.6  11425  -39.8  -61.2      8   0.04    177    2.1  352.3  352.5  352.3
  236.2  11434  -39.9  -61.3      8   0.04    175    2.1  352.3  352.5  352.3
  235.9  11445  -40.0  -61.4      8   0.04    172    2.0  352.3  352.5  352.3
  235.5  11456  -40.1  -61.2      9   0.04    169    2.0  352.3  352.5  352.3
  235.1  11466  -40.2  -61.3      9   0.04    166    2.0  352.4  352.6  352.4
  234.8  11477  -40.3  -61.5      8   0.04    163    2.0  352.3  352.5  352.3
  234.4  11488  -40.3  -61.5      9   0.04    161    2.1  352.4  352.6  352.4
  234.0  11499  -40.4  -61.4      9   0.04    159    2.1  352.4  352.6  352.4
  233.6  11509  -40.5  -61.3      9   0.04    157    2.1  352.4  352.6  352.4
  233.3  11520  -40.6  -61.3      9   0.04    156    2.1  352.4  352.6  352.4
  232.9  11530  -40.7  -61.3      9   0.04    156    2.1  352.5  352.7  352.5
  232.6  11540  -40.8  -61.2      9   0.04    156    2.1  352.4  352.6  352.4
  232.2  11551  -40.9  -61.3      9   0.04    155    2.1  352.5  352.7  352.5
  231.9  11561  -41.0  -61.4      9   0.04    155    2.1  352.4  352.6  352.5
  231.5  11572  -41.1  -61.3     10   0.04    155    2.1  352.5  352.7  352.5
  231.1  11583  -41.2  -61.2     10   0.04    154    2.1  352.5  352.7  352.5
  230.8  11594  -41.2  -61.2     10   0.04    152    2.1  352.6  352.8  352.6
  230.4  11605  -41.3  -61.2     10   0.04    150    2.1  352.6  352.8  352.6
  230.0  11617  -41.4  -61.1     10   0.04    148    2.1  352.6  352.8  352.6
  229.6  11629  -41.5  -61.1     10   0.04    145    2.1  352.7  352.9  352.7
  229.2  11640  -41.6  -61.0     10   0.04    143    2.2  352.7  352.9  352.7
  228.8  11651  -41.7  -61.0     10   0.05    140    2.3  352.7  352.9  352.7
  228.4  11662  -41.8  -61.2     10   0.04    138    2.3  352.8  353.0  352.8
  228.1  11673  -41.9  -61.3     10   0.04    136    2.4  352.8  353.0  352.8
  227.8  11683  -41.9  -61.2     10   0.04    136    2.5  352.8  353.0  352.8
  227.4  11692  -42.0  -60.3     12   0.05    135    2.6  352.9  353.1  352.9
  227.1  11702  -42.1  -59.0     14   0.06    136    2.6  352.8  353.1  352.9
  226.8  11713  -42.2  -58.2     16   0.07    137    2.7  352.8  353.1  352.9
  226.4  11723  -42.3  -57.4     18   0.07    138    2.7  352.9  353.2  352.9
  226.0  11734  -42.4  -55.7     22   0.09    139    2.8  352.9  353.3  352.9
  225.7  11745  -42.5  -54.5     26   0.10    141    2.8  352.9  353.3  352.9
  225.3  11756  -42.6  -54.9     25   0.10    142    2.8  352.9  353.3  352.9
  224.9  11769  -42.7  -56.4     21   0.08    143    2.8  352.9  353.3  352.9
  224.5  11781  -42.8  -57.6     18   0.07    143    2.8  352.9  353.2  352.9
  224.1  11793  -42.9  -58.1     17   0.07    142    2.8  352.9  353.2  352.9
  223.7  11803  -43.0  -58.5     17   0.06    141    2.8  353.0  353.3  353.0
  223.4  11814  -43.2  -59.1     16   0.06    138    2.7  352.9  353.2  352.9
  223.0  11824  -43.3  -59.6     15   0.06    135    2.7  352.9  353.2  353.0
  222.7  11835  -43.4  -60.1     14   0.05    131    2.7  352.9  353.1  352.9
  222.3  11846  -43.5  -61.5     12   0.04    127    2.7  352.9  353.1  352.9
  221.9  11857  -43.6  -63.0     10   0.04    122    2.7  353.0  353.1  353.0
  221.6  11867  -43.7  -62.4     11   0.04    118    2.8  353.0  353.1  353.0
  221.3  11877  -43.7  -61.0     13   0.05    114    2.9  353.0  353.2  353.0
  221.0  11887  -43.8  -60.0     15   0.05    110    3.0  353.0  353.2  353.0
  220.6  11897  -43.9  -58.5     18   0.06    107    3.1  353.0  353.3  353.0
  220.3  11908  -44.0  -56.6     23   0.08    104    3.2  353.0  353.4  353.0
  220.0  11917  -44.1  -55.1     28   0.10    102    3.3  353.0  353.4  353.0
  219.6  11927  -44.2  -54.2     32   0.11    101    3.4  353.1  353.5  353.1
  219.3  11937  -44.3  -53.6     35   0.12    100    3.5  353.0  353.6  353.1
  219.0  11948  -44.4  -53.2     37   0.12     99    3.6  353.0  353.6  353.1
  218.5  11960  -44.5  -52.9     38   0.13     99    3.7  353.1  353.7  353.2
  218.1  11973  -44.5  -52.7     40   0.13     99    3.8  353.2  353.8  353.3
  217.8  11984  -44.6  -52.9     39   0.13     99    4.0  353.3  353.9  353.3
  217.4  11995  -44.7  -53.2     38   0.12     99    4.1  353.3  353.9  353.4
  217.1  12006  -44.8  -53.3     38   0.12     99    4.2  353.3  353.9  353.3
  216.7  12016  -44.9  -53.4     38   0.12     98    4.3  353.3  353.9  353.4
  216.4  12026  -45.0  -53.5     38   0.12     98    4.4  353.3  353.8  353.3
  216.0  12039  -45.1  -53.5     38   0.12     98    4.5  353.3  353.8  353.3
  215.6  12050  -45.2  -53.6     38   0.12     97    4.5  353.3  353.9  353.4
  215.3  12061  -45.3  -53.8     38   0.12     96    4.6  353.3  353.9  353.4
  214.9  12072  -45.4  -53.8     38   0.12     96    4.7  353.3  353.9  353.4
  214.6  12082  -45.5  -53.7     39   0.12     95    4.8  353.3  353.9  353.4
  214.2  12094  -45.6  -53.6     40   0.12     94    4.9  353.4  353.9  353.4
  213.8  12107  -45.7  -53.7     40   0.12     93    4.9  353.4  353.9  353.4
  213.4  12119  -45.8  -53.8     40   0.12     92    5.0  353.4  353.9  353.4
  213.1  12129  -45.9  -54.0     39   0.12     91    5.1  353.4  353.9  353.4
  212.7  12140  -46.0  -54.4     38   0.11     90    5.2  353.4  353.9  353.5
  212.4  12152  -46.1  -54.9     36   0.10     90    5.2  353.4  353.9  353.5
  212.1  12160  -46.2  -55.1     35   0.10     90    5.3  353.5  353.9  353.5
  211.8  12169  -46.3  -55.2     36   0.10     89    5.3  353.4  353.9  353.5
  211.5  12178  -46.4  -55.2     36   0.10     90    5.3  353.4  353.9  353.5
  211.2  12189  -46.5  -55.2     36   0.10     90    5.4  353.4  353.9  353.4
  210.8  12200  -46.6  -55.3     37   0.10     90    5.4  353.4  353.9  353.5
  210.5  12211  -46.7  -55.3     37   0.10     91    5.5  353.4  353.8  353.4
  210.1  12224  -46.8  -55.2     38   0.10     92    5.5  353.4  353.9  353.4
  209.7  12235  -46.9  -55.2     38   0.10     92    5.5  353.4  353.9  353.5
  209.4  12246  -47.1  -55.4     38   0.10     93    5.6  353.4  353.9  353.4
  209.0  12257  -47.2  -55.5     38   0.10     94    5.6  353.4  353.9  353.5
  208.7  12267  -47.3  -55.5     38   0.10     94    5.6  353.4  353.8  353.4
  208.3  12280  -47.4  -55.5     39   0.10     95    5.6  353.4  353.8  353.4
  207.9  12292  -47.5  -55.6     39   0.10     95    5.6  353.4  353.9  353.4
  207.6  12304  -47.6  -55.8     38   0.10     96    5.6  353.4  353.8  353.4
  207.2  12315  -47.7  -56.0     38   0.09     96    5.6  353.4  353.9  353.5
  206.8  12327  -47.8  -56.2     37   0.09     95    5.5  353.5  353.9  353.5
  206.5  12337  -47.9  -56.6     36   0.09     95    5.5  353.4  353.8  353.5
  206.2  12347  -48.0  -57.1     34   0.08     95    5.4  353.4  353.8  353.5
  205.8  12360  -48.1  -57.5     33   0.08     94    5.3  353.5  353.8  353.5
  205.3  12374  -48.3  -57.5     33   0.08     94    5.2  353.5  353.9  353.6
  204.9  12387  -48.4  -57.4     34   0.08     93    5.0  353.5  353.9  353.6
  204.6  12400  -48.5  -57.4     35   0.08     92    4.9  353.5  353.9  353.5
  204.2  12412  -48.6  -57.6     34   0.08     92    4.8  353.5  353.9  353.5
  203.8  12423  -48.7  -57.7     34   0.08     91    4.7  353.6  353.9  353.6
  203.5  12433  -48.8  -57.8     34   0.08     91    4.5  353.5  353.9  353.6
  203.2  12444  -48.9  -57.8     35   0.08     91    4.4  353.5  353.9  353.5
  202.9  12453  -49.0  -57.6     36   0.08     91    4.3  353.5  353.9  353.6
  202.6  12462  -49.1  -57.6     36   0.08     91    4.2  353.6  353.9  353.6
  202.3  12472  -49.2  -57.6     37   0.08     92    4.1  353.6  353.9  353.6
  202.0  12481  -49.3  -57.6     37   0.08     93    4.0  353.6  353.9  353.6
  201.8  12489  -49.3  -57.7     37   0.08     94    3.9  353.6  353.9  353.6
  201.5  12499  -49.5  -57.7     37   0.08     96    3.8  353.5  353.9  353.5
  201.2  12509  -49.5  -57.8     37   0.08     98    3.7  353.5  353.9  353.6
  200.9  12517  -49.6  -57.8     38   0.08    101    3.6  353.6  353.9  353.6
  200.7  12525  -49.7  -58.0     37   0.08    104    3.6  353.5  353.9  353.6
  200.4  12536  -49.8  -58.2     36   0.07    107    3.5  353.5  353.9  353.6
  200.0  12547  -49.8  -58.6     35   0.07    114    3.5  353.7  354.0  353.7
  199.7  12557  -49.9  -59.1     33   0.07    114    3.5  353.7  354.0  353.7
  199.4  12568  -50.0  -59.6     31   0.06    117    3.5  353.7  354.0  353.7
  199.0  12580  -50.2  -60.0     31   0.06    121    3.5  353.7  353.9  353.7
  198.6  12592  -50.2  -60.1     30   0.06    124    3.5  353.8  354.1  353.8
  198.3  12601  -50.2  -60.2     30   0.06    127    3.6  353.9  354.2  353.9
  198.1  12611  -50.3  -60.4     29   0.06    129    3.6  353.8  354.1  353.9
  197.7  12622  -50.5  -60.9     28   0.05    132    3.7  353.9  354.1  353.9
  197.4  12634  -50.5  -61.6     26   0.05    134    3.7  353.9  354.1  353.9
  197.0  12646  -50.6  -63.1     22   0.04    136    3.8  353.9  354.1  353.9
  196.6  12657  -50.7  -65.1     16   0.03    137    3.9  354.1  354.2  354.1
  196.3  12669  -50.8  -67.6     12   0.02    139    4.1  354.1  354.2  354.1
  196.0  12679  -50.8  -69.5      9   0.02    140    4.2  354.2  354.2  354.2
  195.6  12691  -50.9  -70.6      8   0.01    141    4.4  354.2  354.3  354.2
  195.3  12703  -51.0  -71.2      7   0.01    141    4.6  354.3  354.3  354.3
  195.0  12713  -51.1  -70.6      8   0.01    142    4.7  354.3  354.4  354.3
  194.7  12722  -51.1  -70.4      8   0.01    142    4.9  354.3  354.4  354.3
  194.4  12733  -51.3  -70.7      8   0.01    142    5.1  354.3  354.4  354.3
  194.0  12745  -51.4  -70.8      8   0.01    142    5.4  354.3  354.4  354.3
  193.6  12758  -51.4  -71.0      8   0.01    142    5.6  354.4  354.5  354.4
  193.3  12770  -51.5  -71.2      8   0.01    142    5.9  354.5  354.5  354.5
  192.9  12781  -51.6  -71.5      7   0.01    141    6.1  354.6  354.7  354.6
  192.6  12793  -51.6  -72.0      7   0.01    140    6.4  354.7  354.7  354.7
  192.3  12804  -51.6  -72.5      6   0.01    140    6.6  354.8  354.8  354.8
  192.0  12814  -51.7  -72.4      7   0.01    139    6.7  354.9  354.9  354.9
  191.7  12825  -51.8  -72.2      7   0.01    139    6.9  354.9  355.0  354.9
  191.3  12835  -51.9  -72.0      7   0.01    138    7.0  355.0  355.0  355.0
  191.0  12847  -52.0  -71.9      7   0.01    138    7.1  354.9  355.0  355.0
  190.6  12859  -52.1  -71.8      8   0.01    138    7.2  355.0  355.1  355.0
  190.3  12871  -52.2  -71.7      8   0.01    138    7.2  355.0  355.0  355.0
  189.9  12884  -52.3  -71.5      8   0.01    138    7.2  355.0  355.1  355.0
  189.6  12896  -52.4  -71.4      8   0.01    139    7.2  355.0  355.1  355.0
  189.2  12906  -52.5  -71.4      8   0.01    140    7.2  355.0  355.1  355.0
  188.9  12919  -52.6  -71.4      9   0.01    141    7.2  355.0  355.0  355.0
  188.5  12931  -52.8  -71.4      9   0.01    142    7.1  355.0  355.1  355.0
  188.2  12943  -52.9  -71.3      9   0.01    143    7.1  355.0  355.0  355.0
  187.8  12955  -53.0  -71.3      9   0.01    144    7.1  355.0  355.1  355.0
  187.4  12968  -53.1  -71.4      9   0.01    145    7.1  355.1  355.1  355.1
  187.0  12982  -53.2  -71.4      9   0.01    146    7.1  355.1  355.2  355.1
  186.7  12994  -53.3  -71.4      9   0.01    147    7.1  355.1  355.1  355.1
  186.4  13005  -53.4  -71.5      9   0.01    147    7.1  355.1  355.1  355.1
  186.0  13016  -53.6  -71.6      9   0.01    148    7.2  355.1  355.1  355.1
  185.7  13028  -53.7  -71.6      9   0.01    148    7.2  355.1  355.1  355.1
  185.4  13038  -53.8  -71.8      9   0.01    148    7.2  355.1  355.1  355.1
  185.1  13049  -53.9  -71.9      9   0.01    148    7.3  355.1  355.1  355.1
  184.8  13060  -54.0  -72.1      9   0.01    148    7.3  355.1  355.1  355.1
  184.4  13072  -54.1  -72.4      9   0.01    148    7.3  355.1  355.2  355.1
  184.1  13084  -54.2  -72.6      9   0.01    148    7.2  355.1  355.2  355.1
  183.7  13096  -54.2  -72.8      8   0.01    147    7.2  355.2  355.3  355.2
  183.4  13108  -54.3  -72.9      8   0.01    146    7.1  355.2  355.3  355.2
  183.1  13119  -54.5  -72.9      9   0.01    146    7.0  355.2  355.3  355.2
  182.8  13129  -54.6  -72.9      9   0.01    145    6.9  355.2  355.2  355.2
  182.5  13140  -54.7  -72.8      9   0.01    144    6.8  355.2  355.3  355.2
  182.1  13152  -54.8  -72.8      9   0.01    143    6.7  355.3  355.3  355.3
  181.8  13163  -54.9  -72.8      9   0.01    142    6.6  355.2  355.2  355.2
  181.5  13175  -55.0  -72.8      9   0.01    141    6.5  355.2  355.2  355.2
  181.1  13188  -55.1  -72.8      9   0.01    140    6.5  355.3  355.3  355.3
  180.8  13200  -55.2  -72.7     10   0.01    139    6.4  355.3  355.3  355.3
  180.5  13210  -55.3  -72.7     10   0.01    139    6.4  355.3  355.4  355.3
  180.2  13221  -55.4  -72.8     10   0.01    138    6.4  355.3  355.4  355.3
  179.9  13232  -55.5  -73.1      9   0.01    137    6.4  355.3  355.4  355.3
  179.6  13243  -55.6  -73.3      9   0.01    136    6.5  355.4  355.4  355.4
  179.2  13255  -55.6  -73.6      9   0.01    136    6.5  355.5  355.5  355.5
  178.9  13267  -55.7  -73.9      8   0.01    135    6.7  355.6  355.6  355.6
  178.6  13279  -55.7  -74.2      8   0.01    135    6.8  355.7  355.7  355.7
  178.2  13290  -55.7  -74.2      8   0.01    134    6.9  355.9  355.9  355.9
  178.0  13300  -55.7  -74.0      8   0.01    134    7.1  356.1  356.1  356.1
  177.7  13308  -55.7  -73.8      9   0.01    133    7.2  356.3  356.3  356.3
  177.5  13317  -55.7  -73.6      9   0.01    133    7.4  356.4  356.4  356.4
  177.2  13328  -55.7  -73.6      9   0.01    133    7.6  356.5  356.6  356.5
  176.9  13337  -55.8  -73.5      9   0.01    133    7.8  356.6  356.6  356.6
  176.7  13347  -55.8  -73.6      9   0.01    132    8.0  356.6  356.6  356.6
  176.4  13358  -55.9  -73.7      9   0.01    132    8.2  356.6  356.6  356.6
  176.0  13370  -56.0  -73.9      9   0.01    132    8.4  356.6  356.7  356.6
  175.7  13382  -56.2  -74.1      9   0.01    132    8.6  356.6  356.7  356.6
  175.4  13394  -56.3  -74.3      9   0.01    133    8.8  356.6  356.7  356.6
  175.1  13404  -56.3  -74.6      8   0.01    133    8.9  356.7  356.7  356.7
  174.8  13414  -56.4  -75.2      8   0.01    133    9.1  356.7  356.8  356.7
  174.5  13424  -56.5  -76.2      7   0.01    133    9.2  356.7  356.7  356.7
  174.2  13436  -56.6  -77.2      6   0.01    133    9.3  356.7  356.8  356.7
  173.9  13448  -56.7  -78.1      5   0.01    133    9.4  356.8  356.9  356.8
  173.6  13459  -56.7  -78.9      4   0.00    133    9.4  356.9  357.0  356.9
  173.2  13471  -56.8  -79.5      4   0.00    133    9.4  357.0  357.0  357.0
  172.9  13482  -56.9  -79.9      4   0.00    133    9.5  357.0  357.0  357.0
  172.6  13494  -57.0  -80.1      4   0.00    132    9.5  357.0  357.0  357.0
  172.3  13506  -57.1  -80.1      4   0.00    132    9.5  357.0  357.0  357.0
  172.0  13516  -57.2  -80.0      4   0.00    132    9.5  357.0  357.0  357.0
  171.7  13528  -57.4  -80.0      4   0.00    132    9.5  357.0  357.0  357.0
  171.3  13541  -57.5  -80.3      4   0.00    131    9.5  357.0  357.1  357.0
  171.0  13554  -57.6  -80.5      4   0.00    131    9.6  357.0  357.0  357.0
  170.7  13565  -57.6  -80.6      4   0.00    130    9.6  357.1  357.2  357.1
  170.4  13576  -57.7  -80.6      4   0.00    130    9.6  357.2  357.2  357.2
  170.1  13587  -57.8  -80.5      4   0.00    129    9.7  357.3  357.3  357.3
  169.8  13599  -57.9  -80.6      4   0.00    129    9.7  357.3  357.3  357.3
  169.4  13611  -58.0  -80.7      4   0.00    129    9.7  357.4  357.4  357.4
  169.1  13624  -58.0  -80.7      4   0.00    128    9.8  357.4  357.4  357.4
  168.8  13635  -58.1  -80.6      4   0.00    128    9.8  357.4  357.5  357.4
  168.5  13646  -58.2  -80.5      4   0.00    127    9.8  357.4  357.5  357.4
  168.2  13656  -58.4  -80.5      4   0.00    127    9.9  357.4  357.4  357.4
  168.0  13666  -58.5  -80.5      4   0.00    126    9.9  357.4  357.4  357.4
  167.7  13677  -58.5  -80.4      4   0.00    126    9.9  357.5  357.5  357.5
  167.4  13688  -58.6  -80.2      5   0.00    126    9.9  357.6  357.6  357.6
  167.0  13703  -58.6  -80.1      5   0.00    126    9.9  357.7  357.7  357.7
  166.7  13715  -58.7  -80.1      5   0.00    126   10.0  357.8  357.8  357.8
  166.4  13724  -58.7  -80.1      5   0.00    126   10.0  357.9  357.9  357.9
  166.2  13733  -58.8  -80.3      5   0.00    126   10.0  357.9  358.0  357.9
  165.9  13744  -58.9  -80.5      5   0.00    126   10.1  358.0  358.0  358.0
  165.6  13754  -58.9  -80.6      5   0.00    126   10.1  358.1  358.1  358.1
  165.4  13764  -59.0  -80.7      4   0.00    126   10.1  358.1  358.1  358.1
  165.1  13774  -59.1  -80.7      4   0.00    127   10.1  358.2  358.2  358.2
  164.8  13785  -59.1  -80.8      5   0.00    127   10.2  358.2  358.2  358.2
  164.5  13795  -59.2  -80.7      5   0.00    127   10.2  358.3  358.3  358.3
  164.2  13808  -59.3  -80.6      5   0.00    128   10.2  358.3  358.3  358.3
  163.7  13826  -59.4  -80.5      5   0.00    128   10.2  358.4  358.4  358.4
  163.3  13843  -59.5  -80.3      5   0.00    129   10.1  358.5  358.5  358.5
  163.0  13853  -59.6  -80.2      5   0.00    129   10.1  358.5  358.6  358.5
  162.9  13859  -59.7  -80.1      5   0.00    130   10.0  358.4  358.4  358.4
  162.7  13866  -59.8  -80.1      6   0.00    130   10.0  358.4  358.4  358.4
  162.5  13875  -60.0  -80.1      6   0.00    130    9.9  358.3  358.3  358.3
  162.2  13886  -60.1  -80.1      6   0.00    131    9.9  358.3  358.3  358.3
  161.9  13898  -60.2  -80.2      6   0.00    131    9.8  358.3  358.3  358.3
  161.5  13910  -60.3  -80.3      6   0.00    131    9.8  358.3  358.3  358.3
  161.2  13923  -60.4  -80.4      6   0.00    131    9.8  358.3  358.3  358.3
  160.9  13936  -60.5  -80.6      6   0.00    132    9.8  358.3  358.3  358.3
  160.5  13949  -60.6  -80.7      5   0.00    132    9.8  358.4  358.4  358.4
  160.2  13960  -60.7  -80.8      5   0.00    132    9.8  358.5  358.5  358.5
  160.0  13972  -60.8  -80.9      5   0.00    131    9.9  358.4  358.5  358.4
  159.7  13983  -60.9  -81.0      5   0.00    131   10.0  358.5  358.5  358.5
  159.4  13995  -61.0  -81.1      5   0.00    131   10.1  358.5  358.5  358.5
  159.1  14005  -61.1  -81.2      5   0.00    130   10.2  358.5  358.5  358.5
  158.8  14016  -61.2  -81.2      5   0.00    130   10.3  358.5  358.5  358.5
  158.5  14027  -61.3  -81.2      6   0.00    129   10.4  358.5  358.6  358.5
  158.3  14037  -61.4  -81.0      6   0.00    128   10.5  358.5  358.5  358.5
  158.0  14048  -61.5  -80.7      6   0.00    128   10.5  358.5  358.6  358.5
  157.7  14059  -61.6  -80.3      7   0.00    127   10.6  358.6  358.6  358.6
  157.5  14069  -61.7  -80.0      7   0.00    126   10.6  358.6  358.6  358.6
  157.2  14080  -61.7  -79.8      7   0.00    126   10.7  358.7  358.7  358.7
  156.9  14091  -61.8  -79.6      8   0.00    125   10.7  358.8  358.8  358.8
  156.6  14103  -61.9  -79.4      8   0.00    125   10.7  358.9  358.9  358.9
  156.3  14114  -62.0  -79.3      8   0.00    125   10.8  358.9  358.9  358.9
  156.0  14126  -62.0  -79.3      8   0.00    125   10.8  358.9  359.0  358.9
  155.7  14138  -62.1  -79.5      8   0.00    125   10.7  359.0  359.1  359.0
  155.4  14150  -62.2  -79.7      8   0.00    124   10.7  359.1  359.1  359.1
  155.1  14162  -62.3  -80.0      8   0.00    124   10.7  359.2  359.2  359.2
  154.8  14173  -62.4  -80.4      7   0.00    125   10.7  359.2  359.2  359.2
  154.6  14184  -62.5  -80.8      7   0.00    125   10.7  359.1  359.1  359.1
  154.3  14196  -62.6  -81.0      7   0.00    125   10.7  359.2  359.2  359.2
  154.0  14207  -62.7  -81.1      7   0.00    125   10.7  359.2  359.2  359.2
  153.7  14218  -62.7  -81.1      7   0.00    125   10.7  359.3  359.3  359.3
  153.4  14230  -62.8  -81.0      7   0.00    125   10.7  359.4  359.4  359.4
  150.0  14368                                                               
