Latitude: 22.312 Longitude: 114.17
-----------------------------------------------------------------------------
   PRES   HGHT   TEMP   DWPT   RELH   MIXR   DRCT   SPED   THTA   THTE   THTV
    hPa      m      C      C      %   g/kg    deg    m/s      K      K      K 
-----------------------------------------------------------------------------
 1000.0     53                                                               
  998.6     66   30.1   25.4     76  20.91    279    1.1  303.4  365.9  307.1
  997.7     73   30.2   25.6     77  21.21    277    1.3  303.6  367.1  307.4
  996.7     83   30.2   25.5     76  21.10    275    1.6  303.6  366.9  307.5
  995.5     93   30.1   25.4     76  20.94    274    1.8  303.7  366.3  307.4
  994.4    104   30.0   25.4     76  21.01    273    2.0  303.7  366.6  307.5
  993.3    113   29.7   25.3     78  20.92    272    2.3  303.4  365.9  307.2
  992.4    121   29.5   25.3     78  20.93    271    2.5  303.3  365.9  307.1
  991.6    129   29.4   25.3     78  20.89    270    2.7  303.3  365.8  307.1
  990.8    136   29.3   25.3     79  20.88    269    2.9  303.3  365.7  307.1
  990.0    143   29.3   25.2     79  20.85    268    3.0  303.3  365.6  307.1
  989.1    151   29.2   25.2     79  20.81    267    3.2  303.3  365.5  307.1
  988.2    159   29.2   25.2     79  20.79    266    3.3  303.3  365.5  307.1
  987.4    167   29.1   25.1     79  20.78    264    3.4  303.3  365.5  307.1
  986.6    174   29.0   25.2     80  20.83    262    3.4  303.3  365.6  307.1
  985.7    182   28.9   25.1     80  20.82    260    3.4  303.3  365.5  307.1
  984.9    190   28.8   25.1     80  20.79    257    3.4  303.3  365.5  307.1
  984.2    196   28.8   25.1     81  20.84    254    3.4  303.3  365.6  307.0
  983.3    204   28.7   25.0     80  20.71    250    3.4  303.3  365.2  307.1
  982.2    214   28.7   25.0     80  20.73    247    3.5  303.4  365.4  307.1
  981.1    225   28.6   24.7     79  20.42    243    3.5  303.4  364.5  307.1
  980.1    234   28.7   24.4     78  20.02    239    3.5  303.6  363.4  307.2
  979.1    242   28.7   24.3     77  19.91    235    3.6  303.7  363.3  307.3
  978.3    250   28.6   24.3     78  19.95    232    3.6  303.7  363.4  307.3
  977.7    256   28.6   24.4     78  20.02    229    3.7  303.7  363.6  307.3
  976.9    262   28.5   24.4     79  20.12    227    3.8  303.7  363.9  307.3
  976.1    269   28.4   24.5     79  20.19    226    3.8  303.6  364.0  307.3
  975.6    275   28.3   24.4     79  20.14    226    3.9  303.6  363.9  307.3
  975.1    279   28.3   24.3     79  19.97    226    3.9  303.6  363.4  307.2
  974.3    286   28.3   24.3     79  20.03    227    3.9  303.7  363.6  307.3
  973.5    294   28.2   24.3     79  20.01    228    3.9  303.7  363.5  307.3
  972.7    301   28.1   24.2     79  19.90    229    3.9  303.7  363.2  307.3
  971.9    308   28.1   24.1     79  19.87    231    3.9  303.7  363.2  307.3
  971.2    314   28.1   24.0     78  19.67    233    3.9  303.8  362.7  307.3
  970.6    320   28.1   23.9     78  19.58    234    3.8  303.8  362.4  307.4
  969.9    327   28.1   23.8     78  19.53    236    3.8  303.9  362.3  307.4
  969.1    334   28.0   23.8     78  19.56    237    3.8  303.8  362.4  307.4
  968.3    342   27.8   24.0     80  19.76    237    3.8  303.7  362.8  307.3
  967.5    349   27.7   23.9     80  19.71    238    3.8  303.7  362.7  307.3
  966.6    357   27.7   23.9     80  19.68    238    3.8  303.8  362.7  307.4
  965.7    365   27.7   24.0     81  19.88    237    3.8  303.8  363.3  307.4
  964.8    374   27.6   23.9     80  19.69    236    3.7  303.8  362.7  307.4
  964.0    381   27.5   23.9     80  19.68    235    3.7  303.8  362.7  307.4
  963.2    388   27.5   23.6     79  19.44    234    3.7  303.9  362.1  307.4
  962.3    397   27.5   23.6     79  19.37    233    3.7  303.9  361.9  307.4
  961.3    406   27.4   23.5     79  19.32    233    3.6  304.0  361.8  307.5
  960.4    415   27.4   23.3     79  19.11    232    3.6  304.0  361.2  307.5
  959.5    423   27.3   23.3     78  19.07    231    3.5  304.1  361.2  307.5
  958.4    432   27.1   23.9     83  19.90    231    3.5  303.9  363.5  307.6
  957.3    443   27.0   23.6     81  19.47    230    3.4  303.9  362.2  307.5
  956.3    453   27.0   23.7     82  19.61    230    3.4  304.0  362.7  307.5
  955.2    463   26.8   23.8     84  19.80    231    3.3  303.9  363.2  307.5
  954.2    472   26.7   24.0     85  20.04    231    3.3  303.9  363.9  307.5
  953.2    481   26.6   23.9     85  19.99    232    3.2  303.9  363.8  307.5
  952.2    490   26.5   24.0     86  20.09    233    3.2  303.9  364.1  307.6
  951.2    499   26.4   24.0     87  20.15    234    3.2  303.9  364.2  307.5
  950.4    507   26.3   24.0     87  20.12    235    3.1  303.9  364.1  307.5
  949.6    515   26.3   23.6     85  19.73    236    3.1  303.9  362.9  307.5
  948.8    522   26.3   23.2     83  19.26    238    3.1  304.0  361.6  307.5
  948.1    529   26.3   23.6     85  19.65    239    3.2  304.0  362.9  307.6
  947.3    537   26.2   23.5     85  19.65    240    3.2  304.0  362.8  307.5
  946.4    545   26.1   23.4     85  19.55    241    3.2  304.0  362.5  307.5
  945.3    555   26.1   22.9     82  18.90    242    3.2  304.1  360.7  307.6
  944.3    564   26.1   22.6     81  18.56    243    3.2  304.2  359.8  307.6
  943.3    574   26.1   22.9     83  18.92    243    3.2  304.3  360.9  307.7
  942.2    584   25.8   23.7     88  19.94    244    3.2  304.1  363.8  307.7
  941.0    595   25.6   23.4     88  19.62    244    3.1  304.0  362.7  307.5
  940.2    603   25.7   22.5     82  18.55    244    3.1  304.2  359.8  307.6
  939.4    610   25.8   22.3     81  18.37    244    3.1  304.3  359.4  307.7
  938.6    618   25.8   22.4     82  18.47    244    3.1  304.4  359.7  307.7
  937.7    626   25.8   22.2     80  18.21    244    3.1  304.5  359.1  307.8
  937.0    633   25.8   22.1     80  18.12    244    3.1  304.6  358.9  307.9
  936.4    639   25.8   22.1     80  18.13    244    3.1  304.6  359.0  307.9
  935.7    646   25.7   22.1     80  18.15    244    3.1  304.5  359.0  307.8
  934.8    654   25.6   22.1     81  18.16    245    3.2  304.6  359.0  307.9
  933.9    662   25.6   22.1     81  18.18    245    3.3  304.6  359.2  307.9
  933.0    671   25.5   22.0     81  18.14    245    3.3  304.7  359.1  308.0
  932.3    678   25.5   22.0     81  18.10    246    3.4  304.7  359.0  308.0
  931.6    685   25.5   21.9     81  18.09    246    3.4  304.7  359.0  308.0
  930.8    692   25.4   22.0     81  18.18    247    3.5  304.7  359.3  308.0
  929.9    700   25.3   22.0     82  18.24    248    3.6  304.8  359.5  308.1
  929.1    708   25.3   22.0     82  18.18    249    3.6  304.7  359.3  308.1
  928.4    715   25.2   21.9     82  18.14    250    3.6  304.8  359.2  308.1
  927.7    721   25.2   22.0     83  18.23    252    3.6  304.8  359.5  308.1
  926.8    730   25.1   22.1     83  18.34    253    3.7  304.8  359.9  308.1
  925.8    739   25.0   22.0     83  18.28    255    3.7  304.8  359.7  308.1
  925.0    747   25.0   21.9     83  18.17    255    3.7  304.8  359.4  308.1
  924.3    754   24.9   21.9     83  18.15    259    3.8  304.8  359.3  308.1
  923.6    761   24.8   21.9     84  18.18    261    3.8  304.8  359.4  308.1
  922.7    769   24.8   21.9     84  18.26    264    3.9  304.9  359.7  308.2
  921.7    778   24.7   21.9     84  18.26    266    3.9  304.9  359.7  308.2
  920.9    786   24.7   21.8     84  18.18    268    4.0  305.0  359.6  308.3
  920.0    794   24.7   21.7     83  18.04    270    4.1  305.1  359.3  308.3
  919.2    802   24.8   21.5     82  17.89    272    4.2  305.2  358.9  308.4
  918.3    811   24.7   21.4     82  17.77    274    4.2  305.2  358.7  308.5
  917.4    820   24.7   21.3     81  17.68    275    4.3  305.3  358.5  308.5
  916.5    828   24.7   21.2     81  17.50    276    4.3  305.3  358.0  308.5
  915.7    836   24.7   21.0     80  17.38    278    4.3  305.5  357.8  308.6
  914.8    845   24.7   21.2     81  17.55    278    4.4  305.5  358.4  308.7
  913.9    853   24.7   21.1     81  17.52    279    4.4  305.6  358.3  308.8
  913.1    861   24.6   20.9     80  17.31    280    4.4  305.6  357.7  308.7
  912.3    868   24.6   20.7     79  17.07    280    4.4  305.7  357.1  308.8
  911.7    875   24.6   20.7     79  17.14    280    4.4  305.7  357.3  308.8
  911.0    881   24.5   20.8     80  17.26    280    4.3  305.7  357.7  308.9
  910.4    887   24.5   20.9     80  17.37    281    4.3  305.7  358.1  308.9
  909.8    892   24.5   21.0     81  17.48    281    4.3  305.7  358.4  308.9
  909.3    898   24.4   21.0     81  17.51    281    4.3  305.8  358.5  309.0
  908.7    903   24.4   21.0     82  17.51    282    4.3  305.8  358.6  309.0
  908.2    909   24.3   21.0     82  17.51    282    4.3  305.8  358.6  309.0
  907.6    914   24.3   21.0     82  17.48    283    4.2  305.8  358.5  309.0
  907.0    920   24.3   20.9     82  17.46    284    4.2  305.8  358.5  309.0
  906.4    925   24.2   20.9     82  17.42    284    4.2  305.8  358.3  309.0
  905.9    931   24.2   20.9     82  17.39    285    4.2  305.9  358.3  309.0
  905.4    936   24.2   20.8     81  17.33    286    4.2  305.9  358.1  309.0
  904.8    941   24.2   20.8     81  17.30    287    4.1  305.9  358.1  309.1
  904.3    947   24.1   20.7     81  17.28    288    4.1  305.9  358.0  309.1
  903.7    952   24.1   20.7     82  17.30    288    4.1  305.9  358.1  309.1
  903.2    957   24.0   20.7     82  17.31    289    4.1  305.9  358.1  309.1
  902.6    963   24.0   20.7     82  17.30    290    4.1  305.9  358.1  309.1
  902.1    968   23.9   20.7     82  17.28    290    4.1  305.9  358.1  309.1
  901.5    974   23.9   20.7     82  17.25    291    4.1  306.0  358.0  309.1
  900.9    980   23.8   20.6     82  17.21    291    4.1  306.0  357.9  309.1
  900.3    985   23.8   20.5     82  17.10    292    4.1  306.0  357.6  309.1
  899.8    990   23.8   20.4     81  17.03    292    4.1  306.0  357.4  309.1
  899.3    995   23.7   20.4     82  17.04    292    4.1  306.0  357.4  309.1
  898.7   1001   23.7   20.4     82  17.05    293    4.1  306.0  357.5  309.2
  898.1   1007   23.6   20.4     82  17.03    293    4.1  306.0  357.4  309.2
  897.5   1012   23.6   20.4     82  17.01    293    4.1  306.1  357.4  309.2
  897.0   1017   23.6   20.3     82  16.94    293    4.1  306.1  357.2  309.2
  896.5   1023   23.5   20.2     82  16.85    293    4.1  306.1  356.9  309.2
  895.9   1028   23.5   20.1     81  16.78    294    4.1  306.1  356.7  309.2
  895.3   1034   23.5   20.1     81  16.74    294    4.1  306.1  356.7  309.2
  894.7   1040   23.4   20.0     81  16.66    294    4.1  306.1  356.4  309.2
  894.2   1045   23.4   19.8     80  16.49    294    4.1  306.2  356.0  309.2
  893.6   1051   23.4   19.7     80  16.41    294    4.1  306.2  355.7  309.2
  893.0   1056   23.4   19.7     80  16.42    294    4.1  306.2  355.8  309.3
  892.4   1062   23.4   19.6     80  16.35    295    4.0  306.3  355.7  309.3
  891.8   1068   23.4   19.5     79  16.17    295    4.0  306.4  355.2  309.3
  891.2   1074   23.4   19.4     78  16.07    295    3.9  306.4  355.0  309.4
  890.6   1080   23.3   19.4     78  16.10    295    3.9  306.5  355.1  309.4
  890.0   1086   23.3   19.3     78  16.04    296    3.8  306.5  355.0  309.4
  889.4   1092   23.3   19.2     78  15.95    296    3.8  306.5  354.7  309.4
  888.9   1097   23.2   19.1     78  15.90    296    3.7  306.5  354.6  309.4
  888.3   1103   23.2   19.0     77  15.81    297    3.6  306.6  354.3  309.5
  887.6   1110   23.2   18.7     76  15.48    297    3.5  306.6  353.4  309.5
  887.0   1116   23.3   18.1     73  14.91    298    3.4  306.8  351.9  309.5
  886.4   1121   23.3   18.2     73  14.99    298    3.3  306.8  352.2  309.6
  885.9   1127   23.2   17.9     72  14.74    299    3.3  306.8  351.4  309.5
  885.2   1133   23.3   17.5     70  14.33    299    3.2  306.9  350.4  309.6
  884.6   1139   23.3   17.6     70  14.46    300    3.1  307.0  350.8  309.6
  884.0   1145   23.2   17.7     71  14.55    300    3.0  307.0  351.0  309.7
  883.5   1150   23.2   17.6     71  14.49    301    2.9  307.0  350.9  309.6
  882.9   1156   23.1   17.4     70  14.32    302    2.9  307.0  350.4  309.6
  882.4   1161   23.1   17.1     69  14.08    303    2.8  307.1  349.8  309.7
  881.8   1168   23.1   17.1     69  14.05    304    2.8  307.1  349.7  309.7
  881.1   1174   23.1   17.0     69  13.98    305    2.7  307.1  349.5  309.7
  880.5   1180   23.1   17.2     69  14.14    306    2.7  307.2  350.1  309.8
  879.8   1187   23.0   17.5     71  14.45    307    2.7  307.2  351.0  309.9
  879.0   1195   23.0   17.8     73  14.74    308    2.6  307.2  352.0  309.9
  878.3   1201   22.9   18.0     74  15.00    309    2.6  307.2  352.7  310.0
  877.7   1208   22.8   18.1     75  15.09    309    2.5  307.2  353.0  310.0
  877.0   1214   22.8   18.2     75  15.13    310    2.5  307.2  353.1  310.0
  876.4   1221   22.7   18.3     76  15.24    310    2.4  307.2  353.4  310.0
  875.6   1229   22.7   18.2     76  15.19    310    2.4  307.3  353.3  310.0
  874.8   1237   22.7   17.8     74  14.83    310    2.3  307.3  352.3  310.1
  873.9   1245   22.7   17.5     73  14.55    309    2.3  307.4  351.6  310.1
  873.0   1255   22.6   17.4     72  14.47    309    2.2  307.5  351.4  310.1
  872.1   1264   22.6   17.5     73  14.54    308    2.1  307.5  351.7  310.2
  871.1   1274   22.5   17.4     73  14.54    307    2.1  307.5  351.7  310.2
  870.3   1282   22.4   17.3     73  14.42    306    2.1  307.5  351.3  310.2
  869.6   1288   22.4   17.3     73  14.41    306    2.1  307.5  351.3  310.2
  869.1   1294   22.3   17.3     73  14.48    306    2.1  307.5  351.5  310.2
  868.6   1299   22.3   17.4     74  14.57    306    2.1  307.5  351.8  310.2
  868.0   1305   22.2   17.7     76  14.81    306    2.2  307.5  352.5  310.3
  867.5   1310   22.1   18.0     78  15.18    307    2.2  307.5  353.5  310.3
  867.0   1315   22.0   17.9     78  15.06    308    2.3  307.4  353.1  310.2
  866.4   1321   22.0   17.6     76  14.81    309    2.4  307.5  352.4  310.2
  865.7   1328   22.0   17.5     76  14.65    310    2.5  307.5  352.0  310.2
  865.2   1333   21.9   17.4     75  14.60    312    2.5  307.5  351.9  310.2
  864.6   1339   21.9   17.4     76  14.58    313    2.6  307.5  351.8  310.2
  864.0   1346   21.8   17.7     78  14.93    315    2.7  307.5  352.8  310.3
  863.3   1352   21.7   18.1     80  15.36    316    2.8  307.4  354.1  310.3
  862.7   1358   21.6   18.0     80  15.19    318    2.8  307.5  353.5  310.2
  862.2   1363   21.7   17.8     79  15.08    319    2.9  307.6  353.4  310.4
  861.7   1369   21.8   17.9     79  15.14    321    2.9  307.7  353.8  310.5
  861.1   1374   21.7   17.9     79  15.13    322    3.0  307.8  353.7  310.5
  860.6   1380   21.7   17.7     78  15.01    324    3.0  307.8  353.4  310.5
  860.0   1386   21.7   17.7     78  14.98    325    3.0  307.8  353.4  310.6
  859.4   1391   21.6   17.7     78  14.95    327    3.0  307.8  353.3  310.6
  858.9   1397   21.6   17.6     78  14.92    328    3.0  307.8  353.2  310.6
  858.4   1402   21.6   17.6     78  14.89    330    3.0  307.9  353.1  310.6
  857.9   1407   21.5   17.4     77  14.72    331    3.0  307.9  352.6  310.6
  857.3   1413   21.6   17.1     76  14.49    333    3.0  308.0  352.2  310.7
  856.8   1418   21.7   17.1     75  14.44    334    3.0  308.2  352.1  310.8
  856.3   1423   21.8   17.0     74  14.37    335    2.9  308.3  352.1  311.0
  855.8   1429   21.8   16.9     74  14.28    337    2.9  308.4  351.9  311.0
  855.1   1435   21.8   16.8     73  14.26    338    2.9  308.4  351.9  311.1
  854.4   1442   21.7   16.8     74  14.25    339    2.8  308.5  351.9  311.1
  853.8   1448   21.7   16.7     73  14.14    341    2.8  308.5  351.6  311.1
  853.3   1454   21.7   16.7     73  14.12    342    2.7  308.5  351.5  311.1
  852.7   1460   21.6   16.6     73  14.08    344    2.7  308.5  351.4  311.1
  852.1   1466   21.6   16.5     73  14.02    346    2.6  308.5  351.3  311.1
  851.5   1472   21.6   16.4     72  13.94    348    2.6  308.6  351.1  311.2
  851.0   1477   21.5   16.4     73  13.94    350    2.5  308.6  351.1  311.2
  850.5   1482   21.5   16.5     73  14.01    353    2.5  308.6  351.4  311.2
  850.0   1487   21.5   16.6     74  14.15    353    2.5  308.7  351.9  311.3
  849.9   1488   21.5   16.7     74  14.18    355    2.5  308.7  352.0  311.3
  849.4   1494   21.5   16.7     74  14.20    357    2.4  308.7  352.1  311.3
  848.8   1500   21.5   16.7     74  14.23    359    2.4  308.8  352.2  311.4
  848.2   1506   21.5   16.6     74  14.19      1    2.4  308.8  352.2  311.4
  847.6   1512   21.5   16.5     73  14.07      2    2.5  308.9  351.8  311.5
  847.1   1517   21.4   16.5     73  14.07      3    2.5  308.9  351.8  311.5
  846.5   1523   21.4   16.5     74  14.10      4    2.5  308.9  352.0  311.5
  845.9   1529   21.4   16.4     73  14.02      5    2.6  308.9  351.8  311.5
  845.4   1535   21.3   16.4     73  14.01      5    2.7  309.0  351.8  311.6
  844.9   1540   21.3   16.4     74  14.00      5    2.7  308.9  351.7  311.5
  844.4   1545   21.3   16.3     73  13.92      6    2.8  309.0  351.5  311.6
  843.9   1550   21.2   16.2     73  13.90      6    2.9  309.0  351.5  311.6
  843.3   1557   21.2   16.2     73  13.90      6    3.0  309.0  351.5  311.6
  842.6   1564   21.1   16.2     74  13.89      7    3.0  309.0  351.5  311.6
  841.8   1571   21.1   16.0     73  13.71      7    3.1  309.0  351.0  311.6
  841.2   1578   21.1   15.8     72  13.51      8    3.2  309.1  350.4  311.6
  840.7   1583   21.1   15.7     72  13.51      9    3.3  309.2  350.5  311.7
  840.1   1590   21.0   15.9     72  13.61      9    3.3  309.2  350.8  311.7
  839.4   1597   21.0   15.9     73  13.68     10    3.4  309.2  351.1  311.7
  838.8   1603   21.0   15.8     73  13.63     11    3.4  309.2  350.9  311.8
  838.2   1608   20.9   15.7     72  13.55     12    3.4  309.3  350.7  311.8
  837.7   1614   20.9   15.6     72  13.47     13    3.4  309.3  350.5  311.8
  837.2   1619   20.9   15.5     71  13.36     14    3.4  309.4  350.3  311.8
  836.5   1626   20.8   15.5     72  13.37     14    3.4  309.4  350.3  311.9
  836.0   1632   20.8   15.5     72  13.36     15    3.4  309.4  350.3  311.8
  835.4   1638   20.7   15.5     72  13.37     16    3.4  309.4  350.3  311.9
  834.8   1644   20.7   15.5     72  13.37     16    3.4  309.4  350.3  311.9
  834.2   1650   20.6   15.4     72  13.34     17    3.4  309.4  350.2  311.9
  833.7   1656   20.6   15.4     72  13.35     17    3.4  309.4  350.3  311.9
  833.2   1661   20.5   15.4     73  13.36     17    3.4  309.4  350.3  311.8
  832.7   1666   20.5   15.4     73  13.32     17    3.4  309.4  350.2  311.8
  832.1   1672   20.4   15.3     73  13.30     17    3.4  309.4  350.1  311.8
  831.6   1677   20.4   15.3     73  13.29     17    3.5  309.4  350.1  311.8
  831.1   1682   20.3   15.3     73  13.29     17    3.5  309.4  350.1  311.8
  830.6   1688   20.2   15.3     73  13.28     17    3.5  309.4  350.0  311.8
  830.1   1693   20.2   15.2     73  13.23     17    3.5  309.4  349.9  311.8
  829.5   1699   20.2   15.2     73  13.17     17    3.6  309.4  349.8  311.8
  829.0   1704   20.1   15.1     73  13.11     16    3.6  309.4  349.6  311.9
  828.5   1709   20.1   15.1     73  13.12     16    3.7  309.4  349.6  311.9
  828.0   1715   20.1   15.0     73  13.07     16    3.8  309.4  349.5  311.9
  827.4   1721   20.0   15.0     73  13.04     16    3.8  309.5  349.4  311.9
  826.8   1727   20.0   14.8     72  12.95     16    3.9  309.5  349.2  311.9
  826.3   1733   20.0   14.8     72  12.89     15    4.0  309.5  349.1  311.9
  825.8   1738   19.9   14.8     72  12.89     15    4.1  309.5  349.1  311.9
  825.2   1744   19.9   14.7     72  12.85     15    4.1  309.6  349.0  312.0
  824.7   1750   19.9   14.5     71  12.71     15    4.2  309.6  348.6  312.0
  824.1   1755   19.9   14.3     70  12.55     15    4.3  309.7  348.3  312.1
  823.6   1761   19.9   14.2     70  12.48     14    4.3  309.8  348.1  312.1
  823.1   1766   19.9   14.2     70  12.49     14    4.4  309.8  348.2  312.1
  822.5   1772   19.9   14.4     71  12.61     14    4.4  309.8  348.5  312.2
  822.0   1778   19.8   14.5     72  12.75     14    4.5  309.8  348.9  312.2
  821.5   1783   19.7   14.7     73  12.90     13    4.5  309.8  349.4  312.2
  821.0   1788   19.7   14.7     73  12.89     13    4.5  309.8  349.4  312.2
  820.5   1794   19.7   14.6     73  12.85     13    4.6  309.8  349.3  312.2
  819.9   1800   19.6   14.5     72  12.78     13    4.6  309.9  349.1  312.3
  819.3   1806   19.6   14.5     73  12.81     12    4.7  309.9  349.2  312.3
  818.7   1813   19.6   14.6     73  12.89     12    4.7  309.9  349.5  312.3
  818.2   1818   19.5   14.6     73  12.84     12    4.7  310.0  349.4  312.3
  817.6   1824   19.5   14.4     72  12.72     12    4.8  310.0  349.1  312.4
  817.1   1829   19.5   14.2     71  12.58     12    4.8  310.0  348.7  312.4
  816.5   1836   19.5   14.2     71  12.56     12    4.9  310.1  348.7  312.4
  815.9   1842   19.4   14.2     72  12.55     11    4.9  310.1  348.7  312.4
  815.4   1847   19.4   14.1     72  12.53     11    4.9  310.1  348.6  312.4
  814.9   1852   19.4   14.1     72  12.52     11    4.9  310.1  348.6  312.5
  814.3   1859   19.3   14.2     72  12.59     11    4.9  310.1  348.8  312.5
  813.7   1866   19.2   14.5     74  12.88     11    4.9  310.1  349.7  312.5
  813.0   1872   19.1   14.6     75  13.00     11    4.9  310.1  350.0  312.5
  812.4   1879   19.1   14.6     75  12.99     11    4.8  310.1  350.0  312.5
  811.8   1885   19.0   14.5     75  12.93     11    4.8  310.1  349.8  312.5
  811.2   1892   19.0   14.4     75  12.86     11    4.7  310.1  349.6  312.5
  810.6   1899   18.9   14.4     75  12.85     11    4.7  310.1  349.6  312.5
  810.0   1905   18.8   14.4     75  12.86     11    4.6  310.1  349.6  312.5
  809.3   1912   18.8   14.4     75  12.82     11    4.5  310.1  349.5  312.5
  808.7   1918   18.7   14.3     76  12.82     11    4.5  310.1  349.5  312.5
  808.1   1924   18.7   14.3     76  12.77     10    4.4  310.1  349.4  312.5
  807.6   1930   18.6   14.2     76  12.74     10    4.4  310.1  349.3  312.5
  807.1   1936   18.6   14.2     76  12.75     10    4.3  310.1  349.3  312.5
  806.5   1942   18.5   14.2     76  12.75     10    4.3  310.1  349.3  312.5
  805.9   1949   18.4   14.2     76  12.74     10    4.3  310.1  349.3  312.5
  805.3   1955   18.4   14.2     77  12.75     10    4.2  310.1  349.3  312.5
  804.7   1962   18.3   14.2     77  12.74      9    4.2  310.1  349.3  312.5
  804.0   1968   18.3   14.1     77  12.72      9    4.2  310.2  349.3  312.5
  803.4   1975   18.2   14.2     77  12.75      9    4.2  310.2  349.4  312.5
  802.8   1981   18.2   14.2     78  12.80      9    4.2  310.2  349.5  312.6
  802.3   1987   18.1   14.1     77  12.72      9    4.2  310.2  349.3  312.5
  801.7   1993   18.1   13.9     76  12.54      8    4.2  310.2  348.8  312.6
  801.1   2000   18.1   13.7     76  12.41      8    4.1  310.3  348.5  312.6
  800.5   2006   18.0   13.6     76  12.37      8    4.1  310.3  348.3  312.6
  799.9   2013   18.0   13.6     76  12.35      8    4.1  310.3  348.3  312.6
  799.2   2020   17.9   13.6     76  12.36      8    4.1  310.3  348.4  312.6
  798.6   2027   17.9   13.5     76  12.28      8    4.0  310.3  348.1  312.6
  798.0   2033   17.8   13.4     75  12.20      8    4.0  310.4  347.9  312.6
  797.3   2040   17.8   13.4     75  12.19      8    3.9  310.4  347.9  312.7
  796.7   2047   17.8   13.2     74  12.07      8    3.9  310.5  347.6  312.7
  796.1   2053   17.8   13.0     74  11.95      8    3.9  310.5  347.3  312.8
  795.5   2060   17.8   13.1     74  11.97      8    3.8  310.6  347.4  312.8
  794.9   2066   17.7   13.0     74  11.94      8    3.8  310.6  347.4  312.8
  794.3   2072   17.7   12.9     74  11.90      8    3.7  310.6  347.3  312.8
  793.7   2079   17.6   12.9     74  11.89      8    3.7  310.6  347.3  312.8
  793.1   2086   17.6   12.9     74  11.89      8    3.6  310.6  347.3  312.8
  792.5   2093   17.5   12.9     74  11.87      8    3.6  310.6  347.2  312.8
  791.9   2098   17.4   12.9     75  11.87      8    3.5  310.6  347.2  312.8
  791.4   2105   17.4   12.9     75  11.88      7    3.5  310.6  347.2  312.8
  790.7   2112   17.3   12.9     75  11.88      6    3.4  310.6  347.2  312.8
  790.1   2119   17.2   12.8     75  11.85      5    3.4  310.6  347.1  312.8
  789.4   2126   17.2   12.8     75  11.85      4    3.4  310.6  347.2  312.8
  788.8   2132   17.1   12.8     76  11.85      3    3.4  310.6  347.2  312.8
  788.2   2139   17.1   12.8     76  11.89      2    3.3  310.6  347.3  312.8
  787.5   2146   17.0   12.8     76  11.90      1    3.3  310.6  347.3  312.9
  787.0   2152   17.0   12.7     76  11.84    360    3.3  310.6  347.2  312.9
  786.4   2159   16.9   12.7     76  11.86    359    3.3  310.7  347.2  312.9
  785.8   2165   16.9   12.8     77  11.88    359    3.3  310.7  347.3  312.9
  785.2   2172   16.8   12.7     77  11.88    358    3.3  310.7  347.3  312.9
  784.6   2178   16.7   12.7     77  11.86    358    3.3  310.7  347.3  312.9
  783.9   2185   16.7   12.7     77  11.83    358    3.3  310.7  347.2  312.9
  783.2   2193   16.6   12.5     77  11.73    358    3.3  310.7  346.9  312.9
  782.6   2200   16.6   12.3     75  11.53    358    3.2  310.8  346.4  313.0
  782.0   2206   16.6   12.1     74  11.39    358    3.2  310.9  346.0  313.0
  781.4   2212   16.6   12.0     74  11.35    359    3.2  310.9  346.0  313.0
  780.9   2218   16.6   11.9     74  11.31    359    3.2  310.9  345.9  313.0
  780.3   2225   16.5   12.1     75  11.47    360    3.2  310.9  346.3  313.1
  779.6   2232   16.4   12.3     77  11.63      1    3.1  310.9  346.8  313.1
  779.0   2240   16.3   12.5     78  11.77      1    3.1  310.9  347.2  313.1
  778.3   2247   16.2   12.6     79  11.87      2    3.1  310.9  347.5  313.1
  777.7   2254   16.2   12.1     76  11.47      2    3.1  310.9  346.3  313.1
  777.1   2260   16.2   11.9     76  11.35      3    3.1  311.0  346.1  313.1
  776.5   2267   16.2   12.2     77  11.55      4    3.1  311.0  346.7  313.2
  775.9   2273   16.1   12.4     79  11.74      4    3.1  311.0  347.3  313.2
  775.3   2280   16.1   12.4     79  11.72      4    3.1  311.0  347.2  313.2
  774.7   2287   16.0   12.5     79  11.82      5    3.1  311.0  347.5  313.3
  774.1   2293   16.0   12.5     80  11.82      5    3.1  311.1  347.6  313.3
  773.5   2299   15.9   12.3     79  11.74      5    3.2  311.1  347.4  313.3
  773.0   2305   15.9   12.3     79  11.73      5    3.2  311.1  347.3  313.3
  772.4   2312   15.8   12.3     79  11.71      5    3.3  311.1  347.3  313.3
  771.8   2318   15.8   12.3     80  11.71      4    3.3  311.1  347.3  313.3
  771.3   2324   15.7   12.2     80  11.67      4    3.4  311.1  347.2  313.3
  770.8   2330   15.7   12.2     80  11.64      4    3.4  311.1  347.1  313.3
  770.2   2336   15.6   12.1     80  11.61      3    3.5  311.1  347.0  313.3
  769.6   2343   15.6   12.0     79  11.57      3    3.5  311.2  346.9  313.3
  769.0   2349   15.5   12.0     80  11.55      2    3.6  311.2  346.9  313.3
  768.4   2356   15.5   11.9     79  11.49      2    3.6  311.2  346.7  313.4
  767.9   2362   15.5   12.0     80  11.52      1    3.6  311.2  346.9  313.4
  767.3   2369   15.4   12.0     80  11.55      1    3.6  311.2  346.9  313.4
  766.7   2375   15.4   12.0     80  11.60    360    3.6  311.3  347.1  313.4
  766.1   2381   15.3   12.0     81  11.62    359    3.6  311.3  347.2  313.5
  765.6   2387   15.3   12.0     81  11.62    359    3.6  311.3  347.2  313.4
  765.0   2393   15.2   12.1     82  11.65    358    3.6  311.3  347.3  313.5
  764.5   2399   15.2   12.2     82  11.73    357    3.5  311.3  347.6  313.5
  764.0   2405   15.1   12.2     83  11.76    356    3.5  311.3  347.7  313.5
  763.4   2411   15.1   12.1     82  11.67    356    3.5  311.4  347.4  313.5
  762.9   2417   15.1   11.9     81  11.55    355    3.4  311.4  347.1  313.6
  762.3   2424   15.1   11.8     81  11.52    354    3.4  311.5  347.1  313.6
  761.7   2430   15.0   11.8     81  11.53    353    3.4  311.5  347.2  313.6
  761.2   2436   15.0   11.8     82  11.54    353    3.4  311.5  347.2  313.6
  760.7   2442   14.9   11.8     82  11.53    352    3.4  311.5  347.2  313.6
  760.1   2448   14.9   11.8     82  11.53    352    3.4  311.5  347.2  313.7
  759.5   2455   14.8   11.8     82  11.56    351    3.4  311.5  347.3  313.7
  758.9   2462   14.8   11.8     82  11.55    351    3.4  311.5  347.3  313.7
  758.3   2468   14.7   11.8     83  11.56    351    3.4  311.6  347.3  313.7
  757.7   2475   14.7   11.8     83  11.59    352    3.4  311.6  347.4  313.7
  757.2   2481   14.6   11.9     84  11.64    352    3.4  311.6  347.6  313.8
  756.7   2486   14.6   12.0     84  11.71    352    3.4  311.6  347.8  313.8
  756.2   2492   14.5   12.1     85  11.82    353    3.4  311.6  348.2  313.8
  755.7   2498   14.5   12.1     85  11.82    354    3.4  311.6  348.2  313.8
  755.1   2504   14.5   11.8     84  11.59    355    3.5  311.7  347.6  313.8
  754.6   2510   14.5   11.9     84  11.66    355    3.5  311.7  347.8  313.9
  754.0   2517   14.5   11.8     84  11.64    356    3.6  311.8  347.8  314.0
  753.4   2523   14.5   11.4     82  11.30    356    3.6  311.9  346.9  314.0
  752.9   2529   14.5   11.3     81  11.25    357    3.7  311.9  346.8  314.0
  752.3   2536   14.4   11.3     81  11.24    357    3.7  311.9  346.8  314.0
  751.7   2542   14.4   11.2     81  11.21    358    3.8  311.9  346.7  314.1
  751.2   2548   14.3   11.1     81  11.12    358    3.8  312.0  346.5  314.1
  750.6   2554   14.3   11.3     82  11.29    358    3.9  312.0  347.0  314.1
  750.0   2562   14.2   11.8     85  11.68    358    3.9  312.0  348.2  314.2
  749.3   2570   14.2   11.6     85  11.56    358    4.0  312.0  347.8  314.2
  748.7   2576   14.1   11.5     84  11.44    358    4.0  312.0  347.5  314.2
  748.2   2582   14.1   11.4     84  11.42    358    4.1  312.1  347.5  314.2
  747.7   2588   14.1   11.4     84  11.40    358    4.1  312.1  347.4  314.2
  747.1   2594   14.1   11.3     83  11.35    358    4.1  312.2  347.4  314.3
  746.6   2600   14.0   11.2     83  11.29    358    4.1  312.2  347.2  314.3
  746.2   2605   14.0   11.0     82  11.14    358    4.2  312.2  346.8  314.3
  745.6   2612   14.0   10.7     81  10.94    357    4.2  312.3  346.3  314.4
  745.0   2619   14.0   10.6     80  10.86    357    4.2  312.4  346.1  314.4
  744.4   2625   14.0   10.5     80  10.81    357    4.2  312.4  346.0  314.4
  743.9   2630   13.9   10.5     80  10.79    357    4.2  312.4  345.9  314.4
  743.4   2636   13.9   10.5     80  10.78    357    4.2  312.4  345.9  314.4
  742.9   2642   13.8   10.4     80  10.76    357    4.2  312.4  345.9  314.4
  742.4   2648   13.8   10.4     80  10.75    357    4.2  312.4  345.9  314.4
  741.9   2653   13.8   10.6     81  10.92    357    4.2  312.5  346.4  314.5
  741.4   2659   13.7   10.6     82  10.91    357    4.2  312.5  346.4  314.5
  740.9   2665   13.7   10.7     82  10.96    357    4.1  312.5  346.5  314.5
  740.4   2670   13.6   10.8     83  11.04    358    4.1  312.5  346.8  314.5
  739.9   2676   13.5   11.1     85  11.31    359    4.0  312.5  347.6  314.6
  739.4   2682   13.5   11.2     86  11.36    360    4.0  312.5  347.8  314.6
  738.9   2688   13.5   11.0     85  11.22      1    3.9  312.5  347.4  314.6
  738.4   2694   13.5   10.7     83  11.05      2    3.8  312.6  347.0  314.7
  737.8   2700   13.5   10.6     83  10.95      3    3.8  312.7  346.7  314.7
  737.3   2706   13.5   10.6     83  10.97      4    3.7  312.7  346.8  314.8
  736.8   2712   13.5   10.7     83  11.02      5    3.6  312.8  347.1  314.8
  736.3   2718   13.4   10.6     83  10.95      6    3.6  312.8  346.9  314.8
  735.7   2724   13.4   10.5     82  10.91      7    3.5  312.9  346.8  314.9
  735.2   2730   13.4   10.5     82  10.91      8    3.5  312.9  346.9  315.0
  734.8   2735   13.4   10.4     82  10.88      9    3.4  313.0  346.9  315.0
  734.3   2741   13.4   10.4     82  10.84      9    3.4  313.0  346.8  315.0
  733.8   2747   13.4   10.2     81  10.69     10    3.3  313.1  346.4  315.1
  733.3   2752   13.5    9.8     78  10.46     10    3.3  313.2  345.9  315.2
  732.8   2758   13.5    9.7     78  10.34      9    3.3  313.3  345.6  315.2
  732.2   2764   13.5    9.6     77  10.28      9    3.2  313.3  345.5  315.3
  731.7   2770   13.5    9.5     77  10.25      9    3.2  313.4  345.4  315.3
  731.3   2775   13.4    9.5     77  10.23      8    3.2  313.4  345.4  315.3
  730.8   2781   13.4    9.5     77  10.23      8    3.2  313.4  345.4  315.3
  730.3   2786   13.3    9.4     77  10.23      7    3.2  313.4  345.4  315.3
  729.9   2792   13.3    9.4     78  10.23      6    3.2  313.4  345.4  315.3
  729.4   2797   13.2    9.4     78  10.22      6    3.2  313.4  345.3  315.3
  728.8   2804   13.2    9.4     78  10.21      5    3.3  313.4  345.3  315.3
  728.2   2810   13.1    9.4     78  10.21      4    3.3  313.4  345.3  315.3
  727.7   2817   13.1    9.3     78  10.19      4    3.4  313.4  345.3  315.4
  727.1   2824   13.0    9.3     78  10.19      4    3.4  313.5  345.3  315.4
  726.6   2830   13.0    9.3     78  10.19      3    3.5  313.5  345.3  315.4
  726.1   2835   12.9    9.3     79  10.21      3    3.6  313.5  345.4  315.4
  725.6   2841   12.9    9.3     79  10.20      3    3.7  313.5  345.4  315.4
  725.0   2848   12.8    9.3     79  10.21      3    3.8  313.5  345.4  315.4
  724.6   2853   12.8    9.3     79  10.22      3    3.8  313.5  345.5  315.4
  724.1   2859   12.8    9.3     80  10.24      3    3.9  313.5  345.6  315.5
  723.6   2865   12.7    9.3     80  10.22      3    4.0  313.5  345.5  315.5
  723.0   2871   12.7    9.2     79  10.17      3    4.1  313.6  345.4  315.5
  722.5   2877   12.6    9.1     79  10.12      3    4.2  313.6  345.3  315.5
  722.1   2882   12.6    9.1     79  10.11      3    4.2  313.6  345.3  315.5
  721.6   2888   12.6    9.1     79  10.13      3    4.3  313.6  345.3  315.6
  721.2   2893   12.6    9.2     80  10.18      2    4.3  313.7  345.5  315.6
  720.7   2898   12.5    9.2     80  10.22      2    4.3  313.7  345.7  315.6
  720.3   2903   12.5    9.2     81  10.23      2    4.3  313.7  345.7  315.6
  719.8   2909   12.5    9.1     80  10.15      1    4.4  313.7  345.5  315.7
  719.3   2914   12.5    8.9     79  10.02      1    4.4  313.8  345.2  315.7
  718.8   2920   12.5    8.9     78  10.00      1    4.3  313.9  345.3  315.8
  718.4   2925   12.5    8.9     79  10.03    360    4.3  314.0  345.4  315.9
  718.0   2930   12.5    8.9     79  10.06    360    4.3  314.0  345.5  315.9
  717.5   2936   12.4    8.9     79  10.07    360    4.3  314.0  345.5  315.9
  717.0   2942   12.4    9.0     80  10.08    360    4.3  314.0  345.6  315.9
  716.5   2948   12.4    9.0     80  10.11    359    4.3  314.0  345.7  315.9
  716.1   2952   12.3    9.0     80  10.12    359    4.2  314.1  345.8  316.0
  715.6   2957   12.3    9.0     80  10.13    360    4.2  314.1  345.9  316.0
  715.1   2964   12.3    9.0     80  10.13    360    4.2  314.2  345.9  316.1
  714.6   2969   12.3    9.0     80  10.15    360    4.2  314.2  346.0  316.1
  714.1   2975   12.3    9.0     80  10.14      1    4.1  314.2  346.0  316.1
  713.6   2981   12.2    9.0     80  10.13      1    4.1  314.3  346.0  316.2
  713.2   2987   12.2    8.9     81  10.13      2    4.1  314.3  346.0  316.2
  712.7   2992   12.2    9.0     81  10.14      3    4.1  314.3  346.1  316.2
  712.2   2997   12.1    8.9     81  10.13      3    4.1  314.3  346.1  316.2
  711.8   3002   12.1    8.9     81  10.09      4    4.1  314.4  346.0  316.3
  711.5   3007   12.1    8.9     81  10.12      5    4.1  314.4  346.2  316.3
  711.0   3012   12.1    8.9     81  10.15      5    4.2  314.4  346.3  316.3
  710.5   3017   12.0    9.0     81  10.18      6    4.2  314.4  346.4  316.4
  710.1   3023   12.0    9.0     82  10.24      7    4.2  314.4  346.6  316.4
  709.6   3028   11.9    9.1     82  10.26      7    4.3  314.4  346.6  316.4
  709.2   3033   11.9    9.0     83  10.26      7    4.3  314.5  346.7  316.4
  708.9   3037   11.9    8.9     82  10.17      8    4.3  314.5  346.4  316.4
  708.4   3042   11.9    8.8     81  10.07      8    4.3  314.5  346.2  316.5
  708.0   3047   11.9    8.7     81  10.02      9    4.3  314.6  346.1  316.5
  707.6   3053   11.9    8.7     80  10.01      9    4.3  314.7  346.1  316.6
  707.2   3057   11.9    8.5     80   9.93      9    4.3  314.7  346.0  316.6
  706.7   3062   12.0    8.4     79   9.82      9    4.3  314.8  345.7  316.7
  706.3   3068   12.0    8.2     78   9.71     10    4.3  314.9  345.5  316.7
  705.9   3073   12.0    8.2     77   9.69     10    4.3  314.9  345.5  316.8
  705.5   3077   12.0    8.0     77   9.61     11    4.3  315.0  345.3  316.8
  705.1   3082   12.0    7.9     76   9.51     11    4.3  315.0  345.0  316.8
  704.6   3088   11.9    7.8     76   9.49     12    4.2  315.1  345.0  316.9
  704.2   3093   11.9    7.6     75   9.38     12    4.2  315.1  344.7  316.9
  703.8   3098   11.9    7.5     74   9.31     13    4.2  315.2  344.5  316.9
  703.4   3103   11.9    7.4     74   9.23     14    4.2  315.2  344.3  316.9
  702.9   3108   11.9    7.2     73   9.09     15    4.1  315.2  344.0  317.0
  702.5   3113   11.9    7.1     72   9.03     16    4.1  315.3  343.8  317.0
  702.1   3117   11.9    7.1     73   9.05     17    4.1  315.3  343.9  317.0
  701.7   3122   11.9    7.2     73   9.11     18    4.0  315.4  344.1  317.1
  701.3   3127   11.9    7.1     72   9.04     19    4.0  315.4  344.0  317.1
  700.9   3132   11.9    6.7     71   8.84     21    4.0  315.5  343.5  317.2
  700.4   3138   11.9    6.8     71   8.87     22    4.0  315.6  343.6  317.3
  700.0   3143   11.9    6.8     71   8.89     25    3.9  315.6  343.7  317.3
  699.6   3148   11.9    6.8     71   8.93     25    3.9  315.6  343.9  317.3
  699.1   3154   11.9    6.9     72   9.00     26    3.9  315.7  344.2  317.4
  698.6   3160   11.8    7.1     73   9.10     27    3.9  315.7  344.5  317.5
  698.2   3165   11.8    7.3     74   9.23     29    3.9  315.8  345.0  317.5
  697.8   3170   11.9    7.3     74   9.27     30    3.9  315.9  345.2  317.6
  697.2   3176   11.9    6.8     71   8.94     31    3.9  316.0  344.3  317.7
  696.7   3182   11.9    6.5     70   8.78     32    3.8  316.1  343.9  317.7
  696.2   3188   11.9    6.5     70   8.76     33    3.8  316.1  343.9  317.8
  695.8   3193   11.9    6.5     70   8.75     34    3.8  316.1  343.9  317.8
  695.4   3199   11.8    6.5     70   8.78     34    3.8  316.1  344.0  317.8
  694.9   3204   11.8    6.5     70   8.81     35    3.8  316.2  344.1  317.9
  694.4   3210   11.8    6.5     70   8.79     36    3.8  316.3  344.2  317.9
  694.0   3216   11.8    6.5     70   8.78     36    3.8  316.3  344.2  318.0
  693.5   3221   11.8    6.5     70   8.77     37    3.8  316.3  344.2  318.0
  693.1   3226   11.7    6.4     70   8.76     37    3.7  316.3  344.1  318.0
  692.6   3232   11.7    6.4     70   8.73     38    3.7  316.3  344.1  318.0
  692.2   3237   11.7    6.3     70   8.69     38    3.7  316.4  344.0  318.0
  691.7   3242   11.6    6.2     69   8.62     38    3.7  316.4  343.8  318.1
  691.2   3248   11.6    5.8     68   8.43     38    3.6  316.5  343.3  318.1
  690.7   3255   11.6    5.7     67   8.35     38    3.6  316.5  343.1  318.1
  690.2   3261   11.6    5.7     67   8.38     38    3.6  316.6  343.3  318.2
  689.8   3266   11.6    5.8     68   8.42     38    3.6  316.6  343.4  318.2
  689.4   3271   11.5    5.8     68   8.45     38    3.5  316.6  343.5  318.2
  689.0   3276   11.5    5.9     69   8.51     38    3.5  316.6  343.7  318.2
  688.5   3282   11.4    6.0     69   8.56     38    3.5  316.6  343.8  318.2
  688.0   3288   11.4    6.1     70   8.60     38    3.5  316.6  343.9  318.2
  687.5   3294   11.3    6.1     70   8.63     39    3.6  316.6  344.0  318.2
  687.0   3300   11.2    6.1     71   8.65     39    3.6  316.6  344.1  318.2
  686.6   3305   11.2    6.1     71   8.66     39    3.6  316.6  344.1  318.2
  686.2   3310   11.1    6.1     71   8.66     39    3.7  316.6  344.1  318.2
  685.7   3316   11.1    6.1     71   8.66     40    3.7  316.6  344.1  318.3
  685.3   3321   11.1    6.2     72   8.69     40    3.8  316.6  344.2  318.3
  684.8   3326   11.0    6.2     72   8.72     41    3.8  316.6  344.3  318.3
  684.4   3332   11.0    6.2     73   8.75     41    3.9  316.6  344.4  318.3
  683.9   3337   10.9    6.4     74   8.86     41    3.9  316.6  344.8  318.3
  683.4   3343   10.8    6.6     75   8.96     41    4.0  316.6  345.1  318.3
  683.0   3349   10.8    6.5     74   8.91     42    4.0  316.6  344.9  318.3
  682.5   3355   10.8    6.3     74   8.83     42    4.0  316.7  344.8  318.4
  682.1   3360   10.8    6.3     74   8.80     42    4.0  316.7  344.7  318.4
  681.6   3366   10.7    6.2     73   8.75     42    4.0  316.7  344.5  318.4
  681.2   3371   10.7    6.1     73   8.70     43    4.0  316.7  344.4  318.4
  680.7   3377   10.7    6.0     73   8.67     43    3.9  316.8  344.4  318.4
  680.3   3381   10.6    6.0     73   8.66     43    3.9  316.8  344.3  318.4
  680.0   3386   10.6    5.9     73   8.63     44    3.8  316.8  344.2  318.4
  679.5   3391   10.5    5.9     73   8.62     44    3.8  316.8  344.2  318.4
  679.1   3397   10.5    5.9     73   8.61     45    3.7  316.8  344.2  318.4
  678.7   3402   10.5    5.9     73   8.63     45    3.7  316.8  344.3  318.5
  678.2   3407   10.4    5.9     74   8.64     46    3.7  316.8  344.3  318.5
  677.8   3413   10.3    5.9     74   8.63     47    3.7  316.8  344.3  318.5
  677.3   3419   10.3    5.9     74   8.61     47    3.7  316.8  344.2  318.5
  676.9   3424   10.2    5.8     74   8.61     48    3.7  316.8  344.2  318.5
  676.4   3430   10.2    5.8     74   8.61     48    3.7  316.8  344.2  318.5
  676.0   3435   10.2    5.8     74   8.60     49    3.8  316.8  344.2  318.5
  675.5   3441   10.1    5.8     74   8.58     49    3.8  316.9  344.2  318.5
  675.1   3446   10.1    5.7     74   8.58     49    3.9  316.9  344.2  318.5
  674.6   3452   10.0    5.7     74   8.56     49    4.0  316.9  344.2  318.5
  674.2   3457   10.0    5.7     74   8.53     49    4.0  316.9  344.1  318.6
  673.7   3463   10.0    5.6     74   8.53     49    4.1  317.0  344.1  318.6
  673.3   3468    9.9    5.6     74   8.51     49    4.2  317.0  344.1  318.6
  672.8   3474    9.9    5.6     75   8.52     49    4.2  317.0  344.1  318.6
  672.4   3479    9.8    5.6     75   8.52     48    4.3  317.0  344.1  318.6
  672.0   3485    9.8    5.6     75   8.54     48    4.3  317.0  344.2  318.6
  671.5   3490    9.7    5.7     76   8.57     47    4.4  317.0  344.3  318.6
  671.0   3496    9.7    5.6     76   8.56     47    4.4  317.0  344.3  318.6
  670.6   3502    9.7    5.5     75   8.51     46    4.4  317.0  344.1  318.6
  670.2   3507    9.6    5.5     75   8.48     46    4.5  317.0  344.1  318.7
  669.7   3513    9.6    5.4     75   8.44     45    4.5  317.1  343.9  318.7
  669.3   3518    9.6    5.3     75   8.38     44    4.5  317.1  343.8  318.7
  668.8   3524    9.5    5.2     74   8.33     44    4.5  317.1  343.7  318.7
  668.3   3530    9.5    5.0     74   8.24     43    4.6  317.1  343.4  318.7
  667.8   3536    9.5    4.7     72   8.05     42    4.6  317.2  342.9  318.8
  667.3   3542    9.5    4.5     71   7.94     42    4.6  317.3  342.6  318.8
  666.8   3548    9.5    4.1     69   7.73     41    4.7  317.3  342.0  318.8
  666.3   3555    9.5    3.8     68   7.55     41    4.7  317.4  341.6  318.8
  665.9   3560    9.4    3.8     68   7.55     41    4.7  317.4  341.6  318.8
  665.4   3566    9.4    3.8     68   7.58     40    4.8  317.4  341.7  318.9
  665.0   3571    9.4    3.7     68   7.55     40    4.8  317.5  341.7  318.9
  664.6   3576    9.4    3.7     68   7.52     40    4.9  317.5  341.6  318.9
  664.2   3582    9.3    3.6     67   7.50     40    4.9  317.5  341.5  318.9
  663.7   3588    9.3    3.6     68   7.52     41    4.9  317.5  341.6  319.0
  663.2   3594    9.3    3.7     68   7.55     41    4.9  317.6  341.8  319.0
  662.7   3600    9.2    3.7     68   7.55     42    4.9  317.6  341.8  319.0
  662.3   3606    9.2    3.7     68   7.55     42    4.9  317.6  341.8  319.0
  661.8   3612    9.1    3.7     69   7.55     43    4.9  317.6  341.8  319.1
  661.3   3618    9.1    3.7     69   7.56     44    4.9  317.6  341.9  319.1
  660.7   3625    9.0    3.7     69   7.57     45    4.9  317.6  341.9  319.1
  660.2   3631    9.0    3.7     69   7.57     45    4.8  317.6  341.9  319.1
  659.8   3637    8.9    3.6     69   7.56     46    4.8  317.7  341.9  319.1
  659.4   3641    8.9    3.7     70   7.58     47    4.8  317.7  341.9  319.1
  659.0   3647    8.8    3.7     70   7.61     48    4.7  317.6  342.0  319.1
  658.5   3652    8.8    3.7     71   7.62     48    4.7  317.7  342.1  319.1
  658.1   3658    8.7    3.7     71   7.61     48    4.7  317.7  342.1  319.1
  657.6   3664    8.7    3.6     71   7.59     49    4.6  317.7  342.0  319.1
  657.2   3670    8.6    3.7     71   7.62     48    4.6  317.7  342.1  319.1
  656.7   3676    8.6    3.9     72   7.73     48    4.6  317.7  342.5  319.2
  656.2   3681    8.5    4.1     73   7.83     48    4.6  317.7  342.8  319.2
  655.8   3687    8.5    4.1     74   7.86     47    4.5  317.7  342.9  319.2
  655.3   3693    8.4    4.1     74   7.87     46    4.5  317.7  342.9  319.2
  654.9   3699    8.4    4.1     74   7.88     44    4.5  317.7  342.9  319.2
  654.4   3705    8.3    4.1     75   7.87     43    4.5  317.7  342.9  319.2
  654.0   3710    8.3    4.1     75   7.87     42    4.5  317.7  342.9  319.2
  653.5   3716    8.2    4.1     75   7.89     40    4.5  317.7  343.0  319.2
  653.0   3723    8.2    4.1     76   7.91     38    4.5  317.7  343.1  319.2
  652.5   3729    8.1    4.1     76   7.92     37    4.5  317.7  343.1  319.3
  652.0   3735    8.1    4.0     76   7.88     35    4.5  317.8  343.0  319.3
  651.6   3740    8.0    4.0     76   7.87     34    4.5  317.8  343.0  319.3
  651.2   3746    8.0    4.0     76   7.89     32    4.6  317.8  343.1  319.3
  650.7   3752    8.0    4.1     76   7.91     31    4.6  317.8  343.2  319.3
  650.2   3758    8.0    4.2     77   8.01     30    4.6  317.9  343.6  319.4
  649.8   3763    7.9    4.3     78   8.06     29    4.6  317.9  343.7  319.5
  649.3   3769    7.9    4.3     78   8.06     28    4.6  318.0  343.8  319.5
  648.9   3774    7.9    4.3     78   8.05     27    4.6  318.0  343.8  319.5
  648.5   3780    7.8    4.3     78   8.05     26    4.6  318.0  343.8  319.5
  648.0   3785    7.8    4.2     78   8.01     26    4.6  318.0  343.7  319.6
  647.6   3791    7.8    4.0     77   7.92     25    4.5  318.1  343.5  319.6
  647.1   3797    7.8    3.7     75   7.72     25    4.5  318.1  342.9  319.6
  646.7   3803    7.8    3.3     73   7.51     24    4.5  318.2  342.4  319.7
  646.2   3809    7.8    2.7     70   7.22     24    4.4  318.3  341.5  319.7
  645.7   3815    7.8    2.6     69   7.17     24    4.4  318.4  341.5  319.8
  645.3   3821    7.8    2.6     70   7.20     24    4.3  318.4  341.6  319.8
  644.9   3826    7.8    2.6     70   7.19     24    4.3  318.4  341.6  319.8
  644.5   3831    7.7    2.6     70   7.20     24    4.2  318.4  341.6  319.8
  644.0   3837    7.7    2.6     70   7.20     25    4.2  318.4  341.6  319.8
  643.6   3843    7.6    2.6     71   7.21     25    4.1  318.4  341.7  319.8
  643.1   3848    7.6    2.8     72   7.32     25    4.1  318.5  342.0  319.9
  642.7   3854    7.5    3.2     74   7.52     26    4.0  318.5  342.7  319.9
  642.2   3860    7.5    3.5     76   7.69     26    4.0  318.5  343.2  320.0
  641.8   3866    7.5    3.5     76   7.69     26    3.9  318.5  343.2  320.0
  641.3   3872    7.4    3.5     76   7.70     26    3.9  318.5  343.3  320.0
  640.8   3878    7.4    3.5     77   7.73     26    3.8  318.5  343.4  320.0
  640.3   3884    7.3    3.5     77   7.73     25    3.8  318.6  343.4  320.0
  639.9   3890    7.3    3.4     77   7.68     25    3.7  318.6  343.3  320.0
  639.4   3896    7.2    3.4     77   7.67     24    3.7  318.6  343.3  320.1
  638.9   3902    7.2    3.4     77   7.68     24    3.7  318.6  343.3  320.1
  638.4   3908    7.1    3.4     77   7.70     23    3.7  318.6  343.4  320.1
  638.0   3914    7.1    3.4     77   7.69     22    3.7  318.6  343.4  320.1
  637.6   3920    7.0    3.3     77   7.65     21    3.7  318.6  343.2  320.1
  637.1   3926    7.0    3.0     75   7.46     21    3.7  318.7  342.7  320.1
  636.7   3931    7.1    2.9     75   7.44     20    3.7  318.8  342.8  320.2
  636.2   3937    7.0    3.2     77   7.62     19    3.7  318.8  343.3  320.3
  635.7   3944    7.0    3.5     79   7.79     19    3.7  318.8  343.9  320.3
  635.2   3950    6.9    3.7     80   7.88     18    3.7  318.8  344.2  320.4
  634.8   3956    6.9    3.8     81   7.94     18    3.7  318.8  344.4  320.4
  634.3   3962    6.8    3.8     81   7.97     18    3.6  318.8  344.5  320.4
  633.9   3968    6.8    3.8     81   7.97     18    3.6  318.8  344.5  320.4
  633.5   3973    6.7    3.8     82   7.97     18    3.5  318.9  344.5  320.4
  632.8   3982    6.7    3.8     82   7.99     19    3.5  318.9  344.6  320.5
  632.1   3991    6.6    3.9     83   8.05     19    3.4  319.0  344.8  320.5
  631.5   3998    6.6    4.1     84   8.15     20    3.3  319.0  345.2  320.6
  631.1   4004    6.5    4.2     85   8.23     21    3.3  319.0  345.4  320.6
  630.7   4009    6.5    4.2     85   8.21     21    3.2  319.0  345.4  320.6
  630.2   4015    6.4    4.1     85   8.20     22    3.2  319.0  345.4  320.6
  629.8   4021    6.4    4.1     85   8.18     23    3.1  319.0  345.3  320.6
  629.4   4026    6.3    4.0     85   8.14     23    3.1  319.0  345.2  320.6
  628.9   4032    6.3    4.0     85   8.14     24    3.1  319.0  345.2  320.6
  628.4   4039    6.3    4.1     86   8.21     24    3.0  319.1  345.5  320.7
  627.9   4045    6.2    4.3     87   8.31     24    3.0  319.1  345.8  320.7
  627.5   4051    6.2    4.3     87   8.31     24    3.0  319.1  345.9  320.7
  627.0   4058    6.2    4.2     87   8.28     23    3.0  319.2  345.8  320.8
  626.5   4064    6.1    4.1     87   8.24     22    3.0  319.2  345.7  320.8
  626.1   4069    6.1    4.0     86   8.18     21    3.0  319.2  345.5  320.8
  625.7   4074    6.1    3.8     86   8.09     20    3.0  319.2  345.3  320.8
  625.2   4081    6.0    3.6     84   7.96     19    3.1  319.3  344.9  320.8
  624.7   4088    6.0    3.3     83   7.78     18    3.1  319.3  344.4  320.8
  624.2   4094    6.0    3.1     81   7.68     16    3.1  319.4  344.2  320.9
  623.8   4100    6.0    3.2     82   7.76     15    3.1  319.4  344.5  320.9
  623.3   4106    6.0    3.6     85   8.00     13    3.1  319.5  345.2  321.0
  622.9   4111    5.9    4.1     88   8.28     12    3.1  319.5  346.1  321.1
  622.5   4116    5.9    3.9     87   8.15     11    3.1  319.5  345.8  321.1
  622.0   4123    5.9    3.4     84   7.87      9    3.2  319.6  345.0  321.1
  621.6   4129    5.9    3.1     82   7.72      9    3.2  319.7  344.6  321.1
  621.2   4134    5.9    3.2     83   7.80      8    3.2  319.7  344.9  321.2
  620.8   4139    5.9    3.5     85   7.99      7    3.2  319.7  345.5  321.3
  620.3   4145    5.8    3.8     87   8.16      7    3.1  319.7  346.1  321.3
  619.9   4151    5.8    3.7     87   8.11      6    3.1  319.8  345.9  321.3
  619.4   4157    5.7    3.6     86   8.06      6    3.1  319.8  345.8  321.3
  619.0   4163    5.7    3.5     86   8.01      6    3.0  319.8  345.6  321.3
  618.5   4169    5.7    3.4     85   7.95      6    3.0  319.8  345.5  321.4
  618.1   4175    5.6    3.3     85   7.87      6    2.9  319.8  345.2  321.4
  617.6   4181    5.6    3.2     85   7.86      6    2.9  319.9  345.3  321.4
  617.2   4187    5.5    3.3     86   7.90      7    2.8  319.9  345.4  321.4
  616.7   4194    5.5    3.4     86   7.95      8    2.8  319.9  345.6  321.4
  616.2   4200    5.4    3.3     86   7.92      8    2.8  319.9  345.5  321.5
  615.7   4206    5.4    3.2     86   7.86     10    2.7  320.0  345.4  321.5
  615.3   4213    5.4    3.1     85   7.81     11    2.7  320.0  345.2  321.5
  614.8   4219    5.3    2.9     85   7.72     13    2.7  320.0  345.0  321.5
  614.3   4225    5.3    2.9     84   7.70     14    2.7  320.0  344.9  321.5
  613.8   4232    5.2    2.9     85   7.71     16    2.8  320.0  345.0  321.5
  613.3   4238    5.2    2.6     84   7.58     18    2.8  320.1  344.6  321.5
  612.8   4245    5.2    2.2     81   7.37     20    2.9  320.1  344.0  321.6
  612.3   4252    5.1    2.2     81   7.34     22    2.9  320.2  343.9  321.6
  611.7   4260    5.1    2.1     81   7.32     23    3.0  320.2  343.9  321.6
  611.1   4267    5.0    1.9     80   7.22     25    3.1  320.2  343.6  321.6
  610.6   4274    5.0    1.5     78   7.03     26    3.2  320.3  343.1  321.6
  610.1   4281    5.0    1.4     78   6.99     27    3.3  320.3  343.0  321.7
  609.6   4288    5.0    1.6     79   7.06     28    3.3  320.4  343.3  321.7
  609.1   4295    4.9    1.7     79   7.11     28    3.4  320.4  343.5  321.8
  608.6   4302    4.9    1.8     80   7.18     29    3.5  320.4  343.7  321.8
  608.0   4310    4.9    1.8     80   7.17     29    3.5  320.5  343.8  321.9
  607.5   4317    4.8    1.7     81   7.17     30    3.5  320.5  343.8  321.9
  607.0   4323    4.7    1.7     81   7.17     30    3.5  320.5  343.7  321.9
  606.5   4330    4.7    1.8     81   7.20     31    3.5  320.5  343.9  321.9
  605.9   4337    4.6    1.8     82   7.22     31    3.5  320.5  343.9  321.9
  605.4   4345    4.6    1.7     82   7.20     31    3.5  320.5  343.9  321.9
  604.9   4352    4.5    1.9     83   7.26     31    3.5  320.6  344.1  322.0
  604.4   4358    4.5    2.0     84   7.34     31    3.5  320.6  344.5  322.1
  604.0   4364    4.5    2.0     84   7.35     31    3.5  320.7  344.5  322.1
  603.5   4370    4.5    2.0     84   7.36     31    3.5  320.8  344.7  322.2
  603.0   4377    4.5    2.0     84   7.36     32    3.5  320.8  344.7  322.2
  602.5   4384    4.5    2.0     84   7.37     32    3.5  320.9  344.8  322.3
  602.0   4391    4.4    2.0     85   7.40     32    3.5  320.9  344.9  322.3
  601.5   4397    4.4    2.2     85   7.47     32    3.5  320.9  345.2  322.4
  601.1   4403    4.3    2.2     86   7.51     33    3.5  320.9  345.3  322.4
  600.6   4410    4.3    2.3     87   7.55     33    3.5  320.9  345.5  322.4
  600.1   4416    4.3    2.2     86   7.50     33    3.5  321.0  345.4  322.5
  599.6   4423    4.2    2.1     86   7.47     34    3.5  321.0  345.3  322.5
  599.1   4430    4.2    2.0     86   7.42     35    3.4  321.1  345.2  322.5
  598.6   4437    4.1    1.9     85   7.35     35    3.4  321.1  345.0  322.5
  598.1   4444    4.1    1.7     84   7.24     36    3.4  321.1  344.7  322.5
  597.5   4451    4.1    1.7     84   7.25     36    3.4  321.2  344.8  322.6
  597.0   4458    4.0    1.7     84   7.26     37    3.5  321.2  344.8  322.6
  596.6   4464    4.0    1.6     84   7.21     37    3.5  321.2  344.7  322.6
  596.1   4471    4.1    1.4     83   7.14     37    3.5  321.4  344.6  322.7
  595.5   4479    4.0    1.4     83   7.14     37    3.6  321.4  344.7  322.8
  595.1   4485    4.0    1.4     83   7.14     37    3.7  321.5  344.7  322.8
  594.7   4490    4.0    1.4     83   7.15     36    3.7  321.5  344.8  322.9
  594.2   4496    3.9    1.4     84   7.16     36    3.8  321.5  344.9  322.9
  593.8   4503    3.9    1.5     84   7.19     35    3.9  321.5  344.9  322.9
  593.3   4509    3.9    1.5     85   7.23     34    3.9  321.6  345.1  323.0
  592.9   4515    3.8    1.5     85   7.25     34    4.0  321.6  345.2  323.0
  592.4   4521    3.8    1.5     85   7.24     33    4.0  321.6  345.2  323.0
  592.0   4528    3.8    1.3     84   7.11     32    4.0  321.7  344.9  323.0
  591.5   4533    3.8    1.1     82   7.02     32    4.1  321.8  344.7  323.1
  591.1   4539    3.8    0.9     82   6.96     32    4.1  321.8  344.6  323.2
  590.7   4545    3.8    0.8     81   6.88     31    4.0  321.9  344.4  323.3
  590.3   4551    3.8    0.7     80   6.86     31    4.0  322.0  344.5  323.3
  589.8   4557    3.8    0.7     80   6.83     31    4.0  322.1  344.5  323.4
  589.4   4563    3.8    0.6     79   6.78     31    4.0  322.1  344.3  323.4
  589.0   4569    3.8    0.4     79   6.73     32    3.9  322.2  344.2  323.5
  588.6   4574    3.8    0.2     78   6.64     32    3.9  322.2  344.0  323.5
  588.2   4580    3.8   -0.0     76   6.52     32    3.9  322.3  343.7  323.5
  587.8   4585    3.8   -0.0     76   6.53     33    3.8  322.3  343.8  323.6
  587.4   4591    3.8    0.0     77   6.55     33    3.8  322.4  343.9  323.6
  586.9   4597    3.7   -0.1     76   6.47     33    3.8  322.4  343.7  323.7
  586.5   4603    3.7   -0.3     75   6.40     33    3.8  322.5  343.5  323.7
  586.1   4609    3.7   -0.5     74   6.30     33    3.7  322.5  343.2  323.7
  585.6   4615    3.7   -0.6     74   6.30     33    3.7  322.6  343.3  323.8
  585.2   4621    3.6   -0.4     75   6.37     33    3.7  322.6  343.5  323.8
  584.8   4627    3.6   -0.3     76   6.43     33    3.6  322.6  343.7  323.8
  584.3   4633    3.6   -0.2     76   6.46     33    3.6  322.6  343.9  323.9
  583.9   4639    3.5   -0.1     77   6.51     33    3.5  322.6  344.0  323.9
  583.5   4645    3.5   -0.2     77   6.50     33    3.5  322.6  344.0  323.9
  583.0   4651    3.4   -0.2     77   6.50     33    3.4  322.7  344.0  323.9
  582.7   4657    3.4   -0.3     77   6.47     33    3.3  322.6  343.9  323.9
  582.2   4663    3.3   -0.5     76   6.37     33    3.3  322.7  343.6  323.9
  581.8   4669    3.4   -1.2     72   6.05     34    3.2  322.8  342.7  324.0
  581.3   4676    3.4   -1.4     71   5.96     34    3.1  322.9  342.6  324.1
  580.8   4683    3.3   -1.5     71   5.91     35    3.0  322.9  342.4  324.1
  580.3   4689    3.3   -2.0     68   5.73     37    2.9  323.0  341.9  324.1
  579.9   4695    3.3   -2.0     69   5.73     38    2.9  323.0  342.0  324.1
  579.4   4702    3.3   -2.1     68   5.69     40    2.8  323.0  341.9  324.2
  578.9   4708    3.2   -2.2     68   5.64     42    2.7  323.1  341.7  324.2
  578.4   4716    3.2   -2.6     66   5.49     44    2.6  323.1  341.3  324.2
  577.9   4723    3.2   -3.2     63   5.25     46    2.6  323.2  340.6  324.2
  577.4   4730    3.1   -3.2     63   5.23     48    2.5  323.2  340.6  324.2
  576.8   4738    3.0   -3.4     63   5.17     50    2.4  323.2  340.4  324.2
  576.2   4746    3.0   -3.6     62   5.09     52    2.3  323.2  340.2  324.2
  575.7   4754    2.9   -3.7     62   5.06     54    2.3  323.3  340.1  324.2
  575.2   4761    2.9   -3.7     62   5.06     56    2.2  323.3  340.1  324.3
  574.8   4767    2.8   -3.7     62   5.09     58    2.1  323.3  340.2  324.2
  574.3   4774    2.8   -3.7     63   5.09     59    2.0  323.3  340.2  324.3
  573.8   4780    2.7   -3.7     63   5.09     61    1.9  323.3  340.2  324.3
  573.4   4786    2.7   -3.7     63   5.08     63    1.8  323.3  340.2  324.3
  572.9   4793    2.6   -3.8     62   5.04     65    1.7  323.4  340.1  324.3
  572.5   4799    2.6   -4.1     61   4.93     67    1.6  323.4  339.9  324.4
  572.1   4805    2.6   -4.3     60   4.88     69    1.5  323.5  339.8  324.4
  571.7   4811    2.6   -4.3     61   4.89     71    1.4  323.5  339.8  324.4
  571.3   4816    2.5   -4.3     61   4.87     74    1.4  323.5  339.7  324.5
  570.9   4821    2.5   -4.4     60   4.83     77    1.3  323.5  339.6  324.5
  570.6   4827    2.4   -4.5     60   4.83     80    1.3  323.5  339.6  324.5
  570.2   4832    2.4   -4.4     61   4.85     84    1.2  323.5  339.7  324.4
  569.8   4837    2.3   -4.4     61   4.85     87    1.2  323.5  339.7  324.5
  569.4   4843    2.3   -4.5     61   4.82     89    1.2  323.5  339.6  324.5
  569.1   4847    2.3   -4.6     61   4.80     91    1.2  323.5  339.5  324.5
  568.8   4852    2.2   -4.6     61   4.79     93    1.3  323.5  339.5  324.5
  568.5   4856    2.2   -4.8     60   4.72     94    1.3  323.5  339.3  324.5
  568.1   4861    2.2   -4.9     59   4.68     94    1.3  323.7  339.3  324.6
  567.8   4866    2.2   -4.1     63   4.98     94    1.4  323.7  340.3  324.7
  567.4   4871    2.2   -3.6     65   5.16     93    1.4  323.8  341.0  324.8
  567.1   4876    2.2   -3.8     64   5.09     92    1.5  323.8  340.8  324.8
  566.8   4880    2.3   -3.9     64   5.08     91    1.5  323.9  340.9  324.9
  566.5   4885    2.3   -3.8     64   5.13     89    1.6  324.0  341.1  325.0
  566.1   4889    2.3   -4.4     61   4.88     88    1.6  324.1  340.4  325.0
  565.8   4894    2.3   -4.9     59   4.72     86    1.7  324.1  339.9  325.1
  565.5   4899    2.3   -5.0     59   4.69     85    1.8  324.2  339.9  325.1
  565.2   4904    2.3   -5.4     57   4.54     84    1.8  324.3  339.5  325.1
  564.8   4909    2.3   -5.5     56   4.49     84    1.9  324.3  339.4  325.2
  564.4   4914    2.3   -5.9     55   4.37     83    1.9  324.4  339.1  325.2
  564.1   4918    2.3   -6.1     54   4.30     83    2.0  324.4  338.9  325.2
  563.8   4923    2.3   -5.8     55   4.40     83    2.0  324.4  339.2  325.3
  563.4   4928    2.2   -6.2     54   4.27     83    2.1  324.4  338.8  325.3
  563.1   4933    2.3   -7.2     49   3.95     84    2.1  324.5  337.9  325.3
  562.7   4938    2.3   -7.9     47   3.76     84    2.1  324.6  337.4  325.3
  562.4   4943    2.3   -7.3     49   3.93     85    2.2  324.7  338.0  325.4
  562.1   4947    2.3   -6.6     52   4.16     86    2.2  324.7  338.7  325.5
  561.8   4952    2.2   -5.7     56   4.48     87    2.2  324.7  339.8  325.6
  561.5   4957    2.2   -5.5     57   4.54     87    2.2  324.7  340.0  325.6
  561.1   4961    2.3   -6.1     54   4.32     88    2.3  324.8  339.4  325.7
  560.8   4966    2.3   -7.4     49   3.93     88    2.3  324.9  338.3  325.7
  560.5   4970    2.3   -8.0     47   3.75     89    2.3  325.0  337.8  325.8
  560.2   4974    2.3   -7.8     47   3.80     89    2.3  325.1  338.0  325.8
  559.9   4979    2.3   -7.4     49   3.93     89    2.3  325.1  338.4  325.9
  559.6   4984    2.3   -7.6     48   3.86     89    2.4  325.2  338.3  325.9
  559.2   4989    2.4   -9.1     43   3.45     88    2.4  325.3  337.0  326.0
  558.9   4993    2.4  -10.4     38   3.10     88    2.4  325.4  336.0  326.0
  558.7   4997    2.4  -10.9     37   2.99     88    2.4  325.5  335.7  326.0
  558.4   5001    2.5  -10.8     37   3.01     88    2.4  325.5  335.9  326.1
  558.2   5004    2.5  -10.3     38   3.13     88    2.4  325.6  336.3  326.2
  557.9   5008    2.4  -10.2     39   3.17     88    2.4  325.6  336.5  326.2
  557.5   5013    2.4  -10.3     39   3.14     89    2.4  325.6  336.4  326.3
  557.3   5017    2.4  -10.4     38   3.11     89    2.4  325.7  336.3  326.3
  557.0   5021    2.4  -10.6     38   3.06     90    2.4  325.7  336.2  326.3
  556.7   5026    2.4  -11.0     36   2.96     90    2.4  325.7  335.9  326.3
  556.4   5030    2.4  -11.2     36   2.92     91    2.4  325.7  335.8  326.3
  556.1   5034    2.3  -11.1     36   2.95     92    2.4  325.8  335.9  326.3
  555.7   5039    2.3  -11.2     36   2.93     92    2.4  325.8  335.9  326.4
  555.4   5044    2.3  -11.5     35   2.87     93    2.4  325.8  335.7  326.4
  555.1   5048    2.3  -11.9     34   2.78     94    2.4  325.9  335.5  326.4
  554.8   5054    2.2  -11.6     35   2.83     94    2.4  325.9  335.7  326.4
  554.4   5059    2.2  -11.5     36   2.88     95    2.4  325.9  335.8  326.5
  554.0   5064    2.2  -11.4     36   2.88     96    2.4  325.9  335.9  326.5
  553.7   5068    2.1  -11.2     37   2.94     96    2.4  325.9  336.0  326.5
  553.4   5073    2.1  -10.8     38   3.05     97    2.5  325.9  336.4  326.5
  553.0   5079    2.0  -10.1     40   3.21     97    2.5  325.9  336.9  326.5
  552.7   5084    2.0   -9.4     43   3.39     97    2.5  325.9  337.5  326.6
  552.3   5089    1.9   -9.7     42   3.33     97    2.5  325.9  337.3  326.6
  552.1   5093    1.9  -10.8     38   3.04     98    2.5  326.0  336.5  326.6
  551.7   5098    2.0  -11.4     36   2.90     98    2.5  326.1  336.1  326.6
  551.4   5103    2.0  -11.5     36   2.89     98    2.5  326.1  336.1  326.7
  551.0   5108    1.9  -11.5     36   2.89     98    2.5  326.1  336.1  326.7
  550.7   5113    1.9  -11.5     36   2.89     98    2.5  326.2  336.2  326.7
  550.3   5118    1.9  -11.5     36   2.89     97    2.5  326.2  336.2  326.8
  550.0   5123    1.8  -11.5     36   2.89     97    2.4  326.2  336.2  326.8
  549.7   5127    1.8  -11.5     37   2.89     96    2.4  326.2  336.2  326.8
  549.4   5132    1.8  -11.5     37   2.89     96    2.4  326.2  336.2  326.8
  549.1   5136    1.7  -11.5     37   2.90     95    2.3  326.2  336.3  326.8
  548.8   5141    1.7  -11.5     37   2.91     95    2.3  326.2  336.3  326.8
  548.4   5147    1.7  -11.5     37   2.91     94    2.2  326.3  336.3  326.8
  548.0   5152    1.6  -11.4     37   2.92     93    2.2  326.3  336.4  326.9
  547.7   5157    1.6  -11.3     38   2.95     93    2.2  326.3  336.5  326.9
  547.5   5161    1.6  -11.1     38   3.00     92    2.1  326.3  336.7  326.9
  547.2   5165    1.6  -11.2     38   2.97     91    2.1  326.4  336.6  326.9
  546.8   5170    1.5  -11.4     38   2.93     90    2.1  326.4  336.5  327.0
  546.5   5175    1.5  -11.4     38   2.92     89    2.1  326.4  336.5  327.0
  546.2   5180    1.5  -11.5     38   2.92     88    2.2  326.4  336.5  327.0
  545.8   5184    1.4  -11.3     38   2.97     87    2.2  326.4  336.7  327.0
  545.5   5189    1.4  -10.8     40   3.07     86    2.2  326.4  337.0  327.1
  545.2   5194    1.4  -10.5     41   3.17     85    2.3  326.4  337.3  327.1
  544.8   5199    1.3  -10.3     42   3.22     84    2.3  326.5  337.5  327.1
  544.5   5204    1.3  -10.1     42   3.26     83    2.4  326.5  337.7  327.1
  544.2   5209    1.2   -9.9     43   3.32     82    2.5  326.5  337.9  327.1
  543.9   5213    1.2  -10.2     42   3.24     81    2.6  326.5  337.6  327.1
  543.5   5218    1.2  -10.4     42   3.20     80    2.6  326.5  337.6  327.2
  543.2   5224    1.2  -10.5     41   3.16     79    2.7  326.6  337.5  327.2
  542.8   5230    1.2  -11.1     40   3.03     78    2.8  326.6  337.1  327.2
  542.4   5235    1.2  -11.9     37   2.84     77    2.9  326.7  336.5  327.3
  542.1   5240    1.2  -12.8     34   2.63     77    3.0  326.8  335.9  327.3
  541.8   5245    1.2  -13.3     33   2.53     76    3.0  326.8  335.6  327.3
  541.4   5250    1.2  -13.7     32   2.45     76    3.1  326.9  335.5  327.4
  541.0   5256    1.2  -13.0     34   2.61     76    3.1  326.9  336.0  327.5
  540.7   5261    1.1  -11.9     37   2.84     76    3.2  326.9  336.8  327.5
  540.3   5266    1.0  -11.5     38   2.93     76    3.2  326.9  337.1  327.5
  540.0   5272    1.0  -11.7     38   2.91     76    3.2  326.9  337.0  327.5
  539.6   5277    1.0  -11.5     39   2.96     76    3.2  327.0  337.2  327.6
  539.3   5282    1.0  -11.9     37   2.85     76    3.2  327.0  336.9  327.6
  539.0   5286    1.0  -12.9     35   2.63     76    3.2  327.1  336.3  327.6
  538.6   5291    1.0  -14.0     32   2.41     76    3.2  327.2  335.6  327.6
  538.3   5297    1.0  -14.2     31   2.38     76    3.2  327.2  335.5  327.7
  537.9   5302    1.0  -13.9     32   2.42     76    3.2  327.2  335.7  327.7
  537.6   5307    0.9  -13.8     32   2.45     76    3.2  327.2  335.8  327.7
  537.2   5312    0.9  -13.8     32   2.46     76    3.2  327.2  335.8  327.7
  536.9   5317    0.8  -13.5     33   2.51     77    3.2  327.2  336.0  327.7
  536.5   5323    0.8  -12.9     35   2.64     77    3.2  327.2  336.4  327.8
  536.2   5327    0.7  -12.7     36   2.69     77    3.2  327.2  336.6  327.8
  535.9   5332    0.7  -12.6     36   2.71     77    3.2  327.2  336.6  327.8
  535.5   5338    0.6  -12.1     38   2.82     77    3.2  327.2  337.0  327.8
  535.2   5343    0.6  -12.0     38   2.86     77    3.2  327.2  337.1  327.8
  534.8   5348    0.5  -12.4     37   2.76     76    3.2  327.2  336.8  327.8
  534.5   5353    0.5  -12.9     36   2.65     76    3.2  327.3  336.5  327.8
  534.1   5359    0.5  -12.8     36   2.69     76    3.2  327.3  336.6  327.8
  533.7   5365    0.4  -13.0     36   2.65     76    3.2  327.3  336.6  327.9
  533.4   5370    0.4  -13.1     36   2.62     76    3.2  327.3  336.5  327.9
  533.0   5375    0.4  -13.4     35   2.56     76    3.2  327.4  336.3  327.9
  532.7   5380    0.3  -14.5     32   2.35     76    3.1  327.4  335.6  327.9
  532.4   5385    0.3  -14.8     31   2.27     76    3.1  327.4  335.4  327.9
  532.0   5391    0.3  -14.7     31   2.30     76    3.1  327.5  335.5  327.9
  531.6   5396    0.3  -14.6     32   2.32     76    3.1  327.5  335.6  328.0
  531.2   5402    0.2  -14.4     32   2.36     76    3.1  327.5  335.8  328.0
  530.9   5408    0.2  -14.6     32   2.33     76    3.0  327.5  335.7  328.0
  530.5   5413    0.1  -14.5     32   2.34     76    3.0  327.5  335.8  328.0
  530.2   5419    0.1  -14.4     33   2.36     76    3.0  327.5  335.8  328.0
  529.8   5424    0.1  -15.0     31   2.27     77    3.1  327.6  335.5  328.0
  529.4   5430    0.0  -14.9     32   2.29     77    3.1  327.6  335.6  328.0
  529.0   5436   -0.1  -14.3     33   2.40     77    3.1  327.6  336.0  328.1
  528.6   5442   -0.1  -12.9     37   2.68     77    3.1  327.6  336.9  328.1
  528.2   5448   -0.2  -11.8     41   2.94     77    3.2  327.5  337.7  328.1
  527.8   5454   -0.3  -12.4     39   2.79     76    3.2  327.5  337.3  328.1
  527.4   5460   -0.2  -14.6     33   2.35     76    3.3  327.6  335.9  328.1
  527.0   5466   -0.2  -15.6     30   2.15     77    3.3  327.7  335.3  328.2
  526.6   5473   -0.2  -15.5     31   2.17     77    3.3  327.8  335.4  328.2
  526.2   5479   -0.2  -15.9     30   2.11     77    3.4  327.8  335.3  328.3
  525.8   5485   -0.3  -15.8     30   2.14     77    3.4  327.9  335.4  328.3
  525.4   5491   -0.3  -16.0     29   2.09     78    3.4  327.9  335.3  328.3
  525.0   5496   -0.3  -15.7     30   2.15     78    3.4  328.0  335.6  328.4
  524.6   5503   -0.4  -15.2     32   2.25     79    3.3  328.0  335.9  328.4
  524.2   5509   -0.4  -14.4     34   2.40     79    3.3  328.0  336.4  328.5
  523.7   5516   -0.5  -13.7     36   2.54     80    3.3  328.0  336.9  328.5
  523.3   5523   -0.5  -14.1     35   2.45     81    3.2  328.1  336.6  328.5
  522.9   5529   -0.5  -14.4     34   2.40     81    3.2  328.1  336.5  328.6
  522.4   5536   -0.6  -14.7     34   2.35     82    3.2  328.1  336.4  328.6
  522.0   5542   -0.6  -15.1     33   2.28     82    3.1  328.1  336.2  328.6
  521.7   5548   -0.7  -15.2     32   2.25     83    3.1  328.1  336.1  328.6
  521.3   5554   -0.7  -15.2     33   2.26     83    3.1  328.2  336.1  328.6
  520.8   5561   -0.8  -15.1     33   2.29     83    3.0  328.2  336.2  328.6
  520.4   5567   -0.8  -14.4     35   2.41     83    3.0  328.2  336.6  328.7
  520.0   5574   -0.9  -13.2     39   2.66     84    3.0  328.2  337.5  328.7
  519.6   5580   -1.0  -13.0     40   2.70     84    3.0  328.2  337.6  328.7
  519.2   5586   -1.0  -13.0     40   2.72     84    3.0  328.1  337.6  328.7
  518.7   5593   -1.1  -13.0     40   2.71     85    3.0  328.2  337.6  328.7
  518.3   5599   -1.2  -13.2     39   2.67     85    3.0  328.2  337.5  328.7
  517.9   5606   -1.2  -13.5     39   2.61     85    3.0  328.2  337.3  328.7
  517.5   5612   -1.3  -13.7     38   2.57     85    2.9  328.2  337.2  328.7
  517.1   5618   -1.3  -13.9     38   2.52     86    2.9  328.2  337.0  328.7
  516.6   5625   -1.4  -13.9     38   2.53     86    2.9  328.2  337.1  328.7
  516.2   5632   -1.4  -13.9     38   2.53     86    2.9  328.2  337.1  328.7
  515.8   5638   -1.5  -13.9     38   2.53     86    2.9  328.2  337.1  328.7
  515.4   5644   -1.5  -13.9     38   2.54     85    2.8  328.3  337.1  328.8
  515.0   5650   -1.6  -14.0     38   2.53     85    2.8  328.3  337.1  328.8
  514.6   5656   -1.6  -14.0     38   2.52     84    2.8  328.3  337.1  328.8
  514.1   5663   -1.7  -14.1     38   2.51     84    2.7  328.3  337.1  328.8
  513.7   5671   -1.7  -14.2     38   2.48     83    2.7  328.3  337.0  328.8
  513.2   5678   -1.8  -14.4     38   2.46     82    2.7  328.3  337.0  328.8
  512.8   5684   -1.8  -14.4     38   2.44     80    2.7  328.4  336.9  328.8
  512.5   5690   -1.9  -14.3     38   2.46     79    2.7  328.3  337.0  328.8
  512.1   5696   -2.0  -14.1     39   2.52     78    2.6  328.3  337.1  328.8
  511.7   5702   -2.0  -14.0     39   2.54     77    2.6  328.3  337.2  328.8
  511.2   5708   -2.1  -13.9     40   2.57     75    2.6  328.4  337.3  328.9
  510.8   5715   -2.1  -13.6     41   2.63     74    2.6  328.4  337.6  328.9
  510.4   5721   -2.2  -13.4     42   2.68     74    2.6  328.4  337.7  328.9
  510.0   5727   -2.2  -13.6     41   2.63     73    2.6  328.4  337.6  328.9
  509.7   5733   -2.2  -13.8     41   2.58     73    2.6  328.4  337.5  328.9
  509.3   5739   -2.3  -14.6     38   2.43     72    2.6  328.5  337.0  328.9
  508.9   5746   -2.3  -15.4     36   2.28     72    2.6  328.5  336.5  329.0
  508.5   5752   -2.3  -15.6     35   2.23     73    2.6  328.6  336.4  329.0
  508.1   5758   -2.3  -15.9     35   2.18     73    2.6  328.6  336.3  329.0
  507.7   5764   -2.4  -16.3     34   2.12     73    2.6  328.6  336.1  329.1
  507.3   5770   -2.4  -16.4     33   2.10     74    2.6  328.7  336.1  329.1
  506.9   5777   -2.4  -16.2     34   2.14     75    2.6  328.7  336.3  329.1
  506.5   5783   -2.5  -15.8     35   2.22     75    2.6  328.7  336.6  329.2
  506.1   5789   -2.5  -15.3     37   2.30     76    2.5  328.8  336.9  329.2
  505.7   5795   -2.6  -14.7     39   2.43     76    2.5  328.8  337.3  329.3
  505.3   5801   -2.6  -14.3     40   2.51     76    2.4  328.8  337.6  329.3
  504.9   5807   -2.7  -14.3     40   2.51     76    2.4  328.8  337.6  329.3
  504.6   5813   -2.7  -14.3     41   2.52     76    2.4  328.8  337.6  329.3
  504.2   5819   -2.8  -14.4     40   2.50     76    2.3  328.8  337.6  329.3
  503.7   5826   -2.8  -14.9     39   2.39     76    2.3  328.9  337.3  329.3
  503.3   5832   -2.9  -14.3     41   2.52     75    2.3  328.9  337.7  329.4
  502.9   5838   -2.9  -13.7     43   2.64     75    2.3  328.9  338.1  329.4
  502.5   5845   -3.0  -13.7     43   2.65     75    2.2  328.9  338.2  329.4
  502.1   5851   -3.0  -14.3     41   2.53     74    2.2  329.0  337.8  329.5
  501.8   5857   -3.0  -14.7     40   2.44     74    2.3  329.0  337.6  329.5
  501.4   5863   -3.0  -15.0     39   2.38     74    2.3  329.0  337.4  329.5
  501.0   5869   -3.1  -15.0     39   2.38     74    2.3  329.0  337.4  329.5
  500.6   5875   -3.1  -15.0     39   2.39     74    2.3  329.0  337.4  329.5
  500.3   5881   -3.2  -15.0     40   2.39     74    2.3  329.0  337.4  329.5
  500.0   5885   -3.2  -15.1     39   2.38     74    2.3  329.0  337.4  329.5
  499.9   5886   -3.2  -15.1     39   2.38     74    2.4  329.0  337.4  329.5
  499.6   5891   -3.3  -15.1     40   2.37     74    2.4  329.0  337.4  329.5
  499.2   5897   -3.3  -15.1     40   2.38     74    2.4  329.1  337.4  329.5
  498.8   5903   -3.4  -15.0     40   2.39     74    2.5  329.1  337.5  329.5
  498.4   5909   -3.4  -15.1     40   2.39     74    2.5  329.1  337.5  329.5
  498.1   5915   -3.5  -15.1     40   2.38     74    2.5  329.1  337.4  329.5
  497.7   5921   -3.5  -15.3     40   2.34     74    2.6  329.1  337.3  329.5
  497.3   5927   -3.6  -15.5     39   2.30     74    2.6  329.1  337.2  329.6
  496.9   5933   -3.6  -15.8     38   2.25     74    2.6  329.1  337.1  329.6
  496.6   5939   -3.7  -16.0     38   2.22     74    2.6  329.1  337.0  329.6
  496.2   5944   -3.7  -16.0     38   2.22     73    2.7  329.1  337.0  329.6
  495.9   5950   -3.8  -16.0     38   2.23     73    2.7  329.1  337.0  329.6
  495.5   5956   -3.8  -16.1     38   2.21     73    2.7  329.1  336.9  329.6
  495.1   5962   -3.9  -16.1     38   2.21     73    2.7  329.2  337.0  329.6
  494.7   5969   -3.9  -15.8     39   2.26     72    2.6  329.2  337.1  329.6
  494.3   5975   -4.0  -15.8     39   2.26     72    2.6  329.2  337.1  329.6
  493.9   5981   -4.0  -16.0     39   2.23     72    2.6  329.2  337.1  329.6
  493.6   5987   -4.1  -16.1     39   2.21     71    2.6  329.2  337.0  329.6
  493.2   5993   -4.1  -16.5     38   2.14     71    2.5  329.2  336.8  329.6
  492.8   5999   -4.2  -16.6     37   2.12     71    2.5  329.2  336.7  329.7
  492.5   6005   -4.2  -16.3     38   2.17     71    2.5  329.2  336.9  329.7
  492.1   6010   -4.3  -16.0     40   2.24     71    2.5  329.2  337.2  329.7
  491.8   6016   -4.3  -15.5     42   2.34     71    2.4  329.2  337.5  329.7
  491.4   6022   -4.4  -15.7     41   2.30     71    2.4  329.3  337.4  329.7
  491.0   6028   -4.4  -16.4     39   2.17     71    2.4  329.3  337.0  329.7
  490.6   6034   -4.4  -17.0     37   2.07     71    2.5  329.4  336.7  329.8
  490.3   6040   -4.5  -17.2     36   2.03     72    2.5  329.4  336.6  329.8
  489.9   6046   -4.5  -17.3     36   2.02     72    2.5  329.4  336.6  329.8
  489.5   6052   -4.6  -17.2     36   2.03     72    2.6  329.4  336.6  329.8
  489.2   6058   -4.6  -17.2     37   2.04     73    2.6  329.4  336.6  329.8
  488.8   6064   -4.7  -17.0     37   2.07     73    2.7  329.4  336.7  329.8
  488.4   6070   -4.7  -16.9     38   2.09     74    2.8  329.4  336.8  329.8
  488.1   6076   -4.8  -16.6     39   2.14     74    2.8  329.4  337.0  329.8
  487.7   6081   -4.8  -16.3     40   2.20     75    2.9  329.4  337.2  329.9
  487.4   6087   -4.9  -16.0     41   2.26     76    2.9  329.4  337.4  329.9
  487.0   6092   -4.9  -16.1     41   2.25     76    3.0  329.5  337.4  329.9
  486.6   6098   -4.9  -16.1     41   2.24     77    3.1  329.5  337.4  329.9
  486.3   6104   -5.0  -16.1     41   2.24     78    3.1  329.5  337.4  330.0
  486.0   6109   -5.0  -16.1     41   2.25     79    3.2  329.5  337.5  330.0
  485.7   6114   -5.0  -16.1     42   2.26     79    3.2  329.5  337.5  330.0
  485.3   6120   -5.1  -16.1     42   2.26     80    3.2  329.6  337.6  330.0
  485.0   6125   -5.1  -16.2     42   2.24     80    3.3  329.6  337.5  330.1
  484.6   6131   -5.1  -16.3     41   2.21     81    3.3  329.6  337.5  330.1
  484.3   6137   -5.2  -16.6     40   2.16     81    3.3  329.7  337.3  330.1
  483.9   6142   -5.2  -16.9     39   2.10     82    3.4  329.7  337.2  330.1
  483.6   6147   -5.2  -16.9     39   2.11     82    3.4  329.7  337.2  330.2
  483.3   6152   -5.2  -16.7     40   2.16     82    3.4  329.8  337.4  330.2
  483.0   6158   -5.3  -16.5     41   2.18     82    3.4  329.8  337.5  330.2
  482.6   6163   -5.3  -16.4     41   2.20     82    3.5  329.8  337.6  330.2
  482.3   6168   -5.3  -15.7     44   2.34     83    3.5  329.8  338.1  330.3
  482.0   6174   -5.4  -14.7     48   2.55     83    3.6  329.8  338.8  330.3
  481.6   6179   -5.4  -15.2     46   2.45     83    3.6  329.9  338.5  330.4
  481.3   6184   -5.4  -15.4     45   2.39     84    3.6  330.0  338.4  330.5
  481.1   6189   -5.4  -15.4     45   2.41     84    3.7  330.0  338.6  330.5
  480.8   6194   -5.3  -17.0     39   2.10     85    3.7  330.1  337.6  330.6
  480.5   6199   -5.3  -18.9     33   1.79     86    3.7  330.3  336.7  330.6
  480.2   6203   -5.3  -18.9     33   1.79     87    3.7  330.4  336.8  330.7
  479.9   6209   -5.3  -18.4     35   1.87     88    3.7  330.4  337.1  330.8
  479.5   6214   -5.3  -18.2     35   1.90     89    3.7  330.4  337.3  330.8
  479.2   6219   -5.3  -17.4     38   2.05     90    3.7  330.5  337.8  330.9
  478.9   6224   -5.4  -16.2     42   2.26     91    3.7  330.5  338.5  330.9
  478.6   6229   -5.4  -15.9     43   2.32     92    3.7  330.5  338.7  331.0
  478.3   6234   -5.4  -16.6     41   2.19     93    3.6  330.6  338.4  331.0
  478.0   6239   -5.3  -17.7     37   1.99     94    3.6  330.7  337.8  331.1
  477.7   6244   -5.4  -15.2     46   2.46     95    3.6  330.7  339.4  331.2
  477.4   6250   -5.5  -13.5     53   2.84     95    3.6  330.7  340.6  331.2
  477.0   6255   -5.5  -13.6     53   2.82     96    3.6  330.7  340.6  331.2
  476.7   6261   -5.5  -13.5     53   2.83     96    3.6  330.7  340.6  331.3
  476.3   6267   -5.6  -13.7     53   2.79     97    3.6  330.7  340.5  331.3
  476.0   6272   -5.6  -13.9     52   2.74     96    3.7  330.8  340.4  331.3
  475.7   6277   -5.6  -14.1     51   2.70     96    3.7  330.8  340.3  331.3
  475.4   6282   -5.7  -14.4     50   2.65     96    3.7  330.8  340.1  331.3
  475.1   6287   -5.6  -14.8     48   2.55     95    3.8  330.9  339.9  331.4
  474.7   6293   -5.6  -14.5     50   2.63     95    3.8  331.0  340.2  331.5
  474.4   6298   -5.7  -14.0     52   2.74     94    3.9  331.0  340.6  331.5
  474.1   6304   -5.7  -13.9     53   2.77     94    3.9  331.0  340.7  331.5
  473.8   6309   -5.8  -13.7     54   2.82     93    4.0  331.0  340.9  331.5
  473.5   6314   -5.8  -13.5     54   2.85     93    4.1  331.0  341.0  331.5
  473.1   6319   -5.9  -13.6     54   2.84     92    4.1  331.0  341.0  331.6
  472.8   6325   -5.9  -13.6     55   2.84     92    4.2  331.0  341.0  331.5
  472.5   6330   -6.0  -13.6     55   2.83     92    4.3  331.0  340.9  331.5
  472.2   6335   -6.0  -13.7     55   2.82     92    4.4  331.0  340.9  331.5
  471.9   6340   -6.1  -13.8     54   2.79     92    4.4  331.0  340.8  331.5
  471.6   6345   -6.1  -14.0     54   2.75     92    4.5  331.0  340.7  331.6
  471.2   6351   -6.1  -14.1     53   2.74     92    4.6  331.1  340.7  331.6
  470.9   6356   -6.2  -14.1     53   2.73     92    4.7  331.1  340.7  331.6
  470.6   6361   -6.2  -14.2     53   2.72     92    4.8  331.0  340.6  331.6
  470.3   6366   -6.3  -14.3     53   2.69     92    4.9  331.1  340.6  331.6
  470.0   6371   -6.3  -14.4     53   2.67     92    5.0  331.1  340.5  331.6
  469.7   6376   -6.4  -14.5     52   2.64     92    5.1  331.1  340.4  331.6
  469.4   6381   -6.4  -14.7     52   2.62     92    5.2  331.1  340.3  331.6
  469.1   6386   -6.4  -14.8     52   2.59     92    5.2  331.1  340.3  331.6
  468.8   6391   -6.5  -15.1     50   2.53     92    5.3  331.1  340.1  331.6
  468.5   6397   -6.5  -15.7     48   2.40     92    5.3  331.1  339.7  331.6
  468.1   6403   -6.5  -16.6     44   2.23     92    5.4  331.2  339.2  331.7
  467.8   6409   -6.5  -17.7     40   2.03     93    5.4  331.3  338.6  331.7
  467.4   6414   -6.5  -18.1     39   1.97     93    5.4  331.4  338.5  331.8
  467.1   6420   -6.5  -19.1     36   1.82     93    5.4  331.4  338.0  331.8
  466.8   6425   -6.5  -19.5     35   1.76     93    5.4  331.5  337.8  331.8
  466.5   6430   -6.5  -19.6     35   1.74     94    5.4  331.5  337.8  331.8
  466.2   6435   -6.6  -19.9     34   1.70     94    5.4  331.5  337.7  331.9
  465.9   6440   -6.6  -20.3     33   1.63     94    5.4  331.6  337.5  331.9
  465.6   6445   -6.6  -20.8     31   1.57     95    5.4  331.6  337.3  331.9
  465.3   6450   -6.7  -21.0     31   1.54     96    5.4  331.6  337.2  331.9
  465.0   6456   -6.7  -21.6     30   1.47     96    5.5  331.6  337.0  331.9
  464.7   6461   -6.7  -21.8     29   1.45     97    5.5  331.7  337.0  332.0
  464.3   6466   -6.7  -21.8     29   1.44     97    5.5  331.7  337.0  332.0
  464.1   6471   -6.7  -21.6     30   1.47     98    5.5  331.7  337.1  332.0
  463.7   6476   -6.8  -21.6     30   1.47     99    5.5  331.8  337.1  332.1
  463.4   6482   -6.8  -21.6     30   1.47    100    5.5  331.8  337.2  332.1
  463.1   6487   -6.8  -22.1     28   1.41    100    5.5  331.8  337.0  332.1
  462.8   6492   -6.8  -22.5     28   1.37    101    5.5  331.9  336.9  332.2
  462.5   6497   -6.9  -22.1     29   1.41    102    5.5  331.9  337.1  332.2
  462.1   6503   -6.9  -21.4     30   1.50    102    5.5  331.9  337.4  332.2
  461.8   6509   -6.9  -20.7     33   1.60    102    5.5  332.0  337.8  332.3
  461.5   6514   -6.9  -21.4     30   1.50    103    5.5  332.0  337.5  332.3
  461.2   6519   -6.9  -22.3     28   1.39    103    5.5  332.1  337.2  332.4
  460.9   6524   -6.9  -22.6     27   1.35    103    5.5  332.2  337.1  332.4
  460.6   6529   -7.0  -21.8     29   1.45    103    5.5  332.2  337.5  332.5
  460.3   6534   -7.0  -20.5     33   1.63    103    5.5  332.2  338.1  332.5
  460.0   6539   -7.0  -20.1     34   1.68    103    5.4  332.3  338.4  332.6
  459.7   6544   -7.0  -20.0     35   1.70    103    5.4  332.3  338.5  332.6
  459.4   6549   -7.0  -21.0     32   1.57    103    5.3  332.3  338.1  332.7
  459.2   6554   -7.0  -23.5     25   1.26    103    5.3  332.5  337.1  332.7
  458.9   6558   -6.9  -24.9     22   1.11    103    5.2  332.6  336.7  332.8
  458.6   6563   -6.9  -24.5     23   1.15    103    5.2  332.7  337.0  332.9
  458.3   6569   -6.9  -24.1     24   1.19    103    5.1  332.7  337.1  333.0
  457.9   6575   -7.0  -22.7     27   1.35    103    5.1  332.7  337.7  333.0
  457.6   6580   -7.0  -21.2     31   1.55    104    5.1  332.7  338.4  333.0
  457.3   6585   -7.1  -20.9     32   1.58    104    5.0  332.7  338.5  333.1
  457.0   6590   -7.1  -21.5     31   1.51    104    5.0  332.8  338.3  333.1
  456.7   6596   -7.1  -22.1     29   1.43    105    5.0  332.8  338.0  333.1
  456.4   6601   -7.1  -21.9     30   1.45    105    5.0  332.9  338.2  333.2
  456.1   6606   -7.1  -19.0     38   1.88    106    5.0  332.9  339.7  333.3
  455.8   6612   -7.2  -16.3     48   2.35    106    5.0  332.8  341.2  333.3
  455.4   6618   -7.2  -17.6     43   2.11    106    5.0  332.9  340.5  333.3
  455.1   6623   -7.2  -18.4     40   1.97    107    5.0  333.0  340.1  333.4
  454.7   6629   -7.3  -18.6     40   1.94    107    5.1  333.0  340.0  333.4
  454.4   6635   -7.3  -19.6     37   1.79    107    5.1  333.1  339.6  333.4
  454.1   6640   -7.2  -21.8     30   1.48    107    5.1  333.2  338.6  333.5
  453.8   6644   -7.2  -23.4     26   1.28    107    5.1  333.3  338.1  333.6
  453.6   6649   -7.2  -20.8     33   1.62    107    5.1  333.4  339.3  333.7
  453.3   6654   -7.3  -18.7     40   1.93    107    5.1  333.3  340.3  333.7
  453.0   6659   -7.3  -18.2     41   2.02    107    5.1  333.3  340.6  333.7
  452.7   6665   -7.4  -18.0     42   2.05    106    5.1  333.3  340.7  333.7
  452.3   6670   -7.4  -18.3     41   2.01    106    5.0  333.4  340.6  333.8
  452.0   6676   -7.3  -19.8     36   1.76    106    5.0  333.5  339.9  333.9
  451.7   6682   -7.3  -20.8     33   1.62    106    4.9  333.6  339.6  334.0
  451.4   6687   -7.3  -21.5     31   1.52    105    4.9  333.7  339.3  334.0
  451.1   6692   -7.3  -22.3     29   1.43    105    4.9  333.8  339.0  334.0
  450.8   6697   -7.3  -22.4     29   1.41    105    4.8  333.8  339.0  334.1
  450.5   6702   -7.3  -21.3     32   1.55    104    4.8  333.8  339.5  334.1
  450.1   6708   -7.4  -20.4     35   1.68    104    4.7  333.8  339.9  334.2
  449.8   6713   -7.5  -19.0     39   1.90    104    4.7  333.8  340.7  334.2
  449.5   6719   -7.5  -18.9     40   1.92    104    4.7  333.8  340.8  334.2
  449.2   6725   -7.5  -20.5     35   1.67    104    4.7  333.9  340.0  334.2
  448.9   6730   -7.4  -23.6     26   1.27    105    4.7  334.0  338.7  334.3
  448.6   6735   -7.4  -26.0     21   1.03    105    4.7  334.2  338.1  334.4
  448.3   6741   -7.3  -26.1     21   1.02    105    4.7  334.3  338.1  334.5
  448.0   6746   -7.4  -25.8     21   1.05    106    4.7  334.3  338.2  334.5
  447.7   6751   -7.4  -25.8     22   1.05    106    4.7  334.3  338.3  334.6
  447.3   6757   -7.4  -25.6     22   1.07    107    4.8  334.4  338.4  334.6
  447.0   6762   -7.5  -25.8     22   1.05    108    4.8  334.4  338.4  334.6
  446.7   6768   -7.5  -25.3     23   1.09    108    4.8  334.4  338.5  334.6
  446.4   6774   -7.6  -24.6     24   1.17    109    4.8  334.4  338.8  334.7
  446.0   6779   -7.6  -22.7     29   1.39    109    4.8  334.4  339.5  334.7
  445.7   6785   -7.7  -19.9     37   1.77    110    4.7  334.4  340.9  334.8
  445.4   6791   -7.7  -18.8     41   1.96    110    4.7  334.4  341.6  334.8
  445.0   6797   -7.8  -15.9     52   2.50    111    4.7  334.5  343.4  335.0
  444.7   6803   -7.8  -16.3     50   2.42    111    4.7  334.5  343.2  335.0
  444.4   6809   -7.6  -20.4     35   1.70    111    4.6  334.7  341.0  335.1
  444.0   6815   -7.6  -20.9     34   1.64    112    4.6  334.9  340.9  335.2
  443.7   6821   -7.6  -20.6     35   1.68    112    4.6  334.9  341.1  335.3
  443.3   6827   -7.6  -21.9     31   1.50    112    4.6  335.0  340.5  335.3
  443.0   6833   -7.6  -23.4     27   1.31    113    4.6  335.1  339.9  335.3
  442.6   6839   -7.6  -24.4     25   1.20    113    4.6  335.1  339.6  335.4
  442.3   6845   -7.7  -25.2     23   1.12    113    4.7  335.2  339.4  335.4
  442.0   6851   -7.7  -26.0     22   1.04    113    4.7  335.2  339.1  335.4
  441.6   6856   -7.7  -26.2     21   1.02    114    4.8  335.3  339.1  335.5
  441.3   6862   -7.8  -26.5     21   1.00    113    4.8  335.3  339.0  335.5
  441.0   6868   -7.8  -26.9     20   0.96    113    4.9  335.3  338.9  335.5
  440.6   6874   -7.8  -27.2     19   0.93    113    5.0  335.3  338.8  335.5
  440.3   6880   -7.9  -27.5     19   0.91    112    5.1  335.3  338.8  335.5
  440.0   6886   -7.9  -27.7     19   0.89    112    5.2  335.3  338.7  335.5
  439.6   6892   -8.0  -27.9     18   0.88    111    5.3  335.3  338.7  335.5
  439.3   6898   -8.0  -28.1     18   0.87    110    5.3  335.3  338.6  335.5
  439.0   6904   -8.1  -28.0     18   0.87    109    5.4  335.3  338.7  335.5
  438.6   6909   -8.1  -27.7     19   0.90    107    5.5  335.4  338.8  335.6
  438.3   6915   -8.2  -27.2     20   0.94    106    5.5  335.4  338.9  335.6
  437.9   6922   -8.3  -27.1     20   0.95    105    5.5  335.4  339.0  335.6
  437.6   6928   -8.3  -26.1     22   1.05    104    5.6  335.4  339.3  335.6
  437.2   6935   -8.4  -25.2     24   1.13    103    5.6  335.4  339.6  335.6
  436.9   6941   -8.5  -24.2     27   1.24    102    5.6  335.3  340.0  335.6
  436.5   6947   -8.5  -22.2     32   1.49    101    5.6  335.3  340.8  335.6
  436.2   6953   -8.6  -20.9     36   1.67    101    5.6  335.3  341.4  335.6
  435.9   6959   -8.7  -19.6     41   1.87    101    5.6  335.3  342.1  335.7
  435.5   6965   -8.7  -18.7     44   2.01    101    5.6  335.3  342.6  335.7
  435.2   6971   -8.8  -18.4     46   2.07    101    5.5  335.3  342.8  335.8
  434.9   6977   -8.8  -18.1     47   2.12    101    5.5  335.4  343.1  335.8
  434.5   6983   -8.8  -18.2     47   2.10    101    5.5  335.4  343.0  335.8
  434.2   6989   -8.8  -18.5     46   2.06    102    5.5  335.5  342.9  335.9
  433.8   6995   -8.9  -18.6     45   2.03    102    5.4  335.5  342.9  335.9
  433.5   7001   -8.9  -18.5     46   2.05    103    5.4  335.5  343.0  336.0
  433.1   7007   -8.9  -18.4     46   2.08    104    5.4  335.6  343.1  336.0
  432.8   7013   -9.0  -18.4     47   2.09    104    5.4  335.6  343.1  336.0
  432.5   7019   -9.0  -18.3     47   2.09    105    5.4  335.6  343.2  336.0
  432.1   7025   -9.1  -18.3     47   2.10    106    5.5  335.6  343.2  336.0
  431.8   7031   -9.2  -18.4     47   2.09    106    5.5  335.6  343.1  336.0
  431.5   7037   -9.2  -18.4     47   2.08    107    5.5  335.6  343.1  336.0
  431.2   7042   -9.3  -18.5     47   2.07    108    5.5  335.6  343.1  336.0
  430.8   7049   -9.3  -18.8     46   2.02    108    5.5  335.6  342.9  336.0
  430.5   7055   -9.4  -19.2     45   1.95    109    5.5  335.6  342.7  336.0
  430.1   7061   -9.4  -19.5     44   1.90    110    5.5  335.6  342.6  336.0
  429.8   7067   -9.5  -19.7     43   1.87    110    5.5  335.6  342.5  336.0
  429.5   7073   -9.5  -20.0     42   1.82    111    5.5  335.6  342.3  336.0
  429.1   7079   -9.6  -20.3     41   1.78    112    5.4  335.7  342.2  336.0
  428.8   7086   -9.6  -20.8     40   1.70    112    5.4  335.7  341.9  336.0
  428.4   7091   -9.6  -21.6     37   1.59    113    5.4  335.7  341.6  336.1
  428.1   7098   -9.7  -22.2     35   1.52    114    5.4  335.8  341.4  336.1
  427.8   7104   -9.7  -22.8     34   1.44    115    5.4  335.8  341.1  336.1
  427.5   7109   -9.7  -23.9     30   1.30    116    5.3  335.8  340.7  336.1
  427.1   7115   -9.7  -25.7     26   1.11    117    5.3  335.9  340.0  336.1
  426.8   7121   -9.8  -27.3     23   0.96    118    5.3  335.9  339.6  336.1
  426.4   7128   -9.8  -28.8     20   0.84    118    5.3  336.0  339.2  336.2
  426.1   7134   -9.8  -29.2     19   0.80    119    5.3  336.1  339.1  336.2
  425.8   7140   -9.8  -29.5     18   0.78    120    5.3  336.1  339.1  336.3
  425.4   7146   -9.8  -29.5     18   0.78    121    5.3  336.2  339.2  336.3
  425.1   7152   -9.9  -28.8     20   0.83    122    5.3  336.2  339.3  336.3
  424.8   7157   -9.9  -28.9     20   0.83    123    5.3  336.2  339.3  336.3
  424.5   7163  -10.0  -29.1     19   0.82    123    5.3  336.2  339.3  336.3
  424.1   7170  -10.0  -29.5     19   0.78    124    5.3  336.2  339.2  336.4
  423.7   7177  -10.1  -29.7     18   0.77    125    5.4  336.2  339.2  336.4
  423.4   7184  -10.1  -29.7     19   0.77    125    5.4  336.3  339.2  336.4
  423.0   7190  -10.1  -29.6     19   0.78    126    5.4  336.3  339.3  336.5
  422.7   7196  -10.2  -29.6     19   0.78    126    5.4  336.3  339.3  336.5
  422.3   7202  -10.2  -29.5     19   0.79    126    5.4  336.4  339.4  336.5
  422.0   7209  -10.2  -29.3     19   0.80    127    5.5  336.4  339.5  336.6
  421.7   7215  -10.2  -29.3     19   0.80    127    5.5  336.5  339.6  336.6
  421.3   7221  -10.3  -29.3     19   0.80    127    5.5  336.5  339.6  336.7
  421.0   7227  -10.3  -29.3     19   0.80    127    5.5  336.5  339.6  336.7
  420.6   7234  -10.4  -29.1     20   0.82    128    5.5  336.5  339.7  336.7
  420.3   7240  -10.4  -28.9     20   0.84    128    5.5  336.5  339.8  336.7
  420.0   7246  -10.5  -28.5     21   0.87    128    5.5  336.6  339.9  336.8
  419.6   7252  -10.5  -28.0     22   0.91    128    5.5  336.6  340.1  336.8
  419.2   7259  -10.5  -28.3     22   0.89    128    5.5  336.7  340.1  336.9
  418.9   7265  -10.5  -28.4     22   0.88    128    5.5  336.7  340.1  336.9
  418.6   7271  -10.6  -28.2     22   0.90    128    5.5  336.7  340.2  336.9
  418.2   7278  -10.6  -28.1     22   0.91    128    5.5  336.8  340.2  336.9
  417.9   7284  -10.7  -28.1     22   0.91    128    5.5  336.8  340.2  337.0
  417.6   7290  -10.7  -28.4     22   0.89    128    5.5  336.8  340.2  337.0
  417.3   7295  -10.7  -28.6     21   0.87    128    5.5  336.8  340.1  337.0
  417.0   7300  -10.8  -29.1     21   0.83    128    5.5  336.8  340.0  337.0
  416.6   7307  -10.8  -30.1     19   0.76    128    5.6  336.9  339.8  337.1
  416.3   7313  -10.8  -30.9     17   0.70    127    5.6  337.0  339.7  337.1
  416.0   7318  -10.8  -31.6     16   0.65    127    5.6  337.0  339.6  337.2
  415.7   7324  -10.8  -32.4     15   0.61    126    5.6  337.1  339.5  337.2
  415.4   7329  -10.8  -32.8     15   0.59    126    5.6  337.2  339.4  337.3
  415.1   7335  -10.8  -33.5     14   0.55    126    5.6  337.2  339.4  337.3
  414.8   7341  -10.9  -33.8     13   0.53    125    5.7  337.3  339.3  337.4
  414.5   7347  -10.9  -33.9     13   0.52    125    5.7  337.3  339.3  337.4
  414.1   7353  -10.9  -34.1     13   0.52    125    5.7  337.3  339.3  337.4
  413.8   7359  -11.0  -34.5     12   0.50    125    5.7  337.4  339.3  337.5
  413.5   7364  -11.0  -34.8     12   0.48    125    5.8  337.4  339.3  337.5
  413.2   7370  -11.0  -34.8     12   0.48    125    5.8  337.4  339.3  337.5
  412.9   7376  -11.1  -34.8     12   0.48    125    5.9  337.4  339.3  337.5
  412.6   7381  -11.1  -34.8     12   0.48    125    5.9  337.5  339.4  337.6
  412.3   7387  -11.1  -34.8     12   0.48    125    6.0  337.5  339.4  337.6
  412.0   7393  -11.2  -34.9     12   0.48    125    6.0  337.5  339.4  337.6
  411.7   7399  -11.2  -35.0     12   0.47    126    6.1  337.5  339.4  337.6
  411.4   7405  -11.2  -35.1     12   0.47    126    6.2  337.6  339.4  337.7
  411.0   7411  -11.3  -35.1     12   0.47    127    6.3  337.6  339.5  337.7
  410.7   7418  -11.3  -35.1     12   0.47    127    6.4  337.6  339.5  337.7
  410.3   7424  -11.4  -35.1     12   0.47    128    6.5  337.6  339.5  337.7
  410.0   7430  -11.4  -35.0     12   0.48    129    6.6  337.7  339.6  337.8
  409.7   7435  -11.5  -34.9     12   0.48    129    6.7  337.7  339.6  337.8
  409.4   7441  -11.5  -34.9     13   0.48    130    6.8  337.7  339.6  337.8
  409.1   7447  -11.6  -34.8     13   0.49    130    6.9  337.7  339.6  337.8
  408.8   7453  -11.6  -34.8     13   0.49    131    7.0  337.7  339.6  337.8
  408.5   7458  -11.6  -34.6     13   0.50    131    7.1  337.7  339.7  337.8
  408.2   7464  -11.7  -34.5     13   0.50    132    7.1  337.8  339.7  337.9
  407.9   7469  -11.7  -34.5     13   0.51    132    7.1  337.8  339.8  337.9
  407.6   7475  -11.8  -34.4     13   0.51    132    7.2  337.8  339.8  337.9
  407.3   7480  -11.8  -34.4     13   0.51    133    7.2  337.8  339.8  337.9
  407.0   7486  -11.8  -34.3     14   0.52    133    7.2  337.9  339.9  338.0
  406.8   7491  -11.8  -34.4     14   0.51    133    7.2  337.9  339.9  338.0
  406.5   7496  -11.9  -34.3     14   0.51    133    7.1  337.9  339.9  338.0
  406.1   7502  -11.9  -33.6     15   0.55    134    7.1  337.9  340.1  338.0
  405.8   7508  -12.0  -32.7     16   0.60    134    7.1  337.9  340.3  338.1
  405.5   7514  -12.0  -33.0     16   0.59    134    7.0  337.9  340.2  338.1
  405.2   7520  -12.1  -33.6     15   0.55    135    7.0  338.0  340.1  338.1
  404.9   7525  -12.1  -34.0     14   0.53    135    7.0  338.0  340.1  338.1
  404.6   7531  -12.2  -34.2     14   0.53    136    7.0  338.0  340.0  338.1
  404.3   7537  -12.2  -34.3     14   0.52    136    7.0  338.0  340.0  338.1
  404.0   7543  -12.3  -34.3     14   0.52    136    7.0  338.0  340.0  338.1
  403.7   7549  -12.3  -34.4     14   0.52    136    7.1  338.0  340.0  338.1
  403.4   7555  -12.4  -34.4     14   0.52    136    7.1  338.0  340.0  338.1
  403.0   7561  -12.4  -34.4     14   0.52    136    7.1  338.0  340.0  338.1
  402.7   7567  -12.5  -34.4     14   0.51    136    7.2  338.0  340.0  338.1
  402.4   7572  -12.5  -34.3     14   0.52    136    7.2  338.0  340.1  338.1
  402.2   7578  -12.6  -34.2     15   0.53    136    7.3  338.0  340.1  338.1
  401.9   7583  -12.6  -33.9     15   0.55    135    7.4  338.0  340.2  338.1
  401.6   7588  -12.7  -32.8     17   0.61    135    7.4  338.0  340.4  338.2
  401.3   7594  -12.7  -31.9     18   0.66    135    7.5  338.1  340.6  338.2
  401.0   7600  -12.8  -31.5     19   0.68    135    7.6  338.1  340.7  338.2
  400.7   7605  -12.8  -31.6     19   0.68    135    7.6  338.1  340.7  338.2
  400.4   7610  -12.9  -31.3     20   0.70    134    7.7  338.1  340.8  338.2
  400.1   7616  -12.9  -30.0     23   0.80    134    7.7  338.1  341.1  338.2
  400.0   7619  -13.0  -29.7     23   0.82    134    7.7  338.1  341.2  338.2
  399.9   7622  -13.0  -29.5     24   0.84    134    7.7  338.0  341.2  338.2
  399.6   7627  -13.0  -28.7     26   0.90    134    7.8  338.0  341.5  338.2
  399.3   7632  -13.1  -26.7     31   1.09    134    7.8  338.0  342.1  338.2
  399.0   7638  -13.2  -25.4     35   1.22    134    7.8  338.0  342.6  338.2
  398.7   7643  -13.2  -25.7     34   1.19    135    7.9  338.0  342.5  338.2
  398.5   7648  -13.2  -27.5     29   1.01    135    7.9  338.0  341.9  338.2
  398.2   7653  -13.2  -28.1     28   0.95    135    7.9  338.1  341.8  338.3
  397.9   7659  -13.3  -26.6     32   1.10    135    7.9  338.1  342.3  338.3
  397.6   7664  -13.4  -26.1     34   1.15    135    7.9  338.1  342.5  338.4
  397.4   7669  -13.4  -25.7     35   1.19    135    7.9  338.1  342.6  338.4
  397.1   7675  -13.4  -25.8     35   1.18    135    7.9  338.2  342.6  338.4
  396.8   7680  -13.4  -25.9     34   1.17    135    7.9  338.2  342.6  338.4
  396.5   7685  -13.5  -25.6     35   1.21    135    7.9  338.2  342.8  338.5
  396.3   7690  -13.5  -25.1     37   1.26    135    7.9  338.2  343.0  338.5
  396.0   7696  -13.6  -25.2     37   1.25    135    7.9  338.2  342.9  338.5
  395.6   7702  -13.6  -25.6     36   1.20    135    7.9  338.3  342.8  338.5
  395.4   7708  -13.6  -26.3     33   1.13    135    7.9  338.3  342.6  338.5
  395.1   7712  -13.7  -26.5     33   1.11    135    7.9  338.3  342.5  338.5
  394.8   7718  -13.7  -26.9     32   1.07    135    8.0  338.3  342.4  338.6
  394.5   7723  -13.8  -27.0     32   1.06    135    8.0  338.3  342.4  338.6
  394.3   7729  -13.8  -27.0     32   1.07    134    8.0  338.3  342.4  338.6
  394.0   7734  -13.8  -26.7     33   1.10    134    8.0  338.4  342.5  338.6
  393.7   7739  -13.9  -26.6     33   1.10    134    8.0  338.4  342.6  338.6
  393.4   7745  -13.9  -26.9     33   1.08    134    8.0  338.4  342.5  338.6
  393.2   7750  -14.0  -26.7     33   1.10    133    8.0  338.4  342.5  338.6
  392.9   7755  -14.0  -26.0     36   1.17    133    8.0  338.4  342.8  338.6
  392.6   7760  -14.1  -25.6     37   1.21    133    7.9  338.4  343.0  338.7
  392.3   7766  -14.1  -25.5     37   1.23    132    7.9  338.5  343.1  338.7
  392.1   7771  -14.1  -24.6     41   1.33    132    7.9  338.4  343.4  338.7
  391.7   7777  -14.2  -23.9     44   1.42    131    7.8  338.5  343.8  338.8
  391.5   7783  -14.3  -23.7     45   1.45    131    7.8  338.4  343.9  338.7
  391.2   7788  -14.3  -23.2     47   1.51    130    7.7  338.4  344.1  338.7
  390.9   7794  -14.4  -22.5     50   1.61    130    7.7  338.4  344.4  338.8
  390.6   7799  -14.4  -22.6     50   1.60    129    7.7  338.5  344.4  338.8
  390.3   7805  -14.5  -22.7     50   1.59    129    7.6  338.5  344.4  338.8
  390.0   7810  -14.5  -22.8     49   1.58    128    7.6  338.5  344.4  338.8
  389.7   7816  -14.5  -23.1     48   1.54    128    7.5  338.6  344.3  338.9
  389.5   7822  -14.5  -23.8     45   1.44    128    7.5  338.6  344.0  338.9
  389.2   7827  -14.5  -24.2     44   1.39    127    7.5  338.6  343.8  338.9
  388.9   7833  -14.6  -25.1     40   1.28    127    7.4  338.7  343.5  338.9
  388.6   7838  -14.6  -25.5     39   1.24    127    7.4  338.7  343.4  339.0
  388.3   7844  -14.7  -25.8     38   1.21    127    7.4  338.7  343.3  339.0
  388.0   7850  -14.7  -25.9     38   1.20    127    7.3  338.7  343.3  339.0
  387.7   7855  -14.8  -25.6     39   1.23    127    7.3  338.7  343.4  339.0
  387.4   7861  -14.8  -25.5     40   1.25    128    7.3  338.8  343.5  339.0
  387.1   7867  -14.8  -25.4     40   1.26    128    7.2  338.8  343.5  339.0
  386.9   7872  -14.9  -25.3     40   1.26    129    7.2  338.8  343.6  339.1
  386.5   7879  -14.9  -25.4     40   1.26    130    7.2  338.9  343.6  339.1
  386.2   7885  -14.9  -25.5     40   1.25    130    7.2  338.9  343.6  339.2
  385.9   7891  -14.9  -25.6     40   1.24    131    7.2  338.9  343.6  339.2
  385.6   7896  -15.0  -25.7     39   1.22    132    7.2  339.0  343.6  339.2
  385.4   7901  -15.0  -25.8     39   1.21    133    7.2  339.0  343.5  339.2
  385.1   7907  -15.1  -25.9     39   1.20    133    7.3  339.0  343.5  339.2
  384.8   7913  -15.1  -26.2     38   1.18    134    7.3  339.0  343.5  339.3
  384.5   7919  -15.1  -26.3     38   1.16    135    7.3  339.1  343.5  339.3
  384.2   7924  -15.2  -26.3     38   1.16    135    7.4  339.1  343.5  339.3
  384.0   7929  -15.2  -26.4     38   1.16    135    7.4  339.0  343.4  339.3
  383.7   7935  -15.3  -26.5     38   1.14    136    7.5  339.1  343.4  339.3
  383.4   7941  -15.3  -26.6     37   1.14    136    7.5  339.1  343.4  339.3
  383.1   7947  -15.3  -26.8     37   1.12    136    7.6  339.1  343.4  339.4
  382.8   7952  -15.4  -26.9     37   1.11    136    7.6  339.2  343.4  339.4
  382.6   7956  -15.4  -26.9     37   1.10    136    7.7  339.2  343.3  339.4
  382.3   7962  -15.4  -27.1     36   1.09    136    7.7  339.2  343.3  339.4
  382.0   7967  -15.5  -27.4     35   1.06    135    7.8  339.2  343.3  339.4
  381.8   7972  -15.5  -27.6     35   1.04    135    7.8  339.2  343.2  339.5
  381.5   7977  -15.5  -27.7     34   1.03    134    7.8  339.3  343.2  339.5
  381.2   7983  -15.6  -28.1     33   1.00    134    7.8  339.3  343.1  339.5
  380.9   7989  -15.6  -28.9     31   0.92    133    7.8  339.4  342.9  339.6
  380.6   7995  -15.6  -30.1     28   0.83    133    7.8  339.5  342.7  339.6
  380.4   8000  -15.6  -31.5     24   0.73    132    7.8  339.5  342.3  339.6
  380.1   8005  -15.6  -31.2     25   0.74    131    7.8  339.6  342.4  339.7
  379.9   8010  -15.6  -30.4     27   0.80    131    7.8  339.5  342.7  339.7
  379.6   8015  -15.7  -30.0     28   0.83    130    7.8  339.6  342.8  339.7
  379.3   8021  -15.7  -29.8     29   0.86    130    7.8  339.6  342.9  339.7
  379.1   8026  -15.8  -29.7     29   0.86    129    7.7  339.6  342.9  339.7
  378.8   8030  -15.8  -30.0     28   0.84    129    7.7  339.6  342.8  339.8
  378.6   8036  -15.8  -30.1     28   0.83    129    7.7  339.6  342.8  339.8
  378.3   8042  -15.9  -30.2     28   0.83    129    7.6  339.7  342.8  339.8
  378.0   8047  -15.9  -30.8     27   0.78    129    7.6  339.7  342.8  339.9
  377.7   8053  -15.8  -32.5     22   0.66    129    7.6  339.9  342.5  340.0
  377.4   8058  -15.8  -34.2     19   0.56    129    7.6  340.0  342.3  340.2
  377.2   8064  -15.7  -35.1     17   0.51    129    7.5  340.2  342.2  340.3
  376.9   8070  -15.7  -35.4     17   0.50    129    7.5  340.2  342.2  340.3
  376.6   8076  -15.7  -35.5     17   0.50    129    7.5  340.3  342.3  340.4
  376.3   8080  -15.8  -35.3     17   0.50    129    7.5  340.3  342.3  340.4
  376.1   8085  -15.8  -35.2     17   0.51    129    7.5  340.3  342.3  340.4
  375.8   8092  -15.8  -35.2     17   0.51    129    7.5  340.3  342.4  340.4
  375.5   8098  -15.9  -35.1     17   0.51    128    7.5  340.4  342.4  340.5
  375.2   8103  -15.9  -35.1     18   0.52    128    7.5  340.4  342.4  340.5
  375.0   8108  -16.0  -35.1     18   0.52    128    7.5  340.3  342.4  340.4
  374.7   8114  -16.0  -35.1     18   0.52    127    7.6  340.3  342.4  340.5
  374.4   8120  -16.1  -35.2     18   0.51    127    7.6  340.4  342.4  340.5
  374.1   8126  -16.1  -35.2     18   0.51    126    7.6  340.4  342.4  340.5
  373.8   8132  -16.2  -35.2     18   0.51    126    7.6  340.4  342.4  340.5
  373.5   8137  -16.2  -35.0     18   0.52    125    7.7  340.4  342.5  340.5
  373.3   8142  -16.3  -34.6     19   0.54    125    7.7  340.4  342.5  340.5
  373.0   8148  -16.3  -34.4     19   0.56    124    7.7  340.4  342.6  340.5
  372.7   8154  -16.4  -34.3     20   0.56    124    7.7  340.4  342.7  340.5
  372.4   8159  -16.4  -34.2     20   0.57    123    7.7  340.5  342.7  340.6
  372.2   8165  -16.5  -34.2     20   0.57    123    7.8  340.4  342.7  340.6
  371.8   8171  -16.5  -34.4     20   0.56    122    7.8  340.5  342.7  340.6
  371.5   8177  -16.5  -35.1     19   0.52    122    7.8  340.5  342.6  340.7
  371.3   8183  -16.5  -35.6     18   0.50    121    7.8  340.6  342.6  340.7
  371.0   8188  -16.5  -35.2     18   0.52    121    7.8  340.6  342.7  340.7
  370.8   8193  -16.6  -34.3     20   0.56    120    7.7  340.7  342.9  340.8
  370.5   8198  -16.6  -33.4     22   0.62    120    7.7  340.7  343.1  340.8
  370.2   8204  -16.7  -33.2     22   0.63    120    7.7  340.7  343.2  340.8
  369.9   8210  -16.7  -33.3     22   0.63    120    7.6  340.7  343.2  340.8
  369.7   8215  -16.8  -33.0     23   0.64    120    7.6  340.7  343.2  340.8
  369.4   8220  -16.8  -32.8     24   0.66    120    7.5  340.8  343.3  340.9
  369.1   8226  -16.8  -33.1     23   0.64    120    7.4  340.8  343.3  341.0
  368.8   8232  -16.8  -33.3     22   0.63    121    7.3  340.9  343.3  341.0
  368.6   8238  -16.8  -33.3     23   0.63    122    7.1  340.9  343.4  341.0
  368.3   8243  -16.9  -33.3     23   0.63    123    7.0  340.9  343.4  341.0
  368.0   8248  -16.9  -33.4     23   0.62    124    6.9  340.9  343.4  341.1
  367.7   8254  -17.0  -33.5     22   0.62    125    6.7  341.0  343.4  341.1
  367.4   8261  -17.0  -34.0     21   0.59    126    6.6  341.0  343.3  341.1
  367.1   8267  -17.0  -35.3     19   0.52    127    6.5  341.1  343.2  341.2
  366.8   8273  -16.9  -36.8     16   0.45    128    6.4  341.2  343.0  341.3
  366.6   8278  -16.9  -38.2     14   0.39    130    6.3  341.3  342.9  341.4
  366.3   8284  -16.9  -39.7     12   0.33    131    6.2  341.4  342.8  341.5
  366.0   8290  -16.8  -41.6     10   0.27    132    6.1  341.6  342.7  341.6
  365.7   8296  -16.8  -42.3      9   0.25    133    6.0  341.7  342.7  341.7
  365.4   8301  -16.9  -42.4      9   0.25    134    5.9  341.7  342.7  341.7
  365.2   8307  -16.9  -42.5      9   0.25    135    5.8  341.7  342.7  341.7
  364.9   8313  -16.9  -43.1      8   0.23    135    5.8  341.7  342.7  341.8
  364.6   8318  -17.0  -43.6      8   0.22    136    5.7  341.8  342.7  341.8
  364.4   8323  -17.0  -43.7      8   0.22    136    5.7  341.8  342.7  341.8
  364.1   8330  -17.0  -43.8      8   0.22    137    5.6  341.8  342.7  341.8
  363.8   8336  -17.1  -44.0      8   0.21    137    5.6  341.8  342.7  341.9
  363.5   8342  -17.1  -44.3      7   0.21    138    5.6  341.9  342.7  341.9
  363.2   8348  -17.1  -44.5      7   0.20    138    5.6  341.9  342.8  342.0
  362.9   8353  -17.2  -44.6      7   0.20    139    5.6  341.9  342.8  342.0
  362.6   8359  -17.2  -44.6      7   0.20    139    5.6  342.0  342.8  342.0
  362.4   8365  -17.3  -44.5      7   0.20    140    5.6  341.9  342.8  342.0
  362.1   8371  -17.3  -44.5      7   0.20    141    5.6  342.0  342.8  342.0
  361.8   8377  -17.4  -44.5      8   0.20    141    5.6  342.0  342.8  342.0
  361.5   8383  -17.4  -44.4      8   0.20    142    5.6  342.0  342.8  342.0
  361.1   8390  -17.5  -44.4      8   0.20    143    5.6  342.0  342.9  342.1
  360.8   8397  -17.5  -44.4      8   0.20    144    5.7  342.0  342.9  342.1
  360.5   8404  -17.6  -44.4      8   0.20    145    5.7  342.0  342.9  342.1
  360.2   8409  -17.7  -44.5      8   0.20    147    5.7  342.0  342.9  342.1
  359.9   8415  -17.7  -44.5      8   0.20    148    5.7  342.0  342.9  342.1
  359.6   8421  -17.7  -44.4      8   0.21    149    5.8  342.1  342.9  342.1
  359.3   8427  -17.8  -44.4      8   0.21    150    5.8  342.1  343.0  342.2
  359.1   8433  -17.8  -44.4      8   0.21    152    5.9  342.1  343.0  342.1
  358.7   8440  -17.9  -44.4      8   0.21    153    5.9  342.1  343.0  342.2
  358.4   8446  -17.9  -44.4      8   0.21    154    6.0  342.1  343.0  342.2
  358.1   8453  -18.0  -44.3      8   0.21    155    6.1  342.2  343.0  342.2
  357.8   8459  -18.0  -44.1      8   0.21    156    6.2  342.2  343.1  342.2
  357.5   8465  -18.1  -44.1      8   0.21    157    6.3  342.2  343.1  342.3
  357.3   8470  -18.1  -44.0      8   0.22    158    6.4  342.3  343.2  342.3
  357.0   8476  -18.1  -43.9      8   0.22    159    6.6  342.3  343.2  342.3
  356.6   8484  -18.2  -43.9      9   0.22    160    6.7  342.3  343.2  342.4
  356.3   8491  -18.2  -43.9      9   0.22    161    6.8  342.3  343.2  342.4
  356.0   8498  -18.3  -44.0      9   0.22    162    7.0  342.3  343.2  342.4
  355.7   8504  -18.4  -44.0      9   0.22    163    7.1  342.3  343.2  342.4
  355.4   8510  -18.4  -43.9      9   0.22    164    7.2  342.3  343.3  342.4
  355.1   8515  -18.5  -43.9      9   0.22    165    7.3  342.4  343.3  342.4
  354.9   8521  -18.5  -43.8      9   0.22    165    7.5  342.4  343.3  342.4
  354.6   8527  -18.5  -43.7      9   0.22    166    7.6  342.5  343.4  342.5
  354.3   8532  -18.5  -43.8      9   0.22    167    7.7  342.5  343.4  342.5
  354.1   8537  -18.6  -43.7      9   0.22    168    7.8  342.5  343.4  342.5
  353.9   8542  -18.6  -43.6      9   0.23    169    7.8  342.5  343.5  342.6
  353.6   8548  -18.6  -43.6      9   0.23    170    7.9  342.6  343.6  342.7
  353.3   8554  -18.6  -43.6      9   0.23    171    8.0  342.6  343.6  342.7
  353.0   8561  -18.7  -43.6      9   0.23    172    8.1  342.6  343.6  342.7
  352.7   8566  -18.7  -43.7      9   0.23    173    8.2  342.7  343.6  342.7
  352.4   8572  -18.7  -43.8      9   0.22    174    8.3  342.8  343.8  342.9
  352.2   8577  -18.7  -44.1      9   0.22    175    8.3  342.9  343.8  342.9
  351.9   8583  -18.7  -44.4      8   0.21    175    8.4  342.9  343.8  343.0
  351.7   8588  -18.7  -44.7      8   0.20    176    8.5  343.0  343.8  343.0
  351.4   8593  -18.7  -44.7      8   0.20    177    8.6  343.0  343.9  343.1
  351.2   8598  -18.7  -44.6      8   0.21    178    8.7  343.1  343.9  343.1
  350.9   8604  -18.7  -44.4      8   0.21    179    8.7  343.2  344.0  343.2
  350.7   8610  -18.7  -44.3      9   0.21    179    8.8  343.3  344.2  343.3
  350.4   8615  -18.7  -44.2      9   0.22    180    8.9  343.4  344.3  343.4
  350.1   8621  -18.7  -44.1      9   0.22    180    8.9  343.4  344.4  343.5
  349.9   8626  -18.7  -44.0      9   0.22    181    9.0  343.5  344.4  343.5
  349.6   8632  -18.8  -43.8      9   0.22    181    9.0  343.5  344.4  343.5
  349.4   8637  -18.8  -43.6      9   0.23    182    9.1  343.5  344.4  343.5
  349.1   8643  -18.9  -43.5      9   0.23    182    9.1  343.5  344.5  343.5
  348.9   8648  -18.9  -43.4     10   0.23    182    9.2  343.5  344.5  343.5
  348.6   8653  -18.9  -43.1     10   0.24    182    9.2  343.5  344.5  343.6
  348.3   8659  -19.0  -42.8     10   0.25    182    9.3  343.6  344.6  343.6
  348.1   8665  -19.0  -42.4     11   0.26    182    9.3  343.6  344.6  343.6
  347.8   8671  -19.1  -42.2     11   0.27    182    9.3  343.6  344.7  343.6
  347.6   8676  -19.1  -41.8     12   0.28    182    9.4  343.6  344.8  343.6
  347.3   8681  -19.1  -41.7     12   0.28    182    9.4  343.6  344.8  343.7
  347.1   8686  -19.2  -41.8     12   0.28    182    9.4  343.6  344.8  343.7
  346.8   8692  -19.2  -41.7     12   0.28    181    9.5  343.6  344.8  343.7
  346.5   8699  -19.2  -41.9     12   0.28    181    9.5  343.7  344.9  343.8
  346.2   8705  -19.3  -42.4     11   0.27    181    9.5  343.8  344.9  343.8
  346.0   8710  -19.3  -42.6     11   0.26    181    9.5  343.8  344.8  343.8
  345.7   8716  -19.4  -43.6     10   0.23    181    9.5  343.8  344.8  343.8
  345.4   8722  -19.4  -44.8      9   0.21    181    9.5  343.8  344.7  343.9
  345.1   8728  -19.4  -44.4      9   0.21    181    9.5  343.9  344.8  343.9
  344.8   8734  -19.5  -43.2     10   0.24    182    9.5  343.9  344.9  343.9
  344.6   8740  -19.5  -42.3     11   0.27    182    9.5  343.9  345.0  343.9
  344.2   8747  -19.6  -41.6     12   0.29    182    9.5  343.9  345.1  344.0
  343.9   8754  -19.6  -41.3     13   0.30    182    9.5  343.9  345.2  344.0
  343.7   8759  -19.7  -41.6     12   0.29    182    9.5  343.9  345.1  344.0
  343.4   8765  -19.7  -41.6     12   0.29    182    9.5  344.0  345.2  344.0
  343.1   8771  -19.7  -41.7     12   0.29    183    9.5  344.0  345.2  344.0
  342.8   8777  -19.8  -41.8     12   0.28    183    9.5  344.0  345.2  344.1
  342.6   8783  -19.9  -41.8     12   0.29    183    9.5  344.0  345.2  344.0
  342.4   8788  -19.9  -41.8     12   0.29    183    9.5  344.0  345.2  344.0
  342.1   8794  -20.0  -41.8     12   0.29    182    9.6  344.0  345.2  344.0
  341.8   8800  -20.0  -41.8     12   0.29    182    9.6  344.0  345.2  344.1
  341.5   8806  -20.1  -41.7     13   0.29    182    9.6  344.0  345.2  344.1
  341.2   8812  -20.1  -41.6     13   0.29    182    9.6  344.0  345.2  344.1
  340.9   8819  -20.2  -41.4     13   0.30    182    9.6  344.0  345.3  344.1
  340.7   8824  -20.2  -41.2     14   0.30    182    9.6  344.0  345.3  344.1
  340.4   8829  -20.3  -41.1     14   0.31    181    9.6  344.0  345.3  344.1
  340.2   8835  -20.3  -40.9     14   0.32    181    9.6  344.0  345.3  344.1
  339.9   8840  -20.4  -40.5     15   0.33    181    9.6  344.0  345.4  344.1
  339.7   8846  -20.5  -39.8     16   0.36    181    9.6  344.0  345.5  344.1
  339.4   8852  -20.5  -39.3     17   0.37    181    9.6  344.0  345.5  344.1
  339.1   8859  -20.5  -39.4     17   0.37    180    9.7  344.1  345.6  344.1
  338.8   8865  -20.6  -39.4     17   0.37    180    9.7  344.1  345.6  344.1
  338.6   8870  -20.6  -39.2     17   0.38    180    9.7  344.1  345.6  344.2
  338.3   8875  -20.7  -39.0     18   0.39    180    9.7  344.1  345.7  344.2
  338.1   8881  -20.7  -38.9     18   0.39    180    9.7  344.1  345.7  344.2
  337.8   8887  -20.8  -38.9     18   0.39    180    9.7  344.1  345.7  344.2
  337.5   8893  -20.8  -38.8     18   0.39    180    9.7  344.1  345.7  344.2
  337.3   8899  -20.9  -38.9     18   0.39    181    9.7  344.1  345.7  344.2
  337.0   8905  -20.9  -38.9     18   0.39    181    9.7  344.1  345.7  344.2
  336.7   8911  -21.0  -38.9     18   0.39    181    9.7  344.1  345.7  344.2
  336.4   8917  -21.0  -38.9     18   0.39    181    9.8  344.2  345.8  344.2
  336.1   8923  -21.1  -39.0     18   0.39    181    9.8  344.2  345.8  344.3
  335.9   8929  -21.1  -39.1     18   0.39    182    9.8  344.2  345.7  344.2
  335.7   8934  -21.2  -39.1     18   0.38    182    9.8  344.2  345.7  344.2
  335.4   8939  -21.2  -39.2     18   0.38    182    9.8  344.2  345.7  344.3
  335.1   8945  -21.3  -39.2     18   0.38    182    9.8  344.2  345.7  344.3
  334.8   8952  -21.4  -39.0     19   0.39    182    9.9  344.2  345.8  344.3
  334.6   8958  -21.4  -39.0     19   0.39    183    9.9  344.2  345.7  344.2
  334.3   8964  -21.5  -39.0     19   0.39    183    9.9  344.2  345.8  344.3
  334.0   8970  -21.5  -38.8     19   0.40    183    9.9  344.2  345.8  344.3
  333.7   8977  -21.6  -38.9     19   0.40    183    9.9  344.2  345.8  344.3
  333.4   8983  -21.6  -38.9     19   0.40    183    9.9  344.2  345.8  344.3
  333.2   8989  -21.7  -38.9     20   0.40    184    9.9  344.2  345.8  344.3
  332.9   8995  -21.8  -38.9     20   0.40    184    9.8  344.2  345.8  344.3
  332.6   9001  -21.8  -39.0     20   0.39    184    9.8  344.2  345.8  344.3
  332.4   9007  -21.9  -39.1     20   0.39    184    9.8  344.2  345.8  344.3
  332.1   9013  -21.9  -39.1     20   0.39    184    9.8  344.2  345.8  344.3
  331.8   9018  -22.0  -39.1     20   0.39    185    9.7  344.2  345.8  344.3
  331.6   9024  -22.0  -39.1     20   0.39    185    9.7  344.2  345.8  344.3
  331.3   9029  -22.1  -39.2     20   0.39    185    9.7  344.3  345.8  344.3
  331.1   9035  -22.1  -39.2     20   0.39    186    9.6  344.2  345.8  344.3
  330.8   9042  -22.2  -39.2     20   0.39    186    9.6  344.2  345.8  344.3
  330.5   9048  -22.3  -39.2     20   0.39    186    9.6  344.2  345.8  344.3
  330.2   9054  -22.3  -39.3     20   0.39    187    9.6  344.3  345.8  344.4
  329.9   9061  -22.4  -39.3     20   0.38    187    9.6  344.3  345.9  344.4
  329.6   9067  -22.4  -39.3     20   0.38    187    9.6  344.3  345.8  344.4
  329.4   9073  -22.5  -39.3     20   0.38    188    9.6  344.3  345.8  344.3
  329.1   9080  -22.5  -39.3     20   0.38    188    9.6  344.3  345.8  344.4
  328.8   9086  -22.6  -39.3     20   0.39    188    9.6  344.3  345.9  344.4
  328.6   9091  -22.7  -39.4     20   0.38    189    9.6  344.3  345.8  344.3
  328.3   9098  -22.7  -39.5     20   0.38    189    9.6  344.3  345.8  344.4
  328.0   9104  -22.8  -39.4     20   0.38    189    9.6  344.3  345.9  344.4
  327.6   9112  -22.8  -39.4     20   0.38    189    9.6  344.3  345.9  344.4
  327.3   9119  -22.9  -39.6     20   0.38    189    9.7  344.3  345.9  344.4
  327.0   9126  -22.9  -39.8     20   0.37    190    9.7  344.3  345.8  344.4
  326.7   9133  -23.0  -40.0     20   0.36    190    9.7  344.3  345.8  344.4
  326.4   9139  -23.1  -40.1     19   0.36    190    9.8  344.4  345.8  344.4
  326.1   9146  -23.1  -40.1     20   0.36    190    9.8  344.4  345.8  344.5
  325.8   9153  -23.2  -40.1     20   0.36    191    9.8  344.4  345.8  344.4
  325.5   9159  -23.2  -40.1     20   0.36    191    9.9  344.4  345.9  344.5
  325.3   9165  -23.3  -40.1     20   0.36    191    9.9  344.4  345.8  344.4
  325.1   9170  -23.4  -40.0     20   0.36    191    9.9  344.3  345.8  344.4
  324.8   9175  -23.4  -40.0     20   0.36    192    9.9  344.4  345.9  344.4
  324.6   9181  -23.5  -40.0     20   0.36    192    9.9  344.4  345.8  344.4
  324.3   9188  -23.5  -40.0     21   0.36    192    9.9  344.4  345.8  344.4
  324.0   9194  -23.6  -40.0     21   0.37    192    9.9  344.4  345.9  344.4
  323.7   9199  -23.6  -40.0     21   0.37    192    9.9  344.4  345.9  344.5
  323.5   9205  -23.7  -40.0     21   0.37    192    9.9  344.4  345.8  344.4
  323.2   9211  -23.8  -40.1     21   0.36    192    9.8  344.4  345.8  344.4
  323.0   9217  -23.8  -40.5     20   0.35    192    9.8  344.4  345.8  344.4
  322.7   9223  -23.9  -40.8     19   0.34    191    9.8  344.4  345.8  344.4
  322.4   9229  -23.9  -40.9     19   0.33    191    9.8  344.4  345.8  344.5
  322.1   9236  -24.0  -40.9     19   0.33    191    9.8  344.4  345.8  344.5
  321.8   9242  -24.0  -41.0     19   0.33    191    9.7  344.4  345.8  344.5
  321.6   9249  -24.1  -41.1     19   0.33    191    9.7  344.4  345.8  344.5
  321.3   9255  -24.1  -41.1     19   0.33    191    9.7  344.5  345.8  344.5
  321.0   9261  -24.2  -41.0     20   0.33    191    9.7  344.5  345.8  344.5
  320.7   9267  -24.2  -40.9     20   0.33    191    9.7  344.5  345.9  344.6
  320.5   9273  -24.3  -40.8     20   0.34    191    9.7  344.5  345.9  344.5
  320.3   9278  -24.3  -40.7     20   0.34    191    9.7  344.5  345.9  344.5
  320.0   9283  -24.4  -40.7     21   0.34    190    9.7  344.5  345.9  344.6
  319.8   9289  -24.4  -40.8     20   0.34    190    9.7  344.5  345.9  344.6
  319.5   9296  -24.5  -41.0     20   0.33    190    9.7  344.5  345.9  344.6
  319.2   9302  -24.5  -40.6     21   0.35    190    9.7  344.6  346.0  344.6
  319.0   9307  -24.5  -40.1     22   0.36    190    9.7  344.6  346.1  344.6
  318.7   9313  -24.6  -40.1     22   0.37    189    9.7  344.6  346.1  344.7
  318.5   9318  -24.6  -38.6     26   0.43    189    9.7  344.6  346.3  344.7
  318.3   9324  -24.7  -37.4     30   0.49    189    9.8  344.6  346.5  344.7
  318.0   9330  -24.8  -37.8     29   0.47    189    9.8  344.6  346.5  344.7
  317.7   9336  -24.8  -37.4     30   0.48    188    9.9  344.6  346.5  344.7
  317.5   9342  -24.9  -37.3     31   0.49    188    9.9  344.6  346.6  344.7
  317.2   9349  -24.9  -37.6     30   0.48    188   10.0  344.6  346.5  344.7
  316.9   9355  -25.0  -37.8     29   0.46    187   10.1  344.6  346.5  344.7
  316.7   9360  -25.0  -37.8     29   0.47    187   10.1  344.6  346.5  344.7
  316.4   9365  -25.1  -37.7     30   0.47    187   10.2  344.7  346.6  344.8
  316.2   9371  -25.1  -38.0     29   0.46    187   10.2  344.6  346.5  344.7
  315.9   9377  -25.1  -38.6     27   0.43    187   10.3  344.7  346.4  344.8
  315.7   9383  -25.2  -38.7     27   0.43    187   10.3  344.7  346.5  344.8
  315.4   9389  -25.2  -38.7     27   0.43    187   10.4  344.8  346.5  344.8
  315.2   9394  -25.2  -39.1     26   0.41    187   10.5  344.8  346.5  344.9
  315.0   9400  -25.3  -39.4     26   0.40    187   10.5  344.8  346.4  344.9
  314.7   9406  -25.3  -39.4     26   0.40    187   10.5  344.8  346.5  344.9
  314.4   9412  -25.4  -39.4     26   0.40    187   10.6  344.9  346.5  345.0
  314.2   9418  -25.4  -39.4     26   0.40    187   10.6  344.9  346.5  344.9
  313.9   9424  -25.5  -39.3     26   0.40    187   10.7  344.9  346.5  345.0
  313.7   9429  -25.5  -39.3     26   0.40    187   10.7  344.9  346.5  345.0
  313.4   9435  -25.6  -39.2     27   0.41    187   10.7  344.9  346.5  345.0
  313.2   9440  -25.6  -39.2     27   0.41    186   10.8  344.9  346.5  344.9
  313.0   9446  -25.7  -39.2     27   0.41    186   10.8  344.8  346.5  344.9
  312.7   9451  -25.7  -39.2     27   0.41    186   10.8  344.9  346.5  345.0
  312.5   9457  -25.8  -39.2     27   0.41    186   10.8  344.8  346.5  344.9
  312.2   9464  -25.9  -39.2     28   0.41    186   10.8  344.9  346.5  344.9
  311.9   9470  -25.9  -39.0     28   0.42    185   10.9  344.9  346.6  345.0
  311.7   9475  -26.0  -38.9     29   0.42    185   10.9  344.8  346.6  344.9
  311.4   9482  -26.0  -38.9     29   0.43    185   10.9  344.9  346.6  345.0
  311.1   9488  -26.1  -38.8     29   0.43    185   10.8  344.9  346.6  345.0
  310.9   9494  -26.2  -38.7     30   0.44    185   10.8  344.9  346.6  345.0
  310.7   9499  -26.2  -38.4     31   0.45    184   10.8  344.9  346.7  345.0
  310.4   9505  -26.2  -38.2     32   0.46    184   10.8  344.9  346.8  345.0
  310.1   9512  -26.2  -38.1     32   0.46    184   10.7  345.0  346.9  345.1
  309.9   9517  -26.3  -38.1     32   0.46    184   10.7  345.0  346.9  345.1
  309.7   9522  -26.3  -38.2     32   0.46    184   10.7  345.0  346.9  345.1
  309.5   9527  -26.4  -38.6     31   0.44    184   10.6  345.0  346.8  345.1
  309.2   9534  -26.4  -38.8     30   0.43    184   10.6  345.0  346.8  345.1
  308.9   9541  -26.5  -38.9     30   0.43    184   10.5  345.0  346.8  345.1
  308.6   9546  -26.5  -38.9     30   0.43    184   10.5  345.0  346.8  345.1
  308.4   9552  -26.6  -38.8     31   0.43    184   10.5  345.1  346.8  345.1
  308.1   9558  -26.6  -38.9     30   0.43    184   10.4  345.1  346.8  345.2
  307.9   9564  -26.7  -38.9     31   0.43    184   10.4  345.1  346.8  345.2
  307.7   9569  -26.7  -38.9     31   0.43    184   10.4  345.1  346.8  345.1
  307.4   9574  -26.8  -38.9     31   0.43    184   10.4  345.1  346.8  345.2
  307.2   9580  -26.8  -39.0     31   0.43    184   10.4  345.1  346.8  345.2
  307.0   9585  -26.9  -39.0     31   0.42    184   10.3  345.1  346.8  345.2
  306.7   9591  -26.9  -39.1     31   0.42    184   10.3  345.1  346.8  345.2
  306.5   9597  -27.0  -39.2     31   0.42    184   10.3  345.1  346.8  345.2
  306.2   9604  -27.0  -39.2     31   0.42    183   10.3  345.1  346.8  345.2
  306.0   9609  -27.1  -39.2     31   0.42    183   10.3  345.1  346.8  345.2
  305.7   9615  -27.2  -39.2     31   0.42    183   10.2  345.1  346.8  345.2
  305.4   9622  -27.2  -39.3     31   0.42    183   10.2  345.1  346.8  345.2
  305.2   9628  -27.3  -39.3     31   0.41    183   10.2  345.1  346.8  345.2
  304.9   9634  -27.3  -39.4     31   0.41    183   10.2  345.1  346.8  345.2
  304.7   9639  -27.4  -39.3     31   0.41    183   10.1  345.2  346.8  345.2
  304.4   9645  -27.4  -39.2     32   0.42    183   10.1  345.2  346.9  345.3
  304.2   9650  -27.5  -39.0     33   0.43    183   10.1  345.2  346.9  345.3
  304.0   9655  -27.5  -38.8     33   0.44    183   10.1  345.1  346.9  345.2
  303.8   9661  -27.6  -38.7     34   0.44    183   10.1  345.1  346.9  345.2
  303.5   9667  -27.6  -38.8     34   0.44    183   10.0  345.1  346.9  345.2
  303.3   9673  -27.7  -38.9     34   0.44    183   10.0  345.1  346.9  345.2
  303.0   9678  -27.7  -39.0     33   0.43    183   10.0  345.2  346.9  345.3
  302.8   9684  -27.8  -39.0     34   0.43    183   10.0  345.2  346.9  345.3
  302.6   9689  -27.8  -39.0     34   0.43    183   10.0  345.2  346.9  345.3
  302.4   9694  -27.9  -39.1     33   0.43    183   10.0  345.2  346.9  345.3
  302.1   9700  -27.9  -39.2     33   0.42    183   10.0  345.2  346.9  345.3
  301.9   9705  -28.0  -39.3     33   0.42    183    9.9  345.2  346.9  345.3
  301.7   9711  -28.0  -39.2     33   0.42    183    9.9  345.2  346.9  345.3
  301.4   9716  -28.1  -39.1     34   0.43    184    9.9  345.2  347.0  345.3
  301.2   9722  -28.1  -39.9     31   0.40    184    9.9  345.3  346.9  345.4
  301.0   9728  -28.1  -40.6     29   0.37    184    9.9  345.4  346.9  345.5
  300.7   9733  -28.1  -40.6     29   0.37    184    9.9  345.4  347.0  345.5
  300.5   9738  -28.1  -41.1     28   0.35    184    9.9  345.5  347.0  345.6
  300.3   9743  -28.1  -41.3     27   0.34    184    9.9  345.6  347.0  345.6
  300.1   9748  -28.1  -41.3     27   0.34    185    9.9  345.6  347.0  345.7
  300.0   9751  -28.1  -41.3     27   0.34    185    9.9  345.6  347.0  345.7
  299.9   9754  -28.2  -41.3     27   0.34    185    9.9  345.6  347.0  345.7
  299.7   9759  -28.2  -41.4     27   0.34    185    9.8  345.6  347.0  345.7
  299.5   9764  -28.2  -41.4     27   0.34    185    9.8  345.6  347.0  345.7
  299.2   9769  -28.3  -41.5     27   0.34    185    9.8  345.7  347.1  345.7
  299.0   9774  -28.3  -41.6     27   0.33    185    9.8  345.7  347.1  345.7
  298.8   9779  -28.3  -41.7     27   0.33    185    9.8  345.7  347.1  345.8
  298.6   9785  -28.4  -41.9     26   0.32    185    9.8  345.8  347.1  345.8
  298.4   9790  -28.4  -41.9     26   0.32    185    9.8  345.8  347.1  345.8
  298.1   9796  -28.4  -41.9     26   0.32    185    9.8  345.8  347.2  345.9
  297.9   9801  -28.5  -41.9     26   0.32    184    9.8  345.8  347.2  345.9
  297.7   9806  -28.5  -42.0     26   0.32    184    9.8  345.8  347.2  345.9
  297.5   9811  -28.6  -42.0     26   0.32    184    9.8  345.8  347.2  345.9
  297.3   9816  -28.6  -42.1     26   0.32    184    9.8  345.8  347.2  345.9
  297.0   9821  -28.6  -42.2     26   0.32    184    9.8  345.9  347.2  346.0
  296.8   9827  -28.7  -42.3     26   0.31    184    9.8  345.9  347.2  346.0
  296.6   9832  -28.7  -42.4     26   0.31    184    9.7  345.9  347.2  346.0
  296.4   9838  -28.7  -42.5     25   0.31    185    9.7  346.0  347.2  346.0
  296.1   9843  -28.8  -42.5     26   0.31    185    9.7  346.0  347.3  346.1
  295.9   9849  -28.8  -42.4     26   0.31    185    9.7  346.0  347.3  346.1
  295.7   9854  -28.9  -42.4     26   0.31    185    9.7  346.0  347.3  346.1
  295.5   9858  -28.9  -42.4     26   0.31    185    9.6  346.0  347.3  346.1
  295.3   9863  -28.9  -42.5     26   0.31    186    9.6  346.0  347.3  346.1
  295.1   9868  -29.0  -42.5     26   0.31    186    9.6  346.0  347.3  346.1
  294.9   9872  -29.0  -42.5     26   0.31    186    9.6  346.1  347.3  346.1
  294.7   9877  -29.1  -42.4     26   0.31    186    9.6  346.1  347.4  346.1
  294.5   9882  -29.1  -42.5     26   0.31    187    9.5  346.1  347.4  346.1
  294.3   9887  -29.1  -42.6     26   0.30    187    9.5  346.1  347.3  346.1
  294.1   9892  -29.2  -43.0     25   0.29    187    9.5  346.1  347.3  346.2
  293.9   9897  -29.2  -43.3     24   0.28    187    9.4  346.2  347.3  346.2
  293.7   9901  -29.2  -43.4     24   0.28    188    9.4  346.2  347.4  346.2
  293.6   9906  -29.2  -43.5     24   0.28    188    9.3  346.2  347.3  346.2
  293.3   9911  -29.3  -43.5     24   0.28    188    9.3  346.2  347.4  346.3
  293.1   9917  -29.3  -43.7     24   0.27    188    9.2  346.2  347.4  346.3
  292.9   9922  -29.4  -43.8     23   0.27    188    9.1  346.2  347.4  346.3
  292.7   9926  -29.4  -43.8     23   0.27    187    9.0  346.3  347.4  346.3
  292.5   9931  -29.4  -44.0     23   0.27    187    9.0  346.3  347.4  346.3
  292.3   9935  -29.5  -44.0     23   0.26    187    8.9  346.3  347.4  346.3
  292.1   9941  -29.5  -44.1     23   0.26    187    8.8  346.3  347.4  346.4
  291.9   9946  -29.5  -44.4     22   0.25    187    8.7  346.4  347.4  346.4
  291.7   9951  -29.5  -44.7     22   0.25    186    8.6  346.4  347.5  346.5
  291.5   9955  -29.5  -44.7     21   0.24    186    8.5  346.4  347.5  346.5
  291.3   9960  -29.6  -44.8     21   0.24    186    8.4  346.5  347.5  346.5
  291.1   9966  -29.6  -44.8     21   0.24    186    8.4  346.5  347.5  346.5
  290.9   9971  -29.7  -44.9     21   0.24    186    8.3  346.5  347.5  346.5
  290.7   9976  -29.7  -45.0     21   0.24    186    8.2  346.5  347.5  346.6
  290.5   9981  -29.7  -45.2     21   0.23    186    8.1  346.5  347.5  346.6
  290.3   9986  -29.7  -45.4     20   0.23    186    8.1  346.6  347.5  346.6
  290.0   9992  -29.8  -45.6     20   0.22    186    8.0  346.6  347.6  346.7
  289.8   9998  -29.8  -45.7     20   0.22    186    8.0  346.6  347.6  346.7
  289.6  10002  -29.8  -45.8     20   0.22    187    7.9  346.7  347.6  346.7
  289.5  10006  -29.8  -45.9     19   0.22    187    7.9  346.7  347.6  346.7
  289.3  10011  -29.9  -46.0     19   0.22    187    7.8  346.7  347.7  346.8
  289.1  10016  -29.9  -45.6     20   0.22    187    7.8  346.8  347.7  346.8
  288.9  10021  -29.9  -45.4     21   0.23    187    7.7  346.8  347.8  346.8
  288.7  10025  -30.0  -45.5     21   0.23    187    7.7  346.8  347.8  346.9
  288.5  10030  -30.0  -45.6     20   0.23    186    7.7  346.8  347.8  346.9
  288.3  10035  -30.0  -45.8     20   0.22    186    7.6  346.9  347.8  346.9
  288.1  10041  -30.0  -46.3     19   0.21    186    7.6  346.9  347.8  347.0
  287.8  10046  -30.0  -46.8     18   0.20    186    7.6  347.1  347.9  347.1
  287.6  10052  -30.0  -46.3     19   0.21    186    7.6  347.1  348.0  347.1
  287.4  10058  -30.1  -45.5     21   0.23    186    7.6  347.1  348.0  347.1
  287.2  10063  -30.1  -45.1     22   0.24    186    7.6  347.1  348.1  347.1
  287.0  10068  -30.2  -45.2     22   0.24    186    7.6  347.1  348.1  347.1
  286.7  10073  -30.2  -45.3     21   0.23    186    7.6  347.1  348.1  347.2
  286.5  10078  -30.3  -45.3     22   0.23    187    7.6  347.1  348.1  347.2
  286.3  10083  -30.3  -45.3     22   0.23    187    7.6  347.1  348.1  347.2
  286.2  10088  -30.4  -45.3     22   0.23    187    7.7  347.1  348.1  347.1
  285.9  10093  -30.4  -45.3     22   0.23    187    7.7  347.1  348.1  347.2
  285.7  10098  -30.5  -45.3     22   0.23    188    7.7  347.1  348.1  347.2
  285.5  10103  -30.5  -44.8     23   0.25    188    7.7  347.1  348.2  347.2
  285.3  10108  -30.6  -44.2     25   0.27    188    7.7  347.1  348.3  347.2
  285.1  10113  -30.6  -44.0     26   0.27    189    7.8  347.2  348.3  347.2
  284.9  10118  -30.6  -44.3     25   0.26    189    7.8  347.2  348.3  347.2
  284.7  10124  -30.7  -44.6     24   0.25    189    7.8  347.2  348.3  347.2
  284.5  10129  -30.7  -45.0     23   0.24    189    7.8  347.2  348.2  347.3
  284.3  10134  -30.7  -45.5     22   0.23    190    7.8  347.2  348.2  347.3
  284.1  10140  -30.8  -46.2     20   0.21    190    7.8  347.3  348.2  347.3
  283.8  10145  -30.8  -46.6     20   0.21    190    7.8  347.3  348.2  347.4
  283.6  10151  -30.8  -46.4     20   0.21    190    7.8  347.4  348.3  347.4
  283.4  10156  -30.9  -46.2     21   0.21    190    7.8  347.4  348.3  347.4
  283.2  10162  -30.9  -46.2     21   0.21    190    7.8  347.4  348.3  347.4
  283.0  10167  -31.0  -46.2     21   0.21    190    7.8  347.4  348.3  347.4
  282.8  10172  -31.0  -46.0     21   0.22    190    7.8  347.4  348.3  347.4
  282.6  10178  -31.1  -45.8     22   0.22    189    7.7  347.4  348.3  347.4
  282.3  10183  -31.1  -45.7     22   0.23    189    7.7  347.4  348.4  347.4
  282.1  10188  -31.1  -45.9     22   0.22    189    7.7  347.4  348.4  347.5
  281.9  10193  -31.2  -46.0     22   0.22    189    7.7  347.4  348.4  347.5
  281.7  10198  -31.2  -46.2     22   0.22    189    7.7  347.4  348.3  347.5
  281.5  10204  -31.3  -46.4     21   0.21    189    7.7  347.4  348.3  347.5
  281.3  10209  -31.3  -46.6     21   0.21    189    7.7  347.4  348.3  347.5
  281.1  10214  -31.4  -46.7     21   0.20    189    7.7  347.4  348.3  347.5
  280.9  10219  -31.4  -46.7     21   0.20    189    7.7  347.5  348.3  347.5
  280.7  10224  -31.4  -46.6     21   0.21    189    7.7  347.5  348.3  347.5
  280.5  10230  -31.5  -46.5     21   0.21    189    7.7  347.5  348.4  347.5
  280.2  10236  -31.5  -46.3     22   0.21    189    7.7  347.5  348.4  347.6
  280.0  10242  -31.6  -46.7     21   0.20    189    7.8  347.5  348.4  347.6
  279.8  10247  -31.6  -47.3     20   0.19    189    7.8  347.5  348.3  347.6
  279.6  10252  -31.7  -47.4     20   0.19    189    7.9  347.5  348.3  347.6
  279.4  10258  -31.7  -47.5     19   0.19    189    7.9  347.5  348.3  347.6
  279.1  10264  -31.8  -47.6     19   0.19    190    8.0  347.6  348.4  347.6
  278.9  10269  -31.8  -47.3     20   0.19    190    8.0  347.6  348.4  347.6
  278.7  10274  -31.9  -46.9     21   0.20    190    8.1  347.6  348.4  347.6
  278.5  10280  -31.9  -46.9     21   0.20    190    8.2  347.6  348.4  347.6
  278.3  10286  -32.0  -47.0     21   0.20    191    8.2  347.6  348.4  347.6
  278.0  10291  -32.0  -47.2     21   0.20    191    8.3  347.6  348.5  347.7
  277.8  10297  -32.1  -47.1     21   0.20    191    8.4  347.6  348.4  347.6
  277.6  10303  -32.1  -47.0     21   0.20    191    8.5  347.6  348.5  347.6
  277.4  10309  -32.2  -46.7     22   0.21    192    8.5  347.6  348.5  347.6
  277.1  10315  -32.2  -46.6     23   0.21    192    8.6  347.6  348.5  347.7
  276.9  10320  -32.3  -46.8     22   0.21    192    8.7  347.6  348.5  347.7
  276.7  10326  -32.3  -46.7     22   0.21    192    8.7  347.6  348.5  347.7
  276.5  10331  -32.3  -46.7     23   0.21    192    8.8  347.7  348.6  347.7
  276.3  10336  -32.4  -47.2     21   0.20    192    8.8  347.7  348.6  347.8
  276.1  10342  -32.4  -48.2     19   0.18    192    8.9  347.7  348.5  347.8
  275.8  10348  -32.4  -48.9     18   0.16    193    8.9  347.8  348.5  347.9
  275.6  10353  -32.5  -48.8     18   0.16    192    9.0  347.8  348.5  347.9
  275.4  10359  -32.5  -49.0     18   0.16    192    9.0  347.8  348.5  347.9
  275.2  10364  -32.6  -49.2     17   0.16    192    9.0  347.8  348.5  347.9
  275.0  10370  -32.6  -49.5     17   0.15    192    9.0  347.8  348.5  347.9
  274.8  10375  -32.6  -49.7     17   0.15    192    9.0  347.9  348.5  347.9
  274.6  10380  -32.7  -49.7     17   0.15    192    9.1  347.9  348.5  347.9
  274.4  10386  -32.7  -49.6     17   0.15    192    9.1  347.9  348.5  347.9
  274.1  10391  -32.8  -49.7     17   0.15    192    9.1  347.9  348.6  347.9
  273.9  10397  -32.8  -49.8     17   0.15    192    9.1  347.9  348.6  347.9
  273.7  10403  -32.9  -50.0     16   0.15    192    9.1  347.9  348.5  347.9
  273.5  10409  -32.9  -50.0     16   0.14    192    9.1  348.0  348.6  348.0
  273.2  10415  -32.9  -49.9     17   0.15    192    9.1  348.0  348.7  348.1
  273.0  10421  -33.0  -49.7     17   0.15    192    9.2  348.0  348.7  348.1
  272.8  10426  -33.0  -49.2     18   0.16    192    9.2  348.1  348.8  348.1
  272.6  10431  -33.0  -48.8     19   0.17    192    9.2  348.1  348.8  348.1
  272.4  10437  -33.1  -48.9     19   0.16    192    9.2  348.1  348.8  348.1
  272.1  10443  -33.2  -48.9     19   0.16    192    9.2  348.1  348.8  348.1
  271.9  10449  -33.2  -48.8     19   0.17    192    9.2  348.1  348.8  348.1
  271.7  10455  -33.3  -48.6     20   0.17    192    9.2  348.1  348.8  348.1
  271.5  10460  -33.3  -48.2     21   0.18    192    9.2  348.1  348.9  348.1
  271.3  10465  -33.4  -47.7     22   0.19    192    9.2  348.1  348.9  348.1
  271.0  10471  -33.4  -47.6     23   0.19    192    9.2  348.1  348.9  348.1
  270.8  10477  -33.5  -47.3     24   0.20    191    9.1  348.1  348.9  348.1
  270.6  10483  -33.5  -46.7     25   0.21    191    9.1  348.1  349.0  348.1
  270.3  10489  -33.6  -46.6     26   0.22    191    9.1  348.1  349.0  348.2
  270.1  10494  -33.6  -46.6     26   0.22    191    9.0  348.1  349.0  348.2
  269.9  10499  -33.7  -46.6     26   0.21    190    9.0  348.1  349.0  348.2
  269.7  10505  -33.7  -46.8     26   0.21    190    9.0  348.1  349.0  348.2
  269.5  10512  -33.8  -47.8     23   0.19    190    9.0  348.2  349.0  348.2
  269.2  10518  -33.8  -49.3     19   0.16    190    8.9  348.3  349.0  348.3
  269.0  10523  -33.8  -49.5     19   0.15    190    8.9  348.3  349.0  348.4
  268.8  10529  -33.8  -49.5     19   0.16    190    8.9  348.4  349.0  348.4
  268.6  10535  -33.8  -50.0     18   0.15    190    8.9  348.4  349.0  348.4
  268.4  10541  -33.9  -51.1     16   0.13    190    8.9  348.4  349.0  348.5
  268.1  10547  -33.9  -52.3     14   0.11    190    8.9  348.5  349.0  348.6
  267.9  10554  -33.9  -52.3     14   0.11    191    8.9  348.6  349.0  348.6
  267.6  10560  -34.0  -52.0     14   0.12    191    8.8  348.6  349.1  348.6
  267.4  10565  -34.0  -51.8     15   0.12    191    8.8  348.6  349.1  348.6
  267.2  10571  -34.1  -51.7     15   0.12    191    8.8  348.6  349.1  348.6
  267.0  10577  -34.1  -51.5     16   0.12    191    8.8  348.6  349.1  348.6
  266.7  10583  -34.2  -51.3     16   0.13    191    8.8  348.6  349.2  348.6
  266.5  10589  -34.2  -51.3     16   0.13    191    8.7  348.6  349.2  348.7
  266.3  10595  -34.3  -51.1     17   0.13    190    8.7  348.6  349.2  348.7
  266.1  10601  -34.3  -50.9     17   0.13    190    8.7  348.6  349.2  348.7
  265.9  10606  -34.4  -50.7     18   0.14    190    8.7  348.6  349.2  348.6
  265.7  10612  -34.4  -50.7     18   0.14    190    8.6  348.6  349.2  348.6
  265.4  10618  -34.5  -50.8     17   0.14    190    8.6  348.6  349.2  348.7
  265.2  10624  -34.5  -50.9     17   0.13    190    8.6  348.6  349.2  348.7
  265.0  10630  -34.6  -51.0     17   0.13    190    8.5  348.6  349.2  348.6
  264.7  10636  -34.7  -51.1     17   0.13    190    8.5  348.6  349.2  348.7
  264.5  10642  -34.7  -51.1     17   0.13    189    8.5  348.6  349.2  348.7
  264.3  10648  -34.8  -51.1     17   0.13    189    8.4  348.6  349.2  348.7
  264.1  10653  -34.8  -51.2     17   0.13    189    8.4  348.6  349.2  348.6
  263.8  10660  -34.9  -51.3     17   0.13    189    8.4  348.7  349.2  348.7
  263.5  10668  -34.9  -51.3     17   0.13    189    8.4  348.7  349.3  348.7
  263.3  10674  -35.0  -51.2     18   0.13    189    8.3  348.7  349.3  348.7
  263.1  10680  -35.0  -51.1     18   0.13    189    8.3  348.7  349.3  348.7
  262.8  10686  -35.1  -51.0     18   0.13    190    8.4  348.7  349.3  348.7
  262.6  10693  -35.2  -51.0     18   0.13    190    8.4  348.7  349.3  348.7
  262.4  10698  -35.2  -51.0     18   0.13    190    8.4  348.7  349.3  348.7
  262.1  10705  -35.3  -50.9     19   0.14    191    8.4  348.7  349.3  348.7
  261.9  10711  -35.3  -50.9     19   0.14    191    8.5  348.7  349.3  348.7
  261.7  10717  -35.4  -50.9     19   0.14    191    8.5  348.7  349.3  348.7
  261.4  10724  -35.5  -50.9     19   0.14    192    8.6  348.7  349.3  348.8
  261.2  10731  -35.5  -50.9     19   0.14    192    8.7  348.7  349.3  348.7
  260.9  10737  -35.6  -50.9     19   0.14    192    8.7  348.8  349.4  348.8
  260.7  10744  -35.6  -50.8     20   0.14    192    8.8  348.8  349.4  348.8
  260.4  10751  -35.7  -50.8     20   0.14    193    8.8  348.8  349.4  348.9
  260.2  10756  -35.7  -50.8     20   0.14    193    8.9  348.8  349.4  348.9
  260.0  10762  -35.7  -50.7     20   0.14    193    8.9  348.8  349.5  348.9
  259.7  10768  -35.8  -50.7     20   0.14    193    8.9  348.9  349.5  348.9
  259.5  10775  -35.9  -50.7     20   0.14    193    9.0  348.9  349.5  348.9
  259.3  10781  -35.9  -50.6     21   0.14    193    9.0  348.9  349.5  348.9
  259.0  10789  -36.0  -50.6     21   0.14    193    9.0  348.9  349.5  348.9
  258.7  10795  -36.0  -50.5     21   0.14    193    9.0  348.9  349.6  349.0
  258.5  10801  -36.1  -50.5     21   0.14    193    9.1  348.9  349.5  349.0
  258.3  10808  -36.1  -50.6     21   0.14    193    9.1  348.9  349.5  349.0
  258.0  10814  -36.2  -50.7     21   0.14    193    9.1  349.0  349.6  349.0
  257.8  10821  -36.2  -50.7     21   0.14    193    9.1  349.0  349.6  349.0
  257.6  10827  -36.3  -50.6     21   0.14    193    9.2  348.9  349.6  349.0
  257.3  10833  -36.4  -50.4     22   0.15    194    9.2  349.0  349.6  349.0
  257.1  10838  -36.4  -50.4     22   0.15    194    9.2  349.0  349.6  349.0
  256.9  10845  -36.5  -50.4     22   0.15    194    9.2  349.0  349.6  349.0
  256.6  10852  -36.5  -50.2     23   0.15    194    9.3  349.0  349.6  349.0
  256.4  10858  -36.6  -50.2     23   0.15    194    9.3  349.0  349.6  349.0
  256.2  10865  -36.7  -50.2     23   0.15    194    9.3  348.9  349.6  349.0
  255.9  10871  -36.7  -50.3     23   0.15    195    9.4  349.0  349.6  349.0
  255.7  10878  -36.8  -50.2     24   0.15    195    9.4  349.0  349.6  349.0
  255.5  10884  -36.9  -50.2     24   0.15    195    9.5  348.9  349.6  349.0
  255.2  10890  -36.9  -50.1     24   0.15    195    9.5  349.0  349.6  349.0
  255.0  10897  -37.0  -50.0     25   0.16    195    9.6  349.0  349.6  349.0
  254.7  10904  -37.0  -50.0     25   0.16    195    9.6  349.0  349.7  349.0
  254.5  10910  -37.1  -50.0     25   0.16    195    9.7  349.0  349.6  349.0
  254.3  10916  -37.2  -50.0     25   0.15    195    9.8  349.0  349.6  349.0
  254.1  10922  -37.2  -50.2     25   0.15    195    9.8  349.0  349.6  349.0
  253.8  10928  -37.3  -50.3     24   0.15    196    9.9  349.0  349.7  349.0
  253.6  10935  -37.3  -50.3     25   0.15    196    9.9  349.0  349.7  349.0
  253.4  10941  -37.4  -50.2     25   0.15    196   10.0  349.0  349.6  349.0
  253.1  10947  -37.4  -50.1     26   0.15    196   10.0  349.0  349.7  349.1
  252.9  10953  -37.5  -50.0     26   0.16    196   10.1  349.0  349.7  349.0
  252.7  10960  -37.5  -49.9     26   0.16    196   10.1  349.0  349.7  349.1
  252.4  10967  -37.6  -49.6     27   0.16    196   10.2  349.1  349.8  349.1
  252.2  10973  -37.6  -49.6     27   0.16    197   10.2  349.1  349.8  349.2
  251.9  10980  -37.7  -49.9     27   0.16    197   10.2  349.2  349.8  349.2
  251.7  10986  -37.7  -50.0     26   0.16    197   10.2  349.2  349.8  349.2
  251.5  10993  -37.8  -50.1     26   0.15    196   10.2  349.1  349.8  349.2
  251.2  10999  -37.8  -50.2     26   0.15    196   10.2  349.2  349.8  349.2
  251.0  11005  -37.9  -50.2     26   0.15    196   10.2  349.2  349.8  349.2
  250.8  11012  -38.0  -50.2     27   0.15    196   10.2  349.2  349.8  349.2
  250.5  11019  -38.0  -50.3     27   0.15    196   10.2  349.2  349.9  349.2
  250.3  11026  -38.1  -50.3     27   0.15    196   10.2  349.2  349.8  349.2
  250.0  11033  -38.2  -50.3     27   0.15    197   10.1  349.2  349.9  349.2
  249.8  11038  -38.2  -50.3     27   0.15    197   10.1  349.2  349.9  349.2
  249.6  11044  -38.3  -50.3     27   0.15    197   10.1  349.2  349.8  349.2
  249.4  11049  -38.3  -50.4     27   0.15    197   10.1  349.2  349.8  349.2
  249.2  11056  -38.4  -50.3     27   0.15    197   10.0  349.2  349.8  349.2
  248.9  11063  -38.5  -50.3     28   0.15    197   10.0  349.2  349.9  349.2
  248.7  11069  -38.5  -50.3     28   0.15    197   10.0  349.2  349.8  349.2
  248.5  11075  -38.6  -50.3     28   0.15    197    9.9  349.2  349.9  349.2
  248.3  11081  -38.6  -50.3     28   0.15    197    9.9  349.2  349.8  349.2
  248.0  11088  -38.7  -50.4     28   0.15    197    9.9  349.2  349.9  349.2
  247.8  11095  -38.7  -50.5     28   0.15    196    9.8  349.2  349.9  349.2
  247.5  11101  -38.8  -50.6     28   0.15    196    9.8  349.2  349.9  349.3
  247.3  11107  -38.8  -50.7     27   0.15    196    9.7  349.3  349.9  349.3
  247.1  11113  -38.9  -50.9     27   0.14    195    9.6  349.3  349.9  349.3
  246.9  11119  -38.9  -51.3     26   0.14    194    9.6  349.3  349.9  349.3
  246.7  11125  -39.0  -51.5     25   0.14    194    9.5  349.3  349.9  349.4
  246.4  11131  -39.0  -51.4     26   0.14    193    9.5  349.4  350.0  349.4
  246.2  11138  -39.0  -51.4     26   0.14    193    9.4  349.4  350.0  349.4
  246.0  11144  -39.1  -51.5     26   0.14    192    9.3  349.4  350.0  349.4
  245.8  11150  -39.1  -51.6     26   0.13    192    9.3  349.4  350.0  349.4
  245.5  11156  -39.2  -51.6     26   0.13    191    9.2  349.4  350.0  349.5
  245.3  11163  -39.3  -51.7     26   0.13    191    9.2  349.4  350.0  349.5
  245.1  11169  -39.3  -51.7     26   0.13    191    9.1  349.4  350.0  349.5
  244.9  11175  -39.4  -51.8     26   0.13    191    9.1  349.4  350.0  349.5
  244.7  11181  -39.4  -52.0     25   0.13    191    9.1  349.5  350.0  349.5
  244.5  11187  -39.4  -52.2     24   0.13    190    9.0  349.5  350.1  349.5
  244.2  11193  -39.5  -52.3     24   0.12    190    9.0  349.6  350.1  349.6
  244.0  11199  -39.5  -52.2     25   0.13    190    9.0  349.6  350.1  349.6
  243.8  11206  -39.6  -52.2     25   0.13    190    9.0  349.6  350.1  349.6
  243.5  11213  -39.6  -52.3     25   0.12    190    9.0  349.6  350.1  349.6
  243.3  11219  -39.7  -52.4     25   0.12    190    9.0  349.6  350.2  349.6
  243.1  11225  -39.7  -52.5     24   0.12    190    9.0  349.6  350.2  349.7
  242.8  11232  -39.8  -52.8     24   0.12    190    9.0  349.7  350.2  349.7
  242.6  11239  -39.8  -53.2     23   0.11    190    8.9  349.8  350.3  349.8
  242.4  11245  -39.8  -53.4     22   0.11    190    8.9  349.8  350.3  349.9
  242.2  11251  -39.8  -53.1     23   0.11    190    8.9  349.9  350.4  349.9
  242.0  11257  -39.8  -52.3     25   0.12    191    8.8  349.9  350.5  349.9
  241.8  11262  -39.9  -52.1     26   0.13    191    8.8  349.9  350.5  349.9
  241.6  11267  -40.0  -52.2     26   0.13    191    8.7  349.9  350.5  349.9
  241.4  11273  -40.0  -52.2     26   0.13    191    8.6  349.9  350.5  349.9
  241.2  11279  -40.1  -52.0     27   0.13    191    8.5  349.9  350.5  349.9
  241.0  11285  -40.1  -51.8     27   0.13    191    8.4  349.9  350.5  349.9
  240.8  11291  -40.2  -51.9     27   0.13    192    8.4  349.9  350.5  350.0
  240.6  11296  -40.2  -52.6     25   0.12    192    8.3  350.0  350.5  350.0
  240.4  11302  -40.1  -53.6     22   0.11    192    8.2  350.1  350.6  350.2
  240.1  11308  -40.1  -54.4     20   0.10    191    8.2  350.3  350.7  350.3
  239.9  11314  -40.2  -55.0     19   0.09    191    8.1  350.3  350.7  350.3
  239.7  11321  -40.2  -55.7     17   0.08    191    8.1  350.4  350.8  350.4
  239.5  11327  -40.2  -55.7     17   0.08    191    8.0  350.4  350.8  350.5
  239.3  11332  -40.2  -55.7     17   0.08    191    8.0  350.5  350.8  350.5
  239.1  11338  -40.3  -56.0     17   0.08    191    8.0  350.5  350.8  350.5
  238.9  11344  -40.3  -56.2     17   0.08    190    8.0  350.5  350.8  350.5
  238.7  11350  -40.4  -56.2     17   0.08    190    8.0  350.5  350.8  350.5
  238.5  11356  -40.4  -56.3     17   0.08    190    8.0  350.5  350.8  350.5
  238.3  11361  -40.5  -56.4     16   0.08    190    8.0  350.5  350.8  350.5
  238.1  11367  -40.5  -56.5     16   0.08    190    8.0  350.5  350.9  350.5
  237.8  11374  -40.6  -56.5     17   0.08    190    8.0  350.5  350.9  350.6
  237.6  11380  -40.7  -56.5     17   0.08    190    8.0  350.5  350.9  350.6
  237.4  11385  -40.7  -56.5     17   0.08    190    8.0  350.6  350.9  350.6
  237.2  11392  -40.8  -56.5     17   0.08    189    8.0  350.5  350.9  350.6
  237.0  11398  -40.8  -56.5     17   0.08    189    7.9  350.5  350.9  350.6
  236.8  11404  -40.9  -56.5     17   0.08    189    7.9  350.5  350.9  350.5
  236.6  11409  -40.9  -56.5     17   0.08    189    7.9  350.5  350.9  350.6
  236.4  11416  -41.0  -56.5     17   0.08    189    7.9  350.5  350.9  350.5
  236.2  11422  -41.1  -56.4     17   0.08    189    8.0  350.5  350.9  350.5
  235.9  11429  -41.1  -56.4     18   0.08    189    8.0  350.6  350.9  350.6
  235.7  11434  -41.2  -56.5     18   0.08    189    8.0  350.6  350.9  350.6
  235.6  11440  -41.2  -56.5     18   0.08    189    8.0  350.5  350.9  350.5
  235.4  11445  -41.3  -56.5     18   0.08    188    8.0  350.5  350.9  350.5
  235.1  11451  -41.3  -56.5     18   0.08    188    8.0  350.6  350.9  350.6
  234.9  11457  -41.4  -56.5     18   0.08    188    8.0  350.5  350.9  350.6
  234.7  11463  -41.4  -56.5     18   0.08    188    8.0  350.6  350.9  350.6
  234.5  11469  -41.5  -56.6     18   0.08    188    8.0  350.6  350.9  350.6
  234.3  11475  -41.6  -56.6     18   0.08    188    8.0  350.6  350.9  350.6
  234.1  11481  -41.6  -56.5     18   0.08    188    8.0  350.6  350.9  350.6
  233.9  11486  -41.7  -56.5     18   0.08    188    8.0  350.6  350.9  350.6
  233.7  11492  -41.7  -56.5     19   0.08    188    8.0  350.6  350.9  350.6
  233.6  11497  -41.8  -56.5     19   0.08    188    7.9  350.5  350.9  350.5
  233.4  11503  -41.8  -56.5     19   0.08    188    7.9  350.5  350.9  350.5
  233.2  11508  -41.9  -56.5     19   0.08    188    7.9  350.5  350.9  350.6
  233.0  11515  -42.0  -56.5     19   0.08    188    7.9  350.5  350.9  350.5
  232.8  11521  -42.0  -56.5     19   0.08    188    7.8  350.5  350.9  350.6
  232.6  11526  -42.1  -56.5     19   0.08    188    7.8  350.5  350.9  350.6
  232.4  11532  -42.1  -56.4     19   0.08    188    7.7  350.6  350.9  350.6
  232.2  11538  -42.2  -56.4     20   0.08    188    7.7  350.6  350.9  350.6
  232.0  11544  -42.2  -56.5     20   0.08    188    7.6  350.6  350.9  350.6
  231.8  11550  -42.3  -56.6     19   0.08    188    7.6  350.6  350.9  350.6
  231.6  11555  -42.3  -56.8     19   0.08    188    7.6  350.6  351.0  350.6
  231.4  11560  -42.3  -56.9     19   0.08    188    7.5  350.7  351.0  350.7
  231.2  11566  -42.3  -56.6     19   0.08    188    7.5  350.7  351.1  350.7
  231.0  11572  -42.4  -56.6     20   0.08    188    7.5  350.7  351.1  350.7
  230.8  11578  -42.5  -56.7     19   0.08    188    7.5  350.7  351.1  350.7
  230.6  11583  -42.5  -56.7     20   0.08    189    7.5  350.7  351.1  350.8
  230.4  11589  -42.5  -56.6     20   0.08    189    7.5  350.8  351.1  350.8
  230.2  11595  -42.6  -56.7     20   0.08    189    7.5  350.8  351.1  350.8
  230.0  11601  -42.6  -57.0     19   0.07    189    7.5  350.8  351.1  350.8
  229.8  11607  -42.7  -57.2     19   0.07    189    7.6  350.8  351.1  350.8
  229.6  11613  -42.7  -57.3     19   0.07    189    7.6  350.8  351.2  350.8
  229.4  11619  -42.8  -57.4     19   0.07    189    7.6  350.8  351.2  350.9
  229.2  11625  -42.8  -57.6     18   0.07    190    7.6  350.9  351.2  350.9
  229.0  11630  -42.9  -57.9     18   0.07    190    7.6  350.9  351.2  350.9
  228.8  11635  -42.9  -58.0     17   0.07    190    7.5  351.0  351.3  351.0
  228.6  11641  -42.9  -58.0     17   0.07    190    7.5  351.0  351.3  351.1
  228.4  11647  -42.9  -57.9     18   0.07    189    7.5  351.1  351.4  351.1
  228.2  11653  -43.0  -58.0     18   0.07    189    7.4  351.1  351.4  351.1
  228.0  11659  -43.0  -58.0     18   0.07    189    7.4  351.1  351.4  351.1
  227.8  11666  -43.0  -58.2     17   0.07    189    7.3  351.1  351.4  351.1
  227.6  11671  -43.1  -58.3     17   0.06    189    7.3  351.1  351.4  351.2
  227.4  11677  -43.1  -58.5     17   0.06    188    7.2  351.2  351.5  351.2
  227.3  11682  -43.2  -58.6     17   0.06    188    7.2  351.2  351.5  351.2
  227.1  11687  -43.2  -58.6     17   0.06    188    7.2  351.2  351.5  351.2
  226.9  11692  -43.2  -58.5     17   0.06    188    7.2  351.2  351.5  351.3
  226.7  11698  -43.3  -58.5     17   0.06    188    7.1  351.3  351.5  351.3
  226.5  11703  -43.3  -58.5     17   0.06    188    7.1  351.3  351.6  351.3
  226.3  11710  -43.4  -58.5     17   0.06    188    7.1  351.3  351.6  351.3
  226.1  11716  -43.4  -58.6     17   0.06    188    7.1  351.3  351.6  351.3
  225.9  11722  -43.5  -58.8     17   0.06    188    7.2  351.3  351.6  351.3
  225.7  11727  -43.5  -59.2     16   0.06    189    7.2  351.3  351.6  351.4
  225.6  11732  -43.5  -59.6     15   0.05    189    7.2  351.3  351.6  351.4
  225.4  11737  -43.6  -59.8     15   0.05    190    7.2  351.4  351.6  351.4
  225.2  11742  -43.6  -59.7     15   0.05    190    7.2  351.4  351.7  351.4
  225.0  11748  -43.7  -59.7     15   0.05    191    7.2  351.4  351.7  351.5
  224.8  11754  -43.7  -59.6     16   0.06    192    7.3  351.5  351.7  351.5
  224.7  11759  -43.7  -59.6     16   0.05    192    7.3  351.4  351.7  351.5
  224.5  11765  -43.8  -59.8     15   0.05    193    7.3  351.5  351.7  351.5
  224.3  11771  -43.8  -60.1     15   0.05    194    7.3  351.5  351.7  351.5
  224.1  11776  -43.9  -60.3     14   0.05    194    7.4  351.5  351.8  351.5
  223.9  11781  -43.9  -60.4     14   0.05    195    7.4  351.6  351.8  351.6
  223.7  11787  -43.9  -60.4     14   0.05    195    7.4  351.6  351.9  351.6
  223.5  11792  -43.9  -60.3     15   0.05    195    7.4  351.7  351.9  351.7
  223.4  11798  -44.0  -60.3     15   0.05    196    7.4  351.7  351.9  351.7
  223.2  11803  -44.0  -60.5     14   0.05    196    7.4  351.7  351.9  351.7
  223.0  11809  -44.1  -60.6     14   0.05    197    7.4  351.7  351.9  351.7
  222.8  11815  -44.1  -60.6     14   0.05    197    7.4  351.7  351.9  351.7
  222.6  11821  -44.2  -60.5     15   0.05    198    7.4  351.7  352.0  351.7
  222.4  11826  -44.2  -60.4     15   0.05    198    7.4  351.8  352.0  351.8
  222.3  11831  -44.3  -60.4     15   0.05    199    7.4  351.7  352.0  351.7
  222.1  11836  -44.3  -60.4     15   0.05    199    7.4  351.8  352.0  351.8
  221.9  11842  -44.4  -60.5     15   0.05    199    7.4  351.8  352.0  351.8
  221.7  11847  -44.4  -60.5     15   0.05    199    7.4  351.8  352.0  351.8
  221.6  11853  -44.4  -60.4     15   0.05    200    7.4  351.8  352.0  351.8
  221.4  11858  -44.5  -60.5     15   0.05    200    7.4  351.8  352.0  351.8
  221.2  11864  -44.6  -60.4     15   0.05    200    7.4  351.8  352.0  351.8
  221.0  11869  -44.6  -60.3     16   0.05    200    7.4  351.8  352.0  351.8
  220.8  11875  -44.6  -60.4     16   0.05    200    7.3  351.8  352.1  351.8
  220.6  11880  -44.7  -60.6     15   0.05    201    7.3  351.8  352.1  351.9
  220.5  11886  -44.7  -60.6     15   0.05    201    7.3  351.8  352.1  351.8
  220.3  11891  -44.8  -60.7     15   0.05    201    7.3  351.9  352.1  351.9
  220.1  11896  -44.8  -60.7     15   0.05    202    7.3  351.9  352.1  351.9
  220.0  11901  -44.9  -60.7     15   0.05    202    7.3  351.9  352.1  351.9
  219.8  11906  -44.9  -60.7     15   0.05    203    7.3  351.9  352.1  351.9
  219.6  11912  -45.0  -60.8     15   0.05    204    7.3  351.9  352.1  351.9
  219.4  11917  -45.0  -60.8     15   0.05    204    7.3  351.9  352.1  351.9
  219.3  11922  -45.0  -60.8     15   0.05    205    7.3  351.9  352.1  351.9
  219.1  11928  -45.1  -60.9     15   0.05    205    7.3  351.9  352.1  351.9
  218.9  11933  -45.1  -61.0     15   0.05    206    7.3  351.9  352.1  351.9
  218.7  11938  -45.2  -61.0     15   0.05    206    7.3  352.0  352.2  352.0
  218.6  11944  -45.2  -61.1     15   0.05    206    7.3  351.9  352.2  352.0
  218.4  11949  -45.3  -61.2     15   0.05    207    7.3  351.9  352.2  352.0
  218.2  11954  -45.3  -61.3     15   0.05    207    7.2  352.0  352.2  352.0
  218.0  11960  -45.4  -61.2     15   0.05    207    7.2  352.0  352.2  352.0
  217.8  11965  -45.4  -61.1     15   0.05    207    7.2  352.0  352.2  352.0
  217.7  11970  -45.5  -61.1     16   0.05    207    7.2  352.0  352.2  352.0
  217.5  11976  -45.5  -61.1     16   0.05    207    7.2  352.0  352.2  352.0
  217.3  11981  -45.6  -61.1     16   0.05    207    7.2  352.0  352.2  352.0
  217.1  11987  -45.6  -61.1     16   0.05    207    7.3  352.0  352.2  352.0
  216.9  11993  -45.7  -61.1     16   0.05    207    7.3  352.0  352.2  352.0
  216.7  11999  -45.7  -61.1     16   0.05    207    7.3  352.0  352.3  352.0
  216.5  12005  -45.8  -61.1     16   0.05    207    7.4  352.0  352.3  352.0
  216.4  12010  -45.8  -61.1     16   0.05    208    7.4  352.0  352.2  352.0
  216.2  12015  -45.9  -61.1     16   0.05    208    7.4  352.0  352.3  352.0
  216.1  12020  -45.9  -61.2     16   0.05    208    7.5  352.0  352.2  352.0
  215.9  12026  -46.0  -61.3     16   0.05    209    7.5  352.0  352.2  352.0
  215.7  12032  -46.0  -61.3     16   0.05    209    7.5  352.0  352.3  352.1
  215.5  12037  -46.1  -61.4     16   0.05    210    7.6  352.1  352.3  352.1
  215.3  12042  -46.1  -61.5     16   0.05    210    7.6  352.1  352.3  352.1
  215.2  12047  -46.2  -61.6     16   0.04    210    7.6  352.1  352.3  352.1
  215.0  12052  -46.2  -61.8     15   0.04    211    7.6  352.1  352.3  352.1
  214.8  12058  -46.2  -61.9     15   0.04    211    7.6  352.1  352.3  352.1
  214.6  12064  -46.3  -62.0     15   0.04    211    7.6  352.1  352.3  352.1
  214.5  12069  -46.3  -62.1     15   0.04    212    7.6  352.1  352.3  352.1
  214.3  12073  -46.4  -62.4     15   0.04    212    7.5  352.1  352.3  352.2
  214.2  12078  -46.4  -62.9     14   0.04    212    7.5  352.1  352.3  352.2
  214.0  12083  -46.4  -63.7     12   0.03    213    7.5  352.2  352.4  352.2
  213.8  12089  -46.4  -64.4     11   0.03    213    7.5  352.3  352.4  352.3
  213.7  12094  -46.5  -64.7     11   0.03    213    7.5  352.3  352.4  352.3
  213.5  12099  -46.5  -64.7     11   0.03    213    7.5  352.3  352.5  352.3
  213.3  12104  -46.5  -64.6     11   0.03    214    7.5  352.4  352.5  352.4
  213.2  12110  -46.6  -64.5     11   0.03    214    7.5  352.3  352.5  352.3
  213.0  12115  -46.6  -64.4     11   0.03    215    7.5  352.4  352.5  352.4
  212.8  12120  -46.7  -64.4     11   0.03    215    7.5  352.4  352.5  352.4
  212.6  12126  -46.7  -64.5     11   0.03    215    7.5  352.4  352.6  352.4
  212.5  12131  -46.8  -64.6     11   0.03    216    7.4  352.4  352.5  352.4
  212.3  12136  -46.8  -64.6     11   0.03    216    7.4  352.5  352.6  352.5
  212.1  12142  -46.8  -64.6     11   0.03    216    7.3  352.5  352.6  352.5
  211.9  12148  -46.9  -64.6     11   0.03    216    7.3  352.5  352.6  352.5
  211.8  12153  -46.9  -64.7     11   0.03    217    7.2  352.4  352.6  352.4
  211.6  12159  -47.0  -64.8     11   0.03    217    7.2  352.5  352.6  352.5
  211.4  12165  -47.0  -64.9     11   0.03    217    7.1  352.5  352.6  352.5
  211.2  12170  -47.1  -65.0     11   0.03    217    7.0  352.5  352.7  352.5
  211.1  12175  -47.1  -65.0     11   0.03    217    7.0  352.5  352.7  352.5
  210.9  12179  -47.1  -65.0     11   0.03    217    6.9  352.6  352.7  352.6
  210.8  12185  -47.2  -65.0     11   0.03    217    6.9  352.6  352.7  352.6
  210.6  12191  -47.2  -65.1     11   0.03    217    6.9  352.6  352.7  352.6
  210.4  12196  -47.3  -65.2     11   0.03    217    6.9  352.6  352.7  352.6
  210.2  12201  -47.3  -65.2     11   0.03    217    6.9  352.6  352.8  352.6
  210.1  12206  -47.4  -65.3     11   0.03    217    6.9  352.6  352.7  352.6
  209.9  12212  -47.4  -65.4     11   0.03    217    6.9  352.6  352.7  352.6
  209.7  12217  -47.5  -65.5     11   0.03    217    6.9  352.6  352.8  352.7
  209.6  12222  -47.5  -65.7     11   0.03    217    6.9  352.6  352.8  352.7
  209.4  12228  -47.5  -65.7     11   0.03    218    7.0  352.7  352.8  352.7
  209.2  12233  -47.6  -65.7     11   0.03    218    7.0  352.7  352.8  352.7
  209.0  12239  -47.6  -65.8     11   0.03    218    7.0  352.7  352.9  352.7
  208.8  12245  -47.7  -65.8     11   0.03    218    7.0  352.8  352.9  352.8
  208.6  12251  -47.7  -65.9     11   0.03    219    7.1  352.8  352.9  352.8
  208.5  12257  -47.7  -65.9     11   0.03    219    7.0  352.8  352.9  352.8
  208.3  12262  -47.8  -66.0     10   0.03    220    7.0  352.8  352.9  352.8
  208.1  12268  -47.8  -66.1     10   0.03    220    7.0  352.8  352.9  352.8
  207.9  12274  -47.9  -66.3     10   0.02    220    6.9  352.8  353.0  352.8
  207.8  12280  -47.9  -66.5     10   0.02    221    6.9  352.8  352.9  352.8
  207.6  12285  -48.0  -66.6     10   0.02    221    6.8  352.8  353.0  352.9
  207.4  12290  -48.0  -66.8     10   0.02    221    6.7  352.9  353.0  352.9
  207.2  12296  -48.1  -66.9     10   0.02    222    6.7  352.9  353.0  352.9
  207.1  12302  -48.1  -66.8     10   0.02    222    6.6  352.9  353.0  352.9
  206.9  12307  -48.2  -66.7     10   0.02    223    6.5  352.9  353.0  352.9
  206.7  12312  -48.2  -66.7     10   0.02    223    6.4  352.9  353.1  352.9
  206.5  12318  -48.2  -66.8     10   0.02    224    6.3  353.0  353.1  353.0
  206.4  12324  -48.3  -67.1     10   0.02    224    6.3  352.9  353.1  353.0
  206.2  12329  -48.3  -67.4      9   0.02    225    6.2  353.0  353.1  353.0
  206.0  12335  -48.3  -67.5      9   0.02    226    6.1  353.0  353.2  353.1
  205.8  12341  -48.4  -67.4      9   0.02    226    6.0  353.1  353.2  353.1
  205.7  12346  -48.4  -67.4      9   0.02    227    6.0  353.1  353.2  353.1
  205.5  12352  -48.5  -67.6      9   0.02    228    5.9  353.1  353.2  353.1
  205.3  12358  -48.5  -67.9      9   0.02    228    5.8  353.1  353.2  353.1
  205.1  12363  -48.5  -68.1      9   0.02    229    5.7  353.2  353.3  353.2
  205.0  12368  -48.6  -68.1      9   0.02    230    5.7  353.2  353.3  353.2
  204.8  12374  -48.6  -68.0      9   0.02    230    5.6  353.3  353.4  353.3
  204.6  12380  -48.6  -68.1      9   0.02    231    5.5  353.3  353.4  353.3
  204.4  12386  -48.7  -68.1      9   0.02    231    5.4  353.3  353.4  353.4
  204.2  12392  -48.7  -68.2      9   0.02    232    5.3  353.4  353.5  353.4
  204.1  12398  -48.7  -68.2      9   0.02    232    5.2  353.4  353.5  353.4
  203.9  12403  -48.8  -68.3      8   0.02    233    5.1  353.4  353.5  353.4
  203.7  12408  -48.8  -68.3      9   0.02    233    5.0  353.5  353.5  353.5
  203.6  12414  -48.9  -68.2      9   0.02    234    4.8  353.4  353.5  353.4
  203.4  12420  -48.9  -68.1      9   0.02    235    4.7  353.4  353.5  353.5
  203.2  12426  -48.9  -68.1      9   0.02    235    4.6  353.5  353.6  353.5
  203.0  12432  -49.0  -68.1      9   0.02    236    4.5  353.5  353.6  353.5
  202.8  12439  -49.0  -68.2      9   0.02    237    4.4  353.6  353.7  353.6
  202.6  12445  -49.1  -68.4      9   0.02    239    4.3  353.6  353.7  353.6
  202.4  12452  -49.1  -68.5      9   0.02    240    4.3  353.7  353.8  353.7
  202.2  12458  -49.1  -68.6      9   0.02    241    4.2  353.7  353.8  353.7
  202.0  12464  -49.2  -68.6      9   0.02    243    4.1  353.7  353.8  353.7
  201.8  12471  -49.2  -68.7      9   0.02    244    4.0  353.7  353.8  353.7
  201.6  12479  -49.3  -68.8      8   0.02    245    4.0  353.7  353.8  353.7
  201.4  12484  -49.3  -68.8      8   0.02    247    3.9  353.8  353.9  353.8
  201.2  12489  -49.4  -68.9      8   0.02    248    3.8  353.8  353.9  353.8
  201.1  12495  -49.4  -69.0      8   0.02    249    3.8  353.8  353.8  353.8
  200.9  12501  -49.5  -68.9      8   0.02    249    3.7  353.8  353.9  353.8
  200.7  12507  -49.5  -68.9      9   0.02    250    3.6  353.9  353.9  353.9
  200.5  12513  -49.5  -68.9      9   0.02    251    3.5  353.9  354.0  353.9
  200.3  12519  -49.6  -68.9      9   0.02    251    3.4  353.9  354.0  353.9
  200.1  12525  -49.6  -68.9      9   0.02    252    3.3  354.0  354.1  354.0
  200.0  12530  -49.7  -68.9      9   0.02    252    3.3  354.0  354.1  354.0
  199.9  12531  -49.7  -68.8      9   0.02    252    3.2  354.0  354.1  354.0
  199.8  12537  -49.7  -68.8      9   0.02    253    3.1  354.0  354.1  354.0
  199.6  12544  -49.8  -68.8      9   0.02    254    3.0  354.0  354.1  354.0
  199.4  12550  -49.8  -68.8      9   0.02    256    2.8  354.1  354.2  354.1
  199.2  12556  -49.8  -68.8      9   0.02    257    2.7  354.1  354.2  354.1
  199.0  12562  -49.9  -68.8      9   0.02    260    2.6  354.1  354.2  354.1
  198.8  12568  -49.9  -68.8      9   0.02    263    2.5  354.1  354.2  354.1
  198.6  12575  -50.0  -68.8      9   0.02    266    2.4  354.1  354.2  354.1
  198.4  12581  -50.1  -68.8      9   0.02    271    2.3  354.1  354.2  354.1
  198.2  12587  -50.1  -68.7      9   0.02    276    2.2  354.2  354.2  354.2
  198.1  12594  -50.2  -68.6     10   0.02    281    2.2  354.1  354.2  354.1
  197.8  12601  -50.2  -68.5     10   0.02    287    2.2  354.2  354.3  354.2
  197.6  12608  -50.3  -68.5     10   0.02    292    2.2  354.2  354.3  354.2
  197.4  12615  -50.4  -68.5     10   0.02    297    2.3  354.2  354.3  354.2
  197.2  12621  -50.4  -68.5     10   0.02    301    2.4  354.2  354.3  354.2
  197.0  12628  -50.5  -68.3     10   0.02    305    2.5  354.2  354.3  354.2
  196.8  12634  -50.5  -67.9     11   0.02    308    2.6  354.3  354.4  354.3
  196.6  12641  -50.5  -67.3     12   0.02    311    2.7  354.3  354.4  354.3
  196.4  12649  -50.6  -66.7     13   0.02    313    2.7  354.3  354.5  354.4
  196.1  12657  -50.6  -66.0     15   0.03    315    2.8  354.4  354.5  354.4
  195.8  12667  -50.7  -65.4     16   0.03    317    2.8  354.5  354.6  354.5
  195.5  12677  -50.8  -64.8     17   0.03    318    2.9  354.5  354.7  354.5
  195.3  12686  -50.8  -64.4     18   0.03    320    2.9  354.5  354.7  354.5
  195.1  12693  -50.9  -64.2     19   0.04    321    2.9  354.5  354.7  354.5
  194.9  12699  -51.0  -64.1     20   0.04    322    2.8  354.5  354.7  354.5
  194.6  12706  -51.0  -64.0     20   0.04    323    2.8  354.5  354.7  354.6
  194.4  12714  -51.1  -63.9     20   0.04    323    2.8  354.6  354.7  354.6
  194.2  12722  -51.2  -63.9     21   0.04    323    2.8  354.5  354.7  354.6
  194.0  12730  -51.2  -63.7     21   0.04    323    2.7  354.5  354.7  354.5
  193.8  12736  -51.3  -63.6     22   0.04    323    2.7  354.5  354.7  354.5
  193.5  12743  -51.4  -63.5     22   0.04    323    2.7  354.6  354.7  354.6
  193.3  12750  -51.4  -63.2     23   0.04    323    2.7  354.6  354.8  354.6
  193.2  12757  -51.5  -63.0     24   0.04    323    2.7  354.5  354.7  354.5
  192.9  12763  -51.6  -62.8     25   0.04    323    2.7  354.6  354.8  354.6
  192.7  12770  -51.6  -62.9     25   0.04    323    2.8  354.6  354.8  354.6
  192.5  12777  -51.7  -62.9     25   0.04    324    2.8  354.6  354.8  354.6
  192.3  12785  -51.8  -62.8     25   0.04    325    2.9  354.6  354.8  354.6
  192.1  12793  -51.8  -62.8     26   0.04    326    3.0  354.6  354.8  354.6
  191.9  12799  -51.9  -62.7     26   0.04    328    3.1  354.6  354.8  354.6
  191.7  12807  -52.0  -62.6     27   0.04    330    3.2  354.6  354.8  354.6
  191.5  12814  -52.0  -62.7     27   0.04    332    3.3  354.6  354.8  354.6
  191.3  12821  -52.1  -62.7     27   0.04    334    3.4  354.6  354.8  354.6
  191.0  12828  -52.2  -62.7     27   0.04    336    3.5  354.6  354.8  354.6
  190.8  12835  -52.2  -62.6     28   0.04    338    3.5  354.6  354.8  354.6
  190.6  12842  -52.3  -62.3     29   0.05    340    3.6  354.6  354.8  354.6
  190.4  12850  -52.4  -61.8     31   0.05    341    3.7  354.6  354.8  354.6
  190.2  12857  -52.4  -61.4     33   0.05    343    3.7  354.6  354.8  354.6
  190.0  12864  -52.5  -61.1     34   0.05    344    3.8  354.6  354.8  354.6
  189.8  12871  -52.6  -61.1     35   0.05    345    3.8  354.6  354.9  354.6
  189.6  12878  -52.6  -61.1     35   0.05    346    3.8  354.6  354.9  354.6
  189.4  12884  -52.7  -61.2     35   0.05    346    3.8  354.6  354.9  354.6
  189.2  12891  -52.8  -61.3     35   0.05    347    3.8  354.6  354.9  354.6
  189.0  12897  -52.8  -61.3     35   0.05    347    3.7  354.6  354.9  354.6
  188.8  12903  -52.9  -61.2     36   0.05    348    3.7  354.6  354.9  354.6
  188.6  12910  -53.0  -61.2     36   0.05    348    3.7  354.6  354.9  354.6
  188.4  12916  -53.0  -61.2     36   0.05    348    3.7  354.6  354.9  354.7
  188.3  12922  -53.1  -61.2     36   0.05    348    3.6  354.6  354.9  354.6
  188.1  12928  -53.1  -61.2     37   0.05    349    3.6  354.6  354.9  354.6
  187.9  12935  -53.2  -61.3     37   0.05    349    3.6  354.6  354.9  354.7
  187.7  12941  -53.3  -61.3     37   0.05    349    3.6  354.6  354.9  354.7
  187.5  12947  -53.3  -61.4     37   0.05    349    3.6  354.7  354.9  354.7
  187.4  12954  -53.4  -61.4     37   0.05    349    3.6  354.6  354.9  354.6
  187.2  12960  -53.4  -61.5     37   0.05    350    3.7  354.6  354.9  354.6
  187.0  12967  -53.5  -61.5     37   0.05    350    3.7  354.6  354.9  354.6
  186.7  12974  -53.6  -61.6     37   0.05    350    3.7  354.7  354.9  354.7
  186.6  12981  -53.6  -61.6     37   0.05    351    3.7  354.6  354.9  354.6
  186.4  12987  -53.7  -61.6     37   0.05    351    3.7  354.6  354.9  354.6
  186.2  12993  -53.8  -61.6     38   0.05    351    3.8  354.6  354.9  354.7
  186.0  12999  -53.8  -61.6     38   0.05    352    3.8  354.7  354.9  354.7
  185.8  13005  -53.9  -61.6     38   0.05    352    3.8  354.7  354.9  354.7
  185.7  13011  -53.9  -61.6     39   0.05    353    3.9  354.6  354.9  354.6
  185.5  13017  -54.0  -61.6     39   0.05    353    3.9  354.6  354.8  354.6
  185.3  13025  -54.1  -61.6     39   0.05    354    3.9  354.6  354.8  354.6
  185.1  13032  -54.1  -61.6     39   0.05    355    4.0  354.6  354.9  354.6
  184.9  13039  -54.2  -61.6     40   0.05    356    4.0  354.6  354.9  354.6
  184.7  13045  -54.3  -61.6     40   0.05    356    4.0  354.6  354.9  354.6
  184.5  13052  -54.3  -61.6     40   0.05    357    4.0  354.6  354.9  354.6
  184.3  13058  -54.4  -61.6     40   0.05    358    4.0  354.6  354.9  354.6
  184.1  13065  -54.5  -61.7     40   0.05    359    3.9  354.6  354.9  354.7
  183.9  13071  -54.5  -61.9     40   0.05    360    3.9  354.7  354.9  354.7
  183.8  13077  -54.6  -62.1     39   0.05      1    3.9  354.6  354.8  354.6
  183.6  13084  -54.6  -62.3     38   0.05      2    3.8  354.6  354.9  354.6
  183.4  13091  -54.7  -62.4     38   0.05      3    3.8  354.7  354.9  354.7
  183.2  13097  -54.7  -62.6     37   0.05      4    3.7  354.7  354.9  354.7
  183.0  13103  -54.8  -62.8     36   0.04      5    3.6  354.7  354.9  354.7
  182.9  13109  -54.9  -62.9     36   0.04      6    3.6  354.7  354.9  354.7
  182.7  13115  -54.9  -63.1     36   0.04      8    3.6  354.7  354.9  354.7
  182.5  13121  -55.0  -63.4     34   0.04      9    3.5  354.7  354.9  354.7
  182.3  13128  -55.0  -63.8     33   0.04     10    3.5  354.7  354.9  354.7
  182.1  13134  -55.1  -64.2     31   0.04     11    3.5  354.8  354.9  354.8
  182.0  13141  -55.1  -64.5     30   0.04     12    3.5  354.7  354.9  354.7
  181.8  13147  -55.2  -64.9     29   0.03     14    3.5  354.8  354.9  354.8
  181.6  13154  -55.2  -65.3     27   0.03     15    3.5  354.8  355.0  354.8
  181.4  13160  -55.3  -65.7     26   0.03     17    3.5  354.8  355.0  354.8
  181.2  13168  -55.4  -66.0     25   0.03     18    3.6  354.8  354.9  354.8
  181.0  13175  -55.4  -66.4     24   0.03     20    3.6  354.9  355.0  354.9
  180.8  13181  -55.4  -66.8     23   0.03     21    3.6  354.9  355.0  354.9
  180.6  13188  -55.5  -67.3     22   0.02     23    3.7  354.9  355.0  354.9
  180.4  13196  -55.6  -67.7     21   0.02     24    3.7  354.9  355.0  354.9
  180.2  13202  -55.6  -67.9     20   0.02     26    3.7  354.9  355.1  354.9
  180.0  13209  -55.7  -68.1     20   0.02     27    3.8  355.0  355.1  355.0
  179.8  13215  -55.7  -68.3     19   0.02     29    3.8  355.0  355.1  355.0
  179.7  13221  -55.8  -68.5     19   0.02     30    3.8  354.9  355.1  355.0
  179.5  13228  -55.8  -68.6     19   0.02     31    3.8  355.0  355.1  355.0
  179.3  13235  -55.9  -68.6     19   0.02     33    3.8  355.0  355.1  355.0
  179.1  13243  -55.9  -68.7     19   0.02     34    3.8  355.0  355.1  355.0
  178.9  13250  -56.0  -68.7     19   0.02     35    3.8  355.0  355.1  355.0
  178.7  13257  -56.1  -68.8     19   0.02     37    3.8  355.0  355.1  355.0
  178.5  13264  -56.1  -68.8     19   0.02     38    3.8  355.1  355.2  355.1
  178.3  13271  -56.2  -68.8     19   0.02     39    3.8  355.1  355.2  355.1
  178.1  13278  -56.3  -69.0     19   0.02     41    3.8  355.1  355.2  355.1
  177.9  13285  -56.3  -69.0     19   0.02     42    3.8  355.1  355.2  355.1
  177.7  13292  -56.4  -69.1     19   0.02     43    3.8  355.1  355.2  355.1
  177.5  13300  -56.4  -69.2     19   0.02     45    3.9  355.1  355.2  355.1
  177.2  13308  -56.5  -69.2     19   0.02     46    3.9  355.2  355.3  355.2
  177.0  13316  -56.6  -69.2     19   0.02     47    3.9  355.2  355.3  355.2
  176.8  13323  -56.6  -69.1     19   0.02     48    4.0  355.2  355.3  355.2
  176.6  13329  -56.7  -69.1     19   0.02     50    4.0  355.2  355.3  355.2
  176.5  13336  -56.8  -69.1     20   0.02     51    4.1  355.2  355.3  355.2
  176.2  13344  -56.8  -69.1     20   0.02     52    4.1  355.2  355.3  355.2
  176.0  13351  -56.9  -69.1     20   0.02     54    4.2  355.2  355.3  355.2
  175.8  13359  -57.0  -69.2     20   0.02     55    4.3  355.2  355.3  355.2
  175.6  13366  -57.0  -69.3     20   0.02     56    4.3  355.2  355.3  355.2
  175.4  13373  -57.1  -69.3     20   0.02     57    4.4  355.3  355.4  355.3
  175.2  13380  -57.2  -69.4     20   0.02     59    4.4  355.3  355.4  355.3
  175.0  13387  -57.2  -69.4     20   0.02     60    4.4  355.3  355.4  355.3
  174.9  13394  -57.3  -69.4     20   0.02     61    4.5  355.2  355.3  355.2
  174.7  13401  -57.4  -69.5     20   0.02     63    4.5  355.2  355.3  355.2
  174.5  13408  -57.4  -69.5     20   0.02     64    4.5  355.2  355.3  355.2
  174.3  13414  -57.5  -69.6     20   0.02     66    4.6  355.3  355.4  355.3
  174.1  13421  -57.5  -69.6     20   0.02     67    4.6  355.3  355.4  355.3
  173.9  13428  -57.6  -69.7     20   0.02     68    4.6  355.3  355.4  355.3
  173.7  13435  -57.6  -69.8     20   0.02     70    4.6  355.4  355.4  355.4
  173.5  13442  -57.7  -69.9     20   0.02     71    4.6  355.4  355.5  355.4
  173.3  13449  -57.7  -70.0     20   0.02     72    4.6  355.4  355.5  355.4
  173.1  13456  -57.8  -70.1     19   0.02     73    4.6  355.4  355.5  355.5
  173.0  13462  -57.9  -70.3     19   0.02     75    4.6  355.4  355.5  355.4
  172.8  13469  -57.9  -70.4     19   0.02     76    4.6  355.4  355.5  355.4
  172.6  13477  -57.9  -70.6     18   0.02     77    4.6  355.5  355.6  355.5
  172.4  13483  -57.9  -70.7     18   0.02     78    4.7  355.6  355.7  355.6
  172.2  13490  -58.0  -70.9     18   0.02     79    4.7  355.6  355.7  355.6
  172.0  13497  -58.1  -71.0     17   0.02     80    4.7  355.7  355.7  355.7
  171.8  13503  -58.1  -71.1     17   0.02     81    4.7  355.7  355.8  355.7
  171.7  13509  -58.2  -71.0     18   0.02     81    4.7  355.6  355.7  355.6
  171.5  13516  -58.2  -71.0     18   0.02     82    4.7  355.7  355.8  355.7
  171.3  13523  -58.2  -70.9     18   0.02     83    4.7  355.8  355.9  355.8
  171.1  13530  -58.3  -70.8     19   0.02     83    4.7  355.8  355.9  355.8
  170.9  13536  -58.3  -70.7     19   0.02     84    4.7  355.9  355.9  355.9
  170.8  13542  -58.4  -70.6     19   0.02     84    4.7  355.8  355.9  355.8
  170.6  13549  -58.5  -70.5     20   0.02     85    4.7  355.8  355.9  355.8
  170.4  13555  -58.5  -70.4     20   0.02     85    4.6  355.9  356.0  355.9
  170.3  13562  -58.6  -70.3     21   0.02     86    4.6  355.8  355.9  355.8
  170.1  13567  -58.6  -70.3     21   0.02     86    4.6  355.9  356.0  355.9
  169.9  13573  -58.7  -70.3     21   0.02     87    4.5  355.9  356.0  355.9
  169.8  13580  -58.7  -70.3     21   0.02     87    4.5  355.8  355.9  355.9
  169.6  13586  -58.8  -70.3     21   0.02     88    4.5  355.9  355.9  355.9
  169.4  13593  -58.9  -70.3     21   0.02     88    4.5  355.9  356.0  355.9
  169.2  13600  -58.9  -70.4     21   0.02     89    4.5  355.9  356.0  355.9
  169.0  13606  -59.0  -70.4     22   0.02     89    4.5  355.9  356.0  355.9
  168.9  13613  -59.0  -70.4     22   0.02     89    4.6  355.9  356.0  355.9
  168.7  13620  -59.1  -70.5     21   0.02     90    4.6  355.9  356.0  355.9
  168.5  13627  -59.1  -70.6     21   0.02     90    4.7  356.0  356.0  356.0
  168.3  13634  -59.2  -70.7     21   0.02     90    4.7  356.0  356.1  356.0
  168.1  13641  -59.2  -70.7     21   0.02     90    4.8  356.1  356.1  356.1
  167.9  13648  -59.3  -70.7     21   0.02     91    4.8  356.1  356.1  356.1
  167.7  13655  -59.4  -70.7     22   0.02     91    4.9  356.1  356.1  356.1
  167.6  13662  -59.4  -70.6     22   0.02     91    4.9  356.0  356.1  356.0
  167.3  13670  -59.5  -70.6     22   0.02     91    5.0  356.1  356.2  356.1
  167.1  13679  -59.6  -70.5     23   0.02     92    5.0  356.1  356.2  356.1
  166.9  13686  -59.6  -70.5     23   0.02     92    5.1  356.1  356.2  356.1
  166.7  13694  -59.7  -70.4     24   0.02     93    5.1  356.1  356.2  356.1
  166.5  13701  -59.8  -70.3     24   0.02     93    5.2  356.1  356.2  356.1
  166.3  13709  -59.8  -70.3     24   0.02     94    5.2  356.1  356.2  356.1
  166.1  13716  -59.9  -70.3     25   0.02     94    5.3  356.2  356.2  356.2
  165.9  13722  -60.0  -70.3     25   0.02     95    5.3  356.2  356.2  356.2
  165.8  13729  -60.0  -70.2     25   0.02     95    5.3  356.1  356.2  356.1
  165.6  13736  -60.1  -70.2     26   0.02     96    5.3  356.1  356.2  356.1
  165.4  13743  -60.2  -70.1     26   0.02     96    5.3  356.1  356.2  356.1
  165.2  13749  -60.2  -69.9     27   0.02     96    5.3  356.2  356.2  356.2
  165.1  13753  -60.3  -69.8     27   0.02     96    5.3  356.1  356.2  356.1
  165.0  13758  -60.3  -69.7     28   0.02     97    5.3  356.1  356.2  356.1
  164.8  13765  -60.4  -69.6     29   0.02     97    5.3  356.2  356.3  356.2
  164.6  13773  -60.4  -69.6     29   0.02     97    5.2  356.2  356.3  356.2
  164.4  13780  -60.5  -69.5     30   0.02     97    5.2  356.2  356.3  356.2
  164.2  13786  -60.5  -69.5     30   0.02     97    5.2  356.2  356.3  356.2
  164.1  13793  -60.6  -69.5     30   0.02     98    5.1  356.2  356.3  356.2
  163.9  13800  -60.7  -69.5     30   0.02     98    5.1  356.2  356.3  356.2
  163.7  13807  -60.7  -69.6     30   0.02     98    5.1  356.2  356.3  356.3
  163.5  13815  -60.8  -69.7     30   0.02     99    5.1  356.3  356.3  356.3
  163.3  13823  -60.8  -69.8     30   0.02     99    5.2  356.3  356.4  356.3
  163.1  13829  -60.8  -69.9     29   0.02    100    5.2  356.5  356.5  356.5
  162.9  13836  -60.8  -70.0     29   0.02    101    5.3  356.6  356.7  356.6
  162.8  13843  -60.9  -70.0     29   0.02    101    5.3  356.6  356.7  356.6
  162.6  13847  -60.9  -70.1     29   0.02    102    5.4  356.6  356.7  356.6
  162.5  13853  -61.0  -70.2     28   0.02    102    5.5  356.6  356.7  356.6
  162.1  13868  -61.0  -70.3     28   0.02    103    5.6  356.7  356.8  356.7
  161.8  13879  -61.1  -70.4     28   0.02    103    5.7  356.8  356.9  356.9
  161.6  13885  -61.1  -70.5     28   0.02    103    5.8  356.9  357.0  356.9
  161.5  13892  -61.2  -70.5     28   0.02    103    5.9  356.9  357.0  356.9
  161.3  13900  -61.2  -70.6     27   0.02    103    6.0  357.0  357.1  357.0
  161.1  13908  -61.1  -70.7     27   0.02    103    6.1  357.2  357.3  357.2
  160.9  13915  -61.1  -70.9     26   0.02    103    6.2  357.3  357.4  357.3
  160.7  13922  -61.2  -71.0     26   0.02    103    6.3  357.4  357.5  357.4
  160.5  13928  -61.2  -71.1     26   0.02    103    6.4  357.5  357.5  357.5
  160.3  13935  -61.2  -71.2     26   0.02    102    6.5  357.5  357.6  357.5
  160.2  13942  -61.3  -71.3     25   0.02    102    6.6  357.5  357.6  357.5
  160.0  13948  -61.3  -71.3     25   0.02    102    6.7  357.6  357.6  357.6
  159.9  13954  -61.3  -71.4     25   0.02    102    6.8  357.6  357.7  357.6
  159.7  13962  -61.4  -71.4     25   0.02    101    7.0  357.7  357.8  357.7
  159.5  13970  -61.4  -71.5     25   0.02    101    7.1  357.8  357.9  357.8
  159.3  13977  -61.4  -71.6     25   0.02    100    7.2  358.0  358.0  358.0
  159.1  13983  -61.4  -71.7     24   0.02    100    7.3  358.1  358.2  358.1
  159.0  13989  -61.4  -71.9     24   0.01    100    7.4  358.1  358.1  358.1
  158.8  13995  -61.4  -72.1     23   0.01     99    7.6  358.1  358.2  358.1
  158.7  14000  -61.5  -72.4     22   0.01     99    7.7  358.1  358.2  358.1
  158.5  14008  -61.5  -72.7     21   0.01     99    7.9  358.2  358.3  358.2
  158.3  14016  -61.5  -73.0     20   0.01     98    8.0  358.4  358.5  358.4
  158.1  14023  -61.5  -73.2     20   0.01     98    8.2  358.6  358.6  358.6
  157.9  14030  -61.4  -73.5     19   0.01     98    8.3  358.7  358.8  358.7
  157.8  14037  -61.5  -73.8     18   0.01     98    8.5  358.7  358.8  358.7
  157.6  14044  -61.5  -74.0     18   0.01     97    8.7  358.8  358.8  358.8
  157.4  14051  -61.6  -74.1     17   0.01     97    8.9  358.8  358.9  358.8
  157.2  14058  -61.6  -74.1     17   0.01     97    9.1  358.9  358.9  358.9
  157.0  14066  -61.7  -74.2     17   0.01     98    9.4  358.9  359.0  358.9
  156.8  14073  -61.7  -74.1     18   0.01     98    9.6  359.0  359.0  359.0
  156.7  14080  -61.8  -74.1     18   0.01     98    9.8  359.0  359.0  359.0
  156.5  14086  -61.8  -74.0     18   0.01     98   10.1  359.1  359.1  359.1
  156.3  14092  -61.8  -73.9     18   0.01     98   10.3  359.2  359.3  359.2
  156.1  14100  -61.8  -73.9     19   0.01     99   10.5  359.3  359.4  359.3
  155.9  14108  -61.8  -73.8     19   0.01     99   10.8  359.4  359.5  359.4
  155.7  14117  -61.8  -73.8     19   0.01     99   11.0  359.5  359.6  359.5
  155.5  14125  -61.9  -73.8     19   0.01     99   11.2  359.6  359.7  359.6
  155.3  14132  -61.9  -73.9     19   0.01     99   11.5  359.6  359.7  359.6
  155.2  14138  -61.9  -73.9     19   0.01     99   11.7  359.7  359.7  359.7
  155.0  14144  -61.9  -74.0     18   0.01     99   11.9  359.8  359.9  359.8
  154.8  14152  -61.9  -74.1     18   0.01     99   12.1  360.0  360.0  360.0
  154.6  14160  -61.9  -74.2     18   0.01     99   12.4  360.1  360.1  360.1
  154.4  14168  -61.9  -74.4     18   0.01     99   12.6  360.2  360.3  360.2
  154.2  14179  -61.9  -74.5     17   0.01     99   12.9  360.4  360.4  360.4
  154.0  14186  -61.9  -74.6     17   0.01     99   13.2  360.5  360.6  360.5
  153.9  14189  -61.9  -74.8     16   0.01     99   13.5  360.5  360.6  360.5
  153.8  14195  -62.0  -74.9     16   0.01     99   13.9  360.4  360.5  360.4
  153.6  14203  -62.0  -75.0     16   0.01    100   14.2  360.5  360.6  360.5
  153.2  14218  -62.1  -75.1     16   0.01    100   14.6  360.8  360.8  360.8
  152.9  14231  -62.1  -75.2     16   0.01    100   15.0  360.9  361.0  360.9
  152.8  14234  -62.1  -75.3     16   0.01    100   15.4  361.0  361.0  361.0
  152.7  14239  -62.1  -75.3     15   0.01    101   15.7  361.0  361.1  361.0
  152.4  14250  -62.1  -75.4     15   0.01    101   16.1  361.2  361.2  361.2
  152.3  14253  -62.2  -75.4     15   0.01    101   16.5  361.2  361.3  361.2
  152.1  14261  -62.2  -75.3     16   0.01    101   16.8  361.3  361.4  361.3
  151.8  14273  -62.1  -75.2     16   0.01    101   17.2  361.6  361.6  361.6
  151.6  14284  -62.2  -75.1     16   0.01    101   17.5  361.6  361.7  361.7
  151.3  14295  -62.2  -75.1     16   0.01    101   17.8  361.9  362.0  361.9
  151.1  14304  -62.1  -75.1     16   0.01    101   18.1  362.1  362.1  362.1
  150.9  14313  -62.1  -75.0     16   0.01    101   18.3  362.3  362.3  362.3
  150.6  14321  -62.2  -75.0     16   0.01    101   18.6  362.3  362.4  362.4
  150.4  14330  -62.2  -74.9     17   0.01    101   18.8  362.4  362.4  362.4
  150.2  14338  -62.3  -74.7     17   0.01    101   19.0  362.4  362.4  362.4
  150.1  14346  -62.3  -74.5     18   0.01    101   19.2  362.5  362.6  362.5
  150.0  14348  -62.2  -74.4     18   0.01    101   19.4  362.7  362.7  362.7
  149.9  14354  -62.2  -74.2     19   0.01    101   19.4  362.9  362.9  362.9
  149.6  14363  -62.3  -74.2     19   0.01    101   19.5  362.8  362.9  362.8
  149.4  14371  -62.2  -74.0     19   0.01    101   19.7  363.1  363.2  363.1
  149.3  14377  -62.2  -74.0     19   0.01    101   19.9  363.1  363.2  363.1
  149.1  14384  -62.3  -74.0     19   0.01    101   20.0  363.1  363.2  363.1
  149.0  14391  -62.4  -74.0     20   0.01    101   20.2  363.1  363.2  363.1
  148.8  14399  -62.5  -74.0     20   0.01    101   20.4  363.1  363.2  363.1
  148.6  14406  -62.5  -74.0     20   0.01    101   20.5  363.2  363.3  363.2
  148.4  14413  -62.4  -73.9     20   0.01    101   20.7  363.4  363.5  363.4
  148.3  14420  -62.5  -73.8     21   0.01    102   20.9  363.4  363.5  363.4
  148.1  14427  -62.5  -73.7     21   0.01    102   21.1  363.5  363.5  363.5
  147.9  14434  -62.6  -73.7     21   0.01    102   21.4  363.5  363.5  363.5
  147.7  14442  -62.7  -73.6     22   0.01    102   21.6  363.5  363.6  363.5
  147.6  14450  -62.7  -73.6     22   0.01    102   21.8  363.5  363.6  363.5
  147.4  14457  -62.7  -73.6     22   0.01    103   22.0  363.6  363.7  363.6
  147.2  14464  -62.8  -73.5     22   0.01    103   22.2  363.7  363.8  363.7
  147.0  14472  -62.7  -73.4     22   0.01    103   22.4  363.9  364.0  363.9
  146.8  14479  -62.8  -73.4     23   0.01    103   22.7  363.9  364.0  364.0
  146.7  14487  -62.8  -73.3     23   0.01    103   22.9  363.9  364.0  363.9
  146.5  14494  -62.9  -73.3     23   0.01    103   23.1  364.0  364.1  364.0
  146.4  14500  -62.9  -73.2     24   0.01    103   23.3  364.0  364.1  364.0
  146.2  14506  -63.0  -73.1     24   0.01    104   23.5  364.1  364.1  364.1
  146.1  14512  -63.0  -73.1     24   0.01    104   23.8  364.0  364.1  364.0
  145.9  14518  -63.1  -73.1     25   0.01    104   24.0  364.1  364.2  364.1
  145.8  14525  -63.1  -73.0     25   0.01    104   24.3  364.2  364.2  364.2
  145.6  14531  -63.1  -72.9     25   0.01    104   24.5  364.3  364.4  364.3
  145.5  14538  -63.1  -72.8     26   0.01    104   24.7  364.3  364.4  364.3
  145.3  14545  -63.2  -72.8     26   0.01    104   24.9  364.4  364.4  364.4
  145.1  14551  -63.2  -72.8     26   0.01    104   25.1  364.4  364.5  364.4
  145.0  14558  -63.3  -72.8     26   0.01    104   25.3  364.4  364.5  364.4
  144.8  14564  -63.3  -72.8     27   0.01    104   25.5  364.5  364.5  364.5
  144.7  14569  -63.4  -72.7     27   0.01    104   25.7  364.5  364.5  364.5
  144.6  14576  -63.4  -72.7     27   0.01    104   25.8  364.4  364.5  364.4
  144.4  14583  -63.5  -72.7     28   0.01    104   25.9  364.5  364.6  364.5
  144.2  14589  -63.5  -72.7     28   0.01    104   26.0  364.6  364.6  364.6
  144.1  14595  -63.5  -72.6     28   0.01    104   26.1  364.6  364.6  364.6
  143.9  14602  -63.6  -72.6     28   0.01    104   26.2  364.6  364.7  364.6
  143.8  14608  -63.6  -72.6     29   0.01    104   26.3  364.6  364.7  364.6
  143.6  14615  -63.7  -72.6     29   0.01    103   26.4  364.7  364.8  364.7
  143.5  14621  -63.7  -72.6     29   0.01    103   26.4  364.7  364.8  364.7
  143.3  14628  -63.8  -72.7     29   0.01    103   26.5  364.8  364.9  364.8
  143.2  14634  -63.8  -72.8     29   0.01    103   26.6  364.8  364.8  364.8
  143.0  14641  -63.9  -72.8     29   0.01    103   26.7  364.8  364.9  364.8
  142.9  14647  -63.9  -72.8     29   0.01    103   26.7  364.8  364.9  364.8
  142.7  14654  -63.9  -72.9     29   0.01    103   26.8  364.9  365.0  364.9
  142.6  14660  -64.0  -72.9     29   0.01    103   26.8  364.9  364.9  364.9
  142.4  14666  -64.1  -72.9     29   0.01    103   26.9  364.9  365.0  364.9
  142.3  14672  -64.1  -73.0     29   0.01    103   26.9  364.9  365.0  364.9
  142.2  14678  -64.2  -73.0     29   0.01    103   27.0  364.8  364.9  364.9
  142.0  14685  -64.2  -73.0     29   0.01    103   27.0  364.9  365.0  364.9
  141.9  14691  -64.3  -73.1     29   0.01    103   27.0  364.9  365.0  364.9
  141.7  14697  -64.3  -73.1     29   0.01    103   27.1  365.0  365.0  365.0
  141.6  14703  -64.4  -73.2     29   0.01    103   27.1  364.9  365.0  364.9
  141.5  14709  -64.4  -73.2     29   0.01    103   27.1  364.9  365.0  364.9
  141.3  14715  -64.5  -73.3     29   0.01    104   27.2  364.9  365.0  364.9
  141.2  14721  -64.6  -73.3     29   0.01    104   27.2  364.9  365.0  364.9
  141.0  14727  -64.6  -73.3     29   0.01    104   27.3  364.9  365.0  364.9
  140.9  14734  -64.7  -73.4     29   0.01    104   27.3  364.9  365.0  364.9
  140.7  14740  -64.7  -73.4     29   0.01    104   27.4  365.0  365.0  365.0
  140.6  14745  -64.8  -73.4     30   0.01    104   27.5  364.9  365.0  364.9
  140.5  14751  -64.9  -73.4     30   0.01    104   27.5  364.9  365.0  364.9
  140.3  14758  -64.9  -73.5     30   0.01    104   27.6  365.0  365.0  365.0
  140.1  14765  -65.0  -73.5     30   0.01    104   27.6  365.0  365.1  365.0
  140.0  14772  -65.0  -73.5     30   0.01    104   27.7  365.0  365.1  365.0
  139.9  14778  -65.1  -73.5     30   0.01    104   27.8  365.0  365.0  365.0
  139.7  14783  -65.2  -73.5     31   0.01    104   27.8  365.0  365.0  365.0
  139.6  14789  -65.2  -73.5     31   0.01    104   27.9  365.0  365.0  365.0
  139.5  14795  -65.3  -73.5     31   0.01    104   27.9  365.0  365.0  365.0
  139.3  14801  -65.3  -73.5     31   0.01    104   28.0  365.0  365.1  365.0
  139.2  14807  -65.4  -73.5     31   0.01    104   28.0  365.0  365.1  365.0
  139.1  14813  -65.4  -73.6     31   0.01    104   28.0  365.0  365.1  365.0
  138.9  14819  -65.5  -73.6     32   0.01    104   28.1  365.0  365.1  365.0
  138.8  14825  -65.5  -73.6     32   0.01    104   28.1  365.0  365.1  365.0
  138.6  14831  -65.6  -73.7     32   0.01    104   28.2  365.1  365.2  365.1
  138.5  14837  -65.6  -73.7     32   0.01    104   28.2  365.0  365.1  365.0
  138.4  14843  -65.7  -73.8     32   0.01    104   28.3  365.0  365.1  365.0
  138.2  14849  -65.7  -73.8     32   0.01    104   28.3  365.1  365.2  365.1
  138.1  14855  -65.8  -73.8     32   0.01    104   28.4  365.1  365.1  365.1
  137.9  14862  -65.8  -73.9     32   0.01    105   28.4  365.1  365.2  365.1
  137.8  14868  -65.9  -73.9     32   0.01    105   28.5  365.1  365.2  365.1
  137.7  14874  -65.9  -74.0     32   0.01    105   28.5  365.1  365.2  365.1
  137.5  14880  -66.0  -74.0     32   0.01    105   28.6  365.2  365.2  365.2
  137.4  14886  -66.0  -74.0     32   0.01    105   28.6  365.1  365.2  365.2
  137.2  14893  -66.1  -74.0     32   0.01    105   28.7  365.2  365.3  365.2
  137.1  14898  -66.1  -74.0     32   0.01    105   28.7  365.2  365.3  365.2
  137.0  14904  -66.2  -74.1     32   0.01    105   28.7  365.2  365.3  365.2
  136.9  14910  -66.2  -74.1     32   0.01    105   28.7  365.2  365.3  365.2
  136.7  14916  -66.3  -74.2     32   0.01    105   28.7  365.3  365.4  365.3
  136.6  14922  -66.3  -74.3     32   0.01    105   28.7  365.3  365.4  365.3
  136.4  14928  -66.3  -74.3     32   0.01    105   28.6  365.4  365.4  365.4
  136.3  14934  -66.4  -74.4     32   0.01    104   28.6  365.4  365.4  365.4
  136.2  14940  -66.4  -74.5     31   0.01    104   28.5  365.4  365.5  365.4
  136.0  14946  -66.4  -74.5     31   0.01    104   28.5  365.6  365.7  365.6
  135.9  14952  -66.3  -74.6     30   0.01    104   28.4  365.9  365.9  365.9
  135.8  14957  -66.3  -74.7     30   0.01    104   28.4  366.0  366.1  366.0
  135.6  14964  -66.3  -74.9     29   0.01    104   28.4  366.1  366.2  366.1
  135.5  14971  -66.3  -75.0     28   0.01    104   28.3  366.1  366.2  366.1
  135.4  14976  -66.4  -75.2     28   0.01    104   28.3  366.1  366.2  366.1
  135.2  14981  -66.4  -75.4     27   0.01    104   28.3  366.2  366.2  366.2
  135.1  14989  -66.4  -75.5     27   0.01    104   28.2  366.2  366.3  366.2
  134.9  14997  -66.5  -75.6     27   0.01    104   28.2  366.3  366.4  366.3
  134.8  15002  -66.5  -75.7     26   0.01    104   28.2  366.3  366.4  366.3
  134.6  15009  -66.6  -75.7     26   0.01    104   28.2  366.4  366.4  366.4
  134.5  15015  -66.6  -75.7     27   0.01    104   28.2  366.4  366.5  366.4
  134.4  15021  -66.7  -75.7     27   0.01    104   28.1  366.4  366.4  366.4
  134.2  15029  -66.7  -75.7     27   0.01    104   28.1  366.5  366.5  366.5
  134.1  15035  -66.8  -75.7     27   0.01    104   28.0  366.4  366.5  366.4
  133.9  15041  -66.8  -75.8     27   0.01    104   28.0  366.5  366.5  366.5
  133.8  15047  -66.9  -75.8     27   0.01    104   27.9  366.5  366.5  366.5
  133.6  15054  -66.9  -75.8     28   0.01    104   27.8  366.5  366.6  366.5
  133.5  15061  -67.0  -75.8     28   0.01    104   27.7  366.5  366.6  366.5
  133.3  15067  -67.0  -75.9     28   0.01    104   27.6  366.6  366.6  366.6
  133.2  15072  -67.1  -75.9     27   0.01    104   27.5  366.6  366.6  366.6
  133.1  15078  -67.1  -76.0     27   0.01    104   27.4  366.6  366.6  366.6
  132.9  15085  -67.1  -76.0     27   0.01    104   27.3  366.7  366.7  366.7
  132.8  15093  -67.2  -76.0     28   0.01    104   27.1  366.7  366.7  366.7
  132.6  15099  -67.2  -76.0     28   0.01    104   27.0  366.8  366.8  366.8
  132.5  15106  -67.3  -76.0     28   0.01    105   26.9  366.7  366.8  366.7
  132.3  15113  -67.3  -76.0     28   0.01    105   26.7  366.8  366.9  366.8
  132.2  15119  -67.4  -76.1     28   0.01    105   26.6  366.8  366.9  366.8
  132.1  15125  -67.4  -76.1     28   0.01    105   26.4  366.8  366.9  366.8
  131.9  15132  -67.5  -76.2     28   0.01    105   26.3  366.9  367.0  366.9
  131.8  15138  -67.5  -76.3     28   0.01    105   26.1  366.9  366.9  366.9
  131.6  15145  -67.6  -76.5     27   0.01    105   26.0  366.9  367.0  366.9
  131.5  15152  -67.6  -76.6     27   0.01    105   25.8  366.9  367.0  366.9
  131.3  15158  -67.7  -76.8     26   0.01    105   25.7  367.0  367.1  367.0
  131.2  15165  -67.7  -76.9     26   0.01    105   25.6  367.0  367.1  367.0
  131.1  15171  -67.7  -77.0     26   0.01    105   25.4  367.0  367.1  367.0
  130.9  15177  -67.8  -77.0     26   0.01    105   25.3  367.1  367.2  367.1
  130.8  15183  -67.8  -77.1     26   0.01    105   25.1  367.1  367.1  367.1
  130.6  15190  -67.9  -77.1     26   0.01    105   25.0  367.2  367.2  367.2
  130.5  15197  -67.9  -77.2     26   0.01    105   24.9  367.2  367.2  367.2
  130.4  15203  -68.0  -77.3     25   0.01    105   24.8  367.2  367.2  367.2
  130.2  15209  -68.1  -77.5     25   0.01    105   24.7  367.2  367.2  367.2
  130.1  15215  -68.1  -77.6     25   0.01    105   24.6  367.2  367.3  367.2
  130.0  15221  -68.1  -77.6     25   0.01    105   24.5  367.3  367.3  367.3
  129.8  15227  -68.2  -77.7     24   0.01    105   24.4  367.3  367.4  367.3
  129.7  15234  -68.2  -77.7     24   0.01    105   24.3  367.3  367.4  367.3
  129.6  15240  -68.3  -77.8     25   0.01    105   24.2  367.3  367.3  367.3
  129.4  15247  -68.3  -77.7     25   0.01    106   24.1  367.4  367.4  367.4
  129.3  15253  -68.4  -77.7     25   0.01    106   24.0  367.3  367.4  367.3
  129.2  15259  -68.4  -77.7     25   0.01    106   24.0  367.3  367.4  367.3
  129.0  15265  -68.5  -77.6     26   0.01    106   23.9  367.4  367.4  367.4
  128.9  15272  -68.5  -77.6     26   0.01    106   23.9  367.4  367.4  367.4
  128.7  15278  -68.6  -77.5     27   0.01    106   23.9  367.5  367.5  367.5
  128.6  15285  -68.6  -77.5     27   0.01    106   23.8  367.5  367.5  367.5
  128.5  15291  -68.7  -77.4     28   0.01    106   23.8  367.4  367.5  367.4
  128.3  15297  -68.8  -77.4     28   0.01    106   23.8  367.5  367.5  367.5
  128.2  15304  -68.8  -77.3     28   0.01    106   23.8  367.5  367.5  367.5
  128.1  15310  -68.9  -77.3     29   0.01    106   23.9  367.4  367.5  367.4
  127.9  15316  -68.9  -77.3     29   0.01    106   23.9  367.5  367.5  367.5
  127.8  15323  -69.0  -77.2     29   0.01    106   23.9  367.5  367.5  367.5
  127.6  15329  -69.1  -77.2     30   0.01    106   24.0  367.5  367.6  367.5
  127.5  15335  -69.1  -77.2     30   0.01    106   24.0  367.5  367.6  367.5
  127.4  15342  -69.2  -77.2     30   0.01    106   24.1  367.5  367.6  367.5
  127.2  15349  -69.2  -77.2     31   0.01    106   24.1  367.6  367.6  367.6
  127.1  15356  -69.3  -77.2     31   0.01    106   24.2  367.6  367.6  367.6
  126.9  15363  -69.3  -77.2     31   0.01    106   24.2  367.6  367.7  367.6
  126.8  15369  -69.4  -77.2     31   0.01    106   24.2  367.6  367.7  367.6
  126.6  15376  -69.4  -77.2     31   0.01    106   24.2  367.7  367.8  367.7
  126.5  15383  -69.5  -77.2     32   0.01    106   24.2  367.7  367.7  367.7
  126.4  15390  -69.5  -77.2     32   0.01    106   24.2  367.7  367.8  367.7
  126.2  15397  -69.5  -77.3     32   0.01    107   24.1  367.8  367.8  367.8
  126.0  15404  -69.6  -77.3     32   0.01    107   24.1  367.9  367.9  367.9
  125.9  15412  -69.7  -77.4     32   0.01    107   24.1  367.9  367.9  367.9
  125.7  15419  -69.7  -77.5     31   0.01    107   24.0  368.0  368.0  368.0
  125.6  15426  -69.7  -77.6     31   0.01    107   23.9  368.0  368.0  368.0
  125.4  15434  -69.8  -77.7     31   0.01    107   23.9  368.1  368.1  368.1
  125.3  15441  -69.8  -77.7     31   0.01    108   23.8  368.1  368.2  368.1
  125.1  15448  -69.8  -77.8     30   0.01    108   23.8  368.3  368.3  368.3
  125.0  15455  -69.8  -77.9     30   0.01    108   23.7  368.3  368.3  368.3
  124.8  15462  -69.9  -77.9     30   0.01    108   23.7  368.3  368.4  368.3
  124.7  15469  -70.0  -78.0     30   0.01    109   23.6  368.3  368.4  368.3
  124.5  15477  -70.0  -78.1     30   0.01    109   23.5  368.4  368.4  368.4
  124.4  15484  -70.1  -78.2     29   0.01    109   23.5  368.4  368.4  368.4
  124.2  15491  -70.1  -78.3     29   0.01    109   23.4  368.4  368.4  368.4
  124.1  15497  -70.2  -78.5     29   0.01    110   23.3  368.4  368.4  368.4
  123.9  15504  -70.2  -78.6     29   0.01    110   23.3  368.5  368.5  368.5
  123.8  15511  -70.3  -78.7     28   0.01    110   23.2  368.5  368.5  368.5
  123.6  15519  -70.4  -78.8     28   0.01    110   23.1  368.5  368.6  368.5
  123.5  15526  -70.4  -78.9     28   0.01    110   23.0  368.5  368.5  368.5
  123.4  15533  -70.5  -79.0     28   0.01    110   22.9  368.5  368.5  368.5
  123.2  15540  -70.5  -79.0     28   0.01    111   22.8  368.6  368.6  368.6
  123.1  15546  -70.6  -79.0     28   0.01    111   22.7  368.6  368.6  368.6
  122.9  15553  -70.6  -79.0     28   0.01    111   22.6  368.6  368.7  368.6
  122.8  15560  -70.7  -79.1     28   0.01    111   22.5  368.6  368.6  368.6
  122.6  15567  -70.7  -79.1     28   0.01    111   22.4  368.7  368.7  368.7
  122.5  15574  -70.8  -79.2     28   0.01    112   22.3  368.6  368.7  368.6
  122.4  15580  -70.9  -79.3     28   0.01    112   22.2  368.6  368.6  368.6
  122.2  15587  -70.9  -79.4     28   0.01    112   22.2  368.7  368.7  368.7
  122.1  15593  -71.0  -79.4     28   0.01    113   22.1  368.7  368.7  368.7
  121.9  15601  -71.0  -79.4     28   0.01    113   22.1  368.7  368.8  368.7
  121.8  15609  -71.1  -79.5     28   0.01    113   22.0  368.8  368.8  368.8
  121.6  15615  -71.1  -79.5     28   0.01    114   22.0  368.8  368.9  368.8
  121.5  15622  -71.2  -79.5     28   0.01    114   21.9  368.8  368.8  368.8
  121.4  15629  -71.3  -79.5     28   0.01    114   21.9  368.8  368.8  368.8
  121.2  15636  -71.3  -79.5     29   0.01    115   21.8  368.9  368.9  368.9
  121.1  15642  -71.4  -79.5     29   0.01    115   21.8  368.8  368.9  368.8
  121.0  15649  -71.4  -79.6     29   0.01    115   21.7  368.8  368.8  368.8
  120.8  15656  -71.5  -79.6     29   0.01    116   21.6  368.9  368.9  368.9
  120.7  15663  -71.6  -79.6     29   0.01    116   21.5  368.8  368.9  368.8
  120.5  15670  -71.6  -79.6     29   0.01    116   21.4  368.9  369.0  368.9
  120.4  15676  -71.7  -79.7     29   0.01    116   21.3  368.9  369.0  368.9
  120.3  15683  -71.7  -79.8     29   0.01    117   21.2  368.9  368.9  368.9
  120.1  15690  -71.8  -79.9     29   0.01    117   21.1  369.0  369.0  369.0
  120.0  15696  -71.8  -80.0     29   0.01    117   21.0  369.0  369.0  369.0
  119.9  15702  -71.9  -80.1     28   0.01    117   20.9  369.0  369.0  369.0
  119.7  15709  -71.9  -80.3     28   0.01    117   20.8  369.1  369.1  369.1
  119.6  15716  -72.0  -80.4     27   0.01    117   20.6  369.1  369.1  369.1
  119.5  15722  -72.0  -80.6     27   0.01    117   20.5  369.1  369.1  369.1
  119.3  15729  -72.0  -80.7     26   0.01    117   20.4  369.2  369.2  369.2
  119.2  15736  -72.1  -80.8     26   0.00    117   20.3  369.2  369.2  369.2
  119.1  15742  -72.1  -81.0     26   0.00    117   20.3  369.2  369.2  369.2
  118.9  15749  -72.2  -81.1     25   0.00    117   20.2  369.3  369.3  369.3
  118.8  15757  -72.2  -81.3     24   0.00    116   20.1  369.4  369.4  369.4
  118.6  15764  -72.2  -81.6     23   0.00    116   20.0  369.5  369.5  369.5
  118.5  15771  -72.2  -81.9     22   0.00    116   19.9  369.5  369.5  369.5
  118.3  15778  -72.3  -82.1     22   0.00    115   19.8  369.7  369.7  369.7
  118.2  15785  -72.2  -82.3     21   0.00    115   19.7  369.8  369.8  369.8
  118.0  15793  -72.2  -82.5     20   0.00    115   19.6  370.0  370.0  370.0
  117.9  15800  -72.2  -82.6     20   0.00    114   19.5  370.1  370.1  370.1
  117.8  15807  -72.3  -82.8     19   0.00    114   19.3  370.1  370.1  370.1
  117.6  15814  -72.3  -82.9     19   0.00    114   19.2  370.2  370.2  370.2
  117.5  15820  -72.4  -83.0     19   0.00    113   19.0  370.2  370.2  370.2
  117.3  15828  -72.4  -83.1     19   0.00    113   18.8  370.3  370.4  370.3
  117.2  15836  -72.4  -83.3     18   0.00    112   18.6  370.3  370.3  370.3
  117.0  15843  -72.5  -83.3     18   0.00    112   18.4  370.4  370.5  370.4
  116.9  15850  -72.5  -83.4     18   0.00    112   18.2  370.5  370.5  370.5
  116.7  15857  -72.5  -83.4     18   0.00    111   18.0  370.6  370.6  370.6
  116.6  15865  -72.6  -83.5     18   0.00    111   17.8  370.6  370.6  370.6
  116.4  15873  -72.6  -83.6     18   0.00    110   17.6  370.7  370.7  370.7
  116.3  15882  -72.6  -83.6     18   0.00    110   17.4  370.8  370.8  370.8
  116.1  15890  -72.6  -83.5     18   0.00    109   17.2  370.9  371.0  370.9
  116.0  15897  -72.7  -83.5     18   0.00    108   17.0  371.0  371.0  371.0
  115.8  15905  -72.7  -83.4     19   0.00    108   16.9  371.1  371.1  371.1
  115.6  15914  -72.7  -83.2     19   0.00    107   16.8  371.3  371.3  371.3
  115.5  15921  -72.8  -83.2     20   0.00    106   16.7  371.3  371.3  371.3
  115.3  15929  -72.8  -83.1     20   0.00    105   16.7  371.4  371.4  371.4
  115.2  15937  -72.8  -83.0     20   0.00    105   16.7  371.6  371.6  371.6
  115.0  15947  -72.7  -83.0     20   0.00    104   16.6  371.8  371.8  371.8
  114.8  15955  -72.8  -83.0     20   0.00    103   16.6  371.8  371.9  371.8
  114.7  15963  -72.9  -83.0     20   0.00    102   16.7  371.8  371.8  371.8
  114.5  15972  -72.9  -83.0     20   0.00    101   16.7  371.9  372.0  371.9
  114.3  15980  -72.9  -82.9     21   0.00    100   16.7  372.1  372.2  372.1
  114.2  15989  -72.9  -82.9     21   0.00    100   16.7  372.2  372.2  372.2
  114.0  15997  -73.0  -82.8     21   0.00     99   16.8  372.2  372.2  372.2
  113.8  16005  -73.0  -82.7     22   0.00     98   16.8  372.4  372.4  372.4
  113.7  16013  -73.0  -82.6     22   0.00     98   16.8  372.4  372.5  372.4
  113.6  16020  -73.1  -82.6     23   0.00     97   16.8  372.4  372.4  372.4
  113.4  16029  -73.1  -82.5     23   0.00     96   16.8  372.6  372.6  372.6
  113.2  16038  -73.1  -82.4     23   0.00     96   16.8  372.7  372.8  372.7
  113.1  16046  -73.2  -82.4     24   0.00     96   16.8  372.7  372.7  372.7
  112.9  16054  -73.3  -82.4     24   0.00     95   16.8  372.7  372.7  372.7
  112.8  16061  -73.4  -82.4     24   0.00     95   16.8  372.6  372.7  372.6
  112.6  16068  -73.4  -82.4     24   0.00     95   16.8  372.7  372.7  372.7
  112.5  16075  -73.5  -82.5     24   0.00     95   16.9  372.7  372.7  372.7
  112.4  16081  -73.6  -82.5     25   0.00     95   16.9  372.7  372.7  372.7
  112.2  16088  -73.7  -82.5     25   0.00     95   16.9  372.7  372.7  372.7
  112.1  16096  -73.7  -82.5     25   0.00     94   16.9  372.6  372.6  372.6
  112.0  16102  -73.8  -82.5     25   0.00     94   16.9  372.6  372.6  372.6
  111.8  16109  -73.9  -82.5     26   0.00     94   16.9  372.7  372.7  372.7
  111.7  16118  -74.0  -82.5     26   0.00     94   17.0  372.6  372.6  372.6
  111.5  16128  -74.1  -82.5     27   0.00     93   17.0  372.6  372.6  372.6
  111.3  16138  -74.2  -82.5     27   0.00     93   17.1  372.6  372.6  372.6
  111.1  16150  -74.3  -82.5     27   0.00     92   17.2  372.6  372.6  372.6
  110.8  16162  -74.4  -82.4     28   0.00     92   17.3  372.7  372.7  372.7
  110.6  16173  -74.5  -82.4     29   0.00     91   17.4  372.7  372.7  372.7
  110.4  16184  -74.6  -82.4     29   0.00     90   17.6  372.6  372.6  372.6
  110.2  16195  -74.7  -82.4     30   0.00     89   17.8  372.6  372.6  372.6
  110.0  16206  -74.8  -82.4     30   0.00     89   18.0  372.6  372.6  372.6
  109.8  16217  -74.9  -82.3     31   0.00     88   18.2  372.7  372.7  372.7
  109.5  16229  -75.0  -82.3     31   0.00     87   18.5  372.9  372.9  372.9
  109.3  16240  -75.0  -82.2     32   0.00     86   18.7  373.0  373.0  373.0
  109.2  16250  -75.1  -82.2     32   0.00     85   19.0  373.0  373.0  373.0
  109.0  16259  -75.1  -82.1     33   0.00     84   19.3  373.1  373.1  373.1
  108.8  16268  -75.1  -82.1     33   0.00     84   19.6  373.2  373.2  373.2
  108.6  16278  -75.2  -82.2     33   0.00     83   19.9  373.3  373.3  373.3
  108.4  16288  -75.3  -82.2     33   0.00     82   20.3  373.3  373.3  373.3
  108.2  16300  -75.4  -82.2     34   0.00     82   20.6  373.4  373.4  373.4
  108.0  16311  -75.5  -82.2     34   0.00     81   20.9  373.3  373.4  373.3
  107.8  16323  -75.6  -82.2     35   0.00     81   21.1  373.3  373.3  373.3
  107.6  16334  -75.7  -82.1     36   0.00     80   21.4  373.4  373.4  373.4
  107.4  16344  -75.7  -82.0     37   0.00     80   21.7  373.6  373.6  373.6
  107.2  16354  -75.8  -82.0     38   0.00     79   22.0  373.5  373.5  373.5
  107.0  16365  -75.9  -82.0     38   0.00     79   22.2  373.5  373.5  373.5
  106.8  16376  -76.0  -81.9     39   0.00     78   22.5  373.6  373.7  373.6
  106.6  16386  -76.0  -81.9     39   0.00     77   22.7  373.8  373.8  373.8
  106.4  16396  -76.0  -81.9     39   0.00     77   22.9  373.9  373.9  373.9
  106.3  16405  -76.1  -81.9     40   0.00     76   23.1  373.9  373.9  373.9
  106.1  16413  -76.1  -81.9     40   0.00     76   23.3  374.0  374.0  374.0
  106.0  16421  -76.2  -81.9     41   0.00     75   23.5  373.9  373.9  373.9
  105.8  16431  -76.3  -81.9     41   0.00     75   23.7  374.0  374.0  374.0
  105.6  16440  -76.3  -81.9     42   0.00     75   23.9  374.1  374.1  374.1
  105.5  16448  -76.4  -81.8     42   0.00     74   24.0  374.2  374.2  374.2
  105.4  16455  -76.4  -81.8     43   0.00     74   24.1  374.1  374.2  374.1
  105.2  16462  -76.5  -81.8     43   0.00     74   24.2  374.2  374.3  374.2
  105.1  16470  -76.6  -81.7     44   0.00     74   24.4  374.2  374.2  374.2
  104.9  16478  -76.6  -81.7     44   0.00     74   24.5  374.3  374.3  374.3
  104.8  16485  -76.7  -81.7     45   0.00     74   24.5  374.2  374.2  374.2
  104.7  16493  -76.8  -81.7     46   0.00     73   24.6  374.2  374.2  374.2
  104.5  16499  -76.8  -81.7     46   0.00     73   24.7  374.3  374.3  374.3
  104.4  16505  -76.9  -81.7     47   0.00     73   24.8  374.3  374.3  374.3
  104.3  16511  -76.9  -81.7     47   0.00     73   24.9  374.3  374.4  374.3
  104.2  16519  -77.0  -81.7     47   0.00     73   25.0  374.3  374.4  374.3
  104.0  16527  -77.0  -81.7     48   0.00     73   25.1  374.4  374.5  374.4
  103.9  16534  -77.1  -81.7     48   0.00     73   25.2  374.5  374.5  374.5
  103.8  16541  -77.1  -81.7     48   0.00     74   25.4  374.4  374.5  374.4
  103.7  16548  -77.2  -81.8     48   0.00     74   25.5  374.4  374.5  374.4
  103.5  16556  -77.2  -81.8     48   0.00     74   25.6  374.6  374.6  374.6
  103.4  16563  -77.3  -81.8     49   0.00     74   25.8  374.6  374.6  374.6
  103.3  16569  -77.3  -81.8     49   0.00     74   25.9  374.5  374.6  374.5
  103.2  16576  -77.4  -81.8     49   0.00     74   26.1  374.5  374.6  374.5
  103.0  16582  -77.5  -81.8     50   0.00     74   26.2  374.6  374.6  374.6
  102.9  16589  -77.5  -81.8     50   0.00     74   26.4  374.6  374.6  374.6
  102.8  16596  -77.6  -81.9     50   0.00     74   26.6  374.6  374.6  374.6
  102.7  16602  -77.7  -81.9     51   0.00     74   26.8  374.6  374.6  374.6
  102.6  16609  -77.7  -82.0     51   0.00     74   27.0  374.6  374.6  374.6
  102.4  16616  -77.8  -82.0     50   0.00     74   27.2  374.7  374.7  374.7
  102.3  16623  -77.8  -82.1     50   0.00     74   27.5  374.7  374.8  374.7
  102.2  16630  -77.8  -82.2     50   0.00     74   27.7  374.7  374.8  374.7
  102.1  16637  -77.9  -82.2     50   0.00     74   27.9  374.8  374.8  374.8
  102.0  16643  -77.9  -82.3     49   0.00     74   28.2  374.8  374.8  374.8
  101.8  16650  -78.0  -82.4     49   0.00     75   28.4  374.9  374.9  374.9
  101.7  16658  -78.0  -82.4     49   0.00     75   28.6  374.9  374.9  374.9
  101.6  16665  -78.1  -82.5     49   0.00     75   28.7  374.9  374.9  374.9
  101.4  16672  -78.1  -82.5     49   0.00     75   28.9  375.0  375.1  375.0
  101.3  16679  -78.2  -82.6     49   0.00     76   29.0  375.1  375.1  375.1
  101.2  16686  -78.2  -82.7     48   0.00     76   29.2  375.1  375.2  375.1
  101.1  16694  -78.2  -82.8     48   0.00     76   29.3  375.1  375.2  375.1
  100.9  16702  -78.3  -82.9     47   0.00     77   29.4  375.3  375.3  375.3
  100.8  16709  -78.3  -83.0     47   0.00     77   29.4  375.3  375.3  375.3
  100.7  16715  -78.3  -83.1     46   0.00     78   29.5  375.4  375.4  375.4
  100.5  16723  -78.4  -83.2     45   0.00     78   29.5  375.5  375.5  375.5
  100.4  16730  -78.4  -83.4     45   0.00     79   29.6  375.5  375.6  375.5
  100.3  16738  -78.4  -83.5     44   0.00     79   29.6  375.6  375.6  375.6
  100.2  16745  -78.4  -83.5     43   0.00     80   29.7  375.8  375.8  375.8
  100.0  16754  -78.4  -83.6     43   0.00     81   29.8  375.9  375.9  375.9
  100.0  16754  -78.4  -83.6     43   0.00     81   29.8  375.9  375.9  375.9
   99.9  16759  -78.5  -83.8     42   0.00     81   29.8  376.0  376.0  376.0
   99.8  16767  -78.5  -83.9     42   0.00     81   29.8  376.0  376.0  376.0
   99.6  16774  -78.5  -83.9     41   0.00     82   29.8  376.3  376.3  376.3
   99.5  16780  -78.4  -84.0     40   0.00     82   29.9  376.5  376.5  376.5
   99.4  16787  -78.4  -84.1     40   0.00     83   29.9  376.6  376.6  376.6
   99.3  16795  -78.4  -84.1     39   0.00     83   29.9  376.7  376.8  376.7
   99.1  16803  -78.4  -84.2     39   0.00     84   29.9  377.0  377.0  377.0
   99.0  16810  -78.4  -84.3     38   0.00     84   29.9  377.0  377.0  377.0
   98.9  16816  -78.4  -84.4     37   0.00     85   29.9  377.2  377.2  377.2
   98.8  16824  -78.5  -84.6     37   0.00     85   29.8  377.2  377.2  377.2
   98.6  16831  -78.5  -84.8     36   0.00     86   29.8  377.2  377.3  377.3
   98.5  16839  -78.6  -85.0     35   0.00     87   29.7  377.2  377.2  377.2
   98.4  16847  -78.7  -85.2     34   0.00     87   29.6  377.2  377.2  377.2
   98.2  16856  -78.8  -85.4     33   0.00     88   29.5  377.2  377.3  377.2
   98.1  16864  -78.8  -85.6     32   0.00     89   29.4  377.3  377.3  377.3
   98.0  16871  -78.8  -85.8     31   0.00     90   29.3  377.4  377.4  377.4
   97.8  16879  -78.7  -85.9     30   0.00     91   29.2  377.7  377.8  377.7
   97.7  16887  -78.7  -86.1     29   0.00     92   29.1  377.9  377.9  377.9
   97.5  16895  -78.6  -86.3     28   0.00     92   29.0  378.2  378.3  378.2
   97.4  16903  -78.2  -86.2     27   0.00     93   28.9  379.2  379.2  379.2
   97.3  16910  -77.3  -85.7     25   0.00     94   28.9  381.1  381.1  381.1
   97.2  16917  -77.0  -85.7     24   0.00     94   28.9  381.8  381.8  381.8
   97.0  16925  -77.0  -86.0     23   0.00     95   28.9  382.1  382.1  382.1
   96.9  16933  -76.9  -86.3     21   0.00     95   29.0  382.3  382.3  382.3
   96.8  16941  -76.4  -86.2     20   0.00     96   29.0  383.4  383.4  383.4
   96.6  16949  -75.3  -85.5     19   0.00     96   29.1  385.8  385.8  385.8
   96.5  16957  -74.9  -85.4     18   0.00     96   29.1  386.6  386.6  386.6
   96.4  16966  -75.0  -85.6     18   0.00     96   29.2  386.6  386.6  386.6
   96.2  16975  -75.0  -85.7     18   0.00     97   29.2  386.7  386.8  386.7
   96.1  16982  -75.0  -85.8     18   0.00     97   29.3  386.9  386.9  386.9
   96.0  16990  -74.9  -85.8     17   0.00     97   29.3  387.2  387.2  387.2
   95.8  16998  -74.7  -85.7     17   0.00     97   29.3  387.8  387.8  387.8
   95.7  17007  -74.7  -85.8     17   0.00     97   29.2  388.0  388.0  388.0
   95.5  17015  -74.6  -85.8     16   0.00     97   29.1  388.4  388.4  388.4
   95.4  17022  -74.4  -85.8     16   0.00     98   29.0  388.8  388.9  388.8
   95.3  17031  -74.3  -85.8     16   0.00     98   28.9  389.2  389.2  389.2
   95.1  17040  -74.4  -85.9     15   0.00     98   28.7  389.4  389.4  389.4
   95.0  17049  -74.4  -86.1     15   0.00     98   28.5  389.3  389.3  389.3
   94.8  17057  -74.5  -86.3     15   0.00     99   28.3  389.5  389.5  389.5
   94.7  17066  -74.5  -86.4     14   0.00     99   28.1  389.6  389.6  389.6
   94.6  17074  -74.4  -86.4     14   0.00     99   27.9  389.8  389.9  389.8
   94.4  17083  -74.3  -86.4     14   0.00    100   27.7  390.3  390.3  390.3
   94.3  17091  -74.1  -86.4     14   0.00    100   27.5  390.7  390.7  390.7
   94.2  17100  -74.1  -86.4     14   0.00    101   27.3  390.9  390.9  390.9
   94.0  17109  -74.1  -86.5     14   0.00    101   27.1  391.1  391.1  391.1
   93.9  17118  -74.1  -86.6     13   0.00    101   27.0  391.2  391.2  391.2
   93.7  17127  -74.2  -86.6     13   0.00    102   26.9  391.4  391.4  391.4
   93.6  17136  -74.2  -86.7     13   0.00    102   26.7  391.5  391.5  391.5
   93.4  17145  -74.2  -86.8     13   0.00    103   26.6  391.6  391.6  391.6
   93.3  17154  -74.3  -86.8     13   0.00    103   26.6  391.6  391.6  391.6
   93.2  17162  -74.3  -86.8     13   0.00    103   26.5  391.7  391.7  391.7
   93.0  17171  -74.3  -86.8     13   0.00    103   26.5  391.9  392.0  391.9
   92.9  17180  -74.3  -86.8     13   0.00    104   26.4  392.0  392.1  392.0
   92.7  17189  -74.4  -86.8     13   0.00    104   26.4  392.2  392.2  392.2
   92.6  17198  -74.4  -86.8     13   0.00    104   26.4  392.1  392.2  392.2
   92.4  17207  -74.5  -86.8     13   0.00    104   26.3  392.2  392.2  392.2
   92.3  17215  -74.6  -86.9     14   0.00    105   26.3  392.2  392.3  392.2
   92.2  17224  -74.6  -86.9     14   0.00    105   26.3  392.3  392.3  392.3
   92.0  17233  -74.7  -86.9     14   0.00    105   26.2  392.4  392.4  392.4
   91.9  17241  -74.7  -86.9     14   0.00    105   26.2  392.4  392.4  392.4
   91.8  17250  -74.8  -87.0     14   0.00    105   26.1  392.4  392.4  392.4
   91.6  17258  -74.8  -87.0     14   0.00    105   26.0  392.6  392.6  392.6
   91.5  17265  -74.8  -87.0     14   0.00    105   25.9  392.7  392.7  392.7
   91.4  17273  -74.8  -87.0     14   0.00    105   25.8  393.0  393.0  393.0
   91.3  17282  -74.7  -87.0     14   0.00    105   25.7  393.3  393.3  393.3
   91.1  17291  -74.7  -87.0     13   0.00    105   25.6  393.6  393.6  393.6
   91.0  17299  -74.6  -87.0     13   0.00    105   25.5  393.8  393.8  393.8
   90.9  17307  -74.5  -86.9     13   0.00    105   25.4  394.1  394.1  394.1
   90.8  17314  -74.4  -86.8     13   0.00    105   25.3  394.5  394.5  394.5
   90.6  17322  -74.1  -86.6     13   0.00    105   25.2  395.2  395.2  395.2
   90.5  17330  -74.0  -86.4     13   0.00    105   25.1  395.7  395.7  395.7
   90.4  17338  -74.0  -86.4     13   0.00    105   25.1  395.8  395.8  395.8
   90.3  17346  -74.0  -86.5     13   0.00    105   25.0  395.8  395.8  395.8
   90.1  17354  -74.1  -86.4     13   0.00    104   25.0  396.0  396.0  396.0
   90.0  17362  -74.1  -86.4     14   0.00    104   24.9  396.0  396.0  396.0
   89.9  17369  -74.2  -86.4     14   0.00    104   24.9  396.0  396.1  396.0
   89.8  17377  -74.2  -86.3     14   0.00    104   24.8  396.1  396.1  396.1
   89.7  17384  -74.2  -86.3     14   0.00    104   24.7  396.1  396.1  396.1
   89.5  17392  -74.3  -86.3     14   0.00    104   24.6  396.3  396.3  396.3
   89.4  17401  -74.4  -86.3     15   0.00    104   24.4  396.3  396.3  396.3
   89.3  17409  -74.4  -86.3     15   0.00    104   24.2  396.3  396.3  396.3
   89.2  17415  -74.5  -86.3     15   0.00    104   24.0  396.3  396.3  396.3
   89.1  17422  -74.5  -86.4     15   0.00    103   23.7  396.3  396.3  396.3
   89.0  17429  -74.6  -86.5     15   0.00    103   23.4  396.3  396.3  396.3
   88.9  17436  -74.7  -86.6     14   0.00    103   23.1  396.3  396.3  396.3
   88.7  17444  -74.7  -86.7     14   0.00    103   22.8  396.4  396.4  396.4
   88.6  17452  -74.8  -86.8     14   0.00    103   22.4  396.4  396.4  396.4
   88.5  17459  -74.9  -86.9     14   0.00    103   22.0  396.4  396.4  396.4
   88.4  17466  -74.9  -87.0     14   0.00    103   21.7  396.4  396.5  396.4
   88.3  17473  -74.9  -87.1     14   0.00    102   21.3  396.6  396.6  396.6
   88.2  17479  -74.8  -87.0     14   0.00    102   21.0  396.9  397.0  396.9
   88.1  17486  -74.5  -86.8     13   0.00    102   20.6  397.6  397.6  397.6
   88.0  17493  -74.2  -86.6     13   0.00    101   20.3  398.4  398.4  398.4
   87.9  17500  -74.1  -86.6     13   0.00    101   20.0  398.7  398.7  398.7
   87.8  17507  -74.0  -86.6     13   0.00    100   19.8  399.1  399.2  399.1
   87.7  17514  -73.9  -86.6     13   0.00    100   19.5  399.3  399.3  399.3
   87.6  17520  -73.9  -86.7     13   0.00     99   19.3  399.4  399.5  399.4
   87.5  17527  -74.0  -86.8     13   0.00     98   19.2  399.5  399.5  399.5
   87.4  17535  -74.0  -86.8     13   0.00     97   19.1  399.7  399.7  399.7
   87.3  17542  -73.9  -86.8     13   0.00     97   19.0  399.8  399.8  399.8
   87.2  17548  -73.9  -86.7     13   0.00     96   18.9  400.0  400.1  400.0
   87.1  17555  -73.8  -86.6     13   0.00     95   18.9  400.3  400.3  400.3
   87.0  17562  -73.8  -86.6     13   0.00     94   18.8  400.5  400.5  400.5
   86.9  17569  -73.8  -86.5     13   0.00     94   18.8  400.7  400.7  400.7
   86.8  17575  -73.7  -86.5     13   0.00     93   18.8  400.9  400.9  400.9
   86.7  17581  -73.7  -86.5     13   0.00     92   18.8  401.0  401.1  401.0
   86.6  17587  -73.8  -86.6     13   0.00     92   18.9  401.1  401.1  401.1
   86.5  17593  -73.8  -86.7     12   0.00     91   18.9  401.2  401.2  401.2
   86.4  17600  -73.8  -86.7     12   0.00     91   18.9  401.3  401.3  401.3
   86.3  17607  -73.8  -86.8     12   0.00     90   19.0  401.4  401.4  401.4
   86.2  17614  -73.8  -86.8     12   0.00     90   19.0  401.5  401.5  401.5
   86.1  17620  -73.8  -86.8     12   0.00     90   19.1  401.6  401.6  401.6
   86.0  17627  -73.9  -86.8     12   0.00     90   19.2  401.7  401.7  401.7
   85.9  17633  -73.9  -86.8     12   0.00     89   19.3  401.7  401.7  401.7
   85.8  17639  -73.9  -86.8     12   0.00     89   19.4  401.8  401.8  401.8
   85.7  17646  -74.0  -86.9     12   0.00     89   19.6  401.9  401.9  401.9
   85.6  17653  -74.0  -86.9     12   0.00     89   19.7  402.0  402.0  402.0
   85.5  17660  -74.0  -86.9     12   0.00     89   19.9  402.0  402.1  402.0
   85.4  17667  -74.1  -87.0     12   0.00     88   20.1  402.1  402.1  402.1
   85.3  17675  -74.1  -87.0     12   0.00     88   20.3  402.1  402.1  402.1
   85.2  17681  -74.2  -87.1     12   0.00     88   20.5  402.2  402.2  402.2
   85.1  17688  -74.2  -87.1     12   0.00     88   20.7  402.2  402.2  402.2
   85.0  17695  -74.2  -87.1     12   0.00     88   20.9  402.3  402.3  402.3
   84.9  17701  -74.2  -87.1     12   0.00     88   21.0  402.4  402.4  402.4
   84.8  17708  -74.2  -87.1     12   0.00     89   21.2  402.5  402.6  402.5
   84.7  17715  -74.2  -87.0     13   0.00     89   21.3  402.7  402.7  402.7
   84.6  17722  -74.3  -87.0     13   0.00     89   21.4  402.7  402.7  402.7
   84.5  17729  -74.3  -87.0     13   0.00     89   21.5  402.8  402.8  402.8
   84.4  17735  -74.3  -87.1     13   0.00     89   21.5  402.9  402.9  402.9
   84.3  17742  -74.4  -87.1     13   0.00     89   21.6  403.0  403.0  403.0
   84.2  17748  -74.4  -87.1     13   0.00     90   21.6  403.1  403.1  403.1
   84.1  17755  -74.4  -87.2     12   0.00     90   21.6  403.1  403.1  403.1
   84.0  17762  -74.5  -87.3     12   0.00     90   21.7  403.2  403.2  403.2
   83.9  17768  -74.5  -87.3     12   0.00     90   21.7  403.3  403.3  403.3
   83.8  17775  -74.5  -87.3     12   0.00     91   21.7  403.5  403.5  403.5
   83.7  17782  -74.4  -87.2     12   0.00     91   21.7  403.7  403.7  403.7
   83.6  17789  -74.5  -87.2     13   0.00     91   21.7  403.7  403.7  403.7
   83.5  17796  -74.5  -87.2     13   0.00     91   21.6  403.8  403.8  403.8
   83.4  17803  -74.6  -87.2     13   0.00     91   21.6  403.8  403.8  403.8
   83.3  17816  -74.6  -87.3     13   0.00     90   21.5  403.8  403.8  403.8
   83.2  17823  -74.7  -87.3     13   0.00     90   21.3  403.8  403.8  403.8
   83.0  17831  -74.7  -87.4     13   0.00     90   21.2  404.0  404.0  404.0
   82.9  17844  -74.8  -87.4     13   0.00     89   20.9  404.0  404.0  404.0
   82.8  17851  -74.8  -87.5     13   0.00     89   20.7  404.2  404.2  404.2
   82.7  17858  -74.8  -87.5     12   0.00     88   20.5  404.3  404.3  404.3
   82.6  17865  -74.7  -87.5     12   0.00     88   20.3  404.6  404.6  404.6
   82.5  17872  -74.6  -87.5     12   0.00     87   20.0  404.9  405.0  404.9
   82.4  17879  -74.6  -87.4     12   0.00     87   19.8  405.2  405.2  405.2
   82.3  17886  -74.5  -87.4     12   0.00     86   19.5  405.5  405.5  405.5
   82.2  17893  -74.5  -87.4     12   0.00     86   19.3  405.7  405.7  405.7
   82.1  17900  -74.5  -87.4     12   0.00     85   19.0  405.8  405.8  405.8
   82.0  17907  -74.5  -87.4     12   0.00     85   18.7  405.8  405.9  405.8
   81.9  17913  -74.6  -87.4     12   0.00     84   18.5  405.9  405.9  405.9
   81.8  17919  -74.5  -87.3     12   0.00     84   18.2  406.1  406.1  406.1
   81.7  17927  -74.5  -87.3     12   0.00     83   18.0  406.2  406.2  406.2
   81.6  17934  -74.5  -87.3     12   0.00     83   17.8  406.4  406.4  406.4
   81.5  17941  -74.5  -87.3     12   0.00     82   17.6  406.6  406.6  406.6
   81.4  17947  -74.5  -87.3     12   0.00     81   17.4  406.7  406.7  406.7
   81.3  17955  -74.6  -87.4     12   0.00     80   17.3  406.8  406.8  406.8
   81.2  17963  -74.6  -87.4     12   0.00     79   17.2  406.9  406.9  406.9
   81.1  17970  -74.6  -87.5     12   0.00     78   17.1  407.0  407.0  407.0
   81.0  17976  -74.6  -87.5     12   0.00     77   17.1  407.0  407.1  407.0
   80.9  17983  -74.6  -87.5     12   0.00     76   17.1  407.2  407.2  407.2
   80.8  17991  -74.6  -87.5     12   0.00     75   17.1  407.4  407.4  407.4
   80.7  17998  -74.6  -87.5     12   0.00     74   17.2  407.6  407.6  407.6
   80.6  18006  -74.6  -87.5     12   0.00     72   17.3  407.8  407.8  407.8
   80.5  18013  -74.6  -87.5     12   0.00     71   17.4  407.9  407.9  407.9
   80.4  18020  -74.5  -87.5     12   0.00     70   17.6  408.1  408.1  408.1
   80.3  18028  -74.5  -87.5     12   0.00     69   17.8  408.3  408.3  408.3
   80.2  18035  -74.5  -87.5     12   0.00     68   17.9  408.6  408.6  408.6
   80.1  18043  -74.4  -87.4     12   0.00     68   18.1  408.9  408.9  408.9
   80.0  18051  -74.3  -87.4     12   0.00     67   18.3  409.2  409.2  409.2
   79.9  18058  -74.3  -87.4     12   0.00     67   18.5  409.4  409.4  409.4
   79.8  18065  -74.3  -87.5     12   0.00     66   18.7  409.5  409.6  409.5
   79.7  18071  -74.3  -87.5     12   0.00     66   18.9  409.6  409.6  409.6
   79.6  18078  -74.3  -87.5     12   0.00     66   19.1  409.8  409.8  409.8
   79.5  18086  -74.3  -87.5     12   0.00     66   19.2  409.9  409.9  409.9
   79.4  18094  -74.3  -87.5     12   0.00     66   19.3  410.1  410.1  410.1
   79.3  18101  -74.3  -87.5     12   0.00     66   19.4  410.2  410.2  410.2
   79.2  18108  -74.3  -87.5     12   0.00     66   19.4  410.3  410.3  410.3
   79.1  18115  -74.4  -87.6     12   0.00     67   19.5  410.4  410.4  410.4
   79.0  18123  -74.4  -87.6     12   0.00     67   19.5  410.5  410.5  410.5
   78.9  18130  -74.4  -87.6     12   0.00     68   19.4  410.6  410.6  410.6
   78.8  18137  -74.4  -87.7     11   0.00     68   19.4  410.8  410.8  410.8
   78.7  18145  -74.4  -87.7     11   0.00     69   19.4  410.9  410.9  410.9
   78.6  18152  -74.4  -87.8     11   0.00     70   19.4  411.1  411.1  411.1
   78.5  18160  -74.4  -87.8     11   0.00     70   19.3  411.2  411.2  411.2
   78.4  18168  -74.4  -87.8     11   0.00     71   19.3  411.4  411.4  411.4
   78.3  18176  -74.3  -87.8     11   0.00     72   19.3  411.7  411.7  411.7
   78.1  18184  -74.3  -87.7     11   0.00     73   19.3  412.1  412.1  412.1
   78.0  18192  -74.3  -87.8     11   0.00     74   19.4  412.2  412.2  412.2
   77.9  18200  -74.3  -87.8     11   0.00     75   19.4  412.2  412.2  412.2
   77.8  18207  -74.4  -87.8     11   0.00     75   19.5  412.2  412.3  412.2
   77.7  18215  -74.4  -87.8     11   0.00     76   19.6  412.3  412.3  412.3
   77.6  18222  -74.5  -87.8     11   0.00     77   19.7  412.4  412.4  412.4
   77.5  18230  -74.5  -87.8     11   0.00     78   19.8  412.4  412.5  412.4
   77.4  18237  -74.6  -87.8     11   0.00     78   19.9  412.5  412.5  412.5
   77.3  18245  -74.6  -87.8     11   0.00     79   20.1  412.7  412.7  412.7
   77.2  18253  -74.6  -87.8     11   0.00     80   20.2  412.8  412.8  412.8
   77.1  18261  -74.5  -87.8     11   0.00     80   20.3  413.0  413.0  413.0
   77.0  18268  -74.6  -87.8     11   0.00     81   20.5  413.1  413.1  413.1
   76.9  18276  -74.6  -87.8     11   0.00     81   20.6  413.2  413.2  413.2
   76.8  18284  -74.6  -87.9     11   0.00     82   20.7  413.3  413.3  413.3
   76.7  18292  -74.7  -88.0     11   0.00     82   20.9  413.3  413.3  413.3
   76.6  18300  -74.8  -88.0     11   0.00     83   21.0  413.3  413.4  413.3
   76.5  18307  -74.8  -88.1     11   0.00     83   21.0  413.4  413.4  413.4
   76.4  18316  -74.9  -88.2     11   0.00     84   21.1  413.4  413.4  413.4
   76.3  18324  -74.9  -88.3     11   0.00     84   21.1  413.5  413.5  413.5
   76.2  18332  -74.9  -88.4     11   0.00     84   21.2  413.6  413.6  413.6
   76.1  18340  -74.9  -88.4     11   0.00     84   21.2  413.9  413.9  413.9
   76.0  18348  -74.8  -88.4     11   0.00     84   21.1  414.3  414.3  414.3
   75.9  18356  -74.7  -88.4     11   0.00     84   21.1  414.5  414.5  414.5
   75.8  18365  -74.7  -88.6     10   0.00     84   21.1  414.6  414.6  414.6
   75.7  18373  -74.7  -88.7     10   0.00     84   21.0  414.8  414.8  414.8
   75.6  18381  -74.6  -88.7     10   0.00     84   21.0  415.2  415.2  415.2
   75.4  18389  -74.5  -88.8      9   0.00     84   21.0  415.7  415.7  415.7
   75.3  18397  -74.0  -88.6      9   0.00     83   21.0  416.9  416.9  416.9
   75.2  18405  -73.8  -88.6      9   0.00     83   21.0  417.5  417.6  417.5
   75.1  18412  -73.7  -88.7      9   0.00     82   21.0  417.9  417.9  417.9
   75.0  18420  -73.4  -88.7      8   0.00     82   21.0  418.6  418.6  418.6
   74.8  18435  -72.9  -88.7      8   0.00     81   21.0  420.0  420.0  420.0
   74.7  18444  -72.7  -88.7      7   0.00     80   21.1  420.6  420.7  420.6
   74.6  18451  -72.4  -88.7      7   0.00     80   21.1  421.4  421.4  421.4
   74.5  18459  -72.0  -88.5      7   0.00     79   21.2  422.4  422.4  422.4
   74.4  18467  -71.8  -88.5      7   0.00     79   21.2  423.0  423.0  423.0
   74.3  18476  -71.8  -88.7      7   0.00     78   21.3  423.2  423.2  423.2
   74.2  18483  -71.6  -88.7      6   0.00     77   21.4  423.7  423.7  423.7
   74.1  18491  -71.4  -88.6      6   0.00     77   21.4  424.3  424.3  424.3
   74.0  18499  -71.3  -88.6      6   0.00     76   21.5  424.7  424.7  424.7
   73.9  18507  -71.2  -88.7      6   0.00     76   21.5  425.0  425.0  425.0
   73.8  18516  -71.2  -88.7      6   0.00     75   21.5  425.3  425.3  425.3
   73.7  18523  -71.2  -88.7      6   0.00     75   21.5  425.5  425.5  425.5
   73.6  18531  -71.2  -88.8      6   0.00     75   21.5  425.7  425.7  425.7
   73.5  18539  -71.1  -88.8      6   0.00     74   21.5  425.9  425.9  425.9
   73.4  18547  -71.1  -88.8      6   0.00     74   21.5  426.2  426.2  426.2
   73.3  18555  -71.0  -88.9      6   0.00     73   21.4  426.4  426.4  426.4
   73.2  18563  -71.1  -88.9      6   0.00     73   21.4  426.5  426.5  426.5
   73.1  18571  -71.1  -89.0      6   0.00     73   21.3  426.6  426.6  426.6
   73.0  18587  -71.1  -89.1      5   0.00     72   21.2  426.8  426.8  426.8
   72.9  18595  -71.2  -89.1      5   0.00     71   21.1  426.8  426.8  426.8
   72.8  18603  -71.2  -89.2      5   0.00     70   21.1  426.8  426.9  426.8
   72.7  18611  -71.3  -89.3      5   0.00     70   21.1  426.9  426.9  426.9
   72.6  18619  -71.4  -89.4      5   0.00     69   21.1  426.9  426.9  426.9
   72.5  18626  -71.5  -89.5      5   0.00     69   21.1  426.9  426.9  426.9
   72.4  18633  -71.5  -89.5      5   0.00     68   21.1  426.9  426.9  426.9
   72.3  18641  -71.5  -89.6      5   0.00     68   21.2  427.0  427.0  427.0
   72.2  18648  -71.6  -89.6      5   0.00     67   21.2  427.2  427.2  427.2
   72.1  18656  -71.5  -89.6      5   0.00     67   21.3  427.4  427.4  427.4
   72.0  18664  -71.4  -89.6      5   0.00     66   21.4  427.8  427.8  427.8
   71.9  18672  -71.3  -89.6      5   0.00     66   21.4  428.3  428.3  428.3
   71.8  18679  -71.2  -89.6      5   0.00     66   21.5  428.7  428.7  428.7
   71.7  18687  -71.1  -89.6      5   0.00     65   21.5  429.0  429.0  429.0
   71.6  18694  -71.1  -89.6      5   0.00     65   21.6  429.3  429.3  429.3
   71.5  18702  -71.0  -89.7      5   0.00     65   21.6  429.6  429.6  429.6
   71.4  18710  -71.0  -89.7      5   0.00     65   21.6  429.8  429.8  429.8
   71.3  18725  -70.9  -89.9      5   0.00     64   21.7  430.0  430.0  430.0
   71.2  18733  -70.9  -90.0      5   0.00     64   21.7  430.2  430.2  430.2
   71.1  18740  -71.0  -90.0      4   0.00     64   21.8  430.3  430.3  430.3
   71.0  18747  -71.0  -90.1      4   0.00     63   21.8  430.5  430.5  430.5
   70.9  18755  -70.9  -90.2      4   0.00     63   21.8  430.8  430.8  430.8
   70.8  18762  -70.8  -90.2      4   0.00     63   21.9  431.1  431.1  431.1
   70.7  18769  -70.8  -90.3      4   0.00     64   22.0  431.3  431.4  431.3
   70.6  18776  -70.8  -90.4      4   0.00     64   22.0  431.5  431.5  431.5
   70.5  18791  -70.8  -90.5      4   0.00     65   22.2  431.8  431.8  431.8
   70.4  18799  -70.7  -90.5      4   0.00     65   22.3  432.2  432.2  432.2
   70.3  18807  -70.5  -90.5      4   0.00     66   22.4  432.7  432.7  432.7
   70.2  18814  -70.4  -90.6      4   0.00     67   22.5  433.0  433.1  433.0
   70.1  18821  -70.3  -90.6      4   0.00     67   22.5  433.4  433.4  433.4
   70.0  18831  -70.2  -90.7      4   0.00     69   22.7  433.8  433.8  433.8
   69.9  18836  -70.2  -90.7      4   0.00     69   22.7  434.0  434.1  434.0
   69.8  18851  -69.8  -90.7      3   0.00     70   22.8  435.1  435.1  435.1
   69.7  18858  -69.6  -90.6      3   0.00     71   22.8  435.6  435.6  435.6
   69.6  18865  -69.4  -90.5      3   0.00     71   22.8  436.3  436.3  436.3
