Latitude: 22.312 Longitude: 114.17
-----------------------------------------------------------------------------
   PRES   HGHT   TEMP   DWPT   RELH   MIXR   DRCT   SPED   THTA   THTE   THTV
    hPa      m      C      C      %   g/kg    deg    m/s      K      K      K 
-----------------------------------------------------------------------------
 1000.0     61                                                               
  999.5     66   31.9   26.9     75  22.91     61    1.8  305.1  374.3  309.2
  997.8     81   31.6   27.0     77  23.06    159    1.3  304.9  374.5  309.1
  996.8     90   31.3   26.7     76  22.60    161    1.7  304.8  372.9  308.9
  995.2    105   31.0   26.2     75  21.94    154    1.8  304.6  370.6  308.6
  993.3    121   30.8   25.9     75  21.61    149    2.1  304.5  369.5  308.5
  991.6    137   30.6   25.8     75  21.49    145    2.3  304.5  369.1  308.4
  989.9    152   30.3   25.8     77  21.53    140    2.6  304.3  369.0  308.2
  988.2    168   30.1   25.6     77  21.42    136    2.8  304.3  368.6  308.2
  986.4    185   29.9   25.5     78  21.33    132    3.0  304.2  368.3  308.1
  984.5    202   29.6   25.5     78  21.26    127    3.3  304.1  367.9  308.0
  982.7    218   29.4   25.3     79  21.15    124    3.5  304.0  367.5  307.9
  981.1    233   29.2   25.3     79  21.11    120    3.7  304.0  367.4  307.9
  979.6    247   29.0   25.2     80  21.01    116    3.9  304.0  367.0  307.8
  978.3    258   28.5   24.9     81  20.67    113    4.1  303.6  365.4  307.3
  977.4    267   28.3   24.9     82  20.70    111    4.3  303.4  365.3  307.2
  976.3    277   28.3   24.9     82  20.74    108    4.4  303.5  365.5  307.2
  975.1    287   28.2   25.0     83  20.82    106    4.6  303.5  365.8  307.3
  974.1    297   28.0   24.9     83  20.77    104    4.7  303.4  365.6  307.2
  973.0    307   28.0   24.9     84  20.85    103    4.8  303.5  365.9  307.3
  972.0    316   27.9   24.9     84  20.83    102    5.0  303.5  365.8  307.3
  971.0    325   27.7   24.8     84  20.75    101    5.1  303.4  365.4  307.1
  969.5    339   27.6   25.0     86  20.94    101    5.2  303.4  366.0  307.2
  967.9    354   27.5   24.9     86  20.89    101    5.4  303.5  366.0  307.2
  966.8    364   27.4   24.9     86  20.90    101    5.5  303.5  366.0  307.3
  965.6    375   27.3   24.8     86  20.89    101    5.7  303.5  365.9  307.2
  964.3    387   27.1   24.9     88  20.95    101    5.8  303.4  366.1  307.2
  963.0    399   27.0   24.9     88  21.01    101    5.9  303.4  366.2  307.2
  961.9    409   26.9   24.8     88  20.93    101    6.0  303.4  366.0  307.2
  961.1    416   26.9   24.9     89  21.03    101    6.1  303.4  366.3  307.2
  960.0    426   26.7   24.8     89  20.99    101    6.2  303.4  366.2  307.2
  958.6    440   26.6   24.7     89  20.91    101    6.2  303.4  366.0  307.2
  957.1    454   26.5   24.7     90  20.90    101    6.2  303.4  365.9  307.2
  956.0    464   26.4   24.6     90  20.83    101    6.2  303.4  365.7  307.1
  955.2    472   26.2   24.6     91  20.82    100    6.2  303.3  365.5  307.1
  954.1    482   26.2   24.7     92  20.96    100    6.2  303.4  366.0  307.1
  952.7    494   26.1   24.7     92  20.98    100    6.2  303.5  366.2  307.3
  951.6    504   26.0   24.6     92  20.92     99    6.2  303.5  366.0  307.2
  950.6    514   25.9   24.6     93  20.95     99    6.2  303.4  366.0  307.2
  949.4    525   25.8   24.6     93  20.94     98    6.2  303.4  366.0  307.2
  948.3    536   25.7   24.4     92  20.71     98    6.2  303.4  365.4  307.2
  947.2    546   25.7   24.3     92  20.57     97    6.2  303.5  365.0  307.2
  946.0    557   25.6   24.2     92  20.47     97    6.2  303.5  364.7  307.2
  945.0    567   25.5   24.1     92  20.43     97    6.2  303.5  364.6  307.2
  943.9    577   25.5   24.0     91  20.25     96    6.2  303.6  364.2  307.3
  942.8    587   25.4   23.9     92  20.25     96    6.2  303.6  364.2  307.3
  941.6    598   25.3   24.0     93  20.39     96    6.2  303.6  364.6  307.3
  940.5    608   25.2   23.9     92  20.21     96    6.1  303.6  364.1  307.3
  939.4    619   25.2   23.4     90  19.66     96    6.0  303.7  362.6  307.3
  938.3    630   25.3   23.1     88  19.26     96    5.9  303.9  361.5  307.4
  937.2    640   25.2   22.8     86  18.96     96    5.8  304.0  360.7  307.4
  936.0    650   25.2   22.7     86  18.89     97    5.7  304.1  360.6  307.5
  934.8    662   25.1   22.7     87  18.93     97    5.6  304.1  360.8  307.5
  933.6    674   25.1   22.5     86  18.67     98    5.5  304.1  360.1  307.5
  932.6    683   25.1   22.4     85  18.59     99    5.3  304.2  359.9  307.6
  931.7    692   25.0   22.2     84  18.42     99    5.2  304.3  359.5  307.6
  930.7    701   25.1   21.7     81  17.78    100    5.1  304.4  357.7  307.7
  929.5    713   25.1   21.4     80  17.55    101    5.0  304.6  357.2  307.8
  928.2    724   25.1   21.3     80  17.44    101    4.9  304.6  357.0  307.8
  927.0    736   25.0   21.3     80  17.47    102    4.9  304.7  357.1  307.9
  925.8    747   24.9   21.3     80  17.43    102    4.8  304.7  357.0  307.9
  925.0    755   24.9   21.2     80  17.37    102    4.8  304.8  356.9  307.9
  924.8    757   24.9   21.2     80  17.36    103    4.7  304.8  356.9  307.9
  923.8    767   24.9   21.0     79  17.22    103    4.6  304.9  356.6  308.0
  922.7    777   24.9   21.0     79  17.25    104    4.6  304.9  356.8  308.1
  921.6    788   24.8   21.0     80  17.26    104    4.5  304.9  356.8  308.1
  920.5    798   24.7   21.0     80  17.22    105    4.4  305.0  356.7  308.1
  919.5    808   24.6   21.0     80  17.24    105    4.4  305.0  356.7  308.1
  918.5    818   24.5   21.0     81  17.26    106    4.3  305.0  356.8  308.1
  917.3    828   24.5   20.9     80  17.18    106    4.3  305.1  356.7  308.2
  916.3    839   24.4   20.9     81  17.20    107    4.2  305.1  356.7  308.2
  915.2    849   24.3   20.9     81  17.29    107    4.2  305.1  357.0  308.2
  914.1    859   24.2   21.0     82  17.40    108    4.1  305.1  357.3  308.2
  913.0    870   24.1   21.0     83  17.40    108    4.1  305.1  357.4  308.3
  911.9    881   24.0   20.9     83  17.36    108    4.0  305.1  357.3  308.3
  910.7    893   23.9   20.9     83  17.29    108    4.0  305.1  357.1  308.3
  909.5    904   23.8   20.9     84  17.36    109    3.9  305.1  357.3  308.3
  908.3    916   23.7   20.9     84  17.39    109    3.9  305.1  357.4  308.3
  907.1    927   23.7   20.7     84  17.24    110    3.8  305.2  357.0  308.3
  906.0    938   23.6   20.7     84  17.22    111    3.8  305.2  357.0  308.3
  904.8    949   23.5   20.7     84  17.20    112    3.7  305.2  356.9  308.3
  903.6    961   23.4   20.6     85  17.15    113    3.6  305.2  356.8  308.3
  902.5    972   23.4   20.1     82  16.66    114    3.6  305.4  355.5  308.4
  901.4    983   23.5   19.9     80  16.45    115    3.5  305.6  355.1  308.6
  900.1    995   23.4   19.9     81  16.46    116    3.4  305.6  355.2  308.6
  898.8   1007   23.3   19.7     80  16.33    117    3.3  305.7  354.9  308.7
  897.6   1019   23.3   19.7     80  16.27    118    3.2  305.7  354.8  308.7
  896.5   1030   23.2   19.6     80  16.20    118    3.2  305.8  354.6  308.7
  895.2   1043   23.2   19.4     79  15.99    118    3.1  305.9  354.1  308.8
  893.7   1057   23.2   19.3     79  15.95    118    3.1  306.0  354.1  308.9
  892.2   1072   23.0   19.2     79  15.92    117    3.0  306.0  354.0  308.9
  890.9   1085   23.0   18.9     78  15.60    117    3.0  306.1  353.1  308.9
  889.8   1096   23.0   18.7     77  15.44    116    3.0  306.2  352.8  309.0
  888.5   1108   22.9   18.7     77  15.46    114    3.0  306.2  352.9  309.1
  887.2   1121   22.8   18.6     77  15.43    113    3.0  306.2  352.8  309.1
  885.9   1134   22.7   18.5     77  15.26    112    3.1  306.3  352.4  309.1
  884.7   1146   22.7   18.3     76  15.13    112    3.1  306.4  352.1  309.2
  883.5   1158   22.6   18.3     76  15.14    111    3.1  306.4  352.2  309.2
  882.3   1170   22.5   18.2     77  15.12    111    3.2  306.5  352.2  309.2
  881.2   1181   22.4   18.3     77  15.15    111    3.2  306.5  352.3  309.2
  880.1   1191   22.4   18.2     77  15.11    111    3.2  306.5  352.2  309.3
  879.0   1203   22.3   18.1     77  14.99    111    3.2  306.5  351.8  309.3
  877.8   1215   22.3   17.9     76  14.85    111    3.2  306.6  351.5  309.3
  876.6   1226   22.2   17.9     77  14.85    112    3.2  306.7  351.6  309.4
  875.5   1237   22.1   17.9     77  14.87    112    3.2  306.6  351.6  309.4
  874.3   1249   22.0   17.7     77  14.78    113    3.2  306.7  351.4  309.4
  873.2   1261   21.9   17.7     77  14.73    114    3.2  306.7  351.3  309.4
  872.0   1272   21.8   17.7     77  14.74    114    3.2  306.7  351.3  309.4
  870.9   1284   21.7   17.7     78  14.75    115    3.2  306.7  351.3  309.4
  869.7   1295   21.6   17.6     78  14.70    115    3.2  306.7  351.2  309.4
  868.5   1307   21.5   17.4     77  14.55    116    3.2  306.8  350.8  309.4
  867.4   1319   21.4   17.3     77  14.44    116    3.2  306.8  350.5  309.5
  866.2   1330   21.4   17.1     77  14.34    117    3.2  306.9  350.3  309.5
  865.1   1342   21.3   17.1     77  14.34    117    3.2  306.9  350.4  309.6
  863.9   1353   21.2   17.1     78  14.39    117    3.3  306.9  350.5  309.6
  862.8   1365   21.1   17.2     78  14.46    117    3.3  306.9  350.7  309.6
  861.6   1377   21.0   17.2     79  14.49    118    3.3  307.0  350.8  309.6
  860.5   1388   20.9   17.2     79  14.50    118    3.3  307.0  350.9  309.6
  859.3   1400   20.9   17.1     79  14.46    118    3.3  307.0  350.8  309.7
  858.2   1411   20.8   17.2     80  14.50    117    3.4  307.0  351.0  309.7
  857.1   1422   20.7   17.2     80  14.52    117    3.4  307.1  351.1  309.7
  856.0   1433   20.6   17.1     80  14.49    117    3.4  307.1  351.0  309.7
  854.8   1445   20.5   17.0     81  14.42    117    3.4  307.1  350.8  309.7
  853.7   1457   20.4   17.0     81  14.44    117    3.5  307.1  350.9  309.7
  852.5   1469   20.3   16.9     81  14.39    116    3.5  307.1  350.7  309.7
  851.3   1481   20.2   16.8     81  14.30    116    3.5  307.1  350.5  309.7
  850.2   1492   20.2   16.2     78  13.72    115    3.5  307.2  348.8  309.7
  850.0   1494   20.2   15.9     77  13.53    114    3.5  307.3  348.3  309.8
  849.1   1503   20.3   14.9     71  12.64    114    3.5  307.4  345.9  309.8
  848.0   1515   20.3   14.5     69  12.31    113    3.5  307.6  345.0  309.9
  846.9   1526   20.2   14.9     72  12.70    112    3.5  307.6  346.2  309.9
  845.8   1537   20.0   15.1     73  12.88    111    3.5  307.5  346.7  309.9
  844.7   1548   20.0   14.7     72  12.56    110    3.5  307.6  345.8  309.9
  843.6   1559   20.0   14.5     71  12.41    109    3.5  307.7  345.5  310.0
  842.6   1570   19.9   14.7     72  12.61    108    3.5  307.7  346.1  310.1
  841.4   1582   19.8   14.8     73  12.72    106    3.5  307.8  346.5  310.1
  840.4   1593   19.7   15.2     75  13.08    105    3.5  307.8  347.6  310.2
  839.4   1603   19.6   15.5     77  13.34    105    3.5  307.8  348.3  310.2
  838.3   1614   19.5   15.6     79  13.46    104    3.5  307.7  348.7  310.2
  837.1   1626   19.4   15.6     79  13.43    104    3.6  307.8  348.6  310.3
  836.0   1638   19.3   15.3     78  13.22    104    3.6  307.8  348.1  310.3
  835.0   1648   19.3   15.2     77  13.15    104    3.7  307.9  347.9  310.3
  833.9   1659   19.3   14.8     75  12.82    105    3.7  308.0  347.1  310.4
  832.8   1671   19.2   14.9     76  12.90    105    3.8  308.0  347.3  310.4
  831.7   1682   19.1   14.8     76  12.84    106    3.8  308.1  347.2  310.4
  830.6   1694   19.0   14.7     76  12.79    106    3.9  308.1  347.1  310.5
  829.5   1705   18.9   14.8     77  12.86    106    3.9  308.1  347.3  310.5
  828.5   1715   18.9   14.7     77  12.81    106    3.9  308.1  347.2  310.5
  827.4   1727   18.8   14.3     75  12.49    106    3.9  308.2  346.3  310.5
  826.2   1739   18.8   13.7     72  12.01    105    3.8  308.3  345.0  310.6
  825.2   1750   18.8   13.6     72  11.96    105    3.8  308.4  344.9  310.6
  824.1   1761   18.7   13.7     73  12.04    103    3.7  308.5  345.2  310.7
  823.1   1772   18.7   13.6     72  12.01    102    3.6  308.5  345.2  310.7
  822.0   1784   18.6   13.7     73  12.08    100    3.5  308.6  345.5  310.8
  820.9   1795   18.6   13.6     73  12.05     98    3.4  308.6  345.5  310.9
  819.8   1806   18.5   13.6     73  12.00     96    3.3  308.7  345.4  310.9
  818.7   1817   18.5   13.7     74  12.11     95    3.2  308.8  345.8  311.0
  817.6   1829   18.4   13.7     74  12.13     93    3.1  308.8  345.9  311.1
  816.6   1840   18.4   13.8     75  12.25     92    3.0  308.9  346.4  311.2
  815.5   1851   18.4   13.6     74  12.13     92    3.0  309.0  346.1  311.3
  814.4   1863   18.3   13.6     74  12.09     92    2.9  309.1  346.1  311.3
  813.3   1875   18.3   14.1     77  12.56     92    2.9  309.2  347.6  311.5
  812.2   1887   18.2   14.1     77  12.59     92    2.9  309.2  347.7  311.5
  811.0   1899   18.2   13.7     75  12.28     93    2.9  309.3  346.9  311.6
  809.8   1911   18.2   13.5     74  12.08     94    2.9  309.4  346.4  311.7
  808.7   1923   18.1   13.6     75  12.22     94    2.9  309.5  347.0  311.7
  807.6   1935   18.0   13.7     76  12.30     95    2.9  309.5  347.3  311.8
  806.5   1947   18.0   13.4     75  12.11     95    2.9  309.6  346.7  311.8
  805.4   1958   17.9   13.2     74  11.94     95    2.9  309.6  346.3  311.8
  804.4   1970   17.9   13.1     74  11.88     94    2.8  309.7  346.1  311.9
  803.2   1982   17.8   13.0     73  11.81     93    2.8  309.8  346.1  312.0
  802.1   1993   17.8   12.9     73  11.72     92    2.7  309.8  345.8  312.0
  801.2   2004   17.8   12.8     73  11.67     90    2.6  309.9  345.8  312.1
  800.1   2015   17.7   12.9     73  11.76     88    2.5  310.0  346.1  312.2
  799.0   2026   17.6   12.8     74  11.74     86    2.5  310.0  346.1  312.2
  797.9   2038   17.5   12.7     74  11.68     84    2.4  310.0  345.9  312.2
  796.8   2050   17.5   12.7     74  11.65     82    2.3  310.1  345.9  312.3
  795.7   2062   17.4   12.8     75  11.78     81    2.2  310.1  346.4  312.3
  794.6   2075   17.3   12.9     75  11.83     79    2.1  310.2  346.6  312.4
  793.4   2087   17.2   12.8     76  11.83     78    2.0  310.2  346.6  312.4
  792.4   2098   17.1   13.0     77  11.97     77    2.0  310.2  347.0  312.4
  791.4   2109   17.0   13.4     80  12.32     77    2.0  310.2  348.0  312.5
  790.3   2120   16.8   13.6     81  12.47     78    2.0  310.2  348.5  312.5
  789.3   2131   16.8   13.5     81  12.42     79    2.0  310.2  348.4  312.5
  788.3   2142   16.7   13.4     81  12.37     80    2.0  310.2  348.2  312.5
  787.3   2153   16.6   13.3     81  12.28     81    2.0  310.2  348.0  312.5
  786.3   2164   16.5   13.1     80  12.16     83    2.0  310.3  347.7  312.5
  785.3   2175   16.6   12.5     77  11.70     84    2.1  310.4  346.5  312.6
  784.3   2186   16.6   12.3     76  11.51     86    2.1  310.5  346.0  312.7
  783.3   2197   16.5   12.3     76  11.55     87    2.1  310.6  346.2  312.7
  782.3   2208   16.4   12.1     76  11.45     88    2.1  310.6  345.9  312.7
  781.2   2220   16.3   12.0     76  11.37     89    2.1  310.6  345.7  312.8
  780.1   2231   16.2   11.9     76  11.33     90    2.2  310.7  345.6  312.8
  779.1   2243   16.2   11.7     75  11.16     90    2.2  310.7  345.2  312.8
  778.1   2254   16.1   11.4     74  10.95     91    2.2  310.8  344.6  312.8
  777.0   2265   16.1   10.9     71  10.61     91    2.2  310.9  343.7  312.9
  776.0   2276   16.1   11.0     72  10.69     91    2.2  311.0  344.1  313.0
  775.1   2287   16.0   11.8     76  11.27     91    2.2  311.0  345.8  313.1
  774.0   2298   15.9   11.8     77  11.33     91    2.3  311.0  346.0  313.1
  773.0   2310   15.8   11.8     77  11.31     91    2.3  311.1  346.0  313.2
  771.9   2321   15.8   11.9     78  11.44     90    2.4  311.1  346.4  313.2
  770.9   2333   15.7   11.9     78  11.42     90    2.4  311.1  346.4  313.2
  769.9   2344   15.6   11.7     77  11.27     89    2.4  311.1  346.0  313.2
  768.8   2355   15.6   11.1     75  10.85     88    2.5  311.2  344.8  313.3
  767.8   2367   15.5   10.9     74  10.70     88    2.5  311.3  344.5  313.3
  766.8   2378   15.5   10.8     74  10.69     87    2.6  311.4  344.5  313.4
  765.7   2390   15.5   10.7     73  10.62     87    2.6  311.5  344.4  313.5
  764.7   2401   15.4   10.9     74  10.76     86    2.7  311.5  344.9  313.5
  763.7   2412   15.3   11.0     76  10.88     86    2.7  311.5  345.2  313.6
  762.7   2424   15.2   11.5     79  11.23     86    2.8  311.5  346.3  313.6
  761.7   2435   15.1   11.6     80  11.36     86    2.9  311.5  346.7  313.7
  760.6   2447   15.0   11.4     79  11.18     85    2.9  311.6  346.2  313.7
  759.6   2458   15.0   10.3     73  10.42     86    3.0  311.7  344.1  313.7
  758.7   2469   15.1    9.3     68   9.77     86    3.1  311.9  342.3  313.7
  757.7   2480   15.1   10.3     73  10.46     86    3.1  312.0  344.5  313.9
  756.6   2491   15.0   10.8     76  10.85     86    3.2  312.0  345.7  314.1
  755.6   2503   15.1   10.6     74  10.67     86    3.2  312.3  345.5  314.3
  754.6   2515   15.1   10.6     74  10.72     86    3.3  312.4  345.8  314.5
  753.5   2526   15.1   10.5     74  10.68     86    3.3  312.5  345.8  314.5
  752.5   2538   15.0   10.5     74  10.66     86    3.3  312.6  345.7  314.6
  751.6   2549   15.0   10.2     73  10.43     85    3.3  312.6  345.1  314.6
  750.5   2560   14.9   10.2     74  10.51     85    3.3  312.7  345.4  314.7
  749.5   2572   14.9   10.3     74  10.55     85    3.2  312.8  345.6  314.7
  748.4   2584   14.9   10.0     72  10.33     85    3.2  312.9  345.1  314.8
  747.5   2595   14.9    9.5     70  10.02     84    3.1  313.0  344.3  314.9
  746.5   2606   15.0    8.8     67   9.59     84    3.1  313.2  343.2  315.0
  745.4   2618   15.0    9.3     69   9.92     84    3.0  313.4  344.4  315.2
  744.3   2630   14.9   10.3     74  10.66     84    2.9  313.4  346.7  315.4
  743.2   2644   14.9    9.9     72  10.35     84    2.9  313.5  345.9  315.5
  742.0   2657   14.9    9.4     70  10.03     84    2.8  313.7  345.1  315.6
  741.0   2669   14.9    9.3     70  10.01     85    2.8  313.8  345.1  315.6
  740.0   2680   14.8    9.3     70  10.00     85    2.8  313.8  345.2  315.7
  739.0   2692   14.8    9.3     70  10.01     86    2.7  313.9  345.3  315.8
  737.9   2704   14.7    9.3     70  10.02     86    2.7  313.9  345.4  315.8
  736.8   2716   14.6    9.4     71  10.08     87    2.7  314.0  345.6  315.9
  735.8   2728   14.5    9.6     72  10.27     87    2.8  314.0  346.2  316.0
  734.8   2739   14.5    9.7     73  10.37     88    2.8  314.1  346.6  316.1
  733.9   2751   14.4    9.7     73  10.35     88    2.9  314.1  346.5  316.1
  732.8   2763   14.3    9.6     73  10.31     88    2.9  314.1  346.4  316.1
  731.8   2775   14.2    9.4     73  10.21     89    2.9  314.2  346.2  316.1
  730.7   2787   14.2    8.7     69   9.69     89    3.0  314.3  344.7  316.1
  729.6   2800   14.2    7.9     66   9.19     90    3.0  314.4  343.3  316.1
  728.5   2813   14.1    7.5     64   8.97     91    3.0  314.5  342.7  316.2
  727.5   2824   14.0    7.4     64   8.91     91    3.1  314.5  342.6  316.2
  726.5   2836   13.9    7.3     64   8.88     92    3.1  314.5  342.5  316.2
  725.4   2849   13.8    7.7     67   9.17     93    3.1  314.6  343.4  316.3
  724.3   2861   13.7    8.4     70   9.61     94    3.1  314.6  344.8  316.4
  723.3   2873   13.6    8.6     72   9.76     95    3.1  314.6  345.3  316.4
  722.3   2885   13.5    8.3     71   9.58     96    3.1  314.6  344.7  316.4
  721.2   2898   13.5    8.0     69   9.36     97    3.1  314.7  344.1  316.4
  720.0   2911   13.4    7.9     70   9.34     97    3.1  314.7  344.2  316.5
  718.9   2925   13.3    7.9     70   9.36     98    3.1  314.8  344.3  316.6
  717.8   2938   13.2    7.9     70   9.36     98    3.1  314.8  344.3  316.6
  716.7   2950   13.1    7.8     70   9.32     97    3.1  314.8  344.2  316.6
  715.6   2963   13.0    7.6     70   9.20     97    3.1  314.9  343.9  316.6
  714.5   2976   13.0    7.4     69   9.10     97    3.2  315.0  343.7  316.7
  713.4   2990   12.9    7.3     69   9.05     97    3.2  315.1  343.6  316.8
  712.3   3003   12.9    7.3     69   9.04     96    3.2  315.1  343.7  316.8
  711.2   3016   12.8    7.2     69   9.00     96    3.2  315.2  343.6  316.9
  710.1   3028   12.7    7.1     69   8.98     97    3.3  315.2  343.6  316.9
  709.0   3041   12.6    7.1     69   8.95     97    3.3  315.2  343.5  316.9
  707.9   3055   12.5    7.3     70   9.09     98    3.3  315.3  344.0  317.0
  706.8   3068   12.4    7.9     74   9.48     99    3.2  315.3  345.2  317.1
  705.6   3082   12.2    8.3     77   9.77    100    3.2  315.3  346.1  317.1
  704.4   3096   12.2    8.1     76   9.68    102    3.2  315.4  345.9  317.2
  703.3   3109   12.1    7.8     75   9.48    103    3.1  315.4  345.4  317.2
  702.2   3122   12.0    7.7     75   9.43    105    3.1  315.5  345.2  317.3
  701.1   3135   12.0    7.5     74   9.31    107    3.0  315.5  345.0  317.3
  700.1   3148   11.9    7.3     74   9.24    110    3.0  315.6  344.8  317.4
  700.0   3149   11.9    7.3     74   9.24    112    2.9  315.6  344.8  317.4
  698.9   3162   11.8    7.2     73   9.16    112    2.9  315.7  344.7  317.4
  697.8   3176   11.8    6.7     71   8.86    114    2.8  315.7  343.8  317.4
  696.6   3190   11.8    6.1     68   8.54    116    2.8  315.9  343.0  317.5
  695.5   3202   11.8    6.4     70   8.73    119    2.7  316.0  343.8  317.7
  694.5   3215   11.7    6.1     68   8.55    121    2.7  316.2  343.3  317.8
  693.3   3229   11.7    5.9     68   8.41    124    2.6  316.2  343.0  317.8
  692.2   3242   11.6    6.0     68   8.49    127    2.6  316.3  343.3  317.9
  691.1   3256   11.6    6.1     69   8.59    129    2.6  316.4  343.7  318.0
  690.0   3269   11.5    6.1     69   8.57    132    2.6  316.5  343.7  318.1
  688.9   3283   11.4    5.9     69   8.50    134    2.6  316.5  343.6  318.2
  687.9   3295   11.4    5.6     68   8.31    136    2.6  316.6  343.1  318.2
  686.8   3308   11.3    5.2     66   8.08    139    2.6  316.7  342.4  318.2
  685.8   3321   11.2    4.6     64   7.79    141    2.7  316.7  341.6  318.2
  684.7   3335   11.2    4.0     61   7.46    142    2.8  316.9  340.7  318.3
  683.6   3348   11.2    3.9     61   7.44    144    2.8  317.0  340.8  318.4
  682.6   3360   11.1    3.9     61   7.47    145    2.9  317.0  340.9  318.4
  681.5   3373   10.9    3.9     62   7.48    146    2.9  317.0  340.9  318.4
  680.5   3386   10.8    4.0     63   7.50    147    3.0  316.9  340.9  318.4
  679.4   3398   10.6    4.0     63   7.52    147    3.1  316.9  341.0  318.4
  678.4   3411   10.6    3.9     63   7.47    148    3.1  317.0  340.9  318.4
  677.4   3423   10.5    3.4     61   7.23    149    3.2  317.1  340.2  318.4
  676.4   3436   10.5    2.7     59   6.90    149    3.3  317.2  339.3  318.5
  675.3   3450   10.5    2.2     56   6.64    150    3.3  317.3  338.7  318.6
  674.3   3462   10.5    2.3     57   6.72    151    3.4  317.4  339.1  318.7
  673.2   3475   10.4    2.3     57   6.74    152    3.4  317.5  339.2  318.8
  672.3   3487   10.4    1.9     56   6.56    154    3.5  317.6  338.7  318.8
  671.3   3499   10.3    2.0     56   6.59    155    3.5  317.7  338.9  318.9
  670.3   3511   10.2    2.7     60   6.97    157    3.6  317.7  340.1  319.0
  669.3   3523   10.1    3.3     63   7.27    158    3.7  317.7  341.0  319.1
  668.3   3536   10.0    3.6     65   7.46    160    3.8  317.7  341.6  319.1
  667.4   3547    9.9    3.5     64   7.38    161    3.8  317.7  341.4  319.2
  666.5   3559    9.9    3.0     62   7.13    162    3.9  317.8  340.8  319.2
  665.5   3571    9.8    2.7     61   7.01    163    3.9  317.9  340.5  319.3
  664.5   3583    9.8    2.5     60   6.94    164    3.9  318.0  340.4  319.3
  663.5   3596    9.7    2.4     60   6.86    164    3.9  318.1  340.2  319.4
  662.5   3609    9.7    1.5     57   6.45    164    3.9  318.2  339.0  319.4
  661.5   3622    9.7    1.0     55   6.23    164    3.9  318.2  338.4  319.4
  660.5   3634    9.6    0.4     53   5.99    163    3.8  318.3  337.8  319.5
  659.6   3645    9.5    0.7     54   6.14    163    3.7  318.4  338.3  319.5
  658.7   3657    9.4    1.4     57   6.44    161    3.7  318.4  339.2  319.6
  657.7   3670    9.3    1.7     59   6.60    160    3.6  318.4  339.7  319.6
  656.6   3682    9.2    1.8     60   6.67    158    3.5  318.4  339.9  319.7
  655.7   3695    9.0    2.1     62   6.80    156    3.5  318.4  340.3  319.7
  654.7   3707    8.9    2.4     63   6.96    154    3.5  318.4  340.8  319.7
  653.8   3719    8.8    2.5     65   7.04    152    3.5  318.4  341.0  319.7
  652.8   3731    8.7    3.0     67   7.30    151    3.5  318.4  341.9  319.8
  651.8   3744    8.6    3.3     70   7.49    149    3.5  318.4  342.4  319.8
  650.8   3756    8.5    2.9     68   7.25    148    3.6  318.5  341.8  319.8
  649.8   3769    8.5    1.8     63   6.75    147    3.6  318.6  340.4  319.9
  648.9   3780    8.5    1.5     62   6.62    146    3.7  318.7  340.1  320.0
  648.0   3792    8.5    1.6     62   6.64    145    3.7  318.8  340.3  320.1
  647.0   3804    8.5    1.4     61   6.54    145    3.8  318.9  340.1  320.2
  646.1   3817    8.4    1.2     61   6.49    145    3.8  319.0  340.0  320.2
  645.1   3829    8.3    1.5     62   6.64    145    3.9  319.0  340.5  320.3
  644.2   3841    8.3    1.3     61   6.54    145    3.9  319.1  340.3  320.3
  643.2   3854    8.2    0.7     59   6.29    145    3.9  319.2  339.6  320.4
  642.2   3866    8.1    0.3     58   6.11    146    4.0  319.2  339.1  320.4
  641.3   3878    8.1   -0.1     56   5.93    146    4.0  319.3  338.6  320.4
  640.3   3890    8.0   -0.0     57   5.98    146    4.0  319.4  338.9  320.5
  639.3   3904    8.0   -0.1     57   5.97    147    4.0  319.5  338.9  320.6
  638.2   3918    7.9   -0.2     56   5.92    147    4.0  319.5  338.8  320.7
  637.2   3931    7.8   -0.2     57   5.93    147    4.1  319.6  338.9  320.7
  636.3   3943    7.7   -0.3     57   5.88    147    4.1  319.6  338.8  320.8
  635.4   3955    7.7   -0.4     57   5.87    148    4.1  319.7  338.8  320.8
  634.5   3966    7.6   -0.4     57   5.89    148    4.2  319.7  338.9  320.8
  633.6   3978    7.5   -0.6     56   5.80    148    4.3  319.7  338.7  320.9
  632.7   3990    7.4   -0.7     56   5.76    148    4.3  319.8  338.6  320.9
  631.7   4002    7.4   -0.8     56   5.75    148    4.4  319.9  338.7  321.0
  630.8   4014    7.3   -0.6     57   5.82    148    4.5  319.9  338.9  321.0
  629.9   4027    7.2   -0.8     57   5.76    148    4.6  320.0  338.8  321.1
  628.9   4039    7.2   -0.7     58   5.81    148    4.7  320.0  339.0  321.1
  627.9   4052    7.1   -0.9     57   5.71    147    4.8  320.1  338.8  321.2
  627.0   4065    7.0   -1.2     56   5.59    147    4.9  320.1  338.4  321.2
  626.0   4077    7.0   -1.3     56   5.57    147    5.0  320.2  338.5  321.3
  625.1   4089    6.9   -1.3     56   5.58    146    5.0  320.3  338.5  321.3
  624.2   4101    6.8   -1.2     57   5.62    146    5.1  320.3  338.7  321.4
  623.2   4114    6.7   -1.2     57   5.64    145    5.1  320.3  338.8  321.4
  622.3   4126    6.5   -1.2     58   5.63    145    5.1  320.3  338.7  321.4
  621.3   4139    6.4   -1.3     58   5.61    145    5.1  320.3  338.7  321.4
  620.4   4151    6.3   -1.4     58   5.59    145    5.1  320.3  338.6  321.4
  619.4   4164    6.3   -1.4     58   5.60    145    5.1  320.4  338.7  321.5
  618.6   4176    6.2   -1.0     60   5.77    145    5.2  320.4  339.3  321.5
  617.7   4188    6.1   -0.4     63   6.03    145    5.2  320.4  340.1  321.6
  616.8   4199    6.0   -0.5     63   6.00    144    5.2  320.4  340.0  321.6
  616.1   4209    5.9   -0.6     63   5.95    144    5.2  320.4  339.9  321.6
  615.2   4219    5.8   -0.8     63   5.88    144    5.3  320.5  339.7  321.6
  614.4   4231    5.7   -1.2     61   5.74    144    5.3  320.5  339.3  321.6
  613.5   4243    5.7   -1.7     59   5.52    143    5.3  320.6  338.7  321.6
  612.6   4255    5.6   -0.6     64   5.98    143    5.4  320.6  340.2  321.8
  611.6   4268    5.5    1.5     76   7.01    142    5.4  320.6  343.4  322.0
  610.8   4279    5.4    1.2     74   6.85    142    5.5  320.6  342.9  322.0
  610.0   4290    5.3    0.6     72   6.60    141    5.5  320.7  342.2  322.0
  609.1   4302    5.2    1.6     77   7.09    141    5.5  320.8  343.8  322.1
  608.2   4314    5.1    3.5     89   8.10    140    5.6  320.8  347.0  322.3
  607.3   4326    5.0    3.7     91   8.24    140    5.6  320.7  347.4  322.3
  606.5   4337    4.9    3.7     92   8.30    140    5.6  320.7  347.6  322.3
  605.7   4348    4.8    4.0     95   8.46    140    5.6  320.7  348.1  322.4
  604.8   4359    4.7    3.9     94   8.41    140    5.6  320.8  348.0  322.4
  603.9   4371    4.6    4.0     95   8.46    140    5.6  320.8  348.2  322.4
  603.1   4383    4.5    4.0     97   8.52    141    5.6  320.8  348.4  322.5
  602.2   4394    4.4    4.0     97   8.52    141    5.6  320.8  348.4  322.5
  601.4   4406    4.3    3.9     97   8.49    141    5.6  320.8  348.3  322.5
  600.6   4417    4.2    3.8     97   8.42    141    5.6  320.9  348.1  322.5
  599.8   4428    4.1    3.9     98   8.46    142    5.6  320.9  348.3  322.5
  598.9   4440    4.0    3.8     99   8.46    142    5.6  320.9  348.3  322.5
  598.1   4451    3.9    3.7     99   8.41    142    5.5  320.9  348.1  322.5
  597.3   4462    3.8    3.7     99   8.38    142    5.5  320.9  348.0  322.5
  596.5   4473    3.7    3.6     99   8.32    142    5.5  320.9  347.9  322.5
  595.6   4484    3.6    3.6     99   8.34    142    5.5  321.0  348.0  322.6
  594.8   4496    3.5    3.4     99   8.27    142    5.5  321.0  347.7  322.6
  593.9   4507    3.5    3.3     99   8.20    141    5.5  321.0  347.6  322.6
  593.1   4519    3.4    3.0     97   8.07    141    5.5  321.1  347.2  322.6
  592.3   4530    3.5    2.2     91   7.62    141    5.5  321.3  346.1  322.8
  591.5   4542    3.6    2.0     89   7.51    140    5.5  321.5  346.0  323.0
  590.6   4553    3.6    1.8     88   7.39    140    5.6  321.7  345.8  323.1
  589.8   4565    3.6    1.6     87   7.32    139    5.6  321.8  345.7  323.2
  588.9   4576    3.6    1.4     85   7.20    138    5.7  321.9  345.4  323.3
  588.2   4587    3.6    0.5     80   6.76    138    5.8  322.1  344.2  323.4
  587.4   4598    3.5    0.5     80   6.78    137    5.8  322.1  344.3  323.4
  586.6   4608    3.4    0.7     83   6.91    137    5.9  322.1  344.7  323.4
  585.8   4620    3.4    0.8     83   6.93    136    6.0  322.1  344.8  323.5
  585.0   4632    3.3    0.6     82   6.88    136    6.0  322.3  344.8  323.6
  584.1   4643    3.4   -1.3     71   5.97    136    6.1  322.4  342.1  323.6
  583.3   4654    3.4   -2.1     68   5.66    135    6.1  322.6  341.3  323.7
  582.5   4665    3.3   -2.4     66   5.53    135    6.2  322.6  340.9  323.7
  581.7   4677    3.3   -3.3     62   5.18    135    6.2  322.7  339.9  323.7
  580.9   4687    3.3   -3.2     63   5.22    135    6.3  322.8  340.1  323.8
  580.2   4698    3.2   -3.0     64   5.29    135    6.3  322.9  340.4  323.9
  579.4   4709    3.2   -3.2     63   5.24    134    6.4  322.9  340.3  323.9
  578.6   4720    3.2   -3.5     61   5.10    134    6.5  323.1  340.0  324.0
  577.8   4731    3.2   -4.4     57   4.80    134    6.5  323.3  339.2  324.2
  577.1   4742    3.2   -4.8     56   4.66    134    6.6  323.3  338.9  324.2
  576.3   4752    3.1   -5.4     54   4.46    134    6.7  323.4  338.3  324.3
  575.6   4763    3.1   -5.1     55   4.56    134    6.7  323.5  338.7  324.3
  574.8   4774    3.0   -5.2     55   4.54    133    6.8  323.5  338.7  324.4
  574.0   4786    3.0   -4.5     58   4.77    133    6.8  323.6  339.5  324.5
  573.2   4796    2.9   -3.6     62   5.11    133    6.9  323.6  340.6  324.6
  572.5   4806    2.8   -4.1     61   4.96    133    6.9  323.6  340.2  324.6
  571.8   4816    2.8   -4.6     58   4.77    133    7.0  323.7  339.6  324.6
  571.0   4827    2.8   -6.6     50   4.10    132    7.0  323.8  337.6  324.6
  570.2   4838    2.8   -8.8     42   3.45    132    7.0  324.0  335.8  324.7
  569.5   4849    2.8   -9.3     40   3.32    132    7.1  324.1  335.4  324.8
  568.7   4860    2.8   -8.8     42   3.45    131    7.1  324.2  335.9  324.9
  568.0   4870    2.7   -8.4     44   3.59    131    7.1  324.2  336.4  324.9
  567.3   4881    2.6   -7.9     46   3.72    130    7.1  324.3  336.9  325.0
  566.5   4891    2.5   -7.8     47   3.77    129    7.1  324.3  337.0  325.0
  565.8   4902    2.5   -8.2     45   3.65    129    7.1  324.3  336.7  325.1
  565.0   4912    2.5   -8.6     44   3.53    128    7.1  324.5  336.5  325.1
  564.3   4923    2.4   -7.0     50   4.03    127    7.1  324.5  338.1  325.3
  563.6   4933    2.3   -4.2     62   4.97    126    7.1  324.4  341.1  325.4
  562.9   4944    2.3   -5.3     57   4.60    125    7.1  324.5  340.0  325.4
  562.1   4954    2.4   -8.8     44   3.52    124    7.1  324.8  336.8  325.5
  561.3   4965    2.4  -10.4     38   3.09    123    7.1  325.0  335.6  325.6
  560.5   4977    2.3   -9.5     41   3.32    123    7.1  325.0  336.3  325.7
  559.8   4987    2.2   -6.9     51   4.09    122    7.1  324.9  338.8  325.8
  559.1   4998    1.9   -3.2     69   5.40    122    7.1  324.8  342.8  325.8
  558.3   5009    1.7   -2.0     76   5.92    122    7.1  324.7  344.4  325.9
  557.5   5021    1.6   -2.3     75   5.79    122    7.1  324.6  343.9  325.8
  556.7   5032    1.5   -1.7     79   6.08    122    7.1  324.6  344.8  325.8
  555.9   5043    1.4   -1.4     82   6.25    122    7.1  324.6  345.3  325.9
  555.2   5055    1.3   -2.1     78   5.92    123    7.1  324.7  344.4  325.9
  554.3   5067    1.5   -3.9     68   5.20    124    7.2  325.1  342.5  326.1
  553.5   5080    1.6   -5.6     59   4.57    124    7.2  325.4  340.8  326.3
  552.6   5092    1.7   -8.0     49   3.81    125    7.3  325.6  338.5  326.3
  551.8   5104    1.7   -9.1     45   3.49    125    7.4  325.7  337.7  326.4
  550.9   5116    1.6   -9.1     45   3.49    126    7.4  325.8  337.7  326.5
  550.1   5129    1.6  -10.5     40   3.12    126    7.5  325.9  336.6  326.5
  549.3   5141    1.6  -12.4     34   2.68    126    7.6  326.0  335.3  326.6
  548.5   5152    1.6  -12.7     34   2.64    126    7.7  326.1  335.3  326.6
  547.7   5163    1.5  -12.0     36   2.79    126    7.9  326.2  335.8  326.7
  546.9   5175    1.4  -12.4     35   2.69    126    8.0  326.2  335.6  326.7
  546.2   5187    1.3  -12.7     34   2.64    125    8.1  326.3  335.4  326.8
  545.4   5198    1.3  -12.4     35   2.71    125    8.2  326.3  335.7  326.8
  544.5   5210    1.2  -12.4     36   2.72    125    8.3  326.4  335.8  326.9
  543.7   5222    1.1  -11.7     38   2.87    124    8.3  326.4  336.3  327.0
  543.0   5233    1.0   -9.9     44   3.34    124    8.4  326.4  337.8  327.0
  542.3   5244    0.9   -9.2     47   3.53    124    8.5  326.3  338.4  327.0
  541.5   5255    0.7   -7.8     53   3.93    124    8.5  326.3  339.7  327.1
  540.8   5266    0.5   -5.8     62   4.59    124    8.5  326.2  341.8  327.1
  540.1   5276    0.4   -3.8     74   5.36    124    8.5  326.2  344.2  327.2
  539.4   5287    0.2   -2.7     81   5.84    124    8.5  326.1  345.6  327.3
  538.6   5299    0.1   -2.7     81   5.84    124    8.5  326.1  345.6  327.3
  537.8   5310    0.0   -2.9     81   5.77    124    8.4  326.1  345.4  327.3
  537.0   5322   -0.0   -3.0     80   5.71    124    8.4  326.2  345.3  327.3
  536.2   5334   -0.1   -3.1     80   5.70    124    8.4  326.2  345.3  327.4
  535.4   5346   -0.2   -3.2     80   5.64    124    8.3  326.3  345.1  327.4
  534.6   5358   -0.2   -3.8     77   5.42    123    8.3  326.4  344.5  327.4
  533.9   5369   -0.3   -4.3     74   5.21    123    8.3  326.5  344.0  327.5
  533.2   5380   -0.3   -5.0     70   4.95    122    8.3  326.6  343.3  327.6
  532.4   5392   -0.2   -7.2     59   4.21    121    8.3  326.8  341.1  327.6
  531.5   5405   -0.1  -10.0     47   3.38    121    8.3  327.1  338.7  327.8
  530.7   5416   -0.1  -10.3     46   3.30    120    8.3  327.3  338.6  327.9
  530.0   5428   -0.1  -10.4     46   3.28    119    8.4  327.3  338.6  327.9
  529.3   5438   -0.2  -10.9     44   3.14    118    8.4  327.3  338.2  328.0
  528.5   5449   -0.3  -11.4     43   3.04    117    8.5  327.4  337.9  328.0
  527.7   5462   -0.3  -12.3     40   2.83    116    8.5  327.5  337.3  328.0
  526.8   5475   -0.4  -12.0     41   2.91    116    8.6  327.6  337.7  328.2
  526.0   5488   -0.5  -10.6     46   3.25    116    8.6  327.6  338.8  328.2
  525.3   5499   -0.7   -8.7     55   3.79    115    8.7  327.5  340.5  328.3
  524.5   5510   -0.8   -6.4     66   4.55    115    8.7  327.5  342.9  328.4
  523.8   5522   -0.9   -6.7     65   4.42    116    8.7  327.4  342.5  328.3
  522.9   5535   -1.0   -6.9     65   4.39    116    8.7  327.5  342.4  328.3
  522.1   5547   -1.2   -7.0     65   4.36    116    8.8  327.5  342.3  328.4
  521.4   5559   -1.2   -7.0     65   4.35    117    8.7  327.5  342.3  328.4
  520.6   5570   -1.3   -7.1     65   4.33    117    8.7  327.6  342.3  328.4
  519.8   5582   -1.3   -7.8     62   4.11    118    8.7  327.7  341.8  328.5
  519.1   5594   -1.3   -8.2     60   3.98    118    8.7  327.8  341.4  328.6
  518.3   5606   -1.4   -8.6     58   3.87    119    8.6  327.9  341.1  328.6
  517.5   5618   -1.5   -8.6     58   3.86    119    8.6  327.9  341.1  328.7
  516.7   5631   -1.6   -9.0     57   3.75    119    8.5  328.0  340.8  328.7
  515.9   5642   -1.6  -11.2     48   3.16    120    8.5  328.1  339.0  328.7
  515.1   5655   -1.5  -13.2     41   2.70    120    8.4  328.4  337.8  328.9
  514.3   5667   -1.5  -11.9     45   3.00    120    8.3  328.5  339.0  329.1
  513.6   5679   -1.5  -12.3     44   2.90    120    8.2  328.6  338.7  329.2
  512.8   5691   -1.6  -12.7     42   2.82    120    8.2  328.7  338.5  329.3
  512.0   5704   -1.6  -13.1     41   2.72    121    8.1  328.8  338.3  329.3
  511.2   5716   -1.7  -13.5     40   2.65    121    8.1  328.8  338.1  329.4
  510.4   5728   -1.8  -12.6     43   2.84    120    8.0  328.9  338.8  329.4
  509.6   5741   -1.9  -11.6     48   3.10    120    8.0  328.9  339.7  329.5
  508.7   5754   -2.0  -11.5     48   3.13    120    8.0  328.9  339.8  329.5
  507.9   5768   -2.1  -11.3     49   3.17    120    8.1  329.0  340.0  329.6
  507.1   5780   -2.1  -11.9     47   3.03    120    8.2  329.0  339.6  329.7
  506.2   5793   -2.1  -13.1     43   2.77    120    8.2  329.2  338.9  329.8
  505.5   5805   -2.1  -13.0     43   2.80    120    8.4  329.3  339.1  329.9
  504.7   5818   -2.1  -10.9     51   3.30    120    8.5  329.5  340.9  330.1
  503.8   5831   -2.2  -11.6     49   3.14    121    8.6  329.6  340.5  330.2
  503.0   5845   -2.2  -12.1     47   3.01    121    8.7  329.7  340.2  330.3
  502.2   5857   -2.3  -11.9     48   3.08    121    8.9  329.7  340.5  330.3
  501.4   5870   -2.4  -11.7     49   3.12    122    9.0  329.8  340.7  330.4
  500.6   5882   -2.4  -11.4     50   3.21    123    9.1  329.9  341.1  330.5
  500.0   5892   -2.5  -11.0     52   3.32    123    9.1  330.0  341.5  330.6
  499.9   5893   -2.5  -10.9     52   3.33    123    9.2  330.0  341.6  330.6
  499.2   5905   -2.5  -10.1     56   3.56    124    9.2  330.1  342.4  330.8
  498.4   5918   -2.5   -9.7     58   3.68    125    9.3  330.2  342.9  330.9
  497.6   5930   -2.6   -9.7     58   3.69    126    9.3  330.2  343.0  331.0
  496.8   5943   -2.7   -9.8     58   3.67    126    9.3  330.3  343.0  331.0
  496.0   5955   -2.7  -10.0     57   3.62    127    9.3  330.4  343.0  331.1
  495.3   5967   -2.8  -10.0     58   3.61    127    9.2  330.4  343.0  331.2
  494.6   5979   -2.9  -10.0     58   3.61    128    9.2  330.5  343.0  331.2
  493.9   5990   -3.0  -10.2     57   3.57    128    9.2  330.5  342.9  331.2
  493.1   6001   -3.0  -10.3     57   3.56    128    9.1  330.6  343.0  331.3
  492.4   6014   -3.2  -10.2     58   3.60    129    9.1  330.6  343.0  331.3
  491.6   6027   -3.3  -10.1     59   3.61    129    9.1  330.6  343.1  331.3
  490.7   6040   -3.4  -10.2     59   3.58    130    9.1  330.6  343.0  331.3
  489.9   6054   -3.5  -10.2     60   3.59    130    9.1  330.6  343.1  331.3
  489.1   6067   -3.6  -10.3     60   3.59    131    9.1  330.6  343.1  331.3
  488.3   6079   -3.8  -10.3     60   3.58    131    9.2  330.6  343.0  331.3
  487.6   6091   -3.9  -10.3     61   3.59    131    9.3  330.6  343.1  331.3
  486.9   6103   -4.0  -10.3     61   3.60    132    9.4  330.6  343.1  331.3
  486.1   6115   -4.1  -10.4     62   3.58    132    9.6  330.6  343.0  331.3
  485.4   6127   -4.2  -10.3     62   3.60    133    9.8  330.6  343.1  331.3
  484.7   6138   -4.3  -10.3     63   3.60    133   10.0  330.6  343.1  331.3
  483.9   6150   -4.4  -10.4     63   3.58    133   10.3  330.6  343.1  331.4
  483.2   6162   -4.5  -10.3     64   3.61    133   10.6  330.7  343.2  331.4
  482.4   6175   -4.6  -10.2     65   3.67    133   10.9  330.8  343.5  331.5
  481.7   6186   -4.6  -10.1     65   3.70    134   11.2  330.9  343.7  331.6
  481.1   6196   -4.6  -10.3     64   3.63    134   11.4  331.0  343.6  331.7
  480.5   6206   -4.7  -10.5     64   3.60    134   11.6  331.0  343.5  331.8
  479.8   6218   -4.8  -10.6     64   3.58    135   11.8  331.1  343.5  331.8
  479.1   6230   -4.8  -10.7     63   3.55    135   11.9  331.1  343.5  331.8
  478.3   6242   -4.9  -10.7     64   3.55    135   12.0  331.2  343.6  331.9
  477.5   6255   -4.9  -10.8     63   3.52    136   12.0  331.3  343.6  332.0
  476.7   6269   -5.0  -10.8     64   3.54    137   11.9  331.3  343.7  332.0
  475.8   6283   -5.2  -10.9     64   3.52    137   11.8  331.3  343.6  332.1
  475.1   6296   -5.3  -10.7     66   3.58    137   11.7  331.3  343.8  332.0
  474.3   6308   -5.4   -8.9     77   4.13    138   11.5  331.3  345.6  332.1
  473.6   6320   -5.6   -7.6     85   4.57    138   11.3  331.3  347.0  332.2
  473.0   6331   -5.7   -7.1     89   4.76    138   11.1  331.3  347.6  332.2
  472.3   6342   -5.7   -7.1     90   4.77    138   10.9  331.4  347.7  332.3
  471.6   6353   -5.8   -7.1     91   4.79    138   10.7  331.4  347.9  332.4
  470.9   6364   -5.8   -7.1     90   4.77    138   10.5  331.5  347.9  332.4
  470.2   6376   -5.9   -7.1     91   4.79    137   10.4  331.5  348.0  332.5
  469.5   6388   -6.0   -7.2     91   4.77    137   10.3  331.6  348.0  332.5
  468.8   6401   -6.0   -7.4     90   4.71    136   10.2  331.6  347.9  332.6
  468.0   6413   -6.1   -7.6     89   4.64    135   10.2  331.7  347.7  332.7
  467.3   6426   -6.2   -7.6     89   4.62    134   10.2  331.8  347.7  332.7
  466.5   6438   -6.3   -7.7     90   4.61    134   10.2  331.8  347.7  332.8
  465.8   6451   -6.3   -7.8     89   4.57    133   10.2  331.9  347.7  332.8
  465.0   6464   -6.2   -7.8     89   4.59    132   10.2  332.2  348.0  333.1
  464.3   6476   -6.3   -7.9     88   4.57    132   10.3  332.3  348.1  333.2
  463.5   6489   -6.3   -8.0     88   4.54    132   10.3  332.4  348.1  333.3
  462.8   6501   -6.3   -8.3     85   4.42    131   10.3  332.6  347.9  333.5
  462.1   6513   -6.1   -9.3     78   4.10    131   10.3  332.9  347.2  333.7
  461.4   6525   -5.9   -9.7     74   3.97    131   10.4  333.3  347.2  334.1
  460.7   6537   -6.0   -9.6     76   4.03    130   10.4  333.4  347.4  334.2
  460.0   6549   -6.1   -9.5     77   4.05    130   10.3  333.4  347.5  334.2
  459.2   6562   -6.2   -9.5     78   4.07    130   10.3  333.4  347.6  334.2
  458.5   6575   -6.3   -9.4     79   4.11    130   10.3  333.4  347.7  334.2
  457.8   6586   -6.5   -9.1     82   4.22    130   10.3  333.4  348.1  334.2
  457.1   6598   -6.6   -8.9     83   4.27    130   10.3  333.4  348.3  334.3
  456.5   6609   -6.6   -9.0     83   4.25    130   10.2  333.4  348.2  334.3
  455.9   6618   -6.7   -9.2     83   4.20    130   10.2  333.5  348.1  334.3
  455.3   6629   -6.8   -8.9     85   4.31    130   10.2  333.5  348.6  334.4
  454.6   6641   -6.8   -8.6     87   4.41    131   10.2  333.6  349.0  334.5
  453.9   6653   -6.9   -8.6     87   4.40    131   10.2  333.7  349.0  334.6
  453.3   6663   -6.9   -8.7     87   4.39    131   10.2  333.7  349.0  334.6
  452.7   6674   -7.0   -8.8     87   4.37    131   10.2  333.7  348.9  334.6
  452.0   6685   -7.0   -9.0     86   4.29    131   10.2  333.9  348.9  334.8
  451.3   6697   -7.0   -9.3     84   4.21    132   10.2  334.0  348.7  334.9
  450.6   6710   -7.0   -9.6     82   4.12    132   10.1  334.2  348.6  335.0
  449.9   6722   -7.1   -9.9     80   4.02    132   10.1  334.3  348.4  335.1
  449.3   6732   -7.1  -10.6     76   3.82    133   10.1  334.4  347.8  335.2
  448.7   6743   -7.0  -11.6     70   3.52    134   10.0  334.6  347.1  335.4
  448.0   6756   -7.0  -12.1     67   3.38    134    9.9  334.8  346.8  335.5
  447.2   6769   -7.0  -11.7     69   3.51    135    9.8  335.0  347.3  335.7
  446.4   6783   -7.1  -11.6     70   3.54    136    9.6  335.0  347.5  335.7
  445.7   6796   -7.2  -11.5     72   3.58    137    9.5  335.0  347.6  335.7
  445.1   6807   -7.3  -11.2     73   3.66    138    9.4  335.1  348.0  335.8
  444.5   6817   -7.3  -11.1     74   3.70    139    9.2  335.1  348.1  335.9
  443.9   6828   -7.4  -11.0     75   3.73    140    9.1  335.2  348.3  335.9
  443.2   6840   -7.5  -11.2     75   3.67    141    9.0  335.2  348.2  336.0
  442.5   6851   -7.5  -11.6     73   3.58    142    8.9  335.3  347.9  336.0
  441.9   6862   -7.6  -12.0     71   3.46    143    8.8  335.4  347.6  336.1
  441.2   6874   -7.6  -12.6     68   3.31    144    8.8  335.5  347.2  336.1
  440.6   6885   -7.6  -13.3     63   3.11    145    8.8  335.6  346.7  336.2
  440.0   6896   -7.6  -13.6     62   3.05    146    8.8  335.7  346.6  336.3
  439.3   6909   -7.7  -13.7     62   3.03    147    8.8  335.8  346.6  336.4
  438.5   6922   -7.8  -14.1     61   2.95    148    8.9  335.8  346.4  336.4
  437.8   6934   -7.9  -14.3     60   2.90    149    8.9  335.9  346.3  336.5
  437.1   6946   -8.0  -14.3     60   2.90    150    9.0  335.9  346.3  336.5
  436.4   6960   -8.1  -14.3     61   2.90    151    9.0  335.9  346.3  336.5
  435.7   6972   -8.2  -14.2     62   2.92    151    9.0  335.9  346.4  336.5
  435.0   6984   -8.3  -14.2     62   2.93    151    9.0  336.0  346.5  336.6
  434.4   6996   -8.4  -14.2     63   2.94    151    9.0  336.0  346.5  336.6
  433.7   7008   -8.5  -14.2     63   2.94    151    8.9  336.0  346.5  336.6
  433.0   7020   -8.6  -14.3     63   2.92    150    8.9  336.0  346.5  336.6
  432.4   7031   -8.7  -14.4     64   2.92    149    8.8  336.0  346.4  336.6
  431.6   7045   -8.8  -14.1     66   2.98    148    8.7  336.0  346.7  336.6
  430.9   7059   -8.9  -13.9     67   3.03    147    8.7  336.1  346.9  336.7
  430.3   7070   -9.0  -14.5     64   2.89    146    8.6  336.1  346.5  336.7
  429.7   7079   -9.0  -15.8     58   2.60    145    8.6  336.2  345.6  336.7
  429.3   7088   -9.1  -16.7     54   2.42    144    8.7  336.2  345.0  336.7
  428.7   7097   -9.1  -17.2     52   2.32    143    8.7  336.3  344.7  336.8
  428.1   7108   -9.2  -16.9     53   2.38    143    8.8  336.3  344.9  336.8
  427.5   7119   -9.3  -14.9     64   2.82    143    8.9  336.4  346.5  336.9
  426.9   7131   -9.3  -14.6     66   2.91    143    9.0  336.4  346.8  337.0
  426.3   7142   -9.4  -14.8     65   2.86    143    9.1  336.5  346.7  337.1
  425.7   7153   -9.5  -14.6     66   2.90    144    9.2  336.5  346.9  337.1
  424.9   7166   -9.5  -14.7     66   2.89    144    9.4  336.6  347.0  337.2
  424.0   7182   -9.6  -15.9     60   2.62    145    9.5  336.7  346.2  337.3
  423.2   7198   -9.7  -17.7     52   2.25    145    9.6  336.9  345.0  337.3
  422.5   7210   -9.7  -18.4     49   2.12    145    9.7  337.0  344.7  337.4
  421.9   7222   -9.8  -17.9     52   2.22    146    9.7  337.0  345.1  337.5
  421.2   7234   -9.9  -18.1     51   2.19    146    9.8  337.1  345.0  337.5
  420.6   7245   -9.9  -18.4     50   2.14    145    9.8  337.1  344.9  337.5
  420.1   7255  -10.0  -19.2     47   1.99    145    9.8  337.1  344.4  337.5
  419.5   7265  -10.1  -19.9     44   1.88    145    9.8  337.2  344.1  337.6
  419.0   7274  -10.1  -19.9     45   1.89    144    9.7  337.2  344.2  337.6
  418.5   7284  -10.2  -19.4     47   1.97    144    9.7  337.2  344.5  337.6
  417.9   7295  -10.3  -19.3     48   2.00    143    9.6  337.3  344.6  337.7
  417.3   7306  -10.4  -19.3     48   1.99    143    9.6  337.3  344.6  337.7
  416.6   7318  -10.5  -18.7     51   2.10    143    9.6  337.3  345.0  337.8
  415.9   7332  -10.6  -18.3     53   2.18    143    9.5  337.4  345.3  337.8
  415.1   7346  -10.6  -18.2     54   2.20    143    9.5  337.5  345.5  337.9
  414.4   7359  -10.7  -18.6     53   2.14    143    9.5  337.5  345.3  338.0
  413.8   7371  -10.8  -18.8     52   2.09    143    9.5  337.5  345.2  338.0
  413.2   7382  -10.9  -19.5     49   1.98    143    9.6  337.6  344.8  338.0
  412.7   7392  -11.0  -20.5     46   1.82    144    9.6  337.6  344.3  337.9
  412.0   7403  -11.1  -22.0     40   1.60    144    9.6  337.6  343.6  338.0
  411.4   7415  -11.1  -22.6     38   1.52    145    9.7  337.7  343.4  338.0
  410.9   7425  -11.2  -20.7     45   1.79    145    9.8  337.7  344.3  338.1
  410.3   7435  -11.3  -18.8     54   2.13    145    9.9  337.8  345.5  338.2
  409.8   7446  -11.3  -19.5     51   1.99    146   10.0  337.8  345.1  338.2
  409.2   7457  -11.4  -20.1     49   1.90    146   10.1  337.9  344.9  338.3
  408.6   7469  -11.5  -20.2     49   1.89    147   10.2  337.9  344.9  338.3
  407.9   7481  -11.6  -20.8     46   1.79    147   10.4  338.0  344.6  338.3
  407.3   7493  -11.7  -21.4     44   1.70    147   10.5  338.0  344.3  338.3
  406.6   7505  -11.7  -20.2     49   1.89    147   10.6  338.1  345.0  338.4
  405.9   7518  -11.9  -18.4     58   2.21    148   10.8  338.1  346.1  338.5
  405.2   7531  -11.9  -17.6     63   2.37    148   10.9  338.1  346.7  338.6
  404.6   7544  -12.0  -17.7     63   2.36    147   11.1  338.1  346.7  338.6
  403.9   7556  -12.1  -17.6     64   2.38    147   11.2  338.2  346.8  338.7
  403.3   7568  -12.2  -17.3     66   2.44    147   11.3  338.2  347.1  338.7
  402.6   7582  -12.3  -16.9     68   2.53    147   11.4  338.3  347.5  338.8
  401.9   7594  -12.4  -16.6     71   2.60    146   11.4  338.4  347.8  338.9
  401.4   7605  -12.5  -16.2     74   2.71    146   11.4  338.4  348.2  338.9
  400.8   7616  -12.6  -15.2     81   2.93    146   11.4  338.4  348.9  339.0
  400.1   7628  -12.7  -14.3     87   3.16    146   11.4  338.4  349.8  339.1
  400.0   7631  -12.7  -14.2     88   3.19    146   11.3  338.4  349.9  339.1
  399.5   7641  -12.8  -13.8     92   3.32    146   11.3  338.4  350.3  339.1
  398.8   7653  -12.9  -13.6     94   3.37    146   11.1  338.5  350.5  339.2
  398.3   7664  -12.9  -13.5     96   3.40    146   10.9  338.5  350.7  339.2
  397.6   7676  -13.1  -13.5     96   3.41    146   10.7  338.5  350.7  339.2
  396.8   7691  -13.2  -13.5     97   3.40    147   10.5  338.6  350.7  339.3
  396.0   7706  -13.2  -13.7     96   3.35    147   10.3  338.7  350.7  339.4
  395.4   7719  -13.2  -14.0     94   3.28    148   10.2  338.8  350.6  339.5
  394.8   7730  -13.2  -14.2     92   3.24    148   10.0  339.0  350.7  339.7
  394.2   7742  -13.3  -14.3     92   3.23    148    9.9  339.1  350.7  339.7
  393.6   7754  -13.3  -14.5     91   3.17    148    9.9  339.1  350.5  339.8
  392.9   7767  -13.4  -14.9     88   3.06    148    9.9  339.2  350.2  339.8
  392.2   7781  -13.5  -14.7     91   3.13    148    9.9  339.2  350.5  339.9
  391.5   7793  -13.6  -14.8     91   3.12    148   10.0  339.3  350.5  339.9
  391.0   7804  -13.7  -15.1     89   3.05    148   10.2  339.3  350.3  339.9
  390.4   7815  -13.8  -14.8     92   3.11    147   10.4  339.3  350.6  340.0
  389.9   7826  -13.9  -14.5     95   3.19    147   10.6  339.3  350.8  339.9
  389.3   7836  -14.0  -14.4     97   3.23    147   10.8  339.3  350.9  340.0
  388.9   7846  -14.1  -14.5     96   3.20    146   11.0  339.3  350.9  340.0
  388.4   7855  -14.1  -14.9     94   3.11    146   11.2  339.5  350.7  340.1
  387.9   7865  -14.1  -15.1     92   3.06    146   11.4  339.5  350.6  340.2
  387.3   7875  -14.2  -15.1     93   3.07    146   11.6  339.6  350.7  340.2
  386.8   7886  -14.3  -15.0     94   3.09    147   11.7  339.6  350.8  340.2
  386.2   7897  -14.3  -15.0     95   3.10    147   11.8  339.6  350.8  340.3
  385.7   7907  -14.4  -15.3     93   3.04    147   11.9  339.7  350.7  340.3
  385.2   7918  -14.5  -15.5     91   2.97    147   11.9  339.7  350.5  340.4
  384.6   7929  -14.5  -15.5     92   2.99    147   12.0  339.8  350.6  340.4
  384.0   7941  -14.6  -15.6     92   2.97    147   11.9  339.9  350.6  340.5
  383.4   7953  -14.6  -15.8     91   2.92    147   11.9  340.0  350.5  340.6
  382.7   7966  -14.7  -16.0     90   2.89    147   11.9  340.0  350.5  340.6
  382.1   7979  -14.8  -16.4     88   2.79    148   11.8  340.1  350.2  340.6
  381.5   7990  -14.8  -17.4     81   2.57    148   11.7  340.2  349.5  340.7
  381.1   7999  -14.9  -18.3     75   2.38    148   11.7  340.2  349.0  340.7
  380.7   8007  -14.9  -17.9     78   2.46    148   11.6  340.3  349.3  340.8
  380.2   8016  -15.0  -17.8     79   2.48    149   11.6  340.2  349.3  340.8
  379.7   8027  -15.2  -17.9     80   2.48    149   11.5  340.2  349.3  340.7
  379.0   8040  -15.3  -18.2     78   2.42    150   11.5  340.3  349.1  340.8
  378.5   8051  -15.3  -19.1     73   2.24    150   11.4  340.3  348.6  340.8
  378.0   8060  -15.4  -19.8     69   2.10    151   11.3  340.4  348.1  340.8
  377.5   8070  -15.5  -19.7     70   2.12    151   11.3  340.4  348.2  340.8
  377.0   8080  -15.5  -19.9     69   2.10    151   11.2  340.4  348.2  340.8
  376.6   8089  -15.5  -20.5     66   1.99    151   11.1  340.5  347.9  340.9
  376.0   8100  -15.5  -21.3     61   1.86    151   11.0  340.7  347.7  341.1
  375.5   8110  -15.5  -21.5     60   1.84    151   10.9  340.8  347.7  341.2
  374.9   8122  -15.6  -21.7     59   1.80    151   10.8  340.8  347.5  341.2
  374.3   8135  -15.7  -22.1     58   1.74    151   10.7  340.9  347.4  341.2
  373.6   8148  -15.8  -22.6     56   1.67    151   10.6  340.9  347.2  341.3
  373.0   8162  -15.9  -23.1     54   1.60    151   10.5  341.0  347.0  341.3
  372.3   8175  -15.9  -23.5     52   1.54    151   10.4  341.1  346.9  341.4
  371.7   8187  -16.0  -24.3     49   1.44    151   10.4  341.1  346.6  341.4
  371.1   8200  -16.1  -24.8     47   1.38    151   10.3  341.2  346.4  341.5
  370.4   8214  -16.2  -24.6     48   1.41    152   10.3  341.3  346.6  341.6
  369.7   8227  -16.3  -24.5     49   1.42    152   10.2  341.3  346.7  341.6
  369.0   8242  -16.4  -24.6     49   1.42    153   10.2  341.4  346.8  341.7
  368.3   8256  -16.4  -25.2     47   1.35    153   10.2  341.6  346.7  341.8
  367.7   8270  -16.3  -26.2     43   1.23    154   10.1  341.8  346.5  342.0
  367.0   8283  -16.4  -26.4     42   1.21    154   10.1  341.9  346.5  342.2
  366.3   8297  -16.4  -26.4     42   1.22    155   10.1  342.0  346.7  342.3
  365.8   8309  -16.5  -26.3     43   1.23    155   10.0  342.1  346.8  342.3
  365.2   8320  -16.6  -26.3     43   1.23    155    9.9  342.1  346.8  342.4
  364.6   8332  -16.7  -26.2     43   1.24    155    9.8  342.2  346.9  342.4
  363.9   8346  -16.8  -26.1     44   1.26    155    9.7  342.2  347.0  342.5
  363.3   8359  -16.9  -26.1     45   1.26    154    9.5  342.2  347.0  342.5
  362.7   8371  -17.0  -26.3     44   1.24    154    9.3  342.3  347.0  342.5
  362.2   8383  -17.1  -26.2     45   1.25    153    9.1  342.2  347.0  342.5
  361.6   8395  -17.2  -25.8     47   1.30    152    8.9  342.2  347.2  342.5
  361.0   8408  -17.3  -25.6     49   1.33    151    8.7  342.3  347.3  342.5
  360.3   8422  -17.4  -25.9     48   1.29    151    8.4  342.3  347.2  342.6
  359.5   8437  -17.6  -26.1     47   1.27    150    8.2  342.3  347.2  342.6
  358.8   8452  -17.7  -26.2     47   1.26    149    7.9  342.4  347.2  342.7
  358.1   8467  -17.8  -26.6     46   1.21    148    7.7  342.5  347.1  342.7
  357.6   8478  -17.8  -27.0     44   1.17    147    7.5  342.5  347.0  342.8
  357.2   8486  -17.8  -27.2     44   1.16    147    7.3  342.7  347.1  342.9
  356.7   8497  -17.8  -27.5     42   1.13    146    7.1  342.8  347.2  343.1
  356.1   8510  -17.9  -27.6     42   1.12    146    6.9  342.9  347.2  343.1
  355.5   8523  -18.0  -27.6     43   1.12    145    6.8  342.9  347.2  343.1
  354.9   8534  -18.1  -27.7     43   1.11    145    6.7  342.9  347.2  343.2
  354.3   8547  -18.2  -27.9     42   1.09    145    6.6  343.0  347.2  343.2
  353.8   8558  -18.2  -27.8     43   1.10    144    6.6  343.0  347.3  343.3
  353.2   8569  -18.2  -27.3     45   1.16    144    6.5  343.2  347.7  343.5
  352.7   8580  -18.2  -26.9     46   1.20    143    6.5  343.4  348.0  343.7
  352.2   8591  -18.3  -27.1     46   1.18    143    6.5  343.4  348.0  343.7
  351.7   8602  -18.4  -27.6     44   1.13    142    6.4  343.4  347.8  343.7
  351.2   8613  -18.4  -27.7     44   1.13    142    6.4  343.5  347.8  343.7
  350.6   8626  -18.6  -27.3     46   1.17    141    6.4  343.5  347.9  343.7
  349.9   8640  -18.7  -27.4     46   1.16    141    6.4  343.5  348.0  343.8
  349.3   8653  -18.8  -27.4     47   1.16    140    6.4  343.5  348.0  343.7
  348.7   8666  -18.9  -27.6     46   1.14    140    6.3  343.5  347.9  343.7
  348.1   8679  -19.0  -27.7     47   1.14    139    6.3  343.5  347.9  343.8
  347.5   8692  -19.2  -27.6     47   1.15    139    6.3  343.5  347.9  343.8
  346.8   8706  -19.3  -27.6     48   1.15    139    6.3  343.5  348.0  343.8
  346.2   8720  -19.4  -27.7     48   1.14    139    6.3  343.6  347.9  343.8
  345.6   8732  -19.5  -27.9     48   1.12    138    6.3  343.6  347.9  343.8
  345.0   8744  -19.6  -28.1     47   1.10    138    6.3  343.6  347.8  343.8
  344.4   8758  -19.8  -28.2     47   1.09    138    6.3  343.6  347.8  343.8
  343.8   8772  -19.9  -28.3     47   1.08    138    6.3  343.6  347.8  343.8
  343.2   8784  -20.0  -28.4     47   1.07    138    6.3  343.6  347.7  343.8
  342.7   8794  -20.1  -28.4     48   1.08    138    6.3  343.6  347.7  343.8
  342.3   8804  -20.2  -28.5     48   1.07    137    6.3  343.6  347.7  343.8
  341.8   8814  -20.3  -28.5     48   1.07    137    6.3  343.6  347.8  343.8
  341.3   8824  -20.4  -28.3     49   1.09    137    6.3  343.6  347.8  343.8
  340.9   8834  -20.5  -28.3     50   1.09    137    6.3  343.6  347.8  343.8
  340.4   8844  -20.6  -28.4     50   1.09    138    6.3  343.6  347.8  343.8
  340.0   8853  -20.7  -28.4     50   1.09    138    6.3  343.6  347.8  343.9
  339.6   8861  -20.7  -28.2     51   1.10    138    6.4  343.6  347.9  343.9
  339.2   8871  -20.8  -28.0     53   1.13    139    6.5  343.6  348.0  343.9
  338.7   8881  -20.9  -27.8     54   1.15    139    6.6  343.7  348.1  343.9
  338.3   8890  -21.0  -28.0     53   1.13    140    6.7  343.7  348.0  343.9
  337.8   8901  -21.1  -28.0     54   1.13    141    6.8  343.7  348.0  343.9
  337.3   8912  -21.2  -27.9     55   1.14    141    7.0  343.7  348.1  343.9
  336.7   8926  -21.3  -27.9     55   1.15    142    7.2  343.7  348.1  344.0
  336.1   8938  -21.4  -28.0     55   1.14    143    7.3  343.7  348.1  344.0
  335.6   8950  -21.5  -28.2     55   1.12    144    7.5  343.7  348.1  344.0
  335.1   8961  -21.6  -28.3     55   1.11    145    7.7  343.8  348.0  344.0
  334.6   8971  -21.7  -28.4     55   1.10    145    7.9  343.8  348.0  344.0
  334.2   8981  -21.8  -28.4     55   1.11    146    8.1  343.8  348.1  344.0
  333.8   8990  -21.8  -28.6     54   1.09    147    8.2  343.9  348.1  344.1
  333.4   8999  -21.8  -29.3     51   1.02    148    8.3  344.0  347.9  344.2
  333.0   9008  -21.8  -29.7     49   0.98    148    8.4  344.1  347.9  344.3
  332.6   9017  -21.9  -30.0     48   0.95    149    8.5  344.1  347.8  344.3
  332.1   9026  -21.9  -30.6     46   0.91    149    8.5  344.2  347.7  344.4
  331.6   9037  -22.0  -31.3     43   0.85    150    8.5  344.3  347.6  344.5
  331.2   9046  -22.0  -31.8     41   0.81    150    8.5  344.4  347.6  344.5
  330.8   9055  -22.0  -32.1     40   0.79    150    8.5  344.5  347.6  344.6
  330.4   9065  -22.1  -32.2     39   0.78    150    8.4  344.5  347.6  344.7
  329.9   9076  -22.1  -32.4     39   0.76    150    8.3  344.6  347.6  344.7
  329.4   9086  -22.2  -32.9     37   0.73    150    8.1  344.6  347.5  344.8
  328.9   9097  -22.3  -33.2     36   0.71    150    8.0  344.7  347.5  344.9
  328.4   9109  -22.3  -33.4     36   0.69    149    7.8  344.8  347.5  344.9
  327.8   9122  -22.4  -33.6     36   0.69    150    7.5  344.8  347.6  345.0
  327.3   9134  -22.5  -33.6     36   0.69    150    7.3  344.8  347.6  345.0
  326.8   9146  -22.6  -33.4     37   0.70    150    7.1  344.9  347.6  345.0
  326.3   9157  -22.7  -33.1     38   0.72    151    6.8  344.9  347.8  345.0
  325.7   9169  -22.8  -33.4     37   0.70    152    6.6  345.0  347.8  345.1
  325.2   9182  -22.8  -33.9     36   0.67    153    6.4  345.0  347.7  345.2
  324.6   9194  -22.9  -34.1     35   0.66    155    6.2  345.2  347.8  345.3
  324.1   9206  -23.0  -34.3     35   0.65    157    6.0  345.2  347.8  345.3
  323.5   9219  -23.1  -34.2     35   0.65    158    5.8  345.2  347.9  345.4
  323.0   9231  -23.2  -34.2     36   0.65    160    5.7  345.2  347.8  345.4
  322.5   9243  -23.2  -34.3     35   0.65    162    5.5  345.3  347.9  345.4
  322.0   9253  -23.3  -34.5     35   0.64    164    5.4  345.4  347.9  345.5
  321.6   9263  -23.4  -34.2     36   0.66    165    5.2  345.4  348.0  345.5
  321.1   9273  -23.4  -33.6     39   0.70    166    5.1  345.4  348.2  345.6
  320.7   9283  -23.5  -34.4     36   0.65    167    4.9  345.5  348.0  345.6
  320.2   9294  -23.6  -34.9     35   0.62    168    4.8  345.5  348.0  345.7
  319.8   9303  -23.7  -33.8     39   0.69    169    4.6  345.6  348.3  345.7
  319.4   9314  -23.7  -33.6     40   0.70    170    4.4  345.6  348.4  345.7
  318.8   9326  -23.8  -34.0     38   0.68    170    4.3  345.6  348.3  345.8
  318.3   9338  -23.9  -33.8     40   0.69    171    4.2  345.6  348.4  345.8
  317.8   9350  -24.0  -32.8     44   0.76    171    4.1  345.7  348.7  345.8
  317.4   9359  -24.0  -31.9     48   0.84    172    4.0  345.8  349.1  346.0
  317.0   9369  -24.0  -32.0     48   0.83    172    4.0  346.0  349.2  346.1
  316.5   9379  -24.1  -32.4     46   0.80    172    4.0  346.0  349.2  346.2
  315.9   9392  -24.2  -32.5     46   0.79    172    4.0  346.0  349.2  346.2
  315.4   9405  -24.3  -33.1     44   0.75    172    4.0  346.1  349.0  346.2
  314.9   9416  -24.3  -34.7     37   0.64    171    4.0  346.2  348.7  346.3
  314.4   9427  -24.3  -35.6     34   0.58    170    4.0  346.4  348.8  346.5
  314.0   9438  -24.3  -34.8     37   0.64    169    4.0  346.4  349.0  346.6
  313.5   9448  -24.4  -34.5     39   0.66    168    4.0  346.5  349.1  346.6
  313.1   9458  -24.5  -33.2     44   0.74    166    4.0  346.4  349.4  346.6
  312.6   9469  -24.6  -32.9     46   0.77    164    3.9  346.5  349.5  346.6
  312.1   9481  -24.7  -34.5     40   0.66    162    3.9  346.5  349.2  346.7
  311.6   9493  -24.7  -36.4     33   0.54    160    3.9  346.7  348.9  346.8
  311.0   9506  -24.8  -36.2     34   0.56    158    3.8  346.8  349.0  346.9
  310.5   9519  -24.9  -34.8     39   0.64    156    3.8  346.8  349.4  346.9
  310.0   9529  -24.9  -34.9     39   0.64    154    3.8  346.8  349.4  347.0
  309.7   9538  -25.0  -35.7     36   0.59    153    3.8  346.9  349.2  347.0
  309.3   9546  -25.1  -37.6     30   0.49    152    3.9  346.9  348.9  347.0
  309.0   9555  -25.1  -39.2     26   0.41    151    3.9  347.0  348.7  347.1
  308.6   9563  -25.1  -39.3     25   0.41    151    4.0  347.0  348.7  347.1
  308.2   9572  -25.2  -38.8     27   0.43    150    4.0  347.1  348.8  347.2
  307.9   9581  -25.2  -38.8     27   0.43    150    4.1  347.1  348.9  347.2
  307.5   9590  -25.2  -39.0     27   0.43    150    4.2  347.2  349.0  347.3
  307.1   9599  -25.2  -39.1     26   0.42    149    4.3  347.4  349.1  347.4
  306.6   9610  -25.3  -39.2     26   0.42    148    4.5  347.4  349.1  347.5
  306.2   9619  -25.4  -38.9     27   0.43    147    4.6  347.5  349.2  347.6
  305.8   9629  -25.4  -38.1     30   0.47    146    4.7  347.5  349.4  347.6
  305.3   9641  -25.5  -37.8     31   0.49    145    4.9  347.6  349.6  347.7
  304.8   9652  -25.5  -37.6     31   0.49    143    5.1  347.7  349.7  347.8
  304.3   9664  -25.6  -37.1     33   0.52    142    5.2  347.8  349.9  347.9
  303.8   9676  -25.7  -36.7     35   0.54    140    5.4  347.8  350.0  347.9
  303.4   9686  -25.7  -36.9     35   0.54    139    5.5  347.9  350.0  348.0
  303.0   9695  -25.8  -37.0     34   0.53    137    5.6  347.9  350.0  348.0
  302.6   9706  -25.9  -37.3     33   0.51    136    5.7  347.9  350.0  348.1
  302.1   9717  -25.9  -39.2     28   0.42    135    5.8  348.1  349.8  348.2
  301.7   9727  -25.8  -42.5     19   0.30    134    5.8  348.3  349.5  348.3
  301.3   9737  -25.8  -43.6     17   0.27    134    5.8  348.4  349.5  348.5
  300.8   9748  -25.9  -43.0     19   0.29    133    5.7  348.5  349.7  348.5
  300.3   9761  -26.0  -42.4     20   0.31    133    5.7  348.5  349.8  348.6
  300.0   9768  -26.1  -42.3     20   0.31    133    5.7  348.5  349.8  348.6
  299.8   9773  -26.1  -42.3     20   0.31    133    5.6  348.5  349.8  348.6
  299.3   9786  -26.2  -42.3     21   0.31    134    5.6  348.5  349.8  348.6
  298.7   9799  -26.3  -42.5     20   0.30    134    5.5  348.6  349.8  348.6
  298.1   9814  -26.5  -42.6     20   0.30    135    5.6  348.6  349.9  348.7
  297.6   9827  -26.6  -42.5     21   0.30    136    5.6  348.6  349.9  348.7
  297.1   9837  -26.7  -42.7     21   0.30    138    5.7  348.6  349.9  348.7
  296.7   9847  -26.8  -42.8     20   0.29    139    5.8  348.6  349.9  348.7
  296.4   9856  -26.8  -43.1     20   0.29    140    6.0  348.7  349.9  348.7
  295.9   9867  -26.9  -43.0     20   0.29    141    6.1  348.7  349.9  348.8
  295.5   9878  -27.0  -42.9     21   0.29    142    6.3  348.7  349.9  348.7
  295.1   9887  -27.1  -42.9     21   0.29    142    6.5  348.7  349.9  348.8
  294.7   9896  -27.2  -43.0     21   0.29    143    6.7  348.7  350.0  348.8
  294.4   9904  -27.3  -43.1     21   0.29    143    6.8  348.7  349.9  348.8
  294.1   9910  -27.3  -43.3     20   0.28    143    6.9  348.7  349.9  348.8
  293.9   9915  -27.4  -43.3     21   0.28    144    7.0  348.6  349.8  348.7
  293.4   9929  -27.5  -43.2     21   0.29    144    7.1  348.7  349.9  348.7
  292.6   9947  -27.6  -43.2     21   0.29    144    7.2  348.8  350.0  348.8
  292.2   9959  -27.7  -43.4     21   0.28    144    7.2  348.8  350.0  348.9
  291.8   9967  -27.8  -43.5     21   0.28    144    7.2  348.8  350.0  348.9
  291.5   9975  -27.9  -43.6     21   0.28    144    7.2  348.9  350.0  348.9
  291.1   9984  -28.0  -43.7     21   0.28    144    7.3  348.8  350.0  348.9
  290.7   9995  -28.0  -43.7     21   0.27    144    7.3  348.9  350.0  348.9
  290.3  10006  -28.1  -43.7     21   0.27    144    7.4  348.9  350.0  348.9
  289.8  10017  -28.2  -43.5     22   0.28    144    7.4  348.9  350.1  349.0
  289.3  10029  -28.3  -43.1     23   0.30    144    7.5  348.9  350.2  349.0
  288.9  10040  -28.4  -42.3     25   0.32    144    7.6  348.9  350.3  349.0
  288.4  10052  -28.5  -42.0     26   0.33    144    7.7  349.0  350.4  349.0
  288.0  10063  -28.6  -42.0     26   0.33    144    7.8  349.0  350.3  349.0
  287.5  10073  -28.7  -42.2     26   0.33    144    7.9  349.0  350.4  349.1
  287.2  10083  -28.8  -43.1     24   0.30    145    8.0  349.1  350.3  349.1
  286.8  10091  -28.8  -44.6     20   0.25    145    8.1  349.1  350.2  349.2
  286.4  10101  -28.9  -44.6     20   0.25    146    8.3  349.2  350.2  349.2
  286.0  10113  -29.0  -44.4     21   0.26    146    8.4  349.2  350.3  349.2
  285.4  10126  -29.1  -44.4     21   0.26    147    8.5  349.2  350.3  349.3
  284.9  10138  -29.2  -44.4     22   0.26    147    8.6  349.3  350.4  349.3
  284.5  10149  -29.3  -44.4     22   0.26    148    8.7  349.3  350.4  349.3
  284.1  10159  -29.4  -44.4     22   0.26    148    8.8  349.3  350.4  349.3
  283.7  10170  -29.5  -44.5     22   0.26    149    8.9  349.3  350.4  349.3
  283.2  10181  -29.6  -44.7     22   0.25    149    9.0  349.3  350.4  349.4
  282.8  10192  -29.6  -45.1     21   0.24    149    9.1  349.3  350.4  349.4
  282.4  10203  -29.7  -45.4     20   0.23    149    9.2  349.4  350.4  349.5
  282.0  10213  -29.8  -45.6     20   0.23    150    9.2  349.4  350.4  349.5
  281.5  10224  -29.9  -45.5     20   0.23    150    9.2  349.5  350.5  349.5
  281.1  10236  -30.0  -45.4     21   0.24    150    9.2  349.5  350.5  349.5
  280.5  10250  -30.1  -45.3     21   0.24    150    9.2  349.5  350.5  349.6
  279.9  10264  -30.2  -45.6     21   0.23    150    9.1  349.6  350.5  349.6
  279.4  10278  -30.3  -45.8     21   0.23    150    9.1  349.6  350.5  349.6
  278.9  10291  -30.4  -45.8     21   0.23    150    9.0  349.6  350.6  349.6
  278.5  10301  -30.5  -46.1     20   0.22    151    8.9  349.6  350.6  349.7
  278.0  10314  -30.6  -46.7     19   0.21    151    8.8  349.7  350.5  349.7
  277.5  10328  -30.7  -47.4     18   0.19    152    8.7  349.7  350.5  349.8
  277.0  10339  -30.8  -47.8     17   0.18    153    8.6  349.7  350.5  349.8
  276.6  10351  -30.9  -48.3     16   0.17    153    8.5  349.8  350.5  349.8
  276.0  10364  -31.0  -49.8     14   0.15    154    8.4  349.9  350.5  349.9
  275.5  10379  -31.0  -49.9     14   0.15    155    8.3  350.0  350.6  350.0
  275.0  10392  -31.1  -47.9     18   0.18    156    8.2  350.0  350.8  350.1
  274.5  10403  -31.2  -47.3     19   0.20    157    8.1  350.1  350.9  350.1
  274.1  10415  -31.2  -47.0     20   0.20    157    8.0  350.1  351.0  350.2
  273.6  10426  -31.2  -47.7     18   0.19    158    8.0  350.4  351.2  350.4
  273.2  10437  -31.2  -48.7     16   0.17    159    7.9  350.6  351.3  350.6
  272.8  10448  -31.2  -48.0     18   0.18    160    7.9  350.7  351.5  350.7
  272.4  10457  -31.2  -43.9     27   0.28    161    7.9  350.8  352.0  350.8
  272.1  10467  -31.2  -39.5     44   0.46    161    7.9  350.9  352.8  351.0
  271.7  10477  -31.3  -38.1     51   0.53    162    7.9  351.0  353.1  351.1
  271.3  10486  -31.4  -38.4     50   0.51    163    8.0  351.0  353.1  351.1
  270.9  10496  -31.5  -38.5     50   0.51    163    8.0  351.0  353.1  351.1
  270.5  10508  -31.6  -38.2     52   0.52    164    8.1  351.0  353.1  351.1
  270.1  10519  -31.7  -37.9     54   0.54    164    8.1  351.0  353.2  351.1
  269.6  10532  -31.8  -37.9     54   0.54    164    8.1  351.0  353.2  351.1
  269.1  10545  -31.9  -37.5     57   0.56    164    8.2  351.0  353.3  351.2
  268.5  10559  -32.0  -37.0     61   0.60    164    8.1  351.1  353.6  351.3
  268.0  10572  -32.0  -36.9     62   0.60    164    8.1  351.2  353.7  351.4
  267.6  10583  -32.0  -37.4     59   0.57    163    8.0  351.4  353.7  351.5
  267.3  10593  -32.1  -37.9     56   0.55    162    7.9  351.4  353.7  351.5
  266.8  10604  -32.2  -38.5     54   0.52    161    7.8  351.4  353.6  351.6
  266.3  10617  -32.3  -39.9     47   0.45    160    7.6  351.5  353.3  351.6
  265.7  10633  -32.4  -42.8     35   0.33    159    7.4  351.6  352.9  351.6
  265.1  10650  -32.5  -44.6     29   0.27    158    7.2  351.6  352.8  351.7
  264.5  10666  -32.6  -47.2     22   0.20    156    7.0  351.7  352.6  351.7
  264.1  10678  -32.7  -50.2     16   0.15    155    6.7  351.8  352.4  351.8
  263.7  10687  -32.8  -51.3     14   0.13    154    6.5  351.8  352.4  351.8
  263.3  10697  -32.9  -51.3     14   0.13    153    6.3  351.8  352.4  351.8
  262.9  10709  -33.0  -51.6     14   0.12    151    6.1  351.8  352.3  351.8
  262.3  10723  -33.1  -52.9     12   0.11    150    6.0  351.8  352.3  351.8
  261.9  10736  -33.2  -53.8     11   0.10    149    5.9  351.8  352.2  351.8
  261.5  10746  -33.3  -54.1     11   0.09    149    5.8  351.8  352.2  351.8
  261.1  10756  -33.4  -54.1     11   0.09    148    5.7  351.8  352.2  351.8
  260.7  10768  -33.6  -53.8     11   0.10    147    5.7  351.8  352.2  351.8
  260.3  10778  -33.7  -54.6     10   0.09    146    5.8  351.8  352.2  351.8
  259.9  10788  -33.8  -55.1     10   0.08    145    5.8  351.8  352.2  351.8
  259.5  10799  -33.8  -54.9     10   0.09    144    5.9  351.8  352.2  351.8
  259.2  10809  -33.9  -56.0      9   0.07    142    5.9  351.9  352.2  351.9
  258.8  10819  -34.0  -57.2      8   0.06    141    6.0  351.9  352.2  352.0
  258.4  10830  -34.0  -58.1      7   0.06    140    6.0  352.0  352.3  352.0
  257.9  10843  -34.1  -57.9      7   0.06    138    6.1  352.0  352.3  352.1
  257.4  10856  -34.3  -57.5      8   0.06    137    6.1  352.0  352.3  352.1
  256.9  10870  -34.4  -57.3      8   0.06    135    6.1  352.0  352.3  352.0
  256.4  10883  -34.5  -57.2      8   0.07    134    6.1  352.0  352.3  352.1
  256.0  10896  -34.7  -57.3      8   0.06    133    6.1  352.0  352.3  352.0
  255.4  10911  -34.8  -57.3      8   0.06    132    6.1  352.0  352.3  352.0
  254.9  10925  -34.9  -57.5      8   0.06    131    6.1  352.0  352.3  352.0
  254.5  10937  -35.0  -58.0      8   0.06    130    6.1  352.0  352.3  352.1
  254.0  10950  -35.1  -59.0      7   0.05    129    6.1  352.1  352.3  352.1
  253.5  10963  -35.2  -59.7      6   0.05    129    6.1  352.2  352.4  352.2
  253.0  10976  -35.3  -60.2      6   0.05    128    6.1  352.2  352.4  352.2
  252.6  10989  -35.4  -60.3      6   0.05    128    6.1  352.2  352.4  352.2
  252.1  11001  -35.5  -60.2      6   0.05    127    6.1  352.2  352.5  352.3
  251.7  11013  -35.6  -60.2      6   0.05    126    6.1  352.2  352.5  352.3
  251.3  11024  -35.7  -60.2      6   0.05    126    6.1  352.3  352.5  352.3
  250.9  11036  -35.9  -60.3      6   0.05    125    6.1  352.2  352.4  352.2
  250.4  11049  -36.0  -60.4      6   0.04    124    6.1  352.3  352.5  352.3
  250.0  11060  -36.1  -60.3      6   0.05    124    6.1  352.2  352.5  352.2
  249.5  11074  -36.2  -60.5      6   0.04    121    6.0  352.2  352.4  352.2
  249.0  11089  -36.4  -60.8      6   0.04    120    6.0  352.3  352.5  352.3
  248.4  11104  -36.5  -60.8      6   0.04    119    5.9  352.3  352.5  352.3
  247.9  11117  -36.6  -61.0      6   0.04    117    5.8  352.4  352.6  352.4
  247.5  11129  -36.7  -61.1      6   0.04    116    5.8  352.4  352.6  352.4
  247.1  11141  -36.7  -60.6      7   0.04    114    5.7  352.5  352.7  352.5
  246.7  11153  -36.8  -60.6      7   0.04    113    5.6  352.5  352.7  352.5
  246.2  11165  -36.9  -60.8      7   0.04    112    5.6  352.6  352.8  352.6
  245.8  11179  -37.0  -60.7      7   0.04    112    5.5  352.5  352.7  352.6
  245.2  11193  -37.2  -60.5      7   0.05    111    5.5  352.6  352.8  352.6
  244.7  11208  -37.3  -60.3      7   0.05    111    5.5  352.6  352.8  352.6
  244.2  11223  -37.5  -60.4      7   0.05    111    5.5  352.6  352.8  352.6
  243.7  11238  -37.6  -60.4      7   0.05    111    5.6  352.6  352.8  352.6
  243.1  11252  -37.7  -60.2      8   0.05    111    5.6  352.6  352.9  352.7
  242.6  11269  -37.9  -59.7      8   0.05    111    5.6  352.6  352.8  352.6
  242.0  11285  -38.0  -59.8      8   0.05    112    5.6  352.6  352.9  352.7
  241.5  11298  -38.1  -60.1      8   0.05    112    5.6  352.7  352.9  352.7
  241.0  11314  -38.3  -60.1      8   0.05    112    5.6  352.6  352.9  352.6
  240.4  11330  -38.5  -59.9      9   0.05    112    5.5  352.6  352.9  352.7
  239.8  11347  -38.6  -59.8      9   0.05    111    5.4  352.7  352.9  352.7
  239.2  11364  -38.8  -59.8      9   0.05    111    5.3  352.7  352.9  352.7
  238.6  11381  -39.0  -59.9      9   0.05    110    5.2  352.7  352.9  352.7
  238.1  11398  -39.1  -59.9      9   0.05    109    5.1  352.6  352.8  352.6
  237.5  11414  -39.3  -60.0      9   0.05    108    5.0  352.6  352.9  352.6
  237.0  11429  -39.4  -60.0      9   0.05    106    4.9  352.6  352.8  352.6
  236.4  11445  -39.6  -59.8     10   0.05    104    4.7  352.6  352.9  352.7
  235.9  11460  -39.7  -59.5     10   0.05    102    4.6  352.6  352.9  352.7
  235.4  11474  -39.9  -59.6     10   0.05    100    4.6  352.7  352.9  352.7
  235.0  11485  -40.0  -59.9     10   0.05     98    4.5  352.7  352.9  352.7
  234.6  11497  -40.1  -59.6     11   0.05     96    4.4  352.7  352.9  352.7
  234.2  11509  -40.2  -59.3     11   0.05     94    4.4  352.6  352.9  352.6
  233.8  11522  -40.4  -59.2     12   0.06     93    4.3  352.6  352.9  352.6
  233.3  11535  -40.5  -58.9     12   0.06     91    4.3  352.6  352.9  352.6
  232.8  11551  -40.6  -58.3     13   0.06     90    4.3  352.6  352.9  352.6
  232.2  11567  -40.8  -57.9     14   0.07     90    4.2  352.7  353.0  352.7
  231.8  11580  -40.9  -58.1     14   0.06     90    4.2  352.7  353.0  352.7
  231.4  11590  -41.0  -58.4     14   0.06     91    4.2  352.7  353.0  352.7
  231.0  11602  -41.1  -58.1     14   0.06     92    4.2  352.7  353.0  352.7
  230.5  11617  -41.2  -57.4     16   0.07     93    4.2  352.7  353.0  352.7
  230.0  11632  -41.4  -56.6     18   0.08     95    4.2  352.7  353.1  352.8
  229.5  11648  -41.5  -56.5     18   0.08     97    4.2  352.8  353.2  352.8
  229.0  11663  -41.6  -57.0     17   0.07     99    4.3  352.8  353.2  352.8
  228.4  11679  -41.7  -57.6     16   0.07    101    4.4  352.9  353.2  352.9
  228.0  11692  -41.8  -58.1     15   0.07    103    4.5  352.9  353.2  352.9
  227.6  11702  -41.9  -58.7     14   0.06    104    4.6  352.9  353.2  353.0
  227.3  11712  -42.0  -59.2     14   0.06    106    4.7  353.0  353.2  353.0
  227.0  11722  -42.1  -59.6     13   0.05    107    4.8  353.0  353.2  353.0
  226.6  11733  -42.2  -59.9     13   0.05    108    4.9  353.0  353.2  353.0
  226.2  11744  -42.3  -60.1     13   0.05    108    4.9  353.0  353.2  353.0
  225.8  11757  -42.4  -60.1     13   0.05    109    5.0  353.0  353.2  353.0
  225.4  11770  -42.5  -60.2     13   0.05    109    4.9  353.0  353.2  353.0
  225.0  11781  -42.6  -60.5     12   0.05    109    4.9  353.0  353.2  353.0
  224.6  11793  -42.7  -60.7     12   0.05    109    4.9  353.0  353.2  353.0
  224.2  11806  -42.9  -60.8     12   0.05    109    4.8  353.0  353.2  353.0
  223.8  11818  -43.0  -61.1     12   0.05    109    4.7  353.0  353.2  353.0
  223.4  11830  -43.1  -61.4     12   0.04    109    4.6  353.1  353.3  353.1
  223.0  11841  -43.2  -61.4     12   0.04    108    4.5  353.1  353.3  353.1
  222.6  11854  -43.3  -61.2     12   0.05    108    4.4  353.1  353.3  353.1
  222.1  11870  -43.4  -61.0     13   0.05    108    4.4  353.1  353.3  353.1
  221.6  11884  -43.5  -60.9     13   0.05    108    4.3  353.1  353.4  353.2
  221.1  11897  -43.6  -60.8     13   0.05    108    4.3  353.2  353.4  353.2
  220.8  11908  -43.7  -60.6     14   0.05    108    4.3  353.2  353.4  353.2
  220.5  11918  -43.8  -60.4     14   0.05    108    4.3  353.2  353.4  353.2
  220.0  11931  -44.0  -60.1     15   0.05    108    4.3  353.2  353.5  353.2
  219.6  11944  -44.1  -59.8     16   0.05    109    4.4  353.3  353.5  353.3
  219.2  11957  -44.1  -59.7     16   0.06    109    4.5  353.3  353.6  353.3
  218.8  11968  -44.2  -59.5     17   0.06    110    4.5  353.4  353.6  353.4
  218.4  11981  -44.3  -59.4     17   0.06    110    4.7  353.4  353.7  353.4
  218.0  11993  -44.5  -59.4     17   0.06    111    4.8  353.4  353.7  353.4
  217.6  12007  -44.6  -59.2     18   0.06    112    4.9  353.4  353.7  353.4
  217.1  12021  -44.7  -59.1     19   0.06    112    5.1  353.4  353.7  353.4
  216.6  12036  -44.8  -59.7     17   0.06    113    5.3  353.5  353.8  353.5
  216.2  12050  -44.8  -61.5     14   0.05    114    5.4  353.7  353.9  353.7
  215.7  12063  -44.9  -63.0     11   0.04    115    5.6  353.8  354.0  353.8
  215.3  12076  -44.9  -63.8     10   0.03    116    5.8  353.9  354.1  353.9
  214.9  12089  -45.0  -64.9      9   0.03    116    6.0  354.1  354.2  354.1
  214.5  12102  -45.0  -65.7      8   0.03    117    6.2  354.2  354.3  354.2
  214.1  12115  -45.1  -65.3      9   0.03    118    6.3  354.2  354.4  354.2
  213.6  12129  -45.2  -64.6      9   0.03    119    6.5  354.3  354.5  354.3
  213.2  12144  -45.3  -64.2     10   0.03    119    6.6  354.3  354.5  354.3
  212.8  12155  -45.4  -64.1     10   0.03    120    6.7  354.4  354.5  354.4
  212.4  12166  -45.5  -64.2     10   0.03    120    6.8  354.5  354.6  354.5
  212.1  12178  -45.6  -64.3     10   0.03    121    6.9  354.4  354.6  354.5
  211.6  12191  -45.7  -64.3     10   0.03    121    6.9  354.5  354.7  354.5
  211.2  12206  -45.8  -64.3     11   0.03    121    7.0  354.5  354.6  354.5
  210.7  12220  -45.9  -64.4     11   0.03    121    7.0  354.6  354.7  354.6
  210.3  12234  -46.1  -64.6     11   0.03    120    7.0  354.5  354.7  354.6
  209.8  12248  -46.2  -64.7     10   0.03    120    7.1  354.6  354.7  354.6
  209.4  12263  -46.3  -64.9     10   0.03    119    7.1  354.5  354.7  354.5
  208.9  12279  -46.5  -65.0     10   0.03    119    7.2  354.6  354.7  354.6
  208.5  12292  -46.6  -65.0     11   0.03    118    7.3  354.6  354.7  354.6
  208.1  12302  -46.7  -65.0     11   0.03    117    7.3  354.6  354.8  354.6
  207.8  12314  -46.8  -64.9     11   0.03    117    7.4  354.5  354.7  354.5
  207.3  12329  -47.0  -64.9     11   0.03    116    7.5  354.5  354.7  354.6
  206.8  12344  -47.1  -64.9     11   0.03    116    7.6  354.6  354.7  354.6
  206.4  12359  -47.2  -64.9     11   0.03    116    7.7  354.6  354.7  354.6
  205.9  12372  -47.4  -64.9     12   0.03    116    7.7  354.6  354.7  354.6
  205.5  12385  -47.5  -64.9     12   0.03    117    7.8  354.6  354.8  354.6
  205.2  12397  -47.6  -64.9     12   0.03    117    7.8  354.6  354.7  354.6
  204.8  12408  -47.7  -65.1     12   0.03    118    7.8  354.6  354.8  354.6
  204.4  12421  -47.8  -65.2     12   0.03    119    7.8  354.6  354.8  354.6
  204.0  12436  -48.0  -65.2     12   0.03    119    7.7  354.6  354.7  354.6
  203.5  12450  -48.1  -65.2     12   0.03    120    7.7  354.7  354.8  354.7
  203.1  12463  -48.2  -65.2     12   0.03    121    7.6  354.7  354.8  354.7
  202.7  12476  -48.3  -65.3     12   0.03    121    7.6  354.7  354.8  354.7
  202.3  12489  -48.5  -65.3     12   0.03    122    7.5  354.7  354.8  354.7
  202.0  12501  -48.6  -65.4     12   0.03    122    7.5  354.7  354.8  354.7
  201.6  12512  -48.6  -65.4     12   0.03    122    7.5  354.8  354.9  354.8
  201.2  12525  -48.8  -65.5     13   0.03    122    7.5  354.8  354.9  354.8
  200.8  12539  -48.9  -65.4     13   0.03    121    7.5  354.7  354.9  354.7
  200.4  12553  -49.0  -65.4     13   0.03    121    7.6  354.7  354.9  354.7
  200.0  12565  -49.1  -65.6     13   0.03    121    7.6  354.8  354.9  354.8
  199.9  12567  -49.2  -65.6     13   0.03    121    7.7  354.8  354.9  354.8
  199.6  12579  -49.2  -65.9     12   0.03    120    7.8  354.9  355.0  354.9
  199.2  12592  -49.3  -66.3     12   0.03    120    8.0  355.0  355.1  355.0
  198.8  12605  -49.3  -66.7     11   0.02    120    8.1  355.1  355.2  355.1
  198.4  12618  -49.4  -66.9     11   0.02    119    8.3  355.2  355.3  355.2
  198.0  12629  -49.5  -67.0     11   0.02    119    8.5  355.3  355.4  355.3
  197.7  12641  -49.6  -67.0     11   0.02    119    8.6  355.2  355.3  355.2
  197.3  12654  -49.7  -66.9     11   0.02    119    8.7  355.2  355.3  355.2
  196.9  12666  -49.8  -66.9     12   0.02    118    8.8  355.2  355.4  355.3
  196.5  12680  -50.0  -67.2     11   0.02    118    8.9  355.2  355.4  355.3
  196.0  12696  -50.1  -67.7     11   0.02    118    8.9  355.3  355.5  355.4
  195.5  12713  -50.1  -68.3     10   0.02    118    8.8  355.6  355.7  355.6
  195.0  12729  -50.1  -68.8      9   0.02    117    8.7  355.8  355.9  355.8
  194.6  12743  -50.2  -69.1      9   0.02    117    8.6  355.8  355.9  355.8
  194.3  12754  -50.3  -69.0      9   0.02    116    8.4  355.9  355.9  355.9
  194.0  12765  -50.4  -68.9      9   0.02    116    8.3  355.8  355.9  355.8
  193.6  12776  -50.6  -68.9     10   0.02    115    8.1  355.8  355.9  355.8
  193.3  12789  -50.6  -68.9     10   0.02    114    7.9  355.8  355.9  355.9
  192.8  12803  -50.7  -68.9     10   0.02    113    7.7  356.0  356.1  356.0
  192.5  12816  -50.8  -68.9     10   0.02    111    7.6  356.0  356.1  356.0
  192.0  12830  -50.9  -68.9     10   0.02    110    7.5  356.1  356.1  356.1
  191.6  12846  -51.1  -68.9     10   0.02    108    7.4  356.0  356.1  356.0
  191.1  12861  -51.2  -69.0     10   0.02    106    7.4  356.1  356.2  356.1
  190.8  12874  -51.3  -69.0     10   0.02    105    7.4  356.1  356.2  356.1
  190.5  12883  -51.3  -69.2     10   0.02    103    7.5  356.2  356.3  356.2
  190.2  12894  -51.4  -69.3     10   0.02    102    7.5  356.3  356.4  356.3
  189.9  12904  -51.4  -69.4     10   0.02    100    7.6  356.4  356.5  356.4
  189.6  12913  -51.5  -69.6     10   0.02     99    7.7  356.5  356.6  356.5
  189.4  12921  -51.5  -69.8      9   0.02     98    7.8  356.6  356.6  356.6
  189.1  12930  -51.5  -69.9      9   0.02     98    7.9  356.7  356.7  356.7
  188.8  12940  -51.6  -70.0      9   0.02     97    8.0  356.7  356.8  356.7
  188.5  12951  -51.7  -70.1      9   0.02     97    8.1  356.8  356.8  356.8
  188.1  12963  -51.8  -70.1      9   0.02     96    8.1  356.8  356.9  356.8
  187.7  12978  -51.8  -70.0     10   0.02     96    8.2  356.9  357.0  356.9
  187.3  12992  -51.9  -69.9     10   0.02     96    8.3  357.0  357.1  357.0
  186.9  13005  -52.0  -69.7     10   0.02     96    8.4  357.2  357.2  357.2
  186.6  13016  -52.0  -69.7     10   0.02     96    8.5  357.2  357.3  357.2
  186.3  13028  -52.1  -69.5     11   0.02     97    8.6  357.2  357.3  357.2
  185.9  13041  -52.2  -69.1     11   0.02     97    8.7  357.3  357.4  357.3
  185.5  13054  -52.3  -68.4     13   0.02     97    8.8  357.4  357.5  357.4
  185.1  13068  -52.3  -67.3     15   0.02     97    9.0  357.6  357.7  357.6
  184.8  13080  -52.4  -66.0     18   0.03     97    9.2  357.7  357.8  357.7
  184.4  13093  -52.4  -64.7     21   0.03     97    9.3  357.8  358.0  357.8
  184.0  13108  -52.5  -63.5     25   0.04     97    9.5  357.9  358.1  357.9
  183.6  13123  -52.7  -62.5     29   0.05     97    9.6  357.9  358.1  357.9
  183.1  13139  -52.8  -61.8     33   0.05     97    9.7  357.9  358.2  358.0
  182.6  13155  -52.9  -61.2     36   0.06     97    9.9  358.0  358.3  358.1
  182.2  13169  -53.0  -60.5     40   0.06     97   10.0  358.1  358.3  358.1
  181.9  13183  -53.1  -59.9     43   0.07     98   10.1  358.0  358.3  358.0
  181.5  13195  -53.2  -59.4     47   0.07     99   10.1  358.1  358.4  358.1
  181.2  13206  -53.3  -59.0     49   0.07     99   10.2  358.1  358.5  358.2
  180.9  13217  -53.4  -59.0     50   0.07    100   10.3  358.2  358.5  358.2
  180.5  13229  -53.5  -59.1     50   0.07    101   10.3  358.2  358.5  358.2
  180.2  13241  -53.6  -59.1     51   0.07    102   10.4  358.2  358.5  358.2
  179.9  13253  -53.7  -59.1     52   0.07    103   10.5  358.2  358.5  358.2
  179.6  13264  -53.8  -59.0     53   0.07    104   10.5  358.2  358.5  358.2
  179.2  13277  -53.9  -58.9     54   0.08    105   10.6  358.2  358.6  358.3
  178.8  13290  -54.1  -58.8     56   0.08    106   10.7  358.3  358.6  358.3
  178.4  13305  -54.2  -58.7     58   0.08    107   10.8  358.3  358.7  358.3
  178.0  13321  -54.3  -58.7     58   0.08    108   10.9  358.3  358.7  358.3
  177.5  13337  -54.5  -58.8     59   0.08    108   10.9  358.4  358.7  358.4
  177.1  13353  -54.6  -58.8     60   0.08    109   11.0  358.4  358.7  358.4
  176.7  13369  -54.7  -58.9     60   0.08    109   11.1  358.4  358.7  358.4
  176.2  13384  -54.9  -59.0     60   0.08    109   11.1  358.4  358.8  358.5
  175.8  13399  -55.0  -59.1     60   0.08    109   11.2  358.5  358.8  358.5
  175.4  13413  -55.1  -59.2     61   0.07    109   11.2  358.5  358.8  358.5
  175.0  13429  -55.3  -59.2     61   0.07    110   11.2  358.5  358.8  358.5
  174.6  13445  -55.4  -59.3     62   0.07    110   11.3  358.5  358.8  358.5
  174.1  13460  -55.6  -59.3     62   0.07    109   11.3  358.6  358.9  358.6
  173.7  13475  -55.7  -59.4     63   0.07    109   11.3  358.6  358.9  358.6
  173.4  13489  -55.8  -59.4     64   0.07    110   11.3  358.6  359.0  358.6
  173.0  13503  -55.9  -59.4     64   0.07    110   11.4  358.7  359.0  358.7
  172.5  13519  -56.0  -59.5     65   0.07    110   11.4  358.7  359.1  358.7
  172.1  13536  -56.1  -59.5     65   0.07    110   11.5  358.8  359.1  358.8
  171.7  13552  -56.2  -59.6     66   0.07    110   11.5  358.8  359.2  358.9
  171.3  13566  -56.4  -59.6     67   0.07    111   11.6  358.9  359.2  358.9
  170.8  13583  -56.5  -59.6     68   0.07    112   11.7  358.9  359.3  358.9
  170.4  13600  -56.6  -59.7     68   0.07    112   11.7  359.0  359.3  359.0
  169.9  13618  -56.7  -59.7     69   0.07    113   11.8  359.2  359.5  359.2
  169.4  13635  -56.8  -59.7     69   0.07    114   11.9  359.4  359.7  359.4
  169.1  13648  -56.9  -59.7     70   0.07    115   11.9  359.3  359.7  359.4
  168.8  13660  -57.0  -59.9     70   0.07    116   12.0  359.3  359.6  359.3
  168.4  13673  -57.2  -60.0     70   0.07    117   12.0  359.3  359.6  359.3
  168.0  13688  -57.3  -60.1     70   0.07    118   12.0  359.3  359.6  359.3
  167.7  13701  -57.4  -60.3     70   0.07    119   12.0  359.3  359.6  359.3
  167.3  13714  -57.6  -60.4     70   0.07    119   11.9  359.3  359.6  359.3
  167.0  13727  -57.7  -60.6     70   0.07    120   11.9  359.3  359.6  359.3
  166.7  13739  -57.8  -60.7     70   0.06    120   11.9  359.3  359.6  359.3
  166.3  13752  -57.9  -60.8     70   0.06    120   11.8  359.3  359.6  359.3
  165.9  13766  -58.1  -60.8     71   0.06    120   11.8  359.3  359.6  359.3
  165.6  13780  -58.2  -60.8     72   0.06    120   11.7  359.3  359.6  359.3
  165.3  13792  -58.3  -60.8     73   0.06    120   11.7  359.3  359.6  359.3
  164.9  13807  -58.5  -60.9     74   0.06    120   11.7  359.3  359.6  359.3
  164.4  13824  -58.6  -60.8     76   0.06    120   11.6  359.3  359.6  359.3
  164.0  13840  -58.8  -60.7     78   0.07    120   11.6  359.4  359.7  359.4
  163.7  13853  -58.9  -60.7     80   0.07    120   11.6  359.3  359.6  359.3
  163.3  13867  -59.0  -60.6     81   0.07    120   11.6  359.4  359.7  359.4
  162.9  13881  -59.1  -60.7     82   0.07    120   11.7  359.4  359.7  359.4
  162.6  13894  -59.3  -60.8     82   0.07    120   11.7  359.4  359.7  359.4
  162.2  13907  -59.4  -61.0     81   0.06    120   11.8  359.4  359.7  359.4
  161.9  13922  -59.5  -61.2     80   0.06    120   11.9  359.4  359.7  359.4
  161.5  13937  -59.7  -61.5     79   0.06    120   12.1  359.4  359.7  359.4
  161.1  13952  -59.8  -61.9     77   0.06    120   12.2  359.4  359.7  359.4
  160.7  13968  -60.0  -62.2     75   0.05    120   12.5  359.4  359.6  359.4
  160.2  13985  -60.2  -62.6     73   0.05    120   12.7  359.4  359.6  359.4
  159.8  14002  -60.3  -62.8     72   0.05    120   13.0  359.4  359.6  359.4
  159.4  14016  -60.4  -63.0     72   0.05    120   13.2  359.4  359.7  359.5
  159.1  14029  -60.6  -63.1     72   0.05    120   13.5  359.4  359.7  359.4
  158.8  14042  -60.7  -63.1     73   0.05    120   13.8  359.4  359.7  359.4
  158.5  14054  -60.8  -63.2     73   0.05    119   14.0  359.4  359.7  359.5
  158.2  14065  -60.9  -63.4     72   0.05    119   14.2  359.5  359.7  359.5
  157.9  14076  -61.0  -63.6     71   0.05    118   14.4  359.5  359.7  359.5
  157.6  14087  -61.1  -63.8     70   0.05    117   14.5  359.5  359.7  359.5
  157.4  14098  -61.2  -64.0     69   0.04    116   14.6  359.5  359.7  359.5
  157.1  14109  -61.3  -64.3     67   0.04    115   14.6  359.5  359.7  359.6
  156.8  14120  -61.3  -64.5     66   0.04    114   14.7  359.6  359.8  359.6
  156.5  14131  -61.4  -64.8     64   0.04    113   14.7  359.6  359.8  359.6
  156.2  14144  -61.5  -65.0     63   0.04    113   14.7  359.7  359.8  359.7
  155.8  14158  -61.6  -65.3     61   0.04    112   14.7  359.8  359.9  359.8
  155.5  14172  -61.7  -65.5     60   0.04    111   14.8  359.8  360.0  359.8
  155.1  14186  -61.8  -65.8     59   0.04    111   14.8  359.9  360.1  359.9
  154.8  14199  -61.9  -66.1     57   0.03    110   14.8  359.9  360.1  359.9
  154.5  14213  -62.0  -66.4     55   0.03    110   14.9  360.0  360.2  360.0
  154.2  14225  -62.0  -66.7     54   0.03    110   15.0  360.2  360.3  360.2
  153.9  14236  -62.1  -67.0     51   0.03    110   15.0  360.3  360.4  360.3
  153.6  14247  -62.2  -67.5     49   0.03    110   15.1  360.3  360.5  360.3
  153.3  14260  -62.3  -68.0     47   0.03    109   15.2  360.3  360.4  360.3
  152.9  14275  -62.4  -68.4     44   0.02    109   15.2  360.3  360.5  360.3
  152.5  14291  -62.6  -68.7     44   0.02    109   15.3  360.4  360.5  360.4
  152.1  14307  -62.7  -68.7     44   0.02    109   15.3  360.4  360.5  360.4
  151.7  14323  -62.9  -68.6     46   0.02    109   15.3  360.4  360.5  360.4
  151.4  14338  -63.0  -68.5     47   0.02    108   15.2  360.4  360.5  360.4
  151.1  14350  -63.1  -68.4     49   0.03    108   15.2  360.4  360.5  360.4
  150.7  14364  -63.3  -68.4     49   0.03    108   15.1  360.4  360.5  360.4
  150.4  14378  -63.4  -68.5     50   0.03    107   14.9  360.4  360.5  360.4
  150.1  14389  -63.5  -68.4     51   0.03    107   14.8  360.5  360.6  360.5
  150.0  14394  -63.5  -68.4     51   0.03    106   14.6  360.5  360.6  360.5
  149.8  14401  -63.6  -68.4     52   0.03    106   14.6  360.5  360.6  360.5
  149.4  14417  -63.7  -68.4     53   0.03    105   14.4  360.5  360.7  360.6
  149.0  14434  -63.9  -68.3     54   0.03    104   14.2  360.6  360.7  360.6
  148.6  14449  -64.0  -68.2     56   0.03    104   14.0  360.7  360.8  360.7
  148.4  14460  -64.1  -68.1     57   0.03    103   13.9  360.6  360.7  360.6
  148.1  14472  -64.2  -68.2     58   0.03    102   13.7  360.6  360.7  360.6
  147.8  14484  -64.3  -68.2     59   0.03    101   13.5  360.6  360.7  360.6
  147.5  14497  -64.5  -68.3     59   0.03    100   13.4  360.6  360.7  360.6
  147.2  14510  -64.6  -68.4     59   0.03     99   13.3  360.6  360.7  360.6
  146.8  14525  -64.7  -68.4     60   0.03     98   13.2  360.6  360.8  360.7
  146.5  14538  -64.8  -68.4     61   0.03     98   13.2  360.7  360.8  360.7
  146.2  14549  -64.9  -68.3     62   0.03     97   13.2  360.8  360.9  360.8
  146.0  14559  -65.0  -68.2     64   0.03     96   13.3  360.8  360.9  360.8
  145.8  14569  -65.0  -68.2     65   0.03     96   13.3  360.7  360.9  360.7
  145.5  14581  -65.1  -68.2     65   0.03     95   13.4  360.8  360.9  360.8
  145.2  14592  -65.2  -68.3     65   0.03     95   13.6  360.9  361.0  360.9
  144.9  14604  -65.3  -68.6     63   0.03     94   13.7  361.0  361.1  361.0
  144.7  14615  -65.4  -68.9     61   0.02     94   13.9  361.0  361.1  361.0
  144.4  14626  -65.5  -69.3     59   0.02     93   14.1  361.0  361.1  361.0
  144.2  14636  -65.6  -69.6     57   0.02     93   14.2  361.0  361.1  361.0
  143.9  14645  -65.6  -69.8     56   0.02     93   14.4  361.1  361.2  361.1
  143.7  14656  -65.7  -70.1     54   0.02     93   14.6  361.1  361.2  361.1
  143.4  14667  -65.7  -70.5     51   0.02     92   14.7  361.3  361.4  361.3
  143.2  14678  -65.7  -71.0     48   0.02     92   14.8  361.4  361.5  361.4
  142.9  14690  -65.7  -71.5     44   0.02     92   14.9  361.6  361.7  361.6
  142.6  14702  -65.8  -72.2     40   0.02     92   15.0  361.8  361.8  361.8
  142.3  14714  -65.8  -73.0     36   0.01     91   15.1  361.9  362.0  361.9
  142.1  14725  -65.9  -73.8     32   0.01     91   15.1  361.9  362.0  361.9
  141.8  14734  -66.0  -74.7     29   0.01     91   15.2  362.0  362.1  362.0
  141.6  14744  -66.0  -75.5     25   0.01     90   15.2  362.1  362.1  362.1
  141.4  14753  -66.1  -76.1     23   0.01     89   15.2  362.1  362.2  362.1
  141.2  14761  -66.1  -76.4     22   0.01     89   15.2  362.2  362.2  362.2
  141.0  14770  -66.2  -76.7     22   0.01     88   15.1  362.2  362.3  362.2
  140.8  14780  -66.2  -76.9     21   0.01     88   15.1  362.3  362.3  362.3
  140.6  14790  -66.2  -77.1     21   0.01     87   15.1  362.4  362.4  362.4
  140.4  14799  -66.3  -77.1     21   0.01     86   15.0  362.5  362.6  362.5
  140.1  14807  -66.3  -77.1     21   0.01     86   15.0  362.7  362.7  362.7
  139.9  14817  -66.3  -77.0     21   0.01     85   14.9  362.8  362.8  362.8
  139.7  14828  -66.4  -76.7     22   0.01     85   14.9  362.8  362.9  362.8
  139.4  14839  -66.4  -76.4     23   0.01     84   14.8  363.0  363.0  363.0
  139.2  14848  -66.5  -75.9     25   0.01     84   14.8  363.1  363.1  363.1
  139.0  14857  -66.5  -75.5     27   0.01     84   14.7  363.1  363.2  363.1
  138.8  14865  -66.6  -75.1     29   0.01     84   14.7  363.1  363.2  363.1
  138.6  14873  -66.7  -74.9     30   0.01     84   14.6  363.1  363.2  363.1
  138.4  14882  -66.8  -74.8     32   0.01     84   14.5  363.1  363.2  363.1
  138.2  14891  -66.9  -74.7     32   0.01     84   14.5  363.1  363.2  363.1
  138.0  14901  -66.9  -74.6     33   0.01     85   14.5  363.1  363.2  363.1
  137.8  14910  -67.0  -74.6     33   0.01     85   14.4  363.2  363.2  363.2
  137.6  14919  -67.1  -74.7     33   0.01     85   14.4  363.2  363.3  363.2
  137.4  14928  -67.1  -74.8     33   0.01     85   14.4  363.2  363.3  363.2
  137.2  14938  -67.2  -75.0     32   0.01     86   14.4  363.2  363.3  363.2
  136.9  14948  -67.3  -75.2     32   0.01     86   14.4  363.3  363.3  363.3
  136.7  14958  -67.4  -75.4     31   0.01     86   14.5  363.3  363.3  363.3
  136.5  14967  -67.5  -75.6     31   0.01     86   14.5  363.3  363.4  363.3
  136.3  14977  -67.6  -75.8     30   0.01     87   14.5  363.3  363.4  363.3
  136.0  14987  -67.6  -76.1     29   0.01     87   14.6  363.4  363.4  363.4
  135.8  14998  -67.7  -76.3     29   0.01     87   14.6  363.4  363.5  363.4
  135.6  15006  -67.8  -76.5     28   0.01     87   14.7  363.4  363.5  363.4
  135.4  15015  -67.9  -76.7     27   0.01     87   14.7  363.4  363.5  363.4
  135.2  15024  -67.9  -76.9     27   0.01     87   14.7  363.5  363.5  363.5
  135.0  15034  -68.0  -77.1     26   0.01     88   14.8  363.5  363.5  363.5
  134.7  15044  -68.1  -77.3     26   0.01     88   14.8  363.5  363.6  363.5
  134.5  15056  -68.2  -77.5     25   0.01     88   14.8  363.5  363.6  363.6
  134.2  15068  -68.3  -77.8     25   0.01     88   14.8  363.6  363.7  363.6
  134.0  15078  -68.4  -77.9     24   0.01     88   14.9  363.6  363.6  363.6
  133.7  15090  -68.5  -78.1     24   0.01     88   14.9  363.6  363.7  363.6
  133.5  15101  -68.6  -78.2     24   0.01     88   14.9  363.6  363.6  363.6
  133.2  15113  -68.7  -78.3     24   0.01     88   14.9  363.6  363.7  363.6
  133.0  15124  -68.9  -78.4     24   0.01     89   15.0  363.6  363.6  363.6
  132.7  15135  -69.0  -78.5     24   0.01     89   15.0  363.6  363.6  363.6
  132.5  15145  -69.1  -78.5     24   0.01     89   15.1  363.6  363.6  363.6
  132.3  15156  -69.2  -78.5     25   0.01     89   15.1  363.6  363.6  363.6
  132.0  15167  -69.3  -78.5     25   0.01     89   15.1  363.6  363.7  363.6
  131.8  15177  -69.3  -78.5     25   0.01     89   15.2  363.6  363.7  363.6
  131.6  15186  -69.4  -78.5     26   0.01     89   15.2  363.7  363.7  363.7
  131.4  15196  -69.5  -78.5     26   0.01     89   15.3  363.7  363.7  363.7
  131.1  15206  -69.5  -78.6     26   0.01     89   15.3  363.8  363.9  363.8
  130.9  15216  -69.6  -78.7     26   0.01     89   15.4  363.9  363.9  363.9
  130.8  15224  -69.6  -78.7     25   0.01     89   15.5  363.9  364.0  363.9
  130.6  15233  -69.7  -78.8     25   0.01     89   15.5  364.0  364.0  364.0
  130.4  15242  -69.7  -78.8     25   0.01     89   15.6  364.1  364.1  364.1
  130.2  15250  -69.8  -78.9     25   0.01     89   15.6  364.1  364.2  364.1
  130.0  15260  -69.8  -78.9     26   0.01     89   15.7  364.2  364.2  364.2
  129.8  15269  -69.9  -78.8     26   0.01     89   15.8  364.3  364.3  364.3
  129.6  15278  -69.9  -78.8     26   0.01     89   15.9  364.4  364.4  364.4
  129.4  15287  -69.9  -78.8     26   0.01     89   15.9  364.5  364.5  364.5
  129.2  15297  -70.0  -78.8     26   0.01     89   16.0  364.6  364.6  364.6
  128.9  15308  -70.0  -78.9     26   0.01     89   16.2  364.7  364.7  364.7
  128.7  15317  -70.1  -79.0     26   0.01     89   16.3  364.8  364.8  364.8
  128.5  15327  -70.2  -79.1     26   0.01     89   16.4  364.8  364.8  364.8
  128.3  15337  -70.2  -79.2     26   0.01     89   16.6  364.9  364.9  364.9
  128.1  15347  -70.3  -79.2     26   0.01     90   16.7  364.9  365.0  364.9
  127.9  15357  -70.3  -79.2     26   0.01     90   16.9  365.0  365.0  365.0
  127.7  15367  -70.4  -79.2     26   0.01     90   17.0  365.0  365.0  365.0
  127.5  15376  -70.5  -79.2     27   0.01     90   17.2  365.0  365.0  365.0
  127.3  15385  -70.6  -79.1     28   0.01     90   17.3  365.0  365.0  365.0
  127.1  15395  -70.7  -79.0     28   0.01     90   17.4  365.0  365.0  365.0
  126.9  15404  -70.8  -78.8     30   0.01     90   17.5  365.0  365.1  365.0
  126.7  15412  -70.8  -78.6     31   0.01     90   17.6  365.1  365.1  365.1
  126.5  15421  -70.9  -78.4     32   0.01     90   17.7  365.1  365.1  365.1
  126.3  15431  -71.0  -78.2     33   0.01     90   17.7  365.1  365.2  365.1
  126.1  15441  -71.1  -78.1     35   0.01     90   17.8  365.1  365.2  365.1
  125.9  15449  -71.1  -77.9     36   0.01     89   17.8  365.2  365.2  365.2
  125.7  15457  -71.2  -77.8     37   0.01     89   17.9  365.2  365.3  365.2
  125.5  15467  -71.3  -77.7     38   0.01     89   17.9  365.3  365.3  365.3
  125.3  15477  -71.4  -77.6     39   0.01     88   17.9  365.3  365.3  365.3
  125.1  15487  -71.4  -77.6     40   0.01     88   17.9  365.3  365.4  365.3
  124.9  15497  -71.5  -77.5     41   0.01     87   18.0  365.4  365.4  365.4
  124.7  15507  -71.5  -77.4     41   0.01     87   18.0  365.4  365.5  365.4
  124.5  15517  -71.6  -77.3     42   0.01     86   18.1  365.5  365.6  365.5
  124.3  15527  -71.6  -77.2     43   0.01     86   18.1  365.6  365.7  365.6
  124.0  15537  -71.7  -77.1     44   0.01     85   18.2  365.7  365.8  365.7
  123.8  15548  -71.8  -77.1     45   0.01     85   18.3  365.8  365.8  365.8
  123.6  15559  -71.9  -77.0     46   0.01     85   18.4  365.7  365.8  365.7
  123.3  15571  -72.0  -77.0     47   0.01     84   18.5  365.8  365.8  365.8
  123.1  15583  -72.1  -76.9     48   0.01     84   18.7  365.8  365.9  365.8
  122.8  15594  -72.2  -76.9     49   0.01     84   18.8  365.9  365.9  365.9
  122.6  15606  -72.3  -76.9     50   0.01     84   19.0  365.9  365.9  365.9
  122.4  15617  -72.4  -76.9     50   0.01     84   19.2  365.9  365.9  365.9
  122.1  15628  -72.5  -76.9     51   0.01     83   19.4  366.0  366.0  366.0
  121.9  15640  -72.6  -76.9     52   0.01     83   19.7  366.0  366.0  366.0
  121.6  15653  -72.7  -77.0     52   0.01     83   19.9  366.0  366.1  366.0
  121.4  15665  -72.7  -77.0     53   0.01     83   20.1  366.1  366.1  366.1
  121.1  15677  -72.8  -76.9     54   0.01     83   20.3  366.2  366.3  366.2
  120.8  15690  -72.8  -76.9     54   0.01     82   20.5  366.4  366.5  366.4
  120.6  15703  -72.9  -76.8     55   0.01     82   20.7  366.5  366.6  366.5
  120.3  15716  -72.9  -76.8     56   0.01     82   20.8  366.7  366.7  366.7
  120.0  15729  -73.0  -76.8     56   0.01     82   21.0  366.8  366.9  366.8
  119.8  15740  -73.1  -76.8     57   0.01     82   21.1  366.9  366.9  366.9
  119.6  15750  -73.1  -76.9     57   0.01     81   21.1  366.9  366.9  366.9
  119.4  15759  -73.2  -76.9     57   0.01     81   21.2  366.9  367.0  366.9
  119.2  15769  -73.3  -77.0     57   0.01     81   21.2  366.9  367.0  366.9
  119.0  15780  -73.4  -77.0     58   0.01     81   21.2  367.0  367.0  367.0
  118.8  15789  -73.4  -77.0     58   0.01     81   21.2  367.1  367.1  367.1
  118.6  15798  -73.5  -77.0     58   0.01     81   21.3  367.1  367.2  367.1
  118.4  15808  -73.6  -77.1     58   0.01     81   21.3  367.2  367.2  367.2
  118.2  15818  -73.6  -77.2     58   0.01     81   21.3  367.2  367.3  367.2
  118.0  15828  -73.7  -77.3     58   0.01     81   21.3  367.3  367.3  367.3
  117.8  15838  -73.8  -77.3     58   0.01     82   21.3  367.3  367.4  367.3
  117.6  15848  -73.8  -77.4     58   0.01     82   21.3  367.4  367.4  367.4
  117.4  15858  -73.9  -77.5     58   0.01     82   21.4  367.4  367.5  367.4
  117.2  15869  -74.0  -77.6     58   0.01     82   21.4  367.4  367.5  367.4
  117.0  15879  -74.1  -77.6     58   0.01     82   21.4  367.5  367.5  367.5
  116.8  15888  -74.2  -77.8     58   0.01     83   21.5  367.5  367.5  367.5
  116.6  15898  -74.3  -77.9     57   0.01     83   21.5  367.5  367.5  367.5
  116.4  15907  -74.4  -78.0     57   0.01     83   21.5  367.5  367.5  367.5
  116.3  15916  -74.4  -78.1     57   0.01     83   21.6  367.4  367.5  367.4
  116.1  15926  -74.5  -78.3     56   0.01     83   21.6  367.5  367.5  367.5
  115.9  15935  -74.6  -78.4     56   0.01     83   21.6  367.5  367.5  367.5
  115.7  15945  -74.7  -78.6     55   0.01     83   21.6  367.5  367.5  367.5
  115.5  15955  -74.8  -78.7     55   0.01     83   21.6  367.5  367.6  367.5
  115.3  15965  -74.9  -78.8     54   0.01     83   21.7  367.6  367.6  367.6
  115.1  15974  -74.9  -79.0     53   0.01     82   21.6  367.6  367.7  367.6
  114.9  15983  -75.0  -79.1     53   0.01     82   21.6  367.7  367.8  367.7
  114.7  15994  -75.0  -79.2     52   0.01     82   21.6  367.8  367.9  367.8
  114.5  16003  -75.0  -79.4     51   0.01     82   21.6  368.0  368.0  368.0
  114.3  16012  -75.1  -79.5     50   0.01     81   21.6  368.1  368.1  368.1
  114.2  16021  -75.1  -79.6     50   0.01     81   21.6  368.1  368.2  368.1
  114.0  16031  -75.1  -79.7     49   0.01     81   21.6  368.2  368.3  368.2
  113.8  16041  -75.2  -79.8     49   0.01     81   21.6  368.3  368.3  368.3
  113.6  16050  -75.3  -80.0     48   0.01     80   21.6  368.3  368.4  368.3
  113.5  16058  -75.4  -80.0     48   0.01     80   21.6  368.3  368.3  368.3
  113.3  16067  -75.4  -80.1     48   0.01     80   21.6  368.3  368.4  368.3
  113.1  16077  -75.5  -80.1     49   0.01     80   21.6  368.4  368.4  368.4
  112.9  16086  -75.6  -80.1     49   0.01     80   21.6  368.5  368.5  368.5
  112.7  16095  -75.6  -80.2     49   0.01     79   21.7  368.5  368.6  368.5
  112.5  16104  -75.7  -80.2     49   0.01     79   21.7  368.6  368.6  368.6
  112.4  16113  -75.8  -80.2     50   0.01     79   21.7  368.5  368.6  368.5
  112.2  16122  -75.8  -80.3     50   0.01     79   21.8  368.6  368.7  368.6
  112.0  16132  -75.9  -80.3     50   0.01     79   21.8  368.7  368.7  368.7
  111.8  16141  -76.0  -80.4     50   0.01     78   21.8  368.8  368.8  368.8
  111.7  16149  -76.0  -80.5     49   0.01     78   21.8  368.7  368.7  368.7
  111.5  16159  -76.1  -80.6     49   0.01     78   21.8  368.7  368.8  368.7
  111.3  16169  -76.2  -80.7     49   0.01     78   21.8  368.8  368.8  368.8
  111.1  16179  -76.2  -80.7     50   0.01     78   21.8  368.9  369.0  368.9
  110.9  16188  -76.3  -80.7     50   0.01     77   21.8  369.0  369.1  369.0
  110.7  16197  -76.3  -80.7     50   0.01     77   21.8  369.1  369.1  369.1
  110.6  16206  -76.4  -80.8     50   0.01     77   21.9  369.1  369.1  369.1
  110.4  16215  -76.5  -80.8     50   0.01     78   21.9  369.2  369.2  369.2
  110.3  16223  -76.5  -80.8     50   0.01     78   22.0  369.1  369.2  369.1
  110.1  16232  -76.6  -80.9     50   0.01     78   22.1  369.2  369.3  369.2
  109.9  16241  -76.6  -81.0     50   0.01     79   22.3  369.3  369.3  369.3
  109.7  16250  -76.7  -81.2     49   0.01     79   22.5  369.4  369.4  369.4
  109.6  16260  -76.8  -81.4     48   0.00     80   22.7  369.4  369.4  369.4
  109.4  16269  -76.8  -81.6     47   0.00     81   22.9  369.5  369.5  369.5
  109.2  16278  -76.8  -81.7     46   0.00     82   23.2  369.6  369.7  369.6
  109.0  16288  -76.8  -81.8     45   0.00     82   23.5  369.9  369.9  369.9
  108.8  16298  -76.7  -81.8     44   0.00     83   23.7  370.2  370.2  370.2
  108.6  16308  -76.6  -81.9     43   0.00     84   24.0  370.6  370.6  370.6
  108.5  16318  -76.5  -81.9     42   0.00     85   24.3  371.0  371.0  371.0
  108.3  16327  -76.3  -82.0     40   0.00     86   24.5  371.5  371.5  371.5
  108.1  16338  -76.2  -82.1     39   0.00     87   24.7  371.9  371.9  371.9
  107.9  16349  -76.1  -82.3     37   0.00     87   24.9  372.3  372.3  372.3
  107.7  16360  -76.0  -82.4     36   0.00     88   25.0  372.7  372.7  372.7
  107.5  16369  -75.9  -82.5     35   0.00     89   25.1  373.0  373.0  373.0
  107.3  16380  -75.9  -82.5     35   0.00     89   25.1  373.3  373.3  373.3
  107.1  16392  -75.8  -82.6     34   0.00     89   25.2  373.7  373.7  373.7
  106.9  16402  -75.7  -82.6     33   0.00     90   25.2  374.0  374.0  374.0
  106.7  16412  -75.7  -82.8     32   0.00     90   25.2  374.2  374.2  374.2
  106.5  16421  -75.8  -83.0     31   0.00     90   25.2  374.3  374.3  374.3
  106.4  16430  -75.8  -83.2     31   0.00     91   25.2  374.3  374.3  374.3
  106.2  16440  -75.9  -83.4     30   0.00     91   25.2  374.3  374.3  374.3
  106.0  16450  -76.0  -83.5     30   0.00     91   25.2  374.4  374.4  374.4
  105.8  16460  -76.0  -83.6     30   0.00     91   25.3  374.5  374.5  374.5
  105.6  16470  -76.1  -83.7     29   0.00     91   25.4  374.6  374.6  374.6
  105.4  16481  -76.1  -83.8     29   0.00     91   25.5  374.7  374.8  374.7
  105.3  16490  -76.2  -83.9     29   0.00     91   25.6  374.7  374.8  374.7
  105.1  16497  -76.2  -84.1     28   0.00     90   25.8  374.8  374.9  374.8
  105.0  16506  -76.3  -84.3     27   0.00     90   25.9  374.9  374.9  374.9
  104.8  16516  -76.2  -84.5     26   0.00     90   26.1  375.1  375.1  375.1
  104.6  16525  -76.2  -84.6     25   0.00     90   26.3  375.5  375.5  375.5
  104.4  16535  -76.1  -84.7     25   0.00     90   26.5  375.8  375.8  375.8
  104.3  16545  -76.0  -84.7     25   0.00     89   26.7  376.1  376.1  376.1
  104.1  16556  -75.9  -84.7     24   0.00     89   26.9  376.4  376.4  376.4
  103.9  16566  -75.9  -84.7     24   0.00     89   27.0  376.7  376.7  376.7
  103.7  16576  -75.8  -84.6     24   0.00     89   27.2  377.1  377.1  377.1
  103.5  16587  -75.7  -84.6     24   0.00     88   27.4  377.4  377.4  377.4
  103.3  16597  -75.7  -84.6     24   0.00     88   27.6  377.7  377.7  377.7
  103.2  16607  -75.7  -84.6     24   0.00     88   27.7  377.8  377.9  377.8
  103.0  16617  -75.6  -84.6     24   0.00     88   27.9  378.1  378.1  378.1
  102.8  16626  -75.6  -84.6     23   0.00     88   28.0  378.4  378.4  378.4
  102.7  16635  -75.6  -84.6     23   0.00     88   28.2  378.6  378.6  378.6
  102.5  16645  -75.5  -84.5     23   0.00     88   28.3  378.9  378.9  378.9
  102.3  16656  -75.5  -84.5     23   0.00     88   28.4  379.1  379.1  379.1
  102.1  16666  -75.6  -84.6     23   0.00     88   28.6  379.2  379.2  379.2
  101.9  16678  -75.7  -84.7     23   0.00     88   28.7  379.2  379.3  379.2
  101.7  16690  -75.7  -84.7     23   0.00     89   28.8  379.3  379.4  379.3
  101.5  16701  -75.8  -84.7     24   0.00     89   28.9  379.4  379.5  379.4
  101.3  16713  -75.8  -84.8     24   0.00     89   29.0  379.5  379.6  379.5
  101.1  16724  -75.9  -84.8     24   0.00     89   29.2  379.6  379.6  379.6
  100.9  16735  -76.0  -84.8     24   0.00     90   29.3  379.7  379.7  379.7
  100.7  16747  -76.1  -84.9     24   0.00     90   29.4  379.7  379.8  379.7
  100.5  16758  -76.2  -84.9     24   0.00     90   29.5  379.8  379.8  379.8
  100.3  16768  -76.2  -85.0     24   0.00     91   29.5  379.8  379.8  379.8
  100.1  16779  -76.3  -85.0     24   0.00     91   29.6  379.9  379.9  379.9
  100.0  16786  -76.4  -85.1     24   0.00     91   29.6  379.9  379.9  379.9
  100.0  16786  -76.4  -85.1     24   0.00     91   29.6  379.9  379.9  379.9
   99.9  16790  -76.4  -85.1     24   0.00     91   29.6  380.0  380.0  380.0
   99.7  16802  -76.5  -85.1     25   0.00     91   29.6  380.1  380.1  380.1
   99.5  16814  -76.5  -85.1     25   0.00     91   29.6  380.2  380.2  380.2
   99.3  16825  -76.5  -85.1     25   0.00     92   29.6  380.4  380.4  380.4
   99.1  16836  -76.6  -85.1     25   0.00     92   29.5  380.5  380.5  380.5
   98.9  16847  -76.6  -85.1     25   0.00     92   29.5  380.6  380.6  380.6
   98.7  16859  -76.7  -85.2     25   0.00     92   29.4  380.7  380.7  380.7
   98.6  16870  -76.8  -85.2     25   0.00     92   29.3  380.7  380.7  380.7
   98.4  16881  -76.8  -85.3     25   0.00     92   29.2  380.8  380.8  380.8
   98.2  16893  -76.9  -85.3     25   0.00     92   29.1  380.9  381.0  380.9
   98.0  16905  -76.9  -85.3     26   0.00     92   29.0  381.1  381.1  381.1
   97.7  16918  -76.9  -85.2     26   0.00     92   28.9  381.4  381.4  381.4
   97.5  16929  -77.0  -85.2     26   0.00     92   28.8  381.5  381.5  381.5
   97.3  16941  -77.0  -85.2     26   0.00     92   28.7  381.6  381.6  381.6
   97.1  16954  -77.1  -85.1     27   0.00     92   28.6  381.7  381.7  381.7
   96.9  16965  -77.2  -85.1     27   0.00     93   28.5  381.8  381.8  381.8
   96.7  16977  -77.2  -85.0     28   0.00     93   28.4  381.9  381.9  381.9
   96.5  16989  -77.3  -85.0     28   0.00     93   28.3  382.1  382.1  382.1
   96.3  17001  -77.3  -85.0     29   0.00     93   28.2  382.2  382.2  382.2
   96.1  17013  -77.4  -85.0     29   0.00     93   28.0  382.3  382.3  382.3
   95.9  17024  -77.5  -85.0     29   0.00     93   27.9  382.4  382.4  382.4
   95.8  17035  -77.5  -85.1     29   0.00     93   27.8  382.3  382.3  382.3
   95.6  17047  -77.6  -85.1     29   0.00     93   27.6  382.4  382.4  382.4
   95.4  17058  -77.6  -85.1     30   0.00     92   27.4  382.6  382.6  382.6
   95.2  17069  -77.7  -85.1     30   0.00     92   27.2  382.7  382.7  382.7
   95.0  17081  -77.7  -85.0     30   0.00     92   27.0  382.9  382.9  382.9
   94.8  17093  -77.8  -85.0     30   0.00     92   26.8  383.0  383.1  383.0
   94.6  17104  -77.7  -84.9     31   0.00     92   26.6  383.3  383.3  383.3
   94.4  17115  -77.7  -84.9     31   0.00     92   26.4  383.6  383.6  383.6
   94.2  17127  -77.7  -84.8     32   0.00     91   26.2  383.8  383.8  383.8
   94.0  17140  -77.8  -84.7     32   0.00     91   26.0  383.9  383.9  383.9
   93.8  17152  -77.9  -84.7     32   0.00     90   25.9  384.0  384.0  384.0
   93.6  17164  -77.9  -84.7     33   0.00     90   25.7  384.1  384.1  384.1
   93.5  17175  -78.0  -84.7     33   0.00     89   25.6  384.0  384.1  384.0
   93.3  17186  -78.1  -84.7     34   0.00     89   25.5  384.1  384.1  384.1
   93.1  17198  -78.2  -84.7     34   0.00     88   25.5  384.2  384.2  384.2
   92.9  17210  -78.2  -84.8     34   0.00     88   25.5  384.3  384.3  384.3
   92.7  17222  -78.3  -84.8     34   0.00     87   25.5  384.4  384.4  384.4
   92.5  17233  -78.4  -84.9     34   0.00     86   25.5  384.6  384.6  384.6
   92.3  17245  -78.4  -84.9     34   0.00     86   25.6  384.7  384.7  384.7
   92.1  17258  -78.4  -84.9     34   0.00     85   25.6  384.9  384.9  384.9
   91.9  17269  -78.4  -84.9     34   0.00     84   25.7  385.1  385.1  385.1
   91.7  17281  -78.5  -85.0     34   0.00     84   25.8  385.3  385.3  385.3
   91.5  17293  -78.5  -85.0     34   0.00     83   25.9  385.5  385.5  385.5
   91.4  17304  -78.5  -85.0     34   0.00     82   26.0  385.6  385.6  385.6
   91.2  17316  -78.5  -85.1     34   0.00     82   26.1  385.8  385.8  385.8
   91.0  17327  -78.6  -85.1     34   0.00     81   26.2  386.0  386.0  386.0
   90.8  17339  -78.5  -85.2     33   0.00     81   26.3  386.2  386.2  386.2
   90.6  17349  -78.5  -85.2     33   0.00     81   26.4  386.6  386.6  386.6
   90.5  17360  -78.4  -85.1     33   0.00     81   26.5  386.9  387.0  386.9
   90.3  17370  -78.3  -85.1     33   0.00     81   26.5  387.4  387.4  387.4
   90.1  17381  -78.2  -85.1     32   0.00     81   26.6  387.8  387.8  387.8
   90.0  17392  -78.2  -85.1     32   0.00     81   26.8  387.9  388.0  387.9
   89.8  17404  -78.2  -85.2     32   0.00     81   26.9  388.1  388.1  388.1
   89.6  17416  -78.3  -85.3     31   0.00     82   27.0  388.3  388.3  388.3
   89.4  17426  -78.3  -85.4     31   0.00     82   27.2  388.5  388.5  388.5
   89.2  17438  -78.2  -85.5     30   0.00     83   27.4  388.8  388.9  388.8
   89.1  17449  -78.1  -85.6     29   0.00     83   27.5  389.1  389.1  389.1
   88.9  17460  -78.0  -85.6     29   0.00     84   27.6  389.6  389.7  389.6
   88.7  17471  -77.8  -85.5     28   0.00     84   27.8  390.2  390.3  390.2
   88.5  17482  -77.6  -85.5     28   0.00     85   27.9  390.9  390.9  390.9
   88.4  17494  -77.5  -85.4     27   0.00     86   28.1  391.2  391.2  391.2
   88.2  17505  -77.5  -85.5     27   0.00     86   28.2  391.6  391.6  391.6
   88.0  17516  -77.5  -85.5     27   0.00     87   28.2  391.9  391.9  391.9
   87.8  17528  -77.4  -85.5     26   0.00     88   28.3  392.2  392.2  392.2
   87.7  17539  -77.4  -85.6     26   0.00     89   28.2  392.4  392.4  392.4
   87.5  17550  -77.4  -85.6     26   0.00     90   28.2  392.7  392.7  392.7
   87.3  17561  -77.3  -85.6     25   0.00     91   28.1  393.1  393.1  393.1
   87.2  17572  -77.2  -85.7     25   0.00     92   28.0  393.5  393.5  393.5
   87.0  17584  -77.1  -85.7     24   0.00     92   27.9  393.9  394.0  393.9
   86.8  17595  -76.9  -85.7     24   0.00     93   27.8  394.4  394.5  394.4
   86.6  17606  -76.9  -85.8     23   0.00     94   27.6  394.9  394.9  394.9
   86.5  17616  -76.8  -85.8     23   0.00     95   27.5  395.2  395.2  395.2
   86.3  17627  -76.7  -85.8     23   0.00     96   27.3  395.6  395.7  395.6
   86.2  17639  -76.6  -85.7     22   0.00     96   27.1  396.0  396.0  396.0
   86.0  17650  -76.5  -85.7     22   0.00     97   26.9  396.5  396.5  396.5
   85.8  17661  -76.5  -85.7     22   0.00     97   26.7  396.7  396.8  396.7
   85.7  17672  -76.5  -85.8     22   0.00     98   26.5  396.8  396.8  396.8
   85.5  17682  -76.5  -85.9     22   0.00     98   26.2  397.0  397.0  397.0
   85.4  17693  -76.6  -86.0     22   0.00     99   25.9  396.9  397.0  396.9
   85.2  17704  -76.7  -86.1     21   0.00     99   25.6  397.0  397.1  397.0
   85.0  17715  -76.8  -86.2     21   0.00     99   25.3  397.2  397.2  397.2
   84.9  17726  -76.8  -86.3     21   0.00    100   25.0  397.1  397.2  397.1
   84.7  17737  -76.9  -86.3     21   0.00    100   24.6  397.3  397.3  397.3
   84.6  17746  -77.0  -86.4     21   0.00    100   24.3  397.3  397.3  397.3
   84.4  17756  -77.0  -86.5     21   0.00    100   23.9  397.5  397.5  397.5
   84.3  17766  -77.0  -86.5     21   0.00    100   23.5  397.6  397.7  397.6
   84.1  17776  -77.0  -86.6     21   0.00    100   23.2  398.0  398.0  398.0
   84.0  17787  -77.0  -86.6     20   0.00    100   22.8  398.1  398.1  398.1
   83.8  17797  -76.9  -86.7     20   0.00    100   22.5  398.4  398.4  398.4
   83.7  17807  -76.9  -86.7     20   0.00    100   22.2  398.7  398.7  398.7
   83.5  17817  -76.8  -86.7     19   0.00     99   22.0  399.1  399.2  399.1
   83.4  17827  -76.7  -86.7     19   0.00     99   21.8  399.4  399.4  399.4
   83.3  17836  -76.7  -86.8     19   0.00     99   21.7  399.5  399.5  399.5
   83.1  17846  -76.8  -86.8     19   0.00     98   21.6  399.7  399.7  399.7
   83.0  17857  -76.8  -86.9     19   0.00     98   21.6  399.8  399.8  399.8
   82.8  17867  -76.9  -86.9     19   0.00     98   21.6  400.0  400.0  400.0
   82.7  17876  -76.9  -87.0     19   0.00     97   21.6  400.1  400.1  400.1
   82.5  17885  -76.9  -87.0     19   0.00     97   21.7  400.3  400.3  400.3
   82.4  17895  -76.9  -87.1     19   0.00     97   21.9  400.4  400.4  400.4
   82.2  17906  -76.9  -87.1     18   0.00     97   22.1  400.8  400.8  400.8
   82.1  17916  -76.8  -87.1     18   0.00     97   22.2  401.1  401.1  401.1
   82.0  17926  -76.7  -87.2     18   0.00     96   22.4  401.4  401.4  401.4
   81.8  17936  -76.6  -87.3     17   0.00     96   22.5  401.8  401.9  401.8
   81.7  17946  -76.5  -87.4     17   0.00     96   22.7  402.1  402.2  402.1
   81.5  17955  -76.4  -87.4     16   0.00     96   22.8  402.6  402.7  402.6
   81.4  17965  -76.3  -87.4     16   0.00     96   22.8  403.1  403.2  403.1
   81.3  17975  -76.1  -87.4     16   0.00     96   22.8  403.6  403.7  403.6
   81.1  17985  -75.9  -87.3     15   0.00     96   22.7  404.3  404.3  404.3
   81.0  17996  -75.8  -87.3     15   0.00     96   22.7  404.7  404.7  404.7
   80.8  18005  -75.6  -87.3     15   0.00     96   22.5  405.3  405.3  405.3
   80.7  18015  -75.5  -87.3     14   0.00     96   22.4  405.6  405.6  405.6
   80.6  18024  -75.5  -87.4     14   0.00     96   22.2  405.9  405.9  405.9
   80.4  18034  -75.4  -87.5     14   0.00     96   22.1  406.3  406.3  406.3
   80.3  18045  -75.4  -87.7     13   0.00     96   22.0  406.5  406.5  406.5
   80.2  18055  -75.3  -87.8     13   0.00     96   21.8  406.8  406.8  406.8
   80.0  18065  -75.2  -87.9     12   0.00     96   21.8  407.4  407.4  407.4
   79.9  18074  -74.9  -87.9     12   0.00     97   21.7  408.1  408.1  408.1
   79.7  18085  -74.6  -87.9     11   0.00     97   21.7  409.0  409.0  409.0
   79.6  18095  -74.3  -87.9     11   0.00     97   21.7  409.8  409.8  409.8
   79.5  18105  -74.0  -87.8     10   0.00     97   21.7  410.6  410.6  410.6
   79.3  18115  -73.6  -87.7     10   0.00     97   21.7  411.6  411.6  411.6
   79.2  18125  -73.4  -87.7     10   0.00     96   21.8  412.3  412.3  412.3
   79.0  18136  -73.2  -87.8      9   0.00     96   21.8  412.8  412.8  412.8
   78.9  18147  -73.2  -88.0      9   0.00     96   21.9  413.1  413.1  413.1
   78.8  18157  -73.1  -88.1      9   0.00     95   21.9  413.4  413.4  413.4
   78.6  18168  -72.9  -88.1      9   0.00     94   22.0  414.1  414.1  414.1
   78.5  18178  -72.7  -88.0      8   0.00     93   22.0  414.7  414.7  414.7
   78.4  18187  -72.6  -88.0      8   0.00     93   22.0  415.1  415.1  415.1
   78.2  18198  -72.6  -88.1      8   0.00     92   22.0  415.4  415.4  415.4
   78.1  18209  -72.6  -88.2      8   0.00     91   22.0  415.6  415.6  415.6
   77.9  18221  -72.6  -88.4      8   0.00     90   22.1  415.8  415.8  415.8
   77.8  18232  -72.6  -88.5      8   0.00     89   22.1  415.9  415.9  415.9
   77.6  18243  -72.6  -88.7      7   0.00     89   22.2  416.2  416.2  416.2
   77.5  18254  -72.6  -88.8      7   0.00     88   22.2  416.5  416.5  416.5
   77.3  18265  -72.3  -88.8      7   0.00     87   22.3  417.4  417.4  417.4
   77.2  18277  -72.0  -88.7      7   0.00     87   22.4  418.2  418.2  418.2
   77.0  18287  -71.7  -88.6      6   0.00     87   22.5  419.2  419.2  419.2
   76.9  18297  -71.5  -88.6      6   0.00     87   22.6  419.7  419.7  419.7
   76.8  18308  -71.4  -88.6      6   0.00     87   22.7  420.0  420.0  420.0
   76.6  18318  -71.4  -88.7      6   0.00     87   22.8  420.3  420.3  420.3
   76.5  18329  -71.5  -88.8      6   0.00     87   22.9  420.3  420.3  420.3
   76.3  18340  -71.6  -88.9      6   0.00     87   23.0  420.5  420.5  420.5
   76.2  18352  -71.6  -88.9      6   0.00     88   23.0  420.5  420.5  420.5
   76.1  18363  -71.7  -88.9      6   0.00     88   23.1  420.4  420.5  420.4
   75.9  18373  -71.8  -89.0      6   0.00     88   23.1  420.6  420.6  420.6
   75.8  18384  -71.8  -89.1      6   0.00     89   23.1  420.7  420.7  420.7
   75.6  18395  -71.8  -89.1      6   0.00     89   23.0  421.0  421.0  421.0
   75.5  18406  -71.8  -89.1      6   0.00     90   22.9  421.2  421.2  421.2
   75.3  18417  -71.8  -89.2      6   0.00     90   22.8  421.7  421.7  421.7
   75.2  18428  -71.7  -89.2      6   0.00     91   22.6  421.9  421.9  421.9
   75.1  18440  -71.6  -89.2      6   0.00     91   22.4  422.3  422.3  422.3
   74.9  18451  -71.4  -89.2      6   0.00     91   22.2  423.0  423.0  423.0
   74.8  18463  -71.2  -89.1      6   0.00     92   21.9  423.5  423.5  423.5
   74.6  18474  -71.1  -89.1      5   0.00     92   21.6  424.2  424.2  424.2
   74.5  18485  -70.9  -89.0      5   0.00     92   21.3  424.6  424.7  424.6
   74.3  18496  -70.8  -88.9      5   0.00     93   20.9  425.3  425.3  425.3
   74.2  18508  -70.7  -88.8      5   0.00     93   20.6  425.6  425.6  425.6
   74.1  18520  -70.7  -88.8      5   0.00     93   20.2  425.9  425.9  425.9
   73.9  18532  -70.7  -88.8      5   0.00     94   19.8  426.1  426.2  426.2
   73.8  18543  -70.8  -88.8      5   0.00     94   19.5  426.2  426.2  426.2
   73.6  18556  -70.8  -88.8      6   0.00     94   19.2  426.4  426.4  426.4
   73.5  18568  -70.9  -88.8      6   0.00     94   18.9  426.3  426.4  426.3
   73.3  18579  -71.0  -88.8      6   0.00     94   18.7  426.5  426.5  426.5
   73.2  18591  -71.1  -88.9      6   0.00     95   18.5  426.5  426.5  426.5
   73.0  18602  -71.1  -88.9      6   0.00     95   18.3  426.7  426.7  426.7
   72.9  18613  -71.2  -89.0      6   0.00     95   18.2  426.8  426.8  426.8
   72.8  18624  -71.2  -89.1      6   0.00     95   18.2  426.8  426.9  426.8
   72.6  18635  -71.2  -89.1      6   0.00     95   18.2  427.2  427.2  427.2
   72.5  18646  -71.2  -89.1      5   0.00     95   18.3  427.5  427.5  427.5
   72.4  18657  -71.1  -89.1      5   0.00     94   18.4  427.8  427.9  427.8
   72.2  18668  -71.0  -89.1      5   0.00     94   18.6  428.3  428.3  428.3
   72.1  18680  -71.0  -89.1      5   0.00     94   18.8  428.5  428.5  428.5
   71.9  18692  -71.0  -89.2      5   0.00     94   19.0  428.8  428.8  428.8
   71.8  18704  -71.0  -89.2      5   0.00     94   19.2  429.0  429.0  429.0
   71.6  18716  -71.0  -89.1      5   0.00     93   19.4  429.3  429.3  429.3
   71.5  18728  -71.0  -89.1      5   0.00     93   19.7  429.4  429.5  429.4
   71.4  18740  -71.1  -89.1      5   0.00     93   19.9  429.6  429.6  429.6
   71.2  18750  -71.1  -89.1      5   0.00     92   20.2  429.8  429.8  429.8
   71.1  18763  -71.2  -89.1      6   0.00     92   20.4  429.8  429.8  429.8
   70.9  18774  -71.3  -89.1      6   0.00     91   20.6  430.0  430.0  430.0
   70.8  18786  -71.4  -89.1      6   0.00     91   20.9  430.0  430.0  430.0
   70.7  18798  -71.5  -89.2      6   0.00     90   21.1  430.0  430.0  430.0
   70.5  18811  -71.5  -89.2      6   0.00     90   21.3  430.1  430.1  430.1
   70.4  18822  -71.6  -89.3      6   0.00     89   21.6  430.2  430.2  430.2
   70.2  18834  -71.6  -89.3      6   0.00     89   21.8  430.4  430.5  430.4
   70.1  18845  -71.7  -89.3      6   0.00     88   22.0  430.6  430.6  430.6
   70.0  18853  -71.7  -89.3      6   0.00     88   22.0  430.7  430.7  430.7
   69.8  18869  -71.7  -89.4      6   0.00     88   22.5  431.0  431.1  431.0
   69.7  18881  -71.7  -89.4      6   0.00     88   22.6  431.3  431.3  431.3
   69.5  18893  -71.6  -89.3      6   0.00     88   22.8  431.7  431.8  431.7
   69.4  18904  -71.5  -89.3      6   0.00     88   22.9  432.1  432.1  432.1
   69.3  18916  -71.5  -89.3      6   0.00     88   23.0  432.4  432.4  432.4
   69.1  18928  -71.4  -89.3      6   0.00     88   23.1  432.9  432.9  432.9
   69.0  18940  -71.4  -89.3      6   0.00     89   23.1  433.1  433.1  433.1
   68.8  18953  -71.4  -89.3      5   0.00     89   23.1  433.4  433.5  433.4
   68.7  18963  -71.4  -89.3      5   0.00     89   23.1  433.6  433.6  433.6
   68.6  18974  -71.4  -89.3      5   0.00     90   23.0  433.8  433.8  433.8
   68.5  18985  -71.4  -89.3      5   0.00     90   22.9  434.0  434.0  434.0
   68.3  18996  -71.4  -89.3      5   0.00     90   22.8  434.3  434.3  434.3
   68.2  19007  -71.4  -89.3      6   0.00     90   22.6  434.5  434.5  434.5
   68.1  19018  -71.4  -89.3      6   0.00     91   22.4  434.6  434.6  434.6
   67.9  19029  -71.5  -89.3      6   0.00     91   22.2  434.9  434.9  434.9
   67.8  19041  -71.5  -89.4      6   0.00     91   22.0  435.0  435.1  435.0
   67.7  19052  -71.5  -89.4      5   0.00     91   21.8  435.2  435.2  435.2
   67.5  19064  -71.5  -89.4      5   0.00     91   21.5  435.5  435.5  435.5
   67.4  19076  -71.6  -89.5      5   0.00     91   21.3  435.6  435.6  435.6
   67.3  19087  -71.6  -89.5      5   0.00     91   21.0  435.7  435.8  435.7
   67.2  19097  -71.6  -89.6      5   0.00     90   20.8  435.9  435.9  435.9
   67.0  19108  -71.6  -89.6      5   0.00     90   20.5  436.2  436.2  436.2
   66.9  19119  -71.7  -89.7      5   0.00     89   20.3  436.4  436.4  436.4
   66.8  19130  -71.7  -89.7      5   0.00     89   20.1  436.5  436.6  436.5
   66.6  19142  -71.6  -89.7      5   0.00     88   19.8  437.0  437.0  437.0
   66.5  19154  -71.6  -89.7      5   0.00     87   19.6  437.3  437.3  437.3
   66.4  19165  -71.5  -89.7      5   0.00     86   19.4  437.6  437.6  437.6
   66.3  19176  -71.5  -89.7      5   0.00     85   19.3  437.9  437.9  437.9
   66.2  19186  -71.5  -89.7      5   0.00     84   19.2  438.1  438.1  438.1
   66.0  19198  -71.5  -89.8      5   0.00     83   19.1  438.4  438.4  438.4
   65.9  19209  -71.5  -89.8      5   0.00     82   19.0  438.6  438.6  438.6
   65.8  19220  -71.5  -89.8      5   0.00     82   18.9  438.8  438.8  438.8
   65.7  19231  -71.4  -89.8      5   0.00     81   18.9  439.1  439.2  439.1
   65.6  19240  -71.3  -89.7      5   0.00     81   18.9  439.6  439.6  439.6
   65.4  19252  -71.2  -89.6      5   0.00     81   18.9  440.3  440.3  440.3
   65.3  19264  -71.0  -89.5      5   0.00     81   18.9  440.8  440.8  440.8
   65.2  19276  -70.9  -89.4      5   0.00     81   18.8  441.2  441.2  441.2
   65.0  19288  -70.8  -89.4      5   0.00     81   18.8  441.8  441.8  441.8
   64.9  19301  -70.8  -89.3      5   0.00     82   18.8  442.1  442.1  442.1
   64.8  19313  -70.7  -89.2      5   0.00     82   18.7  442.3  442.4  442.3
   64.6  19324  -70.8  -89.2      5   0.00     83   18.6  442.7  442.7  442.7
   64.5  19335  -70.9  -89.2      5   0.00     84   18.6  442.7  442.7  442.7
   64.4  19346  -71.0  -89.2      5   0.00     85   18.5  442.6  442.6  442.6
   64.3  19358  -71.1  -89.2      5   0.00     86   18.4  442.6  442.6  442.6
   64.1  19370  -71.2  -89.2      5   0.00     87   18.3  442.7  442.7  442.7
   64.0  19380  -71.3  -89.2      6   0.00     88   18.2  442.7  442.7  442.7
   63.9  19391  -71.4  -89.2      6   0.00     88   18.1  442.7  442.7  442.7
   63.8  19402  -71.5  -89.1      6   0.00     89   18.0  442.7  442.7  442.7
   63.7  19413  -71.5  -89.1      6   0.00     90   17.9  442.8  442.8  442.8
   63.5  19424  -71.6  -89.1      6   0.00     90   17.8  443.0  443.0  443.0
   63.4  19436  -71.7  -89.2      6   0.00     91   17.8  443.0  443.0  443.0
   63.3  19446  -71.8  -89.2      6   0.00     91   17.7  443.1  443.1  443.1
   63.2  19457  -71.8  -89.2      6   0.00     92   17.6  443.2  443.2  443.2
   63.1  19469  -71.8  -89.3      6   0.00     92   17.6  443.3  443.3  443.3
   62.9  19481  -71.8  -89.3      6   0.00     92   17.5  443.7  443.8  443.7
   62.8  19492  -71.8  -89.3      6   0.00     93   17.5  444.1  444.1  444.1
   62.7  19503  -71.7  -89.3      6   0.00     93   17.5  444.4  444.4  444.4
   62.6  19513  -71.6  -89.3      6   0.00     93   17.5  444.7  444.8  444.7
   62.5  19525  -71.6  -89.3      6   0.00     94   17.5  445.1  445.1  445.1
   62.4  19536  -71.5  -89.3      6   0.00     94   17.5  445.4  445.4  445.4
   62.3  19545  -71.5  -89.3      6   0.00     94   17.5  445.8  445.8  445.8
   62.1  19556  -71.4  -89.3      6   0.00     94   17.5  446.3  446.3  446.3
   62.0  19567  -71.4  -89.3      5   0.00     94   17.5  446.6  446.6  446.6
   61.9  19578  -71.3  -89.3      5   0.00     94   17.5  446.9  446.9  446.9
   61.8  19589  -71.2  -89.3      5   0.00     94   17.5  447.3  447.3  447.3
   61.7  19600  -71.2  -89.3      5   0.00     94   17.6  447.7  447.7  447.7
   61.6  19610  -71.1  -89.3      5   0.00     94   17.7  448.1  448.1  448.1
   61.5  19620  -71.0  -89.3      5   0.00     94   17.8  448.4  448.4  448.4
   61.4  19629  -71.0  -89.3      5   0.00     93   17.9  448.5  448.6  448.5
   61.3  19639  -71.1  -89.4      5   0.00     93   18.0  448.6  448.7  448.6
   61.2  19650  -71.2  -89.5      5   0.00     92   18.2  448.7  448.7  448.7
   61.1  19661  -71.2  -89.6      5   0.00     92   18.5  448.7  448.7  448.7
   60.9  19671  -71.3  -89.6      5   0.00     91   18.7  449.1  449.1  449.1
   60.8  19681  -71.3  -89.6      5   0.00     91   19.0  449.2  449.3  449.2
   60.7  19692  -71.3  -89.7      5   0.00     90   19.3  449.5  449.5  449.5
   60.6  19702  -71.3  -89.7      5   0.00     89   19.6  449.7  449.8  449.7
   60.5  19713  -71.3  -89.7      5   0.00     88   19.9  449.9  450.0  449.9
   60.4  19723  -71.3  -89.8      5   0.00     88   20.3  450.1  450.1  450.1
   60.3  19734  -71.3  -89.8      5   0.00     87   20.6  450.2  450.3  450.2
   60.2  19744  -71.3  -89.8      5   0.00     86   20.9  450.4  450.4  450.4
   60.1  19754  -71.3  -89.9      5   0.00     85   21.3  450.6  450.6  450.6
   60.0  19765  -71.3  -89.9      5   0.00     84   21.6  450.9  450.9  450.9
   59.9  19775  -71.3  -89.9      5   0.00     84   22.0  451.1  451.1  451.1
   59.8  19785  -71.3  -89.9      5   0.00     83   22.3  451.4  451.4  451.4
   59.7  19795  -71.2  -90.0      5   0.00     82   22.7  451.7  451.7  451.7
   59.6  19805  -71.2  -90.0      5   0.00     82   23.0  452.0  452.1  452.0
   59.5  19816  -71.1  -90.0      5   0.00     82   23.4  452.4  452.4  452.4
   59.4  19827  -71.1  -90.0      5   0.00     81   23.7  452.7  452.7  452.7
   59.2  19838  -71.1  -90.1      5   0.00     81   24.0  453.2  453.2  453.2
   59.1  19849  -71.0  -90.1      5   0.00     81   24.3  453.5  453.5  453.5
   59.0  19860  -71.0  -90.1      4   0.00     82   24.6  453.9  453.9  453.9
   58.9  19871  -70.9  -90.1      4   0.00     82   24.9  454.2  454.2  454.2
   58.8  19881  -70.8  -90.2      4   0.00     82   25.0  454.6  454.6  454.6
   58.7  19892  -70.8  -90.2      4   0.00     83   25.2  455.0  455.0  455.0
   58.6  19903  -70.7  -90.2      4   0.00     84   25.3  455.4  455.4  455.4
   58.5  19913  -70.6  -90.2      4   0.00     84   25.3  455.8  455.8  455.8
   58.4  19924  -70.5  -90.2      4   0.00     85   25.3  456.2  456.2  456.2
   58.3  19935  -70.4  -90.2      4   0.00     86   25.2  456.6  456.6  456.6
   58.2  19947  -70.3  -90.2      4   0.00     86   25.0  457.1  457.1  457.1
   58.0  19959  -70.2  -90.2      4   0.00     87   24.8  457.9  457.9  457.9
   57.9  19971  -69.9  -90.1      4   0.00     88   24.5  458.6  458.6  458.6
   57.8  19983  -69.8  -90.0      4   0.00     88   24.2  459.2  459.3  459.2
   57.7  19994  -69.7  -90.0      4   0.00     89   23.9  459.6  459.6  459.6
   57.6  20006  -69.7  -90.0      4   0.00     89   23.5  459.9  459.9  459.9
   57.5  20018  -69.7  -90.1      4   0.00     89   23.2  460.0  460.1  460.0
   57.4  20029  -69.7  -90.1      4   0.00     89   22.8  460.2  460.2  460.2
   57.3  20041  -69.8  -90.1      4   0.00     89   22.5  460.4  460.4  460.4
   57.1  20053  -69.8  -90.2      4   0.00     89   22.1  460.8  460.8  460.8
   57.0  20064  -69.8  -90.2      4   0.00     89   21.8  460.9  461.0  460.9
   56.9  20075  -69.9  -90.3      4   0.00     89   21.6  461.1  461.1  461.1
   56.8  20086  -69.9  -90.4      4   0.00     89   21.3  461.2  461.3  461.2
   56.7  20098  -69.9  -90.5      4   0.00     88   21.2  461.4  461.4  461.4
   56.6  20109  -69.9  -90.5      4   0.00     88   21.1  461.8  461.8  461.8
   56.5  20121  -69.7  -90.5      3   0.00     87   21.0  462.4  462.4  462.4
   56.4  20133  -69.5  -90.4      3   0.00     87   20.9  463.1  463.1  463.1
   56.3  20145  -69.2  -90.3      3   0.00     86   20.9  464.0  464.1  464.0
   56.2  20156  -68.9  -90.2      3   0.00     86   20.8  464.9  464.9  464.9
   56.0  20168  -68.7  -90.1      3   0.00     85   20.8  465.8  465.8  465.8
   55.9  20181  -68.6  -90.1      3   0.00     85   20.8  466.4  466.4  466.4
   55.8  20193  -68.4  -90.1      3   0.00     85   20.7  466.9  467.0  466.9
   55.7  20204  -68.3  -90.1      3   0.00     85   20.7  467.4  467.4  467.4
   55.6  20216  -68.2  -90.1      3   0.00     85   20.6  467.8  467.8  467.8
   55.5  20229  -68.2  -90.0      3   0.00     85   20.5  468.3  468.3  468.3
   55.4  20241  -68.1  -90.0      3   0.00     85   20.4  468.7  468.7  468.7
   55.3  20252  -68.1  -89.9      3   0.00     85   20.3  468.9  468.9  468.9
   55.2  20264  -68.1  -89.9      3   0.00     85   20.2  469.1  469.1  469.1
   55.0  20276  -68.2  -90.0      3   0.00     86   20.2  469.4  469.4  469.4
   54.9  20288  -68.3  -90.0      3   0.00     86   20.1  469.5  469.5  469.5
   54.8  20300  -68.3  -90.1      3   0.00     87   20.0  469.6  469.6  469.6
   54.7  20312  -68.4  -90.1      3   0.00     87   20.0  469.8  469.8  469.8
   54.6  20324  -68.3  -90.1      3   0.00     88   19.9  470.0  470.1  470.0
   54.5  20336  -68.3  -90.0      3   0.00     88   19.9  470.3  470.3  470.3
   54.4  20349  -68.3  -90.1      3   0.00     89   19.9  470.5  470.5  470.5
   54.3  20361  -68.4  -90.1      3   0.00     89   19.8  470.7  470.7  470.7
   54.2  20373  -68.4  -90.1      3   0.00     90   19.7  471.0  471.0  471.0
   54.0  20386  -68.3  -90.1      3   0.00     90   19.6  471.6  471.6  471.6
   53.9  20399  -68.3  -90.1      3   0.00     91   19.5  471.9  472.0  471.9
   53.8  20412  -68.2  -90.1      3   0.00     91   19.4  472.3  472.3  472.3
   53.7  20426  -68.2  -90.2      3   0.00     91   19.3  472.6  472.6  472.6
   53.6  20440  -68.2  -90.2      3   0.00     91   19.2  472.9  472.9  472.9
   53.5  20451  -68.2  -90.2      3   0.00     90   19.1  473.2  473.2  473.2
   53.4  20462  -68.1  -90.2      3   0.00     90   19.0  473.6  473.6  473.6
   53.3  20475  -68.0  -90.2      3   0.00     89   18.9  474.1  474.1  474.1
   53.1  20487  -67.8  -90.2      3   0.00     88   18.9  475.0  475.0  475.0
   53.0  20499  -67.7  -90.1      3   0.00     87   18.9  475.5  475.5  475.5
   52.9  20513  -67.6  -90.1      3   0.00     86   18.9  476.0  476.0  476.0
   52.8  20525  -67.6  -90.1      3   0.00     85   19.0  476.3  476.4  476.3
   52.7  20535  -67.5  -90.2      3   0.00     84   19.2  476.7  476.7  476.7
   52.6  20545  -67.5  -90.2      3   0.00     84   19.3  477.1  477.2  477.1
   52.5  20557  -67.4  -90.2      3   0.00     84   19.5  477.5  477.5  477.5
   52.4  20569  -67.4  -90.2      3   0.00     83   19.8  477.9  477.9  477.9
   52.3  20580  -67.4  -90.3      3   0.00     83   20.0  478.2  478.2  478.2
   52.2  20592  -67.3  -90.3      3   0.00     84   20.2  478.5  478.5  478.5
   52.1  20604  -67.3  -90.3      3   0.00     84   20.5  478.9  478.9  478.9
   52.0  20615  -67.1  -90.3      2   0.00     85   20.7  479.5  479.5  479.5
   51.9  20626  -67.0  -90.2      2   0.00     86   20.9  480.1  480.2  480.1
   51.8  20638  -66.8  -90.2      2   0.00     86   21.2  480.7  480.7  480.7
   51.7  20649  -66.7  -90.2      2   0.00     87   21.3  481.2  481.2  481.2
   51.6  20661  -66.6  -90.1      2   0.00     88   21.5  481.7  481.7  481.7
   51.5  20673  -66.5  -90.1      2   0.00     89   21.6  482.2  482.2  482.2
   51.4  20685  -66.4  -90.1      2   0.00     90   21.8  482.7  482.7  482.7
   51.3  20697  -66.4  -90.1      2   0.00     90   21.8  483.1  483.1  483.1
   51.2  20708  -66.4  -90.1      2   0.00     91   21.9  483.4  483.4  483.4
   51.1  20718  -66.3  -90.1      2   0.00     91   21.9  483.7  483.7  483.7
   51.0  20739  -66.3  -90.1      2   0.00     91   21.9  484.0  484.0  484.0
   50.9  20751  -66.3  -90.1      2   0.00     92   21.9  484.4  484.4  484.4
   50.8  20762  -66.2  -90.1      2   0.00     92   21.9  484.7  484.8  484.7
   50.7  20772  -66.2  -90.0      2   0.00     91   21.9  485.1  485.2  485.1
   50.6  20782  -66.1  -90.0      2   0.00     91   21.8  485.5  485.5  485.5
   50.5  20793  -66.1  -89.9      2   0.00     91   21.8  485.9  485.9  485.9
   50.4  20805  -66.1  -89.9      2   0.00     91   21.8  486.3  486.3  486.3
   50.3  20817  -66.0  -89.9      2   0.00     90   21.8  486.6  486.6  486.6
   50.2  20827  -66.0  -89.8      2   0.00     90   21.9  486.9  486.9  486.9
   50.1  20837  -66.1  -89.8      2   0.00     89   21.9  487.1  487.1  487.1
   50.0  20855  -66.1  -89.8      2   0.00     89   21.9  487.3  487.3  487.3
   49.9  20868  -66.1  -89.8      2   0.00     87   22.0  487.5  487.6  487.5
   49.8  20877  -66.1  -89.8      2   0.00     87   22.0  487.7  487.8  487.7
   49.7  20886  -66.2  -89.8      2   0.00     86   22.0  488.0  488.0  488.0
   49.6  20906  -66.2  -89.8      2   0.00     85   22.0  488.3  488.3  488.3
   49.5  20917  -66.1  -89.8      2   0.00     85   22.0  488.6  488.6  488.6
   49.4  20928  -66.1  -89.8      2   0.00     84   21.9  488.9  488.9  488.9
   49.3  20939  -66.1  -89.8      2   0.00     84   21.9  489.2  489.2  489.2
   49.2  20949  -66.1  -89.9      2   0.00     83   21.8  489.5  489.5  489.5
   49.1  20968  -66.1  -90.1      2   0.00     83   21.7  489.8  489.8  489.8
   49.0  20979  -66.1  -90.1      2   0.00     83   21.7  490.2  490.2  490.2
   48.9  20989  -65.9  -90.1      2   0.00     83   21.7  490.8  490.9  490.8
   48.8  21000  -65.7  -90.1      2   0.00     83   21.7  491.7  491.7  491.7
   48.7  21011  -65.4  -90.0      2   0.00     84   21.7  492.6  492.7  492.6
   48.6  21030  -65.0  -89.9      2   0.00     84   21.8  493.9  493.9  493.9
   48.5  21041  -64.9  -90.0      2   0.00     85   21.9  494.3  494.4  494.3
   48.4  21051  -64.9  -90.0      2   0.00     86   22.0  494.7  494.8  494.8
   48.3  21060  -64.8  -90.1      2   0.00     86   22.1  495.2  495.2  495.2
   48.2  21080  -64.7  -90.1      2   0.00     88   22.4  495.8  495.8  495.8
   48.1  21090  -64.6  -90.1      2   0.00     88   22.5  496.4  496.4  496.4
   48.0  21101  -64.4  -90.0      2   0.00     89   22.7  497.1  497.1  497.1
   47.9  21112  -64.2  -89.8      2   0.00     90   22.9  497.9  497.9  497.9
   47.8  21123  -64.0  -89.7      2   0.00     91   23.0  498.7  498.7  498.7
   47.7  21144  -63.8  -89.6      2   0.00     92   23.3  499.3  499.3  499.3
   47.6  21156  -63.9  -89.6      2   0.00     93   23.5  499.5  499.5  499.5
   47.5  21167  -63.9  -89.6      2   0.00     94   23.6  499.7  499.7  499.7
   47.4  21178  -64.0  -89.5      2   0.00     94   23.7  499.9  499.9  499.9
   47.3  21188  -64.0  -89.5      2   0.00     95   23.7  500.1  500.1  500.1
   47.2  21211  -64.1  -89.5      2   0.00     95   23.7  500.2  500.2  500.2
   47.1  21223  -64.1  -89.5      2   0.00     95   23.7  500.5  500.5  500.5
   47.0  21234  -64.1  -89.5      2   0.00     95   23.6  500.8  500.8  500.8
   46.9  21245  -64.1  -89.4      2   0.00     95   23.5  501.1  501.1  501.1
   46.8  21256  -64.1  -89.4      2   0.00     95   23.4  501.4  501.5  501.4
   46.7  21267  -64.1  -89.5      2   0.00     95   23.2  501.7  501.7  501.7
   46.6  21279  -64.1  -89.5      2   0.00     94   23.1  502.0  502.1  502.0
   46.5  21292  -64.0  -89.5      2   0.00     93   23.0  502.5  502.5  502.5
   46.4  21315  -63.9  -89.4      2   0.00     91   22.8  503.2  503.2  503.2
   46.3  21326  -63.8  -89.4      2   0.00     90   22.8  503.6  503.6  503.6
   46.2  21338  -63.8  -89.4      2   0.00     89   22.8  503.9  503.9  503.9
   46.1  21351  -63.8  -89.4      2   0.00     88   22.8  504.3  504.3  504.3
   46.0  21365  -63.8  -89.4      2   0.00     87   22.9  504.7  504.7  504.7
   45.9  21378  -63.7  -89.4      2   0.00     86   23.0  505.1  505.1  505.1
   45.8  21391  -63.7  -89.4      2   0.00     85   23.2  505.5  505.6  505.5
   45.7  21403  -63.6  -89.4      2   0.00     84   23.4  505.9  505.9  505.9
   45.6  21414  -63.6  -89.4      2   0.00     83   23.6  506.3  506.3  506.3
   45.5  21426  -63.6  -89.4      2   0.00     83   23.9  506.6  506.6  506.6
   45.4  21438  -63.6  -89.5      2   0.00     83   24.1  506.9  506.9  506.9
   45.3  21460  -63.6  -89.5      2   0.00     82   24.7  507.2  507.2  507.2
   45.2  21472  -63.6  -89.5      2   0.00     83   25.0  507.6  507.6  507.6
   45.1  21484  -63.5  -89.5      2   0.00     83   25.2  508.1  508.1  508.1
   45.0  21496  -63.4  -89.4      2   0.00     83   25.5  508.7  508.7  508.7
   44.9  21507  -63.3  -89.4      2   0.00     83   25.7  509.3  509.3  509.3
   44.8  21531  -63.2  -89.3      2   0.00     84   26.1  509.9  510.0  510.0
   44.7  21544  -63.1  -89.3      2   0.00     85   26.2  510.4  510.4  510.4
   44.6  21557  -63.1  -89.3      2   0.00     85   26.3  510.9  510.9  510.9
   44.5  21570  -63.0  -89.3      2   0.00     86   26.4  511.2  511.3  511.2
   44.4  21583  -63.0  -89.3      2   0.00     86   26.4  511.6  511.6  511.6
   44.3  21596  -63.0  -89.3      2   0.00     87   26.4  511.9  511.9  511.9
   44.2  21609  -63.0  -89.3      2   0.00     87   26.4  512.3  512.3  512.3
   44.1  21622  -62.9  -89.3      2   0.00     88   26.4  512.8  512.8  512.8
   44.0  21636  -62.8  -89.2      2   0.00     88   26.3  513.4  513.4  513.4
   43.9  21649  -62.7  -89.1      2   0.00     88   26.2  514.0  514.0  514.0
   43.8  21663  -62.6  -89.0      2   0.00     88   26.1  514.7  514.7  514.7
   43.7  21677  -62.5  -88.9      2   0.00     88   26.0  515.2  515.2  515.2
   43.6  21692  -62.5  -88.9      2   0.00     87   25.9  515.7  515.7  515.7
