Latitude: 22.312 Longitude: 114.17
-----------------------------------------------------------------------------
   PRES   HGHT   TEMP   DWPT   RELH   MIXR   DRCT   SPED   THTA   THTE   THTV
    hPa      m      C      C      %   g/kg    deg    m/s      K      K      K 
-----------------------------------------------------------------------------
 1000.0     62                                                               
  999.6     66   27.7   26.8     95  22.77    100    0.1  300.9  368.4  305.0
  996.5     94   28.5   25.8     85  21.46    111    1.8  302.0  365.8  305.8
  995.2    105   28.5   25.7     85  21.40    114    2.2  302.1  365.8  306.0
  994.2    114   28.4   26.0     87  21.78    116    2.4  302.0  366.8  306.0
  993.3    122   28.3   26.0     87  21.76    118    2.6  302.0  366.8  305.9
  992.1    133   28.3   25.9     87  21.73    120    2.8  302.1  366.8  306.0
  991.0    143   28.1   25.9     88  21.74    122    3.0  302.1  366.8  306.0
  989.8    154   28.0   26.0     89  21.82    124    3.2  302.1  367.0  306.0
  988.5    165   27.9   26.0     89  21.92    124    3.3  302.1  367.3  306.0
  987.3    176   27.7   25.9     90  21.80    125    3.4  302.0  366.8  305.9
  986.1    187   27.7   25.8     90  21.68    125    3.5  302.0  366.5  305.9
  985.0    197   27.5   25.6     89  21.48    125    3.5  302.0  365.9  305.8
  983.9    207   27.6   25.3     88  21.13    123    3.5  302.1  364.9  305.9
  982.9    216   27.5   25.3     88  21.04    122    3.4  302.1  364.7  305.9
  981.9    225   27.4   25.3     88  21.09    120    3.4  302.1  364.9  305.9
  980.7    236   27.3   25.3     89  21.11    117    3.4  302.1  364.9  305.9
  979.6    246   27.2   25.4     90  21.26    114    3.3  302.1  365.4  305.9
  978.3    258   27.1   25.5     91  21.44    111    3.3  302.1  365.8  305.9
  977.0    270   26.9   25.5     92  21.44    108    3.3  302.1  365.8  305.9
  975.7    281   26.9   25.5     92  21.45    106    3.3  302.1  365.9  306.0
  974.5    292   26.7   25.6     94  21.72    103    3.3  302.1  366.7  306.0
  973.4    302   26.6   25.4     93  21.44    102    3.4  302.1  365.9  305.9
  972.5    311   26.6   25.2     92  21.25    101    3.4  302.1  365.4  306.0
  971.5    320   26.5   24.9     91  20.82    100    3.5  302.2  364.1  305.9
  970.5    329   26.6   24.9     90  20.79    100    3.5  302.3  364.2  306.0
  969.5    338   26.5   24.9     91  20.88    100    3.6  302.3  364.4  306.0
  968.5    347   26.5   24.7     90  20.60    101    3.6  302.4  363.7  306.1
  967.5    356   26.5   24.7     90  20.61    102    3.7  302.5  363.9  306.2
  966.5    365   26.4   24.7     90  20.65    103    3.7  302.4  363.9  306.1
  965.7    373   26.2   24.7     91  20.74    103    3.8  302.4  364.1  306.1
  964.6    383   26.1   24.8     93  20.83    104    3.8  302.3  364.3  306.1
  963.5    394   26.0   24.8     93  20.83    105    3.8  302.3  364.3  306.1
  962.5    403   25.9   24.6     92  20.62    105    3.8  302.3  363.7  306.1
  961.4    412   26.0   24.3     90  20.23    106    3.7  302.5  362.7  306.2
  960.3    423   26.1   24.0     88  19.93    106    3.7  302.7  362.0  306.3
  959.1    434   26.0   23.9     88  19.81    107    3.7  302.8  361.8  306.3
  958.0    444   26.2   22.9     82  18.68    108    3.6  303.0  358.7  306.4
  957.0    453   26.5   22.6     79  18.35    109    3.5  303.5  358.3  306.8
  956.0    463   26.5   22.5     79  18.26    110    3.4  303.6  358.1  306.9
  954.9    472   26.5   22.5     79  18.27    111    3.4  303.6  358.2  306.9
  953.8    483   26.4   22.5     79  18.30    113    3.3  303.7  358.4  307.0
  952.7    493   26.3   22.5     79  18.29    115    3.2  303.7  358.3  307.0
  951.7    502   26.3   22.3     79  18.11    117    3.2  303.7  357.8  307.0
  950.8    511   26.2   22.2     79  18.05    119    3.2  303.7  357.7  307.0
  949.8    520   26.2   22.2     79  18.05    121    3.2  303.8  357.7  307.1
  948.8    530   26.1   22.2     79  18.02    123    3.2  303.8  357.7  307.1
  947.8    539   26.1   22.1     79  17.97    125    3.3  303.8  357.6  307.1
  946.9    548   26.0   22.1     79  18.02    127    3.4  303.8  357.7  307.1
  945.8    557   25.9   22.2     80  18.06    129    3.5  303.8  357.8  307.1
  944.5    570   25.8   22.1     80  17.98    131    3.7  303.8  357.6  307.1
  943.1    583   25.7   22.0     80  17.94    132    3.9  303.9  357.5  307.1
  941.9    594   25.6   22.0     81  17.93    133    4.1  303.9  357.5  307.1
  940.8    605   25.4   22.0     81  18.00    135    4.2  303.8  357.7  307.1
  939.6    616   25.3   22.0     82  18.02    136    4.4  303.8  357.7  307.1
  938.3    628   25.3   21.9     82  17.87    137    4.6  303.9  357.3  307.1
  937.2    639   25.1   21.8     82  17.82    137    4.8  303.9  357.2  307.1
  935.9    650   25.1   21.8     82  17.84    138    4.9  304.0  357.3  307.2
  934.4    665   25.0   21.8     82  17.82    138    5.0  304.0  357.3  307.2
  932.9    679   24.9   21.6     82  17.65    139    5.1  304.0  356.8  307.2
  931.7    690   24.8   21.5     82  17.63    139    5.2  304.0  356.8  307.2
  930.6    701   24.6   21.6     83  17.75    138    5.2  304.0  357.1  307.2
  929.4    712   24.5   21.5     84  17.68    138    5.2  304.0  356.8  307.2
  928.3    722   24.4   21.6     84  17.75    138    5.2  304.0  357.1  307.2
  927.3    732   24.3   21.6     85  17.76    137    5.2  304.0  357.1  307.2
  926.1    743   24.3   21.4     84  17.63    136    5.2  304.0  356.7  307.2
  925.0    754   24.2   21.4     84  17.57    134    5.1  304.1  356.6  307.3
  923.9    764   24.1   21.4     85  17.63    134    5.1  304.0  356.8  307.2
  922.7    776   24.0   21.4     85  17.67    134    5.1  304.0  356.9  307.3
  921.3    789   23.9   21.4     86  17.67    133    5.1  304.1  356.9  307.3
  920.0    801   23.8   21.3     86  17.56    133    5.1  304.1  356.6  307.3
  918.8    813   23.7   21.2     86  17.51    133    5.0  304.1  356.5  307.3
  917.7    823   23.6   21.1     86  17.44    133    5.0  304.1  356.3  307.3
  916.5    834   23.6   21.0     85  17.35    133    5.0  304.2  356.2  307.4
  915.3    846   23.6   21.0     85  17.31    134    5.0  304.4  356.2  307.5
  914.1    858   23.5   20.9     85  17.23    135    5.0  304.4  356.0  307.5
  913.0    869   23.5   20.7     84  17.05    135    5.0  304.5  355.6  307.6
  912.1    877   23.4   20.6     84  17.03    136    5.0  304.5  355.5  307.6
  911.3    884   23.3   20.7     85  17.08    136    5.0  304.4  355.6  307.5
  910.4    893   23.3   20.6     85  17.07    136    5.1  304.5  355.6  307.6
  909.5    902   23.2   20.6     85  17.04    135    5.1  304.5  355.6  307.6
  908.5    912   23.1   20.6     86  17.09    134    5.2  304.5  355.7  307.6
  907.4    922   23.0   20.6     86  17.10    133    5.2  304.5  355.8  307.6
  906.2    934   22.9   20.5     86  17.02    132    5.2  304.5  355.5  307.6
  905.1    945   22.8   20.5     87  17.03    131    5.3  304.5  355.5  307.5
  904.1    954   22.7   20.5     88  17.02    130    5.2  304.5  355.5  307.6
  903.3    962   22.6   20.4     87  16.99    128    5.2  304.5  355.4  307.6
  902.3    972   22.5   20.5     88  17.03    127    5.1  304.5  355.5  307.6
  901.2    982   22.4   20.6     89  17.17    127    4.9  304.5  355.9  307.6
  900.3    991   22.3   20.6     90  17.17    127    4.7  304.5  355.9  307.6
  899.5    999   22.3   20.6     90  17.21    127    4.5  304.5  356.1  307.6
  898.7   1007   22.2   20.7     91  17.33    128    4.3  304.5  356.4  307.6
  897.9   1015   22.1   20.6     91  17.27    130    4.1  304.5  356.2  307.6
  896.9   1024   22.0   20.6     92  17.29    133    3.9  304.5  356.2  307.6
  895.7   1036   21.9   20.5     92  17.24    137    3.7  304.5  356.2  307.6
  894.6   1047   21.8   20.4     92  17.15    142    3.6  304.5  355.9  307.6
  893.6   1056   21.7   20.3     92  17.07    147    3.6  304.5  355.6  307.6
  892.8   1064   21.7   20.4     92  17.14    152    3.6  304.6  355.9  307.7
  892.0   1072   21.7   20.5     93  17.32    157    3.7  304.6  356.5  307.8
  891.1   1081   21.6   20.6     95  17.45    161    3.8  304.6  356.9  307.8
  890.1   1090   21.5   20.6     95  17.42    164    3.9  304.6  356.8  307.8
  889.1   1100   21.4   20.6     95  17.46    166    4.1  304.6  356.9  307.8
  887.9   1112   21.2   20.7     97  17.62    168    4.2  304.5  357.3  307.7
  886.6   1124   21.0   20.8     99  17.70    169    4.2  304.5  357.5  307.7
  885.5   1135   20.9   20.7     99  17.60    170    4.2  304.4  357.2  307.6
  884.6   1144   20.8   20.6     99  17.55    171    4.2  304.4  357.0  307.6
  883.6   1155   20.8   20.5     98  17.40    171    4.1  304.5  356.6  307.7
  882.5   1165   20.9   20.1     95  17.06    171    4.0  304.7  355.9  307.8
  881.4   1176   21.1   19.8     93  16.74    171    3.9  305.0  355.3  308.1
  880.3   1187   21.3   19.5     90  16.41    170    3.8  305.3  354.7  308.3
  879.2   1198   21.3   19.3     89  16.28    169    3.7  305.5  354.5  308.5
  878.1   1208   21.3   19.4     89  16.31    167    3.7  305.6  354.7  308.5
  877.1   1218   21.2   19.3     89  16.29    165    3.6  305.6  354.7  308.6
  876.1   1228   21.2   19.2     88  16.24    163    3.6  305.7  354.6  308.7
  875.0   1239   21.1   19.3     89  16.32    160    3.7  305.7  354.9  308.7
  873.9   1250   21.0   19.2     89  16.19    157    3.7  305.7  354.4  308.6
  872.9   1260   20.9   19.1     89  16.10    154    3.8  305.7  354.2  308.7
  871.9   1270   20.8   19.0     89  16.08    152    3.9  305.7  354.1  308.6
  871.0   1279   20.8   19.0     90  16.09    149    4.0  305.8  354.2  308.7
  870.0   1289   20.7   19.0     90  16.07    146    4.2  305.8  354.2  308.7
  868.9   1300   20.7   18.9     89  15.99    144    4.3  305.9  354.1  308.8
  867.9   1310   20.6   18.9     90  16.03    142    4.4  305.9  354.2  308.8
  867.0   1319   20.4   19.0     92  16.13    140    4.5  305.8  354.3  308.7
  866.1   1328   20.3   19.0     92  16.17    139    4.5  305.8  354.5  308.7
  865.3   1336   20.3   18.9     92  16.12    138    4.5  305.8  354.4  308.8
  864.4   1346   20.2   18.9     93  16.11    138    4.5  305.8  354.3  308.7
  863.4   1355   20.1   18.9     93  16.08    138    4.5  305.8  354.2  308.7
  862.6   1363   20.0   18.8     93  16.02    138    4.4  305.8  354.1  308.7
  861.6   1373   20.0   18.7     93  15.99    139    4.3  305.9  354.1  308.8
  860.6   1383   19.9   18.7     93  16.01    140    4.1  305.9  354.1  308.8
  859.6   1393   19.8   18.7     94  16.03    142    4.0  305.9  354.1  308.8
  858.5   1405   19.7   18.6     94  15.94    143    3.8  305.9  353.9  308.8
  857.3   1417   19.6   18.5     93  15.85    145    3.7  305.9  353.7  308.8
  856.1   1428   19.5   18.4     93  15.71    147    3.5  306.0  353.3  308.8
  855.0   1440   19.6   18.2     92  15.58    149    3.4  306.1  353.1  309.0
  853.9   1451   19.5   18.1     92  15.48    151    3.3  306.2  352.9  309.0
  852.9   1461   19.5   18.1     92  15.50    152    3.2  306.3  353.1  309.1
  852.0   1470   19.4   18.1     92  15.57    153    3.1  306.3  353.3  309.1
  851.2   1478   19.3   18.1     93  15.57    154    3.1  306.2  353.2  309.1
  850.2   1488   19.3   17.8     91  15.30    154    3.1  306.3  352.5  309.1
  850.0   1490   19.3   17.8     91  15.26    153    3.1  306.3  352.4  309.1
  849.2   1499   19.4   17.6     89  15.09    153    3.1  306.5  352.1  309.3
  848.2   1509   19.4   17.5     89  14.96    152    3.1  306.6  351.9  309.4
  847.2   1519   19.3   17.4     89  14.96    150    3.2  306.6  351.9  309.4
  846.3   1528   19.2   17.2     88  14.79    149    3.3  306.7  351.4  309.4
  845.3   1538   19.4   17.1     87  14.69    147    3.4  306.9  351.3  309.6
  844.3   1548   19.3   17.2     88  14.74    146    3.5  306.9  351.5  309.6
  843.5   1556   19.2   17.1     88  14.74    145    3.7  306.9  351.5  309.6
  842.8   1564   19.1   17.1     88  14.70    145    3.8  306.9  351.4  309.6
  841.8   1574   19.0   17.1     89  14.72    145    4.0  306.9  351.5  309.6
  840.9   1584   19.0   17.0     88  14.64    145    4.1  306.9  351.3  309.6
  840.0   1593   18.9   17.0     89  14.65    146    4.3  306.9  351.3  309.6
  839.1   1602   18.8   17.0     89  14.64    147    4.4  307.0  351.3  309.7
  838.2   1611   18.8   16.9     89  14.57    149    4.5  307.0  351.1  309.7
  837.5   1619   18.7   16.9     89  14.60    150    4.5  307.0  351.2  309.7
  836.8   1626   18.6   16.9     90  14.64    152    4.5  307.0  351.3  309.7
  835.9   1634   18.6   16.9     90  14.62    154    4.5  307.0  351.3  309.7
  835.0   1644   18.5   16.8     90  14.57    155    4.4  307.1  351.2  309.8
  834.0   1654   18.5   16.7     89  14.50    156    4.3  307.2  351.1  309.8
  833.1   1664   18.4   16.6     89  14.46    158    4.2  307.2  351.0  309.9
  832.0   1675   18.4   16.7     90  14.55    159    4.0  307.2  351.3  309.9
  830.9   1687   18.2   16.7     91  14.57    159    3.8  307.2  351.4  309.9
  829.8   1697   18.2   16.6     90  14.48    159    3.6  307.3  351.2  309.9
  828.8   1708   18.1   16.5     91  14.43    159    3.4  307.3  351.1  310.0
  827.9   1717   18.1   16.5     90  14.37    159    3.3  307.4  351.0  310.0
  827.1   1726   18.0   16.4     90  14.34    158    3.2  307.4  350.9  310.1
  826.4   1733   18.0   16.4     91  14.39    158    3.1  307.4  351.1  310.1
  825.6   1741   17.9   16.4     91  14.38    157    3.1  307.4  351.1  310.1
  824.9   1749   17.9   16.4     91  14.34    157    3.2  307.5  351.0  310.1
  824.1   1757   17.8   16.3     90  14.25    157    3.2  307.5  350.8  310.1
  823.1   1767   17.8   16.0     89  14.05    157    3.4  307.6  350.3  310.2
  822.1   1778   17.8   15.6     87  13.70    158    3.5  307.7  349.4  310.2
  821.2   1787   17.8   15.4     86  13.56    159    3.7  307.8  349.0  310.3
  820.4   1796   17.8   15.2     85  13.38    160    3.9  307.8  348.6  310.3
  819.5   1805   17.8   15.0     84  13.16    161    4.1  308.0  348.0  310.4
  818.7   1814   17.8   14.7     82  12.96    162    4.2  308.0  347.5  310.4
  817.8   1823   17.8   14.6     81  12.87    163    4.4  308.1  347.4  310.5
  816.9   1833   17.7   14.7     82  13.00    164    4.5  308.2  347.8  310.6
  816.0   1842   17.6   14.7     83  12.96    165    4.6  308.2  347.7  310.6
  815.3   1850   17.6   14.5     82  12.82    165    4.6  308.2  347.3  310.6
  814.5   1858   17.5   14.5     83  12.89    166    4.6  308.2  347.5  310.6
  813.8   1865   17.5   14.5     83  12.87    167    4.6  308.2  347.5  310.6
  813.1   1872   17.4   14.5     83  12.86    167    4.6  308.2  347.4  310.6
  812.5   1879   17.3   14.4     83  12.81    168    4.6  308.2  347.3  310.6
  811.7   1887   17.3   14.4     83  12.82    168    4.6  308.3  347.4  310.7
  810.9   1896   17.3   14.3     83  12.73    169    4.6  308.3  347.2  310.7
  810.2   1903   17.3   14.1     82  12.58    169    4.6  308.4  346.8  310.7
  809.5   1911   17.2   14.0     81  12.52    169    4.6  308.5  346.7  310.8
  808.7   1919   17.2   13.8     80  12.34    168    4.7  308.5  346.2  310.8
  807.9   1927   17.3   13.4     78  12.02    168    4.7  308.7  345.5  310.9
  807.2   1935   17.4   13.3     77  11.99    168    4.8  308.9  345.5  311.1
  806.4   1943   17.3   13.3     77  12.02    167    4.8  308.9  345.7  311.1
  805.7   1951   17.3   13.3     77  11.99    166    4.8  308.9  345.6  311.2
  805.1   1957   17.3   13.2     77  11.92    165    4.8  309.0  345.5  311.2
  804.5   1963   17.3   13.0     76  11.81    164    4.8  309.1  345.2  311.2
  803.9   1970   17.4   12.7     74  11.56    163    4.8  309.2  344.6  311.3
  803.0   1979   17.4   12.8     74  11.67    162    4.8  309.4  345.2  311.5
  802.3   1987   17.4   13.1     76  11.93    161    4.7  309.5  346.0  311.7
  801.7   1993   17.4   13.1     76  11.92    161    4.6  309.5  346.0  311.7
  801.3   1998   17.4   12.8     74  11.68    160    4.5  309.5  345.4  311.7
  800.7   2004   17.4   12.3     72  11.31    160    4.4  309.6  344.3  311.7
  799.8   2013   17.4   12.3     72  11.28    159    4.2  309.7  344.4  311.8
  798.9   2023   17.3   12.2     72  11.25    159    4.1  309.7  344.2  311.8
  798.2   2031   17.3   12.0     71  11.08    159    4.0  309.7  343.8  311.8
  797.4   2039   17.4   11.8     70  11.00    159    4.0  309.9  343.8  312.0
  796.6   2048   17.3   11.7     69  10.89    158    3.9  310.0  343.5  312.0
  795.8   2056   17.4   11.4     68  10.71    158    4.0  310.1  343.1  312.1
  795.1   2064   17.4   11.0     66  10.41    158    4.0  310.3  342.4  312.2
  794.4   2071   17.4   10.5     64  10.10    158    4.0  310.3  341.5  312.2
  793.6   2080   17.4   10.2     63   9.89    157    4.1  310.4  341.0  312.2
  792.8   2089   17.3   10.1     62   9.85    157    4.2  310.4  340.9  312.3
  791.9   2098   17.3    9.9     62   9.73    156    4.3  310.4  340.5  312.3
  791.1   2107   17.3    9.2     59   9.30    156    4.4  310.5  339.3  312.3
  790.2   2117   17.3    8.4     56   8.80    156    4.6  310.7  338.0  312.3
  789.5   2124   17.3    8.5     56   8.84    156    4.7  310.8  338.2  312.4
  788.9   2131   17.2    9.3     60   9.37    155    4.8  310.7  339.8  312.5
  788.2   2138   17.1    9.6     61   9.58    156    4.9  310.7  340.3  312.4
  787.4   2147   17.0    8.8     59   9.09    156    5.0  310.6  338.8  312.3
  786.6   2157   17.1    7.2     52   8.15    156    5.1  310.8  336.2  312.3
  785.9   2164   17.2    6.1     48   7.53    157    5.3  311.0  334.5  312.4
  785.2   2171   17.2    5.8     47   7.39    158    5.4  311.1  334.2  312.5
  784.5   2179   17.1    6.1     48   7.57    158    5.5  311.1  334.8  312.5
  783.8   2186   17.1    6.9     51   7.99    158    5.6  311.1  336.1  312.6
  783.2   2193   16.9    9.1     60   9.30    158    5.7  311.0  339.9  312.8
  782.7   2198   16.8   10.3     65  10.08    158    5.8  311.0  342.2  312.9
  782.2   2204   16.7   10.6     67  10.34    158    5.9  311.0  343.0  312.9
  781.5   2212   16.6   11.3     71  10.81    158    6.0  310.9  344.4  313.0
  780.7   2220   16.5   10.9     69  10.56    157    6.0  310.9  343.6  312.9
  780.1   2227   16.6   10.0     65   9.94    157    6.0  311.1  341.9  312.9
  779.5   2233   16.8    9.3     61   9.49    156    6.0  311.3  340.8  313.1
  779.0   2238   16.8    9.1     60   9.35    155    6.0  311.4  340.5  313.2
  778.5   2244   16.8    9.3     61   9.52    154    6.0  311.5  341.1  313.3
  777.8   2252   16.8    9.4     62   9.56    154    5.9  311.5  341.2  313.3
  777.2   2259   16.8    9.1     61   9.40    153    5.8  311.6  340.8  313.3
  776.7   2264   16.9    8.8     59   9.22    152    5.7  311.7  340.5  313.5
  776.2   2269   16.9    8.7     58   9.12    152    5.6  311.8  340.2  313.5
  775.7   2275   16.9    8.5     58   9.02    152    5.5  311.8  340.0  313.5
  774.9   2284   16.9    8.4     57   8.95    152    5.4  312.0  339.9  313.7
  774.0   2294   16.9    7.9     55   8.68    152    5.4  312.1  339.2  313.7
  773.2   2303   16.9    7.4     54   8.41    152    5.4  312.2  338.5  313.8
  772.6   2309   16.9    7.3     53   8.35    152    5.3  312.3  338.4  313.8
  771.9   2317   16.9    7.5     54   8.47    152    5.4  312.3  338.8  313.9
  771.0   2327   16.7    7.6     55   8.53    152    5.4  312.3  338.9  313.9
  770.3   2334   16.7    7.2     54   8.33    152    5.5  312.3  338.3  313.8
  769.8   2340   16.7    6.5     51   7.92    152    5.6  312.4  337.2  313.9
  769.1   2348   16.7    6.8     52   8.09    151    5.8  312.5  337.8  314.0
  768.3   2357   16.7    6.7     52   8.05    151    5.9  312.5  337.8  314.0
  767.5   2366   16.6    6.8     52   8.09    150    6.1  312.5  337.9  314.1
  766.7   2375   16.6    6.8     52   8.12    150    6.3  312.6  338.0  314.1
  765.9   2383   16.5    6.8     53   8.10    149    6.4  312.6  338.0  314.1
  765.1   2392   16.4    6.6     52   7.99    149    6.6  312.6  337.7  314.1
  764.3   2401   16.4    6.4     52   7.91    148    6.7  312.6  337.5  314.1
  763.6   2409   16.3    6.4     52   7.92    148    6.8  312.7  337.6  314.2
  762.8   2418   16.3    6.5     52   7.99    148    6.9  312.7  337.8  314.2
  761.9   2428   16.2    6.6     53   8.05    148    6.9  312.7  338.0  314.2
  760.9   2439   16.1    6.8     54   8.20    148    6.9  312.7  338.4  314.2
  760.0   2449   16.0    7.1     56   8.36    148    6.9  312.7  338.9  314.3
  759.1   2460   16.0    6.7     54   8.12    148    6.9  312.8  338.3  314.3
  758.1   2470   15.9    6.5     54   8.06    149    6.8  312.9  338.2  314.4
  757.3   2480   15.9    6.7     54   8.13    149    6.8  312.9  338.5  314.5
  756.3   2491   15.8    6.7     55   8.20    149    6.7  312.9  338.7  314.5
  755.4   2501   15.7    7.0     56   8.35    149    6.6  312.9  339.1  314.5
  754.5   2511   15.6    7.2     57   8.46    149    6.6  312.9  339.4  314.5
  753.7   2521   15.5    7.0     57   8.40    149    6.5  312.9  339.2  314.5
  752.7   2531   15.4    6.8     57   8.29    149    6.4  312.9  338.9  314.5
  751.9   2541   15.3    6.9     57   8.33    148    6.4  312.9  339.0  314.5
  751.1   2550   15.2    7.3     59   8.58    148    6.3  312.9  339.8  314.5
  750.1   2561   15.0    7.7     62   8.83    147    6.2  312.8  340.5  314.5
  749.1   2572   14.9    7.5     61   8.74    145    6.1  312.8  340.2  314.5
  748.3   2582   14.8    7.6     62   8.80    144    6.1  312.8  340.4  314.5
  747.5   2590   14.7    8.0     64   9.03    142    6.0  312.9  341.1  314.6
  746.7   2600   14.7    8.0     65   9.09    140    6.0  312.8  341.3  314.6
  745.7   2611   14.5    8.3     66   9.24    139    6.0  312.8  341.8  314.6
  744.7   2622   14.4    8.4     67   9.31    137    6.0  312.9  342.0  314.6
  743.8   2632   14.4    8.2     66   9.19    135    6.0  312.9  341.7  314.7
  743.0   2642   14.4    7.9     65   9.06    134    6.0  313.0  341.4  314.7
  742.0   2652   14.4    7.6     64   8.89    133    6.0  313.2  341.1  314.9
  741.1   2662   14.7    7.2     61   8.64    132    6.1  313.6  340.7  315.2
  740.4   2671   14.8    7.0     59   8.52    132    6.1  313.8  340.6  315.4
  739.6   2681   14.8    6.6     58   8.30    131    6.2  313.9  340.1  315.5
  738.8   2690   14.9    6.2     56   8.08    131    6.2  314.1  339.6  315.6
  737.9   2699   14.8    6.3     57   8.14    131    6.1  314.1  339.8  315.7
  737.1   2709   14.8    6.3     57   8.18    132    6.1  314.1  339.9  315.7
  736.1   2720   14.6    6.4     58   8.23    132    6.0  314.1  340.0  315.6
  735.0   2733   14.5    6.2     57   8.13    132    5.9  314.1  339.8  315.6
  734.0   2745   14.5    5.9     56   7.96    132    5.8  314.2  339.3  315.7
  732.9   2757   14.5    5.1     53   7.54    131    5.6  314.3  338.2  315.7
  731.7   2771   14.5    4.6     51   7.31    131    5.4  314.5  337.7  315.9
  730.7   2783   14.5    4.5     51   7.26    130    5.2  314.6  337.6  316.0
  729.8   2793   14.4    4.5     51   7.26    130    5.1  314.7  337.7  316.0
  729.0   2802   14.4    4.7     52   7.37    129    4.9  314.7  338.1  316.1
  728.2   2812   14.3    4.8     53   7.42    128    4.8  314.7  338.2  316.1
  727.3   2822   14.3    4.8     53   7.44    127    4.7  314.8  338.4  316.2
  726.5   2832   14.2    4.8     53   7.44    126    4.7  314.9  338.5  316.3
  725.6   2842   14.2    4.7     53   7.39    125    4.6  314.9  338.4  316.3
  724.7   2852   14.1    4.5     53   7.33    124    4.7  314.9  338.2  316.3
  723.7   2864   14.0    4.5     53   7.33    124    4.7  314.9  338.2  316.3
  722.8   2875   13.9    4.4     53   7.28    124    4.8  315.0  338.1  316.4
  721.9   2885   13.8    4.3     53   7.25    124    5.0  315.0  338.0  316.4
  721.0   2895   13.8    4.1     52   7.14    124    5.1  315.1  337.8  316.4
  720.0   2907   13.7    4.0     52   7.10    124    5.3  315.1  337.7  316.4
  719.0   2919   13.6    4.0     52   7.12    125    5.4  315.1  337.7  316.4
  717.9   2932   13.5    4.0     53   7.11    126    5.6  315.1  337.7  316.4
  717.0   2942   13.4    3.8     52   7.04    126    5.8  315.1  337.5  316.4
  716.2   2952   13.3    3.6     52   6.96    127    6.0  315.1  337.3  316.4
  715.2   2964   13.2    3.7     53   7.02    128    6.2  315.1  337.5  316.5
  714.2   2976   13.1    4.2     55   7.28    129    6.3  315.1  338.3  316.5
  713.2   2987   13.0    4.1     55   7.23    129    6.5  315.1  338.1  316.5
  712.1   3000   12.9    3.5     53   6.93    130    6.6  315.2  337.3  316.5
  711.1   3012   12.8    3.2     52   6.81    131    6.6  315.3  337.0  316.5
  710.2   3022   12.8    3.4     53   6.92    131    6.7  315.3  337.3  316.6
  709.4   3032   12.7    3.7     54   7.04    132    6.7  315.3  337.7  316.6
  708.8   3039   12.6    3.8     55   7.11    132    6.6  315.3  337.9  316.6
  708.1   3048   12.5    4.9     60   7.68    133    6.5  315.3  339.7  316.7
  707.3   3056   12.4    6.5     67   8.63    133    6.4  315.2  342.5  316.8
  706.5   3066   12.2    6.4     68   8.59    134    6.2  315.2  342.3  316.8
  705.5   3078   12.1    6.7     69   8.74    134    6.1  315.2  342.8  316.8
  704.4   3092   11.9    7.2     73   9.09    135    5.9  315.1  343.8  316.8
  703.3   3104   11.9    7.2     73   9.08    135    5.8  315.2  343.8  316.9
  702.4   3115   11.8    7.0     73   9.02    136    5.6  315.2  343.7  316.9
  701.7   3123   11.8    6.5     70   8.67    137    5.5  315.3  342.8  317.0
  701.0   3132   11.9    5.3     64   8.01    138    5.5  315.5  340.9  317.0
  700.2   3141   12.1    5.1     63   7.92    138    5.4  315.8  341.0  317.3
  700.0   3144   12.1    5.3     63   8.02    139    5.4  315.8  341.3  317.3
  699.5   3150   12.1    5.7     65   8.25    139    5.4  315.9  342.1  317.5
  698.8   3159   12.1    5.3     63   8.02    140    5.4  316.0  341.5  317.5
  698.0   3168   12.1    4.3     59   7.48    140    5.5  316.2  340.0  317.6
  697.3   3176   12.4    2.0     49   6.36    140    5.5  316.5  336.9  317.7
  696.7   3183   12.5    1.5     47   6.14    140    5.6  316.7  336.5  317.9
  696.1   3190   12.5    1.8     48   6.28    140    5.6  316.8  337.0  318.0
  695.5   3198   12.4    1.9     49   6.34    140    5.7  316.8  337.2  318.0
  694.7   3208   12.4    2.2     50   6.46    140    5.8  316.8  337.6  318.1
  693.7   3220   12.3    2.0     49   6.40    140    5.8  316.9  337.5  318.1
  692.8   3231   12.3    1.2     47   6.02    139    5.8  317.0  336.4  318.1
  692.0   3240   12.3    0.8     45   5.87    139    5.9  317.1  336.1  318.2
  691.2   3250   12.3    0.2     44   5.63    139    5.9  317.2  335.4  318.2
  690.3   3262   12.4   -1.2     39   5.08    140    5.9  317.4  333.9  318.4
  689.3   3274   12.3   -1.1     40   5.14    140    6.0  317.4  334.1  318.4
  688.3   3286   12.2   -1.0     40   5.17    140    6.0  317.4  334.3  318.4
  687.3   3298   12.1   -1.0     40   5.17    141    6.0  317.5  334.3  318.4
  686.5   3307   12.0   -0.6     42   5.34    142    6.0  317.5  334.8  318.5
  685.9   3315   11.9   -0.1     43   5.54    143    5.9  317.5  335.5  318.6
  685.1   3324   11.8   -0.2     44   5.53    143    5.9  317.5  335.4  318.5
  684.3   3334   11.7    0.1     45   5.65    144    5.9  317.5  335.8  318.5
  683.4   3345   11.6   -0.0     45   5.60    145    5.8  317.5  335.6  318.5
  682.5   3356   11.5    0.8     48   5.95    146    5.8  317.5  336.7  318.6
  681.7   3366   11.3    3.0     56   6.98    146    5.7  317.4  339.8  318.7
  680.7   3379   11.2    3.8     60   7.41    146    5.6  317.4  341.1  318.8
  679.6   3392   11.1    4.2     62   7.62    146    5.5  317.4  341.8  318.9
  678.6   3404   11.0    4.8     66   7.98    146    5.5  317.4  343.0  319.0
  677.8   3414   10.9    4.7     65   7.92    145    5.5  317.4  342.8  318.9
  677.0   3424   10.8    4.6     66   7.90    145    5.4  317.4  342.7  318.9
  676.1   3434   10.7    4.3     65   7.75    144    5.5  317.4  342.3  318.9
  675.1   3447   10.7    4.0     63   7.58    143    5.5  317.5  341.8  319.0
  674.0   3461   10.6    4.1     64   7.66    141    5.5  317.6  342.1  319.1
  673.1   3473   10.4    4.2     65   7.73    141    5.6  317.5  342.3  319.0
  672.3   3483   10.5    3.6     62   7.39    140    5.7  317.7  341.4  319.1
  671.4   3493   10.4    3.0     60   7.12    139    5.8  317.8  340.6  319.1
  670.4   3505   10.4    2.5     58   6.85    139    5.9  317.9  339.9  319.2
  669.5   3517   10.3    2.5     58   6.86    140    6.0  317.9  340.0  319.2
  668.7   3527   10.2    2.2     57   6.73    141    6.1  317.9  339.6  319.2
  667.9   3537   10.2    1.5     55   6.39    142    6.1  318.0  338.6  319.2
  666.9   3549   10.2    1.6     55   6.48    143    6.2  318.1  339.1  319.4
  665.8   3562   10.2    2.4     59   6.87    145    6.3  318.2  340.4  319.6
  664.8   3575   10.0    2.3     59   6.83    146    6.4  318.2  340.2  319.5
  663.8   3588   10.1    2.3     58   6.81    148    6.4  318.4  340.4  319.7
  662.8   3600   10.0    2.2     58   6.79    150    6.5  318.5  340.4  319.8
  661.9   3612    9.9    2.0     58   6.69    151    6.5  318.5  340.1  319.8
  660.9   3625    9.9    1.0     54   6.22    152    6.6  318.6  338.8  319.8
  660.0   3636   10.1   -0.6     47   5.54    153    6.6  318.9  337.0  320.0
  659.2   3645   10.0   -0.4     48   5.66    153    6.5  319.0  337.4  320.0
  658.4   3656   10.0   -1.4     45   5.26    154    6.5  319.0  336.2  320.1
  657.4   3668    9.9   -1.4     45   5.28    153    6.4  319.1  336.4  320.1
  656.5   3680    9.8   -1.3     46   5.32    153    6.3  319.1  336.5  320.1
  655.7   3690    9.7   -1.4     46   5.27    152    6.2  319.1  336.4  320.1
  654.8   3701    9.6   -1.2     47   5.36    151    6.0  319.1  336.7  320.2
  653.8   3715    9.5   -1.2     47   5.39    150    5.9  319.1  336.7  320.2
  652.8   3727    9.4   -0.9     49   5.51    149    5.9  319.2  337.2  320.2
  652.0   3737    9.3   -0.0     52   5.86    147    5.8  319.2  338.3  320.3
  651.3   3746    9.2    1.4     58   6.54    146    5.8  319.1  340.4  320.4
  650.5   3757    9.1    1.9     61   6.79    144    5.9  319.1  341.1  320.4
  649.6   3767    9.0    1.8     61   6.73    143    6.0  319.1  340.9  320.4
  648.7   3779    8.8    1.9     62   6.78    141    6.1  319.1  341.1  320.4
  647.8   3791    8.7    2.2     63   6.93    140    6.3  319.1  341.5  320.4
  646.9   3802    8.6    2.3     64   6.99    139    6.4  319.1  341.7  320.5
  646.0   3813    8.5    2.4     66   7.09    138    6.6  319.1  342.0  320.5
  645.1   3825    8.4    2.2     65   6.97    137    6.8  319.1  341.6  320.4
  644.3   3836    8.3    2.2     66   7.00    136    6.9  319.1  341.7  320.4
  643.4   3846    8.2    2.8     69   7.32    135    7.0  319.1  342.7  320.5
  642.6   3858    8.1    3.1     70   7.45    133    7.0  319.1  343.2  320.6
  641.7   3868    8.1    2.7     69   7.27    132    7.0  319.2  342.8  320.6
  640.9   3879    8.0    2.6     69   7.24    131    7.0  319.3  342.7  320.7
  640.2   3889    7.9    2.8     70   7.36    130    6.9  319.3  343.0  320.7
  639.3   3899    7.8    2.7     70   7.31    129    6.9  319.3  342.9  320.7
  638.5   3910    7.7    2.4     69   7.13    128    6.8  319.3  342.4  320.7
  637.7   3920    7.7    2.0     67   6.95    127    6.7  319.3  341.8  320.7
  636.9   3931    7.5    2.0     68   6.98    126    6.6  319.3  341.9  320.7
  636.1   3941    7.4    1.8     67   6.87    125    6.6  319.3  341.6  320.6
  635.3   3951    7.4    1.8     68   6.87    125    6.5  319.3  341.6  320.7
  634.5   3962    7.3    1.7     68   6.86    125    6.5  319.3  341.5  320.6
  633.6   3974    7.1    1.8     69   6.92    124    6.5  319.3  341.7  320.6
  632.8   3984    7.0    2.8     74   7.42    124    6.6  319.3  343.2  320.7
  632.1   3994    6.8    3.2     77   7.63    125    6.6  319.2  343.8  320.7
  631.4   4003    6.7    2.9     77   7.52    125    6.7  319.2  343.4  320.6
  630.7   4012    6.7    2.8     76   7.43    124    6.7  319.2  343.2  320.6
  629.8   4023    6.6    2.7     76   7.39    124    6.8  319.3  343.1  320.7
  629.0   4033    6.5    2.6     76   7.39    124    6.8  319.3  343.2  320.7
  628.3   4043    6.5    2.9     78   7.52    124    6.8  319.3  343.6  320.8
  627.6   4052    6.4    2.9     78   7.56    123    6.8  319.3  343.7  320.8
  626.8   4063    6.3    2.9     79   7.56    123    6.8  319.4  343.8  320.8
  625.8   4075    6.2    2.6     78   7.41    122    6.7  319.4  343.3  320.8
  625.1   4085    6.2    1.7     73   6.93    122    6.5  319.5  341.9  320.8
  624.4   4093    6.2    1.4     72   6.83    122    6.4  319.6  341.7  320.9
  623.8   4102    6.2    0.2     66   6.25    121    6.2  319.7  340.0  320.9
  623.0   4113    6.4   -2.6     53   5.09    121    6.1  320.0  336.7  321.0
  622.1   4124    6.5   -3.5     49   4.77    121    5.9  320.3  336.1  321.2
  621.3   4134    6.5   -3.4     49   4.81    121    5.8  320.4  336.3  321.4
  620.5   4145    6.5   -3.1     50   4.90    121    5.7  320.5  336.6  321.4
  619.8   4154    6.4   -2.9     51   5.00    121    5.6  320.5  337.0  321.5
  619.2   4163    6.4   -2.7     52   5.07    121    5.6  320.6  337.3  321.6
  618.6   4171    6.4   -2.9     52   5.02    122    5.6  320.6  337.2  321.6
  618.0   4179    6.3   -2.7     53   5.10    122    5.7  320.7  337.5  321.7
  617.3   4188    6.3   -2.4     54   5.20    123    5.8  320.8  337.9  321.8
  616.5   4199    6.4   -3.4     50   4.84    123    5.9  321.0  337.0  321.9
  615.7   4209    6.5   -5.6     42   4.09    124    6.0  321.2  334.9  322.0
  614.9   4219    6.5   -7.1     37   3.66    124    6.1  321.4  333.6  322.1
  614.1   4231    6.5   -7.4     36   3.57    125    6.3  321.5  333.5  322.1
  613.3   4241    6.5   -7.1     37   3.66    126    6.4  321.5  333.8  322.2
  612.7   4249    6.4   -6.0     41   3.99    126    6.5  321.5  334.8  322.3
  612.0   4258    6.2   -2.9     52   5.04    127    6.6  321.4  338.1  322.4
  611.3   4268    6.0   -1.7     58   5.53    128    6.6  321.3  339.5  322.4
  610.6   4277    5.9   -2.1     56   5.40    129    6.7  321.3  339.1  322.4
  609.9   4287    5.8   -1.9     57   5.46    131    6.7  321.3  339.3  322.4
  609.1   4298    5.7   -1.8     58   5.51    132    6.7  321.3  339.5  322.4
  608.2   4310    5.6   -1.9     58   5.50    133    6.7  321.3  339.4  322.4
  607.5   4319    5.6   -1.8     59   5.52    134    6.6  321.4  339.5  322.4
  606.8   4329    5.5   -2.0     59   5.48    135    6.6  321.4  339.4  322.4
  606.1   4338    5.4   -1.9     59   5.50    136    6.6  321.4  339.5  322.4
  605.5   4347    5.3   -1.5     62   5.68    137    6.5  321.4  340.0  322.5
  604.8   4355    5.2   -1.3     62   5.75    137    6.5  321.4  340.3  322.5
  604.1   4365    5.1   -0.8     66   6.00    137    6.5  321.4  341.1  322.5
  603.3   4376    5.0    0.4     72   6.55    138    6.4  321.3  342.7  322.6
  602.6   4385    4.9    0.1     71   6.40    138    6.4  321.4  342.3  322.6
  602.0   4394    4.8    0.1     71   6.40    137    6.4  321.4  342.3  322.6
  601.4   4402    4.8    0.1     71   6.41    137    6.3  321.4  342.4  322.6
  600.7   4411    4.7    0.3     73   6.52    137    6.3  321.4  342.7  322.6
  600.1   4420    4.6    0.3     74   6.56    137    6.3  321.4  342.9  322.7
  599.4   4429    4.6    0.3     74   6.54    137    6.2  321.4  342.8  322.7
  598.5   4441    4.5    0.5     75   6.64    137    6.2  321.5  343.2  322.8
  597.6   4453    4.5    0.3     74   6.55    137    6.1  321.6  343.0  322.9
  596.9   4462    4.4    0.1     74   6.47    137    6.0  321.6  342.8  322.9
  596.3   4472    4.3    0.0     74   6.46    137    6.0  321.6  342.7  322.8
  595.5   4482    4.2   -0.2     73   6.35    138    5.9  321.6  342.4  322.8
  594.8   4492    4.1   -0.5     72   6.20    138    5.8  321.6  342.0  322.8
  594.1   4501    4.1   -0.8     71   6.10    139    5.7  321.7  341.7  322.9
  593.5   4510    4.0   -0.9     70   6.05    140    5.7  321.7  341.6  322.9
  592.8   4519    4.0   -1.1     70   5.98    140    5.6  321.8  341.4  322.9
  592.0   4530    3.9   -1.4     68   5.84    141    5.6  321.9  341.1  323.0
  591.3   4539    3.9   -1.8     66   5.69    142    5.6  321.9  340.7  323.0
  590.7   4548    3.9   -2.2     65   5.54    142    5.7  322.0  340.3  323.1
  590.0   4557    3.9   -2.1     65   5.57    143    5.7  322.1  340.5  323.2
  589.3   4567    3.9   -1.8     67   5.71    143    5.8  322.2  341.0  323.3
  588.8   4575    3.9   -2.0     66   5.62    143    6.0  322.3  340.8  323.4
  588.1   4583    3.8   -1.9     66   5.67    144    6.2  322.3  341.0  323.4
  587.4   4594    3.6   -1.9     67   5.68    144    6.3  322.2  341.0  323.3
  586.6   4605    3.6   -2.5     65   5.45    143    6.5  322.3  340.3  323.3
  585.6   4618    3.6   -3.3     61   5.13    143    6.7  322.4  339.4  323.4
  584.7   4631    3.5   -2.4     65   5.52    143    6.9  322.5  340.8  323.6
  583.7   4644    3.5   -0.3     76   6.42    143    7.1  322.6  343.8  323.9
  582.9   4655    3.4   -0.5     76   6.34    142    7.3  322.6  343.5  323.9
  582.2   4666    3.3   -1.5     71   5.91    142    7.4  322.7  342.2  323.8
  581.4   4676    3.4   -2.7     64   5.41    141    7.5  322.8  340.7  323.9
  580.7   4686    3.4   -3.3     62   5.17    140    7.6  323.0  340.1  324.0
  580.0   4696    3.4   -3.9     59   4.97    139    7.6  323.1  339.6  324.0
  579.4   4705    3.3   -4.3     57   4.82    138    7.6  323.1  339.2  324.1
  578.7   4715    3.3   -5.5     52   4.39    137    7.5  323.2  337.9  324.1
  577.9   4726    3.5   -6.8     47   3.99    136    7.5  323.6  337.0  324.3
  577.2   4736    3.6   -5.2     53   4.50    134    7.4  323.8  338.9  324.6
  576.4   4746    3.5   -5.4     52   4.44    133    7.2  323.8  338.7  324.7
  575.6   4759    3.4   -5.3     53   4.50    131    7.1  323.9  339.0  324.7
  574.8   4769    3.5   -5.1     54   4.58    130    7.0  324.0  339.3  324.9
  574.2   4778    3.5   -5.6     51   4.40    128    6.8  324.2  339.0  325.1
  573.6   4787    3.6   -5.2     52   4.52    127    6.7  324.4  339.6  325.3
  572.8   4798    3.7   -5.9     49   4.30    125    6.6  324.6  339.1  325.4
  572.0   4809    3.7   -6.0     49   4.27    124    6.6  324.7  339.1  325.5
  571.3   4819    3.6   -6.6     47   4.08    123    6.5  324.8  338.5  325.6
  570.6   4829    3.7   -7.4     44   3.85    122    6.5  325.0  338.0  325.7
  569.9   4839    3.7   -7.3     44   3.88    122    6.5  325.1  338.2  325.8
  569.1   4851    3.6   -7.8     43   3.74    122    6.6  325.1  337.8  325.9
  568.3   4862    3.6   -9.0     39   3.40    121    6.7  325.3  336.9  325.9
  567.5   4873    3.5   -9.1     39   3.38    122    6.8  325.3  336.9  326.0
  566.8   4884    3.4   -9.6     38   3.27    122    6.9  325.3  336.5  325.9
  566.1   4894    3.4  -10.1     36   3.13    122    7.0  325.3  336.1  326.0
  565.5   4902    3.3   -9.8     38   3.22    122    7.1  325.4  336.4  326.0
  564.9   4911    3.2   -9.5     39   3.31    122    7.2  325.4  336.7  326.0
  564.3   4919    3.2  -10.0     37   3.16    122    7.3  325.4  336.3  326.0
  563.8   4927    3.1   -9.2     40   3.39    122    7.3  325.4  337.0  326.1
  563.2   4935    3.0   -8.3     43   3.63    121    7.3  325.4  337.7  326.1
  562.6   4943    2.9   -8.4     43   3.62    121    7.3  325.4  337.7  326.1
  562.1   4951    2.9   -8.6     43   3.57    120    7.3  325.4  337.6  326.1
  561.6   4959    2.8   -8.1     45   3.72    119    7.2  325.4  338.1  326.2
  561.1   4965    2.8   -7.5     46   3.87    118    7.2  325.5  338.7  326.3
  560.6   4973    2.8   -9.3     40   3.38    117    7.1  325.6  337.2  326.3
  560.0   4981    2.8   -9.5     40   3.33    116    7.1  325.7  337.1  326.4
  559.5   4989    2.7   -6.8     50   4.13    115    7.0  325.7  339.7  326.5
  559.0   4996    2.7   -7.8     46   3.82    114    7.0  325.7  338.7  326.5
  558.4   5005    2.7   -8.1     45   3.72    112    7.0  325.8  338.5  326.6
  557.8   5013    2.7   -8.2     44   3.70    111    7.0  325.9  338.5  326.6
  557.2   5022    2.6   -8.6     44   3.60    109    7.1  325.9  338.2  326.6
  556.5   5032    2.6  -10.3     38   3.14    108    7.1  326.0  336.8  326.6
  555.7   5043    2.6  -10.6     37   3.08    106    7.2  326.1  336.7  326.7
  555.0   5053    2.5  -10.3     38   3.16    104    7.3  326.1  337.0  326.8
  554.4   5062    2.4  -10.2     39   3.17    103    7.4  326.2  337.1  326.8
  553.9   5070    2.4  -10.2     39   3.19    101    7.4  326.2  337.1  326.8
  553.3   5078    2.3  -10.1     39   3.20     99    7.5  326.2  337.2  326.8
  552.7   5087    2.2  -10.2     39   3.20     98    7.5  326.2  337.2  326.8
  552.1   5096    2.3  -10.3     39   3.16     97    7.5  326.3  337.2  327.0
  551.4   5107    2.3  -10.7     38   3.08     96    7.5  326.6  337.2  327.2
  550.6   5117    2.4  -11.0     37   3.00     95    7.4  326.7  337.1  327.3
  550.0   5127    2.3  -11.2     36   2.97     94    7.3  326.8  337.0  327.4
  549.4   5136    2.3  -11.3     36   2.93     94    7.2  326.8  337.0  327.4
  548.7   5146    2.2  -11.6     35   2.88     93    7.0  326.9  336.8  327.5
  548.1   5155    2.2  -12.2     34   2.75     93    6.8  327.0  336.5  327.5
  547.5   5164    2.2  -13.0     32   2.58     93    6.6  327.1  336.1  327.6
  546.8   5173    2.2  -13.6     30   2.46     93    6.4  327.2  335.8  327.7
  546.1   5184    2.3  -14.1     29   2.36     93    6.2  327.4  335.6  327.8
  545.5   5194    2.2  -14.1     29   2.36     93    5.9  327.4  335.7  327.9
  544.8   5204    2.2  -13.4     30   2.50     93    5.7  327.5  336.2  328.0
  544.0   5215    2.1  -12.8     32   2.63     92    5.6  327.5  336.7  328.0
  543.3   5226    2.0  -12.8     32   2.63     92    5.4  327.5  336.7  328.0
  542.6   5236    1.9  -13.0     32   2.60     91    5.3  327.5  336.6  328.1
  541.9   5247    1.8  -13.0     32   2.60     90    5.2  327.5  336.6  328.1
  541.2   5256    1.7  -13.0     33   2.60     90    5.1  327.6  336.6  328.1
  540.8   5264    1.7  -13.0     33   2.60     89    5.1  327.6  336.6  328.1
  540.2   5271    1.6  -12.8     34   2.66     89    5.0  327.5  336.8  328.1
  539.6   5281    1.5  -12.8     34   2.66     88    5.0  327.6  336.8  328.1
  539.0   5290    1.4  -12.9     34   2.63     88    5.0  327.6  336.7  328.1
  538.4   5298    1.3  -13.2     33   2.58     89    5.0  327.6  336.6  328.1
  537.9   5306    1.3  -13.2     33   2.57     89    5.0  327.6  336.6  328.1
  537.4   5314    1.2  -13.2     33   2.59     90    5.0  327.6  336.6  328.1
  536.8   5323    1.1  -13.2     34   2.59     90    5.0  327.6  336.7  328.1
  536.3   5331    1.0  -13.1     34   2.60     91    5.0  327.6  336.7  328.1
  535.7   5339    1.0  -13.1     34   2.61     92    5.0  327.6  336.7  328.2
  535.2   5346    0.9  -13.1     34   2.60     93    4.9  327.6  336.7  328.2
  534.7   5355    0.9  -13.2     34   2.58     94    4.8  327.7  336.7  328.2
  534.1   5363    0.8  -13.4     34   2.55     95    4.7  327.7  336.6  328.2
  533.5   5373    0.7  -13.6     33   2.51     96    4.6  327.7  336.5  328.2
  532.7   5384    0.6  -13.7     33   2.49     97    4.5  327.8  336.5  328.3
  531.8   5397    0.6  -13.8     33   2.48     99    4.4  327.8  336.5  328.3
  531.0   5410    0.5  -14.1     33   2.42    101    4.2  327.9  336.4  328.3
  530.2   5422    0.4  -14.6     32   2.34    103    4.1  327.9  336.1  328.4
  529.5   5433    0.3  -15.0     30   2.25    105    4.0  328.0  335.9  328.4
  528.7   5444    0.3  -15.5     30   2.18    107    4.0  328.0  335.7  328.5
  528.0   5455    0.2  -15.7     29   2.13    110    3.9  328.1  335.6  328.5
  527.4   5465    0.1  -15.9     29   2.11    112    3.9  328.1  335.6  328.5
  526.8   5474    0.1  -16.0     29   2.08    114    3.9  328.1  335.5  328.5
  526.1   5484    0.0  -16.1     29   2.07    116    4.0  328.2  335.5  328.6
  525.4   5495   -0.1  -15.5     30   2.19    117    4.0  328.2  335.9  328.6
  524.6   5507   -0.2  -13.7     35   2.54    118    4.1  328.2  337.1  328.7
  523.8   5519   -0.3  -12.8     38   2.74    118    4.2  328.2  337.8  328.8
  523.0   5531   -0.4  -12.7     39   2.77    118    4.4  328.2  337.9  328.8
  522.2   5544   -0.6  -12.1     41   2.90    118    4.5  328.2  338.3  328.8
  521.5   5555   -0.7  -11.3     44   3.10    117    4.6  328.2  338.9  328.8
  520.9   5564   -0.7  -11.9     42   2.96    116    4.8  328.3  338.5  328.8
  520.3   5573   -0.8  -12.2     42   2.89    115    4.9  328.3  338.4  328.9
  519.6   5583   -0.8  -12.2     42   2.89    115    5.1  328.3  338.4  328.9
  519.0   5593   -0.9  -12.3     42   2.87    114    5.2  328.4  338.3  328.9
  518.4   5602   -1.0  -12.1     42   2.91    113    5.4  328.4  338.5  329.0
  517.8   5612   -1.1  -12.0     43   2.94    113    5.5  328.4  338.6  329.0
  517.1   5622   -1.2  -11.9     44   2.97    112    5.6  328.4  338.7  329.0
  516.4   5633   -1.2  -12.7     41   2.80    112    5.7  328.4  338.2  329.0
  515.7   5644   -1.2  -13.5     39   2.62    112    5.9  328.6  337.8  329.1
  514.9   5655   -1.2  -13.9     38   2.55    112    6.0  328.7  337.6  329.2
  514.3   5665   -1.3  -14.4     36   2.44    112    6.1  328.7  337.3  329.2
  513.8   5674   -1.3  -15.2     34   2.28    112    6.2  328.8  336.9  329.3
  513.1   5684   -1.3  -16.5     30   2.06    112    6.3  328.9  336.3  329.4
  512.4   5695   -1.3  -16.9     29   1.99    112    6.4  329.1  336.1  329.5
  511.8   5704   -1.4  -17.3     29   1.93    112    6.4  329.1  336.0  329.5
  511.2   5714   -1.4  -18.4     26   1.76    112    6.5  329.2  335.5  329.5
  510.6   5723   -1.4  -19.4     24   1.62    112    6.6  329.3  335.1  329.6
  509.9   5734   -1.4  -18.8     25   1.71    112    6.7  329.4  335.5  329.8
  509.1   5746   -1.4  -18.5     26   1.75    113    6.9  329.6  335.8  329.9
  508.3   5759   -1.4  -20.4     22   1.49    113    7.0  329.7  335.1  330.0
  507.5   5771   -1.5  -19.6     24   1.60    113    7.1  329.7  335.5  330.1
  506.7   5784   -1.6  -19.6     24   1.60    114    7.2  329.7  335.5  330.1
  505.8   5798   -1.7  -19.6     24   1.60    114    7.4  329.8  335.6  330.1
  505.0   5811   -1.8  -17.1     30   1.98    114    7.5  329.8  336.9  330.2
  504.1   5825   -2.0  -15.3     35   2.31    114    7.7  329.8  338.0  330.3
  503.3   5838   -2.1  -15.2     36   2.33    114    7.9  329.8  338.1  330.3
  502.6   5849   -2.1  -15.6     35   2.27    114    8.0  329.9  337.9  330.4
  501.9   5860   -2.2  -15.7     35   2.25    114    8.2  329.9  337.9  330.4
  501.3   5870   -2.3  -15.6     35   2.26    114    8.4  329.9  337.9  330.4
  500.6   5881   -2.4  -15.6     36   2.28    113    8.5  329.9  338.0  330.4
  500.0   5890   -2.5  -15.5     36   2.30    113    8.5  329.9  338.1  330.4
  499.8   5892   -2.5  -15.5     36   2.30    113    8.7  329.9  338.1  330.4
  499.2   5903   -2.6  -15.5     37   2.30    112    8.9  329.9  338.1  330.4
  498.5   5913   -2.7  -15.7     36   2.26    112    9.1  329.9  337.9  330.4
  498.0   5922   -2.8  -15.9     36   2.22    112    9.2  329.9  337.8  330.4
  497.4   5932   -2.9  -16.2     35   2.18    111    9.4  329.9  337.7  330.4
  496.8   5941   -2.9  -16.6     34   2.11    111    9.5  330.0  337.5  330.4
  496.2   5950   -3.0  -16.6     34   2.11    110    9.7  330.0  337.5  330.4
  495.6   5960   -3.1  -16.6     35   2.12    110    9.8  330.0  337.5  330.4
  494.9   5970   -3.2  -16.5     35   2.14    110    9.8  330.1  337.7  330.5
  494.3   5980   -3.3  -16.5     35   2.13    109    9.9  330.1  337.7  330.5
  493.7   5990   -3.3  -16.5     35   2.13    109    9.9  330.1  337.7  330.5
  493.1   6000   -3.4  -16.7     35   2.10    109   10.0  330.1  337.6  330.5
  492.4   6010   -3.5  -16.6     36   2.13    108   10.0  330.2  337.8  330.6
  491.7   6022   -3.6  -15.6     39   2.31    108   10.0  330.2  338.4  330.6
  491.0   6034   -3.6  -16.9     35   2.07    107   10.0  330.2  337.6  330.6
  490.2   6046   -3.6  -19.3     29   1.70    107    9.9  330.4  336.5  330.7
  489.5   6057   -3.7  -20.3     26   1.56    107    9.9  330.5  336.2  330.8
  488.9   6068   -3.7  -20.8     25   1.50    106    9.9  330.6  336.0  330.9
  488.2   6078   -3.8  -21.0     25   1.47    106    9.8  330.6  336.0  330.9
  487.6   6088   -3.8  -20.2     27   1.58    105    9.8  330.7  336.4  331.0
  487.0   6098   -3.8  -18.6     31   1.81    105    9.8  330.8  337.3  331.1
  486.4   6108   -3.8  -18.2     32   1.88    104    9.7  330.9  337.6  331.3
  485.7   6118   -3.9  -18.3     32   1.87    104    9.7  331.0  337.7  331.4
  485.1   6129   -3.9  -18.4     31   1.85    104    9.7  331.1  337.8  331.5
  484.5   6139   -4.0  -18.0     33   1.93    103    9.6  331.1  338.0  331.5
  483.8   6151   -4.1  -17.5     34   2.01    103    9.6  331.1  338.3  331.5
  483.0   6163   -4.1  -18.2     33   1.90    102    9.5  331.2  338.0  331.6
  482.3   6175   -4.2  -18.8     31   1.80    102    9.4  331.2  337.7  331.6
  481.6   6187   -4.3  -18.5     32   1.85    102    9.3  331.2  337.9  331.6
  480.8   6199   -4.4  -18.1     34   1.92    101    9.2  331.2  338.1  331.6
  480.1   6210   -4.6  -17.4     36   2.04    101    9.0  331.2  338.5  331.6
  479.6   6219   -4.7  -16.2     40   2.26    101    8.9  331.2  339.2  331.7
  478.9   6230   -4.8  -15.5     43   2.40    100    8.7  331.2  339.7  331.7
  478.2   6242   -4.9  -15.2     44   2.47    100    8.6  331.2  339.9  331.7
  477.5   6253   -5.0  -15.0     45   2.51    100    8.4  331.2  340.1  331.7
  476.8   6264   -5.1  -15.0     46   2.51    100    8.2  331.2  340.1  331.7
  476.2   6275   -5.2  -16.0     42   2.30    100    8.1  331.3  339.5  331.7
  475.5   6286   -5.2  -17.5     37   2.04    100    8.0  331.4  338.7  331.8
  474.9   6296   -5.2  -17.7     37   2.01    100    7.9  331.5  338.7  331.9
  474.4   6305   -5.2  -18.0     36   1.95    100    7.8  331.6  338.6  332.0
  473.8   6314   -5.2  -18.2     35   1.93    100    7.8  331.7  338.6  332.0
  473.4   6322   -5.3  -18.4     35   1.90    100    7.7  331.7  338.6  332.1
  472.9   6330   -5.3  -18.5     35   1.88    101    7.7  331.8  338.5  332.1
  472.3   6339   -5.3  -18.6     35   1.88    101    7.7  331.8  338.6  332.2
  471.9   6347   -5.4  -18.6     35   1.87    101    7.7  331.8  338.5  332.2
  471.4   6354   -5.5  -18.7     35   1.86    101    7.7  331.8  338.5  332.2
  471.0   6361   -5.5  -18.8     34   1.85    101    7.6  331.8  338.5  332.2
  470.5   6369   -5.6  -18.9     34   1.84    101    7.6  331.9  338.5  332.3
  470.0   6377   -5.6  -18.9     34   1.83    101    7.5  331.9  338.5  332.3
  469.5   6386   -5.7  -19.1     34   1.80    101    7.4  332.0  338.5  332.3
  469.0   6395   -5.8  -19.3     33   1.77    101    7.3  332.0  338.4  332.3
  468.3   6405   -5.8  -19.4     33   1.76    101    7.2  332.0  338.4  332.4
  467.8   6415   -5.9  -19.6     33   1.74    101    7.1  332.0  338.3  332.4
  467.2   6424   -5.9  -19.8     32   1.70    101    6.9  332.1  338.3  332.5
  466.7   6433   -5.9  -20.0     32   1.68    102    6.8  332.2  338.3  332.5
  466.2   6442   -6.0  -20.0     32   1.68    102    6.7  332.3  338.4  332.6
  465.6   6451   -6.0  -20.0     32   1.69    102    6.6  332.3  338.4  332.7
  465.1   6460   -6.1  -20.0     32   1.68    103    6.6  332.3  338.4  332.7
  464.6   6467   -6.2  -20.1     32   1.67    104    6.5  332.3  338.4  332.7
  464.2   6475   -6.3  -20.1     32   1.67    105    6.5  332.3  338.4  332.7
  463.7   6483   -6.3  -20.1     33   1.67    106    6.6  332.3  338.4  332.7
  463.2   6491   -6.4  -20.1     33   1.67    107    6.6  332.4  338.4  332.7
  462.6   6501   -6.5  -20.1     33   1.68    108    6.7  332.4  338.5  332.7
  462.0   6512   -6.6  -20.1     33   1.69    110    6.8  332.4  338.5  332.7
  461.4   6523   -6.7  -20.1     34   1.68    111    6.9  332.3  338.4  332.7
  460.8   6533   -6.8  -20.2     34   1.67    113    7.0  332.4  338.4  332.7
  460.3   6542   -6.9  -20.2     34   1.67    114    7.1  332.4  338.5  332.7
  459.8   6549   -6.9  -20.2     34   1.67    116    7.2  332.4  338.5  332.7
  459.3   6557   -7.0  -20.2     34   1.67    118    7.3  332.4  338.5  332.7
  458.8   6567   -7.1  -20.2     34   1.67    119    7.4  332.4  338.5  332.7
  458.1   6578   -7.2  -20.3     34   1.66    121    7.5  332.4  338.5  332.8
  457.6   6587   -7.3  -20.4     34   1.66    123    7.7  332.4  338.5  332.8
  457.1   6594   -7.3  -20.4     34   1.65    124    7.8  332.4  338.4  332.8
  456.7   6602   -7.4  -20.4     35   1.66    125    7.9  332.4  338.4  332.7
  456.2   6611   -7.5  -20.4     35   1.66    126    8.1  332.4  338.4  332.8
  455.6   6621   -7.5  -20.6     34   1.64    127    8.3  332.6  338.5  332.9
  455.0   6631   -7.4  -20.8     33   1.61    128    8.4  332.8  338.7  333.1
  454.4   6641   -7.4  -20.9     33   1.59    128    8.6  332.9  338.7  333.2
  453.8   6652   -7.6  -20.9     34   1.60    129    8.8  332.9  338.7  333.2
  453.1   6663   -7.6  -20.6     35   1.64    129    9.0  332.9  338.9  333.2
  452.5   6673   -7.7  -20.0     37   1.74    128    9.2  332.9  339.3  333.3
  452.0   6682   -7.8  -18.8     41   1.92    128    9.3  333.0  339.9  333.4
  451.5   6692   -7.9  -16.9     48   2.26    128    9.5  333.0  341.1  333.4
  450.9   6701   -8.0  -16.3     51   2.39    128    9.6  332.9  341.5  333.4
  450.4   6710   -8.0  -16.2     52   2.40    128    9.7  333.0  341.5  333.4
  449.9   6719   -8.1  -16.2     52   2.42    127    9.7  333.0  341.6  333.4
  449.3   6729   -8.2  -16.1     53   2.43    127    9.8  333.0  341.7  333.5
  448.8   6738   -8.3  -16.2     53   2.41    127    9.8  333.0  341.6  333.5
  448.3   6746   -8.3  -16.2     53   2.41    127    9.7  333.1  341.7  333.6
  447.8   6755   -8.3  -16.0     54   2.45    127    9.7  333.1  341.9  333.6
  447.3   6764   -8.4  -16.1     54   2.44    127    9.7  333.2  341.9  333.6
  446.6   6775   -8.5  -16.2     54   2.42    126    9.7  333.2  341.9  333.7
  446.0   6786   -8.6  -16.2     54   2.43    126    9.7  333.2  341.9  333.7
  445.5   6796   -8.6  -16.4     53   2.39    126    9.7  333.2  341.8  333.7
  444.9   6806   -8.7  -16.4     54   2.39    125    9.7  333.3  341.8  333.8
  444.3   6816   -8.8  -16.0     56   2.49    125    9.7  333.3  342.2  333.8
  443.7   6827   -8.9  -15.9     56   2.49    124    9.8  333.4  342.3  333.9
  443.0   6838   -8.9  -16.5     54   2.38    124    9.8  333.4  342.0  333.9
  442.3   6850   -9.0  -16.7     54   2.34    123    9.9  333.5  341.9  334.0
  441.7   6862   -9.0  -16.9     53   2.31    123    9.9  333.5  341.8  334.0
  441.2   6870   -9.1  -17.2     52   2.26    122    9.9  333.6  341.7  334.1
  440.7   6879   -9.1  -17.6     50   2.18    121   10.0  333.7  341.6  334.2
  440.2   6888   -9.0  -17.8     49   2.15    120   10.0  333.9  341.6  334.3
  439.7   6897   -9.1  -17.8     49   2.16    120   10.0  334.0  341.7  334.4
  439.1   6907   -9.1  -17.4     51   2.22    119    9.9  334.1  342.1  334.5
  438.6   6916   -9.1  -17.4     51   2.23    118    9.9  334.1  342.1  334.6
  438.0   6926   -9.2  -17.8     49   2.15    117    9.8  334.2  341.9  334.6
  437.3   6938   -9.2  -18.4     47   2.06    116    9.7  334.3  341.7  334.7
  436.7   6950   -9.3  -18.6     47   2.03    115    9.6  334.4  341.7  334.8
  436.0   6961   -9.3  -18.8     46   2.00    114    9.4  334.5  341.7  334.9
  435.4   6972   -9.4  -18.8     46   2.00    113    9.3  334.5  341.8  334.9
  434.8   6984   -9.5  -18.9     46   1.99    112    9.1  334.5  341.7  334.9
  434.1   6996   -9.6  -18.9     46   1.98    111    8.9  334.6  341.7  335.0
  433.4   7008   -9.7  -19.1     46   1.96    111    8.7  334.6  341.7  335.0
  432.9   7018   -9.7  -19.3     46   1.93    110    8.5  334.6  341.6  335.0
  432.3   7027   -9.8  -19.5     45   1.90    110    8.3  334.7  341.6  335.0
  431.8   7037   -9.9  -19.7     45   1.87    109    8.0  334.7  341.5  335.1
  431.2   7047   -9.9  -19.8     44   1.84    108    7.8  334.7  341.4  335.1
  430.7   7056  -10.0  -20.0     44   1.82    108    7.6  334.7  341.4  335.1
  430.1   7067  -10.1  -20.0     44   1.82    107    7.3  334.8  341.4  335.1
  429.5   7077  -10.2  -20.1     44   1.81    107    7.1  334.8  341.4  335.1
  428.9   7088  -10.3  -20.3     44   1.77    106    6.9  334.8  341.3  335.1
  428.3   7100  -10.4  -20.8     42   1.70    105    6.7  334.8  341.0  335.2
  427.6   7112  -10.4  -21.8     39   1.57    104    6.6  334.9  340.7  335.2
  426.9   7124  -10.4  -22.6     36   1.46    103    6.4  335.0  340.4  335.3
  426.2   7137  -10.5  -23.1     35   1.40    102    6.3  335.1  340.3  335.4
  425.6   7148  -10.6  -23.7     33   1.33    100    6.2  335.1  340.1  335.4
  425.1   7158  -10.6  -24.7     31   1.22     99    6.1  335.2  339.8  335.5
  424.5   7169  -10.7  -26.0     27   1.08     98    6.1  335.3  339.4  335.5
  423.8   7181  -10.6  -27.8     23   0.92     97    6.0  335.5  339.0  335.7
  423.2   7191  -10.6  -28.1     22   0.89     96    5.9  335.6  339.0  335.8
  422.7   7201  -10.7  -28.0     23   0.91     95    5.9  335.6  339.1  335.8
  422.0   7213  -10.8  -27.8     23   0.93     94    5.8  335.7  339.2  335.9
  421.3   7225  -10.9  -27.7     24   0.93     93    5.7  335.7  339.2  335.9
  420.7   7238  -11.0  -27.4     25   0.96     92    5.7  335.7  339.3  335.9
  420.0   7250  -11.1  -26.8     26   1.02     92    5.6  335.7  339.6  335.9
  419.4   7262  -11.2  -26.3     28   1.07     91    5.6  335.8  339.8  336.0
  418.7   7273  -11.3  -26.0     28   1.10     91    5.6  335.8  340.0  336.1
  418.1   7286  -11.3  -25.4     30   1.16     91    5.5  335.9  340.2  336.1
  417.4   7298  -11.4  -26.2     28   1.08     91    5.5  336.0  340.1  336.2
  416.7   7310  -11.4  -27.6     25   0.95     91    5.5  336.1  339.7  336.3
  416.2   7320  -11.4  -28.2     23   0.90     91    5.5  336.3  339.7  336.5
  415.6   7330  -11.3  -28.5     23   0.88     91    5.6  336.5  339.8  336.6
  415.0   7342  -11.3  -28.8     22   0.86     92    5.6  336.6  339.9  336.8
  414.4   7353  -11.3  -29.8     20   0.78     93    5.6  336.8  339.8  337.0
  413.8   7364  -11.2  -31.4     17   0.67     94    5.7  337.0  339.7  337.2
  413.1   7377  -11.2  -31.8     16   0.65     94    5.7  337.3  339.8  337.4
  412.4   7389  -11.2  -32.5     15   0.61     95    5.8  337.4  339.8  337.5
  411.8   7400  -11.2  -32.9     15   0.58     96    5.8  337.6  339.8  337.7
  411.3   7411  -11.2  -32.0     16   0.64     97    5.9  337.6  340.1  337.7
  410.7   7422  -11.3  -31.8     17   0.65     98    5.9  337.7  340.2  337.8
  410.1   7433  -11.3  -33.2     15   0.57     99    5.9  337.8  340.0  337.9
  409.4   7446  -11.4  -32.8     15   0.59     99    5.9  337.9  340.2  338.0
  408.8   7457  -11.4  -32.8     15   0.60    100    5.9  337.9  340.3  338.0
  408.3   7467  -11.5  -32.6     16   0.60    100    5.9  338.0  340.3  338.1
  407.7   7478  -11.6  -32.3     16   0.62    101    5.9  338.0  340.4  338.1
  407.1   7489  -11.7  -32.3     16   0.63    101    5.8  338.0  340.5  338.1
  406.5   7501  -11.7  -32.5     16   0.62    101    5.8  338.1  340.5  338.2
  406.0   7510  -11.8  -32.7     16   0.60    101    5.7  338.2  340.5  338.3
  405.5   7518  -11.8  -32.9     16   0.59    101    5.6  338.2  340.6  338.4
  405.1   7527  -11.9  -33.0     16   0.59    100    5.5  338.2  340.6  338.4
  404.6   7537  -12.0  -32.7     16   0.61    100    5.4  338.2  340.6  338.4
  404.1   7546  -12.0  -32.4     17   0.62    100    5.3  338.3  340.7  338.4
  403.5   7556  -12.1  -32.7     16   0.61     99    5.2  338.3  340.7  338.4
  402.9   7568  -12.1  -33.6     15   0.56     99    5.1  338.4  340.6  338.5
  402.3   7580  -12.2  -34.1     14   0.53     99    5.0  338.5  340.6  338.6
  401.7   7591  -12.2  -33.8     15   0.55     99    4.9  338.6  340.8  338.7
  401.1   7602  -12.3  -32.8     16   0.61     99    4.8  338.6  341.0  338.8
  400.6   7612  -12.4  -32.2     17   0.64     99    4.7  338.6  341.2  338.8
  400.1   7621  -12.5  -32.3     17   0.64     99    4.5  338.7  341.2  338.8
  400.0   7624  -12.5  -32.4     17   0.63     99    4.4  338.7  341.2  338.8
  399.7   7630  -12.5  -32.9     16   0.60     99    4.4  338.8  341.1  338.9
  399.2   7639  -12.5  -33.3     16   0.58     99    4.2  338.9  341.1  339.0
  398.7   7648  -12.5  -33.4     16   0.57     99    4.1  338.9  341.2  339.1
  398.2   7658  -12.6  -33.9     15   0.55     99    4.0  339.0  341.2  339.1
  397.7   7668  -12.6  -35.3     13   0.48     99    3.9  339.1  341.0  339.2
  397.1   7679  -12.6  -36.6     12   0.42     99    3.8  339.2  340.9  339.3
  396.6   7688  -12.7  -37.3     11   0.39    100    3.7  339.2  340.8  339.3
  396.2   7697  -12.7  -37.5     11   0.39    100    3.7  339.3  340.8  339.3
  395.6   7707  -12.8  -37.5     11   0.38    101    3.6  339.3  340.9  339.4
  395.1   7718  -12.9  -37.7     11   0.38    102    3.6  339.3  340.9  339.4
  394.5   7728  -13.0  -37.8     10   0.37    102    3.6  339.4  340.9  339.5
  394.0   7739  -13.1  -37.6     11   0.38    104    3.6  339.4  340.9  339.5
  393.5   7749  -13.1  -37.7     11   0.38    105    3.6  339.4  340.9  339.5
  393.0   7759  -13.2  -37.8     11   0.38    106    3.6  339.4  340.9  339.5
  392.4   7770  -13.3  -37.8     11   0.38    108    3.7  339.4  341.0  339.5
  391.8   7781  -13.4  -37.8     11   0.38    109    3.7  339.5  341.0  339.6
  391.3   7791  -13.5  -37.7     11   0.38    111    3.7  339.5  341.0  339.6
  390.8   7801  -13.6  -37.7     11   0.38    112    3.8  339.5  341.1  339.6
  390.3   7810  -13.6  -37.7     11   0.38    114    3.8  339.5  341.1  339.6
  389.8   7820  -13.7  -37.7     11   0.38    115    3.8  339.6  341.1  339.6
  389.4   7829  -13.8  -37.8     11   0.38    117    3.8  339.6  341.1  339.6
  388.9   7838  -13.9  -37.8     11   0.38    118    3.8  339.6  341.1  339.7
  388.4   7848  -13.9  -37.8     11   0.38    119    3.9  339.6  341.2  339.7
  387.9   7858  -14.0  -37.9     11   0.38    121    3.9  339.7  341.2  339.8
  387.4   7868  -14.1  -38.0     11   0.38    122    3.9  339.7  341.2  339.8
  386.9   7877  -14.1  -37.9     11   0.38    123    3.9  339.7  341.3  339.8
  386.3   7888  -14.2  -37.9     12   0.38    124    3.9  339.8  341.3  339.9
  385.8   7899  -14.3  -37.9     12   0.38    125    3.9  339.8  341.3  339.9
  385.3   7909  -14.4  -37.9     12   0.38    125    4.0  339.8  341.4  339.9
  384.8   7919  -14.5  -37.9     12   0.38    125    4.0  339.8  341.4  339.9
  384.2   7930  -14.5  -37.9     12   0.38    125    4.1  339.9  341.4  340.0
  383.6   7942  -14.6  -38.0     12   0.38    125    4.2  339.9  341.4  340.0
  383.0   7954  -14.8  -38.0     12   0.38    125    4.2  339.9  341.4  340.0
  382.5   7964  -14.8  -38.1     12   0.38    124    4.3  340.0  341.5  340.0
  382.0   7974  -14.9  -38.1     12   0.37    124    4.3  340.0  341.5  340.1
  381.5   7984  -15.0  -38.2     12   0.37    123    4.4  340.0  341.5  340.1
  381.0   7993  -15.1  -38.2     12   0.37    123    4.4  340.0  341.5  340.1
  380.4   8005  -15.2  -38.2     12   0.37    122    4.4  340.0  341.6  340.1
  379.8   8018  -15.3  -38.2     12   0.37    123    4.4  340.1  341.6  340.1
  379.2   8029  -15.4  -38.2     12   0.37    123    4.4  340.1  341.6  340.1
  378.6   8040  -15.5  -38.3     12   0.37    124    4.3  340.1  341.6  340.1
  378.1   8051  -15.6  -38.3     12   0.37    125    4.3  340.1  341.6  340.2
  377.5   8063  -15.7  -38.3     12   0.37    126    4.2  340.1  341.6  340.2
  376.9   8074  -15.8  -38.3     13   0.37    128    4.2  340.1  341.7  340.2
  376.4   8086  -15.9  -38.3     13   0.37    130    4.2  340.1  341.6  340.2
  375.9   8096  -15.9  -38.4     13   0.37    132    4.2  340.2  341.7  340.2
  375.4   8106  -16.0  -38.4     13   0.37    135    4.2  340.2  341.7  340.3
  374.8   8116  -16.1  -38.4     13   0.37    137    4.2  340.2  341.7  340.3
  374.3   8127  -16.2  -38.4     13   0.37    140    4.3  340.2  341.7  340.3
  373.8   8138  -16.3  -38.4     13   0.37    142    4.4  340.2  341.7  340.3
  373.3   8148  -16.4  -38.4     13   0.37    144    4.5  340.2  341.7  340.3
  372.7   8158  -16.5  -38.5     13   0.37    147    4.6  340.2  341.7  340.3
  372.3   8168  -16.6  -38.4     13   0.37    149    4.7  340.3  341.8  340.3
  371.7   8179  -16.7  -38.1     14   0.39    151    4.9  340.3  341.8  340.4
  371.2   8190  -16.8  -38.1     14   0.39    153    5.0  340.3  341.9  340.4
  370.7   8199  -16.7  -37.9     14   0.40    154    5.1  340.5  342.1  340.6
  370.3   8207  -16.7  -36.7     16   0.45    156    5.2  340.7  342.5  340.8
  369.9   8215  -16.6  -35.7     18   0.49    158    5.3  340.8  342.8  340.9
  369.5   8223  -16.7  -35.6     18   0.50    159    5.4  340.9  342.9  341.0
  369.2   8231  -16.8  -35.2     19   0.52    160    5.5  340.8  342.9  341.0
  368.7   8240  -16.8  -34.4     20   0.56    161    5.5  340.9  343.1  341.0
  368.2   8250  -16.9  -34.1     21   0.58    162    5.5  341.0  343.3  341.1
  367.8   8259  -16.9  -33.8     22   0.60    163    5.6  341.0  343.4  341.1
  367.4   8268  -17.0  -33.1     23   0.64    164    5.6  341.0  343.6  341.2
  366.9   8277  -17.0  -32.5     25   0.68    165    5.6  341.1  343.8  341.2
  366.5   8286  -17.1  -32.1     26   0.71    165    5.6  341.1  343.8  341.2
  366.0   8296  -17.2  -32.0     26   0.71    166    5.6  341.1  343.9  341.2
  365.4   8308  -17.3  -31.9     27   0.73    166    5.6  341.1  343.9  341.2
  364.8   8320  -17.4  -31.6     28   0.75    166    5.7  341.1  344.0  341.2
  364.3   8331  -17.5  -31.4     29   0.76    167    5.7  341.1  344.1  341.3
  363.7   8342  -17.6  -30.8     31   0.81    167    5.7  341.1  344.3  341.3
  363.2   8352  -17.7  -30.2     33   0.85    167    5.8  341.1  344.5  341.3
  362.7   8363  -17.8  -29.5     35   0.92    167    5.9  341.1  344.7  341.3
  362.2   8374  -17.9  -29.2     37   0.94    166    6.0  341.1  344.8  341.3
  361.6   8386  -18.0  -29.4     36   0.93    166    6.1  341.1  344.7  341.3
  361.1   8397  -18.2  -29.2     37   0.95    165    6.2  341.1  344.8  341.3
  360.5   8408  -18.3  -28.8     39   0.98    164    6.3  341.2  344.9  341.4
  360.0   8420  -18.3  -28.9     39   0.98    163    6.4  341.2  345.0  341.4
  359.4   8431  -18.4  -28.1     42   1.06    162    6.5  341.3  345.3  341.5
  359.0   8440  -18.4  -27.7     44   1.10    161    6.6  341.3  345.5  341.5
  358.5   8449  -18.4  -29.0     39   0.97    160    6.7  341.4  345.2  341.6
  358.0   8461  -18.5  -30.2     35   0.87    159    6.8  341.6  344.9  341.7
  357.4   8473  -18.5  -33.1     26   0.66    159    6.8  341.7  344.3  341.8
  356.8   8485  -18.4  -37.1     18   0.44    158    6.9  341.9  343.7  342.0
  356.3   8496  -18.5  -37.8     17   0.41    157    6.9  342.0  343.7  342.1
  355.8   8506  -18.5  -36.1     20   0.50    157    6.8  342.1  344.1  342.2
  355.3   8517  -18.6  -34.1     24   0.61    156    6.8  342.1  344.5  342.3
  354.8   8527  -18.6  -33.5     26   0.64    156    6.7  342.2  344.7  342.4
  354.4   8535  -18.7  -33.4     26   0.65    156    6.7  342.3  344.8  342.4
  354.0   8544  -18.7  -33.5     26   0.64    156    6.6  342.3  344.8  342.4
  353.6   8553  -18.8  -33.2     27   0.66    156    6.5  342.3  344.9  342.5
  353.1   8563  -18.9  -32.8     28   0.69    157    6.4  342.3  345.0  342.5
  352.6   8574  -19.0  -33.0     28   0.68    157    6.4  342.3  345.0  342.5
  352.1   8585  -19.1  -33.4     27   0.65    157    6.3  342.3  344.9  342.5
  351.6   8595  -19.2  -33.5     27   0.64    157    6.2  342.4  344.9  342.5
  351.1   8605  -19.2  -32.9     29   0.69    157    6.1  342.4  345.1  342.5
  350.7   8615  -19.3  -32.4     31   0.72    157    6.1  342.4  345.2  342.5
  350.2   8624  -19.4  -32.5     30   0.72    157    6.0  342.4  345.3  342.6
  349.8   8633  -19.5  -32.3     31   0.73    158    5.9  342.4  345.3  342.6
  349.3   8643  -19.6  -31.8     33   0.76    158    5.8  342.5  345.5  342.6
  348.8   8654  -19.7  -31.0     36   0.83    158    5.7  342.5  345.7  342.6
  348.3   8665  -19.8  -31.3     35   0.81    159    5.6  342.5  345.6  342.6
  347.8   8675  -19.9  -32.0     33   0.76    160    5.4  342.5  345.4  342.6
  347.3   8686  -19.9  -33.0     30   0.68    161    5.3  342.5  345.2  342.7
  346.7   8698  -20.0  -33.9     28   0.63    163    5.2  342.6  345.1  342.8
  346.2   8711  -20.1  -34.1     27   0.62    165    5.1  342.6  345.1  342.8
  345.6   8724  -20.2  -34.6     26   0.59    167    4.9  342.7  345.1  342.8
  345.0   8736  -20.2  -34.9     26   0.57    170    4.8  342.8  345.1  342.9
  344.4   8748  -20.2  -34.6     27   0.59    172    4.7  342.9  345.3  343.1
  343.9   8759  -20.3  -34.7     26   0.59    175    4.7  343.0  345.3  343.1
  343.4   8771  -20.4  -35.2     25   0.56    178    4.6  343.0  345.3  343.1
  342.8   8782  -20.4  -35.3     25   0.56    181    4.6  343.2  345.4  343.3
  342.4   8793  -20.5  -33.1     31   0.69    183    4.6  343.2  345.9  343.4
  341.9   8802  -20.5  -30.6     40   0.88    185    4.6  343.3  346.7  343.5
  341.5   8811  -20.5  -31.0     38   0.84    187    4.6  343.5  346.8  343.6
  341.0   8821  -20.5  -31.3     37   0.82    188    4.6  343.6  346.8  343.8
  340.5   8833  -20.6  -31.0     39   0.84    189    4.6  343.6  346.9  343.8
  339.9   8846  -20.7  -30.4     41   0.90    189    4.6  343.7  347.2  343.8
  339.4   8858  -20.7  -29.8     44   0.95    190    4.6  343.7  347.4  343.9
  338.8   8870  -20.8  -29.7     45   0.97    190    4.6  343.7  347.5  343.9
  338.3   8881  -21.0  -29.6     46   0.97    189    4.6  343.7  347.5  343.9
  337.8   8892  -21.1  -29.3     48   1.01    189    4.6  343.7  347.6  343.9
  337.3   8902  -21.2  -29.0     49   1.03    189    4.7  343.7  347.7  343.9
  336.8   8914  -21.3  -28.9     50   1.05    189    4.7  343.8  347.8  344.0
  336.3   8925  -21.3  -28.7     52   1.07    190    4.7  343.8  347.9  344.0
  335.7   8937  -21.4  -28.7     52   1.07    190    4.7  343.8  348.0  344.1
  335.3   8947  -21.5  -29.0     51   1.04    191    4.6  343.9  347.9  344.1
  334.8   8957  -21.6  -29.3     49   1.01    192    4.6  343.9  347.9  344.1
  334.4   8967  -21.7  -29.5     49   0.99    194    4.6  343.9  347.8  344.1
  333.8   8979  -21.8  -29.8     48   0.97    195    4.5  343.9  347.7  344.1
  333.3   8992  -21.9  -30.3     46   0.93    196    4.5  343.9  347.6  344.1
  332.7   9003  -22.0  -30.7     45   0.89    197    4.4  344.0  347.5  344.2
  332.2   9014  -22.1  -31.1     44   0.86    198    4.3  344.0  347.4  344.2
  331.8   9025  -22.2  -31.4     43   0.84    199    4.2  344.0  347.3  344.2
  331.3   9036  -22.2  -31.5     43   0.83    199    4.1  344.0  347.3  344.2
  330.8   9046  -22.3  -31.8     42   0.81    199    3.9  344.1  347.2  344.2
  330.3   9056  -22.4  -32.2     41   0.78    199    3.8  344.1  347.2  344.3
  329.9   9065  -22.4  -32.4     40   0.76    198    3.7  344.2  347.2  344.3
  329.5   9075  -22.5  -32.6     40   0.76    196    3.5  344.2  347.2  344.4
  329.1   9084  -22.6  -32.7     39   0.75    195    3.4  344.2  347.2  344.4
  328.6   9095  -22.6  -32.5     40   0.76    193    3.3  344.3  347.3  344.4
  328.1   9105  -22.7  -32.4     41   0.77    192    3.2  344.3  347.4  344.5
  327.7   9116  -22.8  -33.0     39   0.73    191    3.2  344.4  347.3  344.5
  327.2   9127  -22.8  -33.9     36   0.67    190    3.1  344.5  347.1  344.6
  326.6   9139  -22.9  -34.3     34   0.64    190    3.0  344.6  347.1  344.7
  326.1   9150  -22.9  -35.1     32   0.59    191    3.0  344.6  347.0  344.8
  325.6   9162  -22.9  -36.9     27   0.50    192    3.0  344.8  346.8  344.9
  325.1   9173  -22.8  -37.9     24   0.45    194    3.0  345.1  346.9  345.2
  324.6   9184  -22.8  -37.8     24   0.46    196    3.0  345.3  347.2  345.4
  324.2   9194  -22.8  -36.9     26   0.50    198    3.0  345.4  347.5  345.5
  323.8   9203  -22.8  -35.1     32   0.60    201    3.0  345.5  347.9  345.6
  323.3   9213  -22.9  -32.7     40   0.76    203    3.1  345.5  348.5  345.7
  322.8   9225  -22.9  -31.3     46   0.87    205    3.2  345.6  349.0  345.8
  322.3   9237  -23.0  -31.9     44   0.82    207    3.3  345.6  348.9  345.8
  321.8   9247  -23.1  -32.3     43   0.79    208    3.4  345.7  348.8  345.9
  321.4   9256  -23.2  -31.4     47   0.87    209    3.5  345.7  349.1  345.9
  321.0   9266  -23.3  -31.1     49   0.89    209    3.5  345.7  349.2  345.9
  320.5   9277  -23.4  -31.0     50   0.90    209    3.6  345.7  349.2  345.9
  320.0   9288  -23.5  -31.2     49   0.89    209    3.7  345.7  349.2  345.9
  319.5   9301  -23.6  -31.7     47   0.85    209    3.8  345.7  349.1  345.9
  319.0   9312  -23.7  -32.1     46   0.82    209    3.9  345.8  349.0  346.0
  318.5   9323  -23.7  -32.3     45   0.80    208    4.0  345.8  349.0  346.0
  318.0   9335  -23.8  -32.3     46   0.80    207    4.1  345.9  349.0  346.0
  317.5   9347  -23.9  -31.9     48   0.83    207    4.2  345.9  349.2  346.1
  317.0   9358  -24.0  -31.4     51   0.88    206    4.3  345.9  349.4  346.1
  316.6   9368  -24.1  -30.9     53   0.92    205    4.4  346.0  349.6  346.1
  316.1   9378  -24.2  -30.9     54   0.93    204    4.5  346.0  349.6  346.2
  315.7   9388  -24.2  -31.2     52   0.90    203    4.6  346.1  349.6  346.2
  315.2   9399  -24.2  -31.9     49   0.84    202    4.7  346.2  349.5  346.3
  314.8   9409  -24.2  -33.4     42   0.73    202    4.8  346.3  349.3  346.5
  314.4   9419  -24.1  -35.9     33   0.57    201    4.9  346.6  348.9  346.7
  314.0   9428  -24.1  -36.2     32   0.55    200    5.0  346.8  349.0  346.9
  313.5   9439  -24.1  -36.1     32   0.56    199    5.1  346.8  349.1  347.0
  313.0   9451  -24.2  -36.3     32   0.55    198    5.2  346.9  349.1  347.0
  312.5   9463  -24.3  -36.7     31   0.53    197    5.3  346.9  349.1  347.0
  312.0   9475  -24.4  -37.0     30   0.52    196    5.4  347.0  349.1  347.1
  311.5   9485  -24.4  -37.4     29   0.49    195    5.5  347.1  349.1  347.2
  311.2   9494  -24.4  -37.8     28   0.48    194    5.6  347.2  349.1  347.3
  310.8   9503  -24.5  -37.9     28   0.47    194    5.7  347.2  349.2  347.3
  310.3   9513  -24.5  -37.8     28   0.48    193    5.8  347.3  349.2  347.4
  309.9   9523  -24.6  -37.6     29   0.49    193    5.9  347.3  349.3  347.4
  309.5   9533  -24.7  -37.3     30   0.50    193    6.0  347.3  349.4  347.4
  309.0   9544  -24.8  -37.3     30   0.50    192    6.1  347.3  349.4  347.4
  308.5   9556  -24.9  -37.1     31   0.51    192    6.2  347.4  349.4  347.5
  308.0   9567  -25.0  -37.1     32   0.52    192    6.2  347.4  349.5  347.5
  307.5   9579  -25.1  -36.9     32   0.53    192    6.3  347.4  349.5  347.5
  307.0   9591  -25.2  -36.7     34   0.54    192    6.4  347.4  349.6  347.5
  306.5   9602  -25.3  -36.4     35   0.56    192    6.5  347.5  349.7  347.6
  306.1   9614  -25.4  -36.2     36   0.57    193    6.6  347.5  349.8  347.6
  305.6   9625  -25.5  -36.0     37   0.58    193    6.6  347.5  349.8  347.6
  305.1   9636  -25.6  -35.6     39   0.60    193    6.7  347.5  349.9  347.6
  304.7   9647  -25.7  -35.5     39   0.61    194    6.7  347.5  350.0  347.6
  304.2   9658  -25.7  -35.7     39   0.60    195    6.7  347.6  350.0  347.7
  303.7   9669  -25.8  -35.9     38   0.59    195    6.7  347.7  350.0  347.8
  303.2   9681  -25.9  -36.4     37   0.56    196    6.7  347.7  350.0  347.9
  302.8   9691  -25.9  -36.9     35   0.54    197    6.6  347.8  350.0  347.9
  302.4   9701  -26.0  -36.8     36   0.54    198    6.6  347.8  350.0  348.0
  302.0   9712  -26.1  -36.6     36   0.55    199    6.5  347.8  350.1  348.0
  301.5   9721  -26.2  -36.7     36   0.55    201    6.5  347.9  350.1  348.0
  301.2   9730  -26.2  -36.8     36   0.54    202    6.4  347.9  350.1  348.0
  300.8   9739  -26.3  -36.7     37   0.55    203    6.4  347.9  350.1  348.0
  300.5   9747  -26.4  -36.7     37   0.55    204    6.3  347.9  350.1  348.0
  300.1   9757  -26.5  -36.6     38   0.55    205    6.3  347.9  350.1  348.0
  300.0   9759  -26.5  -36.6     38   0.56    207    6.3  347.9  350.2  348.0
  299.6   9768  -26.6  -36.6     38   0.56    207    6.3  347.9  350.2  348.0
  299.2   9779  -26.7  -36.6     39   0.56    208    6.3  347.9  350.2  348.0
  298.7   9790  -26.8  -36.8     38   0.55    209    6.3  348.0  350.2  348.1
  298.2   9801  -26.9  -37.2     37   0.53    210    6.3  348.0  350.1  348.1
  297.9   9810  -26.9  -37.6     36   0.50    210    6.4  348.0  350.1  348.1
  297.5   9820  -27.0  -37.8     35   0.50    211    6.4  348.0  350.1  348.1
  297.1   9829  -27.1  -37.5     37   0.51    212    6.4  348.0  350.1  348.1
  296.7   9838  -27.2  -37.1     38   0.53    212    6.3  348.0  350.2  348.2
  296.3   9848  -27.3  -36.9     40   0.55    212    6.3  348.0  350.3  348.1
  295.8   9860  -27.4  -36.5     42   0.57    212    6.2  348.0  350.4  348.2
  295.4   9871  -27.5  -35.8     45   0.61    212    6.2  348.1  350.5  348.2
  294.9   9882  -27.6  -35.5     47   0.63    212    6.1  348.1  350.7  348.3
  294.5   9893  -27.6  -35.9     45   0.61    212    6.0  348.2  350.6  348.3
  294.0   9905  -27.7  -36.6     42   0.57    212    5.9  348.3  350.6  348.4
  293.5   9916  -27.7  -36.9     41   0.55    212    5.8  348.3  350.6  348.5
  293.0   9928  -27.8  -37.4     40   0.53    212    5.7  348.4  350.6  348.5
  292.6   9939  -27.9  -37.8     38   0.51    212    5.6  348.4  350.5  348.6
  292.1   9951  -28.0  -37.9     38   0.50    212    5.5  348.5  350.5  348.6
  291.6   9962  -28.0  -38.0     38   0.49    213    5.4  348.5  350.6  348.7
  291.2   9972  -28.1  -38.3     37   0.48    213    5.4  348.6  350.5  348.7
  290.8   9984  -28.2  -38.5     37   0.47    214    5.3  348.6  350.5  348.7
  290.3   9996  -28.3  -38.6     37   0.47    215    5.2  348.6  350.5  348.7
  289.7  10009  -28.4  -38.7     36   0.46    216    5.1  348.7  350.6  348.8
  289.2  10022  -28.5  -39.0     36   0.45    217    5.1  348.7  350.5  348.8
  288.8  10032  -28.6  -39.4     35   0.43    219    5.0  348.7  350.5  348.8
  288.4  10041  -28.7  -40.1     33   0.41    220    5.0  348.7  350.4  348.8
  288.0  10052  -28.8  -40.6     31   0.38    221    5.0  348.7  350.3  348.8
  287.5  10064  -28.9  -41.1     30   0.36    222    5.0  348.7  350.2  348.8
  287.1  10074  -29.0  -42.3     27   0.32    222    5.0  348.7  350.1  348.8
  286.7  10085  -29.1  -42.9     25   0.30    222    5.0  348.8  350.0  348.8
  286.2  10098  -29.2  -43.3     24   0.29    222    5.0  348.8  350.0  348.8
  285.7  10109  -29.3  -43.8     23   0.28    222    5.1  348.8  350.0  348.9
  285.3  10119  -29.3  -43.4     24   0.29    221    5.1  348.9  350.1  349.0
  284.9  10129  -29.4  -42.2     28   0.33    220    5.2  349.0  350.3  349.0
  284.4  10141  -29.5  -41.6     30   0.35    219    5.3  349.0  350.4  349.0
  284.0  10152  -29.6  -41.6     30   0.35    217    5.3  349.0  350.4  349.0
  283.6  10163  -29.7  -41.5     31   0.35    216    5.4  348.9  350.4  349.0
  283.1  10174  -29.8  -41.5     31   0.36    214    5.5  349.0  350.5  349.1
  282.7  10185  -29.9  -41.7     31   0.35    212    5.5  349.0  350.5  349.1
  282.2  10197  -30.0  -41.5     32   0.36    210    5.5  349.1  350.6  349.1
  281.7  10210  -30.1  -41.3     33   0.37    208    5.6  349.1  350.6  349.2
  281.2  10222  -30.2  -41.5     32   0.36    206    5.6  349.1  350.6  349.2
  280.8  10233  -30.3  -42.1     31   0.34    204    5.6  349.1  350.6  349.2
  280.4  10244  -30.3  -43.1     28   0.30    202    5.6  349.2  350.5  349.3
  279.9  10255  -30.4  -43.7     26   0.28    200    5.6  349.3  350.5  349.4
  279.5  10266  -30.4  -44.3     24   0.27    197    5.6  349.4  350.5  349.4
  279.0  10278  -30.5  -44.4     25   0.27    195    5.7  349.4  350.5  349.5
  278.6  10288  -30.6  -43.4     28   0.30    193    5.7  349.4  350.6  349.4
  278.2  10298  -30.8  -43.7     27   0.29    191    5.7  349.4  350.6  349.4
  277.8  10309  -30.8  -46.8     19   0.20    189    5.8  349.5  350.3  349.5
  277.4  10318  -30.8  -49.7     14   0.15    187    5.8  349.6  350.3  349.7
  277.1  10328  -30.8  -48.6     16   0.17    186    5.9  349.7  350.4  349.7
  276.7  10337  -30.9  -48.7     16   0.16    184    5.9  349.7  350.4  349.7
  276.3  10348  -31.0  -50.4     13   0.14    183    5.9  349.8  350.4  349.8
  275.8  10359  -31.0  -50.1     14   0.14    182    6.0  349.8  350.4  349.8
  275.4  10370  -31.1  -50.4     13   0.14    180    6.0  349.8  350.4  349.8
  275.0  10380  -31.2  -50.3     13   0.14    179    5.9  349.8  350.5  349.9
  274.7  10389  -31.3  -50.2     14   0.14    178    5.9  349.8  350.4  349.9
  274.2  10400  -31.4  -50.1     14   0.14    178    5.9  349.9  350.5  349.9
  273.8  10413  -31.5  -50.5     14   0.14    177    5.8  349.9  350.5  349.9
  273.3  10425  -31.5  -51.3     12   0.12    176    5.8  350.0  350.6  350.0
  272.9  10436  -31.6  -51.7     12   0.12    176    5.7  350.1  350.6  350.1
  272.4  10447  -31.7  -51.5     12   0.12    175    5.7  350.1  350.6  350.1
  272.0  10458  -31.8  -51.3     13   0.13    175    5.7  350.1  350.6  350.1
  271.6  10469  -31.9  -51.1     13   0.13    175    5.7  350.1  350.6  350.1
  271.2  10479  -32.0  -51.1     13   0.13    175    5.7  350.1  350.7  350.1
  270.9  10488  -32.1  -51.2     13   0.13    176    5.8  350.1  350.7  350.1
  270.5  10497  -32.2  -51.2     13   0.13    176    5.8  350.1  350.7  350.1
  270.1  10508  -32.3  -51.2     14   0.13    176    5.9  350.1  350.7  350.1
  269.7  10519  -32.4  -51.2     14   0.13    177    6.0  350.1  350.7  350.1
  269.3  10530  -32.5  -51.3     14   0.13    177    6.1  350.1  350.7  350.1
  268.8  10541  -32.6  -51.4     14   0.13    178    6.3  350.2  350.7  350.2
  268.5  10551  -32.6  -51.4     14   0.13    178    6.4  350.2  350.7  350.2
  268.1  10561  -32.7  -51.3     14   0.13    178    6.5  350.2  350.7  350.2
  267.7  10571  -32.8  -51.3     14   0.13    178    6.6  350.2  350.7  350.2
  267.3  10582  -33.0  -51.2     14   0.13    178    6.7  350.2  350.7  350.2
  266.8  10593  -33.1  -51.2     15   0.13    178    6.8  350.2  350.8  350.2
  266.4  10604  -33.2  -51.3     15   0.13    178    6.9  350.2  350.8  350.2
  266.1  10614  -33.3  -51.2     15   0.13    178    6.9  350.2  350.7  350.2
  265.7  10623  -33.4  -51.2     15   0.13    178    7.0  350.2  350.8  350.2
  265.3  10634  -33.5  -51.1     15   0.13    177    7.0  350.2  350.7  350.2
  264.9  10645  -33.6  -51.2     15   0.13    177    7.0  350.2  350.7  350.2
  264.4  10657  -33.7  -51.2     16   0.13    177    7.0  350.2  350.8  350.2
  264.0  10669  -33.8  -51.1     16   0.13    177    6.9  350.2  350.8  350.2
  263.5  10682  -33.9  -51.2     16   0.13    177    6.9  350.2  350.8  350.2
  263.0  10694  -34.0  -51.1     16   0.13    176    6.8  350.2  350.8  350.2
  262.6  10707  -34.2  -50.8     17   0.14    176    6.7  350.2  350.8  350.2
  262.1  10719  -34.3  -50.6     18   0.14    177    6.6  350.2  350.8  350.3
  261.7  10730  -34.3  -50.9     17   0.14    177    6.4  350.3  350.9  350.3
  261.3  10741  -34.4  -51.6     16   0.12    177    6.3  350.4  350.9  350.4
  260.8  10754  -34.4  -52.2     15   0.12    178    6.2  350.5  351.0  350.5
  260.3  10767  -34.5  -52.1     15   0.12    179    6.1  350.6  351.1  350.6
  259.9  10779  -34.6  -52.0     15   0.12    180    6.1  350.6  351.1  350.6
  259.4  10790  -34.7  -51.9     16   0.12    181    6.0  350.6  351.2  350.6
  259.0  10801  -34.8  -51.8     16   0.12    182    6.0  350.6  351.1  350.6
  258.6  10813  -34.9  -51.8     16   0.12    183    6.0  350.6  351.1  350.6
  258.1  10827  -35.1  -51.8     16   0.12    184    6.0  350.6  351.1  350.6
  257.6  10839  -35.2  -51.9     16   0.12    185    6.0  350.6  351.2  350.6
  257.2  10850  -35.3  -52.0     17   0.12    185    6.0  350.6  351.1  350.6
  256.8  10861  -35.4  -52.0     17   0.12    186    6.0  350.6  351.1  350.6
  256.4  10873  -35.5  -52.2     17   0.12    186    6.0  350.6  351.1  350.6
  255.9  10886  -35.6  -52.6     16   0.11    185    6.0  350.6  351.1  350.6
  255.4  10899  -35.7  -52.9     16   0.11    185    5.9  350.7  351.2  350.7
  255.0  10910  -35.8  -53.0     15   0.11    184    5.9  350.7  351.2  350.7
  254.6  10922  -35.9  -53.0     16   0.11    183    5.9  350.7  351.2  350.8
  254.2  10933  -36.0  -52.8     16   0.11    183    5.9  350.8  351.3  350.8
  253.7  10945  -36.1  -52.8     16   0.11    182    5.9  350.8  351.3  350.8
  253.3  10956  -36.2  -52.8     16   0.11    181    5.9  350.8  351.3  350.9
  252.9  10967  -36.2  -52.7     16   0.11    181    5.8  351.0  351.5  351.0
  252.6  10976  -36.2  -52.4     17   0.12    180    5.8  351.1  351.6  351.1
  252.2  10988  -36.3  -51.8     19   0.13    180    5.8  351.1  351.6  351.1
  251.7  11000  -36.4  -51.7     19   0.13    180    5.8  351.2  351.7  351.2
  251.3  11011  -36.5  -52.2     18   0.12    180    5.8  351.2  351.7  351.2
  250.9  11023  -36.6  -52.1     19   0.12    180    5.8  351.2  351.8  351.2
  250.5  11035  -36.7  -52.1     19   0.12    180    5.8  351.2  351.8  351.2
  250.1  11046  -36.8  -52.5     18   0.12    180    5.8  351.2  351.8  351.3
  250.0  11048  -36.8  -52.5     18   0.12    181    5.8  351.2  351.8  351.3
  249.7  11057  -36.9  -52.4     18   0.12    181    5.8  351.2  351.8  351.3
  249.2  11070  -37.0  -51.8     20   0.13    181    5.8  351.2  351.8  351.3
  248.7  11083  -37.1  -51.0     22   0.14    181    5.8  351.3  351.9  351.3
  248.3  11094  -37.2  -50.9     23   0.14    182    5.8  351.3  351.9  351.3
  247.9  11106  -37.3  -50.8     23   0.14    182    5.8  351.2  351.9  351.3
  247.4  11119  -37.5  -50.5     25   0.15    183    5.8  351.2  351.9  351.3
  247.0  11132  -37.6  -50.5     25   0.15    183    5.7  351.2  351.9  351.3
  246.6  11143  -37.7  -50.4     25   0.15    183    5.7  351.2  351.9  351.2
  246.1  11155  -37.8  -50.6     25   0.15    184    5.6  351.2  351.9  351.3
  245.7  11166  -38.0  -50.7     25   0.15    184    5.6  351.2  351.9  351.3
  245.3  11177  -38.1  -50.8     25   0.15    184    5.6  351.2  351.9  351.2
  245.0  11188  -38.2  -50.9     25   0.15    184    5.6  351.2  351.8  351.2
  244.6  11197  -38.3  -50.9     25   0.15    184    5.6  351.2  351.9  351.3
  244.4  11205  -38.3  -50.7     26   0.15    184    5.6  351.2  351.8  351.2
  244.0  11214  -38.4  -50.9     26   0.15    183    5.6  351.2  351.9  351.2
  243.7  11224  -38.5  -51.3     25   0.14    183    5.7  351.2  351.8  351.2
  243.3  11235  -38.6  -51.4     25   0.14    182    5.7  351.2  351.8  351.2
  242.9  11247  -38.7  -51.1     26   0.14    181    5.8  351.2  351.8  351.2
  242.4  11261  -38.9  -50.4     29   0.16    180    5.8  351.2  351.9  351.2
  241.9  11274  -39.0  -49.8     31   0.17    179    5.9  351.3  352.0  351.3
  241.5  11285  -39.1  -50.0     31   0.16    178    5.9  351.3  352.0  351.3
  241.2  11295  -39.2  -50.2     30   0.16    177    6.0  351.2  351.9  351.3
  240.8  11305  -39.3  -49.4     33   0.18    176    6.0  351.3  352.1  351.3
  240.4  11316  -39.3  -48.4     37   0.20    176    5.9  351.3  352.2  351.4
  240.1  11327  -39.4  -48.5     38   0.20    175    5.9  351.3  352.2  351.4
  239.7  11338  -39.5  -48.2     39   0.20    174    5.8  351.3  352.2  351.4
  239.3  11348  -39.7  -48.1     40   0.20    173    5.7  351.3  352.2  351.4
  238.9  11360  -39.8  -48.0     41   0.21    173    5.6  351.3  352.2  351.4
  238.5  11372  -39.9  -47.5     44   0.22    172    5.5  351.3  352.3  351.4
  238.1  11383  -39.9  -47.5     44   0.22    172    5.4  351.4  352.3  351.4
  237.7  11395  -40.0  -48.5     40   0.20    171    5.4  351.5  352.3  351.5
  237.2  11409  -40.1  -49.7     35   0.17    171    5.3  351.5  352.3  351.6
  236.8  11419  -40.2  -50.4     33   0.16    170    5.2  351.6  352.3  351.6
  236.4  11432  -40.3  -50.4     33   0.16    170    5.2  351.6  352.3  351.6
  235.9  11446  -40.4  -51.6     29   0.14    170    5.2  351.7  352.3  351.7
  235.6  11456  -40.4  -55.5     18   0.09    170    5.2  351.8  352.2  351.8
  235.3  11464  -40.4  -61.3      9   0.04    170    5.2  352.0  352.1  352.0
  234.9  11474  -40.4  -63.9      6   0.03    170    5.2  352.1  352.3  352.1
  234.6  11484  -40.4  -61.1      9   0.04    171    5.2  352.2  352.4  352.2
  234.2  11494  -40.5  -59.2     12   0.06    171    5.2  352.2  352.5  352.2
  233.9  11504  -40.6  -58.4     13   0.06    172    5.2  352.2  352.4  352.2
  233.5  11515  -40.7  -58.0     14   0.06    172    5.2  352.2  352.5  352.2
  233.1  11526  -40.8  -57.9     14   0.07    173    5.1  352.2  352.5  352.2
  232.8  11536  -40.9  -58.0     14   0.07    173    5.1  352.2  352.5  352.2
  232.4  11548  -41.0  -58.0     14   0.07    174    5.1  352.2  352.5  352.2
  232.0  11559  -41.1  -58.0     14   0.07    174    5.0  352.2  352.5  352.2
  231.7  11569  -41.2  -58.1     14   0.06    175    4.9  352.2  352.5  352.2
  231.3  11580  -41.3  -58.2     14   0.06    175    4.9  352.2  352.5  352.2
  230.9  11591  -41.4  -58.4     14   0.06    175    4.8  352.2  352.5  352.2
  230.5  11604  -41.5  -58.6     14   0.06    176    4.7  352.3  352.5  352.3
  230.1  11615  -41.6  -58.8     14   0.06    176    4.7  352.3  352.6  352.3
  229.7  11626  -41.7  -58.9     14   0.06    176    4.6  352.4  352.6  352.4
  229.4  11637  -41.8  -59.0     14   0.06    176    4.5  352.4  352.6  352.4
  229.0  11649  -41.9  -59.2     13   0.06    176    4.4  352.4  352.7  352.4
  228.6  11660  -42.0  -59.3     13   0.06    176    4.3  352.4  352.7  352.5
  228.3  11669  -42.0  -59.2     14   0.06    176    4.2  352.5  352.7  352.5
  228.0  11678  -42.1  -59.1     14   0.06    176    4.0  352.5  352.7  352.5
  227.6  11688  -42.2  -59.2     14   0.06    176    3.9  352.5  352.8  352.5
  227.2  11700  -42.3  -59.1     14   0.06    176    3.7  352.6  352.8  352.6
  226.8  11712  -42.4  -58.9     15   0.06    176    3.6  352.6  352.9  352.6
  226.4  11724  -42.5  -58.9     15   0.06    176    3.4  352.6  352.9  352.7
  226.1  11735  -42.6  -59.0     15   0.06    177    3.2  352.6  352.9  352.6
  225.7  11746  -42.7  -59.1     15   0.06    177    3.1  352.6  352.9  352.6
  225.2  11760  -42.8  -59.2     15   0.06    177    2.9  352.7  352.9  352.7
  224.7  11775  -42.9  -59.2     15   0.06    177    2.8  352.7  353.0  352.7
  224.3  11788  -43.0  -59.3     15   0.06    177    2.7  352.7  353.0  352.7
  223.9  11799  -43.1  -59.4     15   0.06    177    2.6  352.8  353.0  352.8
  223.6  11809  -43.2  -59.4     15   0.06    176    2.5  352.8  353.0  352.8
  223.3  11819  -43.3  -59.4     15   0.06    175    2.4  352.7  353.0  352.8
  222.9  11830  -43.4  -59.4     15   0.06    174    2.4  352.8  353.0  352.8
  222.6  11840  -43.5  -59.3     16   0.06    173    2.4  352.8  353.0  352.8
  222.2  11850  -43.6  -59.3     16   0.06    171    2.3  352.8  353.1  352.8
  221.9  11861  -43.7  -59.2     16   0.06    169    2.3  352.8  353.0  352.8
  221.5  11873  -43.8  -59.1     17   0.06    167    2.3  352.8  353.1  352.8
  221.0  11886  -43.9  -59.1     17   0.06    165    2.3  352.8  353.1  352.8
  220.6  11898  -44.0  -59.2     17   0.06    163    2.3  352.8  353.1  352.8
  220.3  11909  -44.1  -59.3     17   0.06    161    2.3  352.8  353.1  352.8
  219.9  11920  -44.2  -59.4     17   0.06    160    2.3  352.9  353.1  352.9
  219.5  11932  -44.3  -59.4     17   0.06    159    2.4  352.9  353.1  352.9
  219.1  11945  -44.5  -59.4     17   0.06    158    2.4  352.9  353.1  352.9
  218.7  11958  -44.6  -59.5     17   0.06    157    2.5  352.9  353.1  352.9
  218.3  11969  -44.7  -59.6     17   0.06    157    2.5  352.9  353.2  352.9
  217.9  11982  -44.8  -59.7     17   0.06    156    2.6  352.9  353.2  352.9
  217.5  11993  -44.9  -59.9     17   0.05    156    2.7  353.0  353.2  353.0
  217.2  12003  -45.0  -60.3     16   0.05    155    2.8  353.0  353.2  353.0
  216.9  12013  -45.0  -60.7     16   0.05    154    2.9  353.0  353.3  353.0
  216.6  12023  -45.1  -61.0     15   0.05    152    3.0  353.1  353.3  353.1
  216.3  12033  -45.2  -61.1     15   0.05    150    3.1  353.1  353.3  353.1
  215.9  12042  -45.2  -61.2     15   0.05    148    3.3  353.1  353.4  353.2
  215.6  12054  -45.3  -61.2     15   0.05    145    3.4  353.1  353.4  353.1
  215.2  12066  -45.5  -61.4     15   0.05    142    3.5  353.2  353.4  353.2
  214.8  12078  -45.5  -61.6     15   0.04    139    3.7  353.2  353.4  353.2
  214.4  12090  -45.6  -61.8     14   0.04    136    3.8  353.3  353.5  353.3
  214.1  12100  -45.7  -62.2     14   0.04    132    4.0  353.3  353.5  353.3
  213.8  12109  -45.7  -62.7     13   0.04    130    4.2  353.4  353.6  353.4
  213.5  12119  -45.8  -63.3     12   0.04    127    4.4  353.5  353.6  353.5
  213.2  12129  -45.8  -63.4     12   0.04    125    4.5  353.6  353.7  353.6
  212.9  12138  -45.9  -63.3     12   0.04    124    4.7  353.6  353.8  353.6
  212.5  12148  -45.9  -62.8     13   0.04    123    4.9  353.7  353.9  353.7
  212.2  12158  -46.0  -61.9     15   0.04    122    5.1  353.7  353.9  353.7
  211.9  12169  -46.1  -60.6     18   0.05    122    5.2  353.7  353.9  353.7
  211.5  12180  -46.2  -59.4     21   0.06    122    5.4  353.7  354.0  353.7
  211.1  12192  -46.3  -58.7     23   0.07    122    5.5  353.8  354.1  353.8
  210.7  12206  -46.4  -58.4     24   0.07    123    5.7  353.8  354.2  353.9
  210.3  12218  -46.5  -58.6     24   0.07    123    5.8  353.9  354.2  353.9
  210.0  12229  -46.6  -59.0     23   0.06    124    5.9  353.9  354.2  353.9
  209.6  12240  -46.7  -59.7     21   0.06    124    6.0  353.9  354.2  353.9
  209.2  12252  -46.8  -60.5     19   0.05    124    6.1  354.0  354.2  354.0
  208.9  12264  -46.8  -61.2     18   0.05    125    6.2  354.0  354.2  354.0
  208.5  12276  -46.9  -61.6     17   0.05    125    6.2  354.0  354.2  354.0
  208.1  12287  -47.0  -61.7     17   0.05    125    6.3  354.1  354.3  354.1
  207.8  12298  -47.1  -61.8     17   0.04    126    6.3  354.1  354.3  354.1
  207.4  12310  -47.2  -61.9     17   0.04    126    6.3  354.1  354.3  354.1
  207.0  12323  -47.4  -61.8     18   0.05    126    6.3  354.1  354.3  354.1
  206.7  12334  -47.5  -61.7     18   0.05    126    6.3  354.1  354.3  354.1
  206.3  12344  -47.6  -61.7     18   0.05    126    6.3  354.1  354.3  354.1
  206.0  12355  -47.7  -61.9     18   0.04    126    6.2  354.1  354.3  354.1
  205.6  12367  -47.8  -62.1     18   0.04    126    6.2  354.1  354.3  354.1
  205.2  12379  -47.9  -62.1     18   0.04    127    6.2  354.1  354.3  354.1
  204.9  12392  -48.0  -61.9     19   0.05    127    6.1  354.1  354.3  354.1
  204.5  12405  -48.2  -61.6     20   0.05    127    6.1  354.1  354.3  354.1
  204.1  12418  -48.3  -61.5     20   0.05    127    6.0  354.1  354.3  354.1
  203.7  12430  -48.4  -61.7     20   0.05    128    6.0  354.1  354.3  354.1
  203.3  12442  -48.5  -62.0     20   0.04    128    6.0  354.1  354.3  354.1
  202.9  12454  -48.6  -62.2     19   0.04    128    6.0  354.1  354.3  354.1
  202.6  12464  -48.7  -62.4     19   0.04    129    6.1  354.1  354.3  354.1
  202.3  12475  -48.8  -62.4     19   0.04    129    6.1  354.1  354.3  354.1
  201.9  12488  -49.0  -62.3     20   0.04    130    6.1  354.1  354.3  354.1
  201.5  12499  -49.1  -62.0     21   0.04    130    6.2  354.2  354.4  354.2
  201.2  12509  -49.1  -61.8     21   0.05    130    6.2  354.2  354.4  354.2
  200.9  12520  -49.3  -61.6     22   0.05    130    6.2  354.1  354.4  354.1
  200.5  12532  -49.4  -61.3     23   0.05    130    6.3  354.2  354.4  354.2
  200.2  12543  -49.5  -61.1     24   0.05    130    6.2  354.2  354.4  354.2
  200.0  12550  -49.5  -61.0     25   0.05    130    6.2  354.2  354.4  354.2
  199.9  12553  -49.6  -61.0     25   0.05    130    6.2  354.1  354.4  354.2
  199.6  12563  -49.7  -60.9     25   0.05    129    6.2  354.2  354.4  354.2
  199.3  12572  -49.8  -60.8     26   0.05    129    6.1  354.2  354.4  354.2
  199.0  12582  -49.9  -60.7     27   0.05    129    6.1  354.1  354.4  354.2
  198.7  12592  -50.0  -60.5     28   0.06    128    6.0  354.1  354.4  354.1
  198.3  12604  -50.1  -60.5     28   0.06    128    6.0  354.2  354.4  354.2
  198.0  12617  -50.2  -60.6     28   0.06    128    5.9  354.1  354.4  354.1
  197.6  12630  -50.3  -60.6     29   0.06    128    5.9  354.1  354.4  354.1
  197.2  12643  -50.4  -60.8     28   0.05    128    5.9  354.1  354.4  354.2
  196.8  12655  -50.6  -60.9     28   0.05    128    5.9  354.2  354.4  354.2
  196.4  12667  -50.7  -61.1     28   0.05    128    5.9  354.2  354.4  354.2
  196.1  12678  -50.8  -61.1     28   0.05    128    5.9  354.2  354.4  354.2
  195.8  12687  -50.9  -61.2     28   0.05    128    5.9  354.2  354.4  354.2
  195.5  12699  -50.9  -61.3     28   0.05    128    6.0  354.2  354.5  354.2
  195.1  12710  -51.0  -61.2     29   0.05    128    6.0  354.3  354.5  354.3
  194.9  12719  -51.2  -61.2     29   0.05    128    6.0  354.2  354.4  354.2
  194.6  12729  -51.3  -61.1     30   0.05    128    6.0  354.2  354.4  354.2
  194.2  12741  -51.4  -61.0     31   0.05    128    6.0  354.2  354.5  354.2
  193.9  12753  -51.5  -61.0     31   0.05    127    5.9  354.2  354.5  354.2
  193.5  12766  -51.6  -60.9     32   0.05    127    5.8  354.3  354.5  354.3
  193.1  12778  -51.7  -60.9     32   0.05    126    5.8  354.3  354.6  354.3
  192.8  12790  -51.8  -61.2     31   0.05    125    5.6  354.3  354.5  354.3
  192.4  12803  -51.8  -61.7     30   0.05    124    5.5  354.4  354.6  354.4
  192.0  12814  -51.9  -62.4     27   0.04    122    5.4  354.6  354.8  354.6
  191.7  12825  -51.9  -63.6     23   0.04    121    5.3  354.7  354.9  354.7
  191.4  12836  -51.9  -65.1     19   0.03    119    5.2  354.8  354.9  354.8
  191.0  12848  -52.0  -66.8     15   0.02    118    5.1  354.9  355.0  354.9
  190.7  12860  -52.0  -68.4     12   0.02    116    5.0  355.0  355.1  355.0
  190.3  12872  -52.0  -69.9     10   0.02    114    4.9  355.2  355.3  355.2
  190.0  12885  -52.0  -70.7      9   0.01    112    4.9  355.4  355.4  355.4
  189.6  12898  -52.1  -70.5      9   0.01    110    4.9  355.5  355.6  355.5
  189.2  12910  -52.2  -70.2     10   0.02    107    4.9  355.6  355.7  355.6
  188.8  12923  -52.2  -69.9     10   0.02    105    5.0  355.7  355.8  355.7
  188.5  12935  -52.3  -69.6     11   0.02    102    5.0  355.8  355.8  355.8
  188.1  12948  -52.4  -69.4     11   0.02     99    5.1  355.8  355.9  355.8
  187.7  12962  -52.5  -69.1     12   0.02     97    5.2  355.9  356.0  355.9
  187.3  12976  -52.6  -68.8     12   0.02     94    5.3  355.9  356.0  355.9
  186.9  12988  -52.7  -68.5     13   0.02     91    5.5  356.0  356.1  356.0
  186.6  13000  -52.8  -68.4     13   0.02     89    5.6  356.0  356.1  356.0
  186.3  13010  -52.9  -68.3     14   0.02     87    5.7  356.0  356.1  356.0
  186.0  13021  -52.9  -68.4     14   0.02     86    5.8  356.1  356.2  356.1
  185.6  13033  -53.0  -68.5     13   0.02     85    5.9  356.3  356.3  356.3
  185.3  13043  -53.0  -68.7     13   0.02     84    5.9  356.4  356.5  356.4
  185.1  13050  -53.0  -69.0     13   0.02     84    6.0  356.4  356.5  356.4
  184.9  13060  -53.0  -69.3     12   0.02     85    6.0  356.5  356.6  356.5
  184.5  13071  -52.9  -69.7     11   0.02     86    6.1  356.9  357.0  356.9
  184.3  13080  -52.8  -70.0     11   0.02     87    6.1  357.2  357.3  357.2
  184.0  13089  -52.8  -70.4     10   0.02     89    6.2  357.3  357.4  357.3
  183.7  13100  -52.9  -70.6     10   0.02     91    6.2  357.4  357.4  357.4
  183.4  13112  -53.0  -70.7     10   0.01     93    6.3  357.4  357.5  357.4
  183.0  13125  -53.1  -71.0     10   0.01     95    6.5  357.5  357.5  357.5
  182.7  13135  -53.2  -71.1     10   0.01     96    6.6  357.5  357.6  357.5
  182.4  13146  -53.3  -71.4      9   0.01     97    6.8  357.6  357.6  357.6
  182.1  13157  -53.3  -71.8      9   0.01     98    7.0  357.6  357.6  357.6
  181.8  13169  -53.4  -72.2      8   0.01     99    7.2  357.6  357.7  357.6
  181.4  13183  -53.5  -72.5      8   0.01     99    7.5  357.6  357.7  357.6
  181.0  13196  -53.7  -72.5      8   0.01    100    7.7  357.7  357.7  357.7
  180.7  13207  -53.8  -72.5      8   0.01    100    7.9  357.7  357.8  357.7
  180.4  13216  -53.8  -72.4      8   0.01    100    8.2  357.7  357.8  357.7
  180.2  13225  -53.9  -72.3      9   0.01    100    8.4  357.7  357.7  357.7
  179.9  13235  -54.0  -72.2      9   0.01    100    8.6  357.7  357.8  357.7
  179.6  13245  -54.1  -72.0      9   0.01     99    8.8  357.8  357.8  357.8
  179.3  13257  -54.2  -71.7     10   0.01     99    9.0  357.8  357.8  357.8
  178.9  13270  -54.3  -71.0     11   0.01     99    9.2  357.8  357.9  357.8
  178.6  13283  -54.4  -70.0     13   0.02     98    9.4  357.8  357.9  357.8
  178.2  13295  -54.5  -68.8     16   0.02     97    9.6  357.9  358.0  357.9
  177.8  13309  -54.6  -67.5     19   0.02     97    9.7  357.9  358.0  357.9
  177.4  13325  -54.8  -66.4     22   0.03     96    9.8  357.9  358.1  358.0
  177.0  13339  -54.9  -65.6     25   0.03     94    9.9  358.0  358.1  358.0
  176.7  13352  -55.0  -65.2     27   0.03     93   10.1  358.0  358.1  358.0
  176.3  13363  -55.1  -65.0     28   0.03     92   10.2  358.1  358.2  358.1
  176.0  13375  -55.2  -64.9     29   0.04     90   10.3  358.1  358.2  358.1
  175.7  13387  -55.3  -65.2     28   0.03     89   10.5  358.0  358.2  358.1
  175.4  13399  -55.4  -65.8     26   0.03     88   10.6  358.1  358.2  358.1
  175.1  13408  -55.5  -66.6     24   0.03     87   10.8  358.1  358.3  358.1
  174.8  13417  -55.5  -67.8     20   0.02     86   11.0  358.2  358.3  358.2
  174.6  13427  -55.5  -69.5     16   0.02     85   11.1  358.3  358.4  358.3
  174.3  13437  -55.5  -71.4     12   0.01     84   11.3  358.5  358.5  358.5
  174.0  13447  -55.5  -73.2      9   0.01     83   11.5  358.7  358.8  358.7
  173.7  13458  -55.4  -74.5      8   0.01     83   11.6  359.0  359.0  359.0
  173.4  13471  -55.3  -75.5      6   0.01     83   11.8  359.3  359.4  359.3
  173.0  13485  -55.3  -75.8      6   0.01     83   11.9  359.6  359.7  359.7
  172.7  13496  -55.3  -75.2      7   0.01     83   12.0  359.8  359.9  359.8
  172.4  13506  -55.4  -74.7      7   0.01     83   12.1  359.9  359.9  359.9
  172.1  13518  -55.5  -74.0      8   0.01     83   12.2  359.9  359.9  359.9
  171.8  13529  -55.6  -73.4      9   0.01     83   12.3  359.9  360.0  359.9
  171.5  13540  -55.7  -73.0     10   0.01     83   12.3  359.9  359.9  359.9
  171.2  13553  -55.8  -72.7     10   0.01     83   12.4  359.9  360.0  359.9
  170.8  13566  -55.9  -72.5     11   0.01     83   12.4  360.0  360.1  360.0
  170.5  13579  -56.0  -72.3     11   0.01     84   12.3  360.0  360.1  360.0
  170.1  13592  -56.1  -72.3     11   0.01     84   12.3  360.0  360.1  360.0
  169.8  13603  -56.2  -72.3     12   0.01     84   12.3  360.0  360.1  360.0
  169.5  13615  -56.3  -72.2     12   0.01     84   12.3  360.1  360.1  360.1
  169.2  13626  -56.4  -72.2     12   0.01     84   12.2  360.1  360.2  360.1
  168.9  13637  -56.5  -72.2     12   0.01     84   12.2  360.1  360.1  360.1
  168.6  13648  -56.6  -72.2     12   0.01     84   12.2  360.1  360.1  360.1
  168.4  13658  -56.7  -72.1     13   0.01     84   12.1  360.0  360.1  360.0
  168.1  13668  -56.8  -72.1     13   0.01     84   12.2  360.0  360.1  360.0
  167.8  13677  -56.9  -72.0     13   0.01     84   12.2  360.1  360.1  360.1
  167.6  13688  -57.0  -72.0     13   0.01     84   12.2  360.0  360.1  360.0
  167.3  13699  -57.1  -72.0     14   0.01     84   12.3  360.0  360.1  360.0
  167.0  13711  -57.2  -72.0     14   0.01     84   12.4  360.0  360.1  360.0
  166.7  13721  -57.3  -72.0     14   0.01     84   12.5  360.1  360.1  360.1
  166.4  13731  -57.4  -72.1     14   0.01     85   12.6  360.1  360.2  360.1
  166.2  13741  -57.5  -72.1     14   0.01     85   12.7  360.1  360.2  360.1
  165.9  13752  -57.6  -72.2     14   0.01     85   12.9  360.1  360.2  360.1
  165.6  13762  -57.7  -72.2     14   0.01     85   13.0  360.1  360.2  360.1
  165.3  13773  -57.8  -72.3     14   0.01     86   13.1  360.2  360.2  360.2
  165.0  13784  -57.9  -72.5     14   0.01     86   13.1  360.2  360.2  360.2
  164.7  13797  -58.0  -72.8     14   0.01     86   13.2  360.1  360.2  360.2
  164.3  13810  -58.1  -73.0     13   0.01     87   13.2  360.2  360.3  360.2
  164.0  13822  -58.2  -73.1     13   0.01     87   13.2  360.3  360.3  360.3
  163.8  13833  -58.3  -73.3     13   0.01     88   13.2  360.3  360.4  360.3
  163.5  13844  -58.4  -73.5     13   0.01     88   13.2  360.3  360.4  360.3
  163.2  13856  -58.5  -73.6     13   0.01     88   13.1  360.3  360.4  360.3
  162.8  13868  -58.6  -73.7     13   0.01     89   13.1  360.4  360.4  360.4
  162.5  13880  -58.7  -73.5     13   0.01     89   13.0  360.4  360.5  360.4
  162.2  13891  -58.8  -73.4     14   0.01     89   13.0  360.4  360.5  360.5
  161.9  13902  -58.9  -73.2     14   0.01     89   13.0  360.4  360.5  360.4
  161.6  13915  -59.0  -73.0     15   0.01     89   13.0  360.4  360.5  360.4
  161.3  13928  -59.1  -72.7     16   0.01     89   13.1  360.4  360.5  360.5
  161.0  13941  -59.3  -72.5     16   0.01     89   13.2  360.4  360.5  360.4
  160.6  13954  -59.4  -72.4     17   0.01     88   13.3  360.5  360.5  360.5
  160.2  13969  -59.5  -72.3     17   0.01     88   13.4  360.5  360.5  360.5
  159.9  13983  -59.7  -72.3     18   0.01     88   13.6  360.4  360.5  360.4
  159.5  13997  -59.8  -72.3     18   0.01     88   13.8  360.5  360.5  360.5
  159.2  14011  -59.9  -72.2     18   0.01     88   14.0  360.6  360.6  360.6
  158.8  14023  -59.9  -72.3     18   0.01     88   14.1  360.7  360.8  360.7
  158.5  14035  -60.0  -72.6     18   0.01     89   14.3  360.8  360.9  360.8
  158.3  14047  -60.1  -73.0     17   0.01     89   14.4  360.8  360.9  360.8
  157.9  14060  -60.1  -73.4     16   0.01     90   14.5  360.9  361.0  360.9
  157.6  14074  -60.2  -73.9     15   0.01     90   14.6  360.9  361.0  361.0
  157.3  14085  -60.3  -74.2     15   0.01     90   14.7  361.0  361.1  361.0
  157.1  14094  -60.4  -74.6     14   0.01     91   14.8  361.0  361.0  361.0
  156.8  14105  -60.6  -75.0     13   0.01     91   14.8  360.9  361.0  360.9
  156.5  14115  -60.7  -75.4     13   0.01     92   14.9  360.8  360.9  360.8
  156.3  14124  -60.9  -75.6     13   0.01     92   14.9  360.8  360.8  360.8
  156.0  14134  -60.9  -75.5     13   0.01     92   14.9  360.9  360.9  360.9
  155.8  14145  -61.0  -75.1     14   0.01     92   14.9  360.9  360.9  360.9
  155.5  14155  -61.0  -74.6     15   0.01     92   15.0  361.0  361.0  361.0
  155.3  14165  -61.1  -74.1     16   0.01     92   15.0  361.0  361.0  361.0
  155.0  14175  -61.2  -73.7     18   0.01     92   15.0  361.0  361.0  361.0
  154.8  14185  -61.3  -73.2     19   0.01     92   15.0  360.9  361.0  360.9
  154.5  14195  -61.4  -72.8     21   0.01     92   15.0  361.0  361.0  361.0
  154.3  14205  -61.6  -72.4     22   0.01     92   15.0  360.9  361.0  360.9
  154.0  14215  -61.6  -72.1     24   0.01     92   14.9  361.0  361.1  361.0
  153.8  14224  -61.7  -71.8     25   0.02     92   14.9  361.0  361.1  361.0
  153.6  14234  -61.8  -71.6     26   0.02     91   14.9  361.0  361.0  361.0
  153.3  14242  -61.9  -71.5     26   0.02     91   14.8  361.0  361.1  361.0
  153.1  14251  -62.0  -71.6     27   0.02     91   14.8  360.9  361.0  360.9
  152.9  14260  -62.1  -71.8     26   0.02     91   14.7  360.9  361.0  360.9
  152.7  14269  -62.2  -72.0     26   0.01     91   14.7  360.9  361.0  360.9
  152.5  14277  -62.3  -72.3     25   0.01     91   14.7  360.9  361.0  360.9
  152.3  14286  -62.4  -72.6     24   0.01     90   14.7  360.9  361.0  360.9
  152.0  14296  -62.4  -72.9     23   0.01     90   14.8  360.9  361.0  361.0
  151.8  14305  -62.5  -73.3     22   0.01     90   14.8  360.9  361.0  360.9
  151.5  14315  -62.6  -73.7     21   0.01     90   14.9  361.0  361.1  361.0
  151.3  14325  -62.7  -74.0     21   0.01     90   15.0  361.0  361.1  361.0
  151.1  14336  -62.8  -74.1     20   0.01     90   15.1  361.0  361.0  361.0
  150.8  14346  -62.9  -74.1     20   0.01     90   15.2  361.0  361.1  361.0
  150.5  14357  -62.9  -74.1     21   0.01     91   15.3  361.1  361.2  361.1
  150.3  14368  -63.0  -74.0     21   0.01     91   15.4  361.1  361.1  361.1
  150.0  14378  -63.1  -73.8     22   0.01     91   15.4  361.2  361.2  361.2
  149.7  14390  -63.2  -73.4     24   0.01     91   15.7  361.2  361.3  361.2
  149.5  14400  -63.3  -73.0     25   0.01     91   15.8  361.3  361.3  361.3
  149.2  14410  -63.3  -72.7     27   0.01     92   15.9  361.3  361.4  361.3
  149.0  14421  -63.4  -72.4     29   0.01     92   16.1  361.3  361.4  361.3
  148.7  14432  -63.5  -72.2     30   0.01     92   16.2  361.4  361.4  361.4
  148.4  14443  -63.6  -72.0     31   0.02     92   16.3  361.5  361.6  361.5
  148.2  14455  -63.6  -71.9     31   0.02     92   16.3  361.5  361.6  361.5
  147.9  14466  -63.8  -72.0     32   0.02     92   16.4  361.5  361.6  361.5
  147.6  14479  -63.9  -72.1     32   0.02     92   16.5  361.5  361.5  361.5
  147.2  14492  -64.0  -72.2     32   0.02     92   16.5  361.5  361.6  361.5
  146.9  14506  -64.1  -72.3     32   0.01     92   16.5  361.6  361.6  361.6
  146.6  14518  -64.2  -72.4     32   0.01     92   16.5  361.6  361.7  361.6
  146.4  14529  -64.3  -72.5     32   0.01     92   16.4  361.5  361.6  361.6
  146.1  14540  -64.4  -72.6     32   0.01     92   16.4  361.6  361.7  361.6
  145.9  14550  -64.5  -72.8     31   0.01     92   16.3  361.6  361.7  361.6
  145.6  14560  -64.6  -73.3     29   0.01     92   16.3  361.7  361.8  361.7
  145.4  14570  -64.7  -73.9     27   0.01     92   16.2  361.7  361.7  361.7
  145.1  14580  -64.8  -74.5     25   0.01     92   16.2  361.7  361.8  361.7
  144.9  14590  -64.8  -75.1     23   0.01     91   16.1  361.8  361.8  361.8
  144.7  14600  -64.8  -75.6     21   0.01     91   16.1  361.9  361.9  361.9
  144.5  14609  -64.9  -76.1     20   0.01     91   16.1  361.9  361.9  361.9
  144.2  14618  -65.0  -76.5     19   0.01     91   16.1  362.0  362.0  362.0
  144.0  14627  -65.1  -76.9     18   0.01     91   16.1  362.0  362.0  362.0
  143.8  14636  -65.2  -77.4     17   0.01     91   16.2  362.0  362.0  362.0
  143.6  14647  -65.2  -77.7     16   0.01     91   16.2  362.0  362.0  362.0
  143.3  14657  -65.3  -78.0     16   0.01     91   16.3  362.1  362.1  362.1
  143.1  14667  -65.3  -78.1     15   0.01     91   16.3  362.2  362.2  362.2
  142.9  14676  -65.4  -78.3     15   0.01     91   16.4  362.2  362.2  362.2
  142.6  14686  -65.5  -78.3     15   0.01     91   16.4  362.3  362.4  362.3
  142.4  14696  -65.5  -78.4     15   0.01     91   16.4  362.4  362.4  362.4
  142.2  14706  -65.5  -78.3     15   0.01     91   16.4  362.6  362.6  362.6
  141.9  14716  -65.5  -78.4     15   0.01     91   16.4  362.8  362.8  362.8
  141.7  14724  -65.5  -78.6     15   0.01     91   16.4  362.9  363.0  362.9
  141.5  14733  -65.5  -78.9     14   0.01     91   16.3  363.0  363.0  363.0
  141.3  14744  -65.6  -79.2     13   0.01     91   16.3  363.0  363.1  363.0
  141.0  14754  -65.6  -79.6     13   0.01     91   16.2  363.2  363.2  363.2
  140.8  14764  -65.7  -79.9     12   0.00     91   16.2  363.3  363.3  363.3
  140.6  14774  -65.7  -80.2     12   0.00     91   16.1  363.3  363.3  363.3
  140.3  14786  -65.8  -80.5     11   0.00     91   16.0  363.4  363.4  363.4
  140.1  14797  -65.9  -80.8     11   0.00     91   16.0  363.4  363.5  363.4
  139.8  14810  -66.0  -81.0     11   0.00     91   15.9  363.5  363.5  363.5
  139.4  14824  -66.1  -81.0     11   0.00     91   15.9  363.6  363.6  363.6
  139.1  14837  -66.1  -81.0     11   0.00     92   15.8  363.7  363.7  363.7
  138.8  14850  -66.2  -80.9     11   0.00     92   15.8  363.8  363.8  363.8
  138.6  14862  -66.4  -80.8     12   0.00     92   15.8  363.7  363.7  363.7
  138.3  14874  -66.5  -80.9     12   0.00     92   15.8  363.7  363.7  363.7
  138.0  14886  -66.7  -80.9     12   0.00     93   15.9  363.6  363.6  363.6
  137.7  14898  -66.8  -81.0     12   0.00     93   15.9  363.6  363.6  363.6
  137.5  14910  -66.9  -81.1     12   0.00     93   16.0  363.6  363.6  363.6
  137.2  14922  -67.0  -81.0     12   0.00     93   16.0  363.7  363.7  363.7
  137.0  14932  -67.1  -80.8     13   0.00     93   16.1  363.7  363.7  363.7
  136.7  14943  -67.2  -80.7     13   0.00     93   16.2  363.7  363.7  363.7
  136.5  14953  -67.3  -80.7     13   0.00     93   16.3  363.7  363.7  363.7
  136.3  14962  -67.3  -80.6     14   0.00     93   16.4  363.7  363.7  363.7
  136.1  14972  -67.4  -80.6     14   0.00     93   16.5  363.7  363.7  363.7
  135.8  14982  -67.5  -80.6     14   0.00     93   16.5  363.7  363.8  363.7
  135.6  14993  -67.6  -80.6     14   0.00     93   16.6  363.7  363.8  363.7
  135.3  15004  -67.7  -80.6     14   0.00     93   16.7  363.8  363.9  363.8
  135.1  15014  -67.8  -80.7     14   0.00     93   16.7  363.8  363.9  363.8
  134.9  15025  -67.8  -80.7     14   0.00     93   16.7  363.9  363.9  363.9
  134.6  15036  -67.9  -80.8     14   0.00     93   16.7  364.0  364.0  364.0
  134.4  15046  -67.9  -80.9     14   0.00     93   16.7  364.1  364.1  364.1
  134.2  15056  -68.0  -81.0     14   0.00     93   16.7  364.1  364.2  364.1
  133.9  15068  -68.1  -81.1     14   0.00     93   16.7  364.2  364.2  364.2
  133.6  15080  -68.2  -81.2     14   0.00     93   16.6  364.3  364.3  364.3
  133.4  15092  -68.3  -81.4     14   0.00     93   16.6  364.3  364.3  364.3
  133.1  15103  -68.3  -81.5     13   0.00     94   16.6  364.4  364.4  364.4
  132.9  15114  -68.4  -81.7     13   0.00     94   16.5  364.5  364.5  364.5
  132.6  15125  -68.5  -81.9     13   0.00     95   16.5  364.6  364.6  364.6
  132.4  15137  -68.6  -82.1     13   0.00     95   16.5  364.5  364.6  364.5
  132.1  15149  -68.7  -82.3     13   0.00     95   16.5  364.6  364.6  364.6
  131.9  15160  -68.7  -82.4     12   0.00     96   16.6  364.6  364.6  364.6
  131.6  15171  -68.8  -82.5     12   0.00     96   16.6  364.7  364.7  364.7
  131.4  15181  -68.9  -82.5     12   0.00     97   16.7  364.8  364.8  364.8
  131.2  15192  -69.0  -82.7     12   0.00     97   16.8  364.8  364.8  364.8
  130.9  15204  -69.1  -82.8     12   0.00     97   16.9  364.8  364.8  364.8
  130.6  15216  -69.2  -82.9     12   0.00     98   17.0  364.8  364.9  364.8
  130.4  15226  -69.3  -82.9     12   0.00     98   17.1  364.8  364.8  364.8
  130.2  15236  -69.4  -82.9     12   0.00     98   17.2  364.8  364.9  364.8
  130.0  15246  -69.4  -82.9     13   0.00     97   17.3  364.9  364.9  364.9
  129.8  15256  -69.5  -83.0     13   0.00     97   17.4  364.9  365.0  364.9
  129.5  15268  -69.6  -83.1     12   0.00     97   17.5  365.0  365.0  365.0
  129.3  15278  -69.7  -83.2     12   0.00     96   17.6  365.0  365.0  365.0
  129.0  15289  -69.8  -83.3     12   0.00     96   17.7  365.1  365.1  365.1
  128.8  15302  -69.8  -83.4     12   0.00     95   17.8  365.2  365.2  365.2
  128.5  15315  -69.9  -83.4     12   0.00     94   17.8  365.4  365.4  365.4
  128.2  15329  -69.9  -83.4     12   0.00     93   17.9  365.5  365.6  365.5
  127.9  15343  -69.9  -83.3     13   0.00     92   17.9  365.7  365.7  365.7
  127.6  15355  -70.0  -83.3     13   0.00     92   18.0  365.8  365.8  365.8
  127.4  15367  -70.1  -83.2     13   0.00     91   18.0  365.8  365.9  365.8
  127.1  15380  -70.2  -83.2     13   0.00     90   18.0  366.0  366.0  366.0
  126.8  15392  -70.2  -83.1     14   0.00     89   18.0  366.1  366.1  366.1
  126.6  15403  -70.3  -83.1     14   0.00     88   18.0  366.1  366.1  366.1
  126.4  15414  -70.4  -83.1     14   0.00     87   18.0  366.2  366.2  366.2
  126.1  15425  -70.4  -83.1     14   0.00     86   17.9  366.4  366.4  366.4
  125.9  15436  -70.5  -83.1     14   0.00     85   17.8  366.4  366.4  366.4
  125.7  15446  -70.5  -83.1     14   0.00     85   17.7  366.4  366.4  366.4
  125.5  15457  -70.6  -83.1     14   0.00     84   17.7  366.4  366.4  366.4
  125.2  15467  -70.7  -83.1     15   0.00     83   17.6  366.5  366.5  366.5
  125.0  15478  -70.8  -83.0     15   0.00     83   17.5  366.6  366.6  366.6
  124.8  15489  -70.9  -82.9     15   0.00     82   17.4  366.6  366.6  366.6
  124.5  15500  -71.0  -82.9     16   0.00     82   17.3  366.6  366.7  366.6
  124.3  15511  -71.1  -82.8     16   0.00     81   17.3  366.6  366.6  366.6
  124.1  15522  -71.1  -82.8     16   0.00     81   17.2  366.7  366.7  366.7
  123.8  15534  -71.2  -82.7     17   0.00     80   17.2  366.8  366.8  366.8
  123.6  15547  -71.4  -82.7     17   0.00     80   17.2  366.7  366.7  366.7
  123.3  15561  -71.5  -82.6     18   0.00     79   17.2  366.7  366.7  366.7
  123.0  15574  -71.6  -82.4     19   0.00     79   17.3  366.8  366.9  366.8
  122.8  15583  -71.6  -82.2     19   0.00     78   17.3  366.9  366.9  366.9
  122.6  15592  -71.7  -82.1     20   0.00     77   17.4  366.9  366.9  366.9
  122.4  15603  -71.8  -81.9     21   0.00     77   17.4  366.9  366.9  366.9
  122.2  15613  -71.9  -81.7     22   0.00     76   17.5  367.0  367.0  367.0
  122.0  15623  -71.9  -81.6     22   0.00     76   17.5  367.0  367.0  367.0
  121.8  15633  -72.0  -81.4     23   0.00     75   17.6  367.0  367.1  367.0
  121.6  15643  -72.1  -81.3     24   0.00     75   17.7  367.0  367.0  367.0
  121.4  15653  -72.2  -81.2     25   0.00     74   17.7  367.0  367.0  367.0
  121.2  15662  -72.3  -81.0     26   0.00     74   17.8  367.0  367.1  367.0
  121.0  15672  -72.4  -80.8     27   0.00     74   17.8  367.1  367.1  367.1
  120.8  15681  -72.4  -80.5     29   0.01     74   17.9  367.2  367.2  367.2
  120.6  15691  -72.4  -80.2     30   0.01     74   17.9  367.4  367.4  367.4
  120.4  15700  -72.5  -80.0     31   0.01     74   18.0  367.5  367.5  367.5
  120.2  15709  -72.6  -79.9     32   0.01     74   18.1  367.4  367.5  367.4
  120.0  15719  -72.7  -79.7     34   0.01     74   18.1  367.4  367.5  367.4
  119.8  15729  -72.7  -79.6     35   0.01     74   18.3  367.5  367.5  367.5
  119.6  15739  -72.8  -79.5     36   0.01     75   18.4  367.4  367.5  367.4
  119.4  15749  -72.9  -79.5     37   0.01     75   18.6  367.5  367.5  367.5
  119.2  15758  -72.9  -79.4     37   0.01     75   18.8  367.6  367.7  367.6
  119.0  15767  -73.0  -79.3     38   0.01     76   19.0  367.7  367.7  367.7
  118.8  15778  -73.1  -79.3     38   0.01     76   19.2  367.7  367.8  367.7
  118.6  15788  -73.1  -79.4     38   0.01     76   19.5  367.8  367.8  367.8
  118.4  15798  -73.2  -79.5     38   0.01     76   19.8  367.8  367.9  367.8
  118.2  15808  -73.3  -79.6     38   0.01     76   20.1  367.9  367.9  367.9
  118.0  15819  -73.3  -79.7     38   0.01     77   20.4  368.0  368.0  368.0
  117.8  15829  -73.4  -79.8     37   0.01     77   20.7  368.1  368.1  368.1
  117.6  15840  -73.4  -79.9     37   0.01     77   21.0  368.3  368.3  368.3
  117.3  15850  -73.4  -79.9     36   0.01     77   21.3  368.5  368.6  368.5
  117.2  15860  -73.3  -80.0     35   0.01     76   21.5  368.7  368.7  368.7
  117.0  15869  -73.2  -80.0     35   0.01     76   21.7  369.0  369.1  369.0
  116.8  15878  -73.2  -80.1     34   0.01     76   21.9  369.3  369.4  369.3
  116.6  15887  -73.1  -80.1     34   0.01     76   22.0  369.7  369.7  369.7
  116.4  15897  -73.1  -80.2     33   0.01     76   22.1  369.9  369.9  369.9
  116.2  15906  -73.1  -80.3     33   0.01     75   22.2  370.0  370.0  370.0
  116.0  15915  -73.2  -80.5     32   0.01     75   22.2  370.0  370.0  370.0
  115.9  15924  -73.3  -80.6     32   0.01     75   22.3  370.0  370.0  370.0
  115.7  15932  -73.3  -80.7     32   0.01     74   22.4  370.0  370.1  370.0
  115.5  15943  -73.4  -80.8     31   0.01     74   22.4  370.1  370.1  370.1
  115.3  15953  -73.5  -80.9     31   0.00     74   22.5  370.1  370.2  370.1
  115.1  15962  -73.5  -81.0     31   0.00     73   22.6  370.2  370.3  370.2
  114.9  15972  -73.6  -81.0     31   0.00     73   22.7  370.3  370.3  370.3
  114.7  15981  -73.7  -81.1     31   0.00     73   22.8  370.4  370.4  370.4
  114.5  15992  -73.7  -81.2     31   0.00     73   22.8  370.4  370.4  370.4
  114.3  16002  -73.8  -81.2     32   0.00     73   22.9  370.4  370.4  370.4
  114.2  16011  -73.9  -81.3     32   0.00     73   23.0  370.4  370.4  370.4
  114.0  16020  -74.0  -81.3     32   0.00     73   23.0  370.4  370.4  370.4
  113.8  16030  -74.0  -81.3     32   0.00     73   23.1  370.5  370.5  370.5
  113.6  16040  -74.1  -81.4     32   0.00     73   23.1  370.5  370.6  370.5
  113.4  16049  -74.2  -81.4     32   0.00     73   23.1  370.6  370.6  370.6
  113.2  16058  -74.2  -81.5     32   0.00     73   23.1  370.7  370.7  370.7
  113.1  16067  -74.3  -81.5     32   0.00     73   23.0  370.7  370.7  370.7
  112.9  16077  -74.4  -81.6     32   0.00     74   23.0  370.7  370.8  370.7
  112.7  16088  -74.4  -81.6     32   0.00     74   23.0  370.8  370.8  370.8
  112.5  16097  -74.5  -81.6     32   0.00     74   23.0  370.9  370.9  370.9
  112.3  16106  -74.6  -81.7     33   0.00     75   22.9  370.9  370.9  370.9
  112.1  16116  -74.6  -81.8     33   0.00     75   22.9  371.0  371.0  371.0
  111.9  16126  -74.7  -81.8     33   0.00     75   22.9  371.0  371.1  371.0
  111.7  16137  -74.7  -81.8     33   0.00     75   23.0  371.2  371.2  371.2
  111.5  16147  -74.8  -81.8     33   0.00     76   23.0  371.3  371.3  371.3
  111.3  16157  -74.8  -81.9     33   0.00     76   23.1  371.4  371.4  371.4
  111.1  16167  -74.9  -81.9     33   0.00     76   23.2  371.4  371.4  371.4
  110.9  16178  -75.0  -81.9     33   0.00     76   23.3  371.4  371.5  371.4
  110.7  16187  -75.1  -82.0     34   0.00     75   23.4  371.4  371.5  371.4
  110.6  16196  -75.2  -82.0     34   0.00     75   23.6  371.4  371.4  371.4
  110.4  16206  -75.3  -82.1     34   0.00     75   23.8  371.4  371.4  371.4
  110.2  16216  -75.4  -82.1     34   0.00     75   24.0  371.4  371.4  371.4
  110.0  16227  -75.4  -82.2     34   0.00     74   24.2  371.4  371.5  371.4
  109.8  16237  -75.5  -82.2     34   0.00     74   24.4  371.6  371.6  371.6
  109.6  16246  -75.5  -82.3     34   0.00     74   24.7  371.8  371.8  371.8
  109.4  16256  -75.5  -82.3     34   0.00     74   25.0  372.0  372.0  372.0
  109.3  16265  -75.5  -82.3     34   0.00     73   25.2  372.1  372.1  372.1
  109.1  16275  -75.5  -82.3     34   0.00     73   25.5  372.2  372.2  372.2
  108.9  16285  -75.5  -82.3     34   0.00     73   25.8  372.4  372.4  372.4
  108.7  16294  -75.5  -82.4     34   0.00     73   26.0  372.5  372.6  372.5
  108.5  16304  -75.6  -82.4     34   0.00     74   26.2  372.7  372.7  372.7
  108.4  16313  -75.6  -82.4     34   0.00     74   26.4  372.8  372.8  372.8
  108.2  16323  -75.6  -82.4     34   0.00     74   26.6  373.0  373.0  373.0
  108.0  16333  -75.6  -82.4     34   0.00     75   26.7  373.2  373.2  373.2
  107.8  16341  -75.6  -82.5     33   0.00     75   26.9  373.3  373.3  373.3
  107.7  16351  -75.6  -82.6     33   0.00     76   27.0  373.4  373.4  373.4
  107.5  16360  -75.6  -82.7     33   0.00     76   27.1  373.5  373.5  373.5
  107.3  16370  -75.7  -82.8     32   0.00     77   27.2  373.6  373.7  373.6
  107.1  16379  -75.7  -82.9     32   0.00     78   27.3  373.8  373.8  373.8
  106.9  16389  -75.7  -83.0     31   0.00     78   27.4  374.0  374.0  374.0
  106.8  16399  -75.6  -83.1     30   0.00     79   27.5  374.2  374.3  374.2
  106.6  16409  -75.6  -83.2     29   0.00     79   27.6  374.5  374.6  374.5
  106.4  16419  -75.6  -83.4     29   0.00     80   27.7  374.8  374.8  374.8
  106.2  16428  -75.6  -83.6     28   0.00     80   27.8  374.9  374.9  374.9
  106.1  16436  -75.7  -83.8     27   0.00     80   27.9  374.9  374.9  374.9
  105.9  16445  -75.7  -84.0     27   0.00     80   28.0  375.0  375.0  375.0
  105.7  16455  -75.7  -84.2     26   0.00     80   28.1  375.2  375.2  375.2
  105.6  16465  -75.6  -84.3     25   0.00     80   28.2  375.6  375.6  375.6
  105.4  16474  -75.3  -84.3     24   0.00     80   28.3  376.3  376.3  376.3
  105.2  16484  -75.0  -84.3     23   0.00     80   28.4  377.1  377.1  377.1
  105.1  16493  -74.8  -84.4     22   0.00     79   28.4  377.5  377.5  377.5
  104.9  16502  -74.8  -84.6     21   0.00     79   28.4  377.7  377.8  377.7
  104.7  16512  -74.8  -84.8     20   0.00     79   28.4  377.9  377.9  377.9
  104.5  16521  -74.8  -85.0     19   0.00     80   28.4  378.1  378.1  378.1
  104.4  16530  -74.8  -85.2     19   0.00     80   28.4  378.2  378.2  378.2
  104.2  16540  -74.9  -85.4     18   0.00     80   28.4  378.3  378.4  378.3
  104.0  16550  -74.9  -85.5     18   0.00     80   28.3  378.6  378.6  378.6
  103.8  16562  -74.8  -85.5     18   0.00     81   28.3  378.9  378.9  378.9
  103.6  16572  -74.6  -85.5     17   0.00     81   28.2  379.5  379.5  379.5
  103.5  16581  -74.4  -85.4     17   0.00     82   28.1  380.0  380.0  380.0
  103.3  16590  -74.3  -85.4     17   0.00     83   28.0  380.3  380.3  380.3
  103.1  16599  -74.3  -85.3     17   0.00     83   27.9  380.6  380.6  380.6
  103.0  16609  -74.3  -85.3     17   0.00     84   27.8  380.7  380.8  380.7
  102.8  16618  -74.3  -85.4     17   0.00     85   27.7  380.9  381.0  380.9
  102.7  16627  -74.3  -85.5     17   0.00     85   27.6  381.0  381.0  381.0
  102.5  16636  -74.4  -85.6     16   0.00     86   27.5  381.1  381.1  381.1
  102.3  16646  -74.4  -85.6     16   0.00     86   27.3  381.2  381.2  381.2
  102.1  16656  -74.4  -85.6     16   0.00     87   27.2  381.4  381.4  381.4
  102.0  16666  -74.5  -85.6     17   0.00     87   27.1  381.4  381.4  381.4
  101.8  16676  -74.6  -85.6     17   0.00     88   27.0  381.5  381.5  381.5
  101.6  16686  -74.6  -85.6     17   0.00     88   26.8  381.6  381.6  381.6
  101.4  16696  -74.7  -85.5     17   0.00     89   26.7  381.7  381.7  381.7
  101.3  16706  -74.7  -85.5     17   0.00     89   26.6  381.7  381.8  381.7
  101.1  16717  -74.8  -85.5     18   0.00     90   26.5  381.8  381.9  381.8
  100.9  16728  -74.8  -85.6     18   0.00     90   26.4  381.9  381.9  381.9
  100.7  16738  -74.9  -85.6     18   0.00     90   26.3  381.9  382.0  381.9
  100.5  16748  -75.0  -85.7     18   0.00     91   26.2  381.9  381.9  381.9
  100.4  16758  -75.1  -85.7     18   0.00     91   26.1  381.9  381.9  381.9
  100.2  16768  -75.2  -85.7     18   0.00     91   26.0  382.0  382.0  382.0
  100.0  16779  -75.2  -85.7     18   0.00     92   25.8  382.1  382.1  382.1
  100.0  16779  -75.2  -85.7     18   0.00     92   25.8  382.1  382.1  382.1
   99.8  16788  -75.3  -85.7     19   0.00     92   25.8  382.2  382.2  382.2
   99.7  16797  -75.4  -85.6     19   0.00     92   25.7  382.2  382.2  382.2
   99.5  16807  -75.4  -85.6     19   0.00     93   25.5  382.3  382.3  382.3
   99.3  16817  -75.5  -85.6     19   0.00     93   25.3  382.3  382.4  382.4
   99.2  16827  -75.6  -85.6     20   0.00     93   25.2  382.3  382.3  382.3
   99.0  16837  -75.6  -85.6     20   0.00     94   24.9  382.4  382.4  382.4
   98.8  16847  -75.7  -85.7     20   0.00     94   24.7  382.5  382.5  382.5
   98.7  16856  -75.8  -85.7     20   0.00     94   24.4  382.5  382.5  382.5
   98.5  16865  -75.9  -85.7     20   0.00     94   24.2  382.6  382.6  382.6
   98.4  16875  -75.9  -85.7     20   0.00     95   23.9  382.6  382.6  382.6
   98.2  16885  -76.0  -85.7     21   0.00     95   23.6  382.7  382.7  382.7
   98.0  16896  -76.0  -85.7     21   0.00     95   23.3  382.9  382.9  382.9
   97.8  16906  -76.0  -85.6     21   0.00     95   22.9  383.0  383.0  383.0
   97.7  16916  -76.0  -85.6     21   0.00     94   22.6  383.1  383.1  383.1
   97.5  16926  -76.1  -85.5     21   0.00     94   22.3  383.3  383.3  383.3
   97.3  16936  -76.1  -85.5     22   0.00     94   22.0  383.5  383.5  383.5
   97.2  16945  -76.1  -85.5     22   0.00     93   21.7  383.6  383.6  383.6
   97.0  16956  -76.1  -85.5     22   0.00     93   21.4  383.8  383.8  383.8
   96.8  16966  -76.1  -85.5     22   0.00     92   21.1  384.0  384.0  384.0
   96.6  16976  -76.1  -85.5     22   0.00     92   20.9  384.2  384.2  384.2
   96.5  16986  -76.1  -85.5     22   0.00     91   20.6  384.3  384.4  384.3
   96.3  16997  -76.1  -85.5     22   0.00     90   20.5  384.6  384.6  384.6
   96.1  17008  -76.0  -85.5     21   0.00     89   20.3  385.0  385.0  385.0
   95.9  17018  -76.0  -85.4     21   0.00     89   20.2  385.3  385.3  385.3
   95.8  17028  -75.9  -85.4     21   0.00     88   20.1  385.5  385.5  385.5
   95.6  17038  -75.9  -85.5     21   0.00     87   20.1  385.7  385.7  385.7
   95.5  17047  -75.9  -85.5     21   0.00     86   20.1  385.8  385.8  385.8
   95.3  17057  -75.9  -85.5     21   0.00     85   20.1  386.1  386.1  386.1
   95.1  17067  -75.9  -85.5     21   0.00     84   20.1  386.4  386.4  386.4
   95.0  17077  -75.9  -85.5     21   0.00     84   20.2  386.4  386.4  386.4
   94.8  17087  -75.9  -85.6     21   0.00     83   20.3  386.6  386.6  386.6
   94.6  17097  -76.0  -85.6     21   0.00     82   20.4  386.7  386.8  386.7
   94.5  17107  -76.0  -85.7     21   0.00     81   20.6  386.8  386.9  386.8
   94.3  17117  -76.0  -85.7     21   0.00     80   20.7  387.1  387.1  387.1
   94.1  17128  -76.0  -85.8     20   0.00     79   20.9  387.2  387.3  387.3
   94.0  17139  -76.1  -85.9     20   0.00     79   21.1  387.3  387.3  387.3
   93.8  17149  -76.1  -85.9     20   0.00     78   21.3  387.5  387.5  387.5
   93.6  17159  -76.1  -86.0     20   0.00     77   21.4  387.8  387.8  387.8
   93.5  17169  -76.0  -86.0     20   0.00     76   21.6  388.0  388.1  388.0
   93.3  17180  -75.9  -86.0     19   0.00     75   21.8  388.5  388.5  388.5
   93.1  17190  -75.8  -86.0     19   0.00     74   22.0  388.8  388.8  388.8
   93.0  17201  -75.8  -86.0     19   0.00     73   22.2  389.0  389.0  389.0
   92.8  17211  -75.7  -86.1     18   0.00     73   22.4  389.4  389.4  389.4
   92.6  17221  -75.6  -86.1     18   0.00     72   22.5  389.8  389.8  389.8
   92.5  17230  -75.5  -86.2     18   0.00     72   22.7  390.1  390.2  390.1
   92.3  17239  -75.5  -86.2     17   0.00     71   22.8  390.5  390.5  390.5
   92.2  17249  -75.4  -86.3     17   0.00     71   22.9  390.8  390.8  390.8
   92.0  17259  -75.3  -86.3     17   0.00     71   23.0  391.2  391.2  391.2
   91.9  17270  -75.2  -86.3     16   0.00     71   23.1  391.6  391.6  391.6
   91.7  17281  -75.0  -86.3     16   0.00     72   23.2  392.1  392.2  392.1
   91.5  17292  -74.9  -86.3     16   0.00     72   23.3  392.6  392.6  392.6
   91.3  17304  -74.8  -86.3     16   0.00     73   23.4  393.0  393.0  393.0
   91.2  17314  -74.8  -86.3     15   0.00     73   23.5  393.1  393.2  393.1
   91.0  17324  -74.8  -86.4     15   0.00     74   23.7  393.4  393.4  393.4
   90.9  17333  -74.8  -86.5     15   0.00     75   23.9  393.6  393.6  393.6
   90.7  17343  -74.8  -86.6     15   0.00     76   24.1  393.8  393.8  393.8
   90.5  17353  -74.8  -86.7     14   0.00     77   24.3  394.1  394.1  394.1
   90.4  17364  -74.7  -86.8     14   0.00     78   24.6  394.3  394.3  394.3
   90.2  17375  -74.7  -86.9     14   0.00     79   24.8  394.6  394.6  394.6
   90.1  17384  -74.7  -86.9     14   0.00     79   25.1  394.8  394.8  394.8
   89.9  17394  -74.6  -87.0     13   0.00     80   25.4  395.2  395.2  395.2
   89.8  17404  -74.5  -87.0     13   0.00     81   25.7  395.5  395.6  395.5
   89.6  17414  -74.3  -87.0     13   0.00     82   25.9  396.2  396.2  396.2
   89.5  17423  -74.1  -86.9     13   0.00     82   26.1  396.8  396.8  396.8
   89.3  17434  -73.9  -86.8     12   0.00     83   26.4  397.4  397.4  397.4
   89.1  17445  -73.8  -86.9     12   0.00     84   26.5  397.8  397.8  397.8
   89.0  17456  -73.8  -86.9     12   0.00     85   26.7  398.0  398.0  398.0
   88.8  17466  -73.8  -87.0     12   0.00     85   26.8  398.3  398.3  398.3
   88.7  17476  -73.8  -87.1     12   0.00     86   26.9  398.4  398.4  398.4
   88.5  17485  -73.8  -87.1     12   0.00     86   27.0  398.6  398.6  398.6
   88.4  17496  -73.8  -87.2     11   0.00     87   27.1  398.7  398.7  398.7
   88.2  17506  -73.8  -87.2     11   0.00     87   27.2  398.9  399.0  398.9
   88.0  17516  -73.8  -87.3     11   0.00     88   27.2  399.2  399.2  399.2
   87.9  17527  -73.8  -87.4     11   0.00     88   27.3  399.3  399.3  399.3
   87.7  17538  -73.8  -87.5     11   0.00     88   27.4  399.5  399.5  399.5
   87.6  17548  -73.8  -87.5     11   0.00     89   27.4  399.7  399.7  399.7
   87.4  17558  -73.8  -87.5     11   0.00     89   27.5  400.0  400.0  400.0
   87.3  17568  -73.7  -87.5     11   0.00     89   27.6  400.3  400.3  400.3
   87.1  17578  -73.6  -87.5     11   0.00     89   27.6  400.8  400.8  400.8
   87.0  17589  -73.5  -87.5     10   0.00     89   27.7  401.0  401.0  401.0
   86.8  17600  -73.5  -87.5     10   0.00     90   27.8  401.4  401.4  401.4
   86.6  17610  -73.5  -87.5     10   0.00     90   27.8  401.6  401.7  401.6
   86.5  17621  -73.5  -87.5     10   0.00     90   27.9  401.8  401.8  401.8
   86.3  17631  -73.5  -87.5     10   0.00     90   27.9  402.0  402.0  402.0
   86.2  17643  -73.6  -87.6     10   0.00     90   28.0  402.0  402.0  402.0
   86.0  17654  -73.7  -87.6     10   0.00     90   28.0  402.1  402.1  402.1
   85.9  17663  -73.8  -87.7     10   0.00     90   28.0  402.0  402.1  402.0
   85.7  17673  -73.9  -87.8     10   0.00     90   28.1  402.1  402.1  402.1
   85.6  17683  -73.9  -87.9     10   0.00     90   28.1  402.1  402.1  402.1
   85.4  17694  -74.0  -88.0     10   0.00     90   28.1  402.2  402.2  402.2
   85.2  17705  -74.0  -88.1     10   0.00     90   28.1  402.4  402.5  402.4
   85.1  17714  -74.0  -88.1     10   0.00     90   28.1  402.6  402.7  402.6
   85.0  17724  -73.9  -88.1     10   0.00     90   28.1  402.9  402.9  402.9
   84.8  17735  -73.8  -88.1     10   0.00     90   28.1  403.3  403.4  403.3
   84.7  17745  -73.8  -88.1     10   0.00     90   28.1  403.6  403.7  403.6
   84.5  17756  -73.7  -88.1     10   0.00     90   28.1  404.1  404.1  404.1
   84.3  17767  -73.7  -88.1      9   0.00     90   28.0  404.4  404.4  404.4
   84.2  17777  -73.6  -88.1      9   0.00     90   28.0  404.6  404.6  404.6
   84.1  17787  -73.6  -88.1      9   0.00     91   27.9  404.8  404.8  404.8
   83.9  17797  -73.7  -88.1      9   0.00     91   27.8  405.0  405.0  405.0
   83.8  17808  -73.7  -88.2      9   0.00     91   27.6  405.0  405.0  405.0
   83.6  17818  -73.8  -88.2     10   0.00     91   27.4  405.2  405.2  405.2
   83.4  17829  -73.8  -88.2     10   0.00     91   27.3  405.4  405.4  405.4
   83.3  17840  -73.9  -88.2     10   0.00     92   27.0  405.4  405.4  405.4
   83.1  17850  -73.9  -88.2     10   0.00     92   26.8  405.5  405.5  405.5
   83.0  17861  -74.0  -88.2     10   0.00     92   26.6  405.5  405.6  405.5
   82.8  17872  -74.0  -88.1     10   0.00     93   26.4  405.8  405.8  405.8
   82.7  17884  -74.0  -88.1     10   0.00     93   26.1  405.9  405.9  405.9
   82.5  17895  -74.0  -88.0     10   0.00     93   25.9  406.2  406.2  406.2
   82.3  17907  -74.0  -88.0     10   0.00     93   25.6  406.4  406.4  406.4
   82.2  17918  -74.1  -88.1     10   0.00     93   25.3  406.4  406.4  406.4
   82.0  17929  -74.2  -88.1     10   0.00     93   25.1  406.6  406.6  406.6
   81.9  17941  -74.2  -88.1     10   0.00     93   24.8  406.6  406.6  406.6
   81.7  17952  -74.3  -88.1     10   0.00     94   24.5  406.8  406.8  406.8
   81.6  17962  -74.3  -88.1     10   0.00     94   24.2  406.8  406.8  406.8
   81.4  17972  -74.4  -88.2     11   0.00     93   23.9  406.9  406.9  406.9
   81.3  17983  -74.5  -88.2     11   0.00     93   23.5  406.9  406.9  406.9
   81.1  17994  -74.6  -88.3     11   0.00     93   23.2  407.1  407.1  407.1
   81.0  18005  -74.6  -88.3     11   0.00     93   22.9  407.1  407.2  407.1
   80.8  18016  -74.6  -88.3     11   0.00     93   22.6  407.4  407.4  407.4
   80.7  18027  -74.7  -88.4     10   0.00     92   22.3  407.4  407.4  407.4
   80.5  18038  -74.7  -88.5     10   0.00     92   22.0  407.6  407.6  407.6
   80.4  18048  -74.7  -88.5     10   0.00     91   21.8  407.9  407.9  407.9
   80.2  18060  -74.6  -88.5     10   0.00     90   21.5  408.3  408.3  408.3
   80.1  18071  -74.5  -88.5     10   0.00     90   21.3  408.7  408.7  408.7
   79.9  18081  -74.4  -88.5     10   0.00     89   21.2  409.1  409.1  409.1
   79.8  18091  -74.4  -88.5     10   0.00     88   21.1  409.3  409.3  409.3
   79.6  18101  -74.4  -88.6     10   0.00     87   21.0  409.5  409.5  409.5
   79.5  18112  -74.5  -88.7     10   0.00     86   20.9  409.5  409.5  409.5
   79.3  18123  -74.6  -88.9      9   0.00     85   20.9  409.6  409.6  409.6
   79.2  18133  -74.6  -89.1      9   0.00     85   20.9  409.7  409.7  409.7
   79.1  18144  -74.6  -89.2      9   0.00     84   21.0  409.8  409.8  409.8
   78.9  18153  -74.6  -89.3      9   0.00     83   21.1  410.2  410.2  410.2
   78.8  18163  -74.4  -89.4      9   0.00     82   21.2  410.7  410.7  410.7
   78.7  18174  -74.1  -89.2      8   0.00     82   21.3  411.5  411.6  411.5
   78.5  18184  -73.6  -89.0      8   0.00     81   21.4  412.9  412.9  412.9
   78.4  18194  -73.2  -88.8      8   0.00     81   21.5  413.8  413.8  413.8
   78.3  18203  -73.1  -88.9      8   0.00     80   21.6  414.2  414.2  414.2
   78.1  18212  -73.1  -89.0      7   0.00     80   21.7  414.5  414.6  414.5
   78.0  18222  -73.1  -89.1      7   0.00     79   21.8  414.7  414.7  414.7
   77.9  18232  -73.0  -89.2      7   0.00     78   21.9  414.9  414.9  414.9
   77.7  18242  -73.0  -89.2      7   0.00     78   21.9  415.3  415.3  415.3
   77.6  18253  -73.0  -89.3      7   0.00     77   22.0  415.5  415.5  415.5
   77.5  18263  -73.0  -89.3      7   0.00     76   22.0  415.7  415.7  415.7
   77.3  18274  -72.9  -89.4      7   0.00     75   22.0  416.1  416.1  416.1
   77.2  18285  -72.9  -89.4      7   0.00     74   22.1  416.4  416.4  416.4
   77.0  18296  -72.8  -89.4      7   0.00     73   22.1  416.8  416.8  416.8
   76.9  18307  -72.7  -89.4      7   0.00     72   22.2  417.1  417.1  417.1
   76.7  18318  -72.6  -89.4      6   0.00     71   22.2  417.6  417.7  417.6
   76.6  18328  -72.5  -89.3      6   0.00     70   22.3  418.0  418.0  418.0
   76.5  18340  -72.5  -89.3      6   0.00     69   22.4  418.2  418.2  418.2
   76.3  18352  -72.5  -89.3      6   0.00     68   22.5  418.4  418.4  418.4
   76.1  18364  -72.6  -89.4      6   0.00     67   22.6  418.6  418.6  418.6
   76.0  18376  -72.6  -89.4      7   0.00     66   22.7  418.7  418.7  418.7
   75.9  18386  -72.7  -89.3      7   0.00     66   22.8  418.8  418.8  418.8
   75.7  18395  -72.7  -89.3      7   0.00     65   22.9  419.0  419.0  419.0
   75.6  18406  -72.8  -89.3      7   0.00     65   23.0  419.0  419.1  419.0
   75.5  18417  -72.9  -89.3      7   0.00     64   23.1  419.0  419.0  419.0
   75.3  18428  -72.9  -89.3      7   0.00     64   23.1  419.2  419.2  419.2
   75.2  18439  -73.0  -89.3      7   0.00     63   23.2  419.2  419.2  419.2
   75.0  18450  -73.1  -89.3      7   0.00     63   23.2  419.4  419.4  419.4
   74.9  18460  -73.2  -89.4      7   0.00     63   23.3  419.4  419.4  419.4
   74.8  18470  -73.2  -89.4      7   0.00     63   23.3  419.4  419.4  419.4
   74.6  18480  -73.3  -89.4      7   0.00     63   23.4  419.5  419.6  419.5
   74.5  18491  -73.4  -89.5      7   0.00     63   23.5  419.5  419.5  419.5
   74.4  18503  -73.5  -89.5      7   0.00     63   23.6  419.5  419.5  419.5
   74.2  18513  -73.5  -89.5      7   0.00     63   23.7  419.7  419.7  419.7
   74.1  18524  -73.5  -89.5      7   0.00     63   23.7  419.9  419.9  419.9
   74.0  18534  -73.5  -89.4      7   0.00     63   23.8  420.0  420.0  420.0
   73.8  18545  -73.6  -89.5      7   0.00     64   23.9  420.2  420.2  420.2
   73.7  18556  -73.7  -89.5      7   0.00     64   24.0  420.2  420.2  420.2
   73.6  18566  -73.7  -89.5      7   0.00     65   24.1  420.3  420.3  420.3
   73.4  18577  -73.7  -89.5      7   0.00     66   24.2  420.7  420.7  420.7
   73.3  18587  -73.6  -89.5      7   0.00     66   24.3  421.1  421.1  421.1
   73.2  18597  -73.5  -89.4      7   0.00     67   24.4  421.4  421.4  421.4
   73.0  18608  -73.4  -89.4      7   0.00     68   24.5  421.9  421.9  421.9
   72.9  18618  -73.4  -89.4      7   0.00     69   24.6  422.2  422.2  422.2
   72.8  18628  -73.3  -89.4      7   0.00     70   24.7  422.4  422.5  422.4
   72.6  18639  -73.3  -89.4      7   0.00     70   24.9  422.8  422.8  422.8
   72.5  18649  -73.3  -89.4      7   0.00     71   25.0  423.0  423.0  423.0
   72.4  18659  -73.3  -89.5      7   0.00     72   25.2  423.1  423.1  423.1
   72.3  18670  -73.3  -89.5      7   0.00     72   25.3  423.3  423.3  423.3
   72.1  18680  -73.3  -89.5      7   0.00     73   25.5  423.6  423.6  423.6
   72.0  18691  -73.3  -89.5      7   0.00     73   25.6  423.9  423.9  423.9
   71.9  18702  -73.2  -89.4      7   0.00     74   25.8  424.2  424.2  424.2
   71.7  18712  -73.1  -89.4      7   0.00     74   25.9  424.7  424.7  424.7
   71.6  18723  -73.0  -89.4      7   0.00     75   26.0  425.1  425.1  425.1
   71.5  18733  -72.9  -89.3      7   0.00     75   26.1  425.5  425.5  425.5
   71.4  18743  -72.8  -89.3      7   0.00     76   26.1  425.8  425.8  425.8
   71.2  18754  -72.8  -89.3      7   0.00     76   26.2  426.3  426.3  426.3
   71.1  18764  -72.7  -89.4      7   0.00     76   26.1  426.5  426.5  426.5
   71.0  18776  -72.7  -89.4      7   0.00     77   26.1  426.8  426.8  426.8
   70.8  18786  -72.6  -89.4      7   0.00     77   26.0  427.2  427.3  427.2
   70.7  18796  -72.6  -89.4      6   0.00     77   26.0  427.5  427.5  427.5
   70.6  18806  -72.6  -89.4      6   0.00     78   25.9  427.7  427.7  427.7
   70.5  18816  -72.6  -89.4      6   0.00     78   25.7  427.9  427.9  427.9
   70.4  18826  -72.6  -89.4      6   0.00     78   25.6  428.1  428.1  428.1
   70.2  18837  -72.6  -89.4      6   0.00     78   25.5  428.4  428.4  428.4
   70.1  18847  -72.6  -89.4      6   0.00     78   25.3  428.5  428.5  428.5
   70.0  18856  -72.7  -89.4      6   0.00     78   25.3  428.5  428.6  428.5
   69.9  18869  -72.8  -89.5      7   0.00     78   25.1  428.6  428.6  428.6
   69.7  18880  -72.8  -89.5      7   0.00     78   25.0  428.8  428.8  428.8
   69.6  18890  -72.9  -89.6      7   0.00     78   24.9  428.8  428.8  428.8
   69.5  18900  -73.0  -89.6      7   0.00     78   24.8  428.8  428.8  428.8
   69.4  18911  -73.0  -89.7      7   0.00     78   24.7  428.8  428.8  428.8
   69.2  18921  -73.1  -89.7      7   0.00     78   24.6  429.0  429.0  429.0
   69.1  18932  -73.2  -89.8      7   0.00     78   24.5  429.1  429.1  429.1
   69.0  18943  -73.2  -89.8      7   0.00     78   24.5  429.2  429.2  429.2
   68.9  18953  -73.2  -89.8      7   0.00     78   24.4  429.4  429.4  429.4
   68.7  18964  -73.3  -89.9      7   0.00     78   24.3  429.6  429.6  429.6
   68.6  18976  -73.3  -89.9      7   0.00     79   24.3  429.7  429.7  429.7
   68.5  18986  -73.4  -89.9      7   0.00     79   24.2  429.7  429.8  429.7
   68.3  18996  -73.4  -89.9      7   0.00     79   24.2  430.1  430.1  430.1
   68.2  19007  -73.3  -89.9      7   0.00     79   24.2  430.4  430.4  430.4
   68.1  19018  -73.3  -90.0      6   0.00     79   24.1  430.5  430.5  430.5
   68.0  19029  -73.4  -90.0      6   0.00     79   24.1  430.5  430.6  430.5
   67.8  19040  -73.5  -90.1      6   0.00     79   24.0  430.7  430.7  430.7
   67.7  19050  -73.6  -90.2      6   0.00     79   24.0  430.8  430.8  430.8
   67.6  19060  -73.6  -90.3      6   0.00     80   24.0  430.8  430.8  430.8
   67.5  19071  -73.7  -90.4      6   0.00     80   23.9  430.9  430.9  430.9
   67.4  19082  -73.7  -90.4      6   0.00     80   23.9  431.1  431.1  431.1
   67.2  19092  -73.6  -90.4      6   0.00     80   23.9  431.7  431.7  431.7
   67.1  19103  -73.4  -90.3      6   0.00     80   23.9  432.3  432.3  432.3
   67.0  19114  -73.2  -90.2      6   0.00     80   23.9  432.9  432.9  432.9
   66.8  19126  -73.1  -90.2      6   0.00     81   23.9  433.5  433.5  433.5
   66.7  19137  -73.0  -90.2      6   0.00     81   23.9  433.8  433.8  433.8
   66.6  19148  -73.0  -90.2      6   0.00     81   24.0  434.0  434.0  434.0
   66.5  19159  -73.0  -90.2      6   0.00     81   24.0  434.1  434.1  434.1
   66.3  19171  -73.0  -90.2      6   0.00     82   24.1  434.5  434.5  434.5
   66.2  19181  -73.1  -90.2      6   0.00     82   24.2  434.6  434.6  434.6
   66.1  19192  -73.1  -90.3      6   0.00     82   24.3  434.7  434.7  434.7
   66.0  19203  -73.1  -90.3      6   0.00     82   24.4  434.8  434.8  434.8
   65.9  19213  -73.2  -90.3      6   0.00     82   24.5  435.0  435.0  435.0
   65.7  19225  -73.2  -90.3      6   0.00     83   24.6  435.3  435.3  435.3
   65.6  19237  -73.2  -90.3      6   0.00     83   24.7  435.4  435.4  435.4
   65.5  19249  -73.3  -90.3      6   0.00     83   24.9  435.4  435.4  435.4
   65.3  19259  -73.4  -90.4      6   0.00     84   25.0  435.7  435.7  435.7
   65.2  19270  -73.4  -90.4      6   0.00     84   25.2  435.8  435.8  435.8
   65.1  19281  -73.4  -90.4      6   0.00     85   25.3  436.0  436.0  436.0
   65.0  19293  -73.4  -90.4      6   0.00     85   25.4  436.1  436.2  436.1
   64.8  19305  -73.4  -90.4      6   0.00     86   25.5  436.5  436.5  436.5
   64.7  19316  -73.4  -90.4      6   0.00     86   25.5  436.6  436.6  436.6
   64.6  19327  -73.5  -90.5      6   0.00     87   25.6  436.8  436.8  436.8
   64.5  19338  -73.5  -90.5      6   0.00     87   25.6  437.0  437.0  437.0
   64.4  19348  -73.5  -90.6      6   0.00     88   25.5  437.2  437.2  437.2
   64.2  19360  -73.4  -90.6      6   0.00     88   25.5  437.6  437.6  437.6
   64.1  19372  -73.3  -90.5      6   0.00     89   25.4  438.1  438.1  438.1
   64.0  19383  -73.2  -90.5      6   0.00     89   25.2  438.6  438.6  438.6
   63.8  19395  -73.0  -90.4      6   0.00     89   25.1  439.3  439.3  439.3
   63.7  19407  -72.9  -90.3      6   0.00     89   24.9  439.7  439.8  439.7
   63.6  19419  -72.8  -90.2      6   0.00     89   24.7  440.1  440.1  440.1
   63.5  19431  -72.8  -90.2      6   0.00     89   24.5  440.4  440.4  440.4
   63.3  19442  -72.8  -90.2      6   0.00     89   24.4  440.8  440.8  440.8
   63.2  19453  -72.9  -90.2      6   0.00     89   24.2  440.9  440.9  440.9
   63.1  19465  -72.9  -90.2      6   0.00     89   24.1  441.0  441.0  441.0
   63.0  19477  -72.9  -90.2      6   0.00     89   24.1  441.1  441.1  441.1
   62.8  19488  -73.0  -90.2      6   0.00     89   24.0  441.4  441.4  441.4
   62.7  19500  -73.1  -90.2      6   0.00     90   24.0  441.4  441.4  441.4
   62.6  19511  -73.1  -90.3      6   0.00     90   24.1  441.5  441.5  441.5
   62.5  19523  -73.2  -90.3      6   0.00     90   24.1  441.6  441.6  441.6
   62.3  19535  -73.1  -90.3      6   0.00     91   24.2  442.1  442.1  442.1
   62.2  19547  -73.0  -90.2      6   0.00     91   24.3  442.5  442.5  442.5
   62.1  19558  -72.9  -90.1      6   0.00     92   24.4  443.1  443.1  443.1
   62.0  19568  -72.7  -90.1      6   0.00     92   24.5  443.6  443.7  443.6
   61.9  19579  -72.6  -90.0      6   0.00     93   24.6  444.2  444.2  444.2
   61.8  19590  -72.5  -90.0      6   0.00     93   24.7  444.6  444.6  444.6
   61.6  19601  -72.4  -90.0      6   0.00     93   24.7  445.1  445.1  445.1
   61.5  19611  -72.4  -90.1      5   0.00     94   24.8  445.3  445.4  445.3
   61.4  19622  -72.4  -90.2      5   0.00     94   24.8  445.6  445.6  445.6
   61.3  19633  -72.3  -90.3      5   0.00     94   24.8  445.9  445.9  445.9
   61.2  19644  -72.2  -90.3      5   0.00     94   24.8  446.4  446.4  446.4
   61.1  19655  -72.1  -90.3      5   0.00     94   24.8  446.9  446.9  446.9
   61.0  19666  -71.9  -90.3      5   0.00     94   24.8  447.5  447.5  447.5
   60.8  19677  -71.7  -90.3      5   0.00     94   24.8  448.3  448.3  448.3
   60.7  19688  -71.6  -90.3      5   0.00     94   24.7  448.9  448.9  448.9
   60.6  19699  -71.5  -90.4      5   0.00     94   24.7  449.3  449.3  449.3
   60.5  19709  -71.4  -90.6      4   0.00     93   24.7  449.6  449.6  449.6
   60.4  19720  -71.3  -90.6      4   0.00     93   24.6  450.2  450.2  450.2
   60.3  19731  -71.0  -90.6      4   0.00     93   24.6  450.9  450.9  450.9
   60.2  19742  -70.7  -90.6      4   0.00     93   24.6  451.7  451.8  451.7
   60.1  19753  -70.5  -90.6      4   0.00     93   24.5  452.6  452.6  452.6
   60.0  19764  -70.2  -90.6      4   0.00     92   24.4  453.3  453.3  453.3
   59.8  19775  -70.1  -90.6      4   0.00     92   24.4  454.1  454.1  454.1
   59.7  19785  -69.9  -90.6      3   0.00     92   24.3  454.7  454.7  454.7
   59.6  19796  -69.7  -90.6      3   0.00     92   24.2  455.3  455.3  455.3
   59.5  19807  -69.6  -90.6      3   0.00     92   24.1  455.8  455.8  455.8
   59.4  19818  -69.6  -90.6      3   0.00     92   24.1  456.0  456.0  456.0
   59.3  19829  -69.7  -90.7      3   0.00     92   24.0  456.1  456.1  456.1
   59.2  19839  -69.8  -90.8      3   0.00     92   24.0  456.1  456.1  456.1
   59.1  19849  -69.9  -90.8      3   0.00     92   24.0  456.1  456.1  456.1
   59.0  19862  -69.9  -90.9      3   0.00     93   24.0  456.2  456.2  456.2
   58.9  19874  -70.0  -90.9      3   0.00     93   24.0  456.2  456.2  456.2
   58.8  19885  -70.1  -90.9      3   0.00     93   24.1  456.3  456.3  456.3
   58.6  19896  -70.1  -90.9      3   0.00     93   24.2  456.6  456.6  456.6
   58.5  19906  -70.2  -90.9      3   0.00     93   24.3  456.7  456.7  456.7
   58.4  19917  -70.2  -90.9      3   0.00     93   24.5  456.8  456.8  456.8
   58.3  19928  -70.3  -90.9      3   0.00     93   24.6  456.9  457.0  456.9
   58.2  19939  -70.3  -91.0      3   0.00     93   24.8  457.1  457.1  457.1
   58.1  19950  -70.4  -91.0      3   0.00     93   25.0  457.2  457.2  457.2
   58.0  19960  -70.4  -91.0      3   0.00     93   25.2  457.3  457.4  457.3
   57.9  19971  -70.4  -91.1      3   0.00     93   25.3  457.5  457.5  457.5
   57.8  19981  -70.4  -91.1      3   0.00     93   25.5  457.7  457.7  457.7
   57.7  19991  -70.4  -91.1      3   0.00     93   25.5  458.0  458.0  458.0
   57.6  20002  -70.4  -91.1      3   0.00     94   25.6  458.3  458.3  458.3
   57.5  20013  -70.4  -91.2      3   0.00     94   25.5  458.5  458.6  458.5
   57.4  20025  -70.4  -91.3      3   0.00     94   25.4  458.8  458.8  458.8
   57.3  20037  -70.3  -91.3      3   0.00     94   25.3  459.2  459.2  459.2
   57.2  20048  -70.1  -91.3      3   0.00     94   25.1  459.8  459.8  459.8
   57.1  20059  -69.9  -91.3      3   0.00     94   24.8  460.5  460.5  460.5
   57.0  20070  -69.7  -91.3      3   0.00     94   24.5  461.3  461.3  461.3
   56.9  20080  -69.4  -91.2      3   0.00     94   24.2  462.1  462.1  462.1
   56.7  20091  -69.2  -91.2      3   0.00     94   23.8  463.0  463.0  463.0
   56.6  20102  -69.0  -91.2      3   0.00     94   23.5  463.7  463.7  463.7
   56.5  20113  -68.8  -91.2      3   0.00     94   23.2  464.4  464.4  464.4
   56.4  20124  -68.7  -91.2      3   0.00     94   22.9  465.0  465.0  465.0
   56.3  20135  -68.5  -91.3      3   0.00     94   22.6  465.5  465.5  465.5
   56.2  20145  -68.4  -91.3      2   0.00     94   22.4  466.0  466.0  466.0
   56.1  20156  -68.3  -91.4      2   0.00     94   22.2  466.5  466.6  466.5
   56.0  20167  -68.1  -91.4      2   0.00     93   22.1  467.1  467.1  467.1
   55.9  20178  -68.0  -91.4      2   0.00     93   22.0  467.8  467.8  467.8
   55.8  20189  -67.7  -91.3      2   0.00     93   21.9  468.5  468.5  468.5
   55.7  20200  -67.5  -91.3      2   0.00     93   21.8  469.2  469.2  469.2
   55.6  20210  -67.4  -91.2      2   0.00     93   21.7  469.8  469.8  469.8
   55.5  20220  -67.3  -91.2      2   0.00     93   21.7  470.3  470.3  470.3
   55.4  20230  -67.2  -91.2      2   0.00     93   21.6  470.6  470.6  470.6
   55.3  20251  -67.2  -91.3      2   0.00     92   21.5  471.0  471.0  471.0
   55.2  20262  -67.1  -91.3      2   0.00     92   21.4  471.4  471.4  471.4
   55.0  20274  -67.0  -91.3      2   0.00     92   21.4  472.1  472.1  472.1
   54.9  20287  -66.9  -91.2      2   0.00     92   21.4  472.6  472.6  472.6
   54.8  20298  -66.8  -91.2      2   0.00     92   21.4  473.0  473.0  473.0
   54.7  20309  -66.8  -91.1      2   0.00     92   21.5  473.3  473.3  473.3
   54.6  20320  -66.8  -91.1      2   0.00     92   21.5  473.5  473.6  473.5
   54.5  20332  -66.8  -91.1      2   0.00     92   21.7  473.8  473.8  473.8
   54.4  20344  -66.8  -91.1      2   0.00     93   21.8  474.1  474.1  474.1
   54.3  20356  -66.8  -91.1      2   0.00     93   22.0  474.4  474.4  474.4
   54.2  20367  -66.8  -91.1      2   0.00     94   22.2  474.6  474.6  474.6
   54.1  20379  -66.8  -91.1      2   0.00     94   22.5  474.8  474.9  474.8
   54.0  20392  -66.8  -91.1      2   0.00     95   22.7  475.1  475.1  475.1
   53.9  20404  -66.8  -91.0      2   0.00     95   22.9  475.4  475.4  475.4
   53.8  20414  -66.7  -91.0      2   0.00     96   23.0  475.8  475.8  475.8
   53.7  20425  -66.7  -91.0      2   0.00     96   23.2  476.1  476.1  476.1
   53.6  20435  -66.7  -91.0      2   0.00     97   23.2  476.3  476.3  476.3
   53.5  20446  -66.7  -91.0      2   0.00     98   23.3  476.5  476.6  476.5
   53.4  20458  -66.7  -91.0      2   0.00     98   23.3  476.7  476.8  476.8
   53.3  20470  -66.8  -91.0      2   0.00     98   23.2  477.0  477.0  477.0
   53.2  20482  -66.8  -91.0      2   0.00     99   23.1  477.2  477.2  477.2
   53.1  20494  -66.7  -91.0      2   0.00     99   22.9  477.5  477.5  477.5
   53.0  20506  -66.7  -90.9      2   0.00     99   22.7  477.8  477.8  477.8
   52.9  20518  -66.7  -90.9      2   0.00     99   22.5  478.1  478.1  478.1
   52.8  20531  -66.7  -90.9      2   0.00     99   22.3  478.4  478.4  478.4
   52.6  20543  -66.7  -90.9      2   0.00     99   22.1  479.0  479.0  479.0
   52.5  20556  -66.6  -90.9      2   0.00     99   21.9  479.4  479.4  479.4
   52.4  20567  -66.5  -90.9      2   0.00     99   21.7  479.8  479.8  479.8
   52.3  20579  -66.5  -90.9      2   0.00     98   21.5  480.2  480.2  480.2
   52.2  20592  -66.4  -90.9      2   0.00     98   21.3  480.6  480.6  480.6
   52.1  20605  -66.4  -90.9      2   0.00     98   21.2  480.9  480.9  480.9
   52.0  20617  -66.3  -90.9      2   0.00     97   21.1  481.3  481.3  481.3
   51.9  20630  -66.3  -90.9      2   0.00     97   21.0  481.6  481.7  481.6
   51.8  20643  -66.3  -90.9      2   0.00     96   21.0  481.9  482.0  481.9
   51.7  20656  -66.3  -91.0      2   0.00     95   21.0  482.2  482.2  482.2
   51.6  20668  -66.3  -91.0      2   0.00     95   21.0  482.4  482.4  482.4
   51.5  20681  -66.3  -91.0      2   0.00     94   21.0  482.7  482.8  482.7
   51.4  20693  -66.3  -91.0      2   0.00     93   21.1  483.1  483.1  483.1
   51.2  20707  -66.3  -91.0      2   0.00     93   21.1  483.6  483.6  483.6
   51.1  20720  -66.2  -91.0      2   0.00     92   21.2  484.0  484.0  484.0
   51.0  20732  -66.2  -91.0      2   0.00     91   21.3  484.4  484.4  484.4
   50.9  20745  -66.1  -91.0      2   0.00     90   21.3  484.8  484.9  484.8
   50.8  20757  -66.0  -90.9      2   0.00     89   21.4  485.3  485.3  485.3
   50.7  20769  -66.0  -90.9      2   0.00     89   21.4  485.7  485.7  485.7
   50.6  20781  -66.0  -90.9      2   0.00     88   21.5  486.0  486.0  486.0
   50.5  20792  -66.0  -90.9      2   0.00     87   21.5  486.2  486.2  486.2
   50.4  20803  -66.0  -90.9      2   0.00     87   21.5  486.5  486.5  486.5
   50.3  20816  -66.0  -90.9      2   0.00     86   21.6  486.8  486.8  486.8
   50.2  20830  -65.9  -90.9      2   0.00     85   21.6  487.1  487.1  487.1
   50.1  20844  -65.9  -90.9      2   0.00     85   21.6  487.4  487.4  487.4
   50.0  20856  -65.9  -90.9      2   0.00     85   21.6  487.7  487.7  487.7
   49.9  20869  -65.9  -90.9      2   0.00     84   21.7  487.9  487.9  487.9
   49.8  20883  -66.0  -90.8      2   0.00     84   21.8  488.2  488.2  488.2
   49.7  20896  -66.0  -90.8      2   0.00     84   21.9  488.4  488.5  488.4
   49.6  20908  -66.0  -90.8      2   0.00     84   22.0  488.7  488.7  488.7
   49.5  20920  -66.0  -90.8      2   0.00     84   22.1  488.8  488.9  488.8
   49.4  20933  -66.1  -90.7      2   0.00     84   22.3  489.1  489.1  489.1
   49.3  20946  -66.1  -90.7      2   0.00     85   22.4  489.3  489.3  489.3
   49.2  20959  -66.1  -90.7      2   0.00     85   22.6  489.6  489.6  489.6
   49.1  20972  -66.1  -90.6      2   0.00     85   22.8  489.8  489.8  489.8
   49.0  20984  -66.2  -90.6      2   0.00     85   23.0  490.0  490.0  490.0
   48.9  20997  -66.2  -90.6      2   0.00     85   23.2  490.1  490.2  490.1
   48.8  21009  -66.3  -90.6      2   0.00     85   23.3  490.3  490.3  490.3
   48.6  21023  -66.3  -90.6      2   0.00     86   23.5  490.7  490.7  490.7
   48.5  21035  -66.4  -90.7      2   0.00     86   23.7  490.8  490.8  490.8
   48.4  21047  -66.5  -90.7      2   0.00     86   23.8  490.9  490.9  490.9
   48.3  21059  -66.6  -90.7      2   0.00     86   23.9  491.0  491.0  491.0
   48.2  21083  -66.7  -90.8      2   0.00     87   24.1  491.0  491.0  491.0
   48.1  21096  -66.8  -90.9      2   0.00     87   24.1  491.2  491.2  491.2
   47.9  21109  -66.8  -90.9      2   0.00     87   24.1  491.6  491.6  491.6
   47.8  21133  -66.8  -91.0      2   0.00     87   24.1  491.8  491.8  491.8
   47.7  21146  -66.9  -91.1      2   0.00     88   24.1  492.1  492.1  492.1
   47.6  21158  -66.9  -91.1      2   0.00     88   24.0  492.4  492.4  492.4
   47.5  21170  -66.9  -91.2      2   0.00     88   23.9  492.7  492.7  492.7
   47.4  21181  -66.9  -91.2      2   0.00     88   23.9  492.9  492.9  492.9
   47.3  21192  -66.9  -91.3      2   0.00     88   23.8  493.2  493.2  493.2
   47.2  21203  -66.8  -91.3      2   0.00     87   23.7  493.6  493.6  493.6
   47.1  21215  -66.7  -91.2      2   0.00     87   23.6  494.2  494.2  494.2
   47.0  21227  -66.6  -91.1      2   0.00     87   23.5  494.8  494.8  494.8
   46.9  21239  -66.5  -91.1      2   0.00     86   23.4  495.4  495.4  495.4
   46.8  21250  -66.4  -91.1      2   0.00     85   23.3  495.8  495.8  495.8
   46.7  21274  -66.5  -91.1      2   0.00     84   23.3  496.0  496.0  496.0
   46.6  21286  -66.5  -91.2      2   0.00     83   23.2  496.2  496.2  496.2
   46.5  21298  -66.5  -91.2      2   0.00     83   23.3  496.4  496.4  496.4
   46.4  21310  -66.6  -91.2      2   0.00     82   23.3  496.7  496.7  496.7
   46.3  21321  -66.6  -91.2      2   0.00     81   23.4  496.9  497.0  496.9
   46.2  21333  -66.6  -91.2      2   0.00     81   23.5  497.3  497.3  497.3
   46.1  21345  -66.6  -91.2      2   0.00     80   23.6  497.6  497.6  497.6
   46.0  21357  -66.6  -91.1      2   0.00     80   23.7  497.9  498.0  497.9
   45.9  21368  -66.5  -91.1      2   0.00     79   23.9  498.3  498.3  498.3
   45.8  21391  -66.5  -91.1      2   0.00     79   24.2  498.7  498.7  498.7
   45.7  21402  -66.5  -91.1      2   0.00     78   24.4  499.0  499.0  499.0
   45.6  21414  -66.5  -91.1      2   0.00     78   24.7  499.3  499.3  499.3
   45.5  21426  -66.5  -91.1      2   0.00     78   24.9  499.6  499.7  499.6
   45.4  21437  -66.5  -91.1      2   0.00     79   25.1  500.0  500.0  500.0
   45.3  21447  -66.5  -91.2      2   0.00     79   25.4  500.3  500.3  500.3
   45.2  21469  -66.6  -91.3      2   0.00     80   25.9  500.4  500.5  500.4
   45.1  21481  -66.6  -91.4      2   0.00     80   26.1  500.7  500.7  500.7
   45.0  21493  -66.5  -91.5      2   0.00     80   26.4  501.2  501.2  501.2
   44.9  21504  -66.4  -91.5      2   0.00     81   26.6  501.8  501.8  501.8
   44.8  21515  -66.2  -91.4      2   0.00     82   26.8  502.5  502.5  502.5
   44.7  21536  -66.0  -91.4      2   0.00     83   27.2  503.4  503.4  503.4
   44.6  21546  -66.0  -91.4      2   0.00     83   27.4  503.8  503.8  503.8
   44.5  21556  -65.9  -91.5      2   0.00     84   27.5  504.2  504.2  504.2
   44.4  21576  -65.9  -91.5      2   0.00     85   27.8  504.6  504.6  504.6
   44.3  21587  -65.9  -91.5      2   0.00     86   28.0  505.0  505.0  505.0
   44.2  21599  -65.8  -91.5      2   0.00     86   28.1  505.4  505.4  505.4
   44.1  21610  -65.8  -91.4      2   0.00     87   28.2  505.9  505.9  505.9
   44.0  21630  -65.8  -91.4      2   0.00     87   28.5  506.2  506.2  506.2
   43.9  21641  -65.8  -91.3      2   0.00     88   28.6  506.4  506.4  506.4
   43.8  21653  -65.9  -91.3      2   0.00     88   28.6  506.6  506.7  506.7
   43.7  21665  -65.9  -91.3      2   0.00     88   28.7  506.9  506.9  506.9
   43.6  21687  -65.9  -91.3      2   0.00     89   28.7  507.1  507.2  507.1
   43.5  21698  -65.9  -91.2      2   0.00     89   28.7  507.5  507.5  507.5
   43.4  21709  -65.9  -91.2      2   0.00     89   28.6  507.9  507.9  507.9
   43.3  21720  -65.9  -91.1      2   0.00     89   28.5  508.3  508.4  508.3
   43.2  21742  -65.8  -91.0      2   0.00     89   28.3  508.8  508.9  508.8
   43.1  21752  -65.8  -91.0      2   0.00     89   28.2  509.2  509.2  509.2
   43.0  21763  -65.8  -91.0      2   0.00     89   28.0  509.4  509.5  509.4
   42.9  21785  -65.9  -91.1      2   0.00     89   27.7  509.5  509.5  509.5
   42.8  21796  -66.0  -91.1      2   0.00     88   27.6  509.7  509.7  509.7
   42.7  21807  -66.0  -91.1      2   0.00     88   27.5  509.9  509.9  509.9
   42.6  21819  -66.1  -91.1      2   0.00     88   27.4  510.2  510.2  510.2
   42.5  21842  -66.1  -91.2      2   0.00     87   27.3  510.4  510.4  510.4
   42.4  21853  -66.1  -91.2      2   0.00     86   27.3  510.7  510.8  510.7
   42.3  21864  -66.1  -91.2      2   0.00     86   27.3  511.1  511.1  511.1
   42.2  21886  -66.1  -91.1      2   0.00     86   27.3  511.5  511.5  511.5
   42.1  21896  -66.1  -91.1      2   0.00     86   27.4  511.9  511.9  511.9
   42.0  21906  -66.0  -91.1      2   0.00     86   27.4  512.3  512.3  512.3
   41.9  21927  -66.0  -91.1      2   0.00     86   27.4  512.8  512.8  512.8
   41.8  21937  -66.0  -91.1      2   0.00     86   27.5  513.2  513.2  513.2
   41.7  21958  -66.0  -91.2      2   0.00     86   27.5  513.5  513.6  513.5
   41.6  21968  -66.0  -91.2      2   0.00     86   27.5  513.8  513.8  513.8
   41.5  21979  -66.0  -91.2      2   0.00     86   27.6  514.1  514.1  514.1
   41.4  22002  -66.1  -91.3      2   0.00     86   27.7  514.4  514.4  514.4
   41.3  22014  -66.1  -91.3      2   0.00     86   27.7  514.7  514.8  514.7
   41.2  22024  -66.1  -91.3      2   0.00     87   27.7  515.0  515.1  515.0
   41.1  22046  -66.1  -91.4      2   0.00     87   27.8  515.3  515.3  515.3
   41.0  22056  -66.1  -91.4      2   0.00     87   27.8  515.8  515.8  515.8
   40.9  22068  -66.0  -91.5      2   0.00     87   27.9  516.2  516.3  516.2
   40.8  22089  -65.9  -91.5      2   0.00     87   28.0  517.0  517.0  517.0
   40.7  22099  -65.8  -91.5      2   0.00     88   28.0  517.6  517.6  517.6
   40.6  22121  -65.6  -91.5      2   0.00     88   28.1  518.3  518.3  518.3
   40.5  22132  -65.6  -91.5      2   0.00     88   28.1  518.8  518.8  518.8
   40.4  22144  -65.5  -91.6      2   0.00     88   28.1  519.3  519.4  519.3
   40.3  22155  -65.5  -91.6      2   0.00     88   28.1  519.9  519.9  519.9
   40.2  22177  -65.3  -91.6      2   0.00     89   28.0  520.7  520.7  520.7
   40.1  22188  -65.2  -91.6      1   0.00     89   27.9  521.3  521.3  521.3
   40.0  22209  -65.0  -91.6      1   0.00     89   27.6  522.2  522.3  522.2
   39.9  22220  -64.8  -91.6      1   0.00     90   27.5  523.0  523.0  523.0
   39.8  22233  -64.7  -91.6      1   0.00     90   27.3  523.7  523.8  523.7
   39.7  22258  -64.3  -91.6      1   0.00     90   26.9  524.9  525.0  525.0
   39.6  22269  -64.2  -91.6      1   0.00     90   26.8  525.8  525.8  525.8
   39.5  22281  -64.0  -91.5      1   0.00     90   26.6  526.5  526.6  526.5
   39.4  22304  -63.7  -91.5      1   0.00     90   26.3  527.7  527.7  527.7
   39.3  22316  -63.6  -91.5      1   0.00     90   26.2  528.4  528.4  528.4
   39.2  22327  -63.3  -91.5      1   0.00     89   26.1  529.3  529.3  529.3
   39.1  22340  -63.1  -91.4      1   0.00     89   26.0  530.4  530.4  530.4
   39.0  22364  -62.6  -91.1      1   0.00     89   25.9  531.9  531.9  531.9
   38.9  22377  -62.6  -91.1      1   0.00     89   25.9  532.4  532.4  532.4
   38.8  22389  -62.6  -91.2      1   0.00     88   25.9  532.7  532.7  532.7
   38.7  22414  -62.8  -91.3      1   0.00     88   26.1  532.8  532.8  532.8
   38.6  22426  -62.8  -91.3      1   0.00     88   26.1  533.1  533.1  533.1
   38.5  22439  -62.7  -91.2      1   0.00     87   26.3  533.6  533.6  533.6
   38.4  22451  -62.7  -91.1      1   0.00     87   26.4  534.2  534.2  534.2
   38.3  22473  -62.4  -90.9      1   0.00     86   26.7  535.2  535.2  535.2
   38.2  22484  -62.3  -90.8      1   0.00     86   26.8  535.9  535.9  535.9
   38.1  22508  -62.1  -90.6      1   0.00     85   27.0  536.7  536.7  536.7
   38.0  22520  -62.1  -90.6      1   0.00     85   27.0  537.2  537.2  537.2
   37.9  22532  -62.1  -90.6      1   0.00     85   27.0  537.6  537.6  537.6
   37.8  22557  -62.1  -90.7      1   0.00     85   26.9  538.1  538.2  538.1
   37.7  22570  -62.0  -90.6      1   0.00     85   26.8  538.7  538.8  538.7
   37.6  22582  -61.9  -90.6      1   0.00     85   26.6  539.4  539.4  539.4
   37.5  22608  -61.6  -90.5      1   0.00     85   26.1  540.5  540.5  540.5
   37.4  22621  -61.5  -90.5      1   0.00     85   25.8  541.2  541.3  541.2
   37.3  22633  -61.3  -90.4      1   0.00     86   25.5  542.1  542.1  542.1
   37.2  22659  -60.9  -90.2      1   0.00     87   24.7  543.7  543.7  543.7
   37.1  22670  -60.7  -90.1      1   0.00     87   24.3  544.6  544.6  544.6
   37.0  22682  -60.5  -90.1      1   0.00     88   23.8  545.4  545.4  545.4
   36.9  22708  -60.3  -90.0      1   0.00     89   23.1  546.3  546.3  546.3
   36.8  22721  -60.3  -90.0      1   0.00     90   22.8  546.8  546.8  546.8
   36.7  22734  -60.3  -89.9      1   0.00     90   22.5  547.3  547.3  547.3
   36.6  22759  -60.3  -89.9      1   0.00     91   21.8  547.7  547.8  547.7
   36.5  22771  -60.3  -89.8      1   0.00     91   21.5  548.2  548.2  548.2
   36.4  22782  -60.3  -89.8      1   0.00     91   21.3  548.6  548.6  548.6
   36.3  22807  -60.2  -89.7      1   0.00     91   20.8  549.1  549.1  549.1
   36.2  22820  -60.2  -89.6      1   0.00     91   20.6  549.5  549.6  549.5
   36.1  22834  -60.3  -89.6      1   0.00     90   20.4  549.9  549.9  549.9
   36.0  22860  -60.3  -89.5      1   0.00     89   20.2  550.3  550.4  550.3
   35.9  22873  -60.2  -89.5      1   0.00     88   20.1  550.8  550.8  550.8
   35.8  22886  -60.2  -89.4      1   0.00     88   20.1  551.3  551.3  551.3
   35.7  22912  -60.2  -89.5      1   0.00     86   20.1  551.7  551.8  551.7
   35.6  22923  -60.2  -89.5      1   0.00     86   20.2  552.1  552.2  552.1
   35.5  22947  -60.3  -89.6      1   0.00     84   20.6  552.5  552.6  552.5
   35.4  22960  -60.3  -89.6      1   0.00     84   20.9  553.0  553.0  553.0
   35.3  22974  -60.2  -89.6      1   0.00     83   21.3  553.5  553.5  553.5
   35.2  23003  -60.1  -89.6      1   0.00     83   22.0  554.4  554.4  554.4
   35.1  23015  -59.9  -89.6      1   0.00     83   22.5  555.2  555.2  555.2
   35.0  23026  -59.8  -89.5      1   0.00     82   22.9  555.9  556.0  555.9
   34.9  23050  -59.7  -89.4      1   0.00     82   23.8  556.8  556.9  556.8
   34.8  23062  -59.6  -89.4      1   0.00     82   24.3  557.4  557.4  557.4
   34.7  23088  -59.5  -89.2      1   0.00     82   25.3  558.2  558.2  558.2
   34.6  23101  -59.5  -89.2      1   0.00     82   25.7  558.7  558.8  558.7
   34.5  23125  -59.5  -89.1      1   0.00     82   26.4  559.1  559.2  559.1
   34.4  23136  -59.5  -89.1      1   0.00     83   26.8  559.5  559.5  559.5
   34.3  23159  -59.6  -89.1      1   0.00     83   27.3  559.8  559.8  559.8
   34.2  23172  -59.6  -89.2      1   0.00     83   27.5  560.1  560.2  560.1
   34.1  23197  -59.6  -89.2      1   0.00     84   28.0  560.5  560.6  560.5
   34.0  23208  -59.6  -89.2      1   0.00     84   28.1  561.0  561.1  561.0
   33.9  23230  -59.5  -89.2      1   0.00     85   28.3  561.8  561.8  561.8
   33.8  23253  -59.4  -89.2      1   0.00     86   28.6  562.6  562.7  562.6
   33.7  23264  -59.3  -89.1      1   0.00     86   28.7  563.4  563.4  563.4
   33.6  23286  -59.1  -89.1      1   0.00     87   28.9  564.3  564.4  564.3
   33.5  23309  -58.9  -89.0      1   0.00     88   29.2  565.3  565.4  565.4
   33.4  23320  -58.8  -88.9      1   0.00     88   29.3  566.1  566.1  566.1
   33.3  23342  -58.7  -88.9      1   0.00     89   29.6  566.8  566.8  566.8
   33.2  23364  -58.7  -88.9      1   0.00     89   29.8  567.3  567.4  567.3
   33.1  23375  -58.7  -88.9      1   0.00     90   30.0  567.8  567.9  567.8
   33.0  23398  -58.7  -88.8      1   0.00     90   30.2  568.4  568.5  568.4
   32.9  23420  -58.6  -88.7      1   0.00     91   30.5  569.0  569.0  569.0
   32.8  23442  -58.7  -88.7      1   0.00     92   30.8  569.4  569.4  569.4
   32.7  23454  -58.7  -88.7      1   0.00     92   31.0  569.9  569.9  569.9
   32.6  23476  -58.7  -88.7      1   0.00     93   31.3  570.3  570.4  570.3
   32.5  23498  -58.6  -88.7      1   0.00     93   31.6  571.0  571.0  571.0
   32.4  23509  -58.6  -88.7      1   0.00     94   31.7  571.6  571.6  571.6
   32.3  23531  -58.5  -88.7      1   0.00     94   31.7  572.4  572.5  572.4
   32.2  23552  -58.3  -88.7      1   0.00     94   31.6  573.3  573.3  573.3
   32.1  23573  -58.3  -88.7      1   0.00     94   31.4  574.0  574.0  574.0
   32.0  23595  -58.2  -88.8      1   0.00     93   31.0  574.7  574.7  574.7
   31.9  23606  -58.2  -88.8      1   0.00     93   30.8  575.3  575.4  575.3
   31.8  23629  -57.9  -88.7      1   0.00     93   30.4  576.4  576.4  576.4
   31.7  23651  -57.7  -88.6      1   0.00     93   29.9  577.6  577.7  577.6
   31.6  23673  -57.5  -88.5      1   0.01     92   29.2  578.7  578.8  578.7
   31.5  23696  -57.3  -88.4      1   0.01     92   28.6  579.7  579.7  579.7
   31.4  23707  -57.3  -88.4      1   0.01     92   28.3  580.3  580.4  580.3
   31.3  23729  -57.2  -88.3      1   0.01     92   27.8  580.9  580.9  580.9
   31.2  23752  -57.3  -88.3      1   0.01     92   27.3  581.3  581.4  581.3
   31.1  23774  -57.3  -88.3      1   0.01     92   27.0  581.8  581.8  581.8
   31.0  23799  -57.3  -88.3      1   0.01     93   26.9  582.4  582.4  582.4
   30.9  23810  -57.3  -88.2      1   0.01     93   26.9  583.0  583.1  583.0
   30.8  23833  -57.0  -88.1      1   0.01     94   26.9  584.1  584.2  584.1
   30.7  23857  -56.9  -88.1      1   0.01     94   27.1  585.1  585.2  585.1
   30.6  23869  -56.8  -88.1      1   0.01     94   27.3  585.8  585.9  585.8
   30.5  23893  -56.7  -88.1      1   0.01     95   27.6  586.6  586.7  586.6
   30.4  23917  -56.5  -88.0      1   0.01     96   27.8  587.8  587.8  587.8
   30.3  23943  -56.4  -88.0      1   0.01     97   27.8  588.7  588.8  588.7
   30.2  23957  -56.3  -88.0      1   0.01     97   27.8  589.4  589.4  589.4
   30.1  23981  -56.3  -88.1      1   0.01     98   27.6  590.0  590.1  590.0
   30.0  24004  -56.2  -88.1      1   0.01     98   27.4  590.9  590.9  590.9
   29.9  24018  -56.1  -88.1      1   0.01     99   26.7  591.7  591.8  591.7
   29.8  24041  -55.8  -88.1      1   0.01    100   25.9  593.0  593.1  593.0
   29.7  24068  -55.4  -87.9      1   0.01    101   25.1  594.8  594.9  594.8
   29.6  24081  -55.1  -87.8      1   0.01    101   24.6  596.1  596.1  596.1
   29.5  24104  -54.6  -87.5      1   0.01    103   23.8  597.9  598.0  597.9
   29.4  24130  -54.4  -87.4      1   0.01    104   22.9  599.2  599.2  599.2
   29.3  24156  -54.3  -87.3      1   0.01    105   22.2  600.1  600.2  600.1
   29.2  24169  -54.2  -87.2      1   0.01    106   21.9  600.9  600.9  600.9
   29.1  24194  -54.1  -87.0      1   0.01    107   21.1  601.6  601.7  601.6
   29.0  24222  -54.2  -86.9      1   0.01    108   20.1  602.0  602.0  602.0
   28.9  24235  -54.3  -86.9      1   0.01    109   19.6  602.3  602.4  602.3
   28.8  24262  -54.5  -86.9      1   0.01    110   18.7  602.5  602.5  602.5
   28.7  24288  -54.6  -86.8      1   0.01                602.7  602.8  602.7
   28.6  24300  -54.7  -86.8      1   0.01                603.1  603.2  603.1
   28.5  24325  -54.8  -86.8      1   0.01                603.4  603.4  603.4
   28.4  24350  -55.0  -86.7      1   0.01                603.5  603.6  603.5
   28.3  24375  -55.2  -86.7      1   0.01                603.4  603.5  603.4
   28.2  24400  -55.4  -86.7      1   0.01                603.5  603.5  603.5
   28.1  24413  -55.5  -86.7      1   0.01                603.8  603.9  603.8
   28.0  24438  -55.7  -86.7      1   0.01                604.0  604.0  604.0
   27.9  24463  -55.8  -86.7      1   0.01                604.2  604.3  604.2
   27.8  24488  -55.9  -86.7      1   0.01                604.6  604.7  604.6
   27.7  24513  -56.0  -86.8      1   0.01                604.9  605.0  604.9
   27.6  24525  -56.1  -86.9      1   0.01                605.4  605.5  605.4
   27.5  24550  -56.2  -87.0      1   0.01                605.8  605.9  605.8
   27.4  24575  -56.2  -87.2      1   0.01                606.3  606.4  606.3
   27.3  24600  -56.2  -87.3      1   0.01                607.0  607.1  607.0
   27.2  24625  -56.1  -87.3      1   0.01                607.8  607.8  607.8
   27.1  24650  -56.1  -87.4      1   0.01                608.5  608.6  608.5
   27.0  24675  -56.1  -87.4      1   0.01                609.2  609.3  609.2
   26.9  24700  -56.0  -87.4      1   0.01                610.0  610.0  610.0
   26.8  24713  -56.1  -87.4      1   0.01                610.6  610.6  610.6
   26.7  24738  -56.1  -87.4      1   0.01                611.0  611.1  611.0
   26.6  24763  -56.3  -87.5      1   0.01                611.3  611.4  611.3
   26.5  24788  -56.3  -87.5      1   0.01                611.7  611.8  611.7
   26.4  24813  -56.3  -87.5      1   0.01                612.4  612.5  612.4
   26.3  24838  -56.3  -87.5      1   0.01                613.2  613.2  613.2
   26.2  24862  -56.3  -87.5      1   0.01                613.8  613.9  613.8
   26.1  24887  -56.3  -87.6      1   0.01                614.5  614.5  614.5
   26.0  24912  -56.3  -87.7      1   0.01                615.2  615.3  615.2
   25.9  24937  -56.2  -87.8      1   0.01                616.0  616.1  616.0
   25.8  24962  -56.1  -87.9      1   0.01                617.1  617.2  617.1
   25.7  24987  -55.8  -87.9      1   0.01                618.7  618.8  618.7
   25.6  25012  -55.4  -87.8      1   0.01                620.6  620.6  620.6
   25.5  25037  -55.0  -87.7      1   0.01                622.5  622.5  622.5
   25.4  25062  -54.6  -87.6      1   0.01                624.3  624.3  624.3
   25.3  25087  -54.2  -87.5      1   0.01                625.9  626.0  625.9
   25.2  25112  -54.0  -87.4      1   0.01                627.3  627.4  627.3
   25.1  25137  -53.8  -87.3      1   0.01                628.7  628.8  628.7
   25.0  25162  -53.6  -87.2      1   0.01                629.8  629.9  629.8
   24.9  25187  -53.5  -87.1      1   0.01                630.9  631.0  630.9
   24.8  25212  -53.3  -87.0      1   0.01                632.3  632.4  632.3
   24.7  25237  -53.1  -86.9      1   0.01                633.5  633.6  633.5
   24.6  25262  -53.0  -86.8      1   0.01                634.5  634.6  634.5
   24.5  25287  -52.9  -86.7      1   0.01                635.5  635.6  635.5
   24.4  25312  -52.7  -86.5      1   0.01                636.8  636.9  636.8
   24.3  25337  -52.5  -86.3      1   0.01                638.1  638.2  638.1
   24.2  25375  -52.4  -86.1      1   0.01                639.2  639.3  639.2
   24.1  25400  -52.4  -86.0      1   0.01                640.1  640.2  640.1
   24.0  25425  -52.3  -85.9      1   0.01                640.9  641.0  640.9
   23.9  25450  -52.4  -85.8      1   0.01                641.6  641.7  641.6
   23.8  25475  -52.5  -85.8      1   0.01                642.1  642.2  642.1
   23.7  25500  -52.6  -85.8      1   0.01                642.4  642.5  642.4
   23.6  25525  -52.8  -85.8      1   0.01                642.7  642.8  642.7
   23.5  25562  -53.0  -85.8      1   0.01                642.8  643.0  642.9
   23.4  25587  -53.1  -85.9      1   0.01                643.3  643.4  643.3
   23.3  25612  -53.2  -86.0      1   0.01                643.8  643.9  643.8
   23.2  25637  -53.3  -86.0      1   0.01                644.5  644.6  644.5
   23.1  25662  -53.2  -86.0      1   0.01                645.4  645.5  645.4
   23.0  25700  -53.0  -86.0      1   0.01                646.9  647.0  646.9
   22.9  25725  -52.9  -86.0      1   0.01                648.1  648.2  648.1
   22.8  25750  -52.8  -86.0      1   0.01                649.1  649.2  649.1
   22.7  25775  -52.8  -86.0      1   0.01                649.9  650.0  649.9
   22.6  25812  -52.8  -86.1      1   0.01                650.6  650.7  650.6
   22.5  25837  -52.8  -86.1      1   0.01                651.4  651.5  651.4
   22.4  25862  -52.8  -86.1      1   0.01                652.3  652.4  652.3
   22.3  25900  -52.7  -86.1      1   0.01                653.4  653.5  653.4
   22.2  25925  -52.6  -86.1      1   0.01                654.5  654.6  654.5
   22.1  25950  -52.6  -86.0      1   0.01     89   20.4  655.6  655.7  655.6
   22.0  25987  -52.6  -86.0      1   0.01     89   21.5  656.4  656.5  656.4
   21.9  26011  -52.6  -86.0      1   0.01     90   23.5  657.2  657.3  657.2
   21.8  26036  -52.6  -86.1      1   0.01     90   25.3  658.0  658.1  658.0
   21.7  26073  -52.5  -86.1      1   0.01     91   26.8  659.1  659.2  659.1
   21.6  26099  -52.4  -86.1      1   0.01     91   27.2  660.3  660.4  660.3
   21.5  26136  -52.2  -86.1      1   0.01     90   27.3  661.7  661.8  661.7
   21.4  26163  -52.0  -86.1      1   0.01     89   27.1  663.2  663.3  663.2
   21.3  26188  -51.8  -86.0      1   0.01     88   26.7  664.8  664.9  664.8
   21.2  26226  -51.4  -85.9      1   0.01     86   26.1  666.8  666.9  666.8
   21.1  26252  -51.2  -85.8      1   0.01     84   25.7  668.5  668.6  668.5
   21.0  26280  -51.0  -85.7      1   0.01     82   25.4  669.9  670.0  669.9
   20.9  26319  -50.8  -85.6      1   0.01     78   25.1  671.4  671.5  671.4
   20.8  26346  -50.7  -85.5      1   0.01     76   25.0  672.5  672.7  672.5
   20.7  26372  -50.8  -85.4      1   0.01     73   25.0  673.3  673.5  673.3
   20.6  26412  -50.9  -85.4      1   0.01     70   25.1  674.0  674.1  674.0
   20.5  26439  -50.9  -85.4      1   0.01     69   25.0  675.0  675.1  675.0
   20.4  26466  -50.7  -85.3      1   0.01     68   24.9  676.3  676.4  676.3
   20.3  26505  -50.4  -85.2      1   0.01     67   24.7  678.3  678.4  678.3
   20.2  26533  -50.3  -85.1      1   0.01     66   24.6  679.6  679.8  679.6
   20.1  26574  -50.3  -85.1      1   0.01     67   24.5  680.5  680.7  680.5
   20.0  26610  -50.3  -85.1      1   0.01     67   24.5  681.3  681.4  681.3
   19.9  26638  -50.4  -85.1      1   0.01     68   24.5  682.1  682.2  682.1
   19.8  26664  -50.5  -85.1      1   0.01     69   24.4  682.8  683.0  682.8
   19.7  26693  -50.5  -85.1      1   0.01     70   24.2  683.8  683.9  683.8
   19.6  26735  -50.3  -85.1      1   0.01     71   23.8  685.2  685.4  685.2
   19.5  26763  -50.2  -85.1      1   0.01     71   23.6  686.5  686.7  686.6
   19.4  26801  -50.1  -85.1      1   0.01     71   23.2  688.0  688.2  688.0
   19.3  26829  -50.0  -85.1      1   0.01     71   23.0  689.3  689.5  689.4
   19.2  26870  -49.7  -85.0      1   0.02     71   23.0  691.2  691.4  691.2
   19.1  26898  -49.5  -84.9      1   0.02     72   23.1  692.9  693.1  692.9
   19.0  26938  -49.3  -84.8      1   0.02     72   23.6  694.6  694.8  694.6
   18.9  26964  -49.2  -84.7      1   0.02     72   24.1  695.9  696.1  695.9
   18.8  27005  -49.2  -84.7      1   0.02     72   25.0  696.9  697.1  696.9
   18.7  27042  -49.4  -84.8      1   0.02     70   25.9  697.5  697.7  697.5
   18.6  27067  -49.5  -84.9      1   0.02     69   26.5  698.3  698.5  698.3
   18.5  27104  -49.3  -84.9      1   0.02     66   27.0  699.9  700.1  699.9
   18.4  27145  -48.7  -84.6      1   0.02     64   27.2  703.0  703.2  703.0
   18.3  27182  -48.3  -84.5      1   0.02     63   27.2  705.2  705.4  705.2
   18.2  27221  -48.3  -84.5      1   0.02     62   27.2  706.3  706.5  706.3
   18.1  27245  -48.3  -84.5      1   0.02     62   27.3  707.5  707.7  707.6
   18.0  27282  -48.2  -84.4      1   0.02     61   27.6  708.7  708.9  708.7
   17.9  27320  -48.2  -84.4      1   0.02     61   28.2  710.0  710.2  710.0
   17.8  27357  -47.9  -84.2      1   0.02     61   28.9  711.9  712.1  712.0
   17.7  27396  -47.7  -84.1      1   0.02     60   29.6  713.8  714.0  713.8
   17.6  27432  -47.7  -84.1      1   0.02     59   30.0  714.9  715.2  715.0
   17.5  27479  -47.7  -84.0      1   0.02     59   30.0  716.1  716.3  716.1
   17.4  27505  -47.8  -83.9      1   0.02     59   29.7  717.2  717.4  717.2
   17.3  27543  -47.9  -83.9      1   0.02     60   28.9  717.8  718.0  717.8
   17.2  27582  -48.1  -84.0      1   0.02     60   28.1  718.4  718.6  718.4
   17.1  27631  -48.2  -84.1      1   0.02     62   27.0  719.2  719.4  719.2
   17.0  27658  -48.3  -84.1      1   0.02     63   26.6  720.3  720.5  720.3
   16.9  27696  -48.3  -84.1      1   0.02     65   26.2  721.3  721.5  721.3
   16.8  27747  -48.5  -84.1      1   0.02     68   26.1  722.0  722.3  722.0
   16.7  27785  -48.6  -84.1      1   0.02     70   26.3  723.0  723.2  723.0
   16.6  27823  -48.8  -84.2      1   0.02     71   26.7  723.6  723.8  723.6
   16.5  27865  -49.0  -84.2      1   0.02     73   27.2  724.1  724.3  724.1
   16.4  27905  -49.3  -84.3      1   0.02     74   27.8  724.6  724.8  724.6
   16.3  27933  -49.5  -84.3      1   0.02     76   28.2  725.2  725.4  725.2
   16.2  27973  -49.7  -84.4      1   0.02     78   29.0  725.7  725.9  725.7
   16.1  28016  -49.9  -84.5      1   0.02     80   29.9  726.2  726.4  726.2
   16.0  28057  -50.1  -84.7      1   0.02     82   31.0  726.8  727.0  726.8
   15.9  28098  -50.2  -84.9      1   0.02     84   32.1  728.0  728.2  728.0
   15.8  28139  -50.0  -85.0      1   0.02     85   33.1  730.0  730.2  730.0
   15.7  28180  -49.6  -85.0      1   0.02     86   33.8  732.4  732.6  732.4
   15.6  28225  -49.5  -85.0      1   0.02     87   34.2  734.3  734.5  734.3
   15.5  28264  -49.5  -85.1      1   0.02     87   34.4  735.6  735.8  735.6
   15.4  28306  -49.5  -85.1      1   0.02     88   34.4  736.8  737.0  736.8
   15.3  28356  -49.3  -85.0      1   0.02     89   34.0  739.0  739.2  739.0
   15.2  28395  -49.0  -84.9      1   0.02     90   33.7  741.3  741.5  741.3
   15.1  28435  -48.9  -84.9      1   0.02     90   33.4  743.0  743.2  743.0
   15.0  28475  -48.9  -84.8      1   0.02     91   33.3  744.3  744.6  744.3
   14.9  28524  -49.0  -84.8      1   0.02     91   33.3  745.5  745.8  745.5
   14.8  28569  -49.0  -84.7      1   0.02     92   33.3  746.8  747.1  746.8
   14.7  28609  -49.1  -84.7      1   0.02     93   33.4  748.2  748.4  748.2
   14.6  28664  -49.1  -84.8      1   0.02     94   33.7  749.4  749.7  749.5
   14.5  28705  -49.0  -84.9      1   0.02     94   34.1  751.3  751.6  751.3
   14.4  28745  -48.9  -85.0      1   0.02     94   34.3  753.2  753.5  753.3
   14.3  28800  -48.4  -84.9      1   0.02     95   34.1  756.4  756.6  756.4
   14.2  28837  -48.0  -84.8      1   0.02     95   33.5  759.2  759.5  759.2
   14.1  28880  -47.6  -84.6      1   0.02     96   32.8  762.0  762.2  762.0
   14.0  28935  -47.6  -84.6      1   0.02     96   32.2  763.7  764.0  763.7
   13.9  28978  -47.5  -84.4      1   0.02     97   32.4  765.7  766.0  765.7
   13.8  29031  -47.5  -84.4      1   0.02     97   33.3  767.1  767.4  767.2
   13.7  29071  -47.6  -84.4      1   0.02     97   34.2  768.4  768.7  768.4
   13.6  29120  -47.4  -84.3      1   0.02     98   35.3  770.9  771.1  770.9
   13.5  29175  -47.0  -84.2      1   0.02     98   35.8  773.7  774.0  773.7
   13.4  29227  -46.8  -84.2      1   0.02     97   35.6  776.0  776.2  776.0
   13.3  29264  -46.7  -84.2      1   0.02     97   35.2  777.9  778.2  777.9
   13.2  29318  -46.6  -84.2      1   0.03     97   34.3  780.2  780.5  780.2
   13.1  29372  -46.2  -84.1      1   0.03     98   33.4  783.1  783.4  783.1
   13.0  29427  -45.9  -83.9      1   0.03    100   32.8  786.1  786.4  786.1
   12.9  29479  -45.6  -83.9      1   0.03    101   32.4  788.8  789.2  788.8
   12.8  29520  -45.4  -83.8      1   0.03    102   32.0  791.3  791.6  791.3
   12.7  29572  -44.9  -83.7      1   0.03    101   31.3  794.7  795.0  794.7
   12.6  29629  -44.5  -83.6      1   0.03    100   31.0  797.8  798.2  797.8
   12.5  29685  -44.0  -83.3      1   0.03    100   31.4  801.4  801.8  801.4
   12.4  29743  -43.8  -83.2      0   0.03    104   32.5  804.1  804.5  804.1
   12.3  29786  -43.7  -83.2      0   0.03    106   33.4  806.0  806.4  806.1
   12.2  29840  -43.5  -83.1      0   0.03    109   34.5  808.6  809.0  808.6
   12.1  29897  -43.1  -82.9      0   0.03    111   35.1  811.9  812.3  811.9
   12.0  29953  -42.8  -82.7      0   0.04    112   35.3  815.1  815.5  815.1
   11.9  30007  -42.7  -82.7      0   0.04    111   35.1  817.3  817.7  817.3
   11.8  30063  -42.6  -82.6      0   0.04    110   34.5  819.5  820.0  819.5
   11.7  30120  -42.7  -82.5      0   0.04    109   33.9  821.5  821.9  821.5
   11.6  30191  -42.8  -82.6      0   0.04    109   33.7  823.1  823.6  823.2
   11.5  30245  -42.5  -82.6      0   0.04    109   34.1  826.1  826.6  826.2
   11.4  30301  -42.1  -82.4      0   0.04    111   35.0  829.6  830.1  829.7
   11.3  30362  -42.1  -82.4      0   0.04    112   35.5  831.7  832.2  831.8
   11.2  30419  -42.2  -82.4      0   0.04    114   35.7  833.4  833.9  833.4
   11.1  30479  -42.4  -82.4      0   0.04    116   35.8  834.9  835.4  834.9
   11.0  30539  -42.8  -82.5      1   0.04    118   35.9  835.7  836.2  835.7
   10.9  30600  -42.9  -82.6      1   0.04    120   36.2  837.3  837.8  837.3
   10.8  30660  -42.9  -82.6      0   0.04    122   36.4  839.6  840.1  839.6
   10.7  30724  -42.6  -82.4      0   0.04    123   36.5  843.1  843.6  843.1
   10.0  31208                                                               
