Latitude: 22.312 Longitude: 114.17
-----------------------------------------------------------------------------
   PRES   HGHT   TEMP   DWPT   RELH   MIXR   DRCT   SPED   THTA   THTE   THTV
    hPa      m      C      C      %   g/kg    deg    m/s      K      K      K 
-----------------------------------------------------------------------------
 1000.1     66   29.8   25.4     77  20.79    239    1.5  302.9  365.0  306.7
 1000.0     66   29.8   25.4     77  20.79    273    2.1  302.9  365.0  306.7
  998.2     82   29.6   25.2     77  20.67    273    2.1  302.9  364.6  306.7
  997.4     90   29.6   25.0     76  20.41    273    2.4  303.0  363.9  306.7
  996.9     94   29.6   24.8     75  20.20    269    2.5  303.0  363.3  306.7
  996.1    102   29.5   24.8     75  20.11    267    2.7  303.0  363.1  306.7
  995.1    111   29.5   24.6     75  19.94    265    2.8  303.1  362.6  306.7
  994.2    119   29.5   24.5     74  19.80    262    2.9  303.1  362.2  306.7
  993.3    127   29.4   24.6     75  20.00    260    3.0  303.1  362.8  306.7
  992.3    136   29.4   24.2     74  19.47    258    3.0  303.2  361.3  306.7
  991.3    145   29.4   24.1     73  19.38    256    3.1  303.3  361.2  306.8
  990.4    153   29.2   24.3     75  19.63    255    3.1  303.2  361.8  306.8
  989.6    161   29.2   24.1     74  19.42    254    3.2  303.2  361.2  306.7
  988.7    168   29.3   23.2     70  18.42    253    3.2  303.4  358.4  306.7
  987.7    177   29.5   22.6     66  17.75    252    3.2  303.7  356.8  307.0
  986.6    187   29.4   22.6     67  17.74    252    3.3  303.8  356.8  307.0
  985.6    197   29.4   22.8     68  18.05    252    3.4  303.8  357.8  307.1
  984.4    207   29.2   23.5     72  18.84    251    3.4  303.7  360.0  307.1
  983.1    220   29.1   22.8     69  18.05    251    3.5  303.7  357.7  307.0
  981.6    233   29.1   22.4     68  17.69    250    3.6  303.8  356.7  307.0
  980.3    244   28.9   22.6     69  17.87    249    3.7  303.8  357.2  307.0
  979.4    253   28.8   22.8     70  18.09    248    3.8  303.8  357.8  307.0
  978.3    263   28.7   23.0     71  18.33    247    3.9  303.7  358.5  307.1
  977.2    273   28.5   22.8     71  18.18    246    4.1  303.7  358.0  307.0
  976.0    284   28.3   22.9     72  18.26    245    4.1  303.6  358.1  306.9
  974.8    295   28.3   22.8     72  18.21    244    4.2  303.7  358.1  307.0
  973.5    306   28.2   23.0     73  18.44    243    4.3  303.6  358.7  307.0
  972.3    318   28.0   22.9     74  18.35    243    4.4  303.6  358.4  306.9
  971.1    329   28.0   22.7     73  18.21    243    4.4  303.6  358.1  306.9
  969.8    341   27.9   22.7     73  18.19    243    4.4  303.7  358.1  307.0
  968.5    353   27.8   22.7     74  18.24    244    4.4  303.7  358.2  307.0
  967.2    365   27.6   22.8     75  18.39    245    4.4  303.6  358.6  306.9
  966.0    375   27.5   22.8     76  18.38    247    4.4  303.6  358.5  306.9
  965.0    385   27.4   22.8     76  18.41    248    4.4  303.6  358.6  306.9
  963.8    396   27.3   22.8     76  18.42    249    4.4  303.7  358.7  307.0
  962.6    407   27.2   22.7     76  18.33    250    4.4  303.7  358.5  307.0
  961.6    416   27.2   22.5     76  18.16    251    4.4  303.7  357.9  307.0
  960.6    426   27.1   22.5     76  18.18    251    4.3  303.7  358.0  307.0
  959.4    436   27.0   22.5     77  18.19    251    4.3  303.7  358.0  307.0
  958.2    448   26.8   22.6     78  18.29    250    4.3  303.7  358.3  307.0
  957.0    458   26.7   22.5     78  18.21    249    4.3  303.7  358.1  307.0
  955.9    469   26.7   22.2     76  17.91    247    4.4  303.7  357.3  307.0
  954.8    480   26.6   22.4     78  18.10    245    4.4  303.7  357.8  307.0
  953.5    491   26.6   21.8     75  17.51    243    4.5  303.8  356.2  307.0
  952.2    504   26.8   20.8     70  16.46    241    4.5  304.2  353.5  307.2
  950.9    516   26.8   20.8     70  16.49    240    4.6  304.3  353.7  307.3
  949.6    527   26.5   21.1     72  16.87    238    4.7  304.1  354.6  307.2
  948.5    538   26.5   20.9     71  16.64    237    4.8  304.2  354.1  307.2
  947.5    547   26.4   21.0     72  16.74    237    4.9  304.2  354.3  307.2
  946.4    557   26.3   20.9     72  16.69    237    5.0  304.2  354.2  307.3
  945.1    570   26.2   20.9     73  16.71    237    5.0  304.2  354.2  307.3
  943.7    583   26.2   20.6     71  16.40    238    5.1  304.3  353.4  307.3
  942.6    593   26.0   20.7     73  16.53    239    5.1  304.2  353.7  307.2
  941.7    602   26.0   20.4     71  16.18    240    5.1  304.3  352.8  307.2
  940.7    611   26.0   20.0     69  15.79    242    5.0  304.4  351.7  307.3
  939.7    620   26.0   19.5     67  15.40    243    5.0  304.5  350.7  307.3
  938.8    629   26.0   19.6     68  15.44    245    4.9  304.6  350.9  307.4
  937.9    638   25.9   19.5     68  15.35    247    4.8  304.6  350.6  307.4
  936.8    648   25.9   19.6     68  15.48    249    4.7  304.7  351.1  307.5
  935.7    658   25.9   20.0     70  15.95    251    4.5  304.7  352.6  307.7
  934.6    669   25.9   19.8     69  15.72    253    4.4  304.9  352.1  307.8
  933.4    680   25.8   19.6     69  15.58    254    4.2  304.9  351.7  307.8
  932.3    690   25.8   19.6     69  15.59    255    4.1  304.9  351.8  307.8
  931.3    700   25.7   19.6     69  15.64    256    3.9  304.9  351.9  307.8
  930.2    710   25.6   19.6     70  15.65    257    3.8  304.9  351.9  307.8
  929.2    720   25.4   19.6     70  15.68    257    3.7  304.9  352.0  307.8
  928.1    730   25.4   19.6     71  15.69    256    3.6  304.9  352.1  307.8
  927.0    740   25.3   19.6     71  15.66    255    3.5  304.9  352.0  307.8
  926.1    749   25.2   19.5     71  15.60    254    3.5  304.9  351.8  307.8
  925.1    758   25.1   19.5     71  15.62    253    3.5  304.9  351.9  307.8
  925.0    760   25.1   19.5     71  15.62    252    3.5  304.9  351.8  307.8
  924.1    768   24.9   19.5     72  15.61    252    3.5  304.9  351.8  307.7
  923.0    778   24.9   19.4     72  15.56    252    3.6  304.9  351.7  307.8
  922.0    789   24.8   19.4     72  15.53    252    3.7  304.9  351.5  307.7
  921.1    797   24.7   19.3     72  15.51    252    3.8  304.9  351.5  307.8
  920.2    805   24.6   19.4     72  15.55    253    3.9  304.9  351.6  307.8
  919.3    814   24.6   19.0     71  15.25    255    4.0  305.0  350.8  307.8
  918.2    824   24.7   18.6     69  14.88    257    4.1  305.2  349.9  307.9
  917.1    835   24.7   18.4     68  14.64    259    4.2  305.3  349.3  307.9
  916.2    844   24.7   18.0     66  14.31    261    4.3  305.4  348.5  308.0
  915.2    853   24.9   17.7     64  14.05    264    4.5  305.7  348.0  308.3
  914.4    861   25.0   17.3     62  13.68    266    4.6  305.9  347.2  308.4
  913.5    869   25.4   16.7     58  13.17    268    4.8  306.3  346.2  308.8
  912.6    878   25.5   16.3     57  12.91    270    4.9  306.5  345.6  308.9
  911.7    887   25.6   16.1     55  12.69    271    5.1  306.8  345.3  309.1
  910.8    896   25.7   16.1     56  12.76    272    5.2  306.9  345.6  309.2
  909.8    906   25.6   16.2     56  12.84    272    5.4  307.0  345.9  309.3
  908.7    916   25.6   16.2     56  12.84    272    5.5  307.0  346.0  309.3
  907.6    927   25.5   16.1     56  12.76    272    5.7  307.1  345.8  309.4
  906.5    937   25.5   16.1     56  12.79    272    5.8  307.1  345.9  309.5
  905.5    947   25.4   16.0     56  12.75    270    5.9  307.1  345.9  309.5
  904.4    958   25.3   16.0     56  12.75    269    6.0  307.2  345.9  309.5
  903.3    969   25.3   16.0     56  12.75    268    6.1  307.2  345.9  309.5
  902.2    979   25.2   15.9     56  12.68    266    6.2  307.2  345.7  309.5
  901.3    988   25.1   15.9     56  12.67    264    6.2  307.2  345.7  309.6
  900.1    999   25.0   15.8     57  12.64    262    6.3  307.3  345.7  309.6
  898.8   1012   24.9   15.6     56  12.49    260    6.3  307.3  345.3  309.6
  897.6   1025   24.9   15.2     55  12.19    259    6.2  307.4  344.5  309.6
  896.4   1036   24.9   15.1     54  12.11    257    6.2  307.5  344.3  309.7
  895.3   1047   24.9   14.4     52  11.62    255    6.1  307.6  343.0  309.8
  894.1   1058   25.1   13.7     49  11.08    254    6.0  307.9  341.7  310.0
  892.9   1070   25.0   13.8     50  11.17    253    5.9  308.0  342.1  310.0
  891.6   1084   24.9   13.8     50  11.17    252    5.8  308.0  342.2  310.1
  890.5   1094   24.9   13.6     49  11.06    252    5.7  308.1  341.9  310.1
  889.5   1104   24.9   13.6     50  11.06    252    5.6  308.1  342.0  310.2
  888.5   1113   24.8   13.6     50  11.07    253    5.4  308.2  342.0  310.2
  887.5   1124   24.7   13.6     50  11.11    254    5.3  308.2  342.2  310.3
  886.4   1134   24.7   13.6     50  11.15    255    5.3  308.2  342.3  310.3
  885.4   1145   24.6   13.7     51  11.17    257    5.2  308.3  342.4  310.3
  884.4   1154   24.5   13.6     51  11.13    258    5.1  308.3  342.3  310.3
  883.5   1164   24.4   13.5     51  11.09    259    5.1  308.3  342.2  310.3
  882.5   1173   24.3   13.5     51  11.10    260    5.1  308.3  342.2  310.3
  881.4   1184   24.3   13.5     51  11.14    261    5.1  308.3  342.4  310.4
  880.4   1194   24.2   13.5     51  11.10    261    5.0  308.4  342.4  310.4
  879.4   1204   24.2   13.4     51  11.02    261    5.0  308.4  342.2  310.5
  878.3   1215   24.1   13.2     51  10.93    261    4.9  308.5  342.0  310.5
  876.9   1229   24.0   13.1     50  10.89    261    4.8  308.6  341.9  310.6
  875.4   1244   23.9   13.1     51  10.91    260    4.8  308.6  342.0  310.6
  874.0   1258   23.8   13.0     51  10.85    259    4.7  308.6  341.9  310.6
  872.8   1270   23.8   12.9     50  10.76    259    4.5  308.7  341.7  310.7
  871.8   1280   23.8   12.9     51  10.81    258    4.4  308.8  341.9  310.8
  870.7   1291   23.7   12.9     51  10.83    258    4.3  308.8  342.0  310.8
  869.6   1302   23.6   12.8     51  10.77    258    4.2  308.9  341.9  310.9
  868.6   1313   23.6   12.8     51  10.72    258    4.1  308.9  341.8  310.9
  867.5   1324   23.5   12.8     51  10.76    259    4.0  308.9  341.9  310.9
  866.3   1335   23.4   12.7     51  10.72    259    3.9  308.9  341.9  310.9
  865.2   1347   23.3   12.6     51  10.65    261    3.9  309.0  341.7  311.0
  863.9   1359   23.3   12.4     51  10.56    262    3.8  309.1  341.5  311.0
  862.7   1371   23.2   12.3     50  10.46    263    3.8  309.1  341.3  311.1
  861.5   1384   23.2   12.2     50  10.42    265    3.7  309.2  341.2  311.1
  860.4   1395   23.1   12.0     50  10.31    266    3.7  309.3  341.0  311.2
  859.2   1407   23.1   11.9     49  10.22    267    3.6  309.4  340.8  311.3
  858.1   1419   23.0   11.8     49  10.17    268    3.6  309.4  340.7  311.3
  857.0   1430   22.9   11.7     49  10.12    269    3.5  309.4  340.6  311.3
  855.9   1441   22.9   11.7     49  10.14    270    3.5  309.5  340.7  311.3
  854.8   1452   22.8   11.7     50  10.16    269    3.4  309.5  340.8  311.4
  853.7   1463   22.7   11.7     50  10.15    269    3.4  309.5  340.8  311.4
  852.6   1475   22.7   11.7     50  10.17    268    3.3  309.7  341.0  311.6
  851.5   1486   22.7   11.7     50  10.18    267    3.3  309.8  341.2  311.7
  850.6   1495   22.7   11.7     50  10.19    265    3.3  309.8  341.3  311.7
  850.0   1501   22.6   11.7     50  10.22    265    3.3  309.8  341.4  311.7
  849.7   1504   22.6   11.7     50  10.24    262    3.3  309.8  341.4  311.8
  848.7   1514   22.6   11.8     51  10.28    260    3.3  309.9  341.6  311.8
  847.6   1526   22.5   11.7     50  10.24    257    3.3  309.9  341.5  311.8
  846.5   1537   22.5   11.7     50  10.23    254    3.3  310.0  341.6  311.9
  845.4   1548   22.4   11.5     50  10.16    251    3.2  310.1  341.5  312.0
  844.4   1559   22.4   11.4     50  10.08    249    3.2  310.1  341.3  312.0
  843.4   1569   22.4   11.4     50  10.07    246    3.1  310.2  341.4  312.1
  842.3   1580   22.3   11.4     50  10.09    243    3.0  310.3  341.5  312.2
  841.1   1593   22.3   11.0     49   9.87    240    2.9  310.4  340.9  312.2
  839.9   1605   22.4   10.1     46   9.29    237    2.8  310.6  339.5  312.4
  838.8   1616   22.7    9.6     43   8.97    234    2.6  311.0  339.0  312.7
  837.8   1627   22.7    9.7     44   9.04    232    2.4  311.2  339.3  312.9
  836.7   1638   22.6    9.8     44   9.10    229    2.3  311.2  339.5  312.9
  835.5   1650   22.5    9.8     45   9.13    227    2.1  311.2  339.6  312.9
  834.4   1662   22.4    9.7     44   9.08    226    1.8  311.2  339.5  312.9
  833.3   1673   22.3    9.6     44   9.06    224    1.6  311.3  339.5  313.0
  832.2   1685   22.2    9.6     45   9.06    223    1.4  311.3  339.5  313.0
  831.1   1697   22.1    9.5     45   9.03    223    1.2  311.3  339.4  313.0
  830.0   1708   22.0    9.5     45   9.04    223    1.0  311.3  339.5  313.0
  828.8   1720   22.0    9.6     45   9.10    223    0.7  311.4  339.7  313.1
  827.8   1732   21.8    9.5     45   9.05    224    0.5  311.4  339.5  313.1
  826.7   1743   21.8    9.5     45   9.05    227    0.3  311.4  339.6  313.1
  825.7   1754   21.8    9.5     45   9.04    233    0.1  311.5  339.7  313.2
  824.6   1765   21.8    9.4     45   9.04     46    0.1  311.6  339.8  313.3
  823.7   1775   21.7    9.4     45   9.05     54    0.3  311.7  339.9  313.4
  822.7   1785   21.7    9.4     45   9.04     59    0.5  311.8  340.0  313.5
  821.8   1794   21.7    9.3     45   9.01     63    0.7  311.8  339.9  313.5
  821.0   1803   21.6    9.4     46   9.04     68    0.9  311.8  340.0  313.5
  820.1   1812   21.5    9.5     46   9.11     73    1.1  311.8  340.2  313.5
  819.2   1822   21.5    9.7     47   9.26     78    1.3  311.9  340.8  313.7
  818.1   1833   21.4    9.7     47   9.27     83    1.5  312.0  340.9  313.7
  817.1   1844   21.4    9.7     47   9.30     87    1.6  312.0  341.0  313.8
  816.2   1853   21.3    9.8     48   9.37     92    1.8  312.1  341.3  313.8
  815.5   1862   21.4    9.6     47   9.25     97    1.9  312.2  341.1  314.0
  814.6   1870   21.5    9.1     45   8.93    102    1.9  312.5  340.4  314.2
  813.7   1880   21.6    8.8     44   8.78    107    2.0  312.7  340.2  314.3
  812.8   1890   21.6    8.6     43   8.66    113    2.0  312.7  339.9  314.4
  811.7   1901   21.6    8.5     43   8.59    119    1.9  312.9  339.8  314.5
  810.7   1912   21.6    8.5     43   8.60    125    1.9  312.9  339.9  314.5
  809.7   1923   21.5    8.5     43   8.66    132    1.8  312.9  340.1  314.6
  808.7   1934   21.4    8.6     44   8.68    140    1.8  312.9  340.2  314.6
  807.8   1943   21.3    8.5     44   8.67    148    1.8  313.0  340.2  314.6
  807.1   1951   21.2    8.5     44   8.67    154    1.8  312.9  340.1  314.6
  806.2   1961   21.1    8.5     44   8.65    160    1.8  313.0  340.1  314.6
  805.3   1971   21.1    8.4     44   8.61    164    1.9  313.0  340.0  314.6
  804.4   1980   21.0    8.4     44   8.61    167    2.0  313.0  340.0  314.6
  803.6   1988   20.9    8.3     44   8.60    168    2.1  313.0  340.0  314.6
  802.7   1998   20.8    8.3     45   8.62    168    2.2  313.0  340.1  314.6
  801.7   2009   20.7    8.3     45   8.61    167    2.4  313.0  340.0  314.6
  800.6   2021   20.6    8.2     45   8.57    166    2.5  313.1  340.0  314.7
  799.4   2033   20.5    8.3     45   8.60    165    2.6  313.1  340.1  314.7
  798.3   2046   20.4    8.2     45   8.56    163    2.7  313.1  340.0  314.7
  797.4   2056   20.3    8.0     45   8.48    162    2.8  313.1  339.7  314.7
  796.5   2066   20.2    8.0     45   8.47    161    2.9  313.1  339.7  314.7
  795.5   2076   20.2    7.9     45   8.45    160    3.0  313.1  339.7  314.7
  794.6   2086   20.1    7.9     45   8.45    159    3.0  313.1  339.7  314.7
  793.7   2095   20.0    7.9     46   8.48    159    3.0  313.2  339.8  314.8
  792.8   2106   19.9    8.0     46   8.52    158    2.9  313.2  339.9  314.8
  791.8   2116   19.8    7.9     46   8.46    158    2.8  313.2  339.7  314.8
  790.8   2127   19.8    7.8     46   8.42    158    2.7  313.2  339.7  314.8
  789.8   2138   19.7    7.8     46   8.43    158    2.6  313.3  339.8  314.9
  788.8   2149   19.6    7.6     46   8.36    158    2.5  313.3  339.6  314.9
  788.0   2158   19.6    7.5     45   8.28    158    2.4  313.4  339.5  315.0
  787.1   2167   19.6    7.5     45   8.29    158    2.3  313.5  339.5  315.0
  786.3   2176   19.5    7.6     46   8.34    158    2.2  313.5  339.7  315.0
  785.5   2186   19.5    7.7     47   8.44    157    2.0  313.5  340.0  315.1
  784.5   2196   19.4    7.7     47   8.44    156    1.9  313.5  340.1  315.1
  783.5   2207   19.3    7.7     47   8.42    155    1.8  313.5  340.0  315.1
  782.6   2217   19.2    7.7     47   8.46    153    1.6  313.5  340.1  315.1
  781.8   2226   19.1    7.9     48   8.56    150    1.5  313.5  340.4  315.1
  781.0   2235   19.0    7.8     48   8.52    146    1.3  313.6  340.4  315.2
  780.1   2245   19.0    7.6     48   8.45    140    1.2  313.6  340.2  315.2
  779.1   2256   18.9    7.6     48   8.45    132    1.1  313.6  340.2  315.2
  778.1   2266   18.8    7.6     48   8.48    122    1.0  313.6  340.3  315.2
  777.3   2276   18.7    7.6     48   8.45    111    0.9  313.7  340.3  315.3
  776.4   2285   18.7    7.5     48   8.40    100    1.0  313.8  340.2  315.3
  775.6   2294   18.7    7.4     48   8.38     91    1.0  313.8  340.2  315.4
  774.6   2305   18.6    7.5     48   8.40     85    1.1  313.9  340.3  315.4
  773.6   2317   18.6    7.3     48   8.35     81    1.2  313.9  340.2  315.5
  772.6   2328   18.6    7.2     48   8.30     79    1.3  314.0  340.2  315.6
  771.6   2339   18.5    7.3     48   8.33     79    1.4  314.0  340.3  315.6
  770.5   2351   18.3    7.2     48   8.30     79    1.5  314.0  340.2  315.6
  769.5   2361   18.3    7.1     48   8.26     79    1.6  314.1  340.1  315.6
  768.7   2371   18.3    7.1     48   8.26     79    1.7  314.2  340.2  315.8
  767.8   2381   18.3    7.1     48   8.25     80    1.8  314.3  340.3  315.8
  766.9   2391   18.2    7.0     48   8.23     80    1.8  314.3  340.3  315.8
  766.1   2400   18.1    7.0     48   8.25     81    1.8  314.3  340.3  315.8
  765.1   2411   18.0    7.1     49   8.32     81    1.7  314.3  340.6  315.9
  764.1   2423   17.9    7.1     49   8.31     81    1.7  314.3  340.5  315.9
  763.1   2434   17.8    7.0     49   8.29     81    1.6  314.3  340.5  315.9
  762.1   2445   17.7    7.0     49   8.29     81    1.5  314.3  340.5  315.9
  761.2   2455   17.6    7.0     50   8.28     82    1.4  314.4  340.5  315.9
  760.3   2465   17.5    6.9     50   8.27     84    1.3  314.4  340.5  315.9
  759.4   2475   17.5    7.1     50   8.36     86    1.2  314.4  340.8  316.0
  758.4   2486   17.4    7.2     51   8.41     89    1.1  314.5  341.0  316.1
  757.6   2496   17.4    7.1     51   8.41     94    1.1  314.5  341.1  316.1
  756.7   2506   17.5    7.0     50   8.34     99    1.1  314.7  341.1  316.3
  755.6   2517   17.5    6.5     49   8.07    103    1.1  314.8  340.4  316.4
  754.7   2528   17.4    6.3     48   7.98    107    1.2  314.9  340.2  316.4
  753.7   2539   17.4    6.4     49   8.03    110    1.2  315.0  340.4  316.5
  752.7   2550   17.4    6.5     49   8.08    111    1.3  315.1  340.7  316.6
  751.7   2562   17.3    6.5     49   8.10    112    1.5  315.2  340.8  316.7
  750.7   2573   17.2    6.4     49   8.04    111    1.6  315.1  340.6  316.7
  749.8   2583   17.1    6.4     49   8.06    110    1.7  315.2  340.7  316.7
  749.0   2592   17.1    6.5     50   8.13    109    1.8  315.2  341.0  316.7
  748.1   2603   17.0    6.6     50   8.20    107    2.0  315.2  341.2  316.8
  747.1   2615   16.9    6.6     51   8.21    106    2.1  315.3  341.3  316.8
  746.1   2627   16.8    6.5     51   8.20    104    2.2  315.3  341.2  316.8
  745.1   2638   16.7    6.5     51   8.18    102    2.3  315.3  341.2  316.8
  744.1   2649   16.6    6.5     51   8.22    100    2.4  315.3  341.3  316.8
  743.1   2660   16.5    6.5     52   8.23     99    2.4  315.3  341.4  316.9
  742.1   2672   16.4    6.5     52   8.23     97    2.4  315.3  341.4  316.9
  741.1   2683   16.4    6.5     52   8.22     95    2.4  315.4  341.5  317.0
  740.3   2693   16.3    6.4     52   8.19     92    2.4  315.4  341.4  317.0
  739.5   2702   16.2    6.4     52   8.17     89    2.3  315.4  341.3  317.0
  738.7   2711   16.2    6.3     52   8.15     86    2.2  315.5  341.4  317.0
  737.8   2721   16.2    6.3     52   8.17     82    2.0  315.6  341.5  317.1
  736.8   2733   16.2    6.5     53   8.25     77    1.9  315.7  341.9  317.3
  735.8   2744   16.2    6.5     53   8.30     70    1.7  315.8  342.2  317.4
  734.8   2756   16.1    6.4     53   8.24     63    1.6  315.9  342.0  317.4
  733.8   2767   16.1    6.1     51   8.09     54    1.5  316.0  341.7  317.6
  732.9   2778   16.2    6.0     51   8.02     43    1.4  316.2  341.8  317.8
  732.0   2788   16.1    6.0     51   8.02     32    1.3  316.3  341.8  317.8
  731.2   2798   16.1    5.9     51   8.00     21    1.3  316.3  341.8  317.8
  730.3   2808   16.0    5.8     51   7.96     11    1.3  316.3  341.7  317.8
  729.3   2820   15.9    5.8     51   7.94      2    1.3  316.3  341.6  317.8
  728.3   2831   15.8    5.8     51   7.95    353    1.3  316.3  341.7  317.9
  727.4   2842   15.7    5.7     51   7.93    347    1.3  316.3  341.6  317.8
  726.4   2853   15.6    5.6     52   7.91    341    1.4  316.3  341.5  317.8
  725.4   2866   15.5    5.6     52   7.87    336    1.4  316.3  341.4  317.8
  724.4   2877   15.4    5.4     51   7.82    333    1.3  316.4  341.3  317.9
  723.5   2887   15.3    5.3     51   7.77    330    1.3  316.4  341.2  317.9
  722.6   2899   15.2    5.3     51   7.75    329    1.2  316.4  341.2  317.9
  721.7   2909   15.2    5.3     52   7.75    329    1.1  316.5  341.2  317.9
  720.9   2918   15.1    5.3     52   7.78    332    1.0  316.5  341.3  318.0
  720.0   2929   15.0    5.3     52   7.81    338    0.8  316.5  341.4  318.0
  718.9   2941   14.9    5.3     53   7.78    349    0.7  316.5  341.3  318.0
  717.9   2953   14.8    5.2     53   7.76      7    0.6  316.5  341.3  318.0
  716.9   2965   14.7    5.2     53   7.75     32    0.6  316.5  341.3  318.0
  716.1   2975   14.6    5.2     53   7.76     52    0.7  316.5  341.3  318.0
  715.3   2984   14.5    5.2     53   7.77     65    0.8  316.6  341.4  318.1
  714.4   2995   14.5    5.1     53   7.72     73    1.0  316.7  341.4  318.2
  713.5   3005   14.5    4.9     52   7.62     77    1.1  316.8  341.1  318.2
  712.7   3015   14.5    4.6     51   7.51     80    1.3  316.9  340.9  318.3
  711.8   3025   14.5    4.5     51   7.45     82    1.4  317.0  340.8  318.4
  711.0   3035   14.4    4.4     51   7.41     82    1.5  317.0  340.7  318.4
  710.2   3045   14.4    4.4     51   7.42     82    1.7  317.0  340.8  318.5
  709.3   3056   14.3    4.4     51   7.44     82    1.7  317.1  340.9  318.5
  708.4   3067   14.2    4.4     52   7.45     82    1.8  317.1  341.0  318.6
  707.5   3076   14.2    4.4     52   7.43     82    1.9  317.2  341.0  318.6
  706.8   3085   14.1    4.3     52   7.41     81    2.1  317.2  340.9  318.6
  706.2   3093   14.1    4.4     52   7.44     81    2.2  317.2  341.1  318.7
  705.5   3101   14.0    4.4     52   7.47     80    2.3  317.3  341.2  318.7
  704.7   3110   14.0    4.4     53   7.49     80    2.5  317.3  341.3  318.7
  703.8   3122   13.9    4.4     53   7.48     80    2.6  317.3  341.3  318.7
  702.8   3133   13.8    4.3     53   7.44     80    2.8  317.3  341.2  318.8
  702.0   3143   13.7    4.3     53   7.43     80    3.0  317.3  341.1  318.8
  701.1   3153   13.6    4.2     53   7.41     80    3.2  317.3  341.1  318.8
  700.3   3164   13.5    4.2     53   7.39     80    3.3  317.4  341.1  318.8
  700.0   3167   13.5    4.2     53   7.40     80    3.5  317.4  341.1  318.8
  699.4   3174   13.4    4.2     54   7.42     80    3.5  317.4  341.2  318.8
  698.5   3185   13.4    4.2     54   7.43     80    3.7  317.4  341.3  318.9
  697.7   3195   13.3    4.2     54   7.45     81    3.8  317.5  341.4  318.9
  696.8   3206   13.3    4.2     54   7.44     81    3.9  317.5  341.4  319.0
  695.8   3218   13.2    4.1     54   7.40     82    4.0  317.6  341.3  319.0
  694.8   3230   13.1    3.9     54   7.32     82    4.1  317.6  341.1  319.0
  693.8   3241   13.0    3.8     54   7.27     83    4.1  317.7  341.0  319.0
  693.0   3251   13.0    3.7     53   7.23     83    4.2  317.7  341.0  319.1
  692.1   3262   12.9    3.6     53   7.20     84    4.1  317.8  340.9  319.2
  691.2   3273   12.8    3.5     53   7.15     84    4.1  317.8  340.8  319.2
  690.5   3282   12.8    3.5     53   7.16     85    4.0  317.8  340.9  319.2
  689.8   3290   12.7    3.6     54   7.20     85    3.8  317.8  341.0  319.2
  689.0   3300   12.6    3.6     54   7.20     86    3.7  317.9  341.0  319.2
  688.0   3313   12.5    3.5     54   7.19     86    3.5  317.9  341.1  319.3
  687.0   3325   12.5    3.4     54   7.16     86    3.4  318.0  341.0  319.3
  686.2   3335   12.4    3.4     54   7.14     86    3.2  318.0  341.0  319.4
  685.4   3344   12.4    3.4     54   7.17     86    3.1  318.1  341.1  319.4
  684.6   3354   12.3    3.4     55   7.18     86    3.0  318.1  341.2  319.5
  683.6   3367   12.2    3.5     55   7.21     85    3.0  318.2  341.4  319.5
  682.6   3379   12.2    3.4     55   7.19     84    3.0  318.2  341.4  319.6
  681.7   3390   12.1    3.3     55   7.15     82    3.1  318.3  341.3  319.6
  680.8   3401   12.1    3.2     55   7.12     81    3.2  318.3  341.3  319.7
  680.0   3411   12.0    3.2     55   7.10     80    3.4  318.3  341.2  319.7
  679.4   3418   11.9    3.2     55   7.09     78    3.6  318.4  341.2  319.7
  678.8   3425   11.9    3.2     55   7.10     77    3.9  318.4  341.3  319.7
  677.9   3436   11.8    3.1     55   7.09     76    4.2  318.4  341.2  319.7
  677.0   3448   11.7    3.1     56   7.07     74    4.5  318.4  341.2  319.7
  676.1   3459   11.6    3.0     56   7.05     73    4.8  318.4  341.1  319.7
  675.0   3472   11.5    3.0     56   7.04     73    5.0  318.4  341.2  319.8
  673.9   3486   11.4    3.0     56   7.07     72    5.3  318.5  341.3  319.9
  672.7   3501   11.3    3.0     56   7.06     71    5.5  318.6  341.4  319.9
  671.7   3513   11.2    2.9     56   7.04     71    5.7  318.6  341.4  320.0
  671.0   3522   11.2    3.1     57   7.14     71    5.9  318.7  341.7  320.1
  670.5   3529   11.2    3.3     58   7.24     70    6.0  318.7  342.1  320.1
  669.7   3538   11.1    3.3     59   7.27     70    6.1  318.8  342.2  320.2
  668.7   3551   11.0    3.3     59   7.26     70    6.1  318.8  342.3  320.2
  667.8   3562   10.9    3.2     59   7.24     70    6.2  318.8  342.2  320.2
  667.1   3570   10.9    3.2     59   7.23     71    6.2  318.8  342.2  320.2
  666.5   3579   10.8    3.2     60   7.28     71    6.2  318.9  342.3  320.3
  665.6   3590   10.7    3.4     60   7.36     72    6.2  318.9  342.6  320.3
  664.5   3604   10.6    3.6     62   7.51     72    6.1  318.9  343.2  320.4
  663.3   3619   10.5    3.7     63   7.55     73    6.1  319.0  343.3  320.4
  662.2   3632   10.4    3.6     63   7.52     74    6.1  319.0  343.2  320.4
  661.3   3644   10.3    3.5     62   7.45     75    6.1  319.0  343.1  320.5
  660.5   3653   10.3    3.2     61   7.30     76    6.1  319.1  342.7  320.5
  659.7   3664   10.3    2.9     60   7.18     77    6.1  319.2  342.4  320.6
  658.8   3676   10.2    2.8     60   7.14     78    6.1  319.3  342.3  320.6
  657.9   3687   10.2    2.6     59   7.04     79    6.2  319.3  342.1  320.7
  657.0   3698   10.1    2.3     58   6.90     80    6.2  319.4  341.7  320.7
  656.2   3709   10.1    2.1     57   6.79     81    6.3  319.4  341.4  320.7
  655.4   3719   10.0    2.2     58   6.87     81    6.3  319.5  341.7  320.8
  654.6   3729    9.9    2.5     60   7.02     82    6.3  319.5  342.2  320.9
  653.8   3739    9.9    2.3     59   6.94     82    6.4  319.6  342.0  320.9
  652.9   3749    9.8    2.0     58   6.82     82    6.4  319.6  341.8  321.0
  652.2   3759    9.8    1.9     58   6.78     82    6.3  319.7  341.7  321.0
  651.4   3769    9.8    1.7     57   6.68     81    6.3  319.8  341.5  321.0
  650.5   3781    9.7    1.3     56   6.48     81    6.2  319.8  340.9  321.1
  649.5   3793    9.7    1.1     55   6.40     81    6.1  319.9  340.8  321.2
  648.6   3805    9.6    1.1     55   6.39     81    6.1  320.0  340.8  321.2
  647.7   3816    9.6    0.5     53   6.13     81    5.9  320.1  340.1  321.3
  646.7   3829    9.6   -0.1     51   5.87     81    5.8  320.2  339.4  321.4
  645.8   3840    9.6   -0.9     48   5.55     81    5.7  320.3  338.5  321.4
  645.1   3850    9.5   -1.5     46   5.33     82    5.6  320.4  337.9  321.4
  644.3   3860    9.5   -2.0     45   5.15     83    5.6  320.5  337.5  321.5
  643.5   3870    9.5   -2.9     42   4.82     84    5.5  320.6  336.5  321.5
  642.8   3879    9.5   -2.7     42   4.87     85    5.5  320.7  336.8  321.7
  642.1   3889    9.5   -2.0     45   5.17     87    5.6  320.8  337.8  321.8
  641.2   3900    9.5   -2.1     44   5.13     88    5.6  320.9  337.8  321.9
  640.3   3912    9.4   -2.1     44   5.12     89    5.7  320.9  337.8  321.9
  639.6   3921    9.3   -2.2     44   5.11     90    5.8  321.0  337.8  322.0
  639.0   3929    9.3   -2.6     43   4.97     90    5.9  321.0  337.4  322.0
  638.3   3938    9.3   -2.4     44   5.04     90    6.0  321.1  337.7  322.1
  637.4   3949    9.2   -2.2     45   5.10     90    6.1  321.1  338.0  322.1
  636.6   3960    9.1   -2.0     45   5.19     90    6.2  321.2  338.3  322.2
  635.8   3970    9.1   -1.7     47   5.33     89    6.3  321.2  338.8  322.2
  635.0   3981    9.0   -1.9     46   5.25     88    6.4  321.2  338.5  322.2
  634.2   3991    8.9   -1.8     47   5.31     87    6.4  321.3  338.8  322.3
  633.6   4000    8.8   -1.3     49   5.51     86    6.5  321.3  339.4  322.3
  632.9   4008    8.8   -0.9     51   5.67     85    6.5  321.3  339.9  322.4
  632.3   4016    8.7   -0.8     51   5.72     84    6.5  321.3  340.1  322.4
  631.6   4025    8.6   -0.8     52   5.73     83    6.5  321.3  340.1  322.4
  630.9   4035    8.5   -0.9     52   5.71     82    6.5  321.3  340.1  322.4
  630.2   4044    8.4   -0.8     52   5.73     82    6.5  321.3  340.1  322.4
  629.5   4053    8.4   -0.8     53   5.77     81    6.5  321.3  340.3  322.4
  628.7   4063    8.3   -0.7     53   5.79     80    6.5  321.3  340.4  322.5
  627.9   4074    8.2   -0.8     53   5.75     80    6.5  321.3  340.2  322.5
  627.0   4085    8.1   -0.9     53   5.71     80    6.5  321.4  340.2  322.5
  626.2   4096    8.0   -1.0     53   5.71     80    6.4  321.4  340.2  322.5
  625.4   4106    7.9   -0.8     54   5.77     81    6.4  321.4  340.4  322.5
  624.7   4116    7.8   -0.7     55   5.83     82    6.4  321.4  340.6  322.6
  623.9   4126    7.8   -0.5     56   5.94     83    6.4  321.4  340.9  322.6
  623.1   4138    7.7   -0.5     56   5.92     84    6.3  321.4  340.9  322.6
  622.3   4148    7.6   -0.6     56   5.89     85    6.3  321.4  340.8  322.6
  621.6   4157    7.5   -0.7     56   5.86     86    6.3  321.5  340.7  322.6
  620.9   4167    7.4   -0.8     56   5.85     87    6.3  321.5  340.7  322.6
  620.2   4176    7.3   -0.9     56   5.78     88    6.3  321.5  340.5  322.6
  619.6   4184    7.3   -1.2     55   5.69     89    6.2  321.5  340.2  322.6
  618.9   4193    7.2   -1.6     53   5.51     90    6.2  321.6  339.7  322.6
  618.0   4205    7.2   -2.1     52   5.34     91    6.2  321.6  339.2  322.7
  617.1   4217    7.1   -2.2     52   5.30     91    6.1  321.7  339.2  322.7
  616.3   4228    7.0   -2.3     52   5.27     91    6.1  321.7  339.1  322.8
  615.5   4238    7.0   -2.5     51   5.19     91    6.1  321.8  339.0  322.8
  614.8   4248    6.9   -2.8     50   5.06     91    6.0  321.9  338.6  322.8
  614.0   4258    6.9   -2.9     50   5.05     91    6.0  321.9  338.6  322.9
  613.2   4269    6.8   -3.1     49   4.96     91    5.9  321.9  338.3  322.9
  612.6   4277    6.8   -4.4     45   4.53     91    5.9  322.0  337.1  322.9
  611.9   4286    6.8   -5.3     42   4.23     91    5.8  322.1  336.2  322.9
  611.2   4296    6.8   -6.2     39   3.95     91    5.8  322.2  335.4  323.0
  610.5   4306    6.7   -6.5     38   3.87     91    5.8  322.2  335.2  323.0
  609.8   4315    6.7   -7.0     37   3.73     92    5.9  322.3  334.8  323.0
  609.0   4325    6.6   -7.9     35   3.48     93    5.9  322.4  334.1  323.0
  608.2   4336    6.6   -8.8     32   3.25     93    5.9  322.4  333.4  323.1
  607.4   4347    6.6   -9.4     31   3.10     94    6.0  322.5  333.1  323.1
  606.6   4357    6.5   -9.6     30   3.04     95    6.0  322.6  332.9  323.2
  605.8   4368    6.5   -9.2     32   3.16     96    6.1  322.7  333.4  323.3
  604.9   4381    6.4   -7.8     36   3.53     97    6.1  322.7  334.6  323.4
  604.0   4393    6.3   -6.9     38   3.79     98    6.2  322.7  335.5  323.5
  603.2   4404    6.2   -6.5     40   3.89     99    6.2  322.7  335.8  323.5
  602.4   4415    6.1   -6.2     41   4.01     99    6.2  322.8  336.2  323.5
  601.5   4426    6.0   -6.0     42   4.08    100    6.2  322.8  336.5  323.6
  600.8   4437    5.9   -5.6     43   4.19    101    6.2  322.8  336.8  323.6
  600.1   4446    5.8   -5.4     45   4.29    101    6.2  322.8  337.1  323.6
  599.3   4456    5.7   -4.7     47   4.53    101    6.2  322.8  337.9  323.7
  598.7   4466    5.6   -4.2     49   4.70    101    6.2  322.8  338.4  323.7
  598.0   4475    5.6   -4.4     49   4.62    102    6.2  322.8  338.2  323.7
  597.3   4484    5.5   -4.9     47   4.46    102    6.3  322.9  337.8  323.8
  596.7   4493    5.5   -5.1     46   4.39    102    6.3  322.9  337.6  323.8
  596.0   4502    5.5   -5.8     44   4.17    102    6.4  323.0  337.0  323.8
  595.3   4512    5.4   -6.1     43   4.09    102    6.4  323.1  336.8  323.9
  594.4   4524    5.4   -6.1     43   4.07    102    6.5  323.1  336.8  323.9
  593.5   4536    5.3   -6.2     43   4.06    102    6.5  323.2  336.8  323.9
  592.7   4547    5.1   -6.1     44   4.09    102    6.6  323.1  336.9  323.9
  592.0   4558    5.1   -6.2     44   4.06    103    6.6  323.2  336.8  323.9
  591.2   4568    5.0   -6.7     43   3.93    103    6.6  323.2  336.4  324.0
  590.5   4577    4.9   -6.9     42   3.88    104    6.6  323.2  336.3  324.0
  590.0   4585    4.9   -6.8     43   3.90    104    6.6  323.3  336.4  324.0
  589.3   4595    4.8   -6.8     43   3.91    104    6.6  323.3  336.4  324.0
  588.5   4606    4.7   -6.8     43   3.90    104    6.6  323.3  336.4  324.1
  587.7   4617    4.6   -6.8     43   3.90    105    6.5  323.3  336.5  324.1
  587.0   4626    4.5   -6.9     43   3.89    105    6.5  323.3  336.4  324.1
  586.4   4634    4.5   -6.8     44   3.91    104    6.4  323.4  336.5  324.1
  585.9   4642    4.4   -6.7     44   3.96    104    6.4  323.3  336.7  324.1
  585.2   4651    4.3   -6.7     45   3.97    104    6.3  323.3  336.7  324.1
  584.6   4660    4.2   -6.6     45   3.99    104    6.3  323.3  336.8  324.1
  584.0   4668    4.1   -6.6     45   4.00    104    6.2  323.3  336.8  324.1
  583.4   4677    4.0   -6.6     46   4.01    103    6.2  323.3  336.8  324.1
  582.7   4686    3.9   -6.6     46   4.02    103    6.3  323.3  336.8  324.1
  582.0   4697    3.9   -6.5     47   4.04    104    6.3  323.3  336.9  324.1
  581.2   4707    3.8   -6.6     47   4.01    104    6.4  323.4  336.8  324.1
  580.4   4718    3.7   -6.8     46   3.97    104    6.4  323.4  336.7  324.2
  579.7   4729    3.6   -6.7     47   4.00    105    6.6  323.4  336.8  324.2
  579.0   4738    3.5   -6.7     47   4.01    105    6.7  323.4  336.9  324.2
  578.4   4747    3.4   -6.7     48   4.01    106    6.8  323.4  336.8  324.1
  577.8   4755    3.3   -6.8     48   4.00    107    7.0  323.4  336.8  324.1
  577.1   4765    3.2   -6.8     48   4.01    107    7.2  323.4  336.8  324.2
  576.3   4776    3.1   -6.8     48   4.01    108    7.3  323.4  336.9  324.2
  575.5   4787    3.0   -6.8     48   4.00    108    7.4  323.4  336.8  324.2
  574.7   4799    2.9   -7.0     48   3.95    109    7.6  323.4  336.7  324.2
  573.8   4812    2.8   -7.4     47   3.83    110    7.7  323.4  336.3  324.2
  572.9   4824    2.7   -7.9     46   3.70    110    7.7  323.5  335.9  324.2
  572.1   4835    2.6   -8.1     45   3.64    111    7.8  323.5  335.8  324.2
  571.3   4847    2.5   -8.3     45   3.59    111    7.8  323.5  335.6  324.2
  570.4   4859    2.5   -8.5     44   3.53    112    7.9  323.6  335.5  324.3
  569.6   4870    2.4   -8.4     45   3.58    112    7.9  323.6  335.7  324.3
  568.9   4881    2.3   -8.5     45   3.56    113    7.9  323.6  335.7  324.3
  568.1   4891    2.3   -8.8     44   3.47    113    7.9  323.7  335.4  324.4
  567.5   4900    2.2   -9.0     43   3.43    113    7.9  323.7  335.3  324.4
  566.9   4909    2.1   -9.0     43   3.41    114    7.9  323.7  335.3  324.4
  566.2   4919    2.1   -9.0     44   3.42    114    7.9  323.8  335.4  324.5
  565.4   4931    2.0  -10.2     40   3.12    115    7.9  323.9  334.5  324.5
  564.5   4944    2.1  -12.3     34   2.65    115    7.9  324.1  333.2  324.6
  563.6   4956    2.1  -12.5     33   2.60    116    7.9  324.2  333.2  324.8
  562.9   4966    2.1  -12.7     33   2.56    116    7.9  324.3  333.1  324.8
  562.2   4976    2.0  -12.8     33   2.56    117    7.8  324.4  333.2  324.9
  561.6   4985    2.0  -12.3     34   2.64    118    7.8  324.4  333.5  324.9
  560.9   4995    1.9  -12.7     33   2.57    118    7.8  324.5  333.3  325.0
  560.1   5006    1.9  -13.8     30   2.36    119    7.8  324.6  332.8  325.1
  559.4   5016    1.9  -14.1     29   2.30    120    7.8  324.7  332.7  325.2
  558.7   5027    2.0  -14.7     28   2.19    121    7.8  324.9  332.5  325.3
  558.1   5036    1.9  -14.5     29   2.24    121    7.8  324.9  332.7  325.4
  557.4   5045    1.8  -14.0     30   2.32    122    7.9  324.9  333.0  325.4
  556.8   5054    1.8  -13.8     31   2.38    122    7.9  325.0  333.2  325.4
  556.2   5063    1.7  -13.6     31   2.40    122    8.0  325.0  333.3  325.5
  555.4   5074    1.7  -14.7     29   2.21    122    8.1  325.1  332.8  325.5
  554.6   5086    1.7  -16.6     24   1.89    122    8.2  325.2  331.9  325.6
  553.8   5098    1.7  -18.4     21   1.62    121    8.3  325.4  331.2  325.7
  552.9   5110    1.8  -18.2     21   1.66    121    8.4  325.6  331.5  326.0
  552.2   5120    1.8  -18.3     21   1.64    121    8.5  325.8  331.6  326.1
  551.7   5129    1.9  -19.1     19   1.54    121    8.6  325.9  331.4  326.3
  551.0   5139    1.9  -17.2     23   1.81    121    8.7  326.1  332.5  326.4
  550.2   5150    1.8  -16.1     25   1.99    121    8.7  326.1  333.1  326.5
  549.4   5162    1.7  -15.6     26   2.06    121    8.7  326.2  333.4  326.6
  548.5   5175    1.6  -14.3     29   2.30    122    8.8  326.2  334.2  326.6
  547.7   5187    1.5  -14.3     30   2.32    122    8.8  326.2  334.3  326.7
  547.0   5198    1.4  -14.0     31   2.38    123    8.7  326.2  334.5  326.7
  546.4   5206    1.4  -14.0     31   2.38    124    8.7  326.3  334.6  326.7
  545.8   5215    1.3  -14.2     30   2.33    124    8.7  326.3  334.5  326.8
  545.1   5225    1.3  -15.9     26   2.04    125    8.7  326.4  333.6  326.8
  544.5   5235    1.4  -17.5     23   1.78    126    8.7  326.6  332.9  326.9
  543.7   5246    1.3  -16.4     25   1.96    127    8.6  326.6  333.5  327.0
  542.9   5258    1.2  -15.7     27   2.08    128    8.6  326.7  334.0  327.1
  542.1   5269    1.1  -15.6     27   2.09    128    8.7  326.7  334.1  327.1
  541.4   5280    1.1  -15.8     27   2.07    129    8.7  326.8  334.0  327.2
  540.7   5290    1.0  -16.1     27   2.01    129    8.7  326.8  333.9  327.2
  540.0   5300    0.9  -16.1     27   2.02    130    8.7  326.9  334.0  327.3
  539.4   5309    0.9  -15.6     28   2.11    130    8.8  326.9  334.3  327.3
  538.7   5320    0.8  -15.2     29   2.18    131    8.9  326.9  334.5  327.3
  538.0   5330    0.7  -15.2     29   2.19    131    8.9  326.9  334.6  327.3
  537.4   5339    0.6  -15.2     30   2.19    131    9.0  326.9  334.6  327.3
  536.8   5348    0.5  -15.2     30   2.20    131    9.1  326.9  334.6  327.3
  536.3   5357    0.4  -15.2     30   2.20    131    9.2  326.9  334.6  327.3
  535.7   5365    0.3  -15.2     30   2.20    131    9.2  326.9  334.6  327.3
  535.0   5375    0.3  -15.1     30   2.21    131    9.3  326.9  334.7  327.3
  534.3   5386    0.2  -15.1     31   2.22    131    9.4  326.9  334.7  327.3
  533.5   5398    0.0  -15.1     31   2.23    131    9.5  326.9  334.7  327.3
  532.6   5411   -0.1  -15.1     31   2.23    131    9.5  326.9  334.7  327.4
  531.9   5422   -0.2  -15.1     31   2.22    130    9.5  326.9  334.7  327.4
  531.3   5431   -0.3  -15.1     32   2.23    130    9.5  326.9  334.7  327.4
  530.6   5441   -0.4  -15.0     32   2.25    129    9.4  326.9  334.8  327.4
  529.9   5451   -0.5  -15.0     32   2.25    129    9.4  326.9  334.8  327.4
  529.3   5461   -0.6  -15.0     33   2.25    128    9.3  326.9  334.8  327.4
  528.7   5470   -0.6  -15.0     33   2.26    128    9.1  326.9  334.8  327.4
  528.1   5480   -0.7  -15.0     33   2.26    127    9.0  327.0  334.9  327.4
  527.3   5491   -0.8  -15.0     33   2.26    127    8.8  327.0  334.9  327.5
  526.6   5501   -0.9  -15.1     33   2.25    126    8.6  327.0  334.9  327.5
  526.0   5511   -0.9  -15.2     33   2.23    125    8.4  327.0  334.9  327.5
  525.3   5522   -1.0  -15.2     33   2.23    124    8.3  327.1  334.9  327.5
  524.5   5534   -1.1  -15.4     33   2.21    123    8.1  327.2  334.9  327.6
  523.7   5546   -1.1  -16.0     31   2.10    123    7.9  327.2  334.6  327.7
  522.9   5558   -1.1  -16.9     29   1.95    122    7.8  327.4  334.3  327.8
  522.3   5567   -1.2  -17.3     28   1.88    121    7.6  327.5  334.1  327.8
  521.7   5577   -1.2  -18.4     26   1.72    121    7.5  327.5  333.7  327.9
  520.9   5588   -1.2  -19.7     23   1.54    120    7.4  327.7  333.2  328.0
  520.1   5600   -1.2  -20.3     22   1.47    119    7.3  327.8  333.0  328.0
  519.4   5612   -1.3  -20.6     21   1.43    119    7.3  327.8  333.0  328.1
  518.6   5624   -1.3  -21.0     21   1.38    119    7.2  327.9  332.9  328.2
  517.8   5635   -1.4  -21.2     20   1.36    118    7.1  328.0  332.9  328.2
  517.2   5646   -1.5  -21.4     20   1.35    118    7.1  328.0  332.9  328.3
  516.5   5656   -1.5  -21.4     20   1.34    118    7.0  328.1  332.9  328.4
  516.0   5664   -1.5  -21.6     20   1.32    119    7.0  328.1  332.9  328.4
  515.4   5674   -1.6  -21.9     20   1.29    119    7.0  328.2  332.9  328.5
  514.7   5684   -1.6  -22.5     19   1.22    119    7.0  328.3  332.8  328.6
  514.1   5693   -1.6  -22.8     18   1.19    119    7.0  328.4  332.8  328.6
  513.5   5703   -1.6  -22.8     18   1.20    120    7.0  328.5  332.8  328.7
  512.8   5714   -1.7  -22.8     18   1.20    120    7.0  328.5  332.9  328.8
  512.1   5725   -1.8  -22.8     18   1.20    120    7.1  328.6  332.9  328.8
  511.3   5736   -1.8  -22.6     19   1.22    121    7.2  328.6  333.1  328.9
  510.6   5748   -1.9  -22.4     19   1.25    121    7.3  328.6  333.2  328.9
  509.9   5759   -2.0  -22.4     19   1.24    121    7.3  328.6  333.2  328.9
  509.2   5769   -2.1  -22.6     19   1.23    120    7.4  328.7  333.1  328.9
  508.6   5779   -2.2  -22.9     19   1.20    120    7.5  328.7  333.1  329.0
  507.9   5789   -2.2  -23.2     18   1.16    120    7.6  328.8  333.0  329.0
  507.2   5801   -2.3  -23.5     18   1.14    119    7.7  328.8  333.0  329.0
  506.5   5812   -2.4  -23.3     18   1.16    119    7.7  328.9  333.1  329.1
  505.7   5824   -2.4  -23.2     19   1.18    118    7.8  328.9  333.2  329.2
  505.0   5835   -2.5  -22.9     19   1.21    118    7.8  329.0  333.4  329.2
  504.3   5846   -2.6  -23.2     19   1.18    117    7.8  329.0  333.3  329.3
  503.6   5857   -2.6  -23.3     19   1.16    117    7.9  329.1  333.4  329.3
  503.0   5866   -2.7  -23.2     19   1.18    117    7.9  329.1  333.4  329.4
  502.4   5876   -2.8  -22.9     19   1.21    116    7.9  329.2  333.6  329.4
  501.7   5886   -2.8  -22.9     20   1.21    116    7.9  329.2  333.6  329.4
  501.1   5897   -2.9  -23.2     19   1.18    115    7.8  329.2  333.6  329.5
  500.4   5907   -3.0  -23.3     19   1.17    115    7.8  329.3  333.6  329.5
  500.0   5914   -3.0  -23.3     19   1.17    115    7.8  329.3  333.6  329.5
  499.7   5918   -3.0  -23.3     19   1.18    114    7.8  329.3  333.6  329.6
  499.0   5930   -3.1  -23.3     19   1.17    114    7.8  329.3  333.6  329.6
  498.2   5943   -3.2  -23.3     20   1.17    113    7.8  329.4  333.6  329.6
  497.5   5954   -3.3  -23.4     19   1.17    112    7.8  329.4  333.6  329.6
  496.9   5963   -3.4  -23.5     19   1.16    112    7.8  329.4  333.6  329.6
  496.2   5974   -3.5  -23.8     19   1.14    111    7.7  329.5  333.6  329.7
  495.5   5985   -3.5  -24.0     19   1.11    110    7.7  329.5  333.6  329.7
  494.9   5995   -3.6  -24.2     19   1.09    110    7.7  329.6  333.6  329.8
  494.3   6005   -3.6  -24.9     17   1.02    109    7.7  329.6  333.4  329.8
  493.7   6014   -3.6  -25.9     16   0.94    109    7.7  329.8  333.2  329.9
  493.1   6024   -3.6  -25.8     16   0.95    109    7.6  329.8  333.3  330.0
  492.5   6034   -3.7  -25.4     17   0.99    108    7.6  329.9  333.6  330.1
  491.9   6044   -3.7  -25.7     16   0.96    108    7.5  330.0  333.5  330.2
  491.3   6053   -3.8  -26.2     16   0.92    108    7.5  330.0  333.5  330.2
  490.6   6063   -3.8  -25.8     16   0.96    107    7.5  330.1  333.7  330.3
  490.0   6074   -3.9  -25.3     17   1.00    107    7.4  330.1  333.8  330.3
  489.4   6083   -3.9  -25.8     17   0.96    107    7.4  330.2  333.8  330.4
  488.9   6092   -4.0  -26.1     16   0.93    107    7.3  330.2  333.7  330.4
  488.2   6103   -4.1  -26.0     16   0.95    107    7.3  330.3  333.8  330.5
  487.3   6117   -4.2  -25.7     17   0.97    107    7.3  330.3  333.9  330.5
  486.4   6131   -4.3  -25.8     17   0.97    107    7.3  330.3  333.9  330.5
  485.7   6143   -4.4  -26.0     17   0.95    107    7.3  330.3  333.9  330.5
  485.0   6154   -4.5  -25.9     17   0.96    107    7.4  330.4  333.9  330.5
  484.3   6165   -4.6  -25.9     17   0.96    107    7.4  330.4  333.9  330.6
  483.8   6174   -4.7  -25.8     17   0.96    107    7.5  330.4  334.0  330.6
  483.2   6183   -4.7  -26.0     17   0.96    107    7.5  330.4  334.0  330.6
  482.6   6194   -4.8  -26.2     17   0.94    108    7.6  330.4  333.9  330.6
  481.9   6205   -4.9  -26.2     17   0.94    108    7.7  330.5  333.9  330.6
  481.1   6217   -5.0  -26.4     17   0.92    108    7.7  330.5  333.9  330.7
  480.4   6230   -5.1  -27.6     15   0.83    108    7.8  330.5  333.6  330.7
  479.7   6241   -5.1  -28.3     14   0.78    108    7.9  330.6  333.5  330.8
  479.1   6250   -5.2  -28.5     14   0.77    108    8.0  330.7  333.6  330.8
  478.5   6260   -5.2  -28.2     15   0.79    108    8.0  330.8  333.7  330.9
  478.0   6269   -5.3  -27.7     15   0.82    109    8.1  330.8  333.8  330.9
  477.3   6279   -5.4  -27.6     16   0.83    109    8.2  330.8  333.9  331.0
  476.7   6290   -5.4  -28.0     15   0.80    109    8.3  330.8  333.8  331.0
  475.9   6302   -5.5  -28.7     14   0.76    109    8.3  330.9  333.8  331.1
  475.2   6315   -5.6  -28.9     14   0.74    109    8.4  331.0  333.8  331.1
  474.4   6328   -5.7  -28.7     14   0.75    109    8.5  331.0  333.8  331.2
  473.6   6341   -5.8  -28.3     15   0.79    109    8.5  331.0  334.0  331.2
  472.9   6353   -5.9  -27.8     16   0.82    109    8.6  331.0  334.1  331.2
  472.2   6364   -6.0  -27.8     16   0.83    110    8.6  331.0  334.1  331.2
  471.5   6375   -6.1  -27.9     16   0.82    110    8.6  331.0  334.1  331.2
  470.7   6388   -6.2  -27.9     16   0.82    110    8.6  331.1  334.2  331.2
  469.9   6402   -6.3  -27.8     16   0.83    110    8.6  331.1  334.2  331.3
  469.3   6412   -6.4  -28.1     16   0.81    110    8.5  331.1  334.1  331.3
  468.8   6420   -6.5  -28.2     16   0.80    111    8.5  331.1  334.1  331.3
  468.2   6430   -6.6  -28.2     16   0.80    111    8.4  331.1  334.1  331.3
  467.6   6440   -6.7  -28.1     16   0.81    112    8.3  331.1  334.2  331.3
  467.0   6451   -6.8  -28.1     16   0.81    112    8.2  331.1  334.2  331.3
  466.3   6462   -6.9  -28.1     17   0.81    113    8.1  331.1  334.2  331.3
  465.7   6472   -6.9  -28.2     17   0.81    114    8.0  331.2  334.2  331.3
  465.1   6482   -7.0  -28.3     16   0.80    116    7.9  331.2  334.2  331.4
  464.5   6492   -7.1  -28.5     16   0.79    117    7.8  331.2  334.2  331.4
  463.8   6504   -7.1  -28.7     16   0.77    118    7.8  331.3  334.2  331.5
  463.1   6515   -7.2  -28.9     16   0.76    120    7.8  331.4  334.3  331.5
  462.5   6527   -7.2  -29.3     15   0.73    121    7.8  331.4  334.2  331.6
  461.8   6539   -7.3  -30.0     14   0.69    122    7.8  331.5  334.1  331.6
  461.0   6552   -7.4  -30.4     14   0.66    123    7.9  331.6  334.1  331.7
  460.2   6565   -7.4  -30.7     14   0.65    123    7.9  331.7  334.1  331.8
  459.6   6575   -7.5  -30.6     14   0.65    123    8.0  331.7  334.2  331.8
  459.0   6584   -7.6  -30.3     14   0.67    123    8.0  331.7  334.3  331.9
  458.5   6594   -7.6  -30.5     14   0.66    122    8.0  331.8  334.3  331.9
  457.9   6604   -7.7  -30.5     14   0.66    121    8.0  331.8  334.3  331.9
  457.3   6614   -7.8  -30.6     14   0.65    120    8.0  331.8  334.3  332.0
  456.6   6625   -7.8  -30.7     14   0.65    118    7.9  331.9  334.4  332.0
  456.0   6635   -7.9  -31.0     14   0.63    116    7.9  332.0  334.4  332.1
  455.4   6646   -7.9  -31.6     13   0.60    114    7.8  332.1  334.4  332.2
  454.8   6657   -7.9  -31.9     13   0.58    112    7.7  332.2  334.4  332.3
  454.2   6667   -8.0  -32.1     12   0.57    110    7.6  332.2  334.4  332.4
  453.6   6677   -8.0  -32.3     12   0.56    107    7.5  332.3  334.5  332.4
  453.0   6688   -8.1  -32.5     12   0.55    105    7.4  332.4  334.5  332.5
  452.3   6699   -8.1  -32.8     12   0.54    103    7.3  332.5  334.5  332.6
  451.6   6711   -8.2  -33.0     12   0.53    102    7.2  332.5  334.6  332.6
  451.0   6722   -8.3  -33.2     11   0.52    100    7.1  332.6  334.6  332.7
  450.4   6732   -8.3  -33.3     11   0.51     99    6.9  332.6  334.6  332.7
  449.8   6742   -8.3  -33.6     11   0.50     98    6.8  332.7  334.6  332.8
  449.2   6753   -8.4  -34.0     11   0.48     98    6.7  332.8  334.6  332.9
  448.5   6765   -8.4  -34.4     10   0.46     97    6.6  332.9  334.7  333.0
  447.8   6777   -8.5  -34.2     11   0.47     97    6.5  333.0  334.8  333.1
  447.2   6788   -8.5  -32.0     13   0.59     96    6.4  333.0  335.3  333.1
  446.6   6798   -8.6  -29.3     17   0.76     96    6.3  333.0  335.9  333.2
  446.1   6807   -8.7  -28.9     18   0.79     95    6.3  333.1  336.1  333.3
  445.5   6816   -8.7  -27.5     20   0.90     95    6.3  333.2  336.5  333.3
  444.9   6827   -8.8  -27.1     21   0.93     94    6.3  333.2  336.7  333.4
  444.3   6838   -8.7  -29.4     17   0.76     93    6.4  333.5  336.3  333.6
  443.7   6848   -8.6  -32.7     12   0.55     92    6.5  333.7  335.9  333.8
  443.2   6856   -8.5  -34.4     10   0.47     91    6.6  333.9  335.7  334.0
  442.7   6865   -8.4  -36.8      8   0.37     90    6.8  334.1  335.6  334.2
  442.2   6875   -8.4  -38.4      7   0.31     89    6.9  334.3  335.6  334.4
  441.6   6884   -8.4  -38.6      7   0.31     88    7.1  334.4  335.6  334.5
  441.1   6894   -8.4  -39.1      6   0.29     87    7.2  334.5  335.7  334.6
  440.6   6903   -8.4  -39.4      6   0.28     86    7.3  334.6  335.7  334.7
  440.1   6912   -8.4  -39.6      6   0.28     85    7.4  334.7  335.8  334.8
  439.5   6922   -8.4  -40.6      5   0.25     85    7.5  334.8  335.9  334.9
  438.9   6933   -8.5  -41.4      5   0.23     84    7.6  334.9  335.8  334.9
  438.3   6943   -8.5  -41.9      5   0.22     83    7.6  334.9  335.8  335.0
  437.6   6956   -8.6  -42.2      5   0.21     82    7.7  335.0  335.8  335.0
  436.9   6968   -8.7  -42.4      5   0.21     81    7.7  335.0  335.8  335.0
  436.2   6981   -8.9  -42.5      5   0.21     81    7.7  335.0  335.8  335.0
  435.4   6995   -9.0  -42.5      5   0.21     80    7.7  335.0  335.8  335.0
  434.7   7007   -9.1  -42.2      5   0.21     80    7.7  335.0  335.9  335.0
  434.1   7017   -9.2  -41.8      5   0.22     79    7.6  335.0  335.9  335.1
  433.6   7027   -9.2  -41.6      5   0.23     79    7.6  335.1  336.0  335.1
  433.0   7038   -9.3  -41.6      5   0.23     79    7.5  335.1  336.1  335.2
  432.4   7048   -9.4  -41.6      5   0.23     79    7.5  335.1  336.1  335.2
  431.8   7058   -9.5  -41.5      5   0.23     79    7.4  335.2  336.1  335.2
  431.2   7069   -9.5  -41.5      5   0.23     80    7.3  335.2  336.2  335.3
  430.6   7080   -9.6  -41.6      5   0.23     80    7.1  335.3  336.2  335.3
  430.0   7090   -9.7  -41.9      5   0.23     81    7.0  335.3  336.2  335.4
  429.4   7101   -9.7  -41.6      5   0.23     81    6.9  335.4  336.3  335.4
  428.8   7112   -9.8  -41.7      5   0.23     82    6.8  335.4  336.4  335.5
  428.2   7123   -9.9  -41.8      5   0.23     83    6.7  335.5  336.4  335.5
  427.6   7134   -9.9  -41.9      5   0.23     84    6.6  335.5  336.5  335.6
  427.0   7145  -10.0  -41.9      5   0.23     85    6.6  335.6  336.5  335.6
  426.4   7156  -10.1  -42.2      5   0.22     86    6.5  335.6  336.5  335.7
  425.8   7167  -10.1  -42.8      5   0.21     87    6.5  335.7  336.5  335.7
  425.2   7177  -10.2  -42.8      5   0.21     88    6.5  335.7  336.6  335.8
  424.7   7187  -10.3  -42.7      5   0.21     88    6.5  335.8  336.6  335.8
  424.1   7197  -10.3  -42.5      5   0.21     89    6.5  335.8  336.7  335.8
  423.5   7208  -10.4  -42.6      5   0.21     89    6.5  335.8  336.7  335.9
  422.8   7221  -10.5  -42.6      5   0.21     89    6.6  335.9  336.8  336.0
  422.0   7235  -10.6  -42.5      5   0.22     89    6.6  336.0  336.8  336.0
  421.3   7248  -10.6  -42.3      5   0.22     88    6.7  336.1  336.9  336.1
  420.7   7259  -10.7  -42.3      5   0.22     87    6.7  336.1  337.0  336.1
  420.2   7269  -10.8  -42.6      5   0.21     86    6.8  336.1  337.0  336.2
  419.6   7280  -10.8  -43.0      5   0.20     85    6.8  336.2  337.1  336.3
  418.9   7292  -10.9  -43.5      5   0.19     84    6.9  336.3  337.1  336.3
  418.3   7303  -11.0  -43.9      5   0.19     83    6.9  336.3  337.1  336.3
  417.7   7314  -11.1  -44.1      5   0.18     82    7.0  336.3  337.1  336.4
  417.1   7324  -11.1  -44.4      5   0.18     81    7.0  336.4  337.1  336.4
  416.6   7334  -11.2  -44.7      4   0.17     80    7.1  336.4  337.1  336.4
  416.1   7344  -11.3  -45.1      4   0.16     79    7.1  336.4  337.1  336.5
  415.5   7354  -11.4  -45.4      4   0.16     79    7.1  336.5  337.1  336.5
  414.9   7365  -11.5  -45.7      4   0.15     79    7.1  336.5  337.1  336.5
  414.4   7376  -11.5  -46.4      4   0.14     79    7.1  336.5  337.1  336.5
  413.7   7387  -11.6  -47.0      4   0.13     79    7.1  336.6  337.1  336.6
  413.1   7399  -11.7  -47.2      3   0.13     80    7.0  336.6  337.1  336.6
  412.5   7410  -11.8  -47.3      3   0.13     81    7.0  336.6  337.1  336.6
  411.9   7421  -11.9  -47.4      3   0.13     82    6.9  336.6  337.1  336.6
  411.3   7433  -12.0  -47.6      3   0.13     82    6.9  336.7  337.2  336.7
  410.7   7444  -12.0  -48.1      3   0.12     83    6.8  336.8  337.3  336.8
  410.2   7454  -12.1  -47.9      3   0.12     83    6.8  336.8  337.3  336.8
  409.6   7463  -12.1  -47.0      4   0.14     84    6.7  336.9  337.4  336.9
  409.0   7475  -12.2  -46.4      4   0.15     84    6.7  336.9  337.6  337.0
  408.3   7489  -12.2  -46.6      4   0.14     84    6.7  337.0  337.6  337.0
  407.6   7501  -12.3  -46.9      4   0.14     84    6.6  337.1  337.6  337.1
  407.1   7511  -12.4  -47.0      4   0.14     83    6.6  337.1  337.6  337.1
  406.6   7521  -12.5  -46.4      4   0.15     83    6.6  337.1  337.7  337.1
  406.0   7532  -12.6  -45.4      5   0.16     82    6.5  337.1  337.8  337.2
  405.4   7544  -12.6  -44.9      5   0.17     82    6.4  337.2  337.9  337.2
  404.8   7554  -12.7  -44.9      5   0.17     81    6.4  337.2  338.0  337.3
  404.3   7564  -12.8  -44.8      5   0.17     81    6.3  337.3  338.0  337.3
  403.7   7574  -12.9  -44.7      5   0.18     80    6.2  337.3  338.0  337.3
  403.2   7584  -12.9  -44.7      5   0.18     80    6.0  337.3  338.1  337.4
  402.7   7594  -13.0  -44.7      5   0.18     80    5.9  337.4  338.1  337.4
  402.2   7603  -13.1  -44.8      5   0.18     80    5.8  337.4  338.1  337.4
  401.6   7615  -13.1  -44.8      5   0.18     81    5.6  337.4  338.2  337.5
  401.0   7627  -13.2  -44.9      5   0.18     81    5.5  337.5  338.2  337.5
  400.4   7637  -13.3  -44.9      5   0.17     82    5.3  337.5  338.2  337.5
  400.0   7645  -13.4  -45.0      5   0.17     82    5.3  337.5  338.2  337.5
  399.9   7646  -13.4  -45.0      5   0.17     82    5.2  337.5  338.2  337.5
  399.4   7656  -13.5  -45.1      5   0.17     83    5.1  337.5  338.3  337.6
  398.9   7667  -13.5  -45.1      5   0.17     84    4.9  337.6  338.3  337.6
  398.3   7677  -13.6  -45.2      5   0.17     84    4.8  337.6  338.3  337.7
  397.8   7687  -13.7  -45.3      5   0.17     85    4.7  337.7  338.3  337.7
  397.3   7697  -13.8  -45.5      5   0.17     86    4.6  337.7  338.3  337.7
  396.8   7707  -13.8  -45.5      5   0.16     86    4.5  337.7  338.4  337.7
  396.2   7718  -13.9  -45.5      5   0.17     86    4.3  337.7  338.4  337.7
  395.6   7728  -14.0  -45.5      5   0.17     87    4.2  337.7  338.4  337.8
  395.1   7739  -14.1  -45.6      5   0.16     86    4.1  337.8  338.4  337.8
  394.5   7751  -14.2  -45.6      5   0.16     86    4.0  337.8  338.5  337.8
  393.8   7763  -14.3  -45.7      5   0.16     85    3.9  337.8  338.5  337.9
  393.3   7774  -14.3  -45.8      5   0.16     84    3.8  337.9  338.5  337.9
  392.8   7784  -14.4  -46.6      5   0.15     83    3.7  337.9  338.5  337.9
  392.3   7792  -14.5  -47.4      4   0.14     82    3.7  338.0  338.5  338.0
  391.8   7802  -14.5  -47.3      4   0.14     80    3.7  338.0  338.6  338.0
  391.3   7812  -14.6  -46.7      5   0.15     78    3.7  338.0  338.6  338.0
  390.8   7822  -14.7  -46.2      5   0.16     76    3.7  338.0  338.7  338.1
  390.2   7834  -14.8  -46.1      5   0.16     75    3.8  338.0  338.7  338.1
  389.6   7845  -14.9  -46.2      5   0.15     74    3.8  338.0  338.7  338.1
  389.0   7857  -15.0  -46.5      5   0.15     73    3.9  338.1  338.7  338.1
  388.4   7868  -15.1  -46.4      5   0.15     72    4.0  338.1  338.7  338.1
  387.8   7879  -15.2  -46.4      5   0.15     72    4.1  338.1  338.8  338.1
  387.2   7891  -15.3  -46.5      5   0.15     72    4.1  338.1  338.8  338.2
  386.8   7900  -15.4  -46.4      5   0.15     73    4.2  338.2  338.8  338.2
  386.3   7909  -15.4  -46.2      5   0.16     73    4.2  338.2  338.9  338.2
  385.7   7921  -15.5  -46.4      5   0.15     74    4.2  338.2  338.9  338.3
  385.1   7933  -15.6  -46.9      5   0.15     75    4.2  338.3  338.9  338.3
  384.5   7945  -15.7  -46.8      5   0.15     75    4.2  338.3  339.0  338.4
  383.9   7955  -15.8  -46.2      5   0.16     76    4.2  338.4  339.0  338.4
  383.4   7965  -15.9  -46.0      6   0.16     77    4.1  338.3  339.0  338.4
  382.9   7975  -15.9  -46.2      6   0.16     77    4.1  338.4  339.0  338.4
  382.4   7985  -16.0  -46.3      5   0.16     78    4.0  338.4  339.0  338.4
  381.9   7996  -16.1  -46.8      5   0.15     78    3.9  338.4  339.0  338.4
  381.3   8006  -16.2  -47.6      5   0.14     77    3.8  338.4  339.0  338.4
  380.9   8015  -16.3  -47.5      5   0.14     77    3.7  338.4  339.0  338.4
  380.4   8024  -16.4  -47.4      5   0.14     77    3.6  338.4  339.0  338.5
  380.0   8033  -16.4  -47.3      5   0.14     76    3.5  338.5  339.1  338.5
  379.5   8042  -16.5  -47.0      5   0.15     75    3.5  338.5  339.1  338.5
  379.0   8052  -16.5  -47.0      5   0.15     74    3.4  338.6  339.2  338.6
  378.5   8063  -16.6  -46.5      6   0.15     73    3.3  338.6  339.3  338.7
  378.0   8072  -16.7  -46.1      6   0.16     72    3.3  338.7  339.4  338.7
  377.5   8082  -16.7  -45.8      6   0.17     72    3.2  338.7  339.4  338.7
  377.0   8092  -16.8  -46.0      6   0.16     71    3.2  338.8  339.5  338.8
  376.4   8104  -16.8  -47.0      5   0.15     71    3.2  338.9  339.6  339.0
  375.8   8116  -16.8  -47.7      5   0.14     71    3.3  339.1  339.7  339.1
  375.2   8128  -16.8  -47.8      5   0.13     71    3.3  339.3  339.8  339.3
  374.6   8140  -16.8  -47.9      5   0.13     71    3.3  339.3  339.9  339.4
  374.0   8152  -16.9  -47.9      5   0.13     72    3.4  339.4  339.9  339.4
  373.4   8164  -17.0  -47.9      5   0.13     72    3.4  339.4  339.9  339.4
  372.8   8176  -17.1  -47.8      5   0.14     73    3.4  339.4  340.0  339.4
  372.2   8188  -17.2  -47.6      5   0.14     73    3.4  339.4  340.0  339.5
  371.6   8200  -17.3  -47.5      5   0.14     74    3.4  339.4  340.0  339.4
  371.1   8211  -17.4  -47.6      5   0.14     74    3.3  339.4  340.0  339.5
  370.6   8221  -17.5  -47.7      5   0.14     75    3.3  339.4  340.0  339.5
  370.1   8231  -17.6  -47.8      5   0.14     76    3.2  339.5  340.0  339.5
  369.5   8242  -17.7  -47.7      5   0.14     76    3.1  339.5  340.0  339.5
  369.0   8252  -17.8  -47.6      6   0.14     77    3.1  339.5  340.1  339.5
  368.6   8262  -17.9  -47.6      6   0.14     77    3.0  339.5  340.1  339.5
  368.1   8272  -18.0  -47.4      6   0.14     78    3.0  339.5  340.1  339.5
  367.6   8282  -18.1  -47.1      6   0.15     79    2.9  339.5  340.1  339.5
  367.1   8291  -18.1  -46.8      6   0.15     79    2.8  339.6  340.2  339.6
  366.6   8301  -18.2  -46.7      6   0.16     79    2.8  339.6  340.2  339.6
  366.1   8311  -18.3  -46.6      6   0.16     79    2.7  339.6  340.2  339.6
  365.6   8322  -18.4  -46.2      7   0.17     79    2.7  339.6  340.3  339.6
  365.0   8334  -18.5  -46.8      6   0.16     78    2.6  339.6  340.3  339.6
  364.5   8345  -18.6  -48.4      5   0.13     77    2.5  339.6  340.2  339.7
  363.9   8356  -18.6  -48.5      5   0.13     75    2.4  339.7  340.3  339.7
  363.4   8368  -18.7  -48.2      6   0.13     73    2.4  339.7  340.3  339.8
  362.8   8380  -18.8  -48.0      6   0.14     71    2.2  339.8  340.4  339.8
  362.2   8391  -18.8  -48.0      6   0.14     69    2.1  339.9  340.5  340.0
  361.7   8402  -18.9  -48.6      5   0.13     67    2.0  339.9  340.5  340.0
  361.2   8412  -19.0  -49.0      5   0.12     64    2.0  340.0  340.6  340.1
  360.8   8421  -19.0  -48.8      5   0.13     62    1.9  340.1  340.7  340.2
  360.3   8430  -19.0  -48.0      6   0.14     61    1.8  340.2  340.8  340.2
  359.9   8439  -19.0  -43.5     10   0.23     60    1.8  340.3  341.2  340.3
  359.5   8448  -19.1  -39.8     14   0.34     60    1.8  340.3  341.7  340.4
  359.0   8457  -19.1  -40.6     13   0.31     62    1.8  340.4  341.6  340.4
  358.5   8467  -19.2  -41.9     12   0.27     64    1.8  340.4  341.5  340.5
  358.0   8478  -19.2  -43.1     10   0.24     67    1.9  340.5  341.5  340.6
  357.6   8487  -19.3  -43.9      9   0.22     70    1.9  340.6  341.5  340.6
  357.1   8497  -19.3  -43.2     10   0.24     73    2.0  340.6  341.6  340.7
  356.6   8508  -19.4  -40.9     13   0.30     76    2.1  340.7  341.9  340.7
  356.0   8520  -19.4  -38.4     17   0.39     80    2.2  340.8  342.4  340.9
  355.5   8531  -19.4  -37.6     18   0.43     83    2.3  340.9  342.6  341.0
  354.9   8544  -19.5  -37.5     19   0.43     86    2.4  341.0  342.7  341.1
  354.4   8554  -19.6  -37.9     18   0.41     88    2.5  341.0  342.7  341.1
  353.9   8564  -19.7  -38.9     16   0.37     91    2.5  341.1  342.6  341.1
  353.4   8575  -19.7  -40.1     15   0.33     94    2.6  341.1  342.5  341.2
  352.9   8585  -19.8  -39.3     16   0.36     96    2.6  341.2  342.6  341.2
  352.4   8596  -19.9  -37.8     19   0.42     99    2.7  341.2  342.8  341.2
  351.8   8608  -20.0  -37.2     20   0.45    101    2.7  341.2  343.0  341.3
  351.2   8621  -20.1  -37.6     20   0.43    104    2.7  341.2  342.9  341.3
  350.6   8633  -20.2  -38.3     18   0.40    106    2.7  341.2  342.8  341.3
  350.1   8644  -20.3  -39.0     17   0.37    108    2.7  341.3  342.8  341.3
  349.6   8655  -20.4  -39.9     16   0.34    110    2.7  341.3  342.7  341.4
  349.1   8665  -20.4  -40.2     15   0.33    111    2.7  341.4  342.7  341.5
  348.6   8677  -20.5  -39.4     17   0.36    112    2.7  341.4  342.9  341.5
  348.0   8688  -20.6  -39.4     17   0.36    113    2.7  341.5  342.9  341.6
  347.5   8699  -20.6  -39.7     16   0.35    113    2.7  341.5  343.0  341.6
  347.0   8710  -20.7  -39.4     17   0.36    113    2.7  341.6  343.0  341.7
  346.5   8721  -20.8  -39.6     17   0.36    113    2.6  341.6  343.0  341.7
  346.0   8731  -20.9  -39.8     17   0.35    113    2.6  341.6  343.0  341.7
  345.6   8740  -20.9  -39.8     17   0.35    112    2.5  341.7  343.1  341.7
  345.2   8749  -21.0  -39.9     17   0.34    112    2.4  341.7  343.1  341.7
  344.8   8757  -21.1  -40.6     16   0.32    112    2.3  341.7  343.0  341.7
  344.3   8768  -21.2  -41.8     14   0.28    111    2.3  341.7  342.9  341.8
  343.6   8782  -21.2  -41.8     14   0.28    111    2.2  341.8  343.0  341.9
  343.0   8795  -21.3  -40.4     16   0.33    111    2.1  341.8  343.2  341.9
  342.5   8806  -21.4  -39.9     17   0.35    111    2.1  341.9  343.3  341.9
  342.0   8818  -21.5  -39.8     17   0.35    112    2.1  341.9  343.3  342.0
  341.4   8830  -21.6  -39.9     18   0.35    112    2.1  341.9  343.4  342.0
  340.9   8842  -21.7  -40.1     17   0.34    112    2.1  342.0  343.4  342.1
  340.3   8853  -21.8  -40.3     17   0.34    112    2.2  342.1  343.4  342.1
  339.8   8865  -21.8  -40.2     17   0.34    113    2.3  342.1  343.5  342.2
  339.3   8875  -21.9  -39.9     18   0.35    113    2.3  342.2  343.6  342.3
  338.7   8888  -22.0  -39.9     18   0.35    113    2.4  342.2  343.7  342.3
  338.2   8899  -22.1  -39.9     18   0.35    114    2.5  342.2  343.6  342.3
  337.8   8909  -22.2  -39.9     18   0.35    114    2.5  342.2  343.7  342.3
  337.3   8919  -22.3  -39.8     19   0.36    114    2.6  342.2  343.7  342.3
  336.8   8929  -22.3  -39.7     19   0.36    115    2.6  342.3  343.7  342.4
  336.3   8940  -22.4  -39.7     19   0.36    115    2.7  342.3  343.8  342.4
  335.9   8950  -22.5  -39.9     19   0.36    115    2.7  342.4  343.8  342.4
  335.4   8960  -22.5  -40.0     19   0.35    116    2.7  342.4  343.8  342.5
  334.9   8971  -22.6  -40.1     19   0.35    116    2.7  342.4  343.9  342.5
  334.4   8982  -22.7  -40.1     19   0.35    116    2.7  342.5  343.9  342.5
  333.9   8993  -22.8  -40.1     19   0.35    116    2.7  342.5  343.9  342.6
  333.5   9003  -22.9  -40.2     19   0.35    116    2.7  342.5  343.9  342.6
  333.0   9014  -22.9  -40.3     19   0.34    116    2.7  342.6  344.0  342.6
  332.4   9027  -23.0  -40.4     19   0.34    116    2.7  342.6  344.0  342.7
  331.8   9039  -23.1  -40.5     19   0.34    115    2.7  342.7  344.1  342.7
  331.3   9051  -23.2  -40.5     19   0.34    115    2.7  342.7  344.1  342.8
  330.8   9061  -23.3  -40.6     19   0.33    113    2.7  342.7  344.1  342.8
  330.3   9072  -23.4  -40.6     19   0.33    112    2.7  342.8  344.1  342.8
  329.9   9082  -23.5  -40.6     19   0.34    111    2.8  342.7  344.1  342.8
  329.4   9091  -23.6  -40.6     19   0.34    109    2.8  342.8  344.1  342.8
  328.9   9103  -23.7  -40.5     20   0.34    107    2.9  342.8  344.2  342.9
  328.4   9115  -23.8  -40.5     20   0.34    105    2.9  342.8  344.2  342.8
  327.8   9128  -23.9  -40.6     20   0.34    104    3.0  342.8  344.2  342.9
  327.3   9140  -24.0  -40.8     20   0.33    103    3.1  342.8  344.2  342.9
  326.7   9151  -24.1  -41.0     19   0.32    102    3.2  342.9  344.2  343.0
  326.2   9164  -24.1  -41.1     19   0.32    101    3.3  342.9  344.3  343.0
  325.6   9177  -24.2  -41.1     19   0.32    101    3.4  343.0  344.3  343.1
  325.1   9189  -24.3  -41.2     19   0.32    101    3.5  343.0  344.3  343.1
  324.5   9201  -24.4  -41.4     19   0.31    101    3.6  343.1  344.3  343.1
  324.0   9213  -24.5  -41.9     18   0.30    102    3.7  343.2  344.4  343.2
  323.5   9224  -24.5  -42.3     18   0.29    103    3.8  343.2  344.4  343.3
  323.0   9236  -24.6  -42.7     17   0.27    105    3.8  343.3  344.4  343.4
  322.4   9248  -24.7  -42.6     17   0.28    106    3.9  343.4  344.5  343.4
  321.9   9261  -24.8  -42.5     18   0.28    108    3.9  343.4  344.6  343.4
  321.4   9272  -24.9  -42.3     18   0.29    110    4.0  343.4  344.6  343.5
  320.9   9283  -24.9  -42.1     19   0.29    111    4.0  343.4  344.6  343.5
  320.4   9294  -25.1  -41.9     19   0.30    113    4.1  343.4  344.7  343.5
  319.8   9307  -25.2  -42.3     19   0.29    114    4.2  343.5  344.7  343.5
  319.2   9321  -25.3  -42.9     18   0.27    115    4.2  343.5  344.6  343.6
  318.6   9334  -25.4  -43.8     16   0.25    116    4.3  343.6  344.6  343.6
  318.1   9347  -25.4  -45.1     14   0.22    116    4.4  343.7  344.6  343.7
  317.6   9359  -25.4  -45.8     13   0.20    116    4.5  343.8  344.6  343.8
  317.1   9369  -25.5  -45.1     14   0.22    116    4.6  343.9  344.8  343.9
  316.6   9381  -25.5  -45.0     14   0.22    116    4.7  344.0  344.9  344.0
  316.0   9394  -25.6  -45.5     14   0.21    116    4.9  344.1  345.0  344.1
  315.5   9407  -25.6  -45.7     13   0.20    116    5.0  344.2  345.0  344.2
  315.0   9418  -25.7  -45.8     13   0.20    115    5.1  344.2  345.1  344.3
  314.5   9428  -25.8  -45.9     13   0.20    115    5.2  344.3  345.1  344.3
  314.1   9439  -25.8  -45.9     13   0.20    115    5.3  344.3  345.1  344.3
  313.6   9451  -25.9  -46.1     13   0.20    114    5.4  344.3  345.2  344.4
  313.0   9463  -26.0  -46.6     13   0.18    114    5.5  344.4  345.2  344.4
  312.6   9474  -26.1  -47.6     11   0.17    114    5.6  344.4  345.1  344.5
  312.1   9484  -26.1  -48.6     10   0.15    114    5.6  344.5  345.2  344.6
  311.7   9494  -26.2  -49.2     10   0.14    114    5.7  344.6  345.2  344.6
  311.2   9505  -26.2  -49.1     10   0.14    114    5.7  344.7  345.3  344.8
  310.8   9515  -26.2  -48.4     10   0.15    114    5.7  344.9  345.5  344.9
  310.3   9526  -26.1  -47.6     11   0.17    114    5.7  345.1  345.8  345.1
  309.8   9537  -26.1  -47.5     12   0.17    115    5.7  345.2  346.0  345.3
  309.4   9547  -26.2  -46.6     13   0.19    115    5.7  345.3  346.1  345.3
  309.0   9556  -26.2  -45.4     15   0.21    116    5.7  345.4  346.3  345.4
  308.6   9567  -26.2  -46.0     14   0.20    117    5.7  345.5  346.3  345.5
  308.1   9577  -26.3  -46.8     13   0.18    117    5.7  345.6  346.4  345.7
  307.7   9587  -26.3  -46.8     13   0.18    118    5.8  345.6  346.4  345.7
  307.2   9599  -26.4  -47.0     13   0.18    119    5.8  345.6  346.4  345.7
  306.8   9609  -26.5  -47.7     12   0.17    120    5.8  345.7  346.4  345.7
  306.4   9618  -26.6  -48.5     11   0.15    120    5.9  345.7  346.4  345.8
  306.0   9627  -26.6  -48.4     11   0.15    121    6.0  345.8  346.5  345.9
  305.5   9638  -26.6  -48.4     11   0.16    122    6.0  346.0  346.7  346.0
  305.0   9650  -26.7  -48.2     11   0.16    122    6.1  346.1  346.7  346.1
  304.6   9660  -26.7  -48.4     11   0.16    123    6.2  346.1  346.7  346.1
  304.2   9669  -26.8  -48.8     11   0.15    124    6.2  346.1  346.8  346.1
  303.8   9679  -26.9  -49.0     10   0.15    124    6.3  346.1  346.8  346.2
  303.4   9689  -27.0  -49.1     10   0.14    125    6.4  346.1  346.8  346.2
  303.0   9699  -27.0  -49.1     11   0.14    126    6.4  346.2  346.8  346.2
  302.6   9709  -27.1  -49.1     11   0.15    128    6.4  346.2  346.8  346.2
  302.1   9719  -27.2  -49.2     11   0.14    129    6.5  346.2  346.8  346.3
  301.6   9731  -27.3  -49.5     10   0.14    131    6.5  346.3  346.9  346.3
  301.1   9744  -27.4  -49.6     10   0.14    132    6.5  346.3  346.9  346.3
  300.6   9756  -27.4  -50.0     10   0.13    134    6.5  346.4  346.9  346.4
  300.0   9770  -27.5  -50.4      9   0.13    137    6.4  346.5  347.0  346.5
  299.6   9780  -27.6  -50.8      9   0.12    137    6.4  346.5  347.0  346.5
  299.1   9791  -27.7  -52.7      7   0.10    138    6.4  346.6  347.0  346.6
  298.7   9800  -27.7  -55.1      6   0.07    139    6.3  346.7  347.0  346.7
  298.3   9811  -27.7  -55.7      5   0.07    140    6.2  346.7  347.0  346.8
  297.8   9823  -27.8  -55.7      5   0.07    141    6.1  346.8  347.1  346.8
  297.3   9834  -27.9  -55.5      5   0.07    141    6.0  346.9  347.2  346.9
  296.9   9846  -27.9  -55.1      6   0.07    142    5.8  346.9  347.2  346.9
  296.3   9858  -28.0  -55.2      6   0.07    142    5.6  347.0  347.3  347.0
  295.8   9871  -28.1  -55.2      6   0.07    142    5.4  347.1  347.4  347.1
  295.4   9882  -28.2  -54.9      6   0.08    142    5.2  347.1  347.4  347.1
  294.9   9892  -28.2  -54.8      6   0.08    142    5.0  347.2  347.5  347.2
  294.5   9902  -28.3  -54.7      6   0.08    142    4.8  347.2  347.5  347.2
  294.1   9913  -28.4  -54.6      6   0.08    141    4.6  347.2  347.5  347.2
  293.7   9923  -28.5  -54.5      6   0.08    141    4.5  347.2  347.5  347.2
  293.3   9932  -28.6  -54.5      6   0.08    141    4.3  347.2  347.6  347.2
  292.8   9943  -28.7  -54.6      6   0.08    140    4.2  347.2  347.6  347.2
  292.4   9954  -28.8  -54.8      6   0.08    140    4.1  347.2  347.6  347.3
  292.0   9964  -28.9  -54.8      6   0.08    139    4.1  347.2  347.6  347.2
  291.5   9975  -29.0  -54.8      6   0.08    139    4.1  347.3  347.6  347.3
  291.1   9987  -29.1  -54.8      6   0.08    139    4.0  347.3  347.6  347.3
  290.5   9999  -29.2  -54.9      6   0.08    138    4.0  347.3  347.7  347.3
  290.0  10013  -29.3  -54.9      7   0.08    138    4.0  347.3  347.7  347.3
  289.5  10025  -29.4  -54.9      7   0.08    138    3.9  347.3  347.7  347.3
  289.0  10037  -29.5  -55.0      7   0.08    137    3.9  347.3  347.7  347.4
  288.6  10047  -29.6  -55.1      7   0.08    137    3.9  347.4  347.7  347.4
  288.2  10057  -29.7  -55.3      6   0.07    137    3.8  347.4  347.7  347.4
  287.8  10068  -29.8  -55.4      6   0.07    137    3.7  347.4  347.7  347.4
  287.3  10079  -29.9  -55.4      7   0.07    137    3.6  347.4  347.7  347.4
  286.8  10091  -30.0  -55.4      7   0.07    138    3.5  347.4  347.8  347.4
  286.4  10102  -30.1  -55.5      7   0.07    138    3.4  347.4  347.7  347.4
  285.9  10113  -30.2  -55.6      7   0.07    139    3.3  347.4  347.8  347.5
  285.5  10125  -30.3  -55.8      6   0.07    140    3.3  347.4  347.8  347.5
  284.9  10138  -30.4  -56.1      6   0.07    141    3.2  347.5  347.8  347.5
  284.4  10151  -30.5  -56.4      6   0.06    142    3.1  347.6  347.8  347.6
  283.9  10163  -30.6  -56.7      6   0.06    142    3.1  347.6  347.9  347.6
  283.4  10176  -30.6  -56.6      6   0.06    143    3.0  347.7  348.0  347.7
  282.9  10189  -30.7  -56.0      7   0.07    144    3.0  347.8  348.1  347.8
  282.4  10200  -30.8  -55.3      7   0.07    144    3.0  347.8  348.2  347.9
  282.0  10211  -30.9  -55.0      8   0.08    144    2.9  347.8  348.2  347.8
  281.6  10221  -31.0  -54.7      8   0.08    144    2.9  347.9  348.2  347.9
  281.2  10232  -31.0  -54.7      8   0.08    143    2.9  347.9  348.2  347.9
  280.8  10243  -31.1  -55.0      8   0.08    142    2.8  347.9  348.2  347.9
  280.4  10252  -31.2  -55.0      8   0.08    141    2.8  347.9  348.3  348.0
  280.0  10262  -31.3  -54.7      8   0.08    140    2.8  348.0  348.3  348.0
  279.6  10273  -31.4  -54.5      8   0.08    138    2.8  348.0  348.3  348.0
  279.2  10283  -31.5  -54.6      8   0.08    137    2.8  348.0  348.3  348.0
  278.8  10293  -31.6  -54.7      8   0.08    136    2.8  348.0  348.4  348.0
  278.4  10303  -31.6  -54.7      8   0.08    136    2.9  348.0  348.4  348.0
  278.0  10313  -31.7  -54.6      9   0.08    136    2.9  348.0  348.4  348.1
  277.6  10322  -31.8  -54.6      9   0.08    136    3.0  348.1  348.4  348.1
  277.3  10331  -31.9  -54.8      8   0.08    137    3.1  348.1  348.4  348.1
  276.9  10341  -31.9  -55.2      8   0.08    138    3.1  348.1  348.5  348.2
  276.4  10353  -32.0  -55.9      7   0.07    139    3.2  348.2  348.6  348.3
  275.9  10366  -32.1  -56.1      7   0.07    141    3.3  348.3  348.6  348.3
  275.5  10376  -32.1  -56.1      7   0.07    142    3.4  348.3  348.6  348.3
  275.1  10386  -32.2  -56.2      7   0.07    144    3.4  348.3  348.6  348.4
  274.7  10397  -32.3  -56.3      7   0.07    146    3.5  348.4  348.7  348.4
  274.3  10408  -32.4  -56.3      7   0.07    148    3.5  348.4  348.7  348.4
  273.8  10420  -32.5  -56.3      8   0.07    150    3.6  348.4  348.7  348.4
  273.4  10431  -32.6  -56.3      8   0.07    151    3.6  348.4  348.7  348.4
  273.0  10441  -32.7  -56.3      8   0.07    153    3.6  348.4  348.7  348.4
  272.6  10451  -32.8  -56.3      8   0.07    154    3.5  348.5  348.8  348.5
  272.2  10462  -32.9  -56.3      8   0.07    155    3.5  348.5  348.8  348.5
  271.7  10473  -33.0  -56.3      8   0.07    156    3.4  348.5  348.8  348.5
  271.3  10485  -33.1  -56.3      8   0.07    157    3.4  348.5  348.8  348.5
  270.8  10497  -33.2  -56.4      8   0.07    158    3.3  348.5  348.8  348.5
  270.4  10509  -33.3  -56.6      8   0.07    158    3.2  348.5  348.8  348.5
  269.9  10521  -33.4  -57.0      7   0.06    159    3.2  348.6  348.9  348.6
  269.5  10532  -33.5  -57.4      7   0.06    159    3.1  348.6  348.9  348.6
  269.1  10543  -33.5  -57.5      7   0.06    160    3.1  348.6  348.9  348.7
  268.6  10554  -33.6  -57.4      7   0.06    160    3.0  348.7  348.9  348.7
  268.2  10565  -33.7  -57.4      7   0.06    161    3.0  348.7  349.0  348.7
  267.8  10576  -33.8  -57.4      7   0.06    161    2.9  348.7  349.0  348.7
  267.3  10588  -33.9  -57.6      7   0.06    162    2.9  348.7  349.0  348.8
  266.9  10600  -34.0  -57.7      7   0.06    162    2.8  348.8  349.0  348.8
  266.5  10610  -34.1  -57.9      7   0.06    163    2.7  348.8  349.1  348.9
  266.1  10620  -34.1  -58.2      7   0.06    164    2.6  348.9  349.2  348.9
  265.7  10631  -34.2  -58.0      7   0.06    165    2.5  349.0  349.3  349.0
  265.3  10641  -34.2  -57.8      7   0.06    167    2.4  349.1  349.3  349.1
  264.9  10651  -34.3  -57.8      7   0.06    170    2.2  349.1  349.3  349.1
  264.5  10663  -34.4  -57.7      8   0.06    174    2.1  349.1  349.3  349.1
  264.1  10674  -34.5  -57.4      8   0.06    178    2.0  349.1  349.4  349.1
  263.6  10686  -34.6  -56.9      9   0.07    184    1.9  349.1  349.4  349.1
  263.2  10698  -34.7  -56.4      9   0.07    190    1.9  349.1  349.4  349.1
  262.8  10709  -34.8  -56.2     10   0.07    196    1.9  349.1  349.4  349.1
  262.4  10719  -34.9  -55.6     10   0.08    203    1.9  349.2  349.5  349.2
  262.0  10730  -35.0  -55.8     10   0.08    209    2.0  349.2  349.6  349.3
  261.6  10740  -35.0  -57.0      9   0.07    214    2.1  349.3  349.6  349.3
  261.2  10749  -35.0  -57.8      8   0.06    218    2.3  349.4  349.7  349.5
  260.8  10760  -35.1  -57.9      8   0.06    221    2.4  349.5  349.7  349.5
  260.4  10772  -35.2  -58.0      8   0.06    224    2.5  349.5  349.7  349.5
  260.0  10784  -35.3  -58.0      8   0.06    226    2.6  349.5  349.8  349.5
  259.6  10793  -35.4  -57.9      8   0.06    227    2.8  349.5  349.8  349.6
  259.2  10805  -35.5  -57.9      8   0.06    229    2.9  349.5  349.8  349.5
  258.7  10818  -35.6  -57.9      8   0.06    229    2.9  349.5  349.8  349.6
  258.2  10831  -35.7  -57.9      8   0.06    230    3.0  349.6  349.8  349.6
  257.7  10843  -35.9  -58.0      8   0.06    230    3.1  349.6  349.8  349.6
  257.3  10854  -36.0  -58.3      8   0.06    230    3.1  349.6  349.8  349.6
  256.9  10867  -36.1  -58.2      8   0.06    230    3.2  349.6  349.8  349.6
  256.4  10880  -36.2  -58.2      9   0.06    230    3.2  349.6  349.8  349.6
  256.0  10891  -36.3  -58.2      9   0.06    230    3.3  349.6  349.8  349.6
  255.6  10902  -36.4  -58.2      9   0.06    230    3.4  349.6  349.8  349.6
  255.1  10914  -36.5  -58.2      9   0.06    230    3.5  349.6  349.9  349.6
  254.7  10925  -36.6  -58.3      9   0.06    230    3.6  349.6  349.9  349.6
  254.4  10935  -36.7  -58.3      9   0.06    230    3.7  349.6  349.9  349.6
  254.0  10945  -36.8  -58.3      9   0.06    230    3.9  349.6  349.9  349.6
  253.6  10956  -36.9  -58.3      9   0.06    230    4.1  349.6  349.9  349.6
  253.2  10966  -37.0  -58.4      9   0.06    229    4.3  349.6  349.9  349.7
  252.8  10977  -37.1  -58.4      9   0.06    229    4.4  349.7  349.9  349.7
  252.4  10989  -37.2  -58.4      9   0.06    229    4.6  349.7  349.9  349.7
  251.9  11001  -37.3  -58.4      9   0.06    228    4.8  349.7  350.0  349.7
  251.5  11011  -37.4  -58.6      9   0.06    228    5.0  349.7  350.0  349.7
  251.2  11022  -37.5  -58.7      9   0.06    227    5.1  349.7  349.9  349.7
  250.8  11032  -37.6  -59.0      9   0.05    227    5.2  349.8  350.0  349.8
  250.4  11044  -37.6  -59.4      8   0.05    226    5.3  349.9  350.1  349.9
  250.0  11054  -37.6  -59.7      8   0.05    226    5.3  350.0  350.2  350.0
  249.9  11056  -37.7  -59.8      8   0.05    225    5.4  350.0  350.2  350.0
  249.5  11068  -37.7  -60.3      8   0.05    225    5.4  350.0  350.3  350.1
  249.1  11079  -37.8  -60.5      7   0.04    224    5.4  350.1  350.3  350.1
  248.7  11090  -37.9  -60.5      8   0.04    224    5.4  350.1  350.4  350.2
  248.3  11100  -37.9  -60.5      8   0.04    223    5.3  350.2  350.4  350.2
  247.9  11111  -38.0  -60.6      8   0.04    223    5.3  350.2  350.4  350.2
  247.5  11123  -38.1  -60.6      8   0.04    222    5.2  350.2  350.4  350.2
  247.1  11135  -38.2  -60.8      8   0.04    222    5.1  350.3  350.5  350.3
  246.6  11147  -38.2  -61.2      7   0.04    222    4.9  350.4  350.6  350.4
  246.3  11158  -38.3  -61.0      7   0.04    221    4.8  350.5  350.7  350.5
  245.8  11169  -38.3  -60.3      8   0.05    221    4.7  350.7  350.9  350.7
  245.4  11182  -38.4  -60.1      8   0.05    221    4.6  350.7  351.0  350.7
  245.0  11194  -38.5  -60.5      8   0.05    221    4.5  350.8  351.0  350.8
  244.6  11205  -38.5  -61.1      7   0.04    221    4.3  350.8  351.0  350.8
  244.1  11217  -38.6  -61.4      7   0.04    221    4.2  350.9  351.0  350.9
  243.7  11229  -38.8  -60.7      8   0.04    221    4.2  350.9  351.1  350.9
  243.3  11242  -38.9  -59.9      9   0.05    221    4.1  350.9  351.1  350.9
  242.8  11254  -39.0  -59.2     10   0.05    221    4.0  350.9  351.1  350.9
  242.4  11266  -39.1  -58.5     11   0.06    221    4.0  350.9  351.2  350.9
  242.0  11277  -39.2  -58.4     11   0.06    221    3.9  350.9  351.2  350.9
  241.6  11289  -39.3  -58.8     11   0.06    222    3.9  350.9  351.2  350.9
  241.2  11300  -39.4  -59.2     10   0.05    222    3.9  350.9  351.2  350.9
  240.8  11310  -39.5  -59.2     10   0.05    222    3.9  350.9  351.2  350.9
  240.5  11320  -39.6  -59.2     11   0.05    222    3.9  350.9  351.2  350.9
  240.2  11330  -39.7  -59.5     10   0.05    222    3.9  350.9  351.1  350.9
  239.8  11340  -39.8  -60.5      9   0.05    222    3.8  350.9  351.2  350.9
  239.4  11350  -39.9  -61.8      8   0.04    222    3.8  351.0  351.2  351.0
  239.1  11361  -39.9  -62.0      8   0.04    221    3.7  351.0  351.2  351.0
  238.6  11373  -40.0  -60.9      9   0.04    221    3.7  351.1  351.3  351.1
  238.2  11386  -40.2  -59.5     11   0.05    220    3.6  351.0  351.3  351.0
  237.8  11397  -40.3  -59.2     11   0.05    219    3.5  351.0  351.3  351.1
  237.5  11407  -40.4  -59.7     11   0.05    219    3.4  351.0  351.3  351.0
  237.1  11417  -40.5  -59.9     11   0.05    219    3.3  351.0  351.3  351.0
  236.7  11429  -40.6  -60.1     10   0.05    219    3.2  351.0  351.3  351.0
  236.2  11442  -40.7  -60.1     11   0.05    219    3.1  351.1  351.3  351.1
  235.8  11455  -40.8  -60.0     11   0.05    220    3.0  351.1  351.3  351.1
  235.4  11466  -40.9  -59.7     11   0.05    221    3.0  351.1  351.3  351.1
  235.0  11477  -41.0  -59.3     12   0.05    223    2.9  351.1  351.3  351.1
  234.6  11488  -41.1  -59.0     13   0.06    225    2.9  351.1  351.3  351.1
  234.3  11499  -41.2  -58.6     14   0.06    227    2.9  351.0  351.3  351.1
  233.9  11509  -41.3  -58.2     14   0.06    230    3.0  351.1  351.4  351.1
  233.6  11520  -41.4  -58.4     14   0.06    232    3.0  351.1  351.4  351.1
  233.2  11531  -41.5  -59.0     13   0.06    233    3.1  351.1  351.4  351.2
  232.8  11541  -41.6  -59.6     12   0.05    234    3.2  351.2  351.4  351.2
  232.5  11551  -41.7  -60.2     12   0.05    235    3.3  351.2  351.4  351.2
  232.1  11561  -41.7  -60.4     11   0.05    235    3.3  351.2  351.5  351.2
  231.7  11572  -41.8  -59.6     13   0.05    235    3.4  351.3  351.5  351.3
  231.3  11585  -41.9  -58.6     15   0.06    235    3.5  351.3  351.6  351.3
  230.9  11596  -42.0  -58.4     15   0.06    234    3.5  351.3  351.6  351.3
  230.6  11606  -42.1  -58.1     16   0.07    233    3.6  351.3  351.6  351.3
  230.3  11616  -42.2  -57.5     17   0.07    232    3.6  351.3  351.6  351.3
  229.9  11627  -42.3  -56.9     19   0.08    232    3.6  351.3  351.6  351.3
  229.5  11639  -42.4  -56.4     20   0.08    231    3.7  351.3  351.7  351.3
  229.1  11649  -42.5  -55.9     22   0.09    230    3.7  351.4  351.7  351.4
  228.8  11658  -42.6  -55.5     23   0.09    230    3.6  351.3  351.7  351.4
  228.5  11668  -42.7  -55.4     24   0.09    230    3.6  351.3  351.7  351.3
  228.1  11679  -42.8  -55.6     23   0.09    230    3.6  351.3  351.7  351.4
  227.7  11691  -42.9  -55.7     23   0.09    230    3.6  351.3  351.7  351.4
  227.3  11704  -43.1  -55.8     23   0.09    231    3.5  351.3  351.7  351.4
  226.9  11716  -43.2  -55.9     23   0.09    233    3.5  351.3  351.7  351.4
  226.5  11728  -43.3  -56.0     23   0.09    234    3.5  351.3  351.7  351.4
  226.2  11737  -43.4  -56.2     23   0.08    236    3.5  351.3  351.7  351.4
  225.9  11745  -43.5  -56.3     23   0.08    239    3.4  351.3  351.7  351.4
  225.6  11754  -43.5  -56.2     23   0.08    241    3.4  351.4  351.7  351.4
  225.2  11765  -43.6  -56.3     23   0.08    244    3.5  351.4  351.8  351.4
  224.8  11777  -43.7  -56.3     24   0.08    247    3.5  351.4  351.8  351.4
  224.4  11789  -43.9  -56.4     24   0.08    249    3.5  351.4  351.8  351.4
  224.0  11801  -44.0  -56.5     23   0.08    252    3.5  351.4  351.8  351.4
  223.6  11813  -44.0  -56.8     23   0.08    255    3.6  351.5  351.8  351.5
  223.2  11825  -44.1  -57.1     22   0.08    257    3.6  351.5  351.8  351.5
  222.9  11836  -44.2  -57.2     22   0.07    259    3.6  351.5  351.8  351.5
  222.5  11846  -44.3  -57.4     22   0.07    261    3.7  351.5  351.9  351.5
  222.1  11857  -44.4  -57.8     21   0.07    263    3.7  351.6  351.9  351.6
  221.7  11869  -44.5  -58.3     20   0.07    264    3.7  351.6  351.9  351.7
  221.3  11882  -44.6  -59.0     19   0.06    265    3.6  351.7  352.0  351.7
  221.0  11892  -44.7  -59.6     17   0.06    266    3.6  351.7  351.9  351.7
  220.7  11901  -44.8  -60.0     17   0.05    266    3.5  351.7  351.9  351.7
  220.3  11913  -44.9  -60.2     16   0.05    266    3.5  351.7  351.9  351.7
  219.9  11926  -45.0  -60.8     15   0.05    266    3.4  351.7  351.9  351.7
  219.5  11937  -45.1  -61.5     14   0.04    265    3.3  351.7  351.9  351.7
  219.2  11947  -45.2  -61.7     14   0.04    264    3.2  351.7  351.9  351.7
  218.8  11959  -45.3  -61.5     14   0.04    263    3.1  351.7  351.9  351.7
  218.4  11972  -45.4  -61.5     15   0.04    262    3.0  351.7  351.9  351.7
  218.0  11983  -45.5  -61.4     15   0.05    261    2.9  351.7  351.9  351.7
  217.7  11994  -45.7  -61.2     16   0.05    259    2.8  351.7  351.9  351.7
  217.3  12006  -45.8  -61.2     16   0.05    257    2.7  351.7  351.9  351.7
  216.8  12020  -45.9  -61.2     16   0.05    255    2.7  351.7  351.9  351.7
  216.3  12036  -46.0  -61.2     16   0.05    253    2.6  351.7  351.9  351.7
  215.8  12049  -46.2  -61.3     16   0.05    251    2.6  351.7  352.0  351.7
  215.5  12061  -46.3  -61.5     16   0.05    248    2.6  351.7  351.9  351.7
  215.1  12074  -46.4  -61.7     16   0.04    246    2.6  351.7  351.9  351.7
  214.6  12086  -46.5  -61.7     16   0.04    245    2.6  351.8  352.0  351.8
  214.3  12097  -46.7  -61.9     16   0.04    243    2.6  351.7  351.9  351.7
  214.0  12106  -46.7  -62.2     15   0.04    242    2.6  351.7  351.9  351.8
  213.7  12116  -46.8  -62.5     15   0.04    241    2.6  351.7  351.9  351.7
  213.3  12127  -46.9  -62.7     15   0.04    239    2.7  351.8  351.9  351.8
  213.0  12138  -47.0  -63.2     14   0.04    238    2.7  351.7  351.9  351.7
  212.6  12149  -47.1  -63.8     13   0.03    237    2.7  351.8  351.9  351.8
  212.2  12161  -47.2  -64.5     12   0.03    237    2.7  351.8  351.9  351.8
  211.9  12172  -47.3  -64.6     12   0.03    236    2.7  351.8  351.9  351.8
  211.5  12183  -47.4  -64.6     12   0.03    234    2.7  351.8  351.9  351.8
  211.2  12194  -47.6  -64.7     12   0.03    233    2.7  351.8  351.9  351.8
  210.8  12205  -47.7  -64.9     12   0.03    231    2.7  351.8  351.9  351.8
  210.4  12218  -47.8  -65.2     12   0.03    229    2.6  351.8  352.0  351.8
  210.0  12231  -47.9  -65.4     11   0.03    227    2.6  351.9  352.0  351.9
  209.7  12240  -48.0  -65.5     11   0.03    224    2.6  351.9  352.0  351.9
  209.4  12250  -48.1  -65.6     11   0.03    221    2.5  351.9  352.0  351.9
  209.0  12261  -48.2  -65.4     12   0.03    218    2.5  351.9  352.0  351.9
  208.6  12273  -48.3  -65.3     12   0.03    214    2.5  351.9  352.0  351.9
  208.3  12286  -48.4  -65.2     13   0.03    210    2.4  351.9  352.0  351.9
  207.9  12297  -48.5  -65.2     13   0.03    206    2.3  351.9  352.0  351.9
  207.5  12308  -48.6  -65.3     13   0.03    202    2.3  351.9  352.1  351.9
  207.2  12320  -48.7  -65.5     12   0.03    198    2.2  351.9  352.0  351.9
  206.8  12333  -48.8  -65.8     12   0.03    194    2.0  352.0  352.1  352.0
  206.4  12345  -48.9  -65.9     12   0.03    190    1.9  352.0  352.1  352.0
  206.0  12358  -49.0  -65.8     12   0.03    186    1.7  352.1  352.2  352.1
  205.6  12371  -49.1  -65.7     13   0.03    182    1.5  352.1  352.3  352.1
  205.2  12384  -49.1  -65.6     13   0.03    178    1.3  352.2  352.3  352.2
  204.7  12398  -49.2  -65.6     13   0.03    175    1.1  352.4  352.5  352.4
  204.3  12411  -49.3  -65.6     13   0.03    172    0.9  352.4  352.5  352.4
  203.9  12423  -49.4  -65.7     13   0.03    169    0.6  352.4  352.6  352.4
  203.6  12435  -49.5  -65.6     13   0.03    165    0.3  352.4  352.5  352.4
  203.2  12446  -49.6  -65.5     14   0.03    144    0.1  352.5  352.6  352.5
  202.9  12458  -49.7  -65.3     14   0.03    349    0.2  352.5  352.6  352.5
  202.4  12471  -49.8  -65.2     15   0.03    344    0.5  352.5  352.7  352.5
  202.0  12485  -49.9  -65.0     15   0.03    342    0.7  352.6  352.7  352.6
  201.7  12496  -50.0  -64.9     16   0.03    341    1.0  352.6  352.7  352.6
  201.3  12508  -50.1  -65.2     15   0.03    340    1.2  352.7  352.8  352.7
  201.0  12520  -50.1  -65.7     14   0.03    340    1.4  352.7  352.9  352.7
  200.6  12531  -50.2  -66.2     13   0.03    340    1.6  352.8  353.0  352.8
  200.2  12544  -50.2  -66.6     13   0.02    340    1.8  352.9  353.0  352.9
  200.0  12551  -50.3  -66.8     12   0.02    340    1.8  353.0  353.1  353.0
  199.9  12555  -50.3  -66.9     12   0.02    340    1.9  353.0  353.1  353.0
  199.5  12566  -50.4  -67.1     12   0.02    341    2.1  353.0  353.1  353.0
  199.1  12579  -50.5  -67.1     12   0.02    341    2.3  353.0  353.1  353.0
  198.7  12592  -50.6  -67.1     12   0.02    342    2.4  353.1  353.2  353.1
  198.4  12603  -50.7  -67.2     12   0.02    343    2.6  353.1  353.2  353.1
  198.1  12614  -50.8  -67.3     12   0.02    343    2.7  353.1  353.2  353.1
  197.8  12624  -50.9  -67.3     12   0.02    343    2.9  353.1  353.2  353.1
  197.5  12633  -51.0  -67.3     13   0.02    344    3.0  353.1  353.3  353.1
  197.2  12642  -51.0  -67.4     13   0.02    344    3.2  353.2  353.3  353.2
  197.0  12650  -51.1  -67.5     12   0.02    344    3.3  353.2  353.3  353.2
  196.7  12659  -51.1  -67.7     12   0.02    345    3.4  353.3  353.4  353.3
  196.4  12667  -51.2  -67.9     12   0.02    345    3.6  353.4  353.5  353.4
  196.2  12677  -51.2  -68.0     12   0.02    346    3.7  353.4  353.5  353.4
  195.9  12686  -51.3  -67.9     12   0.02    347    3.8  353.4  353.5  353.4
  195.6  12695  -51.4  -67.8     12   0.02    348    3.8  353.4  353.5  353.4
  195.4  12703  -51.5  -67.7     13   0.02    349    3.9  353.4  353.5  353.4
  195.1  12713  -51.5  -67.7     13   0.02    350    3.9  353.5  353.6  353.5
  194.8  12723  -51.6  -67.6     13   0.02    352    4.0  353.5  353.6  353.5
  194.5  12733  -51.7  -67.7     13   0.02    354    4.0  353.5  353.6  353.5
  194.2  12742  -51.8  -67.7     13   0.02    357    4.0  353.6  353.7  353.6
  193.9  12751  -51.9  -67.8     13   0.02    359    4.0  353.6  353.7  353.6
  193.7  12760  -51.9  -68.0     13   0.02      1    4.0  353.6  353.7  353.6
  193.3  12771  -52.0  -68.1     13   0.02      4    4.0  353.7  353.8  353.7
  193.0  12781  -52.0  -68.2     13   0.02      6    4.0  353.9  354.0  353.9
  192.8  12790  -52.0  -68.3     12   0.02      8    4.0  353.9  354.0  353.9
  192.5  12800  -52.1  -68.4     12   0.02     10    4.0  353.9  354.0  353.9
  192.2  12810  -52.2  -68.3     13   0.02     12    4.0  353.9  354.0  353.9
  191.9  12820  -52.3  -68.2     13   0.02     13    3.9  353.9  354.0  353.9
  191.6  12830  -52.4  -68.2     13   0.02     14    3.9  353.9  354.0  353.9
  191.3  12841  -52.5  -68.1     13   0.02     15    3.9  354.0  354.1  354.0
  191.0  12851  -52.6  -68.1     14   0.02     16    3.8  354.0  354.1  354.0
  190.7  12860  -52.7  -68.0     14   0.02     17    3.7  354.0  354.1  354.0
  190.4  12870  -52.8  -68.0     14   0.02     17    3.6  354.0  354.1  354.0
  190.1  12880  -52.9  -68.0     14   0.02     18    3.5  354.0  354.1  354.0
  189.8  12889  -52.9  -67.9     15   0.02     18    3.4  354.0  354.1  354.0
  189.5  12899  -53.0  -67.9     15   0.02     19    3.3  354.0  354.1  354.0
  189.2  12909  -53.1  -67.9     15   0.02     19    3.2  354.0  354.1  354.0
  188.9  12920  -53.2  -67.9     15   0.02     20    3.1  354.0  354.1  354.0
  188.6  12931  -53.3  -67.9     15   0.02     20    2.9  354.0  354.1  354.0
  188.2  12943  -53.4  -67.9     16   0.02     20    2.8  354.1  354.2  354.1
  187.9  12955  -53.6  -67.9     16   0.02     20    2.7  354.0  354.2  354.1
  187.6  12965  -53.6  -67.9     16   0.02     21    2.7  354.1  354.2  354.1
  187.4  12974  -53.7  -67.8     16   0.02     21    2.6  354.0  354.1  354.0
  187.1  12983  -53.8  -67.8     16   0.02     22    2.5  354.1  354.2  354.1
  186.8  12993  -53.9  -67.8     17   0.02     23    2.4  354.1  354.2  354.1
  186.5  13004  -54.0  -67.8     17   0.02     24    2.3  354.0  354.2  354.1
  186.1  13015  -54.1  -67.8     17   0.02     27    2.2  354.1  354.2  354.1
  185.9  13025  -54.2  -67.7     17   0.02     30    2.1  354.0  354.2  354.1
  185.5  13036  -54.3  -67.7     18   0.02     35    2.0  354.1  354.2  354.1
  185.2  13047  -54.4  -67.6     18   0.02     40    1.9  354.2  354.3  354.2
  184.9  13057  -54.5  -67.6     18   0.02     47    1.8  354.2  354.3  354.2
  184.6  13068  -54.6  -67.4     19   0.02     55    1.8  354.2  354.3  354.2
  184.3  13079  -54.7  -67.2     20   0.02     63    1.8  354.2  354.3  354.2
  184.0  13090  -54.8  -67.1     20   0.03     71    1.9  354.2  354.3  354.2
  183.7  13101  -54.8  -66.9     21   0.03     79    2.0  354.3  354.4  354.3
  183.4  13112  -54.9  -66.7     22   0.03     86    2.1  354.3  354.5  354.4
  183.1  13122  -54.9  -66.4     23   0.03     92    2.2  354.4  354.5  354.4
  182.7  13134  -55.0  -66.3     23   0.03     97    2.4  354.5  354.7  354.5
  182.4  13146  -55.1  -66.1     24   0.03    101    2.5  354.6  354.8  354.6
  182.1  13156  -55.1  -66.0     24   0.03    104    2.7  354.7  354.9  354.7
  181.8  13166  -55.2  -66.0     25   0.03    107    2.9  354.7  354.9  354.8
  181.6  13175  -55.3  -66.0     25   0.03    110    3.0  354.7  354.9  354.8
  181.3  13185  -55.3  -66.0     25   0.03    112    3.2  354.8  354.9  354.8
  180.9  13196  -55.4  -66.0     26   0.03    114    3.3  354.9  355.0  354.9
  180.7  13206  -55.5  -66.0     26   0.03    116    3.5  354.8  355.0  354.8
  180.4  13217  -55.6  -66.0     26   0.03    117    3.6  354.8  355.0  354.8
  180.1  13227  -55.7  -66.0     27   0.03    118    3.8  354.8  355.0  354.8
  179.7  13240  -55.8  -66.0     27   0.03    120    4.0  354.9  355.0  354.9
  179.3  13254  -55.9  -66.1     27   0.03    121    4.1  354.9  355.1  355.0
  179.0  13266  -56.0  -66.1     27   0.03    122    4.3  354.9  355.1  354.9
  178.7  13277  -56.2  -66.1     28   0.03    123    4.5  354.9  355.1  354.9
  178.3  13289  -56.3  -66.2     27   0.03    124    4.7  355.0  355.1  355.0
  178.0  13302  -56.4  -66.4     27   0.03    126    4.9  354.9  355.1  355.0
  177.6  13314  -56.5  -66.5     27   0.03    127    5.1  355.0  355.2  355.1
  177.4  13324  -56.5  -66.7     27   0.03    128    5.3  355.0  355.1  355.0
  177.1  13333  -56.6  -66.9     26   0.03    130    5.5  355.1  355.2  355.1
  176.8  13345  -56.7  -67.2     25   0.03    131    5.6  355.1  355.2  355.1
  176.4  13357  -56.8  -67.5     24   0.02    132    5.8  355.2  355.4  355.2
  176.1  13369  -56.8  -67.8     23   0.02    134    6.0  355.4  355.5  355.4
  175.8  13379  -56.7  -68.1     22   0.02    135    6.2  355.6  355.7  355.6
  175.5  13389  -56.8  -68.4     22   0.02    136    6.4  355.7  355.8  355.7
  175.3  13399  -56.8  -68.7     21   0.02    137    6.5  355.7  355.8  355.7
  175.0  13408  -56.9  -68.9     21   0.02    139    6.7  355.8  355.9  355.8
  174.8  13416  -57.0  -69.1     20   0.02    140    6.8  355.8  355.9  355.8
  174.5  13425  -57.0  -69.3     19   0.02    140    6.9  355.9  356.0  355.9
  174.3  13434  -57.1  -69.6     19   0.02    141    7.0  355.9  356.0  356.0
  174.0  13443  -57.1  -70.0     18   0.02    142    7.1  356.0  356.1  356.0
  173.8  13452  -57.2  -70.3     17   0.02    142    7.1  356.1  356.2  356.1
  173.5  13462  -57.2  -70.6     17   0.02    143    7.2  356.2  356.3  356.2
  173.3  13471  -57.2  -71.0     16   0.02    144    7.2  356.3  356.3  356.3
  173.0  13481  -57.3  -71.3     15   0.01    144    7.2  356.3  356.4  356.4
  172.8  13490  -57.3  -71.7     15   0.01    145    7.2  356.4  356.5  356.4
  172.5  13499  -57.4  -71.9     14   0.01    145    7.1  356.5  356.5  356.5
  172.2  13509  -57.5  -72.2     14   0.01    146    7.1  356.5  356.6  356.5
  172.0  13519  -57.5  -72.3     14   0.01    146    7.0  356.5  356.6  356.5
  171.7  13528  -57.6  -72.5     13   0.01    147    7.0  356.6  356.6  356.6
  171.5  13538  -57.7  -72.7     13   0.01    147    6.9  356.6  356.6  356.6
  171.2  13549  -57.7  -72.9     13   0.01    147    6.8  356.7  356.7  356.7
  170.9  13559  -57.8  -73.2     12   0.01    148    6.8  356.7  356.8  356.7
  170.6  13568  -57.9  -73.3     12   0.01    148    6.7  356.8  356.9  356.8
  170.4  13577  -57.9  -73.5     12   0.01    148    6.6  356.8  356.9  356.9
  170.1  13587  -58.0  -73.6     12   0.01    148    6.5  356.9  356.9  356.9
  169.9  13596  -58.1  -73.6     12   0.01    148    6.5  356.8  356.9  356.9
  169.6  13606  -58.2  -73.5     12   0.01    148    6.4  356.9  356.9  356.9
  169.4  13615  -58.3  -73.5     13   0.01    148    6.4  356.9  356.9  356.9
  169.1  13623  -58.4  -73.4     13   0.01    148    6.4  356.9  356.9  356.9
  168.9  13632  -58.4  -73.3     13   0.01    148    6.4  356.9  356.9  356.9
  168.7  13641  -58.5  -73.3     13   0.01    147    6.3  356.8  356.9  356.8
  168.4  13652  -58.6  -73.3     13   0.01    147    6.3  356.9  356.9  356.9
  168.1  13664  -58.7  -73.3     14   0.01    147    6.3  356.9  356.9  356.9
  167.8  13674  -58.8  -73.3     14   0.01    147    6.3  357.0  357.0  357.0
  167.5  13683  -58.9  -73.3     14   0.01    147    6.2  357.0  357.1  357.0
  167.3  13693  -59.0  -73.3     14   0.01    147    6.2  357.0  357.0  357.0
  167.0  13705  -59.0  -73.4     14   0.01    147    6.2  357.0  357.1  357.0
  166.7  13716  -59.1  -73.4     14   0.01    147    6.2  357.1  357.1  357.1
  166.4  13726  -59.2  -73.4     14   0.01    148    6.1  357.1  357.2  357.1
  166.1  13735  -59.3  -73.4     14   0.01    148    6.1  357.2  357.3  357.2
  165.9  13744  -59.3  -73.4     14   0.01    148    6.1  357.2  357.3  357.2
  165.7  13754  -59.4  -73.5     15   0.01    149    6.1  357.2  357.2  357.2
  165.4  13763  -59.5  -73.6     14   0.01    149    6.1  357.2  357.3  357.2
  165.2  13773  -59.6  -73.6     14   0.01    149    6.1  357.2  357.3  357.2
  164.9  13782  -59.7  -73.7     14   0.01    149    6.2  357.3  357.3  357.3
  164.7  13791  -59.7  -73.7     14   0.01    150    6.2  357.3  357.3  357.3
  164.4  13801  -59.8  -73.8     14   0.01    150    6.3  357.3  357.4  357.3
  164.2  13811  -59.9  -73.9     14   0.01    150    6.4  357.3  357.4  357.3
  163.9  13821  -60.0  -74.0     14   0.01    150    6.5  357.4  357.5  357.4
  163.7  13830  -60.1  -74.2     14   0.01    150    6.6  357.4  357.4  357.4
  163.4  13838  -60.1  -74.3     14   0.01    150    6.7  357.4  357.5  357.4
  163.2  13848  -60.2  -74.5     14   0.01    150    6.8  357.4  357.5  357.5
  162.9  13859  -60.3  -74.8     13   0.01    150    7.0  357.5  357.6  357.5
  162.6  13869  -60.4  -75.1     13   0.01    151    7.1  357.5  357.6  357.5
  162.4  13879  -60.4  -75.5     12   0.01    151    7.2  357.5  357.6  357.6
  162.1  13890  -60.5  -75.9     11   0.01    150    7.4  357.6  357.6  357.6
  161.8  13900  -60.6  -76.5     11   0.01    150    7.5  357.7  357.7  357.7
  161.6  13910  -60.7  -77.1     10   0.01    150    7.6  357.7  357.7  357.7
  161.2  13923  -60.8  -77.7      9   0.01    149    7.7  357.8  357.8  357.8
  160.9  13936  -60.9  -78.3      8   0.01    148    7.8  357.8  357.8  357.8
  160.6  13948  -60.9  -78.6      8   0.01    147    7.9  357.8  357.9  357.8
  160.3  13959  -61.0  -78.9      8   0.00    146    7.9  358.0  358.0  358.0
  160.0  13971  -61.1  -79.3      7   0.00    145    8.0  358.0  358.0  358.0
  159.6  13985  -61.2  -79.6      7   0.00    143    8.0  358.0  358.1  358.0
  159.3  13999  -61.3  -79.6      7   0.00    142    8.0  358.1  358.1  358.1
  158.9  14013  -61.4  -79.6      7   0.00    141    8.0  358.1  358.1  358.1
  158.6  14027  -61.6  -79.5      8   0.00    140    8.0  358.1  358.1  358.1
  158.2  14039  -61.7  -79.2      8   0.00    139    8.0  358.1  358.2  358.1
  158.0  14050  -61.8  -79.0      8   0.00    138    8.0  358.1  358.1  358.1
  157.6  14062  -61.9  -78.8      9   0.01    137    7.9  358.1  358.1  358.1
  157.3  14074  -62.0  -78.7      9   0.01    137    7.9  358.1  358.1  358.1
  157.1  14084  -62.1  -78.5     10   0.01    136    7.8  358.1  358.1  358.1
  156.8  14095  -62.2  -78.3     10   0.01    136    7.7  358.1  358.1  358.1
  156.6  14105  -62.3  -78.3     10   0.01    136    7.6  358.1  358.1  358.1
  156.3  14115  -62.4  -78.4     10   0.01    136    7.6  358.1  358.1  358.1
  156.0  14126  -62.5  -78.5     10   0.01    136    7.5  358.1  358.2  358.1
  155.8  14136  -62.6  -78.5     10   0.01    136    7.4  358.2  358.2  358.2
  155.5  14147  -62.7  -78.6     10   0.01    136    7.3  358.2  358.2  358.2
  155.2  14157  -62.8  -78.6     10   0.01    136    7.3  358.3  358.3  358.3
  155.0  14168  -62.8  -78.7     10   0.01    136    7.2  358.2  358.3  358.2
  154.7  14179  -62.9  -78.8     10   0.01    136    7.2  358.3  358.3  358.3
  154.4  14190  -63.0  -78.9     10   0.01    135    7.1  358.3  358.4  358.3
  154.1  14201  -63.1  -79.0     10   0.01    135    7.1  358.4  358.4  358.4
  153.9  14212  -63.2  -79.0     10   0.01    134    7.0  358.4  358.4  358.4
  153.6  14224  -63.3  -79.0     10   0.01    133    7.0  358.4  358.4  358.4
  153.3  14235  -63.4  -78.9     10   0.01    132    7.0  358.4  358.5  358.4
  153.0  14246  -63.5  -78.8     11   0.01    131    7.0  358.5  358.5  358.5
  152.8  14255  -63.6  -78.7     11   0.01    131    7.0  358.5  358.5  358.5
  152.6  14264  -63.6  -78.6     11   0.01    130    7.0  358.5  358.5  358.5
  152.3  14275  -63.7  -78.6     12   0.01    129    7.1  358.5  358.5  358.5
  152.1  14285  -63.8  -78.6     12   0.01    129    7.1  358.5  358.5  358.5
  151.8  14295  -63.9  -78.5     12   0.01    128    7.2  358.5  358.5  358.5
  151.5  14306  -64.0  -78.5     12   0.01    128    7.3  358.6  358.6  358.6
  151.2  14319  -64.1  -78.4     13   0.01    127    7.4  358.6  358.6  358.6
  150.9  14330  -64.2  -78.4     13   0.01    127    7.6  358.6  358.7  358.6
  150.6  14343  -64.3  -78.3     13   0.01    126    7.7  358.7  358.7  358.7
  150.3  14355  -64.4  -78.3     13   0.01    126    7.9  358.7  358.7  358.7
  150.0  14368  -64.5  -78.2     14   0.01    126    7.9  358.7  358.8  358.7
  149.7  14381  -64.6  -78.1     14   0.01    125    8.2  358.8  358.8  358.8
  149.4  14394  -64.7  -78.0     14   0.01    125    8.4  358.8  358.8  358.8
  149.1  14406  -64.8  -77.9     15   0.01    124    8.5  358.8  358.8  358.8
  148.7  14419  -65.0  -77.7     16   0.01    124    8.7  358.9  358.9  358.9
  148.4  14431  -65.1  -77.6     16   0.01    124    8.9  358.9  358.9  358.9
  148.2  14442  -65.2  -77.5     17   0.01    124    9.0  358.8  358.9  358.8
  147.9  14453  -65.3  -77.5     17   0.01    124    9.2  358.9  358.9  358.9
  147.7  14463  -65.4  -77.4     17   0.01    123    9.3  358.9  358.9  358.9
  147.4  14473  -65.5  -77.4     18   0.01    124    9.4  358.9  358.9  358.9
  147.2  14484  -65.5  -77.4     18   0.01    124    9.4  358.9  358.9  358.9
  146.9  14495  -65.7  -77.4     18   0.01    124    9.5  358.9  358.9  358.9
  146.7  14505  -65.7  -77.4     18   0.01    124    9.5  358.9  359.0  358.9
  146.4  14514  -65.8  -77.4     18   0.01    125    9.5  359.0  359.1  359.0
  146.2  14525  -65.9  -77.5     18   0.01    125    9.5  359.0  359.1  359.0
  145.9  14537  -66.0  -77.6     18   0.01    125    9.4  359.1  359.1  359.1
  145.6  14548  -66.1  -77.6     18   0.01    126    9.4  359.1  359.2  359.1
  145.4  14558  -66.1  -77.7     18   0.01    126    9.4  359.1  359.2  359.1
  145.1  14570  -66.2  -77.7     18   0.01    127    9.3  359.2  359.3  359.2
  144.8  14582  -66.3  -77.8     18   0.01    127    9.3  359.4  359.4  359.4
  144.5  14593  -66.3  -77.8     19   0.01    128    9.3  359.4  359.5  359.4
  144.3  14604  -66.4  -77.9     19   0.01    128    9.3  359.4  359.4  359.4
  144.1  14613  -66.5  -78.0     19   0.01    128    9.3  359.4  359.4  359.4
  143.8  14623  -66.6  -78.0     19   0.01    128    9.4  359.5  359.5  359.5
  143.6  14634  -66.7  -78.0     19   0.01    128    9.5  359.4  359.5  359.4
  143.3  14643  -66.8  -78.0     19   0.01    128    9.6  359.5  359.5  359.5
  143.1  14652  -66.9  -78.0     19   0.01    128    9.7  359.5  359.6  359.5
  142.9  14661  -66.9  -77.9     20   0.01    128    9.8  359.5  359.5  359.5
  142.7  14670  -67.0  -77.9     20   0.01    127   10.0  359.5  359.5  359.5
  142.5  14680  -67.1  -77.9     20   0.01    127   10.2  359.5  359.6  359.5
  142.2  14691  -67.2  -77.9     21   0.01    126   10.3  359.6  359.6  359.6
  142.0  14701  -67.3  -77.9     21   0.01    125   10.5  359.6  359.6  359.6
  141.8  14710  -67.4  -77.9     21   0.01    125   10.7  359.6  359.6  359.6
  141.5  14721  -67.4  -77.9     21   0.01    124   10.9  359.7  359.8  359.7
  141.3  14731  -67.4  -77.8     21   0.01    123   11.1  359.9  360.0  359.9
  141.1  14740  -67.4  -77.8     22   0.01    123   11.2  360.0  360.1  360.0
  140.8  14750  -67.4  -77.9     21   0.01    122   11.4  360.2  360.2  360.2
  140.6  14761  -67.5  -78.0     21   0.01    121   11.5  360.2  360.2  360.2
  140.3  14773  -67.6  -78.2     21   0.01    121   11.7  360.3  360.3  360.3
  140.0  14783  -67.7  -78.4     20   0.01    120   11.8  360.4  360.4  360.4
  139.8  14794  -67.7  -78.7     20   0.01    119   11.9  360.4  360.4  360.4
  139.6  14804  -67.8  -79.0     19   0.01    119   12.0  360.4  360.4  360.4
  139.3  14815  -67.9  -79.2     18   0.01    118   12.2  360.5  360.6  360.5
  139.0  14827  -67.9  -79.5     18   0.01    118   12.3  360.6  360.7  360.6
  138.7  14839  -68.0  -79.8     17   0.00    117   12.4  360.7  360.7  360.7
  138.5  14852  -68.1  -80.0     17   0.00    117   12.5  360.7  360.7  360.7
  138.1  14866  -68.3  -80.1     17   0.00    117   12.7  360.7  360.8  360.7
  137.8  14880  -68.4  -80.3     17   0.00    116   12.8  360.7  360.7  360.7
  137.5  14893  -68.5  -80.3     17   0.00    116   12.9  360.7  360.7  360.7
  137.2  14907  -68.7  -80.4     17   0.00    116   13.0  360.7  360.7  360.7
  136.9  14920  -68.8  -80.4     17   0.00    116   13.1  360.7  360.7  360.7
  136.6  14934  -68.9  -80.5     17   0.00    116   13.2  360.7  360.7  360.7
  136.2  14949  -69.0  -80.5     18   0.00    116   13.2  360.8  360.8  360.8
  135.9  14963  -69.2  -80.6     18   0.00    116   13.3  360.7  360.8  360.7
  135.6  14975  -69.3  -80.6     18   0.00    116   13.3  360.7  360.7  360.7
  135.3  14989  -69.4  -80.6     18   0.00    116   13.3  360.8  360.8  360.8
  135.0  15003  -69.6  -80.7     18   0.00    116   13.3  360.8  360.8  360.8
  134.7  15017  -69.7  -80.7     19   0.00    116   13.3  360.8  360.8  360.8
  134.4  15030  -69.8  -80.8     19   0.00    116   13.2  360.7  360.8  360.7
  134.1  15044  -70.0  -80.8     19   0.00    116   13.1  360.7  360.8  360.7
  133.8  15058  -70.1  -80.8     20   0.00    115   13.1  360.8  360.8  360.8
  133.4  15072  -70.2  -80.8     20   0.00    115   13.0  360.9  360.9  360.9
  133.1  15088  -70.3  -80.8     20   0.00    115   12.9  360.9  360.9  360.9
  132.8  15103  -70.4  -80.8     20   0.00    115   12.8  360.9  360.9  360.9
  132.5  15115  -70.5  -80.8     21   0.00    115   12.7  361.0  361.0  361.0
  132.2  15128  -70.6  -80.9     21   0.00    114   12.7  361.0  361.0  361.0
  131.9  15142  -70.8  -80.9     21   0.00    114   12.6  361.0  361.0  361.0
  131.6  15154  -70.9  -81.0     21   0.00    114   12.5  361.0  361.1  361.0
  131.3  15167  -71.0  -81.1     21   0.00    114   12.5  361.1  361.1  361.1
  131.0  15181  -71.1  -81.2     21   0.00    114   12.5  361.1  361.1  361.1
  130.7  15193  -71.2  -81.3     21   0.00    114   12.4  361.1  361.1  361.1
  130.5  15206  -71.3  -81.3     21   0.00    114   12.4  361.1  361.1  361.1
  130.2  15217  -71.4  -81.4     22   0.00    114   12.4  361.2  361.2  361.2
  130.0  15229  -71.5  -81.4     22   0.00    114   12.4  361.2  361.2  361.2
  129.7  15241  -71.6  -81.5     22   0.00    114   12.4  361.2  361.3  361.2
  129.4  15255  -71.7  -81.6     22   0.00    114   12.5  361.2  361.3  361.2
  129.1  15269  -71.9  -81.7     22   0.00    114   12.5  361.2  361.3  361.2
  128.8  15283  -72.0  -81.7     22   0.00    114   12.5  361.3  361.3  361.3
  128.5  15297  -72.1  -81.8     22   0.00    114   12.5  361.3  361.3  361.3
  128.2  15310  -72.2  -81.9     22   0.00    114   12.5  361.3  361.4  361.3
  127.9  15323  -72.3  -81.9     22   0.00    114   12.5  361.4  361.4  361.4
  127.6  15336  -72.5  -82.0     23   0.00    114   12.5  361.4  361.4  361.4
  127.3  15350  -72.6  -82.0     23   0.00    114   12.5  361.4  361.5  361.4
  127.0  15362  -72.7  -82.0     23   0.00    114   12.5  361.5  361.5  361.5
  126.8  15375  -72.8  -82.1     24   0.00    114   12.5  361.4  361.4  361.4
  126.5  15387  -72.9  -82.1     24   0.00    114   12.5  361.5  361.5  361.5
  126.2  15400  -73.0  -82.1     24   0.00    114   12.5  361.6  361.6  361.6
  126.0  15413  -73.1  -82.2     24   0.00    114   12.5  361.5  361.6  361.5
  125.7  15426  -73.2  -82.3     24   0.00    113   12.5  361.6  361.6  361.6
  125.4  15439  -73.3  -82.4     24   0.00    113   12.5  361.6  361.7  361.6
  125.1  15451  -73.4  -82.5     24   0.00    112   12.5  361.7  361.7  361.7
  124.9  15463  -73.5  -82.5     24   0.00    112   12.6  361.7  361.7  361.7
  124.6  15476  -73.6  -82.5     25   0.00    112   12.6  361.7  361.8  361.7
  124.3  15490  -73.7  -82.5     25   0.00    112   12.7  361.9  361.9  361.9
  124.0  15503  -73.7  -82.5     25   0.00    111   12.7  362.0  362.1  362.0
  123.8  15515  -73.8  -82.6     25   0.00    111   12.8  362.0  362.1  362.0
  123.5  15528  -73.9  -82.6     25   0.00    111   12.8  362.1  362.1  362.1
  123.2  15541  -74.1  -82.7     26   0.00    111   12.8  362.1  362.1  362.1
  123.0  15554  -74.2  -82.8     26   0.00    112   12.8  362.1  362.1  362.1
  122.7  15566  -74.2  -82.9     25   0.00    112   12.8  362.2  362.3  362.2
  122.4  15578  -74.3  -82.9     25   0.00    112   12.8  362.4  362.4  362.4
  122.2  15591  -74.3  -83.0     25   0.00    112   12.7  362.6  362.6  362.6
  121.9  15603  -74.3  -83.0     25   0.00    113   12.6  362.9  362.9  362.9
  121.7  15615  -74.3  -83.1     25   0.00    113   12.5  363.0  363.0  363.0
  121.4  15627  -74.3  -83.2     24   0.00    113   12.3  363.2  363.2  363.2
  121.1  15641  -74.4  -83.3     24   0.00    113   12.2  363.2  363.3  363.2
  120.8  15655  -74.5  -83.4     24   0.00    113   12.0  363.3  363.3  363.3
  120.6  15668  -74.6  -83.5     24   0.00    114   11.7  363.4  363.4  363.4
  120.3  15680  -74.5  -83.5     24   0.00    114   11.5  363.7  363.7  363.7
  120.1  15692  -74.6  -83.5     24   0.00    114   11.3  363.9  363.9  363.9
  119.8  15705  -74.5  -83.5     24   0.00    115   11.0  364.2  364.2  364.2
  119.5  15718  -74.4  -83.4     24   0.00    115   10.8  364.7  364.7  364.7
  119.3  15732  -74.4  -83.4     24   0.00    115   10.5  364.8  364.8  364.8
  119.0  15744  -74.5  -83.6     24   0.00    116   10.2  364.9  364.9  364.9
  118.8  15755  -74.6  -83.7     23   0.00    116   10.0  364.9  364.9  364.9
  118.5  15767  -74.7  -83.9     23   0.00    116    9.8  365.0  365.1  365.0
  118.3  15777  -74.7  -84.0     23   0.00    116    9.5  365.1  365.1  365.1
  118.1  15790  -74.8  -84.0     23   0.00    116    9.3  365.2  365.2  365.2
  117.8  15803  -74.7  -84.0     23   0.00    116    9.1  365.7  365.7  365.7
  117.5  15816  -74.7  -84.0     23   0.00    115    8.9  366.0  366.0  366.0
  117.3  15829  -74.6  -84.0     23   0.00    115    8.7  366.2  366.2  366.2
  117.0  15841  -74.6  -83.9     23   0.00    114    8.5  366.5  366.6  366.5
  116.8  15853  -74.6  -83.9     23   0.00    113    8.3  366.7  366.7  366.7
  116.6  15864  -74.7  -84.0     23   0.00    112    8.1  366.8  366.8  366.8
  116.3  15879  -74.7  -84.0     23   0.00    111    7.9  367.0  367.0  367.0
  116.0  15894  -74.8  -84.1     23   0.00    109    7.7  367.1  367.1  367.1
  115.7  15908  -74.9  -84.1     23   0.00    108    7.5  367.1  367.1  367.1
  115.5  15919  -75.0  -84.1     23   0.00    107    7.2  367.1  367.1  367.1
  115.3  15929  -75.1  -84.1     24   0.00    105    7.0  367.1  367.1  367.1
  115.0  15942  -75.2  -84.1     24   0.00    104    6.8  367.2  367.2  367.2
  114.7  15957  -75.3  -84.1     24   0.00    103    6.6  367.2  367.2  367.2
  114.5  15968  -75.5  -84.2     25   0.00    101    6.4  367.2  367.2  367.2
  114.3  15979  -75.6  -84.2     25   0.00    100    6.1  367.1  367.1  367.1
  114.0  15994  -75.7  -84.2     25   0.00     99    5.9  367.3  367.3  367.3
  113.7  16009  -75.7  -84.2     26   0.00     97    5.7  367.4  367.4  367.4
  113.5  16021  -75.8  -84.1     26   0.00     96    5.6  367.4  367.4  367.4
  113.2  16033  -76.0  -84.1     27   0.00     94    5.4  367.5  367.5  367.5
  112.9  16048  -76.1  -84.1     27   0.00     93    5.3  367.6  367.6  367.6
  112.7  16061  -76.2  -84.1     28   0.00     91    5.2  367.6  367.6  367.6
  112.4  16073  -76.2  -84.1     28   0.00     89    5.2  367.7  367.7  367.7
  112.2  16084  -76.3  -84.1     29   0.00     87    5.2  367.7  367.7  367.7
  112.0  16094  -76.4  -84.1     29   0.00     85    5.2  367.7  367.7  367.7
  111.8  16103  -76.5  -84.1     29   0.00     82    5.3  367.7  367.8  367.7
  111.6  16118  -76.5  -84.1     29   0.00     80    5.5  367.9  367.9  367.9
  111.3  16133  -76.5  -84.0     30   0.00     78    5.7  368.2  368.2  368.2
  111.0  16146  -76.5  -83.9     30   0.00     76    5.9  368.6  368.6  368.6
  110.7  16160  -76.5  -83.9     30   0.00     74    6.2  368.8  368.8  368.8
  110.5  16172  -76.6  -83.9     31   0.00     73    6.5  368.9  368.9  368.9
  110.3  16184  -76.6  -83.8     31   0.00     72    6.8  369.0  369.0  369.0
  110.0  16198  -76.6  -83.7     32   0.00     71    7.1  369.2  369.2  369.2
  109.8  16210  -76.7  -83.7     32   0.00     70    7.4  369.4  369.4  369.4
  109.5  16223  -76.7  -83.6     33   0.00     70    7.7  369.5  369.6  369.5
  109.3  16238  -76.8  -83.6     33   0.00     69    8.0  369.6  369.6  369.6
  109.0  16249  -76.9  -83.6     34   0.00     69    8.3  369.7  369.8  369.7
  108.9  16257  -76.9  -83.6     34   0.00     69    8.6  369.7  369.7  369.7
  108.8  16261  -77.0  -83.5     35   0.00     69    9.0  369.7  369.7  369.7
  108.5  16276  -77.1  -83.5     35   0.00     69    9.3  369.8  369.8  369.8
  108.2  16294  -77.2  -83.5     36   0.00     68    9.7  370.0  370.0  370.0
  107.9  16312  -77.2  -83.5     36   0.00     68   10.0  370.1  370.1  370.1
  107.5  16329  -77.3  -83.5     37   0.00     68   10.5  370.3  370.4  370.3
  107.3  16344  -77.4  -83.5     37   0.00     68   10.9  370.4  370.4  370.4
  107.0  16358  -77.5  -83.6     38   0.00     68   11.3  370.5  370.5  370.5
  106.7  16371  -77.6  -83.6     38   0.00     68   11.8  370.7  370.7  370.7
  106.5  16385  -77.5  -83.5     38   0.00     68   12.2  371.0  371.0  371.0
  106.3  16398  -77.6  -83.6     38   0.00     68   12.7  371.1  371.1  371.1
  106.0  16411  -77.6  -83.6     38   0.00     69   13.2  371.2  371.2  371.2
  105.8  16424  -77.6  -83.6     38   0.00     69   13.7  371.5  371.5  371.5
  105.5  16436  -77.5  -83.6     38   0.00     69   14.2  371.9  371.9  371.9
  105.3  16450  -77.5  -83.6     37   0.00     70   14.8  372.2  372.2  372.2
  105.1  16463  -77.6  -83.6     37   0.00     70   15.3  372.3  372.3  372.3
  104.8  16476  -77.5  -83.7     37   0.00     71   15.8  372.6  372.6  372.6
  104.5  16490  -77.5  -83.7     37   0.00     72   16.4  373.0  373.0  373.0
  104.3  16504  -77.5  -83.8     36   0.00     73   17.0  373.1  373.1  373.1
  104.1  16518  -77.6  -83.9     36   0.00     74   17.5  373.2  373.3  373.2
  103.8  16532  -77.6  -84.0     35   0.00     75   18.1  373.6  373.6  373.6
  103.5  16546  -77.5  -84.1     34   0.00     76   18.7  374.1  374.1  374.1
  103.3  16559  -77.2  -84.0     33   0.00     77   19.3  374.8  374.8  374.8
  103.1  16572  -76.9  -83.9     32   0.00     78   19.9  375.6  375.6  375.6
  102.8  16587  -76.7  -83.9     31   0.00     79   20.5  376.3  376.3  376.3
  102.5  16602  -76.6  -83.9     31   0.00     80   21.0  376.8  376.8  376.8
  102.3  16616  -76.5  -84.0     30   0.00     81   21.6  377.2  377.2  377.2
  102.0  16629  -76.4  -84.0     29   0.00     82   22.1  377.7  377.7  377.7
  101.8  16644  -76.3  -84.0     29   0.00     82   22.5  378.1  378.1  378.1
  101.6  16657  -76.1  -84.0     28   0.00     83   22.9  378.7  378.7  378.7
  101.3  16670  -76.0  -84.0     28   0.00     84   23.2  379.2  379.2  379.2
  101.1  16684  -76.0  -84.1     27   0.00     85   23.5  379.5  379.5  379.5
  100.8  16698  -76.0  -84.2     27   0.00     86   23.8  379.7  379.8  379.7
  100.6  16711  -76.0  -84.3     26   0.00     87   24.0  379.9  380.0  379.9
  100.4  16723  -76.0  -84.3     26   0.00     88   24.1  380.2  380.3  380.2
  100.2  16737  -76.0  -84.5     26   0.00     88   24.2  380.4  380.4  380.4
  100.0  16746  -76.0  -84.5     25   0.00     88   24.2  380.6  380.6  380.6
  100.0  16746  -76.0  -84.5     25   0.00     88   24.2  380.6  380.6  380.6
   99.9  16750  -76.0  -84.6     25   0.00     89   24.3  380.7  380.7  380.7
   99.7  16763  -76.0  -84.7     25   0.00     90   24.3  380.9  380.9  380.9
   99.5  16775  -76.0  -84.8     24   0.00     91   24.3  381.1  381.1  381.1
   99.3  16789  -76.1  -85.0     24   0.00     92   24.3  381.2  381.3  381.2
   99.0  16804  -76.1  -85.2     23   0.00     93   24.2  381.5  381.5  381.5
   98.8  16817  -76.2  -85.5     22   0.00     94   24.1  381.6  381.6  381.6
   98.5  16831  -76.2  -85.7     21   0.00     94   23.9  381.9  381.9  381.9
   98.3  16844  -76.0  -85.8     20   0.00     95   23.7  382.5  382.5  382.5
   98.1  16857  -75.7  -85.7     20   0.00     96   23.4  383.3  383.3  383.3
   97.8  16872  -75.6  -85.9     19   0.00     97   23.2  383.9  383.9  383.9
   97.6  16885  -75.5  -86.0     18   0.00     98   22.8  384.3  384.4  384.3
   97.4  16898  -75.2  -86.1     17   0.00     99   22.4  385.0  385.0  385.0
   97.2  16912  -75.0  -86.2     16   0.00    100   22.0  385.7  385.7  385.7
   96.9  16925  -74.8  -86.4     15   0.00    100   21.6  386.4  386.4  386.4
   96.7  16940  -74.2  -86.3     14   0.00    101   21.2  387.8  387.8  387.8
   96.5  16952  -73.6  -86.1     13   0.00    102   20.8  389.2  389.2  389.2
   96.3  16962  -73.2  -86.1     13   0.00    102   20.3  390.1  390.1  390.1
   96.2  16973  -72.8  -86.0     12   0.00    103   19.9  391.1  391.1  391.1
   96.0  16985  -72.6  -86.0     12   0.00    103   19.5  391.8  391.8  391.8
   95.8  16998  -72.4  -86.1     11   0.00    104   19.2  392.3  392.3  392.3
   95.5  17010  -72.4  -86.2     11   0.00    104   18.9  392.8  392.8  392.8
   95.3  17023  -72.2  -86.2     11   0.00    104   18.5  393.4  393.4  393.4
   95.1  17035  -72.0  -86.3     10   0.00    105   18.2  394.0  394.0  394.0
   95.0  17047  -71.8  -86.3     10   0.00    105   18.0  394.5  394.5  394.5
   94.8  17059  -71.8  -86.6      9   0.00    105   17.7  394.8  394.8  394.8
   94.6  17070  -71.8  -86.8      9   0.00    105   17.4  395.0  395.1  395.0
   94.4  17082  -71.6  -86.8      9   0.00    105   17.1  395.7  395.7  395.7
   94.2  17095  -71.3  -86.8      8   0.00    104   16.8  396.3  396.3  396.3
   94.0  17108  -71.4  -87.0      8   0.00    104   16.5  396.5  396.5  396.5
   93.8  17121  -71.3  -87.1      8   0.00    103   16.3  396.8  396.9  396.8
   93.6  17134  -71.3  -87.3      8   0.00    102   16.0  397.2  397.2  397.2
   93.3  17148  -71.2  -87.4      7   0.00    101   15.8  397.7  397.7  397.7
   93.1  17161  -71.2  -87.6      7   0.00    100   15.6  397.9  397.9  397.9
   92.9  17173  -71.2  -87.8      7   0.00     98   15.4  398.1  398.1  398.1
   92.7  17187  -71.2  -87.9      7   0.00     97   15.3  398.5  398.5  398.5
   92.5  17200  -71.1  -88.0      7   0.00     95   15.3  398.9  399.0  398.9
   92.3  17213  -71.1  -88.1      7   0.00     94   15.3  399.2  399.2  399.2
   92.1  17225  -70.9  -88.0      6   0.00     93   15.3  399.7  399.7  399.7
   91.9  17237  -70.8  -88.0      6   0.00     92   15.4  400.2  400.3  400.2
   91.7  17251  -70.8  -88.1      6   0.00     91   15.5  400.5  400.6  400.5
   91.5  17263  -70.7  -88.3      6   0.00     90   15.7  400.9  400.9  400.9
   91.4  17275  -70.6  -88.4      6   0.00     89   15.8  401.2  401.2  401.2
   91.2  17287  -70.5  -88.5      6   0.00     88   16.0  401.6  401.6  401.6
   91.0  17300  -70.4  -88.5      5   0.00     88   16.1  402.1  402.1  402.1
   90.8  17313  -70.2  -88.4      5   0.00     87   16.3  402.8  402.8  402.8
   90.6  17324  -70.2  -88.5      5   0.00     86   16.4  403.0  403.0  403.0
   90.4  17336  -70.1  -88.4      5   0.00     86   16.5  403.4  403.4  403.4
   90.2  17349  -70.0  -88.3      5   0.00     85   16.6  403.9  403.9  403.9
   90.0  17361  -69.9  -88.3      5   0.00     85   16.7  404.3  404.3  404.3
   89.9  17372  -69.8  -88.1      5   0.00     84   16.7  404.8  404.8  404.8
   89.7  17384  -69.7  -88.1      5   0.00     84   16.8  405.1  405.1  405.1
   89.5  17396  -69.8  -88.2      5   0.00     83   16.8  405.2  405.2  405.2
   89.3  17408  -69.9  -88.2      5   0.00     83   16.8  405.3  405.3  405.3
   89.1  17421  -70.0  -88.2      5   0.00     82   16.7  405.4  405.4  405.4
   89.0  17433  -70.0  -88.3      5   0.00     82   16.7  405.4  405.4  405.4
   88.8  17445  -70.1  -88.4      5   0.00     81   16.6  405.5  405.5  405.5
   88.6  17456  -70.2  -88.4      5   0.00     81   16.5  405.6  405.6  405.6
   88.4  17468  -70.1  -88.4      5   0.00     81   16.4  406.0  406.0  406.0
   88.3  17479  -70.0  -88.3      5   0.00     81   16.2  406.3  406.3  406.3
   88.1  17491  -70.1  -88.2      6   0.00     81   16.1  406.5  406.5  406.5
   87.9  17502  -70.2  -88.2      6   0.00     81   15.9  406.5  406.5  406.5
   87.8  17514  -70.3  -88.2      6   0.00     81   15.7  406.5  406.5  406.5
   87.6  17526  -70.4  -88.2      6   0.00     81   15.5  406.6  406.6  406.6
   87.4  17536  -70.5  -88.3      6   0.00     81   15.4  406.7  406.7  406.7
   87.3  17547  -70.5  -88.3      6   0.00     82   15.2  406.6  406.6  406.6
   87.1  17558  -70.6  -88.3      6   0.00     82   15.0  406.7  406.8  406.7
   87.0  17568  -70.7  -88.3      6   0.00     83   14.8  406.7  406.7  406.7
   86.8  17579  -70.8  -88.4      6   0.00     83   14.7  406.8  406.8  406.8
   86.7  17589  -70.9  -88.4      6   0.00     83   14.5  406.7  406.7  406.7
   86.5  17599  -71.0  -88.4      6   0.00     84   14.3  406.8  406.8  406.8
   86.3  17610  -71.1  -88.4      6   0.00     84   14.2  406.9  406.9  406.9
   86.2  17621  -71.2  -88.4      6   0.00     84   14.1  406.9  406.9  406.9
   86.0  17631  -71.2  -88.4      6   0.00     85   13.9  407.1  407.1  407.1
   85.9  17641  -71.2  -88.4      6   0.00     85   13.8  407.1  407.1  407.1
   85.8  17651  -71.2  -88.3      6   0.00     85   13.7  407.3  407.3  407.3
   85.6  17661  -71.2  -88.2      6   0.00     85   13.6  407.6  407.6  407.6
   85.5  17670  -71.2  -88.2      7   0.00     85   13.5  407.8  407.8  407.8
   85.3  17679  -71.2  -88.2      7   0.00     85   13.5  408.0  408.0  408.0
   85.2  17689  -71.2  -88.2      7   0.00     85   13.4  408.1  408.1  408.1
   85.1  17697  -71.2  -88.2      6   0.00     85   13.3  408.4  408.4  408.4
   85.0  17704  -71.1  -88.1      6   0.00     85   13.2  408.7  408.7  408.7
   84.9  17711  -71.0  -88.1      6   0.00     85   13.1  408.9  408.9  408.9
   84.8  17718  -71.0  -88.1      6   0.00     85   13.1  409.1  409.1  409.1
   84.7  17725  -71.0  -88.1      6   0.00     85   13.0  409.3  409.3  409.3
   84.6  17732  -71.0  -88.1      6   0.00     85   12.8  409.4  409.4  409.4
   84.5  17738  -71.0  -88.1      6   0.00     85   12.7  409.4  409.4  409.4
   84.4  17744  -71.1  -88.2      6   0.00     85   12.6  409.5  409.6  409.5
   84.3  17750  -71.0  -88.2      6   0.00     86   12.5  409.7  409.7  409.7
   84.2  17756  -71.0  -88.2      6   0.00     86   12.3  409.9  409.9  409.9
   84.1  17768  -70.8  -88.2      6   0.00     86   12.0  410.4  410.4  410.4
   84.0  17774  -70.7  -88.1      6   0.00     86   11.9  410.7  410.7  410.7
   83.9  17780  -70.7  -88.1      6   0.00     86   11.7  411.0  411.0  411.0
   83.8  17785  -70.7  -88.1      6   0.00     86   11.6  411.2  411.2  411.2
   83.7  17796  -70.7  -88.2      6   0.00     86   11.3  411.3  411.3  411.3
   83.6  17801  -70.7  -88.2      6   0.00     85   11.2  411.4  411.4  411.4
   83.5  17806  -70.7  -88.2      6   0.00     85   11.1  411.5  411.5  411.5
   83.4  17815  -70.7  -88.3      6   0.00     84   11.0  411.6  411.6  411.6
   83.3  17820  -70.7  -88.3      6   0.00     84   10.9  411.7  411.7  411.7
   83.2  17828  -70.8  -88.4      6   0.00     83   10.8  411.8  411.8  411.8
   83.1  17836  -70.8  -88.5      6   0.00     82   10.7  411.8  411.8  411.8
   83.0  17843  -70.8  -88.5      6   0.00     82   10.7  412.0  412.0  412.0
   82.9  17849  -70.9  -88.4      6   0.00     81   10.7  412.1  412.1  412.1
   82.8  17856  -70.9  -88.5      6   0.00     81   10.7  412.2  412.2  412.2
   70.0  18865                                                               
