Latitude: 22.312 Longitude: 114.17
-----------------------------------------------------------------------------
   PRES   HGHT   TEMP   DWPT   RELH   MIXR   DRCT   SPED   THTA   THTE   THTV
    hPa      m      C      C      %   g/kg    deg    m/s      K      K      K 
-----------------------------------------------------------------------------
 1000.6     66   29.3   26.1     83  21.78    255    1.8  302.4  367.3  306.3
 1000.0     71   29.3   26.1     83  21.78    261    1.8  302.4  367.4  306.3
  998.4     85   29.2   26.1     83  21.75    261    1.8  302.5  367.4  306.4
  997.2     96   29.1   25.9     83  21.59    259    2.0  302.5  366.8  306.3
  995.9    108   28.9   25.7     83  21.32    257    2.2  302.4  365.9  306.2
  994.8    118   28.8   25.6     83  21.24    255    2.4  302.4  365.7  306.3
  993.8    127   28.7   25.6     83  21.19    253    2.5  302.4  365.5  306.2
  992.6    137   28.6   25.5     83  21.08    251    2.6  302.4  365.1  306.2
  991.5    147   28.5   25.4     83  21.05    249    2.6  302.4  365.1  306.2
  990.6    156   28.4   25.4     83  21.00    248    2.7  302.4  365.0  306.2
  989.8    162   28.4   25.5     84  21.18    246    2.7  302.5  365.6  306.3
  988.9    171   28.3   25.4     84  21.13    244    2.7  302.5  365.4  306.3
  988.0    179   28.3   25.4     84  21.07    243    2.7  302.5  365.3  306.3
  987.2    186   28.2   25.3     84  21.00    242    2.8  302.5  365.0  306.2
  986.3    195   28.2   25.2     84  20.92    241    2.9  302.5  364.8  306.3
  985.3    203   28.1   25.2     84  20.90    240    3.0  302.5  364.8  306.3
  984.5    210   28.0   25.2     85  20.96    240    3.1  302.5  364.9  306.3
  983.8    217   27.9   25.2     85  20.93    239    3.4  302.5  364.8  306.2
  982.8    227   27.8   25.2     85  20.90    240    3.6  302.5  364.7  306.2
  981.3    240   27.7   25.1     85  20.83    240    4.0  302.5  364.6  306.3
  979.8    253   27.6   25.1     86  20.85    241    4.3  302.5  364.7  306.3
  978.5    265   27.5   25.0     86  20.76    241    4.7  302.5  364.4  306.3
  977.1    278   27.4   25.0     87  20.80    242    5.2  302.5  364.5  306.3
  975.7    290   27.3   24.9     87  20.79    243    5.6  302.5  364.5  306.3
  974.6    301   27.2   25.1     88  20.96    244    6.1  302.5  365.0  306.3
  973.4    312   27.0   24.9     88  20.75    245    6.5  302.5  364.3  306.2
  972.5    320   27.0   24.8     88  20.62    246    6.9  302.5  363.9  306.3
  971.9    326   26.9   24.6     87  20.49    247    7.3  302.5  363.6  306.2
  971.1    333   26.9   24.6     87  20.42    248    7.7  302.6  363.4  306.2
  970.2    341   26.8   24.6     88  20.41    249    8.0  302.5  363.3  306.2
  969.2    350   26.7   24.5     87  20.32    249    8.3  302.6  363.1  306.2
  968.3    358   26.7   24.2     86  20.06    250    8.6  302.6  362.3  306.2
  967.7    364   26.7   24.2     86  19.98    250    8.8  302.7  362.2  306.3
  966.9    371   26.6   24.2     87  20.05    250    8.9  302.6  362.4  306.3
  966.0    380   26.6   24.1     86  19.88    250    9.1  302.7  361.9  306.3
  965.0    388   26.5   24.0     86  19.80    250    9.2  302.7  361.7  306.3
  964.2    396   26.5   23.8     85  19.55    250    9.3  302.8  361.0  306.3
  963.2    405   26.5   23.6     84  19.37    250    9.3  302.9  360.6  306.4
  962.1    415   26.4   23.6     85  19.44    250    9.4  302.9  360.8  306.4
  961.1    425   26.4   23.4     84  19.15    250    9.4  302.9  360.0  306.4
  960.0    435   26.4   23.1     82  18.88    250    9.4  303.0  359.3  306.5
  958.9    445   26.3   22.8     81  18.58    250    9.3  303.1  358.5  306.5
  957.9    454   26.3   22.7     80  18.40    250    9.2  303.2  358.1  306.5
  956.8    464   26.3   22.6     80  18.38    251    9.1  303.2  358.0  306.5
  955.6    476   26.2   22.4     80  18.16    251    9.0  303.3  357.5  306.6
  954.4    487   26.2   22.3     79  18.00    252    8.9  303.4  357.1  306.6
  953.3    497   26.1   22.2     79  17.98    252    8.8  303.4  357.0  306.6
  952.2    507   26.1   22.1     79  17.90    253    8.6  303.4  356.9  306.7
  951.2    517   26.0   22.1     79  17.88    253    8.5  303.4  356.8  306.7
  950.2    526   25.9   22.1     80  17.94    253    8.4  303.5  357.0  306.7
  949.1    536   25.8   22.1     80  17.88    254    8.2  303.5  356.9  306.7
  948.0    546   25.8   21.9     79  17.74    254    8.1  303.5  356.5  306.7
  947.0    556   25.7   21.9     79  17.69    254    8.0  303.6  356.4  306.8
  945.9    565   25.6   22.0     80  17.88    254    7.9  303.6  357.0  306.8
  944.7    577   25.5   22.0     81  17.88    255    7.9  303.6  357.0  306.8
  943.5    588   25.4   21.9     81  17.76    255    7.8  303.6  356.6  306.8
  942.4    599   25.4   21.8     81  17.71    255    7.8  303.6  356.5  306.8
  941.3    609   25.3   21.8     81  17.69    256    7.7  303.6  356.5  306.9
  940.2    620   25.2   21.6     80  17.53    256    7.7  303.7  356.0  306.9
  939.0    630   25.2   21.4     79  17.38    257    7.6  303.8  355.7  306.9
  937.8    642   25.1   21.4     80  17.35    257    7.5  303.8  355.7  307.0
  936.5    654   25.0   21.4     80  17.38    258    7.5  303.8  355.8  307.0
  935.3    666   24.9   21.5     81  17.47    259    7.4  303.8  356.0  307.0
  934.1    677   24.8   21.4     81  17.44    260    7.3  303.8  356.0  307.0
  932.9    688   24.7   21.4     82  17.43    260    7.2  303.8  355.9  307.0
  931.7    699   24.6   21.3     82  17.36    261    7.1  303.8  355.7  307.0
  930.4    712   24.6   21.2     82  17.33    261    7.0  303.9  355.7  307.0
  929.1    724   24.4   21.2     82  17.36    261    6.9  303.9  355.8  307.1
  927.9    736   24.3   21.3     83  17.39    261    6.8  303.9  355.9  307.1
  926.4    749   24.2   21.3     84  17.42    261    6.8  303.9  356.0  307.1
  925.0    763   24.1   21.1     84  17.31    261    6.8  303.9  355.7  307.1
  923.8    774   24.0   21.0     83  17.21    260    6.7  303.9  355.4  307.1
  922.8    784   23.9   21.0     84  17.22    259    6.7  303.9  355.4  307.1
  921.7    794   23.9   21.0     84  17.18    258    6.7  304.0  355.4  307.1
  920.6    805   23.8   20.9     84  17.19    257    6.8  304.0  355.4  307.1
  919.5    815   23.7   20.9     84  17.14    257    6.8  304.0  355.3  307.1
  918.5    825   23.6   20.8     85  17.09    257    6.9  304.0  355.1  307.1
  917.5    835   23.5   20.7     84  17.03    257    7.0  304.0  355.0  307.1
  916.3    845   23.5   20.6     84  16.95    257    7.1  304.1  354.9  307.2
  915.2    856   23.4   20.6     84  16.96    257    7.2  304.2  354.9  307.2
  914.2    866   23.3   20.6     84  16.92    258    7.3  304.2  354.8  307.3
  913.3    874   23.3   20.4     84  16.76    258    7.3  304.3  354.5  307.3
  912.3    884   23.4   20.4     83  16.72    259    7.4  304.5  354.5  307.5
  911.3    894   23.4   20.3     83  16.68    260    7.5  304.5  354.5  307.5
  910.2    905   23.4   20.3     83  16.71    261    7.5  304.6  354.7  307.6
  909.1    915   23.3   20.2     83  16.58    261    7.5  304.6  354.3  307.6
  908.0    925   23.3   20.1     82  16.49    262    7.6  304.8  354.3  307.8
  907.1    934   23.3   20.0     82  16.46    262    7.6  304.9  354.3  307.9
  906.1    944   23.3   20.0     82  16.42    263    7.6  304.9  354.2  307.9
  905.1    954   23.3   19.8     81  16.31    263    7.6  305.0  354.0  308.0
  904.0    964   23.4   19.8     80  16.30    263    7.5  305.2  354.2  308.2
  902.9    975   23.3   19.8     81  16.30    263    7.5  305.2  354.2  308.2
  901.7    986   23.2   19.8     81  16.38    263    7.5  305.3  354.5  308.3
  900.6    997   23.3   20.0     82  16.56    263    7.5  305.4  355.2  308.4
  899.6   1007   23.2   20.0     82  16.62    263    7.5  305.5  355.5  308.5
  898.4   1018   23.1   20.1     83  16.72    262    7.5  305.5  355.8  308.6
  897.2   1030   23.0   20.2     84  16.80    262    7.5  305.5  356.1  308.6
  896.1   1041   23.0   20.2     85  16.89    261    7.6  305.5  356.4  308.6
  895.1   1051   22.9   20.2     85  16.92    261    7.6  305.5  356.5  308.6
  894.0   1062   22.8   20.2     86  16.92    260    7.6  305.5  356.5  308.6
  892.9   1072   22.7   20.2     86  16.92    259    7.7  305.5  356.5  308.6
  891.8   1083   22.6   20.2     87  16.95    258    7.7  305.5  356.6  308.6
  890.8   1093   22.5   20.1     87  16.91    258    7.7  305.6  356.4  308.6
  889.9   1102   22.4   20.2     87  16.98    257    7.7  305.5  356.6  308.6
  888.8   1113   22.3   20.4     89  17.26    256    7.7  305.6  357.5  308.7
  887.7   1123   22.3   20.6     90  17.41    255    7.7  305.6  358.1  308.8
  886.7   1133   22.2   20.5     90  17.34    254    7.6  305.7  357.9  308.8
  885.6   1144   22.2   20.3     89  17.16    253    7.6  305.8  357.5  308.9
  884.6   1154   22.1   20.1     88  16.97    252    7.5  305.8  357.0  308.9
  883.5   1165   22.1   20.0     88  16.86    252    7.3  305.9  356.7  309.0
  882.4   1176   22.0   19.9     88  16.80    251    7.2  305.9  356.6  309.0
  881.4   1186   22.0   19.7     87  16.66    251    7.0  306.0  356.2  309.0
  880.4   1195   22.0   19.6     87  16.55    250    6.9  306.1  356.0  309.1
  879.3   1207   21.9   19.6     87  16.54    250    6.7  306.1  356.0  309.1
  878.1   1218   21.8   19.5     87  16.43    250    6.5  306.1  355.7  309.1
  877.1   1229   21.8   19.4     86  16.36    250    6.4  306.2  355.5  309.2
  876.0   1239   21.7   19.3     86  16.27    250    6.3  306.2  355.3  309.2
  875.0   1250   21.7   18.9     84  15.95    250    6.1  306.4  354.5  309.3
  874.0   1259   21.7   18.7     83  15.77    250    6.1  306.4  354.0  309.3
  873.0   1269   21.8   18.4     81  15.46    250    6.0  306.6  353.3  309.4
  872.0   1279   21.8   18.3     81  15.33    250    5.9  306.7  353.0  309.5
  871.0   1289   21.7   18.2     80  15.28    250    5.9  306.7  353.0  309.5
  869.8   1302   21.7   18.1     80  15.19    250    5.9  306.8  352.8  309.6
  868.6   1313   21.6   17.8     79  14.91    249    5.9  306.9  352.0  309.6
  867.6   1323   21.6   17.6     78  14.73    249    5.9  307.0  351.6  309.7
  866.6   1333   21.5   17.6     78  14.77    249    5.8  307.0  351.7  309.7
  865.5   1344   21.5   17.5     78  14.72    249    5.8  307.0  351.6  309.7
  864.4   1355   21.4   17.4     78  14.60    248    5.7  307.1  351.4  309.8
  863.5   1364   21.4   17.4     78  14.67    248    5.6  307.2  351.6  309.9
  862.5   1374   21.3   17.4     78  14.68    247    5.5  307.2  351.7  309.9
  861.5   1385   21.2   17.4     79  14.70    246    5.4  307.2  351.8  309.9
  860.5   1395   21.2   17.4     79  14.67    246    5.3  307.2  351.7  309.9
  859.6   1404   21.2   17.3     79  14.64    245    5.1  307.3  351.8  310.0
  858.7   1413   21.2   17.1     78  14.46    244    5.0  307.4  351.3  310.1
  857.7   1423   21.2   16.8     76  14.21    243    4.9  307.5  350.7  310.1
  856.5   1435   21.2   16.5     75  13.95    242    4.7  307.6  350.1  310.2
  855.5   1445   21.1   16.5     75  13.97    241    4.6  307.7  350.2  310.3
  854.5   1455   21.0   16.6     76  14.03    240    4.5  307.7  350.3  310.3
  853.6   1465   20.9   16.6     76  14.08    240    4.4  307.7  350.4  310.3
  852.8   1473   20.8   16.5     76  14.02    239    4.3  307.7  350.2  310.2
  852.1   1480   20.8   16.5     76  13.97    238    4.2  307.7  350.1  310.2
  851.3   1488   20.7   16.4     76  13.93    237    4.2  307.7  350.0  310.3
  850.4   1497   20.7   16.2     75  13.77    237    4.1  307.8  349.7  310.3
  850.0   1501   20.7   16.0     74  13.60    236    4.1  307.9  349.2  310.4
  849.4   1507   20.8   15.7     73  13.36    236    4.1  308.0  348.6  310.4
  848.7   1515   20.8   15.6     72  13.25    236    4.1  308.1  348.4  310.5
  848.0   1521   20.8   15.6     72  13.23    235    4.1  308.1  348.4  310.6
  847.2   1529   20.8   15.5     72  13.23    235    4.1  308.2  348.5  310.6
  846.3   1539   20.7   15.5     72  13.22    235    4.1  308.2  348.5  310.6
  845.4   1548   20.6   15.5     73  13.26    235    4.1  308.2  348.6  310.7
  844.4   1559   20.5   15.5     73  13.20    235    4.0  308.2  348.5  310.7
  843.5   1568   20.5   15.2     72  13.01    236    4.0  308.3  348.0  310.7
  842.7   1576   20.5   15.1     71  12.90    237    3.9  308.4  347.8  310.8
  842.1   1582   20.5   15.0     70  12.84    238    3.8  308.5  347.7  310.8
  841.4   1589   20.6   14.9     70  12.76    239    3.7  308.6  347.5  310.9
  840.5   1598   20.5   14.8     70  12.70    240    3.5  308.6  347.4  311.0
  839.5   1609   20.5   14.6     69  12.56    242    3.4  308.7  347.1  311.0
  838.6   1618   20.5   14.7     69  12.66    243    3.2  308.8  347.5  311.1
  837.8   1627   20.4   15.3     72  13.14    244    3.1  308.8  349.0  311.3
  837.1   1634   20.4   15.9     76  13.73    246    3.0  308.8  350.7  311.3
  836.3   1642   20.3   16.1     77  13.88    246    2.9  308.8  351.2  311.4
  835.4   1652   20.2   15.8     76  13.67    247    2.8  308.8  350.6  311.4
  834.5   1660   20.2   15.3     73  13.19    247    2.7  309.0  349.3  311.4
  833.8   1668   20.3   14.8     71  12.79    247    2.7  309.0  348.2  311.4
  832.9   1677   20.3   14.2     68  12.31    246    2.7  309.2  346.9  311.5
  831.9   1688   20.3   14.8     71  12.86    246    2.8  309.3  348.6  311.6
  830.9   1698   20.1   15.4     74  13.37    245    2.9  309.2  350.1  311.7
  829.9   1708   20.1   15.3     74  13.32    244    3.0  309.2  350.0  311.7
  829.1   1717   20.0   15.3     74  13.28    244    3.1  309.3  349.9  311.7
  828.2   1726   19.9   15.3     75  13.32    244    3.2  309.3  350.0  311.7
  827.5   1734   19.8   15.1     74  13.19    244    3.3  309.3  349.6  311.7
  826.7   1742   19.8   15.0     74  13.06    244    3.3  309.3  349.3  311.8
  826.0   1750   19.8   15.0     74  13.14    244    3.4  309.4  349.6  311.8
  825.2   1757   19.7   15.1     75  13.22    244    3.4  309.4  349.9  311.8
  824.5   1765   19.7   15.1     75  13.23    245    3.5  309.4  349.9  311.9
  823.8   1772   19.6   15.1     75  13.19    245    3.5  309.4  349.8  311.9
  823.1   1780   19.6   14.9     74  13.05    246    3.5  309.5  349.4  311.9
  822.3   1788   19.6   14.8     74  12.95    246    3.4  309.5  349.2  311.9
  821.5   1797   19.5   14.6     73  12.79    247    3.4  309.6  348.8  311.9
  820.6   1806   19.5   14.2     72  12.54    247    3.4  309.6  348.1  312.0
  819.7   1815   19.4   14.2     72  12.50    247    3.4  309.7  348.0  312.0
  818.9   1824   19.3   14.2     72  12.52    248    3.4  309.7  348.1  312.0
  818.1   1832   19.3   14.1     72  12.46    248    3.4  309.7  347.9  312.0
  817.5   1839   19.2   14.1     72  12.46    248    3.4  309.7  347.9  312.0
  816.7   1847   19.2   14.0     72  12.42    249    3.4  309.7  347.9  312.0
  815.9   1855   19.2   13.8     71  12.28    249    3.4  309.8  347.5  312.1
  815.2   1863   19.1   13.6     70  12.13    249    3.4  309.9  347.1  312.1
  814.5   1870   19.1   13.5     70  12.00    249    3.4  309.9  346.8  312.2
  813.9   1877   19.1   13.4     70  11.98    248    3.4  310.0  346.8  312.2
  813.2   1884   19.1   13.4     70  11.95    248    3.4  310.0  346.8  312.2
  812.5   1892   19.0   13.4     70  11.97    248    3.4  310.0  346.8  312.3
  811.7   1900   19.0   13.3     69  11.90    247    3.5  310.1  346.7  312.3
  810.9   1908   18.9   13.3     70  11.92    247    3.5  310.1  346.8  312.3
  810.1   1917   18.9   13.3     70  11.93    247    3.5  310.2  346.9  312.4
  809.2   1926   18.8   13.2     70  11.91    247    3.6  310.2  346.8  312.4
  808.5   1934   18.8   13.1     70  11.82    248    3.6  310.2  346.6  312.4
  807.7   1942   18.7   13.1     70  11.82    249    3.6  310.2  346.6  312.4
  807.1   1949   18.7   13.1     70  11.81    251    3.6  310.2  346.6  312.4
  806.6   1955   18.6   13.1     70  11.81    253    3.5  310.3  346.6  312.5
  805.9   1961   18.6   13.1     70  11.86    255    3.5  310.3  346.8  312.5
  805.2   1969   18.5   13.0     70  11.74    258    3.5  310.3  346.5  312.5
  804.3   1979   18.5   12.7     69  11.55    260    3.4  310.4  346.0  312.6
  803.3   1990   18.5   12.7     69  11.54    263    3.3  310.5  346.0  312.6
  802.3   2000   18.4   12.6     69  11.48    266    3.2  310.5  345.9  312.6
  801.5   2008   18.4   12.6     69  11.48    268    3.1  310.5  345.9  312.7
  800.9   2015   18.3   12.6     69  11.52    270    3.0  310.5  346.1  312.7
  800.3   2022   18.3   12.5     69  11.49    271    2.9  310.6  346.0  312.7
  799.5   2030   18.2   12.5     69  11.49    272    2.8  310.6  346.0  312.7
  798.6   2040   18.1   12.4     69  11.41    271    2.7  310.6  345.8  312.7
  797.7   2050   18.0   12.4     69  11.39    269    2.5  310.6  345.7  312.7
  796.8   2059   18.0   12.4     70  11.43    265    2.4  310.6  345.9  312.8
  796.0   2068   17.9   12.4     70  11.43    260    2.3  310.6  345.9  312.8
  795.1   2078   17.8   12.3     70  11.41    254    2.2  310.7  345.9  312.8
  794.2   2087   17.7   12.4     71  11.45    247    2.1  310.7  346.0  312.8
  793.4   2096   17.7   12.5     72  11.59    240    2.1  310.7  346.4  312.9
  792.5   2106   17.6   12.6     73  11.65    233    2.1  310.7  346.6  312.9
  791.6   2115   17.5   12.6     73  11.67    227    2.1  310.7  346.7  312.9
  790.8   2124   17.5   12.5     73  11.63    223    2.2  310.8  346.7  313.0
  790.0   2133   17.5   12.5     73  11.64    220    2.2  310.9  346.8  313.0
  789.0   2143   17.4   12.5     73  11.59    218    2.3  310.9  346.7  313.0
  788.1   2153   17.4   12.1     71  11.34    218    2.4  311.0  346.0  313.1
  787.4   2161   17.3   11.9     71  11.23    219    2.4  311.0  345.7  313.1
  786.8   2168   17.3   11.9     70  11.17    222    2.5  311.1  345.6  313.1
  786.0   2176   17.3   11.8     70  11.11    225    2.5  311.1  345.5  313.2
  785.2   2184   17.2   11.7     70  11.05    229    2.6  311.1  345.3  313.2
  784.5   2192   17.2   11.6     70  11.01    233    2.7  311.1  345.2  313.2
  783.7   2201   17.1   11.6     70  10.99    238    2.7  311.2  345.2  313.2
  782.9   2210   17.1   11.4     69  10.87    242    2.8  311.2  344.9  313.3
  782.1   2219   17.0   11.3     69  10.83    246    2.9  311.3  344.8  313.3
  781.3   2227   16.9   11.3     69  10.84    249    2.9  311.3  344.8  313.3
  780.6   2236   16.9   11.3     70  10.84    252    3.0  311.3  344.8  313.3
  779.7   2245   16.8   11.3     70  10.85    255    3.0  311.3  344.9  313.3
  778.9   2253   16.7   11.4     71  10.91    257    2.9  311.3  345.1  313.4
  778.2   2262   16.7   11.4     71  10.96    259    2.9  311.3  345.3  313.4
  777.3   2271   16.6   11.3     71  10.87    259    2.8  311.4  345.1  313.4
  776.5   2280   16.6   11.2     71  10.83    259    2.7  311.4  345.0  313.5
  775.6   2290   16.5   11.2     71  10.85    259    2.6  311.4  345.1  313.5
  774.8   2299   16.4   11.2     71  10.86    257    2.5  311.4  345.1  313.5
  774.1   2307   16.3   11.2     72  10.85    254    2.4  311.4  345.0  313.5
  773.3   2315   16.2   11.2     72  10.84    251    2.3  311.4  345.0  313.5
  772.5   2325   16.2   11.2     72  10.85    247    2.3  311.5  345.1  313.5
  771.6   2335   16.1   11.2     73  10.91    242    2.3  311.5  345.3  313.5
  770.8   2343   16.0   11.2     73  10.94    238    2.3  311.5  345.4  313.6
  770.2   2350   16.0   11.3     74  10.97    233    2.3  311.5  345.5  313.6
  769.5   2357   15.9   11.3     74  11.04    229    2.3  311.5  345.7  313.6
  768.8   2365   15.8   11.4     75  11.08    226    2.4  311.5  345.9  313.6
  767.9   2375   15.8   11.4     75  11.09    223    2.4  311.5  345.9  313.6
  766.9   2386   15.7   11.3     75  11.07    221    2.5  311.6  345.9  313.6
  766.1   2395   15.7   11.0     74  10.83    219    2.6  311.6  345.2  313.7
  765.3   2403   15.6   10.8     73  10.68    219    2.7  311.7  344.8  313.7
  764.8   2409   15.6   10.8     73  10.70    218    2.7  311.7  344.9  313.7
  764.2   2416   15.6   10.8     73  10.74    219    2.8  311.8  345.1  313.8
  763.4   2425   15.5   10.9     74  10.78    219    2.9  311.8  345.2  313.8
  762.5   2435   15.4   10.8     74  10.74    221    3.0  311.8  345.1  313.8
  761.8   2443   15.3   10.8     74  10.71    222    3.1  311.8  345.1  313.8
  761.2   2450   15.3   10.8     75  10.75    224    3.2  311.8  345.2  313.8
  760.3   2460   15.2   10.8     75  10.75    225    3.3  311.8  345.2  313.9
  759.3   2471   15.1   10.7     75  10.70    227    3.4  311.8  345.0  313.8
  758.4   2481   15.0   10.7     75  10.71    229    3.5  311.9  345.1  313.9
  757.5   2491   14.9   10.8     76  10.82    230    3.6  311.9  345.4  313.9
  756.5   2502   14.8   10.9     77  10.90    232    3.7  311.9  345.7  313.9
  755.7   2511   14.8   11.0     78  10.99    233    3.8  311.9  346.0  313.9
  754.9   2520   14.7   11.2     79  11.11    235    3.9  311.9  346.4  314.0
  754.1   2529   14.6   10.6     77  10.75    236    3.9  312.0  345.3  314.0
  753.4   2537   14.6   10.2     75  10.42    238    3.9  312.0  344.4  314.0
  752.6   2546   14.6   10.4     76  10.59    240    3.9  312.1  345.0  314.1
  751.6   2557   14.5   10.5     77  10.69    241    3.9  312.1  345.3  314.1
  750.8   2566   14.4   10.4     76  10.58    243    3.9  312.1  345.0  314.1
  750.0   2575   14.4   10.3     77  10.59    245    3.9  312.2  345.1  314.2
  749.2   2585   14.3   10.4     77  10.65    247    3.8  312.2  345.3  314.2
  748.4   2594   14.2   10.3     77  10.60    248    3.8  312.2  345.2  314.2
  747.7   2601   14.2   10.2     77  10.54    250    3.8  312.2  345.0  314.2
  747.0   2609   14.2   10.2     77  10.51    252    3.8  312.3  345.0  314.2
  746.3   2617   14.1   10.0     76  10.38    254    3.8  312.3  344.6  314.3
  745.6   2625   14.1    9.9     76  10.30    256    3.8  312.4  344.4  314.3
  744.7   2635   14.0    9.8     76  10.27    257    3.8  312.4  344.4  314.3
  743.8   2645   14.0    9.8     76  10.28    259    3.9  312.4  344.4  314.4
  743.1   2653   13.9    9.9     77  10.37    260    3.9  312.5  344.7  314.4
  742.4   2661   13.8   10.2     78  10.56    262    3.9  312.5  345.4  314.5
  741.6   2670   13.8   10.2     79  10.62    263    3.9  312.5  345.5  314.5
  740.8   2680   13.7   10.2     79  10.59    265    3.8  312.5  345.5  314.5
  739.9   2690   13.7   10.1     79  10.55    266    3.8  312.6  345.4  314.6
  739.0   2700   13.6    9.9     78  10.40    268    3.7  312.7  345.0  314.6
  738.3   2708   13.6    9.7     77  10.26    271    3.7  312.7  344.7  314.6
  737.5   2717   13.5    9.7     78  10.30    273    3.6  312.7  344.9  314.7
  736.7   2727   13.5    9.7     78  10.32    276    3.5  312.7  344.9  314.7
  735.8   2737   13.4    9.6     78  10.27    278    3.3  312.8  344.8  314.7
  735.0   2746   13.3    9.5     78  10.18    281    3.2  312.8  344.5  314.7
  734.3   2755   13.3    9.3     76  10.06    284    3.1  312.9  344.3  314.8
  733.5   2764   13.3    9.2     77  10.04    286    2.9  312.9  344.3  314.8
  732.5   2774   13.2    9.2     77  10.00    289    2.8  313.0  344.2  314.8
  731.7   2784   13.1    9.1     76   9.94    291    2.6  313.0  344.0  314.9
  730.9   2793   13.0    9.1     77   9.99    292    2.5  313.0  344.2  314.9
  730.0   2803   13.0    9.1     77   9.99    293    2.4  313.0  344.3  314.9
  729.2   2813   12.9    9.1     78   9.99    293    2.3  313.0  344.2  314.9
  728.3   2823   12.8    9.0     78   9.96    293    2.2  313.1  344.1  314.9
  727.5   2833   12.7    8.9     78   9.93    293    2.1  313.1  344.1  314.9
  726.6   2843   12.6    8.9     78   9.89    292    2.1  313.1  344.0  315.0
  725.9   2851   12.6    8.8     77   9.83    292    2.2  313.2  343.9  315.0
  725.3   2858   12.7    8.7     77   9.80    292    2.2  313.3  343.9  315.1
  724.4   2868   12.7    8.2     74   9.45    293    2.4  313.4  343.0  315.2
  723.5   2879   12.9    6.3     65   8.34    294    2.5  313.7  340.0  315.3
  722.7   2888   12.9    5.9     62   8.08    295    2.7  313.9  339.4  315.4
  722.0   2896   12.9    5.9     62   8.11    297    3.0  314.0  339.5  315.5
  721.1   2906   12.9    6.4     65   8.41    298    3.2  314.1  340.6  315.7
  720.3   2917   12.8    6.8     67   8.66    300    3.4  314.1  341.4  315.7
  719.5   2925   12.8    6.8     67   8.65    302    3.6  314.1  341.4  315.8
  718.9   2933   12.7    6.9     68   8.71    303    3.8  314.1  341.6  315.8
  718.2   2941   12.6    6.9     68   8.74    305    3.9  314.1  341.6  315.8
  717.4   2950   12.6    7.1     70   8.88    306    4.0  314.1  342.1  315.8
  716.4   2961   12.5    7.2     70   8.95    307    4.1  314.2  342.3  315.9
  715.6   2972   12.4    7.5     72   9.12    308    4.0  314.2  342.9  315.9
  714.9   2980   12.4    7.6     72   9.20    309    4.0  314.3  343.2  316.0
  714.2   2988   12.3    7.6     73   9.23    309    3.8  314.3  343.3  316.0
  713.5   2996   12.2    7.6     73   9.24    310    3.6  314.3  343.3  316.0
  712.7   3005   12.2    7.6     74   9.25    310    3.4  314.3  343.4  316.1
  711.9   3014   12.1    7.6     74   9.22    310    3.2  314.3  343.3  316.1
  711.2   3023   12.0    7.4     73   9.14    310    3.0  314.3  343.1  316.1
  710.5   3031   11.9    7.4     74   9.13    310    2.8  314.3  343.1  316.1
  709.8   3040   11.9    7.3     74   9.10    309    2.6  314.3  343.0  316.1
  708.8   3051   11.8    7.2     73   9.03    309    2.4  314.4  342.8  316.1
  707.7   3064   11.7    7.2     74   9.03    308    2.3  314.4  342.8  316.1
  706.8   3075   11.6    6.9     73   8.87    307    2.2  314.4  342.4  316.1
  706.0   3084   11.5    6.9     73   8.90    307    2.2  314.5  342.5  316.1
  705.2   3094   11.5    6.8     73   8.84    306    2.2  314.5  342.3  316.1
  704.4   3104   11.4    6.7     73   8.76    305    2.2  314.5  342.1  316.2
  703.6   3113   11.3    6.6     73   8.73    304    2.2  314.5  342.0  316.2
  702.9   3122   11.2    6.6     73   8.74    303    2.3  314.5  342.1  316.2
  702.0   3132   11.2    6.1     71   8.44    302    2.3  314.6  341.2  316.2
  701.1   3142   11.2    5.4     68   8.08    301    2.4  314.7  340.2  316.2
  700.2   3154   11.1    5.7     69   8.22    299    2.5  314.7  340.7  316.2
  700.0   3156   11.0    5.7     70   8.25    298    2.5  314.7  340.8  316.2
  699.1   3166   11.0    6.0     71   8.41    298    2.5  314.7  341.3  316.3
  698.1   3178   10.9    6.2     73   8.54    296    2.6  314.7  341.7  316.3
  697.2   3190   10.8    6.6     76   8.83    294    2.7  314.7  342.6  316.4
  696.2   3202   10.7    6.9     77   8.99    292    2.7  314.8  343.1  316.5
  695.2   3213   10.6    6.7     77   8.93    290    2.8  314.8  343.0  316.5
  694.5   3222   10.5    6.6     77   8.87    289    2.9  314.8  342.8  316.5
  693.8   3230   10.5    6.6     77   8.83    288    3.0  314.8  342.7  316.5
  693.2   3238   10.4    6.4     76   8.71    288    3.0  314.9  342.4  316.5
  692.4   3247   10.4    6.1     75   8.56    288    3.1  314.9  342.0  316.6
  691.6   3257   10.5    4.9     68   7.89    289    3.2  315.1  340.1  316.6
  690.7   3268   10.7    3.2     60   6.98    290    3.2  315.5  337.8  316.8
  689.8   3279   10.7    3.4     61   7.11    292    3.3  315.6  338.3  317.0
  688.7   3291   10.7    3.5     61   7.19    293    3.3  315.7  338.6  317.1
  687.6   3305   10.6    3.5     61   7.17    295    3.3  315.8  338.7  317.2
  686.6   3317   10.6    3.2     60   7.05    296    3.4  315.9  338.4  317.2
  685.8   3327   10.5    3.2     61   7.07    298    3.4  315.9  338.5  317.3
  685.1   3336   10.4    3.1     61   7.02    298    3.3  315.9  338.4  317.3
  684.3   3345   10.4    2.7     59   6.83    299    3.3  316.0  337.9  317.3
  683.7   3353   10.4    2.7     59   6.80    299    3.2  316.1  337.8  317.4
  683.1   3360   10.3    2.9     60   6.94    298    3.2  316.1  338.3  317.4
  682.4   3368   10.3    3.1     61   7.01    297    3.1  316.2  338.6  317.5
  681.7   3377   10.3    3.1     61   7.05    296    3.0  316.2  338.7  317.5
  680.9   3387   10.2    3.0     61   7.00    294    2.9  316.3  338.6  317.6
  680.1   3397   10.2    2.8     60   6.90    292    2.8  316.4  338.5  317.7
  679.4   3405   10.2    2.4     58   6.73    291    2.8  316.4  338.0  317.7
  678.8   3413   10.2    2.6     59   6.82    290    2.7  316.5  338.4  317.8
  678.0   3423   10.2    2.5     59   6.80    289    2.7  316.6  338.4  317.9
  677.1   3433   10.2    2.2     58   6.64    290    2.7  316.7  338.0  318.0
  676.4   3442   10.2    2.1     57   6.59    290    2.7  316.8  338.0  318.1
  675.7   3451   10.2    2.1     57   6.61    292    2.8  316.9  338.1  318.2
  675.0   3459   10.2    2.1     57   6.62    294    2.8  317.0  338.3  318.3
  674.3   3468   10.2    2.1     57   6.63    296    2.9  317.1  338.4  318.3
  673.7   3476   10.1    2.1     57   6.62    298    3.0  317.1  338.4  318.4
  672.9   3485   10.0    2.1     58   6.64    300    3.1  317.1  338.5  318.4
  672.1   3496   10.0    2.1     58   6.66    302    3.2  317.1  338.6  318.4
  671.0   3508    9.9    2.1     59   6.67    304    3.3  317.2  338.7  318.5
  670.0   3521    9.8    2.1     59   6.65    305    3.4  317.2  338.6  318.5
  669.3   3530    9.7    1.9     58   6.56    305    3.4  317.3  338.4  318.5
  668.6   3538    9.7    2.0     59   6.62    305    3.5  317.3  338.6  318.6
  667.8   3549    9.6    2.4     61   6.85    305    3.4  317.3  339.4  318.7
  666.9   3560    9.6    3.0     63   7.12    303    3.4  317.4  340.3  318.8
  666.2   3568    9.5    3.3     65   7.31    302    3.3  317.5  340.9  318.9
  665.6   3576    9.5    3.5     66   7.44    299    3.2  317.5  341.4  318.9
  664.9   3585    9.4    3.5     67   7.44    295    3.0  317.5  341.4  319.0
  664.1   3594    9.4    3.2     65   7.28    291    2.9  317.6  341.0  319.0
  663.4   3604    9.3    3.1     65   7.23    286    2.7  317.6  340.8  319.0
  662.6   3614    9.3    2.9     64   7.12    279    2.6  317.7  340.5  319.0
  661.7   3625    9.2    2.6     63   7.02    272    2.6  317.7  340.3  319.1
  660.9   3634    9.2    3.1     66   7.27    265    2.6  317.8  341.1  319.2
  660.2   3644    9.1    3.2     67   7.35    258    2.6  317.8  341.4  319.2
  659.3   3655    9.0    2.9     66   7.20    253    2.7  317.8  341.0  319.2
  658.4   3666    9.0    2.6     64   7.03    248    2.8  317.9  340.5  319.3
  657.6   3676    9.0    2.1     62   6.78    244    3.0  318.0  339.9  319.3
  656.9   3685    9.0    1.9     61   6.69    242    3.1  318.1  339.7  319.4
  656.2   3694    8.9    2.1     62   6.82    240    3.3  318.1  340.1  319.4
  655.4   3704    8.8    2.3     64   6.94    240    3.4  318.1  340.5  319.4
  654.5   3715    8.7    2.5     65   7.04    240    3.5  318.1  340.8  319.5
  653.6   3727    8.6    2.6     66   7.08    240    3.6  318.1  340.9  319.5
  652.7   3738    8.5    2.6     66   7.10    241    3.7  318.1  341.0  319.5
  651.9   3749    8.4    2.7     68   7.16    243    3.7  318.1  341.2  319.5
  651.0   3760    8.3    2.7     68   7.16    245    3.7  318.1  341.2  319.5
  650.3   3769    8.2    2.4     67   7.02    247    3.6  318.2  340.8  319.5
  649.6   3778    8.2    2.1     65   6.89    250    3.6  318.3  340.5  319.6
  648.8   3788    8.2    1.6     63   6.63    252    3.5  318.3  339.7  319.6
  648.0   3798    8.1    1.1     61   6.42    255    3.4  318.4  339.1  319.6
  647.2   3809    8.0    0.6     59   6.19    259    3.3  318.4  338.5  319.6
  646.4   3819    8.0   -0.0     57   5.92    262    3.2  318.5  337.7  319.6
  645.7   3828    8.0   -0.5     55   5.74    265    3.2  318.6  337.2  319.7
  645.1   3835    8.0   -0.7     54   5.63    267    3.1  318.7  337.0  319.7
  644.5   3843    8.0   -0.7     54   5.64    269    3.1  318.7  337.1  319.8
  643.7   3853    7.9   -0.7     54   5.65    271    3.1  318.7  337.1  319.8
  642.8   3864    7.8   -0.8     55   5.64    272    3.2  318.8  337.1  319.9
  642.1   3874    7.8   -0.9     54   5.61    273    3.2  318.8  337.1  319.9
  641.2   3885    7.7   -0.9     54   5.59    273    3.3  318.9  337.1  320.0
  640.4   3896    7.6   -1.0     54   5.58    273    3.3  318.9  337.1  320.0
  639.6   3906    7.6   -0.7     56   5.70    273    3.4  319.0  337.6  320.1
  638.8   3917    7.5   -0.5     57   5.78    273    3.5  319.0  337.8  320.1
  638.0   3927    7.5   -0.5     57   5.81    273    3.5  319.1  338.0  320.2
  637.2   3937    7.4   -0.5     57   5.82    273    3.6  319.1  338.0  320.2
  636.3   3948    7.3   -0.3     58   5.88    274    3.6  319.1  338.2  320.2
  635.6   3958    7.2   -0.7     57   5.74    275    3.7  319.1  337.8  320.2
  634.8   3967    7.2   -1.2     55   5.54    276    3.7  319.2  337.3  320.2
  634.1   3977    7.1   -1.7     53   5.32    277    3.7  319.2  336.7  320.3
  633.5   3985    7.1   -2.2     51   5.14    279    3.6  319.3  336.2  320.3
  632.7   3995    7.1   -2.2     52   5.15    281    3.6  319.4  336.3  320.4
  631.8   4007    7.0   -2.1     52   5.19    283    3.5  319.5  336.5  320.5
  630.9   4019    7.0   -1.8     53   5.31    284    3.4  319.5  336.9  320.6
  630.1   4029    6.9   -0.8     58   5.73    286    3.3  319.6  338.3  320.7
  629.4   4038    6.9   -0.6     59   5.84    287    3.2  319.6  338.7  320.7
  628.7   4048    6.8   -0.1     61   6.05    288    3.1  319.7  339.4  320.8
  627.9   4058    6.8   -0.4     60   5.94    289    2.9  319.7  339.1  320.9
  627.1   4068    6.7   -0.3     61   5.97    289    2.8  319.8  339.3  321.0
  626.3   4079    6.7   -0.7     59   5.83    288    2.6  319.9  338.9  321.0
  625.5   4090    6.7   -1.3     57   5.59    287    2.5  320.0  338.3  321.0
  624.5   4102    6.6   -1.9     54   5.33    285    2.3  320.1  337.6  321.1
  623.7   4113    6.6   -1.9     54   5.33    283    2.2  320.1  337.6  321.2
  623.1   4121    6.5   -0.8     60   5.82    281    2.1  320.2  339.2  321.3
  622.4   4130    6.5    0.8     67   6.53    278    2.0  320.2  341.4  321.4
  621.6   4141    6.4    0.3     65   6.31    275    2.0  320.2  340.8  321.5
  620.6   4153    6.4   -0.8     60   5.84    273    2.0  320.4  339.5  321.6
  619.8   4165    6.5   -2.0     55   5.35    271    2.0  320.5  338.1  321.6
  619.0   4175    6.5   -3.6     49   4.75    269    2.0  320.7  336.4  321.6
  618.4   4183    6.5   -3.6     48   4.77    268    2.1  320.8  336.6  321.8
  617.7   4192    6.5   -2.8     51   5.04    267    2.2  320.9  337.5  321.9
  617.0   4202    6.5   -3.1     50   4.95    267    2.3  321.0  337.4  322.0
  616.2   4213    6.4   -3.0     51   4.99    267    2.4  321.1  337.5  322.0
  615.3   4224    6.4   -3.1     51   4.97    267    2.5  321.1  337.6  322.1
  614.6   4234    6.4   -3.7     49   4.75    267    2.7  321.2  336.9  322.1
  613.9   4243    6.4   -5.0     44   4.32    267    2.8  321.3  335.7  322.2
  613.1   4254    6.3   -4.8     45   4.39    268    2.9  321.4  336.0  322.2
  612.3   4265    6.2   -4.3     47   4.56    268    2.9  321.4  336.6  322.3
  611.4   4276    6.2   -4.3     47   4.54    269    3.0  321.5  336.5  322.4
  610.7   4286    6.1   -4.1     48   4.62    270    3.0  321.5  336.9  322.4
  610.0   4296    6.1   -4.0     48   4.67    270    3.0  321.6  337.1  322.5
  609.3   4305    6.0   -4.5     47   4.50    271    2.9  321.6  336.6  322.5
  608.5   4315    6.0   -5.4     44   4.21    272    2.9  321.8  335.8  322.6
  607.8   4325    6.0   -5.5     43   4.18    273    2.8  321.9  335.8  322.7
  607.1   4334    6.0   -5.2     44   4.28    274    2.7  321.9  336.2  322.8
  606.4   4344    6.0   -5.9     42   4.07    275    2.7  322.0  335.6  322.8
  605.5   4356    5.9   -6.7     40   3.84    276    2.6  322.1  335.0  322.8
  604.6   4368    5.9   -7.7     37   3.55    278    2.6  322.2  334.1  322.9
  603.8   4379    5.8   -7.5     38   3.62    279    2.5  322.2  334.4  322.9
  602.9   4391    5.7   -8.7     35   3.29    280    2.5  322.2  333.4  322.9
  602.1   4402    5.7   -9.5     33   3.09    282    2.5  322.3  332.8  322.9
  601.4   4412    5.6   -9.1     34   3.19    283    2.5  322.3  333.2  323.0
  600.7   4422    5.5   -8.9     34   3.25    283    2.5  322.4  333.4  323.0
  599.9   4431    5.5   -9.0     34   3.23    284    2.5  322.4  333.4  323.1
  599.2   4441    5.4   -9.2     34   3.19    284    2.5  322.5  333.3  323.1
  598.5   4451    5.4   -9.2     34   3.18    284    2.5  322.5  333.3  323.1
  597.8   4460    5.3   -8.3     37   3.43    284    2.5  322.5  334.1  323.2
  597.2   4469    5.2   -6.1     44   4.08    283    2.5  322.5  336.2  323.3
  596.4   4479    5.1   -6.3     44   4.01    282    2.4  322.5  336.0  323.3
  595.7   4490    5.1   -7.8     39   3.57    280    2.4  322.6  334.6  323.3
  594.9   4500    5.0   -8.7     36   3.34    278    2.3  322.7  334.0  323.3
  594.0   4512    5.0   -8.8     36   3.31    276    2.2  322.7  334.0  323.4
  593.1   4525    4.9   -8.6     37   3.36    274    2.1  322.8  334.1  323.4
  592.3   4536    4.8   -8.9     36   3.31    272    2.0  322.8  334.0  323.5
  591.7   4545    4.8   -9.2     36   3.24    269    1.9  322.9  333.8  323.5
  591.0   4554    4.7   -8.7     37   3.37    267    1.8  322.9  334.3  323.6
  590.3   4564    4.6   -7.2     42   3.78    265    1.7  322.9  335.6  323.6
  589.5   4575    4.5   -6.8     44   3.91    263    1.6  322.9  336.1  323.7
  588.7   4586    4.4   -7.0     43   3.86    262    1.6  322.9  335.9  323.7
  588.0   4596    4.3   -6.9     44   3.87    260    1.5  322.9  335.9  323.7
  587.1   4607    4.3   -8.1     40   3.56    259    1.5  323.0  335.0  323.7
  586.4   4618    4.2   -8.8     38   3.37    258    1.5  323.1  334.5  323.7
  585.6   4628    4.2   -8.7     38   3.38    257    1.5  323.1  334.6  323.8
  584.9   4639    4.1   -8.8     38   3.36    257    1.5  323.2  334.6  323.9
  584.1   4649    4.1   -9.0     38   3.31    256    1.6  323.3  334.5  323.9
  583.3   4661    4.0   -8.5     40   3.46    256    1.6  323.3  335.1  324.0
  582.4   4673    4.0   -8.5     40   3.45    255    1.7  323.4  335.1  324.1
  581.5   4686    3.9   -8.9     39   3.35    255    1.7  323.5  334.8  324.1
  580.8   4696    3.8   -9.0     39   3.35    256    1.8  323.5  334.9  324.2
  580.1   4705    3.8   -8.5     40   3.47    256    1.8  323.5  335.3  324.2
  579.4   4715    3.7   -7.9     42   3.64    256    1.8  323.5  335.9  324.3
  578.7   4726    3.6   -7.6     44   3.73    257    1.8  323.6  336.1  324.3
  578.0   4735    3.5   -7.4     45   3.80    258    1.8  323.6  336.4  324.3
  577.3   4745    3.4   -6.7     47   4.02    259    1.8  323.6  337.1  324.4
  576.6   4754    3.4   -6.4     49   4.12    260    1.7  323.6  337.4  324.4
  576.0   4763    3.3   -6.2     50   4.20    261    1.7  323.6  337.7  324.4
  575.3   4772    3.2   -6.3     50   4.16    262    1.6  323.6  337.6  324.5
  574.6   4783    3.1   -6.5     49   4.09    264    1.5  323.7  337.4  324.5
  573.8   4795    3.1   -7.0     47   3.94    265    1.5  323.8  337.1  324.5
  573.0   4806    3.1   -7.3     46   3.86    267    1.4  323.9  336.9  324.6
  572.3   4816    3.0   -5.6     53   4.42    269    1.3  323.9  338.7  324.7
  571.6   4825    2.8   -3.5     63   5.17    271    1.3  323.8  341.0  324.8
  570.9   4835    2.7   -3.3     65   5.27    274    1.2  323.8  341.3  324.8
  570.2   4844    2.6   -3.5     64   5.19    278    1.2  323.8  341.1  324.8
  569.5   4854    2.5   -3.4     65   5.26    282    1.1  323.8  341.3  324.8
  568.8   4865    2.4   -2.3     71   5.69    288    1.1  323.7  342.6  324.9
  568.0   4876    2.3   -1.9     74   5.89    295    1.1  323.8  343.3  324.9
  567.3   4886    2.2   -2.1     73   5.79    302    1.1  323.8  343.0  324.9
  566.6   4896    2.2   -2.5     71   5.65    309    1.2  323.9  342.6  325.0
  565.9   4907    2.1   -2.8     70   5.53    315    1.3  323.9  342.3  325.0
  565.2   4916    2.1   -2.8     70   5.50    321    1.4  324.0  342.3  325.1
  564.6   4925    2.0   -2.9     70   5.48    325    1.5  324.0  342.2  325.1
  563.9   4935    2.0   -2.9     70   5.48    328    1.6  324.0  342.3  325.1
  563.1   4946    1.9   -2.9     70   5.51    330    1.7  324.1  342.4  325.2
  562.5   4954    1.9   -3.1     69   5.42    331    1.8  324.2  342.3  325.3
  562.1   4961    1.9   -3.6     67   5.24    332    1.8  324.3  341.8  325.3
  561.5   4970    1.9   -4.1     64   5.05    332    1.9  324.4  341.3  325.4
  560.8   4980    2.0   -4.4     63   4.93    331    1.9  324.6  341.1  325.5
  560.1   4989    2.0   -4.0     65   5.08    330    1.9  324.7  341.7  325.7
  559.5   4998    1.9   -3.0     70   5.51    329    1.8  324.6  343.0  325.7
  558.9   5007    1.8   -2.7     72   5.64    329    1.7  324.6  343.4  325.7
  558.2   5017    1.7   -3.4     68   5.33    328    1.7  324.7  342.5  325.8
  557.5   5026    1.7   -3.8     67   5.18    329    1.6  324.8  342.1  325.8
  556.9   5036    1.6   -4.2     65   5.04    330    1.5  324.8  341.6  325.8
  556.2   5046    1.6   -4.2     65   5.05    333    1.4  324.8  341.8  325.8
  555.5   5056    1.5   -3.3     70   5.42    338    1.3  324.9  343.0  326.0
  554.9   5065    1.4   -3.4     70   5.39    345    1.3  324.9  342.9  326.0
  554.2   5075    1.4   -3.7     69   5.27    353    1.3  325.0  342.6  326.0
  553.4   5087    1.4   -4.0     67   5.14      1    1.3  325.1  342.3  326.1
  552.6   5098    1.3   -4.3     66   5.06      8    1.5  325.1  342.1  326.1
  551.8   5109    1.2   -4.7     65   4.92     13    1.6  325.2  341.7  326.2
  551.1   5120    1.2   -4.6     65   4.96     17    1.7  325.3  341.9  326.2
  550.4   5130    1.2   -4.1     68   5.15     19    1.9  325.3  342.6  326.4
  549.6   5142    1.1   -4.4     66   5.02     21    2.0  325.4  342.3  326.4
  548.9   5153    1.1   -4.6     66   4.97     21    2.1  325.5  342.2  326.5
  548.2   5163    1.0   -4.7     65   4.92     22    2.2  325.5  342.1  326.5
  547.5   5173    0.9   -5.0     65   4.83     21    2.2  325.6  341.8  326.5
  546.7   5184    0.9   -5.5     62   4.64     20    2.2  325.6  341.3  326.5
  546.1   5194    0.8   -5.7     62   4.59     19    2.1  325.7  341.1  326.6
  545.4   5204    0.8   -5.0     65   4.86     17    2.1  325.7  342.1  326.7
  544.7   5215    0.7   -4.5     68   5.05     15    1.9  325.7  342.7  326.7
  543.8   5227    0.6   -4.7     68   4.98     12    1.8  325.7  342.5  326.7
  542.9   5240    0.5   -4.8     68   4.95      9    1.6  325.8  342.4  326.7
  542.1   5252    0.4   -5.0     67   4.87      5    1.5  325.8  342.2  326.8
  541.5   5261    0.4   -5.3     66   4.76    360    1.3  325.9  341.9  326.8
  540.8   5272    0.3   -5.3     66   4.77    354    1.2  325.9  342.0  326.9
  540.1   5283    0.2   -5.3     66   4.78    346    1.1  326.0  342.1  326.9
  539.4   5293    0.1   -5.2     67   4.82    338    1.0  326.0  342.2  326.9
  538.7   5304    0.1   -5.2     68   4.84    328    0.9  326.0  342.4  327.0
  537.9   5315    0.0   -5.0     69   4.91    318    0.8  326.1  342.6  327.1
  537.1   5327   -0.0   -5.3     68   4.81    309    0.8  326.2  342.4  327.1
  536.4   5338   -0.1   -5.3     68   4.81    303    0.9  326.2  342.5  327.2
  535.8   5346   -0.2   -5.3     68   4.83    298    0.9  326.3  342.6  327.2
  535.2   5356   -0.2   -5.2     69   4.86    296    0.9  326.3  342.7  327.3
  534.6   5365   -0.3   -5.4     68   4.81    296    0.9  326.4  342.6  327.3
  533.9   5374   -0.3   -5.5     68   4.78    297    0.9  326.4  342.6  327.4
  533.2   5385   -0.4   -5.2     70   4.88    301    0.9  326.5  342.9  327.4
  532.5   5397   -0.4   -5.6     68   4.73    307    0.9  326.5  342.5  327.5
  531.7   5408   -0.5   -5.8     67   4.69    315    0.8  326.6  342.5  327.5
  531.1   5417   -0.5   -5.8     68   4.70    326    0.8  326.6  342.5  327.6
  530.5   5426   -0.6   -5.7     68   4.72    339    0.8  326.6  342.6  327.6
  529.9   5436   -0.7   -5.5     70   4.79    353    0.9  326.6  342.8  327.6
  529.1   5447   -0.8   -5.4     71   4.84      6    0.9  326.6  343.0  327.6
  528.2   5461   -0.9   -5.5     71   4.83     16    1.1  326.7  343.0  327.7
  527.4   5473   -1.0   -5.6     71   4.81     24    1.2  326.7  343.0  327.7
  526.7   5484   -1.1   -5.7     71   4.76     30    1.4  326.8  342.9  327.7
  526.0   5494   -1.1   -5.8     71   4.74     34    1.6  326.8  342.8  327.8
  525.4   5503   -1.2   -5.8     71   4.73     37    1.8  326.8  342.8  327.8
  524.8   5513   -1.3   -6.0     70   4.67     38    2.0  326.9  342.7  327.8
  524.1   5523   -1.3   -6.6     67   4.48     39    2.1  327.0  342.2  327.9
  523.4   5533   -1.2   -7.1     64   4.30     39    2.3  327.2  341.8  328.0
  522.7   5544   -1.2   -7.1     64   4.31     38    2.4  327.4  342.0  328.2
  522.0   5554   -1.2   -7.0     65   4.36     37    2.5  327.5  342.3  328.4
  521.4   5564   -1.2   -6.9     65   4.37     36    2.6  327.6  342.4  328.4
  520.8   5574   -1.2   -7.5     62   4.18     35    2.7  327.6  341.9  328.5
  520.0   5585   -1.2   -7.9     60   4.05     34    2.7  327.8  341.6  328.6
  519.3   5596   -1.2   -7.8     61   4.12     33    2.7  327.9  342.0  328.7
  518.6   5606   -1.2   -7.1     64   4.33     32    2.7  328.0  342.8  328.9
  517.9   5618   -1.2   -6.8     66   4.45     31    2.6  328.1  343.3  329.0
  517.2   5629   -1.2   -7.8     61   4.13     30    2.6  328.3  342.4  329.1
  516.5   5640   -1.2   -8.3     59   3.98     29    2.5  328.4  342.0  329.2
  515.8   5650   -1.3   -8.4     58   3.95     28    2.4  328.5  342.1  329.3
  515.2   5660   -1.3   -8.4     58   3.94     27    2.3  328.6  342.1  329.4
  514.6   5669   -1.3   -8.5     58   3.93     25    2.2  328.7  342.2  329.4
  513.9   5679   -1.3   -8.8     57   3.85     24    2.1  328.7  342.0  329.5
  513.1   5691   -1.4   -9.0     56   3.77     22    2.0  328.8  341.8  329.6
  512.4   5704   -1.5   -8.9     57   3.81     20    2.0  328.8  342.0  329.6
  511.6   5715   -1.6   -9.2     56   3.72     18    2.0  328.9  341.7  329.6
  510.8   5728   -1.6  -10.8     49   3.28     16    1.9  329.0  340.4  329.7
  510.0   5740   -1.6  -13.0     41   2.76     15    1.9  329.2  338.9  329.8
  509.3   5751   -1.5  -14.2     37   2.50     14    1.9  329.3  338.1  329.8
  508.6   5762   -1.6  -14.0     38   2.54     13    1.9  329.4  338.3  329.9
  507.8   5774   -1.7  -13.5     40   2.67     13    1.9  329.4  338.8  330.0
  507.1   5786   -1.8  -13.8     39   2.60     13    1.9  329.5  338.6  330.0
  506.3   5799   -1.8  -14.8     37   2.41     14    1.9  329.5  338.0  330.0
  505.5   5811   -1.9  -14.4     38   2.48     13    1.9  329.6  338.3  330.1
  504.7   5823   -2.0  -15.1     36   2.34     13    1.9  329.6  337.9  330.1
  504.0   5835   -2.1  -16.0     34   2.18     12    2.0  329.7  337.4  330.1
  503.2   5847   -2.2  -15.4     36   2.30     11    2.0  329.7  337.8  330.2
  502.4   5859   -2.3  -13.1     43   2.79      9    2.1  329.7  339.5  330.3
  501.7   5870   -2.4  -11.4     50   3.20      7    2.1  329.7  340.9  330.4
  501.1   5881   -2.5  -11.5     50   3.17      5    2.2  329.8  340.8  330.4
  500.4   5892   -2.5  -10.7     54   3.40      2    2.4  329.8  341.6  330.5
  500.0   5898   -2.6  -10.4     55   3.47    360    2.5  329.8  341.9  330.5
  499.6   5904   -2.6  -10.1     56   3.55    360    2.5  329.9  342.2  330.6
  499.0   5914   -2.7  -10.8     54   3.38    358    2.6  329.9  341.7  330.6
  498.3   5924   -2.7  -11.1     52   3.30    356    2.7  330.0  341.5  330.7
  497.6   5936   -2.7  -10.8     54   3.39    355    2.8  330.1  341.9  330.8
  496.9   5948   -2.8  -10.6     55   3.43    354    2.9  330.1  342.0  330.8
  496.2   5959   -2.9  -10.5     56   3.48    353    3.0  330.1  342.2  330.8
  495.4   5971   -3.0  -10.0     58   3.61    353    3.0  330.2  342.7  330.9
  494.6   5983   -3.1   -9.8     60   3.70    354    3.0  330.2  343.0  331.0
  493.8   5996   -3.1   -9.5     61   3.77    354    3.0  330.3  343.4  331.1
  493.1   6009   -3.2   -9.6     61   3.75    356    3.0  330.4  343.4  331.1
  492.3   6021   -3.2  -10.0     59   3.63    358    2.9  330.5  343.1  331.2
  491.5   6033   -3.3  -10.3     58   3.55    360    2.9  330.5  342.9  331.2
  490.8   6045   -3.4  -10.7     57   3.45      3    2.8  330.6  342.6  331.3
  490.0   6058   -3.4  -10.9     56   3.41      7    2.7  330.7  342.5  331.4
  489.2   6071   -3.5  -11.0     56   3.38     11    2.7  330.7  342.5  331.4
  488.5   6083   -3.6  -11.0     56   3.38     16    2.6  330.8  342.5  331.4
  487.7   6095   -3.7  -11.0     57   3.40     22    2.6  330.8  342.7  331.5
  487.0   6107   -3.8  -10.9     58   3.43     28    2.6  330.8  342.8  331.5
  486.3   6119   -3.9  -11.0     58   3.41     33    2.6  330.8  342.7  331.5
  485.5   6131   -4.0  -11.1     57   3.37     38    2.7  330.9  342.7  331.6
  484.7   6143   -4.0  -11.4     56   3.30     43    2.8  331.0  342.5  331.7
  484.0   6155   -4.1  -11.7     55   3.24     47    3.0  331.1  342.4  331.7
  483.4   6166   -4.1  -11.8     55   3.20     50    3.1  331.1  342.3  331.7
  482.8   6176   -4.2  -12.0     55   3.17     52    3.3  331.1  342.2  331.8
  482.2   6185   -4.3  -12.1     54   3.14     54    3.4  331.2  342.2  331.8
  481.6   6195   -4.4  -12.2     54   3.12     55    3.6  331.2  342.1  331.8
  480.9   6205   -4.5  -12.4     54   3.09     55    3.7  331.2  342.0  331.8
  480.3   6215   -4.5  -12.3     54   3.10     55    3.7  331.2  342.1  331.9
  479.6   6227   -4.6  -11.4     59   3.34     55    3.8  331.3  343.0  332.0
  478.9   6238   -4.6  -11.4     59   3.34     54    3.8  331.4  343.0  332.0
  478.3   6249   -4.7  -13.2     51   2.90     53    3.8  331.5  341.7  332.0
  477.6   6260   -4.7  -14.1     48   2.70     53    3.8  331.6  341.1  332.1
  477.0   6271   -4.7  -13.8     49   2.76     52    3.7  331.7  341.4  332.2
  476.3   6281   -4.8  -13.0     53   2.97     52    3.7  331.7  342.2  332.3
  475.7   6291   -4.9  -12.9     53   2.99     51    3.7  331.7  342.2  332.3
  475.0   6303   -4.9  -13.7     50   2.81     51    3.6  331.8  341.7  332.3
  474.3   6314   -5.0  -14.8     46   2.57     51    3.7  331.9  341.0  332.4
  473.7   6325   -5.0  -14.5     48   2.64     52    3.7  331.9  341.3  332.4
  472.9   6338   -5.1  -13.1     54   2.96     52    3.8  331.9  342.4  332.5
  472.1   6351   -5.2  -12.8     56   3.05     52    3.9  332.0  342.7  332.6
  471.4   6363   -5.3  -13.1     54   2.97     53    4.0  332.1  342.5  332.7
  470.8   6374   -5.3  -13.3     53   2.92     53    4.1  332.2  342.5  332.7
  470.0   6386   -5.4  -13.2     54   2.94     53    4.3  332.2  342.6  332.8
  469.3   6398   -5.5  -13.1     55   2.98     52    4.4  332.3  342.7  332.9
  468.5   6411   -5.6  -13.1     56   2.99     52    4.6  332.3  342.8  332.9
  467.7   6425   -5.7  -13.3     55   2.95     51    4.7  332.4  342.8  332.9
  466.9   6438   -5.7  -13.8     53   2.83     50    4.8  332.5  342.5  333.0
  466.3   6449   -5.7  -14.3     51   2.71     49    4.9  332.6  342.2  333.1
  465.6   6460   -5.8  -14.4     51   2.71     48    4.9  332.6  342.2  333.2
  465.1   6469   -5.8  -14.6     50   2.67     47    4.9  332.7  342.1  333.2
  464.5   6478   -5.9  -14.5     51   2.68     46    4.9  332.7  342.2  333.2
  463.9   6488   -6.0  -14.6     51   2.67     44    4.8  332.7  342.2  333.3
  463.3   6499   -6.1  -14.6     51   2.67     43    4.7  332.7  342.2  333.3
  462.6   6510   -6.1  -14.7     51   2.65     41    4.7  332.8  342.2  333.3
  462.0   6521   -6.2  -14.9     50   2.62     40    4.6  332.8  342.1  333.3
  461.4   6531   -6.3  -14.9     51   2.62     38    4.6  332.8  342.2  333.4
  460.8   6540   -6.4  -14.9     51   2.63     37    4.6  332.9  342.2  333.4
  460.2   6551   -6.4  -14.8     51   2.64     36    4.5  332.9  342.3  333.4
  459.5   6563   -6.5  -14.2     54   2.77     36    4.5  333.0  342.8  333.5
  458.8   6576   -6.6  -13.4     59   2.98     35    4.5  333.0  343.5  333.6
  458.1   6588   -6.6  -14.0     56   2.83     34    4.5  333.1  343.2  333.7
  457.4   6598   -6.6  -14.7     53   2.69     34    4.6  333.3  342.8  333.8
  456.8   6609   -6.6  -15.2     51   2.57     33    4.6  333.4  342.5  333.9
  456.1   6621   -6.7  -15.9     48   2.44     33    4.6  333.4  342.2  333.9
  455.4   6633   -6.8  -15.5     50   2.52     33    4.6  333.5  342.5  334.0
  454.7   6645   -6.8  -14.8     53   2.67     32    4.6  333.6  343.1  334.1
  454.1   6656   -6.9  -14.8     53   2.68     32    4.5  333.6  343.2  334.2
  453.4   6667   -7.0  -14.9     53   2.67     31    4.5  333.7  343.2  334.2
  452.8   6678   -7.1  -14.9     54   2.67     31    4.4  333.7  343.2  334.2
  452.3   6687   -7.1  -14.9     54   2.67     31    4.4  333.7  343.2  334.2
  451.7   6696   -7.2  -14.8     55   2.69     31    4.3  333.7  343.3  334.3
  451.2   6706   -7.3  -14.8     55   2.71     30    4.2  333.7  343.3  334.2
  450.5   6717   -7.4  -14.6     56   2.74     30    4.1  333.7  343.5  334.3
  449.9   6728   -7.5  -14.6     56   2.74     30    4.0  333.8  343.6  334.4
  449.3   6739   -7.5  -14.7     56   2.73     30    3.9  333.8  343.6  334.4
  448.6   6750   -7.6  -14.8     57   2.72     30    3.7  333.9  343.6  334.4
  447.9   6763   -7.7  -15.0     55   2.66     30    3.6  334.0  343.4  334.5
  447.1   6776   -7.7  -15.4     54   2.60     30    3.5  334.1  343.4  334.6
  446.5   6788   -7.7  -15.6     53   2.55     30    3.4  334.2  343.3  334.7
  445.8   6799   -7.8  -16.0     51   2.46     30    3.3  334.3  343.1  334.8
  445.2   6810   -7.8  -16.3     51   2.42     29    3.2  334.4  343.1  334.9
  444.6   6821   -7.8  -16.4     50   2.40     29    3.1  334.5  343.1  335.0
  444.0   6832   -7.8  -16.5     50   2.37     29    3.1  334.6  343.1  335.1
  443.3   6843   -7.9  -17.0     48   2.29     28    3.0  334.7  343.0  335.2
  442.6   6855   -7.9  -17.1     48   2.27     28    3.0  334.8  343.0  335.3
  441.9   6868   -7.9  -17.0     48   2.29     27    3.0  334.9  343.2  335.4
  441.2   6880   -8.0  -17.0     48   2.29     26    3.0  335.0  343.2  335.4
  440.6   6891   -8.0  -17.7     45   2.16     26    3.0  335.2  343.0  335.6
  440.0   6900   -7.9  -18.4     43   2.04     25    3.0  335.3  342.7  335.7
  439.5   6910   -7.9  -19.2     40   1.92     25    3.0  335.4  342.4  335.8
  438.9   6922   -8.0  -19.7     39   1.84     24    3.0  335.5  342.2  335.9
  438.2   6933   -8.0  -19.6     39   1.86     23    3.0  335.6  342.4  336.0
  437.5   6945   -8.0  -19.7     39   1.84     22    3.0  335.7  342.5  336.1
  437.0   6955   -8.0  -19.7     39   1.84     21    2.9  335.8  342.6  336.2
  436.4   6964   -8.1  -19.9     38   1.82     20    2.8  335.9  342.6  336.3
  435.9   6974   -8.2  -19.9     38   1.82     19    2.8  335.9  342.6  336.3
  435.3   6984   -8.2  -19.4     40   1.89     17    2.7  336.0  342.9  336.3
  434.7   6995   -8.3  -19.9     39   1.82     15    2.6  336.0  342.7  336.4
  434.1   7006   -8.3  -21.4     34   1.59     13    2.5  336.2  342.0  336.5
  433.5   7017   -8.3  -22.2     32   1.49     11    2.4  336.3  341.8  336.6
  432.8   7029   -8.3  -24.7     25   1.19      8    2.3  336.4  340.9  336.7
  432.2   7040   -8.3  -27.4     20   0.94      5    2.3  336.6  340.2  336.8
  431.6   7051   -8.2  -29.2     17   0.80      3    2.2  336.8  339.8  336.9
  431.0   7062   -8.2  -31.1     14   0.66    360    2.2  337.0  339.5  337.1
  430.5   7072   -8.2  -31.1     14   0.66    357    2.2  337.1  339.7  337.2
  429.9   7081   -8.2  -31.6     13   0.63    354    2.2  337.2  339.7  337.4
  429.4   7090   -8.2  -32.9     12   0.56    351    2.2  337.3  339.5  337.4
  428.9   7100   -8.2  -33.9     11   0.51    348    2.2  337.4  339.4  337.5
  428.3   7110   -8.3  -34.4     10   0.48    345    2.2  337.5  339.4  337.6
  427.8   7120   -8.3  -34.3     10   0.49    342    2.2  337.5  339.5  337.6
  427.2   7131   -8.4  -33.7     11   0.52    340    2.2  337.5  339.6  337.6
  426.6   7141   -8.5  -32.9     12   0.56    338    2.2  337.5  339.7  337.7
  426.1   7151   -8.6  -32.6     12   0.58    337    2.2  337.5  339.8  337.7
  425.5   7161   -8.7  -32.7     12   0.58    337    2.3  337.6  339.8  337.7
  424.9   7172   -8.8  -32.6     13   0.58    337    2.3  337.6  339.8  337.7
  424.4   7182   -8.9  -31.9     14   0.63    338    2.3  337.6  340.0  337.7
  423.8   7192   -9.0  -31.3     15   0.66    340    2.4  337.6  340.2  337.7
  423.3   7202   -9.1  -30.1     16   0.74    342    2.4  337.6  340.5  337.7
  422.7   7212   -9.2  -29.3     18   0.80    344    2.5  337.6  340.7  337.8
  422.1   7222   -9.2  -28.6     19   0.86    347    2.5  337.7  340.9  337.8
  421.6   7233   -9.3  -27.6     21   0.94    350    2.5  337.6  341.2  337.8
  421.0   7244   -9.4  -27.2     22   0.98    353    2.6  337.7  341.4  337.9
  420.3   7256   -9.5  -27.6     21   0.94    356    2.6  337.7  341.3  337.9
  419.7   7268   -9.6  -27.8     21   0.93    358    2.6  337.8  341.3  338.0
  419.0   7279   -9.5  -28.3     20   0.89    360    2.7  338.0  341.4  338.2
  418.5   7290   -9.6  -29.5     18   0.80      2    2.7  338.1  341.1  338.2
  417.9   7300   -9.6  -29.6     18   0.79      4    2.7  338.1  341.2  338.3
  417.4   7310   -9.7  -28.9     19   0.84      6    2.7  338.1  341.4  338.3
  416.8   7320   -9.8  -28.4     20   0.89      7    2.8  338.2  341.6  338.4
  416.3   7330   -9.9  -28.6     20   0.87      8    2.8  338.2  341.5  338.4
  415.8   7340  -10.0  -29.0     20   0.84      9    2.9  338.2  341.4  338.3
  415.2   7350  -10.1  -28.6     20   0.87      9    2.9  338.2  341.6  338.4
  414.7   7359  -10.1  -27.3     23   0.98     10    3.0  338.2  342.0  338.4
  414.2   7369  -10.3  -27.0     24   1.02     10    3.1  338.2  342.1  338.4
  413.6   7380  -10.4  -27.0     24   1.02     10    3.2  338.2  342.1  338.4
  413.1   7389  -10.4  -27.4     23   0.98     10    3.3  338.2  342.0  338.4
  412.6   7399  -10.5  -26.7     25   1.05     10    3.4  338.2  342.2  338.4
  412.0   7411  -10.7  -25.3     29   1.19      9    3.4  338.2  342.7  338.4
  411.3   7423  -10.8  -25.4     29   1.18      8    3.5  338.2  342.6  338.4
  410.7   7434  -10.9  -26.6     26   1.06      7    3.5  338.2  342.2  338.4
  410.1   7445  -10.9  -27.3     25   1.00      6    3.5  338.3  342.1  338.5
  409.5   7456  -11.0  -25.7     29   1.15      4    3.5  338.3  342.7  338.5
  408.9   7467  -11.1  -28.3     23   0.91      1    3.5  338.4  341.8  338.6
  408.3   7479  -11.1  -29.1     21   0.85    358    3.5  338.4  341.7  338.6
  407.7   7490  -11.2  -28.9     22   0.86    354    3.4  338.5  341.8  338.6
  407.2   7501  -11.3  -27.6     25   0.98    351    3.4  338.5  342.2  338.7
  406.5   7513  -11.4  -24.6     33   1.29    347    3.4  338.5  343.3  338.7
  405.9   7524  -11.5  -24.2     34   1.34    343    3.4  338.5  343.5  338.8
  405.4   7535  -11.6  -24.7     33   1.28    339    3.5  338.5  343.3  338.8
  404.8   7545  -11.6  -25.6     30   1.18    335    3.5  338.7  343.1  338.9
  404.3   7555  -11.5  -28.4     23   0.91    332    3.5  338.9  342.4  339.1
  403.8   7564  -11.5  -30.2     20   0.77    330    3.6  339.1  342.1  339.2
  403.3   7574  -11.5  -32.3     16   0.64    328    3.6  339.2  341.7  339.3
  402.7   7585  -11.5  -35.0     12   0.49    326    3.7  339.4  341.3  339.5
  402.1   7596  -11.5  -37.5     10   0.38    325    3.7  339.5  341.0  339.6
  401.6   7607  -11.5  -38.7      9   0.33    325    3.8  339.5  340.9  339.6
  401.0   7618  -11.6  -39.0      8   0.33    325    3.8  339.6  340.9  339.6
  400.5   7627  -11.7  -39.1      8   0.32    325    3.9  339.6  340.9  339.6
  400.0   7637  -11.8  -39.2      8   0.32    325    3.9  339.6  340.9  339.6
  399.9   7638  -11.8  -39.2      8   0.32    326    3.9  339.6  340.9  339.7
  399.2   7651  -11.9  -39.4      8   0.31    327    4.0  339.6  340.9  339.7
  398.6   7663  -12.0  -39.6      8   0.31    328    4.0  339.6  340.9  339.7
  398.1   7674  -12.1  -39.9      8   0.30    329    4.0  339.6  340.8  339.6
  397.5   7685  -12.2  -41.3      7   0.26    330    4.1  339.6  340.7  339.7
  396.9   7697  -12.3  -42.4      6   0.23    332    4.1  339.7  340.6  339.7
  396.3   7709  -12.4  -41.8      7   0.25    334    4.1  339.7  340.7  339.8
  395.7   7720  -12.4  -41.4      7   0.26    335    4.1  339.8  340.9  339.9
  395.1   7731  -12.4  -42.3      6   0.23    337    4.1  339.9  340.9  340.0
  394.6   7741  -12.5  -42.5      6   0.23    339    4.1  340.0  340.9  340.0
  394.1   7751  -12.6  -41.5      7   0.26    341    4.1  340.0  341.0  340.0
  393.5   7762  -12.7  -40.3      8   0.29    342    4.1  340.0  341.2  340.1
  392.9   7774  -12.8  -39.4      9   0.32    344    4.0  340.0  341.3  340.1
  392.2   7787  -12.9  -38.9      9   0.34    345    4.0  340.0  341.4  340.1
  391.6   7799  -13.0  -39.5      9   0.32    346    4.0  340.1  341.4  340.1
  391.0   7810  -13.1  -40.3      8   0.29    347    4.0  340.1  341.3  340.2
  390.5   7821  -13.2  -41.3      7   0.26    347    4.0  340.1  341.2  340.2
  390.0   7831  -13.2  -42.2      7   0.24    347    4.0  340.2  341.1  340.2
  389.5   7839  -13.3  -43.4      6   0.21    347    4.0  340.2  341.1  340.3
  389.1   7847  -13.3  -44.3      5   0.19    346    4.1  340.3  341.1  340.3
  388.7   7856  -13.3  -44.5      5   0.19    346    4.1  340.3  341.1  340.4
  388.2   7864  -13.4  -44.3      5   0.19    346    4.1  340.4  341.2  340.5
  387.8   7873  -13.4  -43.3      6   0.21    346    4.2  340.5  341.4  340.5
  387.4   7881  -13.4  -42.4      7   0.24    345    4.3  340.5  341.5  340.6
  386.9   7890  -13.5  -43.4      6   0.21    346    4.4  340.6  341.5  340.6
  386.4   7900  -13.5  -43.8      6   0.20    346    4.4  340.7  341.5  340.7
  386.0   7908  -13.6  -44.3      6   0.19    346    4.5  340.7  341.5  340.8
  385.6   7917  -13.6  -44.7      5   0.19    347    4.6  340.8  341.6  340.8
  385.1   7925  -13.7  -44.3      6   0.19    348    4.6  340.8  341.6  340.8
  384.7   7934  -13.7  -43.9      6   0.20    348    4.7  340.8  341.7  340.9
  384.2   7943  -13.8  -44.1      6   0.20    349    4.8  340.9  341.7  340.9
  383.7   7953  -13.9  -44.0      6   0.20    350    4.8  340.9  341.7  340.9
  383.3   7962  -14.0  -44.1      6   0.20    350    4.9  340.9  341.7  340.9
  382.7   7973  -14.0  -44.5      6   0.19    351    4.9  340.9  341.7  341.0
  382.1   7985  -14.1  -44.9      5   0.18    351    4.9  341.0  341.7  341.0
  381.5   7997  -14.2  -45.2      5   0.18    352    5.0  341.0  341.8  341.1
  380.9   8008  -14.3  -45.4      5   0.17    352    5.0  341.1  341.8  341.1
  380.3   8021  -14.4  -45.2      5   0.18    352    5.0  341.1  341.9  341.2
  379.7   8033  -14.4  -44.9      6   0.18    352    5.1  341.2  341.9  341.2
  379.1   8044  -14.5  -44.7      6   0.19    352    5.1  341.2  342.0  341.2
  378.6   8056  -14.6  -44.9      6   0.18    351    5.2  341.2  342.0  341.3
  378.0   8067  -14.7  -45.0      6   0.18    351    5.3  341.3  342.1  341.3
  377.5   8078  -14.8  -45.0      6   0.18    350    5.4  341.3  342.1  341.4
  377.0   8086  -14.8  -45.0      6   0.18    349    5.5  341.4  342.1  341.4
  376.6   8096  -14.9  -45.1      6   0.18    348    5.6  341.3  342.1  341.4
  376.0   8107  -15.0  -45.2      6   0.18    346    5.7  341.4  342.1  341.4
  375.4   8119  -15.1  -45.2      6   0.18    345    5.8  341.4  342.2  341.4
  374.9   8129  -15.2  -45.1      6   0.18    343    6.0  341.4  342.2  341.5
  374.3   8141  -15.2  -45.2      6   0.18    342    6.2  341.5  342.3  341.5
  373.8   8151  -15.3  -45.6      6   0.17    340    6.4  341.5  342.3  341.6
  373.4   8160  -15.4  -45.7      6   0.17    339    6.6  341.6  342.3  341.6
  373.0   8168  -15.4  -45.6      6   0.17    338    6.8  341.7  342.4  341.7
  372.5   8178  -15.4  -45.7      6   0.17    337    7.0  341.7  342.5  341.8
  371.9   8189  -15.5  -46.0      5   0.17    335    7.2  341.8  342.5  341.8
  371.4   8200  -15.6  -46.2      5   0.16    334    7.3  341.8  342.5  341.9
  370.9   8211  -15.7  -46.4      5   0.16    334    7.5  341.8  342.5  341.9
  370.4   8220  -15.7  -46.5      5   0.16    333    7.6  341.9  342.6  341.9
  369.9   8230  -15.8  -46.4      5   0.16    332    7.8  341.9  342.6  341.9
  369.4   8241  -15.9  -46.4      5   0.16    332    7.8  341.9  342.6  341.9
  368.8   8253  -16.0  -46.3      5   0.16    332    7.9  341.9  342.6  341.9
  368.2   8265  -16.1  -46.2      6   0.16    332    7.9  341.9  342.6  342.0
  367.7   8276  -16.2  -46.3      6   0.16    332    7.9  341.9  342.6  342.0
  367.2   8286  -16.3  -46.1      6   0.17    332    7.9  342.0  342.7  342.0
  366.7   8295  -16.4  -45.8      6   0.17    333    7.8  342.0  342.7  342.0
  366.3   8305  -16.5  -45.8      6   0.17    334    7.7  342.0  342.7  342.0
  365.8   8315  -16.6  -46.1      6   0.17    336    7.6  342.0  342.7  342.0
  365.3   8325  -16.6  -46.4      6   0.16    337    7.5  342.0  342.7  342.0
  364.8   8335  -16.7  -46.1      6   0.17    339    7.4  342.0  342.7  342.1
  364.3   8346  -16.8  -45.8      6   0.17    340    7.3  342.0  342.8  342.1
  363.7   8358  -16.9  -46.0      6   0.17    342    7.1  342.0  342.8  342.1
  363.0   8371  -17.0  -46.5      6   0.16    343    7.0  342.1  342.8  342.1
  362.5   8384  -17.1  -46.8      6   0.16    344    6.9  342.1  342.8  342.2
  361.9   8394  -17.2  -46.9      6   0.15    345    6.8  342.2  342.9  342.2
  361.5   8403  -17.3  -46.8      6   0.16    345    6.7  342.2  342.9  342.2
  361.1   8413  -17.4  -46.7      6   0.16    345    6.6  342.2  342.9  342.2
  360.6   8423  -17.5  -46.5      6   0.16    345    6.5  342.2  342.9  342.2
  360.0   8434  -17.6  -45.3      7   0.19    345    6.4  342.2  343.0  342.3
  359.5   8444  -17.6  -43.1      9   0.24    345    6.3  342.3  343.2  342.3
  359.0   8455  -17.7  -41.4     11   0.28    344    6.2  342.3  343.5  342.4
  358.5   8466  -17.8  -40.9     11   0.30    344    6.1  342.3  343.5  342.4
  357.9   8478  -17.9  -40.6     12   0.31    344    6.0  342.3  343.6  342.4
  357.3   8490  -18.0  -40.1     13   0.33    344    5.8  342.4  343.7  342.4
  356.7   8502  -18.1  -39.9     13   0.33    344    5.7  342.4  343.8  342.5
  356.2   8514  -18.2  -39.8     13   0.34    344    5.6  342.4  343.8  342.5
  355.7   8523  -18.3  -39.3     14   0.36    344    5.5  342.4  343.8  342.5
  355.3   8533  -18.4  -38.5     15   0.39    344    5.4  342.4  343.9  342.5
  354.9   8542  -18.5  -37.6     17   0.42    344    5.3  342.4  344.1  342.4
  354.3   8553  -18.6  -36.7     19   0.47    345    5.3  342.4  344.2  342.5
  353.7   8566  -18.7  -35.6     21   0.52    345    5.3  342.4  344.5  342.5
  353.1   8578  -18.8  -35.0     23   0.56    345    5.3  342.4  344.6  342.5
  352.6   8590  -19.0  -35.6     22   0.52    345    5.3  342.4  344.5  342.5
  352.0   8602  -19.0  -36.0     21   0.50    345    5.4  342.4  344.4  342.5
  351.5   8614  -19.2  -35.9     21   0.51    344    5.5  342.4  344.4  342.5
  350.9   8625  -19.3  -35.8     22   0.51    344    5.6  342.4  344.5  342.5
  350.4   8637  -19.4  -35.7     22   0.52    344    5.7  342.4  344.5  342.5
  349.8   8649  -19.5  -35.5     23   0.53    343    5.8  342.4  344.5  342.5
  349.2   8661  -19.6  -35.0     24   0.56    342    5.9  342.4  344.7  342.6
  348.7   8672  -19.7  -35.1     24   0.55    342    6.0  342.5  344.7  342.6
  348.3   8681  -19.8  -35.9     22   0.51    341    6.1  342.5  344.5  342.6
  347.8   8691  -19.9  -37.3     20   0.45    340    6.1  342.5  344.3  342.6
  347.3   8701  -20.0  -40.0     15   0.34    340    6.1  342.5  343.9  342.6
  346.8   8713  -20.0  -43.1     11   0.24    339    6.0  342.5  343.6  342.6
  346.2   8724  -20.1  -42.3     12   0.27    338    5.9  342.6  343.7  342.6
  345.8   8735  -20.2  -40.8     14   0.31    337    5.8  342.6  343.9  342.7
  345.3   8745  -20.3  -40.9     14   0.31    337    5.6  342.7  343.9  342.7
  344.9   8754  -20.4  -40.3     15   0.33    336    5.5  342.6  344.0  342.7
  344.4   8764  -20.4  -39.0     17   0.38    335    5.3  342.7  344.2  342.7
  343.9   8775  -20.5  -37.4     21   0.45    334    5.1  342.7  344.5  342.8
  343.3   8787  -20.6  -35.4     25   0.55    332    4.9  342.7  344.9  342.8
  342.9   8796  -20.7  -34.5     28   0.60    331    4.7  342.7  345.1  342.9
  342.5   8806  -20.8  -33.5     31   0.67    329    4.5  342.7  345.4  342.9
  342.0   8816  -20.9  -32.4     35   0.74    327    4.3  342.8  345.7  342.9
  341.6   8825  -21.0  -32.1     36   0.76    325    4.2  342.8  345.8  342.9
  341.2   8833  -21.0  -33.1     33   0.69    323    4.1  342.8  345.5  342.9
  340.8   8842  -21.1  -31.4     39   0.82    321    4.0  342.8  346.0  343.0
  340.4   8850  -21.2  -29.6     47   0.97    318    3.9  342.8  346.5  343.0
  339.9   8860  -21.2  -30.4     43   0.90    316    3.9  342.9  346.4  343.1
  339.5   8870  -21.1  -33.7     31   0.66    315    3.8  343.1  345.7  343.3
  339.0   8880  -20.9  -41.3     14   0.30    314    3.8  343.6  344.8  343.7
  338.6   8889  -20.7  -54.3      3   0.07    313    3.8  344.0  344.3  344.0
  338.1   8899  -20.6  -53.8      3   0.08    313    3.8  344.3  344.6  344.3
  337.7   8910  -20.5  -51.6      4   0.10    313    3.8  344.5  345.0  344.5
  337.3   8918  -20.4  -49.3      6   0.13    314    3.8  344.7  345.3  344.8
  336.9   8926  -20.4  -48.9      6   0.13    315    3.8  344.9  345.4  344.9
  336.6   8934  -20.5  -50.3      5   0.11    316    3.8  344.9  345.4  344.9
  336.2   8942  -20.5  -50.8      5   0.11    318    3.8  344.9  345.4  344.9
  335.8   8952  -20.6  -50.9      5   0.11    320    3.8  344.9  345.4  344.9
  335.3   8962  -20.7  -51.2      5   0.10    322    3.8  345.0  345.4  345.0
  334.8   8972  -20.8  -51.4      5   0.10    323    3.8  345.0  345.4  345.0
  334.4   8981  -20.8  -51.3      5   0.10    325    3.9  345.0  345.5  345.1
  334.0   8991  -20.9  -51.3      5   0.10    326    4.0  345.1  345.5  345.1
  333.5   9002  -21.0  -50.4      5   0.11    327    4.1  345.1  345.6  345.2
  333.1   9011  -21.0  -45.0     10   0.21    327    4.2  345.1  346.0  345.2
  332.7   9020  -21.1  -39.4     18   0.38    328    4.3  345.1  346.7  345.2
  332.2   9029  -21.2  -39.1     18   0.39    328    4.4  345.1  346.7  345.2
  331.8   9040  -21.3  -36.0     25   0.54    328    4.5  345.2  347.3  345.3
  331.4   9049  -21.4  -31.7     39   0.82    327    4.6  345.2  348.4  345.3
  330.9   9059  -21.5  -29.9     47   0.97    327    4.7  345.2  349.0  345.4
  330.5   9067  -21.6  -29.7     48   0.99    327    4.8  345.2  349.1  345.4
  330.2   9076  -21.6  -30.0     47   0.97    326    4.8  345.2  349.0  345.4
  329.8   9084  -21.7  -30.5     45   0.92    326    4.9  345.3  348.9  345.5
  329.4   9093  -21.7  -31.7     40   0.82    326    4.8  345.4  348.6  345.5
  329.0   9102  -21.7  -31.8     40   0.82    325    4.8  345.5  348.7  345.6
  328.6   9112  -21.8  -30.7     44   0.91    325    4.7  345.5  349.1  345.7
  328.0   9124  -21.8  -30.0     47   0.96    325    4.6  345.6  349.3  345.8
  327.5   9135  -21.9  -31.4     42   0.85    324    4.4  345.6  349.0  345.8
  327.0   9147  -22.0  -32.2     39   0.79    324    4.3  345.7  348.8  345.8
  326.5   9159  -22.0  -33.1     36   0.72    324    4.1  345.7  348.6  345.9
  326.0   9170  -22.1  -34.2     33   0.65    324    4.0  345.8  348.4  345.9
  325.4   9182  -22.2  -34.8     31   0.61    324    3.8  345.9  348.3  346.0
  324.9   9194  -22.3  -35.3     30   0.58    325    3.7  345.9  348.3  346.0
  324.4   9205  -22.3  -35.5     29   0.57    325    3.6  346.0  348.3  346.1
  323.9   9217  -22.5  -35.4     30   0.58    326    3.5  346.0  348.3  346.1
  323.4   9229  -22.6  -35.3     30   0.59    327    3.4  346.0  348.3  346.1
  322.9   9239  -22.7  -35.3     31   0.59    328    3.4  346.0  348.4  346.1
  322.4   9250  -22.7  -35.0     32   0.61    330    3.3  346.0  348.4  346.1
  322.0   9260  -22.8  -34.7     33   0.63    332    3.3  346.0  348.6  346.2
  321.6   9270  -22.9  -34.7     33   0.63    334    3.3  346.0  348.6  346.2
  321.1   9280  -23.0  -34.3     35   0.65    337    3.3  346.0  348.7  346.2
  320.6   9291  -23.1  -33.7     37   0.70    340    3.3  346.1  348.9  346.2
  320.1   9302  -23.2  -33.1     40   0.74    343    3.3  346.1  349.0  346.3
  319.7   9313  -23.2  -33.1     40   0.74    346    3.4  346.2  349.1  346.3
  319.1   9325  -23.3  -34.0     37   0.68    349    3.4  346.3  349.0  346.5
  318.6   9338  -23.3  -34.5     35   0.65    351    3.5  346.4  349.0  346.5
  318.1   9349  -23.4  -35.3     33   0.60    354    3.6  346.5  348.9  346.6
  317.6   9360  -23.4  -36.6     29   0.53    356    3.6  346.6  348.7  346.7
  317.1   9371  -23.5  -37.0     28   0.50    358    3.7  346.7  348.7  346.8
  316.6   9383  -23.5  -36.8     28   0.52    359    3.8  346.8  348.9  346.9
  316.0   9396  -23.6  -36.8     29   0.52    360    3.9  346.9  349.0  347.0
  315.5   9408  -23.7  -36.8     29   0.52      1    3.9  346.9  349.0  347.0
  315.1   9419  -23.8  -36.8     29   0.52      2    3.9  346.9  349.0  347.0
  314.6   9429  -23.9  -36.8     29   0.52      2    4.0  346.9  349.0  347.0
  314.3   9438  -24.0  -36.9     29   0.52      2    4.0  346.9  348.9  347.0
  313.9   9446  -24.0  -36.9     30   0.52      2    4.0  346.9  349.0  347.0
  313.5   9455  -24.1  -36.8     30   0.52      2    4.0  346.9  349.0  347.0
  313.1   9465  -24.2  -36.8     30   0.52      2    4.1  346.9  349.0  347.0
  312.7   9475  -24.3  -36.9     30   0.52      2    4.1  346.9  349.0  347.0
  312.2   9485  -24.4  -36.9     30   0.52      2    4.1  346.9  349.0  347.0
  311.8   9494  -24.5  -36.9     31   0.52      1    4.1  346.9  349.0  347.0
  311.5   9502  -24.6  -37.0     31   0.52      1    4.1  346.9  349.0  347.0
  311.1   9511  -24.6  -37.0     31   0.52      1    4.1  346.9  349.0  347.0
  310.8   9519  -24.7  -37.0     31   0.52    360    4.2  346.9  349.0  347.0
  310.4   9528  -24.8  -37.0     31   0.51    360    4.2  346.9  349.0  347.0
  310.0   9538  -24.9  -37.0     32   0.52    360    4.2  346.9  349.0  347.0
  309.5   9550  -25.0  -37.0     32   0.52    360    4.2  346.9  349.0  347.0
  308.9   9562  -25.1  -37.0     32   0.52    359    4.2  347.0  349.1  347.1
  308.4   9574  -25.2  -37.0     32   0.52    359    4.2  346.9  349.0  347.1
  308.0   9585  -25.3  -37.2     32   0.51    359    4.3  346.9  349.0  347.0
  307.5   9596  -25.4  -37.2     33   0.51    359    4.3  347.0  349.0  347.1
  307.0   9608  -25.5  -37.1     33   0.52    359    4.3  347.0  349.1  347.1
  306.4   9621  -25.7  -37.2     33   0.51    359    4.4  347.0  349.1  347.1
  306.0   9631  -25.7  -37.5     32   0.50    359    4.4  347.0  349.0  347.1
  305.6   9641  -25.8  -38.2     30   0.47    359    4.5  347.1  349.0  347.1
  305.1   9653  -25.9  -40.7     24   0.36    359    4.5  347.1  348.6  347.2
  304.6   9665  -25.9  -46.1     13   0.20    358    4.6  347.2  348.1  347.3
  304.1   9676  -25.9  -48.4     10   0.16    358    4.6  347.3  348.0  347.4
  303.6   9688  -25.9  -47.0     12   0.18    358    4.6  347.5  348.3  347.6
  303.1   9700  -26.0  -43.9     17   0.26    357    4.7  347.6  348.7  347.7
  302.7   9710  -26.0  -41.8     21   0.32    357    4.7  347.7  349.0  347.8
  302.3   9719  -26.1  -38.6     30   0.45    357    4.7  347.7  349.6  347.8
  301.9   9728  -26.2  -35.1     43   0.64    356    4.7  347.8  350.4  347.9
  301.5   9738  -26.3  -34.4     46   0.69    356    4.8  347.8  350.5  347.9
  301.1   9748  -26.3  -34.8     45   0.66    356    4.8  347.8  350.5  347.9
  300.7   9757  -26.3  -35.4     42   0.62    356    4.9  347.9  350.4  348.0
  300.3   9767  -26.4  -36.4     38   0.57    356    5.0  348.0  350.3  348.1
  300.0   9775  -26.4  -37.2     35   0.52    356    5.0  348.0  350.1  348.1
  299.6   9784  -26.5  -38.1     33   0.48    356    5.2  348.1  350.0  348.2
  299.3   9792  -26.5  -38.7     31   0.45    357    5.3  348.1  349.9  348.2
  299.0   9800  -26.6  -39.1     30   0.43    358    5.4  348.1  349.9  348.2
  298.6   9808  -26.6  -39.5     29   0.41    359    5.5  348.2  349.9  348.3
  298.2   9817  -26.7  -39.7     28   0.41    359    5.5  348.2  349.9  348.3
  297.9   9826  -26.7  -39.4     29   0.42    360    5.6  348.3  350.0  348.4
  297.5   9836  -26.8  -38.8     31   0.45      1    5.6  348.3  350.1  348.4
  297.0   9846  -26.9  -38.2     34   0.48      2    5.6  348.3  350.3  348.4
  296.6   9857  -27.0  -38.9     31   0.44      3    5.6  348.3  350.2  348.4
  296.1   9868  -27.1  -39.6     29   0.41      4    5.5  348.4  350.1  348.5
  295.6   9881  -27.2  -40.0     29   0.40      5    5.4  348.4  350.1  348.5
  295.1   9893  -27.3  -39.8     29   0.41      5    5.3  348.5  350.2  348.6
  294.6   9905  -27.4  -39.2     31   0.43      6    5.2  348.5  350.3  348.6
  294.2   9916  -27.5  -38.6     34   0.46      6    5.1  348.5  350.4  348.6
  293.7   9927  -27.6  -38.2     36   0.48      7    5.0  348.5  350.5  348.6
  293.3   9938  -27.7  -38.6     35   0.47      7    4.9  348.5  350.4  348.6
  292.8   9949  -27.8  -38.8     34   0.45      7    4.8  348.5  350.4  348.6
  292.4   9961  -27.9  -39.2     33   0.44      8    4.7  348.5  350.3  348.6
  291.9   9972  -28.0  -39.8     31   0.41      8    4.7  348.5  350.2  348.6
  291.4   9984  -28.1  -40.8     29   0.37      8    4.7  348.6  350.1  348.7
  291.0   9995  -28.1  -42.3     24   0.32      9    4.7  348.7  350.0  348.7
  290.5  10006  -28.2  -43.3     22   0.29      9    4.8  348.8  350.0  348.8
  290.1  10016  -28.2  -43.5     22   0.28      9    4.9  348.8  350.0  348.9
  289.6  10029  -28.3  -43.6     22   0.28     10    4.9  348.9  350.1  348.9
  289.1  10042  -28.4  -43.2     23   0.29     10    5.0  348.9  350.2  349.0
  288.6  10054  -28.5  -42.0     26   0.33     10    5.1  349.0  350.4  349.1
  288.1  10065  -28.6  -40.8     30   0.38     10    5.1  349.0  350.6  349.1
  287.7  10077  -28.7  -40.1     32   0.40     10    5.2  349.0  350.7  349.1
  287.2  10087  -28.7  -40.6     31   0.38     10    5.2  349.1  350.7  349.2
  286.8  10097  -28.8  -41.1     29   0.36     10    5.1  349.2  350.7  349.3
  286.4  10109  -28.8  -41.2     29   0.36      9    5.1  349.3  350.8  349.3
  285.9  10122  -28.9  -40.7     31   0.38      9    5.0  349.3  350.9  349.4
  285.4  10133  -29.0  -41.0     30   0.37      9    5.0  349.4  350.9  349.5
  284.9  10145  -29.0  -42.0     27   0.34      8    4.9  349.5  350.9  349.5
  284.5  10156  -29.1  -42.2     27   0.33      8    4.9  349.5  350.9  349.5
  284.1  10167  -29.2  -40.5     33   0.40      7    4.9  349.5  351.1  349.6
  283.6  10177  -29.3  -39.5     36   0.44      6    4.9  349.6  351.4  349.6
  283.3  10187  -29.4  -40.2     34   0.41      6    4.9  349.5  351.2  349.6
  282.9  10197  -29.4  -40.7     33   0.39      5    4.9  349.6  351.2  349.7
  282.4  10210  -29.6  -40.4     34   0.40      5    5.0  349.6  351.2  349.7
  281.8  10223  -29.7  -40.4     35   0.40      5    5.1  349.6  351.3  349.7
  281.3  10236  -29.8  -40.6     34   0.40      4    5.3  349.6  351.3  349.7
  280.8  10248  -29.9  -40.7     34   0.39      4    5.4  349.7  351.3  349.7
  280.4  10260  -30.0  -40.6     35   0.39      4    5.6  349.6  351.3  349.7
  279.9  10272  -30.1  -40.4     36   0.40      3    5.7  349.7  351.3  349.7
  279.4  10285  -30.2  -40.5     36   0.40      3    5.9  349.7  351.4  349.8
  278.9  10297  -30.3  -40.8     35   0.39      3    6.0  349.7  351.3  349.8
  278.4  10310  -30.4  -41.0     35   0.38      3    6.2  349.8  351.3  349.8
  277.9  10323  -30.5  -41.3     34   0.37      3    6.3  349.8  351.4  349.9
  277.3  10337  -30.6  -41.3     34   0.37      2    6.4  349.9  351.5  350.0
  276.9  10349  -30.7  -41.3     34   0.37      2    6.5  349.9  351.5  350.0
  276.5  10358  -30.8  -41.9     33   0.35      2    6.6  350.0  351.4  350.0
  276.2  10368  -30.8  -42.6     31   0.33      2    6.7  350.0  351.3  350.0
  275.7  10378  -30.9  -43.0     30   0.31      2    6.8  350.0  351.3  350.1
  275.3  10389  -31.0  -42.9     30   0.32      2    6.8  350.0  351.3  350.1
  274.9  10400  -31.1  -42.8     31   0.32      2    6.8  350.0  351.4  350.1
  274.5  10410  -31.2  -42.6     32   0.33      2    6.8  350.0  351.4  350.1
  274.1  10422  -31.3  -42.3     33   0.34      2    6.8  350.0  351.4  350.1
  273.5  10435  -31.5  -42.2     34   0.34      3    6.8  350.0  351.5  350.1
  273.0  10449  -31.6  -42.5     33   0.33      3    6.8  350.1  351.4  350.1
  272.5  10462  -31.7  -42.1     35   0.35      3    6.7  350.0  351.5  350.1
  272.0  10475  -31.8  -41.2     39   0.38      4    6.7  350.0  351.6  350.1
  271.6  10486  -31.9  -41.2     39   0.38      4    6.6  350.0  351.6  350.1
  271.1  10499  -32.1  -41.2     40   0.38      5    6.6  350.0  351.6  350.1
  270.5  10513  -32.2  -40.7     43   0.40      5    6.5  350.0  351.7  350.1
  270.0  10527  -32.3  -40.5     44   0.42      6    6.5  350.0  351.8  350.1
  269.5  10539  -32.5  -40.8     43   0.40      6    6.4  350.1  351.7  350.2
  269.1  10551  -32.6  -40.9     43   0.40      6    6.4  350.1  351.7  350.2
  268.6  10563  -32.6  -41.2     42   0.39      6    6.4  350.1  351.7  350.2
  268.2  10574  -32.8  -41.3     42   0.38      5    6.3  350.1  351.7  350.2
  267.7  10588  -32.9  -41.4     42   0.38      5    6.3  350.1  351.7  350.2
  267.2  10601  -33.0  -41.7     42   0.37      4    6.3  350.1  351.7  350.2
  266.7  10614  -33.1  -42.0     40   0.36      3    6.3  350.2  351.7  350.3
  266.2  10628  -33.2  -42.3     40   0.35      2    6.4  350.2  351.7  350.3
  265.6  10642  -33.3  -42.5     39   0.34      1    6.4  350.3  351.7  350.4
  265.1  10656  -33.4  -42.6     39   0.34    360    6.5  350.3  351.8  350.4
  264.6  10669  -33.5  -43.1     37   0.32    359    6.5  350.4  351.8  350.5
  264.1  10682  -33.5  -44.0     34   0.29    358    6.6  350.6  351.8  350.6
  263.6  10694  -33.6  -44.3     33   0.28    358    6.7  350.7  351.9  350.7
  263.2  10707  -33.6  -44.2     34   0.29    357    6.8  350.7  351.9  350.8
  262.7  10718  -33.7  -44.3     34   0.28    357    6.9  350.8  352.0  350.8
  262.3  10729  -33.8  -44.5     33   0.28    356    6.9  350.8  352.0  350.9
  261.9  10740  -33.9  -44.5     33   0.28    356    7.0  350.8  352.0  350.9
  261.5  10752  -34.0  -44.6     34   0.28    356    7.0  350.9  352.0  350.9
  261.0  10764  -34.1  -44.5     34   0.28    356    7.0  350.9  352.1  350.9
  260.6  10776  -34.2  -44.5     35   0.28    356    7.0  350.9  352.1  350.9
  260.2  10788  -34.3  -44.5     35   0.28    356    6.9  350.9  352.0  350.9
  259.7  10799  -34.4  -44.6     35   0.28    356    6.8  350.9  352.1  351.0
  259.3  10810  -34.5  -44.8     34   0.27    356    6.7  350.9  352.1  351.0
  258.9  10820  -34.6  -45.3     33   0.26    356    6.6  350.9  352.1  351.0
  258.6  10830  -34.7  -45.6     32   0.25    356    6.4  350.9  352.0  351.0
  258.2  10841  -34.8  -45.5     33   0.25    356    6.3  350.9  352.0  351.0
  257.8  10851  -34.9  -45.5     33   0.26    357    6.1  351.0  352.0  351.0
  257.4  10862  -35.0  -45.5     34   0.26    357    6.0  351.0  352.1  351.0
  257.0  10872  -35.1  -45.5     34   0.26    357    5.8  351.0  352.1  351.0
  256.7  10881  -35.2  -45.5     34   0.25    357    5.8  351.0  352.1  351.0
  256.4  10890  -35.2  -45.6     34   0.25    358    5.7  351.0  352.1  351.0
  256.0  10899  -35.3  -45.6     34   0.25    358    5.7  351.0  352.1  351.1
  255.7  10908  -35.4  -45.7     34   0.25    359    5.7  351.0  352.1  351.1
  255.4  10916  -35.5  -45.6     35   0.26    359    5.7  351.0  352.1  351.1
  255.1  10925  -35.6  -45.4     36   0.26    359    5.8  351.0  352.1  351.1
  254.7  10935  -35.7  -45.4     36   0.26    359    5.9  351.0  352.1  351.1
  254.3  10946  -35.7  -45.8     35   0.25    359    6.0  351.1  352.2  351.2
  254.0  10955  -35.8  -45.9     34   0.25    358    6.1  351.1  352.2  351.2
  253.6  10964  -35.9  -46.1     34   0.24    358    6.3  351.1  352.2  351.2
  253.3  10975  -36.0  -46.4     34   0.23    358    6.4  351.1  352.1  351.2
  252.8  10987  -36.1  -46.7     33   0.23    357    6.5  351.2  352.1  351.2
  252.4  10998  -36.2  -46.9     32   0.22    356    6.6  351.2  352.1  351.2
  252.0  11009  -36.3  -46.9     33   0.22    356    6.6  351.2  352.2  351.2
  251.6  11022  -36.4  -46.9     33   0.22    355    6.7  351.2  352.2  351.2
  251.1  11033  -36.5  -47.0     33   0.22    354    6.8  351.2  352.2  351.3
  250.7  11045  -36.6  -47.0     33   0.22    354    6.8  351.2  352.2  351.3
  250.3  11057  -36.7  -47.0     34   0.22    354    6.9  351.2  352.2  351.3
  250.0  11065  -36.8  -47.0     34   0.22    354    6.9  351.2  352.2  351.3
  249.9  11068  -36.8  -47.0     34   0.22    354    6.9  351.2  352.2  351.3
  249.5  11079  -36.9  -47.1     34   0.22    354    6.9  351.2  352.2  351.3
  249.0  11091  -37.0  -47.4     33   0.21    354    7.0  351.3  352.2  351.4
  248.6  11104  -37.1  -47.9     32   0.20    355    7.0  351.3  352.2  351.4
  248.1  11117  -37.2  -48.1     31   0.20    355    7.0  351.4  352.3  351.5
  247.7  11130  -37.2  -48.3     31   0.19    356    7.0  351.5  352.3  351.5
  247.2  11142  -37.3  -48.5     30   0.19    356    7.0  351.5  352.4  351.6
  246.8  11155  -37.5  -48.4     31   0.19    357    7.0  351.5  352.3  351.5
  246.3  11168  -37.6  -48.3     32   0.19    358    7.0  351.5  352.4  351.6
  245.9  11180  -37.7  -48.9     30   0.18    358    7.0  351.6  352.4  351.6
  245.4  11192  -37.7  -49.6     28   0.17    359    7.0  351.8  352.5  351.8
  245.1  11203  -37.7  -49.8     27   0.17    359    7.0  351.8  352.5  351.8
  244.7  11213  -37.8  -49.9     27   0.16    359    7.0  351.8  352.6  351.9
  244.3  11224  -37.9  -50.0     27   0.16    360    7.0  351.9  352.6  351.9
  243.9  11235  -38.0  -50.7     25   0.15    360    7.0  351.9  352.6  352.0
  243.6  11245  -38.0  -53.0     19   0.11    360    7.0  352.0  352.5  352.0
  243.2  11256  -38.1  -55.7     14   0.08      1    6.9  352.0  352.4  352.1
  242.8  11268  -38.1  -55.6     14   0.08      1    6.9  352.2  352.5  352.2
  242.3  11280  -38.2  -54.1     17   0.10      2    6.8  352.3  352.7  352.3
  241.9  11293  -38.3  -52.1     22   0.13      3    6.7  352.3  352.9  352.4
  241.5  11305  -38.3  -50.1     28   0.16      4    6.7  352.4  353.1  352.4
  241.0  11317  -38.4  -49.4     31   0.18      5    6.6  352.5  353.3  352.6
  240.6  11328  -38.4  -50.0     29   0.16      6    6.5  352.6  353.3  352.6
  240.2  11339  -38.5  -50.7     27   0.15      7    6.5  352.6  353.3  352.7
  239.9  11350  -38.6  -50.9     26   0.15      8    6.4  352.6  353.3  352.7
  239.5  11361  -38.7  -50.9     26   0.15      9    6.4  352.6  353.3  352.7
  239.1  11371  -38.8  -50.8     27   0.15     10    6.3  352.6  353.3  352.7
  238.8  11381  -39.0  -50.7     28   0.15     11    6.3  352.6  353.3  352.6
  238.4  11392  -39.0  -50.7     28   0.15     12    6.3  352.6  353.3  352.7
  238.0  11404  -39.1  -51.2     27   0.15     13    6.3  352.7  353.3  352.7
  237.5  11417  -39.2  -51.9     25   0.13     13    6.3  352.8  353.4  352.8
  237.1  11430  -39.2  -52.5     23   0.12     13    6.4  352.9  353.4  352.9
  236.7  11442  -39.3  -52.9     22   0.12     13    6.4  352.9  353.5  353.0
  236.3  11454  -39.4  -53.0     22   0.12     14    6.4  353.0  353.5  353.0
  235.9  11465  -39.5  -52.9     23   0.12     14    6.5  353.0  353.5  353.0
  235.5  11477  -39.6  -52.9     23   0.12     14    6.5  353.0  353.5  353.0
  235.0  11490  -39.7  -53.0     23   0.12     14    6.5  353.0  353.6  353.1
  234.6  11502  -39.8  -53.1     23   0.12     14    6.5  353.0  353.6  353.1
  234.2  11513  -39.9  -53.2     23   0.12     14    6.5  353.1  353.6  353.1
  233.9  11524  -40.0  -53.4     23   0.11     14    6.4  353.0  353.5  353.1
  233.5  11534  -40.1  -53.9     22   0.11     15    6.4  353.1  353.6  353.1
  233.1  11544  -40.2  -54.2     21   0.10     15    6.3  353.1  353.6  353.2
  232.8  11555  -40.3  -54.4     21   0.10     15    6.3  353.1  353.6  353.2
  232.4  11566  -40.4  -54.3     21   0.10     16    6.1  353.2  353.6  353.2
  232.0  11578  -40.5  -54.2     22   0.10     17    6.0  353.2  353.6  353.2
  231.6  11590  -40.6  -54.0     22   0.11     18    5.9  353.2  353.7  353.2
  231.2  11602  -40.7  -54.5     21   0.10     19    5.8  353.3  353.7  353.3
  230.8  11614  -40.7  -55.2     20   0.09     20    5.6  353.3  353.8  353.4
  230.4  11625  -40.8  -55.7     19   0.09     21    5.5  353.4  353.8  353.4
  230.1  11634  -40.9  -55.7     19   0.09     23    5.4  353.4  353.8  353.4
  229.8  11644  -41.0  -55.7     19   0.09     24    5.3  353.4  353.8  353.4
  229.4  11655  -41.1  -55.8     19   0.09     26    5.2  353.4  353.8  353.4
  229.0  11667  -41.2  -56.1     18   0.08     27    5.2  353.4  353.8  353.4
  228.5  11681  -41.3  -56.7     17   0.08     28    5.1  353.5  353.9  353.5
  228.1  11694  -41.3  -57.2     16   0.07     29    5.1  353.7  354.0  353.7
  227.7  11706  -41.3  -57.3     16   0.07     30    5.1  353.8  354.1  353.8
  227.3  11718  -41.4  -57.4     16   0.07     31    5.1  353.9  354.2  353.9
  226.9  11729  -41.5  -57.5     16   0.07     32    5.1  353.9  354.2  353.9
  226.6  11738  -41.6  -57.7     16   0.07     32    5.0  353.9  354.2  353.9
  226.3  11748  -41.6  -57.7     16   0.07     33    5.0  353.9  354.3  354.0
  225.9  11757  -41.7  -57.5     16   0.07     33    5.0  354.0  354.3  354.0
  225.6  11767  -41.8  -57.4     17   0.07     34    4.9  354.0  354.3  354.0
  225.3  11777  -41.9  -57.4     17   0.07     34    4.9  354.0  354.3  354.0
  225.0  11786  -42.0  -57.5     17   0.07     35    4.8  354.0  354.3  354.0
  224.6  11797  -42.1  -57.4     17   0.07     35    4.7  354.0  354.4  354.1
  224.3  11808  -42.2  -57.3     18   0.07     36    4.7  354.0  354.3  354.0
  223.9  11819  -42.3  -57.2     18   0.07     37    4.6  354.0  354.3  354.0
  223.5  11830  -42.4  -57.3     18   0.07     39    4.5  354.0  354.4  354.0
  223.1  11843  -42.5  -57.4     18   0.07     40    4.4  354.0  354.4  354.0
  222.7  11856  -42.7  -57.4     18   0.07     41    4.4  354.0  354.3  354.0
  222.3  11868  -42.8  -57.4     18   0.07     43    4.3  354.0  354.3  354.0
  221.9  11879  -42.9  -57.4     19   0.07     44    4.2  354.0  354.3  354.0
  221.5  11890  -43.0  -57.5     19   0.07     45    4.1  354.0  354.4  354.1
  221.2  11901  -43.1  -57.5     19   0.07     47    4.0  354.0  354.4  354.1
  220.9  11911  -43.2  -57.5     19   0.07     48    3.9  354.0  354.4  354.1
  220.5  11922  -43.2  -57.7     19   0.07     49    3.8  354.1  354.5  354.1
  220.2  11933  -43.3  -57.7     19   0.07     50    3.7  354.1  354.5  354.2
  219.8  11944  -43.4  -57.8     19   0.07     51    3.6  354.2  354.5  354.2
  219.4  11955  -43.5  -58.0     19   0.07     52    3.4  354.3  354.6  354.3
  219.1  11966  -43.5  -58.5     17   0.06     53    3.3  354.4  354.7  354.4
  218.7  11976  -43.6  -59.1     16   0.06     54    3.2  354.4  354.7  354.5
  218.3  11988  -43.7  -59.5     16   0.06     55    3.2  354.5  354.7  354.5
  217.9  12001  -43.8  -59.7     15   0.06     56    3.1  354.5  354.8  354.5
  217.6  12012  -43.9  -59.8     15   0.06     57    3.1  354.5  354.7  354.5
  217.2  12023  -44.0  -59.8     16   0.06     58    3.1  354.5  354.8  354.5
  216.9  12034  -44.1  -59.7     16   0.06     59    3.2  354.5  354.7  354.5
  216.5  12045  -44.2  -59.8     16   0.06     60    3.2  354.5  354.7  354.5
  216.2  12055  -44.3  -59.8     16   0.06     61    3.3  354.5  354.7  354.5
  215.9  12064  -44.4  -59.8     16   0.06     62    3.3  354.5  354.7  354.5
  215.6  12074  -44.5  -59.7     17   0.06     62    3.4  354.5  354.7  354.5
  215.3  12084  -44.6  -59.7     17   0.06     63    3.4  354.5  354.7  354.5
  215.0  12093  -44.7  -59.8     17   0.06     63    3.4  354.5  354.7  354.5
  214.7  12102  -44.8  -59.8     17   0.06     64    3.5  354.5  354.7  354.5
  214.3  12112  -44.8  -60.0     17   0.05     64    3.4  354.5  354.8  354.5
  214.0  12123  -44.9  -60.6     16   0.05     65    3.4  354.5  354.8  354.6
  213.7  12133  -45.0  -61.2     14   0.05     65    3.4  354.6  354.8  354.6
  213.3  12145  -45.1  -61.7     14   0.04     66    3.3  354.7  354.9  354.7
  212.9  12158  -45.2  -61.8     14   0.04     66    3.2  354.7  354.9  354.7
  212.4  12172  -45.3  -62.1     13   0.04     67    3.2  354.8  355.0  354.8
  212.0  12186  -45.4  -62.4     13   0.04     68    3.1  354.8  355.0  354.8
  211.6  12197  -45.4  -62.8     12   0.04     69    3.0  354.9  355.1  354.9
  211.3  12208  -45.5  -63.1     12   0.04     70    2.9  354.9  355.1  354.9
  211.0  12219  -45.6  -63.1     12   0.04     72    2.8  354.9  355.1  354.9
  210.6  12231  -45.7  -62.9     13   0.04     74    2.8  354.9  355.1  354.9
  210.2  12243  -45.8  -62.9     13   0.04     77    2.7  355.0  355.1  355.0
  209.9  12254  -45.9  -63.0     13   0.04     80    2.6  355.0  355.2  355.0
  209.6  12263  -46.0  -63.2     13   0.04     83    2.5  355.0  355.2  355.0
  209.2  12273  -46.1  -63.3     12   0.04     87    2.5  355.0  355.2  355.1
  208.9  12284  -46.2  -63.4     12   0.04     91    2.4  355.1  355.2  355.1
  208.5  12295  -46.2  -63.4     12   0.04     96    2.4  355.1  355.3  355.1
  208.2  12307  -46.3  -63.4     13   0.04    101    2.3  355.1  355.3  355.1
  207.8  12319  -46.4  -63.5     13   0.04    105    2.3  355.2  355.4  355.2
  207.4  12332  -46.5  -64.0     12   0.03    110    2.3  355.3  355.4  355.3
  207.0  12344  -46.6  -64.6     11   0.03    114    2.2  355.4  355.5  355.4
  206.6  12356  -46.6  -65.3     10   0.03    118    2.2  355.5  355.6  355.5
  206.2  12370  -46.7  -65.8     10   0.03    121    2.2  355.5  355.6  355.5
  205.8  12384  -46.8  -66.2      9   0.03    124    2.2  355.5  355.7  355.6
  205.4  12396  -46.9  -66.4      9   0.02    127    2.1  355.6  355.7  355.6
  205.1  12407  -47.0  -66.6      9   0.02    129    2.1  355.6  355.7  355.6
  204.7  12418  -47.1  -66.6      9   0.02    131    2.0  355.7  355.8  355.7
  204.3  12431  -47.2  -66.8      9   0.02    132    2.0  355.7  355.8  355.7
  203.9  12443  -47.3  -67.0      9   0.02    134    1.9  355.8  355.9  355.8
  203.6  12455  -47.4  -67.3      8   0.02    135    1.9  355.8  355.9  355.8
  203.2  12467  -47.5  -67.4      8   0.02    136    1.8  355.8  355.9  355.8
  202.8  12480  -47.6  -67.5      8   0.02    138    1.8  355.8  355.9  355.9
  202.4  12492  -47.7  -67.6      8   0.02    140    1.8  355.9  356.0  355.9
  202.1  12502  -47.8  -67.7      8   0.02    143    1.8  355.9  356.0  355.9
  201.8  12513  -47.9  -67.7      8   0.02    146    1.8  355.9  356.0  355.9
  201.5  12523  -47.9  -67.7      8   0.02    149    1.8  355.9  356.0  355.9
  201.1  12534  -48.0  -67.6      9   0.02    152    1.8  356.0  356.1  356.0
  200.8  12545  -48.1  -67.6      9   0.02    155    1.9  356.0  356.1  356.0
  200.5  12554  -48.2  -67.7      9   0.02    158    2.0  356.0  356.1  356.0
  200.2  12564  -48.3  -67.8      9   0.02    162    2.0  356.0  356.1  356.0
  200.0  12572  -48.4  -67.9      9   0.02    162    2.0  356.0  356.1  356.0
  199.9  12576  -48.4  -67.9      9   0.02    165    2.1  356.0  356.1  356.0
  199.5  12587  -48.5  -67.9      9   0.02    167    2.2  356.1  356.2  356.1
  199.2  12597  -48.5  -67.9      9   0.02    170    2.4  356.1  356.2  356.2
  199.0  12606  -48.6  -67.9      9   0.02    172    2.5  356.1  356.2  356.1
  198.7  12616  -48.7  -67.8      9   0.02    173    2.6  356.2  356.3  356.2
  198.3  12626  -48.8  -67.8      9   0.02    174    2.7  356.2  356.3  356.2
  198.0  12637  -48.9  -67.7      9   0.02    175    2.8  356.3  356.4  356.3
  197.7  12647  -49.0  -67.7      9   0.02    175    2.9  356.2  356.3  356.2
  197.4  12659  -49.1  -67.8     10   0.02    175    3.0  356.2  356.3  356.2
  197.0  12671  -49.2  -67.8     10   0.02    175    3.1  356.2  356.3  356.2
  196.7  12681  -49.3  -68.0      9   0.02    174    3.1  356.2  356.3  356.2
  196.3  12693  -49.4  -68.3      9   0.02    172    3.2  356.3  356.4  356.3
  196.0  12703  -49.5  -68.5      9   0.02    171    3.3  356.3  356.4  356.3
  195.7  12713  -49.6  -68.7      9   0.02    169    3.4  356.3  356.4  356.3
  195.4  12724  -49.7  -68.9      9   0.02    167    3.5  356.3  356.4  356.3
  195.1  12734  -49.8  -69.0      9   0.02    165    3.5  356.3  356.4  356.3
  194.8  12744  -49.8  -69.2      8   0.02    164    3.6  356.3  356.4  356.3
  194.5  12754  -49.9  -69.4      8   0.02    163    3.7  356.4  356.4  356.4
  194.2  12765  -50.0  -69.5      8   0.02    162    3.8  356.3  356.4  356.4
  193.9  12776  -50.1  -69.5      8   0.02    161    3.9  356.3  356.4  356.3
  193.6  12786  -50.2  -69.5      9   0.02    161    4.0  356.3  356.4  356.3
  193.3  12795  -50.3  -69.4      9   0.02    162    4.1  356.4  356.4  356.4
  193.0  12804  -50.4  -69.5      9   0.02    163    4.2  356.4  356.4  356.4
  192.7  12815  -50.5  -69.6      9   0.02    164    4.3  356.4  356.5  356.4
  192.4  12825  -50.6  -69.8      9   0.02    165    4.5  356.4  356.5  356.4
  192.1  12837  -50.7  -70.0      8   0.02    166    4.5  356.4  356.4  356.4
  191.7  12849  -50.8  -70.2      8   0.02    167    4.6  356.4  356.5  356.4
  191.4  12861  -50.9  -70.5      8   0.01    168    4.7  356.4  356.5  356.4
  191.0  12872  -51.0  -70.9      8   0.01    169    4.8  356.5  356.5  356.5
  190.7  12883  -51.1  -71.3      7   0.01    170    4.8  356.5  356.6  356.5
  190.4  12893  -51.2  -71.8      7   0.01    171    4.8  356.5  356.6  356.5
  190.1  12902  -51.3  -72.3      6   0.01    172    4.9  356.6  356.6  356.6
  189.9  12912  -51.3  -72.9      6   0.01    172    4.9  356.5  356.6  356.5
  189.6  12922  -51.4  -73.4      6   0.01    173    4.9  356.6  356.6  356.6
  189.3  12931  -51.5  -73.8      5   0.01    174    4.9  356.6  356.7  356.6
  189.1  12939  -51.6  -74.1      5   0.01    174    4.9  356.6  356.6  356.6
  188.8  12947  -51.7  -74.1      5   0.01    175    4.9  356.6  356.6  356.6
  188.5  12957  -51.8  -74.1      5   0.01    176    5.0  356.6  356.6  356.6
  188.2  12967  -51.9  -74.2      5   0.01    177    5.0  356.6  356.7  356.6
  188.0  12977  -51.9  -74.2      5   0.01    178    5.0  356.6  356.7  356.6
  187.7  12987  -52.0  -74.3      5   0.01    179    5.1  356.6  356.7  356.6
  187.4  12997  -52.1  -74.4      5   0.01    180    5.1  356.6  356.7  356.6
  187.1  13007  -52.2  -74.5      5   0.01    181    5.2  356.7  356.7  356.7
  186.7  13019  -52.3  -74.5      5   0.01    183    5.2  356.7  356.8  356.7
  186.4  13030  -52.4  -74.6      5   0.01    184    5.3  356.7  356.8  356.7
  186.1  13040  -52.5  -74.8      5   0.01    185    5.3  356.7  356.8  356.7
  185.8  13052  -52.6  -75.2      5   0.01    186    5.3  356.7  356.7  356.7
  185.5  13063  -52.7  -75.7      5   0.01    186    5.3  356.7  356.7  356.7
  185.2  13074  -52.8  -76.3      4   0.01    187    5.3  356.7  356.7  356.7
  184.8  13086  -52.9  -76.8      4   0.01    188    5.2  356.7  356.8  356.7
  184.5  13098  -53.0  -77.2      4   0.01    188    5.2  356.7  356.8  356.7
  184.1  13111  -53.1  -77.5      4   0.01    188    5.2  356.8  356.8  356.8
  183.7  13126  -53.3  -77.7      4   0.01    188    5.1  356.8  356.8  356.8
  183.2  13141  -53.4  -77.6      4   0.01    187    5.1  356.8  356.8  356.8
  182.8  13156  -53.6  -77.5      4   0.01    187    5.0  356.8  356.8  356.8
  182.4  13170  -53.7  -77.5      4   0.01    186    5.0  356.8  356.8  356.8
  182.1  13182  -53.8  -77.5      4   0.01    185    5.0  356.8  356.8  356.8
  181.8  13193  -53.9  -77.5      4   0.01    183    4.9  356.8  356.8  356.8
  181.4  13206  -54.1  -77.7      4   0.01    182    4.9  356.8  356.8  356.8
  181.0  13220  -54.2  -77.9      4   0.01    181    4.9  356.8  356.9  356.8
  180.6  13233  -54.3  -78.2      4   0.00    179    4.9  356.8  356.9  356.8
  180.3  13244  -54.4  -78.4      4   0.00    178    4.9  356.8  356.9  356.8
  180.0  13255  -54.5  -78.6      4   0.00    177    4.9  356.8  356.9  356.8
  179.7  13267  -54.6  -78.7      4   0.00    176    4.9  356.8  356.9  356.8
  179.3  13279  -54.7  -78.7      4   0.00    175    4.9  356.9  356.9  356.9
  179.0  13292  -54.9  -78.7      4   0.00    174    4.8  356.8  356.9  356.8
  178.7  13303  -55.0  -78.4      4   0.00    173    4.8  356.8  356.8  356.8
  178.3  13315  -55.1  -78.2      4   0.01    172    4.7  356.9  356.9  356.9
  178.0  13326  -55.2  -77.8      4   0.01    171    4.7  356.9  356.9  356.9
  177.7  13337  -55.3  -77.5      5   0.01    170    4.6  356.9  356.9  356.9
  177.5  13347  -55.4  -77.2      5   0.01    170    4.6  356.9  356.9  356.9
  177.2  13355  -55.5  -77.0      5   0.01    169    4.6  356.9  356.9  356.9
  176.9  13366  -55.6  -76.8      5   0.01    168    4.5  356.9  356.9  356.9
  176.6  13377  -55.7  -76.6      6   0.01    167    4.5  356.9  356.9  356.9
  176.3  13389  -55.8  -76.2      6   0.01    167    4.5  356.9  356.9  356.9
  176.0  13400  -55.9  -75.4      7   0.01    166    4.5  356.9  357.0  356.9
  175.7  13410  -56.0  -74.4      8   0.01    165    4.5  356.9  357.0  356.9
  175.4  13420  -56.1  -73.2     10   0.01    163    4.5  356.9  357.0  356.9
  175.1  13431  -56.2  -71.9     12   0.01    162    4.4  356.9  357.0  356.9
  174.8  13443  -56.2  -70.3     16   0.02    160    4.4  357.0  357.1  357.0
  174.5  13455  -56.4  -68.8     19   0.02    158    4.4  357.0  357.1  357.0
  174.1  13466  -56.5  -67.6     24   0.02    156    4.3  356.9  357.1  356.9
  173.8  13479  -56.6  -66.6     27   0.03    154    4.3  356.9  357.1  356.9
  173.4  13493  -56.7  -66.0     30   0.03    151    4.2  357.1  357.2  357.1
  173.0  13506  -56.8  -65.6     32   0.03    148    4.2  357.2  357.3  357.2
  172.7  13517  -56.9  -65.6     32   0.03    144    4.1  357.2  357.4  357.2
  172.5  13527  -57.0  -66.0     31   0.03    139    4.1  357.2  357.3  357.2
  172.2  13538  -57.0  -66.8     28   0.03    135    4.0  357.3  357.4  357.3
  171.9  13549  -57.1  -67.8     24   0.02    130    4.0  357.3  357.5  357.3
  171.6  13561  -57.2  -68.7     22   0.02    125    4.1  357.4  357.5  357.4
  171.2  13574  -57.3  -69.2     20   0.02    120    4.2  357.5  357.6  357.5
  170.9  13587  -57.3  -69.4     20   0.02    116    4.3  357.5  357.6  357.5
  170.5  13599  -57.4  -69.5     20   0.02    112    4.5  357.7  357.8  357.7
  170.2  13611  -57.5  -69.6     20   0.02    109    4.7  357.7  357.8  357.7
  169.9  13621  -57.5  -69.7     20   0.02    106    4.9  357.8  357.9  357.8
  169.6  13633  -57.6  -69.9     20   0.02    104    5.1  357.8  357.9  357.8
  169.2  13648  -57.7  -70.0     19   0.02    103    5.3  357.9  358.0  357.9
  168.8  13663  -57.8  -70.2     19   0.02    102    5.5  358.0  358.1  358.0
  168.4  13677  -57.9  -70.4     19   0.02    101    5.7  358.1  358.2  358.1
  168.1  13690  -58.0  -70.4     19   0.02    101    5.8  358.1  358.2  358.1
  167.7  13704  -58.1  -70.4     19   0.02    101    6.0  358.1  358.2  358.1
  167.3  13719  -58.3  -70.4     20   0.02    101    6.1  358.2  358.2  358.2
  166.9  13733  -58.4  -70.4     20   0.02    100    6.2  358.2  358.3  358.2
  166.6  13746  -58.5  -70.3     20   0.02    100    6.2  358.3  358.3  358.3
  166.3  13757  -58.6  -70.2     21   0.02    100    6.3  358.3  358.4  358.3
  166.0  13769  -58.7  -70.2     21   0.02    100    6.3  358.3  358.3  358.3
  165.7  13782  -58.8  -70.2     22   0.02     99    6.3  358.2  358.3  358.2
  165.3  13796  -58.9  -70.3     22   0.02     98    6.3  358.3  358.4  358.3
  164.9  13811  -59.1  -70.3     22   0.02     98    6.3  358.3  358.4  358.3
  164.5  13825  -59.2  -70.3     22   0.02     97    6.2  358.3  358.4  358.3
  164.2  13837  -59.3  -70.3     23   0.02     96    6.2  358.4  358.4  358.4
  163.9  13850  -59.4  -70.3     23   0.02     95    6.2  358.4  358.5  358.4
  163.6  13860  -59.5  -70.3     23   0.02     94    6.2  358.4  358.5  358.4
  163.3  13870  -59.6  -70.4     23   0.02     94    6.2  358.4  358.5  358.4
  163.0  13882  -59.7  -70.4     24   0.02     93    6.2  358.3  358.4  358.4
  162.7  13894  -59.9  -70.5     24   0.02     93    6.2  358.3  358.4  358.3
  162.4  13906  -60.0  -70.5     24   0.02     92    6.2  358.3  358.4  358.3
  162.1  13918  -60.1  -70.5     24   0.02     92    6.2  358.4  358.5  358.4
  161.9  13927  -60.1  -70.4     25   0.02     92    6.2  358.4  358.5  358.4
  161.6  13936  -60.2  -70.3     25   0.02     92    6.2  358.5  358.6  358.5
  161.3  13947  -60.3  -70.3     26   0.02     92    6.2  358.5  358.6  358.5
  161.1  13956  -60.4  -70.3     26   0.02     93    6.2  358.5  358.5  358.5
  160.8  13966  -60.5  -70.3     26   0.02     93    6.2  358.5  358.6  358.5
  160.6  13976  -60.6  -70.3     27   0.02     94    6.3  358.4  358.5  358.4
  160.3  13987  -60.7  -70.3     27   0.02     95    6.3  358.4  358.5  358.4
  160.0  13998  -60.8  -70.3     28   0.02     96    6.3  358.5  358.6  358.5
  159.7  14009  -60.9  -70.2     28   0.02     97    6.3  358.5  358.6  358.5
  159.4  14020  -61.0  -70.1     29   0.02     98    6.3  358.5  358.6  358.5
  159.2  14031  -61.1  -70.0     30   0.02     99    6.3  358.5  358.5  358.5
  158.9  14041  -61.2  -69.9     30   0.02    100    6.3  358.5  358.6  358.5
  158.7  14051  -61.3  -69.9     31   0.02    102    6.3  358.5  358.6  358.5
  158.4  14061  -61.4  -69.8     32   0.02    103    6.2  358.5  358.6  358.5
  158.1  14072  -61.5  -69.8     33   0.02    104    6.2  358.5  358.6  358.5
  157.8  14083  -61.6  -69.6     34   0.02    105    6.2  358.5  358.6  358.5
  157.5  14094  -61.7  -69.5     35   0.02    106    6.1  358.5  358.6  358.5
  157.3  14105  -61.8  -69.3     36   0.02    107    6.0  358.4  358.5  358.4
  157.0  14115  -61.9  -69.1     38   0.02    107    5.9  358.5  358.6  358.5
  156.8  14125  -62.0  -68.8     40   0.02    107    5.9  358.5  358.6  358.5
  156.5  14136  -62.1  -68.6     41   0.02    106    5.8  358.5  358.7  358.6
  156.2  14147  -62.2  -68.5     42   0.02    105    5.7  358.6  358.7  358.6
  155.9  14158  -62.3  -68.5     43   0.02    104    5.6  358.6  358.7  358.6
  155.6  14170  -62.4  -68.7     43   0.02    103    5.6  358.6  358.7  358.6
  155.3  14182  -62.5  -68.9     42   0.02    101    5.5  358.6  358.7  358.6
  155.0  14194  -62.6  -69.4     40   0.02    100    5.5  358.7  358.8  358.7
  154.7  14205  -62.6  -70.0     37   0.02     98    5.5  358.8  358.9  358.8
  154.5  14217  -62.7  -70.6     34   0.02     97    5.5  358.9  359.0  358.9
  154.1  14230  -62.8  -71.2     31   0.02     95    5.5  359.0  359.1  359.0
  153.8  14243  -62.9  -71.9     28   0.01     94    5.5  359.0  359.1  359.0
  153.5  14257  -62.9  -72.8     25   0.01     93    5.5  359.1  359.1  359.1
  153.1  14269  -63.0  -73.7     22   0.01     92    5.5  359.2  359.3  359.2
  152.9  14280  -63.1  -74.4     20   0.01     91    5.5  359.2  359.3  359.2
  152.6  14290  -63.1  -75.1     18   0.01     90    5.4  359.3  359.4  359.3
  152.4  14300  -63.2  -75.6     17   0.01     90    5.4  359.3  359.4  359.3
  152.1  14311  -63.3  -75.8     17   0.01     89    5.3  359.3  359.4  359.3
  151.9  14321  -63.4  -75.8     17   0.01     88    5.2  359.3  359.4  359.3
  151.6  14331  -63.5  -75.6     18   0.01     86    5.1  359.4  359.4  359.4
  151.4  14341  -63.6  -75.4     19   0.01     85    5.0  359.3  359.4  359.3
  151.1  14350  -63.7  -75.2     19   0.01     83    4.9  359.4  359.4  359.4
  150.9  14359  -63.8  -75.1     20   0.01     81    4.8  359.3  359.4  359.3
  150.7  14368  -63.9  -75.0     21   0.01     79    4.7  359.3  359.4  359.3
  150.5  14378  -64.0  -74.9     21   0.01     77    4.7  359.3  359.4  359.3
  150.2  14388  -64.1  -74.9     21   0.01     75    4.6  359.4  359.4  359.4
  150.0  14396  -64.1  -74.8     22   0.01     75    4.6  359.4  359.5  359.4
  149.7  14407  -64.2  -74.8     22   0.01     71    4.6  359.5  359.5  359.5
  149.5  14416  -64.3  -74.7     23   0.01     69    4.6  359.5  359.6  359.5
  149.3  14426  -64.3  -74.7     23   0.01     68    4.6  359.5  359.6  359.5
  149.0  14436  -64.4  -74.7     23   0.01     67    4.7  359.6  359.7  359.6
  148.8  14446  -64.4  -74.8     23   0.01     66    4.7  359.7  359.7  359.7
  148.5  14457  -64.5  -74.8     23   0.01     66    4.7  359.8  359.8  359.8
  148.3  14467  -64.6  -74.8     23   0.01     66    4.8  359.8  359.9  359.8
  148.0  14477  -64.7  -74.8     24   0.01     66    4.8  359.9  359.9  359.9
  147.8  14488  -64.8  -74.8     24   0.01     66    4.8  359.8  359.9  359.8
  147.5  14498  -64.8  -74.8     24   0.01     67    4.9  359.9  359.9  359.9
  147.3  14509  -64.9  -74.8     24   0.01     68    4.9  359.9  359.9  359.9
  147.0  14521  -65.0  -74.9     24   0.01     69    4.9  359.9  360.0  359.9
  146.7  14530  -65.1  -75.0     24   0.01     69    4.9  360.0  360.0  360.0
  146.5  14539  -65.2  -75.0     25   0.01     70    5.0  359.9  360.0  359.9
  146.3  14550  -65.3  -75.0     25   0.01     71    5.0  359.9  360.0  359.9
  146.0  14560  -65.4  -74.9     26   0.01     72    5.0  360.0  360.0  360.0
  145.8  14571  -65.5  -74.8     26   0.01     73    5.0  360.0  360.1  360.0
  145.5  14580  -65.6  -74.7     27   0.01     73    5.1  360.1  360.1  360.1
  145.3  14591  -65.7  -74.7     27   0.01     74    5.1  360.0  360.1  360.0
  145.0  14602  -65.7  -74.7     28   0.01     74    5.1  360.1  360.1  360.1
  144.8  14613  -65.9  -74.8     28   0.01     74    5.1  360.0  360.1  360.0
  144.5  14625  -66.0  -74.8     28   0.01     74    5.1  360.0  360.1  360.0
  144.2  14637  -66.1  -74.8     29   0.01     74    5.2  360.0  360.1  360.0
  143.9  14648  -66.2  -74.7     29   0.01     75    5.2  360.0  360.1  360.0
  143.7  14658  -66.3  -74.6     30   0.01     75    5.2  360.0  360.1  360.0
  143.4  14669  -66.4  -74.5     31   0.01     75    5.2  360.1  360.1  360.1
  143.2  14679  -66.5  -74.5     32   0.01     75    5.3  360.1  360.1  360.1
  142.9  14690  -66.6  -74.6     32   0.01     75    5.3  360.1  360.2  360.1
  142.7  14699  -66.7  -74.7     32   0.01     75    5.4  360.1  360.1  360.1
  142.5  14708  -66.8  -74.7     32   0.01     75    5.4  360.1  360.1  360.1
  142.3  14717  -66.9  -74.8     32   0.01     75    5.4  360.0  360.1  360.0
  142.1  14726  -67.0  -74.8     32   0.01     75    5.4  360.0  360.1  360.0
  141.9  14735  -67.1  -74.8     33   0.01     75    5.5  360.0  360.1  360.0
  141.6  14745  -67.2  -74.8     33   0.01     76    5.5  360.1  360.1  360.1
  141.4  14754  -67.2  -74.8     34   0.01     76    5.5  360.1  360.1  360.1
  141.2  14764  -67.3  -74.8     34   0.01     76    5.6  360.1  360.1  360.1
  141.0  14773  -67.4  -74.8     34   0.01     77    5.6  360.1  360.1  360.1
  140.8  14783  -67.5  -74.9     34   0.01     77    5.6  360.1  360.1  360.1
  140.5  14792  -67.6  -75.0     34   0.01     78    5.7  360.2  360.2  360.2
  140.3  14802  -67.6  -75.1     34   0.01     78    5.7  360.2  360.2  360.2
  140.1  14811  -67.7  -75.3     33   0.01     78    5.8  360.2  360.2  360.2
  139.9  14821  -67.8  -75.4     33   0.01     78    5.9  360.2  360.2  360.2
  139.6  14831  -67.9  -75.5     33   0.01     79    6.0  360.3  360.3  360.3
  139.4  14841  -68.0  -75.6     33   0.01     79    6.1  360.3  360.3  360.3
  139.1  14852  -68.1  -75.7     33   0.01     79    6.3  360.3  360.4  360.3
  138.9  14864  -68.2  -75.9     32   0.01     79    6.4  360.3  360.3  360.3
  138.6  14876  -68.3  -76.1     32   0.01     79    6.6  360.3  360.4  360.3
  138.3  14888  -68.4  -76.3     31   0.01     79    6.7  360.4  360.4  360.4
  138.0  14902  -68.5  -76.4     31   0.01     80    6.9  360.4  360.5  360.4
  137.7  14916  -68.6  -76.6     31   0.01     80    7.0  360.5  360.5  360.5
  137.4  14927  -68.7  -76.7     31   0.01     80    7.1  360.5  360.6  360.5
  137.2  14935  -68.7  -76.8     30   0.01     80    7.2  360.6  360.7  360.6
  137.0  14945  -68.8  -76.9     30   0.01     80    7.3  360.6  360.7  360.6
  136.7  14957  -68.9  -77.0     30   0.01     80    7.4  360.7  360.7  360.7
  136.5  14968  -69.0  -77.2     30   0.01     81    7.5  360.6  360.7  360.6
  136.2  14980  -69.1  -77.4     29   0.01     81    7.5  360.7  360.7  360.7
  136.0  14989  -69.2  -77.6     29   0.01     81    7.6  360.6  360.7  360.6
  135.8  14999  -69.3  -77.7     29   0.01     82    7.6  360.6  360.7  360.6
  135.5  15010  -69.4  -77.7     29   0.01     82    7.6  360.7  360.8  360.7
  135.3  15020  -69.4  -77.7     29   0.01     83    7.7  360.8  360.8  360.8
  135.1  15030  -69.5  -77.7     29   0.01     84    7.7  360.7  360.8  360.7
  134.8  15039  -69.6  -77.8     30   0.01     84    7.8  360.8  360.8  360.8
  134.7  15048  -69.7  -77.8     30   0.01     85    7.8  360.7  360.8  360.7
  134.5  15057  -69.8  -77.9     30   0.01     86    7.9  360.7  360.7  360.7
  134.2  15066  -69.9  -78.0     30   0.01     87    7.9  360.8  360.8  360.8
  134.0  15076  -70.0  -78.0     30   0.01     87    8.0  360.8  360.8  360.8
  133.8  15086  -70.1  -78.0     30   0.01     88    8.1  360.8  360.8  360.8
  133.6  15095  -70.2  -78.0     31   0.01     89    8.1  360.7  360.8  360.7
  133.4  15106  -70.3  -78.1     31   0.01     90    8.2  360.7  360.8  360.7
  133.1  15116  -70.4  -78.1     31   0.01     90    8.2  360.8  360.8  360.8
  132.9  15126  -70.5  -78.1     32   0.01     91    8.3  360.8  360.8  360.8
  132.7  15135  -70.5  -78.1     32   0.01     92    8.3  360.8  360.8  360.8
  132.5  15144  -70.6  -78.1     32   0.01     92    8.3  360.8  360.9  360.8
  132.3  15153  -70.7  -78.1     33   0.01     93    8.4  360.8  360.9  360.8
  132.1  15163  -70.8  -78.1     33   0.01     93    8.4  360.8  360.9  360.8
  131.9  15173  -70.9  -78.1     34   0.01     94    8.5  360.9  360.9  360.9
  131.6  15182  -70.9  -78.1     34   0.01     94    8.5  360.9  361.0  360.9
  131.4  15191  -71.0  -78.1     34   0.01     95    8.6  360.9  361.0  360.9
  131.2  15201  -71.1  -78.1     35   0.01     95    8.7  360.9  361.0  360.9
  131.0  15211  -71.2  -78.1     35   0.01     95    8.8  360.9  361.0  360.9
  130.8  15222  -71.3  -78.1     36   0.01     96    8.9  360.9  361.0  360.9
  130.6  15231  -71.4  -78.1     36   0.01     96    9.0  360.9  361.0  360.9
  130.4  15240  -71.4  -78.0     37   0.01     96    9.1  361.0  361.0  361.0
  130.2  15249  -71.5  -78.0     38   0.01     96    9.2  361.0  361.1  361.0
  130.0  15258  -71.6  -77.9     39   0.01     96    9.3  361.1  361.1  361.1
  129.8  15267  -71.7  -77.8     39   0.01     95    9.4  361.1  361.1  361.1
  129.6  15277  -71.7  -77.8     40   0.01     95    9.5  361.1  361.1  361.1
  129.3  15287  -71.8  -77.8     41   0.01     95    9.6  361.2  361.2  361.2
  129.1  15296  -71.9  -77.7     41   0.01     94    9.7  361.2  361.2  361.2
  128.9  15305  -72.0  -77.7     42   0.01     94    9.7  361.2  361.3  361.2
  128.8  15313  -72.1  -77.7     43   0.01     93    9.7  361.2  361.2  361.2
  128.5  15323  -72.1  -77.7     43   0.01     93    9.7  361.3  361.3  361.3
  128.3  15332  -72.2  -77.7     43   0.01     92    9.6  361.3  361.3  361.3
  128.1  15342  -72.3  -77.8     43   0.01     91    9.6  361.3  361.3  361.3
  127.9  15351  -72.4  -77.9     43   0.01     90    9.5  361.3  361.4  361.3
  127.7  15360  -72.4  -78.0     43   0.01     90    9.5  361.4  361.5  361.4
  127.5  15369  -72.5  -78.1     42   0.01     89    9.4  361.5  361.5  361.5
  127.3  15378  -72.5  -78.2     42   0.01     88    9.3  361.5  361.6  361.5
  127.1  15388  -72.6  -78.3     42   0.01     88    9.3  361.6  361.6  361.6
  126.9  15398  -72.6  -78.5     41   0.01     87    9.2  361.6  361.7  361.6
  126.7  15407  -72.7  -78.6     41   0.01     87    9.2  361.7  361.7  361.7
  126.5  15416  -72.8  -78.7     40   0.01     87    9.2  361.7  361.7  361.7
  126.3  15426  -72.9  -78.8     40   0.01     87    9.2  361.7  361.8  361.7
  126.1  15436  -72.9  -78.9     40   0.01     87    9.1  361.8  361.8  361.8
  125.9  15446  -73.0  -79.0     40   0.01     87    9.1  361.8  361.9  361.8
  125.7  15456  -73.1  -79.1     40   0.01     88    9.1  361.9  361.9  361.9
  125.5  15466  -73.1  -79.1     40   0.01     88    9.1  361.9  361.9  361.9
  125.3  15475  -73.2  -79.2     40   0.01     89    9.1  362.0  362.0  362.0
  125.0  15485  -73.3  -79.3     40   0.01     89    9.1  362.1  362.1  362.1
  124.8  15495  -73.3  -79.4     39   0.01     89    9.2  362.1  362.2  362.1
  124.6  15504  -73.4  -79.5     39   0.01     90    9.2  362.1  362.1  362.1
  124.4  15513  -73.5  -79.6     39   0.01     91    9.2  362.1  362.1  362.1
  124.2  15523  -73.6  -79.8     39   0.01     91    9.3  362.1  362.1  362.1
  124.0  15532  -73.7  -79.9     38   0.01     92    9.4  362.1  362.1  362.1
  123.8  15542  -73.8  -80.0     38   0.01     93    9.5  362.1  362.1  362.1
  123.6  15551  -73.9  -80.1     38   0.01     93    9.5  362.1  362.1  362.1
  123.4  15560  -74.0  -80.2     38   0.01     94    9.7  362.1  362.1  362.1
  123.3  15569  -74.0  -80.2     38   0.01     95    9.8  362.1  362.1  362.1
  123.1  15577  -74.1  -80.3     38   0.01     95    9.9  362.1  362.1  362.1
  122.9  15586  -74.2  -80.3     39   0.01     96   10.1  362.1  362.2  362.1
  122.7  15595  -74.3  -80.4     39   0.01     96   10.2  362.2  362.2  362.2
  122.5  15606  -74.3  -80.4     39   0.01     96   10.4  362.2  362.2  362.2
  122.3  15616  -74.4  -80.5     39   0.01     97   10.5  362.3  362.3  362.3
  122.0  15627  -74.4  -80.5     39   0.01     97   10.7  362.5  362.5  362.5
  121.8  15638  -74.5  -80.6     38   0.00     97   10.9  362.6  362.6  362.6
  121.6  15648  -74.5  -80.6     39   0.00     97   11.0  362.7  362.7  362.7
  121.4  15657  -74.6  -80.6     39   0.00     98   11.2  362.8  362.8  362.8
  121.2  15666  -74.6  -80.7     39   0.00     98   11.3  362.8  362.8  362.8
  121.0  15675  -74.7  -80.7     39   0.00     98   11.5  362.9  362.9  362.9
  120.8  15685  -74.8  -80.8     39   0.00     98   11.6  362.9  362.9  362.9
  120.6  15695  -74.8  -80.8     39   0.00     98   11.6  362.9  362.9  362.9
  120.4  15705  -74.9  -80.9     39   0.00     98   11.7  362.9  363.0  362.9
  120.2  15715  -75.0  -80.9     39   0.00     99   11.8  362.9  363.0  362.9
  120.0  15725  -75.1  -81.0     40   0.00     99   11.9  363.0  363.0  363.0
  119.8  15734  -75.2  -81.0     40   0.00     99   12.0  363.0  363.0  363.0
  119.6  15743  -75.3  -81.1     40   0.00     99   12.1  363.0  363.0  363.0
  119.4  15752  -75.4  -81.1     40   0.00     99   12.1  363.0  363.0  363.0
  119.2  15761  -75.4  -81.1     41   0.00    100   12.2  363.1  363.1  363.1
  119.0  15771  -75.5  -81.2     41   0.00    100   12.2  363.1  363.1  363.1
  118.8  15781  -75.6  -81.2     41   0.00    100   12.3  363.1  363.1  363.1
  118.6  15791  -75.7  -81.3     42   0.00    100   12.3  363.0  363.1  363.0
  118.4  15800  -75.8  -81.3     42   0.00    101   12.3  363.1  363.1  363.1
  118.2  15810  -75.8  -81.3     42   0.00    101   12.3  363.2  363.2  363.2
  118.1  15819  -75.9  -81.4     42   0.00    102   12.3  363.1  363.1  363.1
  117.9  15829  -76.0  -81.4     43   0.00    102   12.3  363.2  363.2  363.2
  117.7  15838  -76.1  -81.4     43   0.00    102   12.3  363.2  363.2  363.2
  117.5  15848  -76.1  -81.4     43   0.00    102   12.3  363.2  363.3  363.2
  117.3  15858  -76.2  -81.5     43   0.00    103   12.2  363.3  363.3  363.3
  117.1  15868  -76.3  -81.6     43   0.00    103   12.2  363.4  363.4  363.4
  116.9  15877  -76.3  -81.6     43   0.00    103   12.2  363.4  363.4  363.4
  116.7  15886  -76.4  -81.7     43   0.00    103   12.2  363.4  363.5  363.4
  116.5  15895  -76.5  -81.8     43   0.00    103   12.2  363.5  363.5  363.5
  116.3  15904  -76.6  -81.9     43   0.00    103   12.2  363.5  363.5  363.5
  116.1  15914  -76.7  -81.9     43   0.00    103   12.3  363.5  363.5  363.5
  115.9  15924  -76.8  -82.0     43   0.00    103   12.3  363.5  363.5  363.5
  115.7  15934  -76.9  -82.1     44   0.00    103   12.4  363.5  363.5  363.5
  115.5  15944  -76.9  -82.1     44   0.00    103   12.5  363.5  363.5  363.5
  115.3  15954  -77.0  -82.1     44   0.00    103   12.5  363.6  363.6  363.6
  115.1  15964  -77.1  -82.2     44   0.00    103   12.6  363.6  363.6  363.6
  114.9  15973  -77.2  -82.2     45   0.00    103   12.7  363.6  363.6  363.6
  114.7  15983  -77.3  -82.3     45   0.00    102   12.7  363.7  363.7  363.7
  114.5  15993  -77.3  -82.4     45   0.00    102   12.7  363.7  363.7  363.7
  114.4  16002  -77.4  -82.5     45   0.00    101   12.7  363.6  363.6  363.6
  114.2  16011  -77.5  -82.6     44   0.00    101   12.6  363.6  363.6  363.6
  114.0  16022  -77.6  -82.7     44   0.00    101   12.5  363.6  363.7  363.6
  113.7  16033  -77.7  -82.8     44   0.00    100   12.4  363.8  363.8  363.8
  113.5  16044  -77.8  -82.9     44   0.00    100   12.3  363.8  363.8  363.8
  113.3  16054  -77.9  -83.0     44   0.00     99   12.2  363.8  363.9  363.8
  113.1  16064  -77.9  -83.1     43   0.00     99   12.1  363.9  363.9  363.9
  112.9  16073  -78.0  -83.1     43   0.00     99   11.9  363.9  364.0  363.9
  112.8  16083  -78.1  -83.2     43   0.00     98   11.8  363.9  363.9  363.9
  112.6  16093  -78.2  -83.3     44   0.00     98   11.6  363.9  363.9  363.9
  112.4  16103  -78.3  -83.3     44   0.00     98   11.5  363.9  363.9  363.9
  112.2  16112  -78.3  -83.4     44   0.00     98   11.3  364.0  364.0  364.0
  112.0  16121  -78.4  -83.5     44   0.00     98   11.2  364.0  364.0  364.0
  111.8  16131  -78.5  -83.6     44   0.00     98   11.1  364.0  364.0  364.0
  111.6  16142  -78.6  -83.7     44   0.00     97   11.0  364.0  364.0  364.0
  111.4  16153  -78.7  -83.8     44   0.00     97   10.9  364.0  364.0  364.0
  111.2  16163  -78.8  -83.9     43   0.00     97   10.9  364.0  364.1  364.0
  111.0  16173  -78.9  -84.0     43   0.00     97   10.8  364.1  364.1  364.1
  110.8  16184  -78.9  -84.1     43   0.00     97   10.8  364.1  364.1  364.1
  110.6  16194  -79.0  -84.2     43   0.00     97   10.8  364.1  364.1  364.1
  110.4  16204  -79.1  -84.3     43   0.00     96   10.8  364.2  364.2  364.2
  110.2  16214  -79.2  -84.3     43   0.00     96   10.8  364.3  364.3  364.3
  110.0  16224  -79.2  -84.4     43   0.00     96   10.9  364.3  364.4  364.3
  109.8  16234  -79.3  -84.5     43   0.00     95   10.9  364.4  364.4  364.4
  109.6  16244  -79.4  -84.6     42   0.00     95   10.9  364.4  364.5  364.4
  109.4  16254  -79.4  -84.6     42   0.00     94   11.0  364.5  364.5  364.5
  109.2  16264  -79.5  -84.7     42   0.00     94   11.0  364.6  364.6  364.6
  109.0  16273  -79.6  -84.8     42   0.00     93   11.0  364.6  364.6  364.6
  108.9  16283  -79.7  -84.9     42   0.00     92   11.1  364.6  364.6  364.6
  108.7  16293  -79.7  -84.9     42   0.00     91   11.1  364.6  364.6  364.6
  108.5  16303  -79.8  -85.0     42   0.00     90   11.1  364.7  364.7  364.7
  108.3  16313  -79.9  -85.1     42   0.00     89   11.2  364.7  364.8  364.7
  108.1  16323  -79.9  -85.1     42   0.00     88   11.2  364.8  364.8  364.8
  107.9  16332  -80.0  -85.2     42   0.00     87   11.3  364.9  364.9  364.9
  107.7  16342  -80.0  -85.2     42   0.00     86   11.3  365.0  365.0  365.0
  107.5  16352  -80.1  -85.2     43   0.00     85   11.4  365.1  365.1  365.1
  107.4  16362  -80.2  -85.2     43   0.00     85   11.5  365.1  365.1  365.1
  107.2  16371  -80.2  -85.3     43   0.00     84   11.5  365.2  365.2  365.2
  107.0  16380  -80.3  -85.3     43   0.00     83   11.6  365.2  365.3  365.2
  106.8  16390  -80.3  -85.3     44   0.00     82   11.7  365.3  365.4  365.3
  106.6  16399  -80.4  -85.3     44   0.00     82   11.8  365.4  365.5  365.4
  106.5  16409  -80.4  -85.3     44   0.00     81   11.9  365.4  365.4  365.4
  106.3  16418  -80.5  -85.3     45   0.00     80   12.0  365.5  365.5  365.5
  106.1  16427  -80.5  -85.3     45   0.00     80   12.1  365.6  365.6  365.6
  105.9  16436  -80.6  -85.4     45   0.00     79   12.2  365.7  365.7  365.7
  105.8  16446  -80.7  -85.4     45   0.00     78   12.3  365.6  365.6  365.6
  105.6  16456  -80.8  -85.5     46   0.00     78   12.5  365.7  365.7  365.7
  105.4  16465  -80.9  -85.5     46   0.00     77   12.7  365.7  365.7  365.7
  105.2  16474  -80.9  -85.6     46   0.00     76   12.9  365.8  365.8  365.8
  105.1  16482  -81.0  -85.6     46   0.00     76   13.1  365.8  365.8  365.8
  104.9  16491  -81.1  -85.7     46   0.00     75   13.3  365.8  365.8  365.8
  104.7  16500  -81.1  -85.7     46   0.00     75   13.6  365.9  366.0  365.9
  104.6  16509  -81.1  -85.7     46   0.00     74   13.8  366.0  366.0  366.0
  104.4  16518  -81.2  -85.8     46   0.00     74   14.1  366.1  366.1  366.1
  104.2  16527  -81.2  -85.8     46   0.00     73   14.4  366.2  366.2  366.2
  104.1  16536  -81.3  -85.9     46   0.00     73   14.6  366.2  366.2  366.2
  103.9  16545  -81.3  -85.9     46   0.00     72   14.9  366.3  366.3  366.3
  103.7  16555  -81.4  -85.9     46   0.00     72   15.2  366.5  366.5  366.5
  103.6  16565  -81.3  -85.9     46   0.00     72   15.4  366.6  366.6  366.6
  103.4  16574  -81.3  -85.9     46   0.00     72   15.6  366.8  366.9  366.8
  103.2  16584  -81.3  -85.9     46   0.00     72   15.8  367.0  367.1  367.0
  103.0  16594  -81.3  -85.9     46   0.00     71   16.0  367.3  367.3  367.3
  102.8  16603  -81.3  -85.9     46   0.00     71   16.2  367.4  367.4  367.4
  102.7  16612  -81.3  -85.9     46   0.00     71   16.3  367.5  367.6  367.5
  102.5  16621  -81.3  -85.9     46   0.00     71   16.4  367.8  367.8  367.8
  102.4  16630  -81.3  -85.9     46   0.00     71   16.6  367.9  367.9  367.9
  102.2  16639  -81.3  -85.9     46   0.00     71   16.7  368.1  368.2  368.1
  102.0  16649  -81.3  -85.9     46   0.00     71   16.8  368.4  368.4  368.4
  101.8  16659  -81.3  -85.9     46   0.00     72   16.9  368.6  368.6  368.6
  101.7  16668  -81.3  -85.9     46   0.00     72   17.0  368.7  368.7  368.7
  101.5  16677  -81.3  -85.9     46   0.00     72   17.1  368.9  368.9  368.9
  101.4  16685  -81.3  -85.9     46   0.00     72   17.1  369.0  369.0  369.0
  101.2  16694  -81.3  -85.9     46   0.00     73   17.1  369.1  369.1  369.1
  101.0  16703  -81.4  -86.0     46   0.00     73   17.1  369.2  369.2  369.2
  100.9  16712  -81.4  -86.0     46   0.00     73   17.1  369.2  369.2  369.2
  100.7  16721  -81.4  -86.0     46   0.00     74   17.0  369.4  369.4  369.4
  100.5  16730  -81.4  -86.0     46   0.00     75   16.9  369.6  369.7  369.6
  100.4  16739  -81.4  -86.0     46   0.00     75   16.7  369.8  369.8  369.8
  100.2  16747  -81.4  -86.0     46   0.00     76   16.5  369.9  370.0  369.9
  100.1  16756  -81.4  -86.1     46   0.00     77   16.3  370.0  370.0  370.0
  100.0  16761  -81.4  -86.1     45   0.00     77   16.3  370.1  370.1  370.1
  100.0  16761  -81.4  -86.1     45   0.00     77   16.3  370.1  370.1  370.1
   99.9  16765  -81.5  -86.2     45   0.00     78   16.0  370.2  370.2  370.2
   99.8  16774  -81.5  -86.2     45   0.00     79   15.7  370.3  370.3  370.3
   99.6  16782  -81.5  -86.3     44   0.00     80   15.4  370.5  370.5  370.5
   99.5  16791  -81.4  -86.4     43   0.00     81   15.1  370.7  370.7  370.7
   99.3  16801  -81.3  -86.4     42   0.00     82   14.8  371.1  371.1  371.1
   99.1  16811  -81.1  -86.3     42   0.00     83   14.5  371.7  371.7  371.7
   98.9  16821  -80.9  -86.2     41   0.00     84   14.3  372.4  372.4  372.4
   98.8  16830  -80.7  -86.1     40   0.00     85   14.1  372.8  372.8  372.8
   98.6  16839  -80.6  -86.1     39   0.00     85   13.9  373.3  373.3  373.3
   98.5  16848  -80.4  -86.1     39   0.00     86   13.8  373.8  373.8  373.8
   98.3  16857  -80.1  -85.9     38   0.00     86   13.7  374.6  374.6  374.6
   98.1  16866  -79.7  -85.8     37   0.00     86   13.7  375.5  375.5  375.5
   98.0  16875  -79.5  -85.7     36   0.00     85   13.8  376.0  376.1  376.0
   97.8  16884  -79.4  -85.6     35   0.00     85   13.9  376.5  376.5  376.5
   97.7  16893  -79.3  -85.6     35   0.00     84   14.1  376.7  376.8  376.7
   97.5  16903  -79.3  -85.6     35   0.00     84   14.3  377.0  377.0  377.0
   97.4  16912  -79.2  -85.5     35   0.00     83   14.6  377.2  377.2  377.2
   97.2  16921  -79.2  -85.5     35   0.00     82   14.9  377.5  377.5  377.5
   97.0  16930  -79.2  -85.5     35   0.00     81   15.2  377.8  377.8  377.8
   96.9  16939  -79.1  -85.4     35   0.00     81   15.5  378.0  378.1  378.0
   96.7  16949  -79.0  -85.4     35   0.00     80   15.9  378.4  378.4  378.4
   96.6  16958  -78.9  -85.4     34   0.00     79   16.3  378.8  378.8  378.8
   96.4  16968  -78.6  -85.3     34   0.00     79   16.7  379.5  379.5  379.5
   96.3  16977  -78.3  -85.1     33   0.00     78   17.2  380.2  380.2  380.2
   96.1  16985  -78.1  -85.1     32   0.00     78   17.6  380.8  380.8  380.8
   95.9  16995  -78.1  -85.2     31   0.00     77   18.1  381.1  381.1  381.1
   95.8  17006  -78.1  -85.3     31   0.00     76   18.5  381.2  381.2  381.2
   95.6  17016  -78.1  -85.4     30   0.00     76   19.0  381.4  381.4  381.4
   95.4  17026  -78.1  -85.5     29   0.00     75   19.6  381.7  381.7  381.7
   95.2  17039  -77.9  -85.5     29   0.00     75   20.1  382.2  382.2  382.2
   95.0  17052  -77.7  -85.4     28   0.00     74   20.5  382.9  382.9  382.9
   94.8  17065  -77.4  -85.2     28   0.00     74   21.0  383.8  383.8  383.8
   94.6  17078  -76.9  -85.1     27   0.00     73   21.5  384.9  384.9  384.9
   94.3  17092  -76.7  -85.1     26   0.00     73   22.1  385.7  385.7  385.7
   94.1  17105  -76.7  -85.3     25   0.00     72   22.7  386.0  386.0  386.0
   93.9  17117  -76.7  -85.6     23   0.00     72   23.2  386.2  386.2  386.2
   93.7  17128  -76.6  -85.8     22   0.00     72   23.6  386.5  386.6  386.5
   93.6  17139  -76.5  -85.9     21   0.00     71   24.1  387.0  387.0  387.0
   93.4  17150  -76.1  -85.9     20   0.00     71   24.4  388.0  388.0  388.0
   93.2  17162  -75.6  -85.7     19   0.00     71   24.7  389.2  389.2  389.2
   93.0  17172  -75.1  -85.6     18   0.00     71   24.9  390.3  390.4  390.3
   92.9  17183  -74.8  -85.5     18   0.00     70   25.0  391.1  391.2  391.1
   92.7  17193  -74.6  -85.6     17   0.00     70   25.1  391.8  391.8  391.8
   92.5  17204  -74.5  -85.8     16   0.00     70   25.1  392.3  392.3  392.3
   92.3  17215  -74.5  -86.0     15   0.00     70   25.1  392.5  392.5  392.5
   92.2  17226  -74.5  -86.2     15   0.00     70   25.0  392.6  392.6  392.6
   92.0  17238  -74.5  -86.4     15   0.00     69   25.0  392.7  392.7  392.7
   91.8  17249  -74.6  -86.5     14   0.00     69   25.0  392.9  392.9  392.9
   91.6  17259  -74.5  -86.6     14   0.00     69   24.9  393.2  393.2  393.2
   91.5  17269  -74.5  -86.7     14   0.00     69   25.0  393.4  393.4  393.4
   91.3  17280  -74.5  -86.8     14   0.00     68   25.0  393.6  393.6  393.6
   91.1  17291  -74.5  -86.9     13   0.00     68   25.1  393.8  393.8  393.8
   91.0  17301  -74.6  -87.1     13   0.00     68   25.2  393.8  393.8  393.8
   90.8  17313  -74.6  -87.3     13   0.00     67   25.3  394.0  394.0  394.0
   90.6  17324  -74.7  -87.6     12   0.00     67   25.4  394.1  394.1  394.1
   90.4  17336  -74.7  -87.7     12   0.00     67   25.6  394.3  394.3  394.3
   90.3  17348  -74.8  -87.8     12   0.00     67   25.8  394.3  394.4  394.3
   90.1  17359  -74.8  -87.9     12   0.00     67   25.9  394.6  394.6  394.6
   89.9  17371  -74.8  -87.9     12   0.00     67   26.1  394.8  394.8  394.8
   89.7  17382  -74.8  -87.9     12   0.00     67   26.2  395.0  395.0  395.0
   89.6  17392  -74.8  -87.9     12   0.00     67   26.3  395.1  395.1  395.1
   89.4  17402  -74.9  -88.0     12   0.00     68   26.4  395.3  395.3  395.3
   89.3  17413  -74.9  -88.1     12   0.00     68   26.5  395.3  395.3  395.3
   89.1  17424  -75.0  -88.2     12   0.00     68   26.5  395.3  395.3  395.3
   88.9  17435  -75.1  -88.2     12   0.00     68   26.6  395.4  395.4  395.4
   88.7  17446  -75.2  -88.3     12   0.00     68   26.6  395.5  395.5  395.5
   88.6  17456  -75.3  -88.3     12   0.00     69   26.6  395.4  395.4  395.4
   88.4  17467  -75.4  -88.2     12   0.00     69   26.7  395.6  395.6  395.6
   88.2  17479  -75.4  -88.1     12   0.00     69   26.7  395.7  395.7  395.7
   88.1  17491  -75.5  -88.0     13   0.00     69   26.7  395.7  395.7  395.7
   87.9  17503  -75.6  -88.0     13   0.00     69   26.7  395.8  395.8  395.8
   87.7  17515  -75.7  -88.0     13   0.00     69   26.7  395.8  395.9  395.8
   87.5  17527  -75.8  -88.0     13   0.00     70   26.7  395.9  395.9  395.9
   87.3  17539  -75.9  -88.0     13   0.00     70   26.7  395.9  395.9  395.9
   87.2  17550  -76.0  -88.1     14   0.00     70   26.8  395.8  395.9  395.8
   87.0  17560  -76.1  -88.1     14   0.00     70   26.8  395.9  395.9  395.9
   86.8  17572  -76.2  -88.2     14   0.00     71   26.8  395.9  395.9  395.9
   86.7  17583  -76.3  -88.2     14   0.00     71   26.8  395.8  395.8  395.8
   86.5  17594  -76.4  -88.2     14   0.00     72   26.8  395.9  395.9  395.9
   86.3  17604  -76.5  -88.3     14   0.00     72   26.7  395.9  395.9  395.9
   86.2  17614  -76.6  -88.3     14   0.00     72   26.7  395.8  395.9  395.8
   86.0  17624  -76.7  -88.4     14   0.00     73   26.6  395.9  395.9  395.9
   85.9  17635  -76.8  -88.4     15   0.00     73   26.6  395.9  395.9  395.9
   85.7  17646  -76.9  -88.4     15   0.00     74   26.5  396.0  396.0  396.0
   85.6  17657  -77.0  -88.5     15   0.00     75   26.4  395.9  396.0  396.0
   85.4  17668  -77.0  -88.5     15   0.00     75   26.3  396.1  396.1  396.1
   85.2  17679  -77.0  -88.5     15   0.00     76   26.2  396.4  396.5  396.4
   85.1  17688  -77.0  -88.5     15   0.00     76   26.1  396.7  396.7  396.7
   85.0  17698  -76.9  -88.5     15   0.00     76   26.0  396.8  396.9  396.8
   84.8  17708  -76.9  -88.5     14   0.00     77   26.0  397.3  397.3  397.3
   84.6  17718  -76.7  -88.4     14   0.00     77   25.9  397.8  397.8  397.8
   84.5  17727  -76.5  -88.3     14   0.00     77   25.8  398.3  398.3  398.3
   84.4  17736  -76.3  -88.2     14   0.00     77   25.7  398.8  398.8  398.8
   84.3  17745  -76.2  -88.1     14   0.00     77   25.7  399.2  399.3  399.2
   84.1  17755  -76.2  -88.1     14   0.00     78   25.5  399.5  399.5  399.5
   84.0  17765  -76.3  -88.2     14   0.00     78   25.4  399.6  399.6  399.6
   83.8  17775  -76.3  -88.3     14   0.00     78   25.3  399.7  399.7  399.7
   83.7  17784  -76.4  -88.3     14   0.00     78   25.1  399.7  399.7  399.7
   83.5  17794  -76.5  -88.4     14   0.00     78   24.9  399.8  399.8  399.8
   83.4  17804  -76.5  -88.4     14   0.00     78   24.6  400.0  400.0  400.0
   83.2  17814  -76.3  -88.3     14   0.00     78   24.3  400.5  400.5  400.5
   83.1  17825  -76.2  -88.1     14   0.00     78   24.0  400.9  401.0  400.9
   83.0  17834  -76.1  -88.1     14   0.00     78   23.6  401.3  401.3  401.3
   82.8  17844  -76.1  -88.1     14   0.00     79   23.2  401.5  401.5  401.5
   82.7  17853  -76.2  -88.2     14   0.00     79   22.8  401.5  401.5  401.5
   82.6  17862  -76.2  -88.3     14   0.00     79   22.4  401.6  401.6  401.6
   82.4  17871  -76.2  -88.3     13   0.00     80   22.0  401.8  401.8  401.8
   82.3  17880  -76.2  -88.3     13   0.00     80   21.6  402.1  402.1  402.1
   82.2  17890  -76.1  -88.3     13   0.00     81   21.2  402.4  402.4  402.4
   82.0  17899  -76.0  -88.3     13   0.00     81   20.9  402.8  402.8  402.8
   81.9  17908  -75.9  -88.2     13   0.00     82   20.5  403.1  403.1  403.1
   81.8  17917  -75.9  -88.2     13   0.00     83   20.2  403.3  403.3  403.3
   81.6  17927  -75.9  -88.2     13   0.00     83   19.8  403.5  403.6  403.5
   81.5  17937  -76.0  -88.2     13   0.00     84   19.5  403.6  403.6  403.6
   81.4  17947  -76.0  -88.2     13   0.00     84   19.2  403.7  403.7  403.7
   81.2  17956  -76.0  -88.3     13   0.00     84   19.0  404.0  404.0  404.0
   81.1  17965  -76.0  -88.3     13   0.00     85   18.8  404.0  404.0  404.0
   81.0  17975  -76.1  -88.4     13   0.00     85   18.6  404.1  404.1  404.1
   80.8  17984  -76.1  -88.5     13   0.00     85   18.4  404.2  404.2  404.2
   80.7  17993  -76.2  -88.5     13   0.00     85   18.3  404.3  404.3  404.3
   80.6  18004  -76.2  -88.6     13   0.00     85   18.3  404.4  404.4  404.4
   80.5  18011  -76.3  -88.7     13   0.00     84   18.3  404.4  404.4  404.4
   80.3  18019  -76.3  -88.7     13   0.00     84   18.3  404.7  404.7  404.7
   80.2  18029  -76.2  -88.7     12   0.00     84   18.4  405.1  405.1  405.1
   80.1  18039  -76.0  -88.6     12   0.00     83   18.5  405.6  405.6  405.6
   79.9  18049  -75.8  -88.5     12   0.00     83   18.6  406.2  406.2  406.2
   79.7  18062  -75.7  -88.4     12   0.00     83   18.7  406.7  406.8  406.7
   79.5  18076  -75.7  -88.4     12   0.00     82   18.9  407.1  407.1  407.1
   79.4  18084  -75.6  -88.4     12   0.00     82   19.0  407.3  407.3  407.3
   79.2  18100  -75.6  -88.5     12   0.00     81   19.2  407.6  407.6  407.6
   79.0  18114  -75.6  -88.6     12   0.00     81   19.3  407.9  407.9  407.9
   78.8  18128  -75.6  -88.6     12   0.00     81   19.3  408.2  408.2  408.2
   78.7  18139  -75.6  -88.6     12   0.00     81   19.3  408.4  408.4  408.4
   78.6  18147  -75.5  -88.6     11   0.00     80   19.4  408.7  408.7  408.7
   78.5  18156  -75.4  -88.6     11   0.00     80   19.4  409.2  409.2  409.2
   78.3  18166  -75.2  -88.5     11   0.00     80   19.5  409.9  409.9  409.9
   78.2  18176  -75.1  -88.4     11   0.00     79   19.5  410.3  410.3  410.3
   78.1  18186  -75.1  -88.5     11   0.00     79   19.6  410.4  410.5  410.4
   77.9  18196  -75.1  -88.6     11   0.00     79   19.8  410.6  410.6  410.6
   77.8  18206  -75.2  -88.7     11   0.00     79   20.0  410.6  410.7  410.6
   77.6  18217  -75.2  -88.7     11   0.00     78   20.2  410.9  410.9  410.9
   77.5  18226  -75.2  -88.7     11   0.00     78   20.4  411.1  411.1  411.1
   77.4  18234  -75.0  -88.7     11   0.00     78   20.6  411.6  411.6  411.6
   77.3  18243  -74.9  -88.5     11   0.00     78   20.9  412.1  412.1  412.1
   77.2  18253  -74.8  -88.5     10   0.00     78   21.1  412.4  412.4  412.4
   77.0  18266  -74.8  -88.5     10   0.00     78   21.3  412.7  412.7  412.7
   76.8  18277  -74.8  -88.5     10   0.00     77   21.5  413.0  413.0  413.0
   76.7  18285  -74.8  -88.5     10   0.00     77   21.6  413.1  413.1  413.1
   76.6  18297  -74.9  -88.7     10   0.00     78   21.7  413.0  413.0  413.0
   76.4  18307  -74.9  -88.7     10   0.00     78   21.6  413.3  413.3  413.3
   76.3  18319  -75.0  -88.8     10   0.00     78   21.5  413.4  413.4  413.4
   76.1  18331  -74.9  -88.8     10   0.00     78   21.4  413.7  413.7  413.7
   76.0  18341  -74.9  -88.9     10   0.00     78   21.3  414.0  414.0  414.0
   75.8  18352  -74.8  -88.8     10   0.00     78   21.1  414.5  414.5  414.5
   75.7  18364  -74.7  -88.8     10   0.00     78   20.9  414.8  414.8  414.8
   75.5  18376  -74.7  -88.9     10   0.00     78   20.7  415.1  415.1  415.1
   75.4  18388  -74.8  -88.9     10   0.00     78   20.5  415.1  415.1  415.1
   75.2  18399  -74.9  -89.0     10   0.00     78   20.3  415.3  415.3  415.3
   75.1  18410  -74.9  -89.0     10   0.00     78   20.2  415.3  415.3  415.3
   75.0  18421  -75.0  -89.1     10   0.00     77   20.0  415.3  415.3  415.3
   74.8  18433  -75.1  -89.1     10   0.00     77   19.8  415.4  415.4  415.4
   74.7  18443  -75.2  -89.2     10   0.00     77   19.7  415.4  415.4  415.4
   74.5  18453  -75.3  -89.3     10   0.00     77   19.5  415.5  415.5  415.5
   74.4  18465  -75.4  -89.3     10   0.00     76   19.4  415.5  415.5  415.5
   74.3  18476  -75.4  -89.4     10   0.00     76   19.2  415.6  415.6  415.6
   74.1  18486  -75.4  -89.5     10   0.00     75   19.0  415.9  415.9  415.9
   74.0  18496  -75.3  -89.5      9   0.00     75   18.9  416.3  416.3  416.3
   73.9  18507  -75.1  -89.4      9   0.00     74   18.7  416.8  416.8  416.8
   73.7  18519  -74.9  -89.4      9   0.00     74   18.5  417.6  417.6  417.6
   73.6  18530  -74.8  -89.4      9   0.00     73   18.4  417.9  418.0  417.9
   73.4  18541  -74.8  -89.5      9   0.00     73   18.2  418.3  418.3  418.3
   73.3  18553  -74.9  -89.6      9   0.00     72   18.1  418.4  418.4  418.4
   73.1  18564  -74.9  -89.7      9   0.00     72   18.1  418.6  418.6  418.6
   73.0  18575  -74.9  -89.8      8   0.00     71   18.0  418.7  418.7  418.7
   72.9  18586  -74.9  -89.8      8   0.00     71   18.0  419.0  419.0  419.0
   72.7  18597  -74.7  -89.7      8   0.00     71   18.0  419.8  419.8  419.8
   72.6  18608  -74.4  -89.5      8   0.00     71   18.1  420.6  420.6  420.6
   72.4  18620  -74.2  -89.4      8   0.00     71   18.1  421.3  421.3  421.3
   72.3  18632  -74.0  -89.4      8   0.00     71   18.2  421.7  421.7  421.7
   72.1  18644  -73.9  -89.4      8   0.00     71   18.4  422.3  422.3  422.3
   72.0  18656  -73.8  -89.4      8   0.00     71   18.5  422.7  422.7  422.7
   71.8  18668  -73.8  -89.4      8   0.00     71   18.6  423.1  423.1  423.1
   71.7  18679  -73.8  -89.4      8   0.00     71   18.7  423.3  423.3  423.3
   71.6  18691  -73.8  -89.5      7   0.00     71   18.8  423.4  423.4  423.4
   71.4  18702  -73.8  -89.6      7   0.00     72   18.9  423.7  423.8  423.8
   71.3  18714  -73.8  -89.6      7   0.00     72   19.0  424.0  424.0  424.0
   71.1  18725  -73.6  -89.6      7   0.00     72   19.0  424.6  424.6  424.6
   71.0  18736  -73.5  -89.5      7   0.00     72   19.1  425.0  425.0  425.0
   70.9  18747  -73.5  -89.5      7   0.00     73   19.1  425.3  425.3  425.3
   70.7  18759  -73.4  -89.6      7   0.00     73   19.1  425.8  425.8  425.8
   70.6  18771  -73.4  -89.6      7   0.00     74   19.1  425.9  425.9  425.9
   70.4  18782  -73.4  -89.7      7   0.00     74   19.1  426.3  426.3  426.3
   70.3  18793  -73.4  -89.8      7   0.00     74   19.1  426.6  426.6  426.6
   70.2  18804  -73.3  -89.9      7   0.00     75   19.1  426.8  426.8  426.8
   70.1  18814  -73.3  -89.9      6   0.00     75   19.1  427.1  427.1  427.1
   70.0  18819  -73.3  -90.0      6   0.00     75   19.2  427.3  427.3  427.3
   69.9  18825  -73.3  -90.0      6   0.00     75   19.2  427.5  427.5  427.5
   69.8  18836  -73.3  -90.2      6   0.00     76   19.2  427.7  427.7  427.7
   69.7  18848  -73.3  -90.3      6   0.00     76   19.2  427.9  427.9  427.9
   69.5  18859  -73.2  -90.4      6   0.00     76   19.2  428.3  428.3  428.3
   69.4  18869  -73.1  -90.4      6   0.00     76   19.2  428.7  428.7  428.7
   69.3  18879  -72.9  -90.4      6   0.00     77   19.2  429.3  429.3  429.3
   69.2  18889  -72.7  -90.3      6   0.00     77   19.2  430.0  430.0  430.0
   69.0  18900  -72.4  -90.3      5   0.00     77   19.2  430.8  430.8  430.8
   68.9  18910  -72.3  -90.3      5   0.00     77   19.2  431.3  431.3  431.3
   68.8  18920  -72.3  -90.5      5   0.00     77   19.2  431.6  431.6  431.6
   68.7  18931  -72.2  -90.6      5   0.00     77   19.2  432.0  432.0  432.0
   68.5  18942  -72.0  -90.6      5   0.00     77   19.1  432.7  432.7  432.7
   68.4  18953  -71.8  -90.6      5   0.00     77   19.1  433.3  433.3  433.3
   68.3  18963  -71.6  -90.6      4   0.00     77   19.1  434.0  434.0  434.0
   68.2  18972  -71.3  -90.6      4   0.00     76   19.1  434.7  434.7  434.7
   68.1  18983  -71.1  -90.5      4   0.00     76   19.2  435.4  435.4  435.4
   68.0  18993  -70.9  -90.5      4   0.00     75   19.2  436.1  436.1  436.1
   67.8  19003  -70.7  -90.6      4   0.00     75   19.2  436.8  436.8  436.8
   67.7  19013  -70.6  -90.7      4   0.00     74   19.3  437.2  437.2  437.2
   67.6  19024  -70.4  -90.7      4   0.00     73   19.4  437.7  437.7  437.7
   67.5  19035  -70.2  -90.7      4   0.00     73   19.5  438.4  438.4  438.4
   67.4  19046  -69.9  -90.6      3   0.00     72   19.6  439.2  439.2  439.2
   67.2  19056  -69.6  -90.5      3   0.00     71   19.7  440.2  440.2  440.2
   67.1  19067  -69.4  -90.4      3   0.00     71   19.8  440.8  440.8  440.8
   67.0  19078  -69.3  -90.4      3   0.00     70   20.0  441.2  441.3  441.2
   66.9  19088  -69.3  -90.5      3   0.00     70   20.1  441.5  441.5  441.5
   66.8  19099  -69.4  -90.6      3   0.00     70   20.2  441.5  441.5  441.5
   66.6  19110  -69.4  -90.7      3   0.00     70   20.4  441.8  441.9  441.8
   66.5  19120  -69.4  -90.7      3   0.00     70   20.5  442.1  442.1  442.1
   66.4  19131  -69.3  -90.7      3   0.00     70   20.6  442.4  442.5  442.4
   66.3  19141  -69.2  -90.7      3   0.00     70   20.7  442.7  442.8  442.7
   66.2  19152  -69.2  -90.8      3   0.00     70   20.8  443.0  443.0  443.0
   66.0  19163  -69.2  -90.8      3   0.00     71   20.9  443.3  443.3  443.3
   65.9  19174  -69.3  -90.8      3   0.00     72   21.0  443.4  443.4  443.4
   65.8  19185  -69.3  -90.9      3   0.00     72   21.0  443.5  443.5  443.5
   65.7  19196  -69.4  -90.9      3   0.00     73   21.1  443.6  443.6  443.6
   65.6  19205  -69.4  -90.9      3   0.00     74   21.1  443.7  443.7  443.7
   65.5  19214  -69.4  -90.9      3   0.00     75   21.2  443.9  443.9  443.9
   65.4  19225  -69.4  -90.9      3   0.00     76   21.2  444.2  444.2  444.2
   65.2  19236  -69.3  -90.8      3   0.00     77   21.3  444.7  444.7  444.7
   65.1  19246  -69.2  -90.8      3   0.00     78   21.3  445.1  445.1  445.1
   65.0  19256  -69.2  -90.7      3   0.00     79   21.4  445.3  445.4  445.3
   64.9  19266  -69.2  -90.7      3   0.00     80   21.5  445.5  445.5  445.5
   64.8  19276  -69.2  -90.6      3   0.00     81   21.5  445.6  445.7  445.6
   64.7  19286  -69.3  -90.6      3   0.00     82   21.6  445.8  445.8  445.8
   64.6  19296  -69.3  -90.7      3   0.00     82   21.6  445.8  445.8  445.8
   64.5  19306  -69.4  -90.7      3   0.00     83   21.6  445.9  445.9  445.9
   64.4  19317  -69.5  -90.7      3   0.00     84   21.7  445.9  445.9  445.9
   64.2  19329  -69.5  -90.7      3   0.00     84   21.7  446.2  446.2  446.2
   64.1  19339  -69.6  -90.8      3   0.00     85   21.7  446.3  446.3  446.3
   64.0  19349  -69.6  -90.8      3   0.00     86   21.7  446.4  446.4  446.4
   63.9  19359  -69.6  -90.8      3   0.00     87   21.7  446.6  446.6  446.6
   63.8  19369  -69.6  -90.8      3   0.00     87   21.6  446.8  446.9  446.8
   63.7  19379  -69.6  -90.7      3   0.00     88   21.5  447.1  447.1  447.1
   63.6  19390  -69.6  -90.7      3   0.00     88   21.4  447.3  447.3  447.3
   63.5  19400  -69.6  -90.8      3   0.00     89   21.2  447.5  447.5  447.5
   63.4  19409  -69.6  -90.8      3   0.00     89   21.1  447.7  447.7  447.7
   63.3  19419  -69.6  -90.8      3   0.00     90   20.9  447.9  447.9  447.9
   63.2  19429  -69.6  -90.9      3   0.00     90   20.7  448.1  448.1  448.1
   63.1  19440  -69.6  -91.0      3   0.00     90   20.5  448.3  448.3  448.3
   63.0  19449  -69.5  -91.0      3   0.00     90   20.3  448.7  448.8  448.7
   62.8  19459  -69.3  -90.9      3   0.00     91   20.2  449.5  449.5  449.5
   62.7  19469  -69.1  -90.8      3   0.00     91   20.0  450.1  450.2  450.1
   62.6  19479  -69.0  -90.7      3   0.00     91   19.9  450.6  450.6  450.6
   62.5  19489  -68.9  -90.7      3   0.00     91   19.8  451.0  451.0  451.0
   62.4  19500  -68.9  -90.7      3   0.00     91   19.7  451.2  451.2  451.2
   62.3  19510  -68.9  -90.8      3   0.00     92   19.6  451.4  451.4  451.4
   62.2  19520  -68.9  -90.8      3   0.00     92   19.5  451.6  451.7  451.6
   62.1  19530  -68.8  -90.7      3   0.00     92   19.5  452.0  452.0  452.0
   62.0  19540  -68.8  -90.7      3   0.00     92   19.4  452.3  452.3  452.3
   61.9  19551  -68.8  -90.7      3   0.00     93   19.4  452.5  452.5  452.5
   61.8  19561  -68.8  -90.7      3   0.00     93   19.4  452.7  452.7  452.7
   61.7  19573  -68.8  -90.7      3   0.00     94   19.4  452.8  452.8  452.8
   61.6  19583  -68.9  -90.7      3   0.00     94   19.4  452.9  452.9  452.9
   61.4  19594  -68.9  -90.7      3   0.00     95   19.4  453.2  453.2  453.2
   61.3  19604  -69.0  -90.7      3   0.00     96   19.4  453.3  453.3  453.3
   61.2  19615  -69.0  -90.7      3   0.00     96   19.4  453.4  453.4  453.4
   61.1  19626  -69.1  -90.7      3   0.00     97   19.4  453.4  453.5  453.4
   61.0  19637  -69.2  -90.7      3   0.00     98   19.5  453.5  453.5  453.5
   60.9  19648  -69.3  -90.7      3   0.00     99   19.5  453.6  453.6  453.6
   60.8  19658  -69.3  -90.7      3   0.00     99   19.5  453.6  453.6  453.6
   60.7  19670  -69.4  -90.7      3   0.00    100   19.6  453.7  453.7  453.7
   60.6  19682  -69.4  -90.7      3   0.00    100   19.6  453.9  453.9  453.9
   60.4  19693  -69.4  -90.7      3   0.00    100   19.6  454.2  454.2  454.2
   60.3  19704  -69.5  -90.7      3   0.00    100   19.6  454.4  454.4  454.4
   60.2  19715  -69.5  -90.7      3   0.00    100   19.6  454.4  454.5  454.5
   60.1  19726  -69.6  -90.7      3   0.00    100   19.5  454.5  454.5  454.5
   60.0  19738  -69.7  -90.8      3   0.00     99   19.5  454.5  454.5  454.5
   59.9  19749  -69.8  -90.9      3   0.00     99   19.4  454.5  454.5  454.5
   59.8  19760  -69.9  -91.0      3   0.00     98   19.3  454.5  454.5  454.5
   59.7  19771  -69.9  -91.1      3   0.00     97   19.2  454.6  454.7  454.6
   59.5  19782  -69.8  -91.0      3   0.00     96   19.1  455.3  455.3  455.3
   59.4  19793  -69.7  -90.9      3   0.00     95   18.9  455.9  455.9  455.9
   59.3  19804  -69.5  -90.8      3   0.00     94   18.8  456.5  456.5  456.5
   59.2  19814  -69.4  -90.8      3   0.00     93   18.6  456.9  456.9  456.9
   59.1  19824  -69.4  -90.8      3   0.00     92   18.5  457.1  457.1  457.1
   59.0  19835  -69.5  -90.8      3   0.00     91   18.4  457.2  457.2  457.2
   58.9  19846  -69.5  -90.9      3   0.00     90   18.1  457.4  457.4  457.4
   58.8  19856  -69.6  -90.9      3   0.00     89   17.9  457.5  457.5  457.5
   58.7  19866  -69.6  -90.9      3   0.00     88   17.7  457.6  457.6  457.6
   58.6  19876  -69.7  -90.9      3   0.00     87   17.6  457.7  457.7  457.7
   58.5  19886  -69.7  -91.0      3   0.00     87   17.4  457.8  457.9  457.8
   58.4  19897  -69.7  -91.0      3   0.00     86   17.2  458.0  458.0  458.0
   58.3  19908  -69.7  -91.0      3   0.00     85   17.1  458.2  458.2  458.2
   58.2  19920  -69.7  -91.0      3   0.00     84   16.9  458.4  458.4  458.4
   58.1  19931  -69.8  -91.0      3   0.00     82   16.8  458.6  458.6  458.6
   58.0  19942  -69.8  -91.0      3   0.00     81   16.7  458.7  458.8  458.7
   57.9  19953  -69.8  -91.0      3   0.00     80   16.6  458.9  458.9  458.9
   57.7  19964  -69.9  -91.1      3   0.00     79   16.5  459.3  459.3  459.3
   57.6  19975  -69.9  -91.1      3   0.00     78   16.5  459.5  459.5  459.5
   57.5  19986  -69.9  -91.0      3   0.00     77   16.6  459.7  459.7  459.7
   57.4  19996  -69.8  -91.0      3   0.00     76   16.6  460.0  460.0  460.0
   57.3  20007  -69.8  -91.0      3   0.00     76   16.7  460.3  460.3  460.3
   57.2  20019  -69.8  -90.9      3   0.00     75   16.7  460.6  460.6  460.6
   57.1  20030  -69.8  -90.9      3   0.00     75   16.8  460.8  460.8  460.8
   57.0  20042  -69.8  -90.9      3   0.00     74   17.0  461.0  461.0  461.0
   56.9  20053  -69.8  -90.9      3   0.00     74   17.2  461.2  461.2  461.2
   56.8  20065  -69.8  -90.9      3   0.00     73   17.4  461.4  461.4  461.4
   56.7  20076  -69.8  -90.9      3   0.00     73   17.6  461.6  461.6  461.6
   56.6  20087  -69.9  -90.8      3   0.00     73   17.8  461.8  461.8  461.8
   56.5  20099  -69.9  -90.8      3   0.00     73   18.0  462.0  462.0  462.0
   56.3  20111  -69.9  -90.8      3   0.00     73   18.2  462.3  462.3  462.3
   56.2  20123  -70.0  -90.9      3   0.00     74   18.3  462.4  462.4  462.4
   56.1  20135  -70.1  -90.9      3   0.00     74   18.5  462.4  462.4  462.4
   56.0  20147  -70.2  -90.9      3   0.00     74   18.7  462.4  462.4  462.4
   55.9  20159  -70.3  -90.9      3   0.00     75   18.8  462.5  462.5  462.5
   55.8  20170  -70.4  -91.0      3   0.00     75   18.9  462.5  462.5  462.5
   55.7  20181  -70.5  -91.0      4   0.00     75   19.0  462.5  462.5  462.5
   55.6  20194  -70.6  -91.1      4   0.00     76   19.1  462.5  462.5  462.5
   55.4  20206  -70.7  -91.1      4   0.00     77   19.1  462.8  462.8  462.8
   55.3  20219  -70.7  -91.2      4   0.00     77   19.1  462.9  462.9  462.9
   55.2  20230  -70.8  -91.2      4   0.00     78   19.2  463.0  463.0  463.0
   55.1  20242  -70.8  -91.2      4   0.00     78   19.2  463.2  463.2  463.2
   55.0  20254  -70.8  -91.3      4   0.00     79   19.2  463.4  463.4  463.4
   54.9  20266  -70.8  -91.3      3   0.00     80   19.2  463.6  463.7  463.6
   54.8  20276  -70.8  -91.3      3   0.00     81   19.1  463.9  463.9  463.9
   54.7  20287  -70.8  -91.4      3   0.00     81   19.1  464.2  464.2  464.2
   54.6  20299  -70.8  -91.4      3   0.00     82   19.1  464.4  464.4  464.4
   54.5  20312  -70.8  -91.5      3   0.00     83   19.1  464.7  464.7  464.7
   54.3  20325  -70.8  -91.5      3   0.00     84   19.1  465.1  465.1  465.1
   54.2  20337  -70.8  -91.6      3   0.00     85   19.1  465.4  465.4  465.4
   54.1  20349  -70.7  -91.6      3   0.00     85   19.1  465.8  465.8  465.8
   54.0  20360  -70.6  -91.6      3   0.00     86   19.1  466.3  466.3  466.3
   53.9  20371  -70.5  -91.5      3   0.00     86   19.1  466.8  466.9  466.8
   53.8  20382  -70.4  -91.5      3   0.00     87   19.1  467.4  467.4  467.4
   53.7  20394  -70.3  -91.5      3   0.00     87   19.0  467.9  467.9  467.9
   53.6  20405  -70.2  -91.5      3   0.00     87   19.0  468.3  468.3  468.3
   53.5  20417  -70.1  -91.5      3   0.00     88   18.9  468.7  468.7  468.7
   53.4  20429  -70.1  -91.6      3   0.00     88   18.8  469.0  469.0  469.0
   53.3  20441  -70.0  -91.6      3   0.00     87   18.7  469.4  469.4  469.4
   53.2  20453  -70.0  -91.6      3   0.00     87   18.6  469.8  469.8  469.8
   53.1  20464  -69.8  -91.6      3   0.00     87   18.5  470.4  470.4  470.4
   53.0  20475  -69.7  -91.6      3   0.00     87   18.5  470.9  471.0  470.9
   52.9  20487  -69.6  -91.5      3   0.00     86   18.4  471.5  471.5  471.5
   52.8  20500  -69.5  -91.5      3   0.00     86   18.4  471.9  471.9  471.9
   52.7  20512  -69.4  -91.6      3   0.00     86   18.4  472.3  472.3  472.3
   52.6  20524  -69.4  -91.6      3   0.00     85   18.4  472.7  472.7  472.7
   52.5  20535  -69.3  -91.6      3   0.00     85   18.5  473.0  473.0  473.0
   52.4  20545  -69.3  -91.6      3   0.00     84   18.5  473.4  473.4  473.4
   52.3  20556  -69.3  -91.6      3   0.00     84   18.6  473.7  473.8  473.7
   52.2  20567  -69.2  -91.6      3   0.00     84   18.8  474.1  474.1  474.1
   52.1  20578  -69.2  -91.6      3   0.00     84   18.9  474.4  474.4  474.4
   52.0  20589  -69.2  -91.6      3   0.00     84   19.0  474.7  474.7  474.7
   51.9  20600  -69.1  -91.6      3   0.00     84   19.2  475.1  475.1  475.1
   51.8  20610  -69.1  -91.6      3   0.00     84   19.3  475.4  475.4  475.4
   51.7  20620  -69.1  -91.6      3   0.00     84   19.5  475.7  475.7  475.7
   51.6  20631  -69.1  -91.6      3   0.00     84   19.8  476.0  476.0  476.0
   51.5  20642  -69.0  -91.6      3   0.00     85   20.0  476.4  476.4  476.4
   51.4  20652  -68.9  -91.6      3   0.00     85   20.2  476.8  476.8  476.8
   51.3  20663  -68.9  -91.5      3   0.00     86   20.5  477.3  477.3  477.3
   51.2  20674  -68.8  -91.5      3   0.00     87   20.7  477.7  477.7  477.7
   51.1  20696  -68.7  -91.6      2   0.00     88   21.0  478.1  478.1  478.1
   51.0  20705  -68.7  -91.6      2   0.00     89   21.1  478.5  478.6  478.5
   50.9  20715  -68.6  -91.6      2   0.00     89   21.1  478.9  478.9  478.9
   50.8  20725  -68.6  -91.6      2   0.00     90   21.2  479.3  479.3  479.3
   50.7  20736  -68.5  -91.6      2   0.00     90   21.3  479.7  479.7  479.7
   50.6  20747  -68.4  -91.5      2   0.00     91   21.3  480.1  480.1  480.1
   50.5  20758  -68.4  -91.5      2   0.00     91   21.4  480.6  480.6  480.6
   50.4  20778  -68.2  -91.5      2   0.00     92   21.4  481.2  481.2  481.2
   50.3  20789  -68.2  -91.5      2   0.00     92   21.5  481.6  481.6  481.6
   50.2  20798  -68.2  -91.5      2   0.00     92   21.5  481.9  481.9  481.9
   50.1  20808  -68.1  -91.5      2   0.00     92   21.6  482.2  482.2  482.2
   50.0  20822  -68.1  -91.5      2   0.00     92   21.8  482.6  482.6  482.6
   49.9  20837  -68.0  -91.5      2   0.00     92   21.9  483.0  483.0  483.0
   49.8  20847  -68.0  -91.5      2   0.00     92   22.0  483.4  483.4  483.4
   49.7  20857  -68.0  -91.5      2   0.00     91   22.2  483.7  483.7  483.7
   49.6  20867  -67.9  -91.5      2   0.00     91   22.3  484.1  484.1  484.1
   49.5  20877  -67.9  -91.4      2   0.00     91   22.4  484.5  484.5  484.5
   49.4  20896  -67.8  -91.4      2   0.00     91   22.6  484.9  485.0  484.9
   49.3  20907  -67.8  -91.4      2   0.00     90   22.7  485.3  485.3  485.3
   49.2  20916  -67.7  -91.4      2   0.00     90   22.7  485.7  485.7  485.7
   49.1  20926  -67.7  -91.4      2   0.00     90   22.8  486.1  486.1  486.1
   49.0  20946  -67.7  -91.4      2   0.00     90   22.8  486.4  486.4  486.4
   48.9  20956  -67.7  -91.4      2   0.00     89   22.8  486.6  486.6  486.6
   48.8  20966  -67.7  -91.4      2   0.00     89   22.8  486.9  486.9  486.9
   48.7  20976  -67.7  -91.3      2   0.00     89   22.7  487.1  487.2  487.1
   48.6  20995  -67.7  -91.3      2   0.00     89   22.7  487.4  487.4  487.4
   48.5  21004  -67.7  -91.3      2   0.00     88   22.6  487.7  487.7  487.7
   48.4  21014  -67.7  -91.2      2   0.00     88   22.6  488.0  488.0  488.0
   48.3  21033  -67.8  -91.3      2   0.00     87   22.6  488.0  488.0  488.0
   48.2  21042  -67.9  -91.3      2   0.00     87   22.6  488.2  488.2  488.2
   48.1  21051  -68.0  -91.4      2   0.00     87   22.7  488.3  488.3  488.3
   48.0  21069  -68.1  -91.5      2   0.00     86   22.8  488.3  488.3  488.3
   47.9  21078  -68.1  -91.5      2   0.00     85   22.9  488.5  488.5  488.5
   47.8  21088  -68.1  -91.5      2   0.00     85   23.0  488.8  488.8  488.8
   47.7  21107  -68.0  -91.5      2   0.00     84   23.2  489.3  489.3  489.3
   47.6  21116  -68.0  -91.5      2   0.00     84   23.3  489.6  489.6  489.6
   47.5  21126  -68.0  -91.6      2   0.00     84   23.4  490.0  490.0  490.0
   47.4  21145  -67.9  -91.7      2   0.00     83   23.6  490.4  490.5  490.4
   47.3  21154  -67.8  -91.7      2   0.00     83   23.7  490.9  490.9  490.9
   47.2  21164  -67.8  -91.8      2   0.00     83   23.7  491.4  491.4  491.4
   47.1  21184  -67.4  -91.8      2   0.00     83   23.8  492.5  492.5  492.5
   47.0  21193  -67.2  -91.7      2   0.00     83   23.8  493.2  493.3  493.2
   46.9  21202  -67.1  -91.7      2   0.00     83   23.8  494.0  494.0  494.0
   46.8  21222  -66.8  -91.7      2   0.00     83   23.8  494.9  495.0  494.9
   46.7  21232  -66.7  -91.7      2   0.00     83   23.7  495.5  495.5  495.5
   46.6  21242  -66.6  -91.7      2   0.00     83   23.7  496.1  496.1  496.1
   46.5  21262  -66.4  -91.7      2   0.00     83   23.6  496.9  496.9  496.9
   46.4  21273  -66.3  -91.8      2   0.00     83   23.6  497.4  497.4  497.4
   46.3  21283  -66.2  -91.8      2   0.00     83   23.6  497.9  497.9  497.9
   46.2  21294  -66.1  -91.8      2   0.00     83   23.7  498.4  498.4  498.4
   46.1  21314  -65.8  -91.6      2   0.00     83   23.8  499.5  499.5  499.5
   46.0  21324  -65.6  -91.5      2   0.00     83   23.9  500.4  500.4  500.4
   45.9  21335  -65.3  -91.3      2   0.00     83   24.1  501.2  501.2  501.2
   45.8  21345  -65.1  -91.2      2   0.00     83   24.2  502.0  502.0  502.0
   45.7  21365  -65.0  -91.1      2   0.00     84   24.4  502.6  502.6  502.6
   45.6  21376  -65.0  -91.1      2   0.00     84   24.5  502.9  502.9  502.9
   45.5  21386  -65.0  -91.1      2   0.00     84   24.6  503.2  503.2  503.2
   45.4  21407  -65.1  -91.0      2   0.00     85   24.8  503.4  503.4  503.4
   45.3  21419  -65.1  -90.9      2   0.00     86   24.8  503.6  503.6  503.6
   45.2  21430  -65.2  -90.9      2   0.00     86   24.9  503.8  503.8  503.8
   45.1  21441  -65.2  -90.8      2   0.00     87   25.0  503.9  504.0  503.9
   45.0  21452  -65.3  -90.8      2   0.00     87   25.0  504.1  504.1  504.1
   44.9  21474  -65.4  -90.8      2   0.00     88   25.1  504.1  504.1  504.1
   44.8  21486  -65.5  -90.7      2   0.00     88   25.2  504.3  504.4  504.3
   44.7  21497  -65.5  -90.7      2   0.00     89   25.2  504.6  504.6  504.6
   44.6  21507  -65.5  -90.7      2   0.00     89   25.3  504.9  504.9  504.9
   44.5  21529  -65.6  -90.7      2   0.00     90   25.4  505.0  505.1  505.0
   44.4  21541  -65.6  -90.8      2   0.00     90   25.4  505.3  505.3  505.3
   44.3  21552  -65.6  -90.8      2   0.00     90   25.3  505.6  505.6  505.6
   44.2  21564  -65.6  -90.8      2   0.00     90   25.3  505.9  505.9  505.9
   44.1  21576  -65.6  -90.8      2   0.00     91   25.2  506.2  506.3  506.2
   44.0  21588  -65.6  -90.8      2   0.00     91   25.1  506.6  506.6  506.6
   43.9  21601  -65.6  -90.8      2   0.00     91   24.9  507.0  507.0  507.0
   43.8  21626  -65.5  -90.8      2   0.00     91   24.5  507.5  507.5  507.5
   43.7  21638  -65.4  -90.8      2   0.00     91   24.3  508.1  508.1  508.1
   43.6  21651  -65.3  -90.7      2   0.00     91   24.0  508.7  508.7  508.7
   43.5  21663  -65.2  -90.7      2   0.00     91   23.8  509.2  509.2  509.2
   43.4  21676  -65.2  -90.7      2   0.00     91   23.5  509.5  509.5  509.5
   43.3  21690  -65.3  -90.7      2   0.00     91   23.3  509.7  509.8  509.7
   43.2  21703  -65.3  -90.7      2   0.00     91   23.1  509.9  509.9  509.9
   43.1  21716  -65.4  -90.8      2   0.00     91   23.0  510.2  510.2  510.2
   43.0  21728  -65.4  -90.8      2   0.00     90   22.9  510.4  510.4  510.4
   42.9  21742  -65.4  -90.8      2   0.00     90   22.9  510.7  510.7  510.7
   42.8  21756  -65.4  -90.8      2   0.00     90   22.9  511.0  511.1  511.0
   42.7  21781  -65.4  -90.8      2   0.00     90   23.0  511.6  511.6  511.6
   42.6  21794  -65.3  -90.8      2   0.00     90   23.1  512.1  512.1  512.1
   42.5  21807  -65.2  -90.7      2   0.00     91   23.2  512.6  512.6  512.6
   42.4  21820  -65.3  -90.8      2   0.00     91   23.3  512.9  512.9  512.9
   42.3  21834  -65.3  -90.8      2   0.00     91   23.4  513.1  513.1  513.1
   42.2  21848  -65.3  -90.8      2   0.00     91   23.5  513.4  513.4  513.4
   42.1  21860  -65.3  -90.8      2   0.00     91   23.5  513.8  513.8  513.8
   42.0  21873  -65.3  -90.8      2   0.00     91   23.6  514.2  514.2  514.2
   41.9  21885  -65.3  -90.8      2   0.00     91   23.6  514.6  514.6  514.6
   41.8  21910  -65.2  -90.8      2   0.00     91   23.5  515.1  515.1  515.1
   41.7  21922  -65.2  -90.7      2   0.00     90   23.5  515.6  515.6  515.6
   41.6  21936  -65.1  -90.7      2   0.00     90   23.4  516.0  516.0  516.0
   41.5  21949  -65.1  -90.8      2   0.00     89   23.4  516.3  516.3  516.3
   41.4  21962  -65.2  -90.8      2   0.00     88   23.4  516.5  516.6  516.5
   41.3  21976  -65.2  -90.9      2   0.00     88   23.4  516.8  516.8  516.8
   41.2  21989  -65.2  -90.9      2   0.00     87   23.4  517.2  517.2  517.2
   41.1  22003  -65.2  -90.9      2   0.00     86   23.4  517.7  517.7  517.7
   41.0  22029  -65.0  -90.8      2   0.00     84   23.7  518.4  518.5  518.4
   40.9  22042  -64.9  -90.8      2   0.00     83   23.9  519.0  519.0  519.0
   40.8  22054  -64.9  -90.8      2   0.00     82   24.0  519.4  519.5  519.4
   40.7  22066  -64.8  -90.9      2   0.00     82   24.3  520.0  520.0  520.0
   40.6  22079  -64.8  -90.9      2   0.00     82   24.5  520.4  520.4  520.4
   40.5  22092  -64.8  -90.9      2   0.00     82   24.7  520.8  520.8  520.8
   40.4  22118  -64.8  -91.1      2   0.00     82   25.2  521.3  521.3  521.3
   40.3  22130  -64.6  -91.0      2   0.00     83   25.5  521.9  521.9  521.9
   40.2  22143  -64.4  -91.0      2   0.00     83   25.8  522.8  522.8  522.8
   40.1  22155  -64.2  -90.9      2   0.00     84   26.0  523.7  523.7  523.7
   40.0  22167  -64.0  -90.8      1   0.00     85   26.3  524.6  524.6  524.6
   39.9  22192  -63.7  -90.8      1   0.00     86   26.8  525.8  525.8  525.8
   39.8  22204  -63.6  -90.7      1   0.00     87   27.0  526.5  526.5  526.5
   39.7  22217  -63.4  -90.7      1   0.00     87   27.1  527.2  527.2  527.2
   39.6  22229  -63.3  -90.7      1   0.00     87   27.3  527.8  527.8  527.8
   39.5  22254  -63.2  -90.8      1   0.00     88   27.5  528.5  528.5  528.5
   39.4  22265  -63.3  -90.9      1   0.00     88   27.5  528.8  528.8  528.8
   39.3  22277  -63.3  -91.0      1   0.00     89   27.5  529.1  529.1  529.1
   39.2  22300  -63.2  -91.1      1   0.00     89   27.4  529.7  529.7  529.7
   39.1  22312  -63.0  -91.1      1   0.00     90   27.3  530.6  530.7  530.6
   39.0  22323  -62.7  -91.0      1   0.00     90   27.2  531.7  531.8  531.7
   38.9  22345  -62.1  -90.7      1   0.00     90   27.0  533.8  533.8  533.8
   38.8  22356  -61.8  -90.6      1   0.00     91   26.8  534.8  534.8  534.8
   38.7  22380  -61.6  -90.5      1   0.00     92   26.5  535.8  535.8  535.8
   38.6  22391  -61.5  -90.5      1   0.00     92   26.3  536.3  536.3  536.3
   38.5  22412  -61.5  -90.5      1   0.00     93   26.1  536.7  536.7  536.7
   38.4  22423  -61.5  -90.5      1   0.00     93   26.1  537.0  537.0  537.0
   38.3  22434  -61.6  -90.5      1   0.00     93   26.1  537.4  537.4  537.4
   38.2  22458  -61.5  -90.3      1   0.00     93   26.2  537.9  537.9  537.9
   38.1  22470  -61.4  -90.3      1   0.00     94   26.3  538.5  538.5  538.5
   38.0  22492  -61.3  -90.1      1   0.00     94   26.5  539.3  539.3  539.3
   37.9  22503  -61.2  -90.0      1   0.00     94   26.7  539.8  539.8  539.8
   37.8  22525  -61.2  -90.0      1   0.00     94   27.0  540.3  540.4  540.3
   37.7  22537  -61.1  -90.0      1   0.00     95   27.1  540.9  540.9  540.9
   37.6  22549  -61.1  -90.0      1   0.00     95   27.3  541.5  541.5  541.5
   37.5  22573  -60.9  -90.0      1   0.00     96   27.8  542.2  542.2  542.2
   37.4  22584  -60.9  -90.0      1   0.00     97   28.0  542.8  542.8  542.8
   37.3  22604  -60.7  -89.9      1   0.00     98   28.4  543.7  543.7  543.7
   37.2  22615  -60.6  -89.9      1   0.00     99   28.5  544.3  544.3  544.3
   37.1  22638  -60.5  -89.8      1   0.00    100   28.7  544.9  544.9  544.9
   37.0  22650  -60.5  -89.8      1   0.00    101   28.8  545.4  545.5  545.4
   36.9  22673  -60.4  -89.7      1   0.00    102   28.9  546.1  546.1  546.1
   36.8  22684  -60.4  -89.6      1   0.00    102   28.9  546.6  546.7  546.6
   36.7  22706  -60.3  -89.5      1   0.00    103   28.8  547.1  547.2  547.1
   36.6  22718  -60.3  -89.5      1   0.00    104   28.7  547.6  547.6  547.6
   36.5  22740  -60.4  -89.4      1   0.00    105   28.5  547.9  548.0  547.9
   36.4  22751  -60.4  -89.4      1   0.00    105   28.3  548.3  548.3  548.3
   36.3  22774  -60.5  -89.5      1   0.00    106   28.0  548.5  548.5  548.5
   36.2  22785  -60.5  -89.5      1   0.00    106   27.8  548.8  548.8  548.8
   36.1  22807  -60.5  -89.6      1   0.00    107   27.4  549.2  549.2  549.2
   36.0  22829  -60.3  -89.5      1   0.00    108   27.0  550.2  550.3  550.2
   35.9  22839  -60.1  -89.5      1   0.00    108   26.8  551.1  551.1  551.1
   35.8  22861  -59.9  -89.4      1   0.00    109   26.4  552.2  552.2  552.2
   35.7  22873  -59.8  -89.5      1   0.00    109   26.1  552.8  552.9  552.8
   35.6  22896  -59.7  -89.5      1   0.00    110   25.7  553.5  553.6  553.5
   35.5  22907  -59.7  -89.5      1   0.00    110   25.5  554.1  554.1  554.1
   35.4  22930  -59.5  -89.4      1   0.00    110   24.9  555.0  555.0  555.0
   35.3  22942  -59.4  -89.3      1   0.00    111   24.6  555.7  555.7  555.7
   35.2  22964  -59.3  -89.2      1   0.00    111   24.1  556.5  556.5  556.5
   35.1  22987  -59.2  -89.1      1   0.00    110   23.4  557.0  557.0  557.0
   35.0  23000  -59.3  -89.0      1   0.00    110   23.0  557.4  557.4  557.4
   34.9  23025  -59.3  -89.0      1   0.00    109   22.4  557.7  557.8  557.7
   34.8  23038  -59.3  -89.0      1   0.00    109   22.1  558.1  558.2  558.1
   34.7  23049  -59.3  -89.0      1   0.00    108   21.9  558.6  558.6  558.6
   34.6  23073  -59.2  -88.9      1   0.00    108   21.5  559.3  559.4  559.3
   34.5  23085  -59.1  -88.8      1   0.00    107   21.3  560.0  560.0  560.0
   34.4  23111  -59.1  -88.7      1   0.00    106   20.9  560.6  560.6  560.6
   34.3  23124  -59.1  -88.7      1   0.00    106   20.7  561.0  561.0  561.0
   34.2  23149  -59.2  -88.7      1   0.00    105   20.4  561.3  561.3  561.3
   34.1  23161  -59.2  -88.7      1   0.00    105   20.2  561.6  561.7  561.6
   34.0  23188  -59.3  -88.7      1   0.00    103   19.8  561.9  561.9  561.9
   33.9  23201  -59.4  -88.7      1   0.00    103   19.6  562.2  562.3  562.2
   33.8  23214  -59.4  -88.8      1   0.00    102   19.4  562.5  562.6  562.5
   33.7  23240  -59.6  -88.8      1   0.00    101   19.0  562.7  562.7  562.7
   33.6  23253  -59.6  -88.8      1   0.00    100   18.8  563.0  563.1  563.0
   33.5  23279  -59.7  -88.7      1   0.00     98   18.5  563.4  563.4  563.4
   33.4  23292  -59.7  -88.7      1   0.00     97   18.3  563.7  563.8  563.7
   33.3  23319  -59.8  -88.8      1   0.00     95   18.1  563.9  564.0  563.9
   33.2  23332  -59.8  -88.8      1   0.00     94   18.0  564.3  564.4  564.3
   33.1  23345  -59.9  -88.9      1   0.00     93   18.0  564.8  564.8  564.8
   33.0  23371  -59.8  -89.0      1   0.00     91   17.9  565.3  565.3  565.3
   32.9  23385  -59.8  -89.0      1   0.00     90   17.9  566.0  566.0  566.0
   32.8  23413  -59.5  -88.9      1   0.00     88   17.9  567.1  567.1  567.1
   32.7  23427  -59.4  -88.9      1   0.00     88   18.0  568.0  568.0  568.0
   32.6  23440  -59.2  -88.8      1   0.00     87   18.0  568.9  568.9  568.9
   32.5  23464  -59.1  -88.8      1   0.00     85   18.2  569.8  569.8  569.8
   32.4  23490  -59.1  -88.9      1   0.00     84   18.4  570.3  570.3  570.3
   32.3  23504  -59.1  -88.9      1   0.00     83   18.5  570.7  570.7  570.7
   32.2  23518  -59.2  -89.0      1   0.00     82   18.7  571.1  571.1  571.1
   32.1  23545  -59.2  -89.1      1   0.00     80   19.1  571.5  571.5  571.5
   32.0  23559  -59.2  -89.1      1   0.00     79   19.3  572.0  572.1  572.0
   31.9  23586  -59.0  -89.0      1   0.00     77   19.9  573.0  573.0  573.0
   31.8  23599  -58.9  -88.9      1   0.00     76   20.2  573.7  573.8  573.7
   31.7  23613  -58.9  -88.9      1   0.00     75   20.4  574.4  574.5  574.4
   31.6  23641  -58.7  -88.8      1   0.00     74   21.0  575.4  575.4  575.4
   31.5  23655  -58.6  -88.7      1   0.00     73   21.2  576.2  576.2  576.2
   31.4  23683  -58.5  -88.6      1   0.00     72   21.8  577.1  577.1  577.1
   31.3  23698  -58.4  -88.6      1   0.00     71   22.2  577.7  577.7  577.7
   31.2  23725  -58.5  -88.6      1   0.00     70   22.7  578.1  578.2  578.1
   31.1  23739  -58.5  -88.6      1   0.00     70   23.0  578.6  578.6  578.6
   31.0  23766  -58.7  -88.6      1   0.00     69   23.5  578.7  578.7  578.7
   30.9  23780  -58.7  -88.7      1   0.00     68   23.7  579.1  579.1  579.1
   30.8  23807  -58.7  -88.7      1   0.00     68   24.1  579.5  579.6  579.5
   30.7  23820  -58.7  -88.7      1   0.00     68   24.2  580.2  580.2  580.2
   30.6  23845  -58.6  -88.6      1   0.01     68   24.3  581.1  581.1  581.1
   30.5  23857  -58.4  -88.5      1   0.01     68   24.3  582.0  582.0  582.0
   30.4  23883  -58.2  -88.4      1   0.01     69   24.3  583.3  583.3  583.3
   30.3  23910  -58.1  -88.3      1   0.01     69   24.1  584.1  584.1  584.1
   30.2  23923  -58.1  -88.4      1   0.01     70   24.0  584.6  584.6  584.6
   30.1  23951  -58.2  -88.4      1   0.01     71   24.0  584.9  585.0  584.9
   30.0  23970  -58.2  -88.3      1   0.01     72   23.9  585.4  585.5  585.4
   29.9  23988  -58.2  -88.3      1   0.01     72   24.0  585.9  585.9  585.9
   29.8  24013  -58.3  -88.2      1   0.01     73   24.1  586.1  586.2  586.1
   29.7  24025  -58.4  -88.3      1   0.01     73   24.2  586.4  586.5  586.4
   29.6  24050  -58.6  -88.3      1   0.01     74   24.5  586.4  586.5  586.4
   29.5  24075  -58.7  -88.4      1   0.01     74   24.7  586.8  586.9  586.8
   29.4  24088  -58.7  -88.4      1   0.01     75   24.8  587.4  587.5  587.4
   29.3  24114  -58.6  -88.3      1   0.01     76   25.0  588.2  588.3  588.2
   29.2  24136  -58.5  -88.3      1   0.01     76   25.2  589.0  589.1  589.0
   29.1  24160  -58.5  -88.3      1   0.01     77   25.3  589.7  589.7  589.7
   29.0  24173  -58.5  -88.2      1   0.01     77   25.4  590.2  590.2  590.2
   28.9  24197  -58.6  -88.2      1   0.01     78   25.6  590.5  590.6  590.5
   28.8  24219  -58.7  -88.2      1   0.01     79   25.8  590.7  590.8  590.7
   28.7  24241  -58.9  -88.2      1   0.01     79   26.0  590.9  591.0  590.9
   28.6  24264  -59.0  -88.3      1   0.01     80   26.4  591.1  591.2  591.1
   28.5  24286  -59.1  -88.3      1   0.01     80   26.8  591.4  591.5  591.4
   28.4  24308  -59.2  -88.4      1   0.01     81   27.4  591.8  591.8  591.8
   28.3  24330  -59.3  -88.5      1   0.01     81   27.9  592.2  592.3  592.2
   28.2  24353  -59.2  -88.5      1   0.01     82   28.6  592.9  593.0  592.9
   28.1  24373  -59.2  -88.5      1   0.01     82   29.3  593.6  593.7  593.6
   28.0  24394  -59.2  -88.6      1   0.01     82   29.9  594.3  594.4  594.3
   27.9  24416  -59.1  -88.6      1   0.01     82   30.6  595.0  595.1  595.0
   27.8  24437  -59.1  -88.6      1   0.01     82   31.2  595.7  595.8  595.7
   27.7  24470  -59.1  -88.6      1   0.01     82   32.0  596.4  596.5  596.4
   27.6  24482  -59.1  -88.6      1   0.01     82   32.2  597.0  597.1  597.0
   27.5  24506  -59.1  -88.6      1   0.01     82   32.7  597.7  597.7  597.7
   27.4  24527  -59.0  -88.6      1   0.01     82   32.9  598.4  598.4  598.4
   27.3  24559  -59.0  -88.6      1   0.01     82   33.3  599.0  599.1  599.0
   27.2  24581  -59.1  -88.6      1   0.01     82   33.5  599.5  599.6  599.5
   27.1  24605  -59.2  -88.7      1   0.01     82   33.5  599.9  599.9  599.9
   27.0  24628  -59.2  -88.8      1   0.01     83   33.6  600.4  600.5  600.4
   26.9  24652  -59.1  -88.8      1   0.01     83   33.6  601.5  601.6  601.5
   26.8  24675  -58.8  -88.8      1   0.01     83   33.6  602.8  602.8  602.8
   26.7  24699  -58.6  -88.8      1   0.01     83   33.7  604.0  604.1  604.0
   26.6  24722  -58.4  -88.8      1   0.01     84   33.8  605.3  605.3  605.3
   26.5  24745  -58.2  -88.7      1   0.01     84   33.8  606.6  606.6  606.6
   26.4  24770  -57.9  -88.6      1   0.01     84   33.8  607.9  608.0  607.9
   26.3  24794  -57.7  -88.4      1   0.01     84   33.7  609.1  609.2  609.1
   26.2  24807  -57.7  -88.4      1   0.01     85   33.6  610.0  610.1  610.0
   26.1  24832  -57.6  -88.2      1   0.01     85   33.4  610.8  610.9  610.8
   26.0  24858  -57.7  -88.2      1   0.01     85   33.1  611.2  611.2  611.2
   25.9  24884  -57.9  -88.2      1   0.01     86   32.7  611.4  611.4  611.4
   25.8  24909  -58.0  -88.2      1   0.01     86   32.5  611.6  611.7  611.6
   25.7  24934  -58.1  -88.3      1   0.01     86   32.3  612.2  612.2  612.2
   25.6  24960  -58.0  -88.2      1   0.01     86   32.1  613.2  613.2  613.2
   25.5  24986  -57.9  -88.2      1   0.01     86   32.0  614.2  614.2  614.2
   25.4  25012  -57.8  -88.2      1   0.01     86   32.0  615.1  615.2  615.1
   25.3  25040  -57.7  -88.2      1   0.01     85   32.1  616.0  616.1  616.0
   25.2  25053  -57.7  -88.2      1   0.01     85   32.1  616.8  616.9  616.8
   25.1  25080  -57.5  -88.2      1   0.01     84   32.1  617.9  617.9  617.9
   25.0  25106  -57.4  -88.2      1   0.01     84   32.1  619.0  619.1  619.0
   24.9  25133  -57.2  -88.1      1   0.01     83   31.9  620.3  620.3  620.3
   24.8  25160  -57.0  -88.0      1   0.01     83   31.6  621.4  621.5  621.4
   24.7  25188  -57.0  -87.9      1   0.01     83   31.3  622.1  622.2  622.1
   24.6  25217  -57.1  -87.8      1   0.01     83   31.0  622.7  622.8  622.7
   24.5  25230  -57.1  -87.8      1   0.01     83   30.9  623.3  623.4  623.3
   24.4  25258  -57.3  -87.8      1   0.01     83   30.6  623.6  623.7  623.6
   24.3  25286  -57.5  -87.9      1   0.01     83   30.4  623.8  623.9  623.8
   24.2  25314  -57.6  -88.0      1   0.01     83   30.3  624.2  624.3  624.2
   24.1  25343  -57.5  -87.9      1   0.01     83   30.4  625.3  625.4  625.3
   24.0  25371  -57.2  -87.8      1   0.01     83   30.6  626.7  626.8  626.7
   23.9  25400  -57.1  -87.8      1   0.01     83   30.8  627.8  627.9  627.8
   23.8  25415  -57.1  -87.8      1   0.01     83   30.9  628.7  628.7  628.7
   23.7  25441  -57.1  -87.9      1   0.01     83   31.1  629.5  629.5  629.5
   23.6  25467  -57.1  -87.9      1   0.01     83   31.2  630.3  630.3  630.3
   23.5  25493  -57.1  -88.0      1   0.01     83   31.3  630.9  631.0  630.9
   23.4  25532  -57.2  -88.1      1   0.01     84   31.1  631.5  631.6  631.5
   23.3  25558  -57.0  -88.1      1   0.01     85   30.9  632.7  632.7  632.7
   23.2  25585  -56.8  -88.0      1   0.01     85   30.6  634.1  634.2  634.1
   23.1  25611  -56.5  -87.9      1   0.01     86   30.3  635.9  636.0  635.9
   23.0  25635  -56.1  -87.8      1   0.01     86   30.1  637.7  637.8  637.7
   22.9  25659  -55.8  -87.7      1   0.01     87   29.9  639.4  639.5  639.4
   22.8  25696  -55.6  -87.6      1   0.01     88   29.8  640.7  640.8  640.7
   22.7  25720  -55.6  -87.5      1   0.01     88   29.8  641.7  641.8  641.7
   22.6  25743  -55.5  -87.4      1   0.01     89   29.8  642.6  642.7  642.6
   22.5  25778  -55.5  -87.3      1   0.01     89   30.0  643.6  643.6  643.6
   22.4  25802  -55.5  -87.2      1   0.01     89   30.2  644.3  644.4  644.3
   22.3  25826  -55.6  -87.3      1   0.01     90   30.4  645.0  645.0  645.0
   22.2  25860  -55.6  -87.3      1   0.01     90   30.5  645.8  645.9  645.8
   22.1  25892  -55.2  -87.3      1   0.01     91   30.7  647.6  647.7  647.6
   22.0  25916  -54.9  -87.1      1   0.01     92   30.7  649.5  649.6  649.5
   21.9  25949  -54.4  -86.9      1   0.01     93   30.7  651.8  651.9  651.9
   21.8  25970  -54.3  -86.9      1   0.01     93   30.7  652.8  652.9  652.8
   21.7  26004  -54.4  -86.9      1   0.01     93   30.7  653.4  653.4  653.4
   21.6  26035  -54.4  -86.8      1   0.01     92   30.7  654.4  654.5  654.4
   21.5  26066  -54.3  -86.7      1   0.01     91   30.7  655.6  655.7  655.6
   21.4  26088  -54.3  -86.7      1   0.01     91   30.9  656.5  656.6  656.5
   21.3  26120  -54.2  -86.7      1   0.01     90   31.2  657.6  657.7  657.6
   21.2  26150  -53.9  -86.6      1   0.01     91   31.6  659.4  659.5  659.4
   21.1  26182  -53.4  -86.5      1   0.01     92   31.9  661.6  661.8  661.7
   21.0  26215  -52.9  -86.3      1   0.01     93   31.9  664.0  664.1  664.0
   20.9  26248  -52.7  -86.2      1   0.01     95   31.6  665.7  665.8  665.7
   20.8  26272  -52.7  -86.2      1   0.01     96   31.1  666.6  666.7  666.6
   20.7  26308  -52.7  -86.1      1   0.01     97   30.2  667.5  667.7  667.6
   20.6  26344  -52.5  -85.9      1   0.01     98   29.5  669.0  669.1  669.0
   20.5  26369  -52.4  -85.8      1   0.01     98   29.1  670.1  670.3  670.1
   20.4  26407  -52.4  -85.8      1   0.01     98   28.8  671.2  671.3  671.2
   20.3  26433  -52.3  -85.7      1   0.01     97   28.9  672.5  672.6  672.5
   20.2  26471  -52.1  -85.5      1   0.01     96   29.3  674.0  674.1  674.0
   20.1  26496  -52.1  -85.5      1   0.01     96   29.6  675.0  675.1  675.0
   20.0  26539  -52.2  -85.4      1   0.01     96   30.3  675.7  675.8  675.7
   19.9  26564  -52.3  -85.4      1   0.01     96   30.4  676.3  676.4  676.3
   19.8  26592  -52.5  -85.5      1   0.01     96   30.7  676.8  676.9  676.8
   19.7  26621  -52.6  -85.6      1   0.01     96   31.0  677.3  677.5  677.3
   19.6  26664  -52.5  -85.6      1   0.01     96   31.5  678.5  678.6  678.5
   19.5  26693  -52.3  -85.5      1   0.01     97   31.6  680.1  680.3  680.1
   19.4  26723  -52.2  -85.5      1   0.01     97   31.7  681.6  681.7  681.6
   19.3  26754  -52.1  -85.5      1   0.01     97   31.7  682.8  682.9  682.8
   19.2  26800  -52.1  -85.6      1   0.01     98   31.5  683.7  683.9  683.8
   19.1  26832  -52.2  -85.6      1   0.01     98   31.3  684.6  684.8  684.6
   19.0  26865  -52.2  -85.6      1   0.01     99   31.1  685.7  685.8  685.7
   18.9  26897  -52.1  -85.7      1   0.01     99   30.8  686.9  687.0  686.9
   18.8  26929  -52.1  -85.7      1   0.01     99   30.5  688.0  688.2  688.0
   18.7  26961  -51.9  -85.7      1   0.01     99   30.2  689.6  689.7  689.6
   18.6  26991  -51.6  -85.6      1   0.01     99   30.1  691.7  691.9  691.7
   18.5  27035  -51.0  -85.3      1   0.01                694.5  694.7  694.6
   18.4  27062  -50.8  -85.3      1   0.02                696.2  696.3  696.2
   18.3  27102  -50.9  -85.4      1   0.01                697.1  697.2  697.1
   18.2  27142  -51.0  -85.5      1   0.01                697.8  698.0  697.8
   18.1  27169  -50.9  -85.4      1   0.02                699.3  699.4  699.3
   18.0  27210  -50.5  -85.2      1   0.02                701.6  701.7  701.6
   17.9  27250  -50.3  -85.0      1   0.02                703.5  703.7  703.5
   17.8  27277  -50.0  -84.9      1   0.02                705.4  705.5  705.4
   17.7  27317  -49.8  -84.8      1   0.02                707.3  707.5  707.3
   17.6  27358  -49.7  -84.8      1   0.02                708.6  708.8  708.6
   17.5  27398  -49.6  -84.6      1   0.02                710.1  710.3  710.1
   17.4  27425  -49.5  -84.6      1   0.02                711.6  711.8  711.6
   17.3  27465  -49.4  -84.4      1   0.02                713.1  713.3  713.1
   17.2  27506  -49.3  -84.4      1   0.02                714.5  714.7  714.5
   17.1  27546  -49.3  -84.4      1   0.02                715.7  715.9  715.7
   17.0  27586  -49.3  -84.3      1   0.02                716.9  717.1  716.9
   16.9  27627  -49.3  -84.3      1   0.02                718.4  718.6  718.4
   16.8  27667  -49.2  -84.2      1   0.02                719.9  720.1  719.9
   16.7  27694  -49.1  -84.2      1   0.02                721.3  721.5  721.3
   16.6  27734  -49.0  -84.2      1   0.02                722.8  723.1  722.8
   16.5  27775  -48.9  -84.3      1   0.02                724.4  724.7  724.5
   16.4  27815  -48.8  -84.3      1   0.02                726.2  726.4  726.2
   16.3  27856  -48.6  -84.3      1   0.02                728.0  728.2  728.0
   16.2  27896  -48.4  -84.2      1   0.02                729.8  730.0  729.8
   16.1  27936  -48.3  -84.0      1   0.02                731.6  731.8  731.6
   16.0  27977  -48.2  -83.9      1   0.02                733.1  733.3  733.1
   15.9  28017  -48.1  -83.9      1   0.02                734.6  734.9  734.6
   15.8  28057  -48.1  -83.8      1   0.02                736.2  736.5  736.2
   15.7  28098  -48.0  -83.8      1   0.02                737.7  737.9  737.7
   15.6  28152  -48.0  -83.8      1   0.02                739.2  739.5  739.2
   15.5  28192  -47.9  -83.8      1   0.02                740.9  741.1  740.9
   15.4  28232  -47.7  -83.6      1   0.02                742.8  743.0  742.8
   15.3  28273  -47.8  -83.6      1   0.02                744.0  744.3  744.0
   15.2  28313  -47.9  -83.7      1   0.02                745.0  745.3  745.0
   15.1  28367  -48.0  -83.7      1   0.02                745.9  746.2  745.9
   15.0  28407  -48.1  -83.7      1   0.02                747.0  747.3  747.0
   14.9  28448  -48.2  -83.8      1   0.02                748.1  748.4  748.1
   14.8  28488  -48.3  -83.8      1   0.02                749.2  749.5  749.2
   14.7  28542  -48.5  -83.8      1   0.02                750.2  750.5  750.2
   14.6  28582  -48.6  -83.9      1   0.02                751.3  751.6  751.4
   14.5  28623  -48.6  -83.9      1   0.02                752.8  753.0  752.8
   14.4  28676  -48.5  -83.9      1   0.02                754.5  754.7  754.5
   14.3  28717  -48.5  -83.9      1   0.02                756.1  756.3  756.1
   14.2  28757  -48.5  -84.0      1   0.02                757.6  757.9  757.6
   14.1  28811  -48.5  -84.0      1   0.02                759.2  759.5  759.2
   14.0  28851  -48.5  -84.0      1   0.02                760.6  760.9  760.7
   13.9  28905  -48.5  -84.0      1   0.02                762.0  762.3  762.1
   13.8  28946  -48.6  -84.0      1   0.03                763.3  763.6  763.3
   13.7  28999  -48.9  -84.1      1   0.02                764.1  764.4  764.1
   13.6  29040  -49.0  -84.2      1   0.02                765.2  765.5  765.2
   13.5  29094  -49.0  -84.3      1   0.02                766.7  767.0  766.7
   13.4  29147  -48.8  -84.2      1   0.02                769.0  769.3  769.0
   13.3  29188  -48.8  -84.2      1   0.03                770.7  771.0  770.7
   13.2  29242  -48.9  -84.3      1   0.02                772.1  772.4  772.1
   13.1  29295  -48.9  -84.4      1   0.02                773.7  774.0  773.8
   13.0  29336  -48.8  -84.4      1   0.02                775.9  776.2  775.9
   12.9  29390  -48.5  -84.3      1   0.03                778.6  778.9  778.6
   12.8  29443  -48.5  -84.1      1   0.03                780.5  780.8  780.5
   12.7  29497  -48.7  -84.1      1   0.03                781.5  781.9  781.5
   12.6  29551  -48.9  -84.2      1   0.03                782.6  782.9  782.6
   12.5  29591  -48.9  -84.3      1   0.03     70   25.3  784.3  784.6  784.3
   12.4  29645  -48.8  -84.2      1   0.03     70   25.3  786.3  786.6  786.3
   12.3  29703  -49.0  -84.2      1   0.03     70   25.6  787.6  787.9  787.6
   12.2  29755  -49.2  -84.3      1   0.03     69   25.8  788.5  788.8  788.5
   12.1  29805  -49.3  -84.3      1   0.03     69   25.5  790.2  790.5  790.2
   12.0  29867  -49.5  -84.1      1   0.03     68   20.5  791.4  791.7  791.4
   11.9  29917  -49.4  -84.0      1   0.03     68   15.9  793.5  793.8  793.5
   10.0  31077                                                               
