Latitude: 22.312 Longitude: 114.17
-----------------------------------------------------------------------------
   PRES   HGHT   TEMP   DWPT   RELH   MIXR   DRCT   SPED   THTA   THTE   THTV
    hPa      m      C      C      %   g/kg    deg    m/s      K      K      K 
-----------------------------------------------------------------------------
 1000.0     60                                                               
  999.4     66   27.1   26.1     94  21.71    224    0.3  300.3  364.4  304.2
  997.1     86   27.0   26.1     95  21.78    230    0.6  300.3  364.7  304.2
  996.0     96   26.8   26.0     96  21.74    231    0.8  300.3  364.4  304.1
  994.7    107   26.6   25.8     95  21.42    231    1.0  300.2  363.5  304.1
  993.3    120   26.6   25.5     94  21.15    232    1.2  300.3  362.7  304.1
  991.9    133   26.6   25.4     94  21.08    232    1.5  300.4  362.6  304.2
  990.6    144   26.4   25.3     94  20.97    231    1.7  300.4  362.2  304.1
  989.5    154   26.2   25.3     95  20.95    231    2.0  300.3  362.1  304.0
  988.2    166   26.1   25.3     95  20.93    231    2.3  300.2  362.0  304.0
  987.0    177   26.0   25.2     96  20.92    231    2.5  300.3  361.9  304.0
  985.9    187   25.9   25.2     96  20.94    231    2.8  300.3  362.1  304.0
  984.8    196   25.8   25.2     96  20.93    231    3.0  300.3  362.0  304.0
  983.8    205   25.8   25.2     96  20.90    231    3.3  300.3  362.0  304.1
  982.7    215   25.7   25.2     97  20.93    231    3.5  300.4  362.1  304.1
  981.4    227   25.6   25.2     97  20.97    231    3.8  300.4  362.3  304.1
  980.0    239   25.5   25.2     98  20.98    232    4.0  300.4  362.3  304.1
  978.5    253   25.4   25.1     98  20.88    232    4.3  300.4  362.0  304.1
  977.2    265   25.3   25.1     99  20.93    232    4.6  300.4  362.1  304.1
  975.8    277   25.1   25.1    100  20.99    233    4.8  300.3  362.3  304.1
  974.4    290   25.0   25.0    100  20.91    233    5.1  300.4  362.1  304.1
  973.4    300   25.0   25.0    100  20.88    233    5.5  300.4  362.0  304.2
  972.6    307   24.9   24.9    100  20.86    233    5.8  300.5  362.0  304.2
  971.5    317   24.9   24.9    100  20.83    233    6.1  300.5  362.0  304.3
  970.0    330   24.8   24.8    100  20.79    232    6.4  300.6  362.0  304.3
  968.5    344   24.8   24.8    100  20.74    231    6.6  300.7  361.9  304.4
  967.5    353   24.8   24.8    100  20.73    231    6.9  300.7  362.0  304.4
  966.6    361   24.7   24.7    100  20.72    230    7.1  300.8  362.0  304.5
  965.8    369   24.7   24.7    100  20.70    229    7.3  300.8  362.0  304.5
  964.8    378   24.7   24.7    100  20.67    228    7.4  300.9  362.0  304.6
  963.7    387   24.6   24.6    100  20.62    227    7.6  300.9  361.9  304.6
  962.8    396   24.6   24.6    100  20.60    226    7.7  301.0  361.9  304.7
  961.8    405   24.5   24.5    100  20.59    226    7.8  301.0  361.9  304.7
  960.7    415   24.5   24.5    100  20.56    226    7.9  301.1  361.9  304.8
  959.8    424   24.5   24.5    100  20.53    226    7.9  301.1  361.9  304.8
  958.8    433   24.4   24.4    100  20.50    226    8.0  301.2  361.8  304.8
  957.7    442   24.4   24.4    100  20.47    227    8.1  301.2  361.8  304.9
  956.7    452   24.3   24.3    100  20.45    228    8.2  301.3  361.8  304.9
  955.8    461   24.3   24.3    100  20.41    229    8.3  301.3  361.8  305.0
  954.7    471   24.3   24.3    100  20.39    230    8.4  301.4  361.8  305.0
  953.5    481   24.2   24.2    100  20.35    232    8.5  301.4  361.7  305.1
  952.4    492   24.2   24.2    100  20.31    233    8.6  301.5  361.7  305.1
  951.3    502   24.1   24.1    100  20.25    234    8.6  301.5  361.5  305.1
  950.4    511   24.1   24.1    100  20.22    236    8.7  301.6  361.5  305.2
  949.6    517   24.0   24.0    100  20.20    237    8.7  301.6  361.5  305.2
  948.9    524   24.0   24.0    100  20.19    238    8.6  301.6  361.5  305.3
  948.1    532   24.0   24.0    100  20.16    239    8.5  301.7  361.5  305.3
  947.2    540   24.0   23.8     99  20.03    239    8.3  301.8  361.2  305.4
  946.3    549   23.9   23.9    100  20.06    240    8.1  301.8  361.3  305.4
  945.3    557   23.9   23.7     99  19.94    241    7.9  301.8  361.0  305.4
  944.4    566   23.9   23.6     98  19.76    241    7.7  301.9  360.6  305.5
  943.3    576   23.8   23.5     98  19.73    241    7.5  302.0  360.5  305.5
  942.2    587   23.8   23.5     98  19.71    242    7.3  302.0  360.5  305.6
  941.2    596   23.7   23.5     99  19.77    242    7.1  302.0  360.7  305.6
  940.3    605   23.7   23.5     99  19.80    242    7.0  302.1  360.9  305.6
  939.3    614   23.6   23.5     99  19.78    243    6.9  302.1  360.9  305.7
  938.2    624   23.6   23.4     99  19.70    243    6.8  302.2  360.7  305.7
  937.2    634   23.5   23.4     99  19.69    244    6.8  302.2  360.7  305.7
  936.0    645   23.4   23.4    100  19.70    244    6.8  302.2  360.8  305.8
  934.8    655   23.4   23.3     99  19.58    245    6.8  302.3  360.5  305.8
  933.9    665   23.3   23.2     99  19.53    246    6.8  302.3  360.3  305.8
  932.9    674   23.3   23.3    100  19.62    246    6.8  302.4  360.7  305.9
  931.8    684   23.2   23.2    100  19.57    247    6.8  302.4  360.6  305.9
  930.7    694   23.1   23.1    100  19.51    248    6.9  302.4  360.4  305.9
  929.5    706   23.1   23.0     99  19.40    248    6.9  302.5  360.2  306.0
  928.4    716   23.1   22.9     99  19.27    249    6.9  302.6  359.9  306.1
  927.4    726   23.0   22.9     99  19.27    249    6.9  302.6  360.0  306.1
  926.2    737   23.0   22.8     99  19.21    249    6.9  302.7  359.9  306.2
  925.1    748   23.0   22.8     99  19.21    250    6.9  302.8  359.9  306.2
  925.0    748   22.9   22.8     99  19.21    250    6.9  302.8  359.9  306.2
  924.0    758   22.9   22.8    100  19.24    250    6.9  302.8  360.1  306.3
  923.1    767   22.8   22.8    100  19.26    250    6.9  302.8  360.1  306.3
  922.0    777   22.7   22.7    100  19.23    250    6.9  302.8  360.1  306.3
  920.9    787   22.7   22.6     99  19.06    250    6.9  302.9  359.6  306.3
  919.8    797   22.6   22.4     99  18.84    251    7.0  302.9  359.0  306.3
  918.7    808   22.6   22.3     99  18.82    251    7.0  303.0  359.0  306.4
  917.6    818   22.5   22.3     99  18.77    251    7.0  303.0  358.9  306.4
  916.6    829   22.4   22.3     99  18.78    252    7.1  303.0  359.0  306.4
  915.5    839   22.4   22.2     99  18.76    252    7.1  303.1  359.0  306.5
  914.4    849   22.3   22.2     99  18.71    253    7.2  303.1  358.9  306.5
  913.4    859   22.3   22.1     99  18.64    254    7.2  303.2  358.7  306.5
  912.5    868   22.2   22.0     99  18.60    255    7.3  303.2  358.6  306.6
  911.5    877   22.2   22.0     99  18.57    256    7.3  303.2  358.6  306.6
  910.6    886   22.1   21.9     99  18.51    257    7.4  303.3  358.5  306.6
  909.5    896   22.1   21.9     99  18.47    258    7.4  303.3  358.4  306.7
  908.4    907   22.0   21.8     99  18.42    259    7.4  303.4  358.3  306.7
  907.4    916   22.0   21.7     99  18.36    260    7.5  303.4  358.2  306.7
  906.5    925   21.9   21.8     99  18.39    261    7.4  303.5  358.3  306.8
  905.5    935   21.9   21.7     99  18.36    261    7.4  303.5  358.3  306.8
  904.3    946   21.8   21.6     99  18.30    262    7.4  303.6  358.2  306.9
  903.2    957   21.7   21.6     99  18.26    263    7.3  303.6  358.1  306.9
  902.1    968   21.7   21.5     99  18.24    264    7.3  303.6  358.1  307.0
  901.0    978   21.7   21.5     99  18.19    265    7.2  303.7  358.1  307.0
  900.0    988   21.8   21.4     98  18.10    266    7.1  303.9  358.0  307.2
  899.1    996   21.9   21.4     97  18.18    266    7.1  304.1  358.5  307.4
  898.2   1006   21.9   21.5     98  18.24    267    7.1  304.2  358.8  307.5
  897.1   1016   21.9   21.5     98  18.26    267    7.1  304.3  359.0  307.6
  896.0   1026   21.9   21.4     97  18.25    268    7.1  304.4  359.1  307.7
  894.9   1037   21.9   21.4     97  18.24    268    7.1  304.6  359.3  307.9
  893.8   1048   22.0   21.4     96  18.24    267    7.1  304.8  359.5  308.1
  892.8   1058   22.1   21.2     95  18.06    267    7.1  305.0  359.2  308.3
  891.8   1067   22.2   21.1     93  17.90    266    7.2  305.2  359.0  308.4
  890.9   1077   22.2   20.9     93  17.78    266    7.2  305.3  358.7  308.5
  890.0   1086   22.2   20.9     92  17.70    265    7.2  305.3  358.6  308.6
  889.1   1095   22.1   20.8     92  17.64    264    7.3  305.4  358.4  308.6
  888.0   1105   22.1   20.8     92  17.64    263    7.3  305.4  358.5  308.7
  886.9   1116   22.0   20.8     93  17.65    263    7.4  305.5  358.6  308.7
  885.8   1127   22.0   20.7     93  17.62    262    7.4  305.5  358.5  308.7
  884.7   1137   21.9   20.6     92  17.54    261    7.5  305.5  358.3  308.7
  883.7   1148   21.8   20.7     93  17.62    260    7.5  305.6  358.6  308.8
  882.6   1158   21.7   20.7     94  17.63    260    7.6  305.6  358.7  308.8
  881.5   1169   21.7   20.6     94  17.63    259    7.6  305.6  358.7  308.8
  880.5   1179   21.6   20.6     94  17.57    259    7.7  305.6  358.5  308.8
  879.5   1189   21.5   20.5     94  17.54    258    7.8  305.6  358.4  308.8
  878.7   1197   21.4   20.5     95  17.54    258    8.0  305.6  358.5  308.8
  877.7   1207   21.3   20.5     95  17.58    258    8.1  305.7  358.6  308.9
  876.6   1217   21.2   20.4     95  17.50    258    8.3  305.7  358.4  308.9
  875.6   1227   21.2   20.3     95  17.38    258    8.4  305.7  358.1  308.9
  874.7   1237   21.1   20.3     95  17.37    258    8.6  305.7  358.0  308.9
  873.7   1246   21.0   20.3     95  17.38    258    8.8  305.8  358.1  308.9
  872.5   1259   21.0   20.2     95  17.34    259    9.0  305.8  358.0  309.0
  871.1   1272   20.9   20.1     95  17.26    259    9.1  305.8  357.8  309.0
  869.9   1285   20.8   20.0     96  17.21    259    9.2  305.9  357.7  309.0
  868.8   1295   20.7   20.0     96  17.24    259    9.4  305.9  357.9  309.1
  867.8   1306   20.7   20.1     96  17.28    259    9.5  306.0  358.1  309.1
  866.7   1317   20.6   20.1     97  17.30    259    9.5  306.0  358.1  309.1
  865.5   1328   20.5   20.0     97  17.22    260    9.6  306.0  358.0  309.2
  864.5   1338   20.5   19.9     96  17.13    260    9.6  306.1  357.8  309.2
  863.5   1349   20.4   19.8     97  17.13    260    9.6  306.1  357.8  309.3
  862.3   1360   20.3   19.8     97  17.14    260    9.6  306.2  357.9  309.3
  861.2   1372   20.2   19.7     97  17.02    259    9.5  306.2  357.5  309.3
  860.1   1382   20.2   19.6     96  16.90    259    9.5  306.2  357.2  309.3
  859.2   1392   20.1   19.6     97  16.91    259    9.4  306.2  357.3  309.3
  858.0   1404   20.0   19.6     97  16.94    259    9.3  306.3  357.4  309.4
  856.8   1416   19.9   19.4     97  16.82    259    9.3  306.3  357.1  309.4
  855.7   1427   19.9   19.2     96  16.64    259    9.2  306.4  356.6  309.4
  854.6   1438   19.9   19.0     95  16.45    258    9.1  306.5  356.2  309.5
  853.6   1448   19.9   19.0     94  16.41    258    9.0  306.6  356.2  309.6
  852.6   1458   19.9   19.1     95  16.50    258    9.0  306.7  356.5  309.7
  851.7   1468   19.8   19.0     95  16.50    259    9.0  306.7  356.6  309.7
  850.7   1479   19.7   19.0     95  16.46    259    8.9  306.7  356.5  309.7
  850.0   1485   19.7   18.9     95  16.43    259    8.9  306.8  356.5  309.8
  849.7   1488   19.7   18.9     95  16.42    259    9.0  306.8  356.4  309.8
  848.6   1499   19.6   19.0     96  16.53    260    9.0  306.8  356.8  309.9
  847.5   1511   19.5   19.0     97  16.54    260    9.0  306.8  356.9  309.9
  846.4   1521   19.5   18.9     97  16.47    261    9.1  306.9  356.7  309.9
  845.4   1532   19.4   18.8     96  16.39    261    9.2  306.9  356.5  309.9
  844.4   1543   19.4   18.7     96  16.32    262    9.3  307.0  356.4  310.0
  843.3   1553   19.3   18.6     96  16.20    262    9.4  307.1  356.1  310.0
  842.3   1564   19.3   18.5     95  16.08    263    9.4  307.2  355.9  310.1
  841.2   1575   19.3   18.4     95  16.06    263    9.5  307.3  355.9  310.2
  840.1   1586   19.2   18.4     95  16.06    263    9.6  307.3  356.0  310.3
  839.1   1597   19.2   18.3     95  16.02    263    9.7  307.3  355.9  310.3
  838.1   1607   19.1   18.3     95  16.01    263    9.7  307.4  355.9  310.3
  837.1   1618   19.1   18.3     95  16.01    263    9.7  307.5  356.1  310.4
  836.1   1627   19.1   18.2     95  15.94    263    9.7  307.6  355.9  310.5
  835.2   1637   19.0   18.2     95  15.91    262    9.7  307.6  355.9  310.5
  834.3   1646   18.9   18.1     95  15.89    262    9.6  307.6  355.8  310.5
  833.4   1656   18.9   18.1     95  15.88    262    9.5  307.6  355.8  310.6
  832.4   1666   18.8   18.1     96  15.86    261    9.5  307.6  355.8  310.6
  831.5   1676   18.7   18.0     96  15.84    261    9.4  307.7  355.8  310.6
  830.5   1685   18.7   17.9     96  15.77    261    9.3  307.7  355.6  310.6
  829.7   1694   18.6   17.8     95  15.69    260    9.2  307.8  355.4  310.6
  828.8   1704   18.6   17.8     95  15.67    260    9.1  307.8  355.4  310.7
  827.9   1713   18.6   17.7     95  15.63    259    9.1  307.9  355.4  310.8
  826.9   1723   18.5   17.7     95  15.65    259    9.0  307.9  355.5  310.8
  825.8   1734   18.4   17.7     96  15.65    258    8.9  307.9  355.5  310.8
  824.8   1745   18.4   17.6     95  15.53    258    8.9  308.0  355.2  310.9
  823.9   1754   18.3   17.6     96  15.52    258    8.9  308.0  355.2  310.9
  823.0   1764   18.2   17.6     96  15.57    258    8.9  308.0  355.4  310.9
  822.0   1774   18.1   17.5     96  15.52    258    8.9  308.0  355.2  310.9
  821.0   1785   18.0   17.4     96  15.44    258    8.8  308.1  355.0  310.9
  819.9   1797   17.9   17.3     96  15.38    259    8.8  308.1  354.9  310.9
  818.7   1809   17.9   17.3     96  15.33    260    8.8  308.1  354.8  311.0
  817.6   1821   17.8   17.3     97  15.33    261    8.8  308.2  354.8  311.0
  816.3   1834   17.7   17.1     96  15.25    262    8.8  308.2  354.6  311.0
  815.1   1846   17.8   17.0     95  15.10    263    8.7  308.4  354.4  311.2
  814.1   1857   17.8   16.9     95  15.05    265    8.7  308.5  354.4  311.3
  813.1   1868   17.7   17.0     96  15.14    266    8.6  308.5  354.7  311.3
  811.9   1880   17.6   16.9     96  15.14    267    8.6  308.6  354.7  311.4
  810.7   1893   17.6   16.7     94  14.92    268    8.6  308.7  354.2  311.5
  809.7   1903   17.7   16.5     93  14.76    268    8.5  308.9  353.9  311.6
  808.9   1913   17.6   16.5     93  14.75    269    8.4  308.9  353.9  311.7
  808.0   1922   17.6   16.4     93  14.71    269    8.4  309.0  353.9  311.7
  807.0   1933   17.6   16.3     92  14.60    269    8.3  309.1  353.7  311.8
  806.0   1944   17.6   16.2     92  14.56    269    8.3  309.2  353.7  311.9
  805.0   1954   17.6   16.3     92  14.60    269    8.2  309.3  353.9  312.0
  804.0   1964   17.5   16.3     93  14.63    269    8.2  309.3  354.0  312.0
  803.0   1975   17.4   16.1     92  14.52    269    8.1  309.4  353.8  312.0
  802.0   1986   17.4   16.0     92  14.43    269    8.1  309.4  353.5  312.1
  801.0   1997   17.3   16.0     92  14.44    269    8.1  309.5  353.6  312.1
  800.1   2007   17.3   16.0     92  14.45    270    8.0  309.6  353.8  312.2
  799.1   2017   17.3   16.0     92  14.47    270    8.0  309.6  353.9  312.3
  798.1   2027   17.2   15.9     92  14.43    271    7.9  309.7  353.9  312.4
  797.2   2038   17.1   15.9     92  14.40    272    7.9  309.7  353.8  312.4
  796.0   2050   17.0   15.9     93  14.40    272    7.8  309.7  353.8  312.4
  794.9   2062   16.9   15.8     93  14.33    273    7.6  309.8  353.7  312.4
  794.0   2072   16.9   15.7     93  14.31    274    7.5  309.8  353.6  312.4
  792.9   2084   16.8   15.7     93  14.31    274    7.4  309.8  353.6  312.5
  791.8   2096   16.7   15.5     93  14.17    275    7.2  309.9  353.3  312.5
  790.7   2107   16.6   15.6     93  14.22    275    7.0  309.9  353.5  312.5
  789.6   2119   16.5   15.8     95  14.41    275    6.9  309.9  354.1  312.6
  788.5   2131   16.5   15.9     97  14.58    275    6.7  309.9  354.7  312.7
  787.4   2143   16.4   15.8     96  14.53    274    6.6  310.1  354.6  312.8
  786.5   2153   16.4   15.7     95  14.38    274    6.5  310.1  354.3  312.8
  785.7   2162   16.4   15.6     95  14.34    274    6.4  310.2  354.3  312.9
  784.9   2171   16.5   15.5     94  14.23    274    6.4  310.3  354.0  313.0
  784.0   2180   16.5   15.2     92  14.03    274    6.4  310.5  353.6  313.1
  783.1   2190   16.5   15.2     92  14.03    274    6.5  310.6  353.8  313.2
  782.2   2200   16.5   15.1     92  13.96    274    6.5  310.7  353.6  313.3
  781.0   2213   16.4   15.0     91  13.84    274    6.6  310.8  353.4  313.4
  780.0   2225   16.4   14.9     91  13.81    275    6.7  310.9  353.4  313.4
  778.9   2236   16.4   14.9     91  13.82    275    6.9  310.9  353.5  313.5
  777.9   2247   16.3   14.9     91  13.82    276    7.0  311.0  353.6  313.6
  777.0   2257   16.3   14.9     91  13.84    276    7.1  311.1  353.7  313.7
  776.0   2268   16.2   14.9     92  13.85    277    7.2  311.1  353.8  313.7
  775.1   2278   16.2   14.8     92  13.81    277    7.2  311.2  353.7  313.7
  774.2   2288   16.1   14.8     92  13.81    278    7.3  311.2  353.8  313.8
  773.2   2299   16.0   14.8     93  13.82    278    7.3  311.2  353.8  313.8
  772.2   2310   15.9   14.7     92  13.71    278    7.3  311.2  353.5  313.8
  771.2   2321   15.9   14.6     92  13.66    278    7.3  311.3  353.4  313.8
  770.2   2332   15.8   14.6     93  13.68    278    7.2  311.3  353.5  313.9
  769.2   2343   15.7   14.6     93  13.68    278    7.1  311.3  353.5  313.9
  768.2   2354   15.6   14.5     93  13.63    278    7.0  311.3  353.4  313.9
  767.1   2366   15.5   14.5     94  13.66    278    6.9  311.4  353.5  313.9
  766.1   2378   15.4   14.5     94  13.65    277    6.9  311.4  353.5  313.9
  765.0   2389   15.3   14.4     94  13.58    277    6.8  311.4  353.3  314.0
  764.0   2400   15.2   14.3     94  13.54    277    6.7  311.4  353.2  314.0
  763.1   2410   15.2   14.2     94  13.48    277    6.6  311.5  353.0  314.0
  762.3   2420   15.1   14.2     94  13.48    277    6.6  311.5  353.1  314.0
  761.4   2430   15.0   14.2     95  13.50    277    6.6  311.5  353.2  314.0
  760.6   2439   15.0   14.1     94  13.42    277    6.6  311.6  353.0  314.1
  759.8   2448   14.9   14.0     94  13.35    277    6.6  311.6  352.8  314.1
  759.0   2457   14.8   13.9     94  13.26    277    6.6  311.6  352.5  314.1
  758.2   2465   14.8   13.8     94  13.19    278    6.6  311.6  352.4  314.1
  757.4   2474   14.7   13.8     94  13.19    278    6.7  311.6  352.4  314.1
  756.6   2484   14.6   13.7     94  13.16    279    6.7  311.6  352.3  314.1
  755.6   2495   14.5   13.7     95  13.16    280    6.7  311.6  352.3  314.1
  754.6   2506   14.5   13.6     95  13.09    281    6.7  311.7  352.2  314.2
  753.7   2516   14.4   13.5     94  13.05    282    6.8  311.8  352.1  314.2
  752.8   2526   14.3   13.6     95  13.09    283    6.8  311.8  352.2  314.2
  751.7   2538   14.3   13.5     95  13.05    284    6.9  311.9  352.2  314.3
  750.8   2549   14.2   13.4     95  12.97    284    6.9  311.9  352.0  314.3
  749.9   2559   14.2   13.4     95  13.03    285    6.9  311.9  352.3  314.4
  749.1   2568   14.1   13.5     96  13.09    286    7.0  312.0  352.5  314.4
  748.3   2577   14.1   13.4     96  13.04    286    7.0  312.0  352.4  314.5
  747.6   2585   14.1   13.2     95  12.91    287    7.0  312.1  352.1  314.5
  746.9   2593   14.0   13.1     94  12.84    287    7.0  312.2  351.9  314.6
  746.1   2602   14.0   13.0     93  12.71    287    7.0  312.2  351.6  314.6
  745.3   2611   14.0   12.9     93  12.62    286    7.0  312.3  351.5  314.7
  744.5   2620   14.0   12.8     92  12.56    286    6.9  312.4  351.3  314.7
  743.6   2630   14.0   12.6     92  12.46    286    6.8  312.5  351.1  314.8
  742.8   2640   13.9   12.6     92  12.42    286    6.7  312.5  351.0  314.8
  741.9   2649   13.9   12.6     92  12.44    287    6.6  312.6  351.2  314.9
  741.1   2659   13.8   12.6     92  12.47    287    6.5  312.6  351.3  314.9
  740.1   2670   13.7   12.6     93  12.47    288    6.4  312.6  351.4  315.0
  739.2   2681   13.6   12.6     93  12.51    289    6.3  312.6  351.5  315.0
  738.3   2691   13.5   12.6     94  12.56    290    6.2  312.7  351.6  315.0
  737.5   2700   13.5   12.7     95  12.63    292    6.1  312.7  351.9  315.1
  736.7   2709   13.4   12.9     97  12.84    293    6.1  312.7  352.5  315.1
  735.8   2720   13.3   13.0     98  12.94    295    6.1  312.7  352.9  315.2
  734.9   2730   13.3   13.0     98  12.90    296    6.1  312.8  352.8  315.2
  733.9   2741   13.2   12.9     98  12.86    297    6.2  312.8  352.7  315.2
  733.0   2752   13.1   12.8     98  12.78    298    6.2  312.8  352.5  315.2
  732.1   2762   13.1   12.7     98  12.73    299    6.3  312.9  352.5  315.3
  731.3   2772   13.0   12.7     98  12.75    299    6.3  313.0  352.6  315.4
  730.4   2782   13.0   12.7     98  12.79    299    6.3  313.0  352.8  315.4
  729.5   2792   13.0   12.7     98  12.78    299    6.4  313.1  352.8  315.5
  728.7   2802   12.9   12.7     98  12.75    299    6.4  313.1  352.8  315.5
  727.8   2812   12.8   12.7     99  12.81    299    6.4  313.2  353.0  315.6
  726.8   2824   12.8   12.6     99  12.75    299    6.4  313.2  352.8  315.6
  725.7   2836   12.7   12.5     98  12.62    300    6.4  313.3  352.6  315.7
  724.8   2847   12.8   12.3     97  12.51    300    6.5  313.4  352.4  315.8
  723.9   2858   12.7   12.3     97  12.51    301    6.6  313.5  352.5  315.9
  723.0   2868   12.7   12.2     97  12.43    302    6.7  313.6  352.3  315.9
  722.1   2878   12.6   12.1     96  12.39    303    6.8  313.7  352.3  316.0
  721.3   2888   12.6   12.1     97  12.41    304    7.0  313.7  352.4  316.0
  720.4   2898   12.5   12.0     97  12.35    305    7.1  313.7  352.2  316.0
  719.7   2906   12.4   12.0     97  12.35    305    7.3  313.7  352.2  316.0
  719.0   2914   12.4   12.1     98  12.41    306    7.5  313.7  352.4  316.1
  718.3   2923   12.3   12.1     98  12.42    306    7.6  313.7  352.5  316.1
  717.5   2932   12.2   11.9     98  12.32    306    7.7  313.8  352.2  316.1
  716.9   2939   12.2   11.9     98  12.29    305    7.7  313.8  352.1  316.1
  716.1   2949   12.1   11.9     99  12.34    305    7.8  313.8  352.3  316.1
  715.1   2961   12.0   11.8     99  12.30    304    7.7  313.8  352.2  316.2
  714.1   2972   12.0   11.7     99  12.24    303    7.7  313.9  352.1  316.2
  713.2   2983   11.9   11.8     99  12.27    302    7.6  313.9  352.2  316.2
  712.3   2993   11.8   11.7    100  12.27    300    7.5  313.9  352.2  316.3
  711.6   3002   11.8   11.5     99  12.11    299    7.4  314.0  351.8  316.3
  710.6   3013   11.9   11.1     95  11.79    298    7.3  314.2  351.1  316.4
  709.5   3026   11.9   10.9     94  11.64    297    7.3  314.4  350.8  316.6
  708.8   3035   11.9   10.8     93  11.53    297    7.2  314.5  350.6  316.7
  708.2   3042   11.9   10.7     92  11.49    296    7.2  314.5  350.5  316.7
  707.5   3050   11.8   10.6     92  11.43    296    7.2  314.6  350.4  316.7
  706.6   3061   11.7   10.5     92  11.35    295    7.2  314.6  350.2  316.8
  705.5   3073   11.7   10.3     91  11.23    295    7.2  314.7  349.9  316.9
  704.6   3085   11.7   10.3     91  11.23    295    7.2  314.8  350.1  317.0
  703.9   3093   11.7   10.3     91  11.24    294    7.2  314.9  350.2  317.0
  703.3   3100   11.7   10.1     90  11.13    294    7.3  315.0  349.9  317.1
  702.7   3108   11.7   10.0     89  11.08    294    7.3  315.1  349.9  317.2
  701.7   3120   11.7   10.1     90  11.12    294    7.3  315.1  350.1  317.3
  700.6   3132   11.6   10.0     90  11.07    294    7.3  315.2  350.0  317.3
  700.0   3139   11.6    9.8     89  10.93    294    7.3  315.3  349.7  317.4
  699.8   3142   11.6    9.7     88  10.88    294    7.2  315.3  349.5  317.4
  699.0   3151   11.6    9.7     88  10.88    293    7.2  315.4  349.6  317.4
  698.2   3161   11.5    9.7     88  10.86    293    7.1  315.4  349.6  317.5
  697.6   3168   11.5    9.6     88  10.84    293    7.1  315.5  349.6  317.5
  696.8   3178   11.4    9.5     88  10.81    292    7.0  315.5  349.5  317.6
  695.9   3189   11.4    9.6     89  10.88    292    6.9  315.6  349.9  317.7
  695.0   3200   11.5    9.7     89  10.93    292    6.8  315.8  350.2  317.9
  694.1   3210   11.4    9.6     89  10.90    291    6.8  315.9  350.2  317.9
  693.3   3220   11.4    9.6     89  10.90    290    6.7  315.9  350.3  318.0
  692.6   3228   11.3    9.6     89  10.88    289    6.6  316.0  350.3  318.0
  691.9   3237   11.3    9.6     89  10.94    289    6.6  316.0  350.5  318.1
  691.2   3246   11.2    9.6     90  10.95    288    6.5  316.0  350.5  318.1
  690.3   3256   11.2    9.6     90  10.95    287    6.5  316.1  350.6  318.1
  689.5   3266   11.1    9.5     90  10.91    286    6.4  316.1  350.5  318.2
  688.7   3276   11.0    9.5     90  10.88    285    6.4  316.1  350.5  318.2
  687.9   3286   11.0    9.5     91  10.90    284    6.3  316.2  350.6  318.2
  687.1   3296   10.9    9.5     91  10.94    283    6.3  316.2  350.7  318.3
  686.2   3306   10.9    9.6     92  11.03    283    6.3  316.3  351.1  318.4
  685.3   3317   10.8    9.6     92  11.00    282    6.2  316.3  351.1  318.4
  684.4   3328   10.8    9.4     91  10.88    281    6.2  316.4  350.7  318.5
  683.6   3339   10.7    9.3     92  10.86    281    6.2  316.4  350.7  318.4
  682.8   3348   10.6    9.2     91  10.80    280    6.1  316.4  350.5  318.5
  682.0   3358   10.5    9.2     91  10.77    280    6.1  316.4  350.5  318.5
  681.1   3368   10.4    9.1     92  10.74    279    6.1  316.5  350.4  318.5
  680.3   3378   10.4    9.0     91  10.68    279    6.1  316.5  350.3  318.5
  679.6   3388   10.3    9.0     91  10.65    278    6.1  316.5  350.2  318.5
  678.8   3397   10.2    9.0     92  10.69    277    6.1  316.5  350.3  318.6
  678.0   3407   10.1    9.0     92  10.68    277    6.0  316.6  350.3  318.6
  677.1   3418   10.1    8.9     93  10.66    276    6.0  316.6  350.3  318.6
  676.2   3429   10.0    8.9     93  10.68    276    6.0  316.7  350.4  318.7
  675.4   3438   10.0    8.8     92  10.63    275    6.0  316.7  350.4  318.8
  674.6   3448   10.0    8.7     92  10.56    274    6.0  316.8  350.2  318.8
  673.8   3459    9.9    8.7     92  10.53    273    6.0  316.8  350.2  318.8
  672.9   3470    9.8    8.6     92  10.50    272    5.9  316.9  350.1  318.9
  672.1   3480    9.7    8.5     92  10.43    272    5.9  316.9  349.9  318.9
  671.2   3491    9.7    8.4     92  10.35    271    5.8  316.9  349.7  318.9
  670.3   3502    9.6    8.3     91  10.29    271    5.8  317.0  349.6  319.0
  669.5   3512    9.6    8.2     91  10.28    271    5.7  317.1  349.7  319.0
  668.7   3522    9.5    8.2     91  10.26    271    5.6  317.1  349.7  319.1
  667.9   3532    9.5    8.2     92  10.27    272    5.6  317.2  349.8  319.1
  666.9   3544    9.4    8.3     93  10.39    272    5.5  317.2  350.2  319.2
  666.0   3556    9.3    8.2     92  10.30    273    5.4  317.3  350.0  319.2
  665.1   3567    9.3    8.1     92  10.23    275    5.4  317.3  349.8  319.3
  664.3   3577    9.2    8.1     93  10.26    276    5.4  317.4  349.9  319.3
  663.5   3587    9.1    8.2     94  10.32    278    5.4  317.4  350.1  319.3
  662.7   3597    9.0    8.3     95  10.44    279    5.4  317.4  350.5  319.4
  661.9   3606    9.0    8.3     96  10.46    281    5.4  317.4  350.6  319.4
  661.2   3616    8.9    8.3     96  10.47    283    5.5  317.4  350.7  319.4
  660.3   3627    8.8    8.2     96  10.41    284    5.5  317.5  350.5  319.5
  659.5   3637    8.7    8.2     96  10.39    285    5.6  317.5  350.5  319.5
  658.6   3648    8.7    7.9     95  10.19    286    5.6  317.5  349.9  319.5
  657.8   3658    8.7    7.5     92   9.96    287    5.6  317.6  349.3  319.5
  657.1   3667    8.6    7.4     92   9.88    288    5.6  317.7  349.1  319.6
  656.3   3677    8.6    7.2     91   9.79    289    5.6  317.8  348.9  319.7
  655.5   3687    8.6    7.2     91   9.77    290    5.6  317.9  349.0  319.7
  654.8   3697    8.6    7.4     92   9.94    291    5.6  317.9  349.6  319.9
  654.0   3707    8.6    7.5     93  10.01    292    5.5  318.1  350.0  320.0
  653.1   3718    8.6    7.5     93  10.01    293    5.5  318.2  350.1  320.1
  652.4   3727    8.5    7.5     93  10.03    294    5.4  318.2  350.2  320.1
  651.7   3736    8.4    7.5     94  10.07    295    5.3  318.2  350.3  320.2
  650.9   3745    8.4    7.6     95  10.13    296    5.3  318.3  350.6  320.2
  650.2   3755    8.3    7.6     95  10.15    297    5.2  318.3  350.7  320.3
  649.4   3766    8.3    7.6     96  10.18    297    5.1  318.4  350.9  320.3
  648.6   3775    8.3    7.6     96  10.16    298    5.1  318.5  350.9  320.4
  647.9   3784    8.2    7.5     95  10.14    299    5.0  318.5  350.9  320.5
  647.2   3793    8.2    7.5     96  10.15    300    4.9  318.6  351.0  320.5
  646.4   3803    8.2    7.4     95  10.05    300    4.9  318.7  350.8  320.6
  645.6   3813    8.2    7.0     92   9.77    301    4.9  318.9  350.1  320.7
  644.8   3824    8.2    6.7     90   9.62    302    4.8  319.0  349.7  320.8
  643.9   3836    8.1    6.7     91   9.63    303    4.8  319.0  349.8  320.8
  643.0   3848    8.0    6.7     91   9.63    304    4.8  319.0  349.8  320.8
  642.1   3858    8.0    6.7     91   9.62    305    4.8  319.0  349.8  320.9
  641.4   3868    7.9    6.5     91   9.53    305    4.8  319.1  349.6  320.9
  640.7   3877    7.8    6.2     90   9.36    306    4.8  319.1  349.1  320.9
  639.9   3887    7.8    6.1     89   9.31    307    4.9  319.2  349.1  321.0
  639.2   3896    7.8    6.2     89   9.34    308    4.9  319.3  349.2  321.1
  638.5   3905    7.8    6.2     90   9.36    309    4.9  319.3  349.3  321.1
  637.8   3915    7.7    6.2     90   9.36    310    5.0  319.3  349.4  321.1
  637.0   3925    7.6    6.1     90   9.32    310    5.1  319.4  349.3  321.2
  636.2   3935    7.6    6.0     90   9.27    311    5.1  319.4  349.2  321.2
  635.5   3944    7.5    5.8     89   9.16    311    5.2  319.5  348.9  321.2
  634.8   3953    7.5    5.8     89   9.19    312    5.3  319.5  349.0  321.3
  634.1   3963    7.4    6.0     91   9.27    312    5.4  319.5  349.3  321.3
  633.4   3972    7.3    5.9     91   9.26    313    5.5  319.6  349.3  321.4
  632.7   3981    7.3    5.9     91   9.23    313    5.6  319.6  349.3  321.4
  631.9   3991    7.2    5.8     90   9.19    313    5.7  319.7  349.2  321.5
  631.0   4003    7.2    5.8     91   9.24    314    5.8  319.8  349.5  321.6
  630.2   4014    7.2    5.8     91   9.23    314    5.9  319.8  349.5  321.6
  629.4   4024    7.1    5.7     91   9.21    314    5.9  319.9  349.5  321.7
  628.7   4033    7.1    5.6     90   9.12    314    6.0  319.9  349.3  321.7
  628.1   4041    7.0    5.5     90   9.08    314    6.0  319.9  349.2  321.7
  627.3   4051    6.9    5.5     91   9.08    314    6.0  320.0  349.2  321.7
  626.7   4060    6.9    5.5     91   9.12    314    6.0  320.0  349.4  321.8
  626.0   4068    6.8    5.7     93   9.23    314    5.9  320.0  349.7  321.8
  625.3   4078    6.7    5.7     93   9.25    314    5.8  320.1  349.8  321.8
  624.5   4088    6.7    5.7     93   9.24    314    5.7  320.1  349.8  321.9
  623.8   4097    6.6    5.7     94   9.29    314    5.6  320.1  350.0  321.9
  623.1   4107    6.5    5.8     95   9.34    314    5.5  320.1  350.2  321.9
  622.3   4117    6.4    5.8     96   9.34    314    5.3  320.1  350.2  321.9
  621.5   4128    6.3    5.8     96   9.35    314    5.2  320.1  350.2  322.0
  620.7   4138    6.3    5.8     97   9.36    314    5.2  320.2  350.3  322.0
  619.9   4148    6.2    5.8     97   9.40    314    5.1  320.2  350.5  322.1
  619.2   4158    6.1    5.8     97   9.38    314    5.1  320.3  350.5  322.1
  618.6   4167    6.1    5.8     98   9.40    314    5.1  320.3  350.6  322.2
  617.8   4177    6.1    5.8     98   9.44    314    5.1  320.5  350.9  322.3
  617.1   4186    6.1    5.7     97   9.38    315    5.2  320.5  350.8  322.3
  616.5   4195    6.0    5.6     97   9.28    315    5.2  320.6  350.5  322.3
  615.6   4206    6.0    5.4     96   9.18    315    5.3  320.6  350.2  322.4
  614.7   4218    5.9    5.1     95   9.04    315    5.4  320.7  349.8  322.4
  613.9   4229    5.8    5.1     95   9.03    316    5.4  320.7  349.8  322.4
  613.1   4240    5.7    5.1     96   9.02    316    5.5  320.7  349.8  322.4
  612.3   4250    5.7    5.0     96   8.99    316    5.5  320.8  349.8  322.5
  611.6   4260    5.6    5.0     96   9.02    316    5.5  320.8  349.9  322.5
  610.8   4270    5.5    5.2     97   9.11    316    5.4  320.8  350.2  322.6
  610.1   4280    5.5    5.1     98   9.09    316    5.4  320.9  350.2  322.6
  609.4   4290    5.4    5.1     98   9.10    315    5.3  320.9  350.3  322.7
  608.7   4299    5.4    5.2     99   9.16    315    5.3  321.0  350.5  322.7
  608.0   4309    5.3    5.3    100   9.25    314    5.2  321.0  350.9  322.8
  607.1   4321    5.3    5.2    100   9.21    313    5.1  321.1  350.8  322.9
  606.2   4333    5.2    5.0     98   9.07    313    5.1  321.2  350.5  322.9
  605.5   4342    5.3    4.7     97   8.92    312    5.0  321.3  350.2  323.0
  604.7   4353    5.3    4.5     95   8.81    311    5.0  321.5  350.0  323.2
  604.0   4363    5.3    4.4     94   8.73    311    5.0  321.6  349.9  323.3
  603.2   4373    5.3    4.3     94   8.70    311    5.0  321.7  349.9  323.4
  602.5   4383    5.2    4.3     94   8.68    311    5.1  321.7  349.9  323.4
  601.7   4393    5.1    4.2     94   8.62    311    5.1  321.7  349.7  323.4
  600.9   4404    5.1    3.9     92   8.45    311    5.2  321.9  349.3  323.5
  600.1   4416    5.1    3.9     92   8.50    311    5.2  321.9  349.5  323.6
  599.2   4427    5.0    3.8     92   8.41    312    5.2  322.0  349.3  323.6
  598.4   4439    5.0    3.5     90   8.24    312    5.3  322.0  348.8  323.6
  597.5   4451    5.0    3.1     88   8.04    313    5.3  322.2  348.4  323.8
  596.8   4461    4.9    3.1     88   8.04    313    5.2  322.3  348.5  323.8
  596.2   4469    4.9    3.1     88   8.04    313    5.2  322.3  348.5  323.8
  595.5   4479    4.8    3.0     89   8.04    314    5.1  322.3  348.5  323.8
  594.7   4490    4.7    3.0     89   8.04    314    4.9  322.3  348.5  323.9
  593.9   4500    4.6    2.8     88   7.91    315    4.7  322.3  348.1  323.9
  593.2   4510    4.6    2.4     86   7.68    315    4.6  322.4  347.5  323.9
  592.5   4520    4.6    2.4     86   7.73    316    4.4  322.5  347.7  324.0
  591.7   4531    4.5    2.9     89   8.02    316    4.2  322.6  348.7  324.1
  590.9   4542    4.4    3.4     93   8.33    317    4.0  322.6  349.7  324.2
  590.1   4553    4.4    3.4     93   8.31    318    3.8  322.7  349.8  324.3
  589.4   4563    4.3    3.1     92   8.18    319    3.7  322.7  349.4  324.3
  588.6   4573    4.3    3.1     92   8.17    321    3.6  322.8  349.4  324.3
  587.9   4583    4.2    3.1     92   8.15    322    3.6  322.8  349.4  324.4
  587.2   4593    4.1    3.0     93   8.13    324    3.6  322.8  349.3  324.4
  586.5   4603    4.0    2.9     92   8.07    325    3.7  322.8  349.2  324.4
  585.8   4613    3.9    2.8     92   8.02    326    3.8  322.8  349.0  324.4
  585.0   4623    3.9    2.8     93   8.05    328    3.9  322.9  349.1  324.4
  584.4   4632    3.8    2.8     93   8.03    329    4.1  322.9  349.1  324.4
  583.7   4642    3.7    2.7     93   8.02    330    4.2  322.9  349.1  324.4
  583.0   4652    3.7    2.2     90   7.72    331    4.4  322.9  348.2  324.4
  582.2   4662    3.6    1.8     88   7.52    332    4.6  323.0  347.6  324.5
  581.5   4672    3.6    1.7     88   7.49    333    4.8  323.1  347.6  324.6
  580.8   4683    3.5    1.8     88   7.54    334    5.0  323.1  347.8  324.6
  580.1   4692    3.5    1.8     89   7.54    335    5.1  323.2  347.9  324.7
  579.5   4700    3.5    1.5     87   7.40    335    5.2  323.4  347.6  324.8
  578.9   4709    3.5    1.4     86   7.32    336    5.3  323.4  347.5  324.9
  578.2   4718    3.4    1.4     86   7.33    337    5.4  323.4  347.5  324.9
  577.5   4728    3.4    1.6     88   7.49    337    5.4  323.6  348.1  325.0
  576.8   4738    3.4    1.7     88   7.55    338    5.4  323.7  348.4  325.1
  576.2   4747    3.4    1.8     89   7.58    338    5.3  323.7  348.5  325.2
  575.6   4755    3.3    1.9     90   7.64    338    5.3  323.7  348.8  325.2
  575.1   4762    3.2    1.9     91   7.65    339    5.2  323.7  348.8  325.2
  574.5   4771    3.3    1.9     91   7.67    339    5.1  323.9  349.0  325.4
  573.9   4779    3.3    1.9     91   7.66    340    5.0  323.9  349.1  325.4
  573.3   4788    3.2    1.8     90   7.64    340    4.9  324.0  349.1  325.5
  572.7   4797    3.2    1.8     91   7.63    340    4.8  324.0  349.1  325.5
  571.9   4807    3.1    1.8     91   7.65    340    4.8  324.0  349.2  325.5
  571.2   4818    3.0    1.7     91   7.63    340    4.7  324.1  349.1  325.5
  570.5   4828    2.9    1.7     91   7.60    340    4.6  324.1  349.1  325.6
  569.7   4839    2.9    1.6     92   7.59    340    4.6  324.1  349.1  325.6
  569.1   4848    2.8    1.6     92   7.57    340    4.6  324.2  349.1  325.7
  568.4   4858    2.7    1.6     92   7.61    340    4.5  324.2  349.2  325.7
  567.7   4868    2.7    1.6     93   7.61    340    4.6  324.3  349.3  325.7
  566.9   4879    2.6    1.5     93   7.58    340    4.6  324.3  349.3  325.8
  566.2   4890    2.5    1.5     93   7.58    340    4.6  324.3  349.2  325.8
  565.5   4900    2.5    1.5     93   7.57    339    4.6  324.3  349.3  325.8
  564.8   4910    2.4    1.4     93   7.54    339    4.6  324.4  349.2  325.8
  564.1   4920    2.3    1.4     94   7.57    340    4.6  324.4  349.3  325.9
  563.4   4929    2.2    1.5     95   7.58    340    4.6  324.4  349.4  325.9
  562.8   4938    2.2    1.3     94   7.52    340    4.6  324.5  349.2  325.9
  562.1   4948    2.1    1.2     94   7.47    341    4.6  324.5  349.1  326.0
  561.3   4959    2.0    1.2     94   7.47    341    4.5  324.6  349.2  326.0
  560.5   4970    1.9    1.2     95   7.47    342    4.4  324.6  349.2  326.0
  559.8   4981    1.8    1.2     95   7.47    343    4.3  324.6  349.2  326.0
  559.1   4991    1.8    1.1     96   7.46    344    4.2  324.6  349.1  326.0
  558.4   5002    1.7    1.1     96   7.46    345    4.1  324.6  349.2  326.0
  557.7   5012    1.6    1.0     96   7.40    345    4.0  324.6  349.0  326.1
  557.0   5022    1.6    0.9     95   7.36    346    3.9  324.7  349.0  326.2
  556.2   5033    1.5    0.9     96   7.38    347    3.8  324.7  349.1  326.2
  555.5   5043    1.4    0.8     96   7.34    347    3.7  324.8  349.0  326.2
  554.8   5054    1.3    0.8     96   7.33    348    3.7  324.8  348.9  326.2
  553.9   5066    1.2    0.7     97   7.32    348    3.7  324.8  349.0  326.3
  553.2   5077    1.2    0.7     96   7.29    348    3.7  324.9  348.9  326.3
  552.4   5088    1.1    0.6     97   7.27    349    3.7  324.9  348.9  326.3
  551.6   5100    1.0    0.6     97   7.28    349    3.8  324.9  349.0  326.4
  550.8   5112    0.9    0.6     98   7.31    350    3.9  325.0  349.2  326.4
  550.0   5124    0.9    0.6     98   7.30    350    4.1  325.0  349.1  326.5
  549.1   5136    0.8    0.5     98   7.26    351    4.2  325.1  349.1  326.5
  548.3   5148    0.7    0.5     98   7.26    351    4.4  325.1  349.1  326.6
  547.5   5160    0.6    0.5     99   7.28    352    4.5  325.2  349.2  326.6
  546.8   5171    0.5    0.5    100   7.28    352    4.7  325.2  349.2  326.6
  546.1   5181    0.5    0.4    100   7.27    352    4.8  325.2  349.2  326.6
  545.3   5192    0.4    0.4    100   7.24    353    4.9  325.3  349.2  326.7
  544.6   5203    0.3    0.3    100   7.20    353    5.0  325.3  349.0  326.7
  543.8   5215    0.2    0.2    100   7.17    353    5.1  325.3  349.0  326.7
  543.0   5227    0.1    0.1    100   7.14    352    5.2  325.4  349.0  326.8
  542.2   5239    0.1    0.1    100   7.13    352    5.3  325.4  349.1  326.8
  541.4   5250    0.0    0.0    100   7.12    352    5.3  325.5  349.1  326.9
  540.6   5262   -0.0   -0.0    100   7.10    351    5.3  325.6  349.1  327.0
  539.8   5274   -0.1   -0.1    100   7.08    351    5.4  325.7  349.1  327.0
  539.1   5284   -0.1   -0.1    100   7.06    351    5.4  325.7  349.1  327.1
  538.4   5295   -0.2   -0.2    100   7.04    351    5.4  325.8  349.1  327.2
  537.7   5306   -0.2   -0.2    100   7.02    351    5.5  325.8  349.1  327.2
  536.8   5318   -0.3   -0.3    100   7.01    352    5.6  325.9  349.2  327.3
  536.2   5328   -0.3   -0.3    100   7.00    353    5.6  326.0  349.2  327.4
  535.6   5337   -0.4   -0.4    100   6.98    354    5.7  326.0  349.2  327.4
  534.9   5348   -0.4   -0.4    100   6.95    355    5.8  326.1  349.2  327.4
  534.1   5360   -0.5   -0.5    100   6.93    357    6.0  326.1  349.2  327.5
  533.3   5372   -0.6   -0.6    100   6.90    358    6.1  326.2  349.1  327.5
  532.5   5383   -0.7   -0.7    100   6.87    360    6.2  326.2  349.1  327.6
  531.8   5394   -0.7   -0.7    100   6.86      2    6.3  326.3  349.1  327.6
  531.0   5406   -0.8   -0.8    100   6.84      4    6.4  326.4  349.1  327.7
  530.2   5418   -0.8   -0.8    100   6.82      6    6.5  326.4  349.2  327.8
  529.5   5429   -0.9   -0.9    100   6.80      8    6.6  326.5  349.1  327.8
  528.7   5440   -1.0   -1.0    100   6.78     10    6.7  326.6  349.1  327.9
  527.9   5452   -1.0   -1.0    100   6.76     12    6.7  326.6  349.1  328.0
  527.2   5464   -1.1   -1.1    100   6.75     13    6.7  326.7  349.2  328.0
  526.4   5475   -1.1   -1.1    100   6.73     15    6.8  326.8  349.2  328.1
  525.7   5487   -1.2   -1.2    100   6.71     17    6.8  326.8  349.2  328.2
  525.0   5497   -1.2   -1.2    100   6.70     19    6.8  326.9  349.2  328.2
  524.2   5508   -1.3   -1.3    100   6.69     20    6.8  327.0  349.3  328.3
  523.5   5520   -1.3   -1.3    100   6.68     22    6.8  327.1  349.4  328.4
  522.7   5532   -1.3   -1.3    100   6.67     24    6.8  327.2  349.4  328.5
  521.9   5544   -1.4   -1.4    100   6.65     25    6.8  327.2  349.4  328.5
  521.1   5556   -1.5   -1.5    100   6.63     27    6.8  327.3  349.5  328.6
  520.4   5568   -1.5   -1.5    100   6.61     29    6.7  327.4  349.4  328.7
  519.6   5579   -1.6   -1.6    100   6.59     30    6.7  327.4  349.5  328.7
  518.8   5591   -1.6   -1.6    100   6.58     32    6.7  327.5  349.6  328.8
  518.1   5603   -1.7   -1.7    100   6.57     33    6.7  327.6  349.6  328.9
  517.3   5614   -1.7   -1.7    100   6.56     35    6.7  327.7  349.7  329.0
  516.5   5627   -1.8   -1.8    100   6.53     36    6.8  327.8  349.6  329.1
  515.7   5639   -1.8   -1.8    100   6.52     37    6.8  327.8  349.7  329.1
  515.1   5649   -1.9   -1.9    100   6.51     37    6.8  327.9  349.7  329.2
  514.5   5659   -1.9   -1.9    100   6.49     38    6.8  327.9  349.7  329.2
  513.7   5671   -2.0   -2.0    100   6.46     38    6.8  328.0  349.7  329.3
  512.8   5684   -2.0   -2.0    100   6.46     38    6.8  328.1  349.8  329.4
  512.0   5696   -2.0   -2.0    100   6.48     37    6.9  328.3  350.1  329.6
  511.3   5707   -2.0   -2.0    100   6.48     37    6.9  328.4  350.1  329.7
  510.6   5718   -2.1   -2.1    100   6.46     36    6.9  328.5  350.2  329.7
  509.9   5729   -2.2   -2.2    100   6.42     35    7.0  328.5  350.0  329.7
  509.2   5740   -2.2   -2.2    100   6.41     34    7.0  328.6  350.1  329.8
  508.5   5752   -2.3   -2.3    100   6.38     33    7.0  328.6  350.0  329.8
  507.8   5763   -2.5   -2.5    100   6.31     32    7.1  328.5  349.7  329.8
  507.0   5775   -2.6   -2.8     98   6.15     31    7.1  328.5  349.2  329.7
  506.2   5787   -2.7   -2.9     98   6.11     30    7.1  328.5  349.1  329.8
  505.5   5799   -2.8   -3.2     97   5.99     29    7.1  328.6  348.8  329.8
  504.7   5812   -2.9   -3.5     95   5.86     29    7.1  328.6  348.4  329.8
  503.9   5824   -2.9   -3.6     95   5.83     28    7.1  328.7  348.4  329.9
  503.2   5835   -2.9   -3.6     95   5.84     27    7.0  328.8  348.6  330.0
  502.5   5846   -3.0   -3.9     93   5.72     27    6.9  328.9  348.2  330.0
  501.8   5856   -3.0   -4.0     93   5.67     26    6.8  328.9  348.1  330.1
  501.2   5866   -3.1   -4.2     92   5.63     26    6.7  329.0  348.0  330.1
  500.6   5876   -3.2   -4.2     92   5.60     25    6.5  329.0  348.0  330.1
  500.0   5885   -3.2   -4.2     93   5.60     25    6.5  329.0  348.0  330.2
  499.3   5897   -3.3   -4.1     94   5.66     25    6.1  329.0  348.2  330.2
  498.5   5909   -3.4   -3.9     97   5.79     25    5.9  329.1  348.7  330.2
  497.7   5922   -3.4   -4.0     96   5.75     24    5.6  329.3  348.7  330.4
  496.9   5935   -3.1   -4.3     92   5.64     24    5.3  329.7  348.9  330.9
  496.1   5947   -2.9   -4.1     91   5.72     23    5.0  330.2  349.6  331.4
  495.4   5959   -2.8   -4.0     91   5.74     23    4.6  330.4  349.9  331.6
  494.5   5973   -2.9   -4.0     92   5.76     22    4.3  330.5  350.0  331.6
  493.5   5989   -3.1   -3.9     94   5.84     22    3.8  330.5  350.3  331.6
  492.6   6004   -3.2   -3.8     95   5.89     21    3.4  330.5  350.5  331.7
  491.8   6016   -3.2   -4.0     95   5.83     20    2.9  330.6  350.4  331.8
  491.2   6025   -3.3   -4.0     94   5.79     20    2.5  330.7  350.4  331.8
  490.6   6036   -3.2   -3.8     95   5.91     19    2.0  330.9  351.0  332.1
  489.8   6048   -3.2   -3.7     96   5.95     20    1.5  331.0  351.2  332.2
  489.0   6061   -3.4   -3.8     97   5.93     22    1.0  331.0  351.1  332.2
  488.3   6073   -3.5   -3.9     97   5.89     32    0.5  331.0  351.0  332.2
  487.6   6085   -3.6   -4.0     97   5.85     95    0.2  331.0  350.9  332.2
  486.8   6097   -3.6   -4.1     97   5.84    165    0.5  331.1  351.0  332.3
  486.1   6109   -3.7   -4.1     97   5.82    175    0.8  331.1  350.9  332.3
  485.3   6121   -3.8   -4.1     97   5.84    179    1.2  331.2  351.1  332.4
  484.5   6134   -3.8   -4.2     97   5.83    181    1.4  331.3  351.2  332.5
  483.8   6147   -3.8   -4.3     97   5.79    182    1.7  331.4  351.1  332.6
  483.0   6160   -3.7   -4.3     95   5.76    184    1.8  331.7  351.4  332.9
  482.2   6172   -3.8   -4.4     96   5.77    186    1.9  331.7  351.4  332.9
  481.5   6185   -3.8   -4.4     95   5.75    188    2.0  331.9  351.6  333.1
  480.8   6196   -3.8   -4.6     94   5.68    191    2.0  332.0  351.4  333.1
  480.0   6208   -3.9   -4.7     94   5.63    194    2.1  332.1  351.4  333.2
  479.3   6221   -3.9   -4.9     93   5.57    197    2.1  332.2  351.3  333.3
  478.6   6232   -3.9   -5.0     92   5.52    200    2.1  332.3  351.3  333.4
  477.9   6243   -4.0   -5.1     92   5.49    203    2.2  332.4  351.2  333.5
  477.3   6254   -4.0   -5.1     92   5.51    205    2.3  332.4  351.3  333.6
  476.5   6267   -4.0   -5.2     92   5.49    206    2.4  332.6  351.4  333.7
  475.8   6278   -4.0   -5.3     91   5.42    207    2.5  332.7  351.4  333.8
  475.1   6290   -4.1   -5.4     90   5.40    208    2.7  332.8  351.4  333.9
  474.5   6300   -4.1   -5.4     90   5.39    208    2.9  332.9  351.5  334.0
  473.8   6311   -4.2   -5.5     90   5.38    207    3.1  333.0  351.5  334.1
  473.1   6323   -4.2   -5.5     91   5.37    207    3.3  333.1  351.5  334.1
  472.4   6335   -4.3   -5.6     90   5.34    207    3.5  333.1  351.5  334.2
  471.7   6346   -4.3   -5.7     90   5.31    207    3.8  333.2  351.5  334.3
  471.0   6358   -4.3   -5.8     89   5.28    207    4.0  333.3  351.5  334.4
  470.3   6370   -4.4   -5.9     89   5.25    208    4.2  333.4  351.6  334.5
  469.6   6382   -4.4   -6.0     89   5.22    209    4.4  333.5  351.5  334.6
  468.9   6394   -4.5   -6.1     88   5.18    210    4.5  333.6  351.5  334.6
  468.1   6406   -4.6   -6.2     88   5.15    211    4.7  333.6  351.4  334.7
  467.4   6418   -4.6   -6.3     87   5.11    212    4.8  333.7  351.4  334.8
  466.8   6430   -4.6   -6.5     87   5.07    214    4.9  333.9  351.4  334.9
  466.1   6440   -4.6   -6.5     87   5.06    215    4.9  334.0  351.5  335.0
  465.5   6451   -4.7   -6.6     87   5.05    217    5.0  334.0  351.5  335.0
  464.8   6462   -4.7   -6.6     87   5.04    218    5.0  334.1  351.5  335.1
  464.2   6474   -4.8   -6.7     86   5.00    219    5.0  334.1  351.5  335.2
  463.5   6485   -4.9   -6.8     86   4.97    220    5.0  334.2  351.4  335.2
  462.8   6496   -4.9   -6.9     86   4.95    221    4.9  334.3  351.5  335.3
  462.1   6508   -5.0   -6.9     86   4.94    222    4.9  334.3  351.4  335.3
  461.4   6520   -5.1   -7.0     86   4.93    222    4.8  334.4  351.5  335.4
  460.7   6533   -5.1   -7.1     86   4.91    223    4.7  334.4  351.5  335.4
  460.0   6544   -5.2   -7.1     86   4.89    223    4.7  334.5  351.5  335.5
  459.4   6556   -5.3   -7.1     87   4.89    224    4.6  334.5  351.5  335.5
  458.7   6567   -5.4   -7.2     87   4.88    224    4.5  334.5  351.5  335.5
  458.0   6579   -5.5   -7.2     88   4.88    224    4.5  334.6  351.5  335.6
  457.3   6591   -5.5   -7.3     88   4.87    224    4.4  334.6  351.6  335.6
  456.6   6602   -5.6   -7.3     88   4.86    225    4.4  334.7  351.6  335.7
  456.0   6614   -5.7   -7.3     88   4.85    225    4.3  334.7  351.6  335.7
  455.3   6626   -5.8   -7.4     89   4.85    225    4.3  334.7  351.6  335.7
  454.6   6638   -5.9   -7.4     89   4.85    225    4.3  334.8  351.7  335.8
  453.9   6649   -5.9   -7.4     89   4.84    225    4.2  334.8  351.7  335.8
  453.2   6661   -6.0   -7.5     90   4.84    224    4.2  334.9  351.7  335.9
  452.5   6673   -6.1   -7.5     90   4.83    224    4.2  334.9  351.7  335.9
  451.8   6685   -6.2   -7.6     90   4.79    223    4.1  335.0  351.7  336.0
  451.2   6697   -6.3   -7.8     89   4.75    222    4.1  335.0  351.6  336.0
  450.5   6708   -6.3   -7.9     89   4.72    221    4.1  335.1  351.6  336.1
  449.9   6719   -6.4   -7.9     89   4.71    220    4.0  335.2  351.6  336.1
  449.3   6730   -6.4   -7.9     89   4.70    219    3.9  335.2  351.6  336.1
  448.6   6741   -6.5   -8.0     89   4.68    218    3.8  335.3  351.6  336.2
  448.0   6753   -6.6   -8.1     89   4.66    217    3.8  335.3  351.6  336.3
  447.3   6764   -6.7   -8.1     89   4.65    216    3.7  335.4  351.6  336.3
  446.7   6776   -6.8   -8.2     90   4.64    215    3.6  335.4  351.6  336.3
  446.0   6787   -6.8   -8.3     90   4.62    215    3.5  335.4  351.6  336.4
  445.3   6799   -6.9   -8.3     90   4.61    214    3.4  335.4  351.5  336.4
  444.6   6811   -7.0   -8.4     90   4.59    214    3.4  335.5  351.5  336.4
  444.0   6823   -7.0   -8.5     90   4.56    213    3.3  335.6  351.5  336.5
  443.3   6834   -7.1   -8.5     90   4.56    213    3.3  335.6  351.6  336.5
  442.6   6847   -7.2   -8.5     91   4.57    213    3.3  335.6  351.6  336.6
  441.9   6859   -7.3   -8.6     91   4.54    214    3.3  335.7  351.6  336.6
  441.2   6872   -7.4   -8.6     91   4.53    214    3.3  335.7  351.6  336.6
  440.4   6885   -7.5   -8.7     91   4.53    214    3.4  335.8  351.6  336.7
  439.7   6898   -7.6   -8.8     92   4.51    214    3.4  335.8  351.6  336.7
  439.1   6909   -7.7   -8.8     91   4.48    214    3.4  335.8  351.5  336.8
  438.4   6920   -7.7   -8.9     91   4.46    214    3.5  335.9  351.6  336.9
  437.8   6932   -7.8   -9.0     91   4.44    214    3.5  336.0  351.6  336.9
  437.2   6943   -7.8   -9.1     91   4.42    213    3.6  336.1  351.6  337.0
  436.5   6954   -7.9   -9.1     91   4.41    213    3.6  336.2  351.7  337.1
  435.9   6966   -7.9   -9.1     91   4.41    212    3.6  336.2  351.7  337.1
  435.3   6977   -8.0   -9.2     91   4.38    211    3.6  336.3  351.6  337.2
  434.6   6989   -8.0   -9.3     90   4.35    210    3.7  336.4  351.7  337.3
  433.9   7001   -8.1   -9.4     91   4.35    209    3.7  336.4  351.7  337.3
  433.3   7013   -8.2   -9.4     91   4.34    208    3.7  336.5  351.8  337.4
  432.7   7023   -8.2   -9.5     91   4.32    207    3.7  336.6  351.8  337.5
  432.0   7035   -8.3   -9.5     91   4.32    207    3.8  336.6  351.9  337.5
  431.4   7047   -8.3   -9.6     91   4.29    206    3.8  336.7  351.8  337.6
  430.7   7059   -8.4   -9.7     90   4.26    206    3.9  336.8  351.8  337.7
  430.1   7070   -8.4   -9.7     90   4.26    207    3.9  336.9  351.9  337.7
  429.5   7080   -8.6   -9.7     91   4.28    207    4.0  336.8  351.9  337.7
  428.9   7092   -8.7   -9.8     92   4.26    208    4.0  336.9  351.9  337.7
  428.2   7104   -8.8   -9.8     92   4.25    210    4.1  336.9  351.9  337.8
  427.5   7117   -8.9   -9.8     93   4.26    211    4.1  336.9  351.9  337.8
  426.8   7130   -9.0  -10.0     92   4.21    213    4.2  337.0  351.8  337.8
  426.1   7142   -9.0  -10.2     91   4.16    215    4.2  337.0  351.7  337.9
  425.4   7154   -9.1  -10.2     92   4.16    217    4.2  337.1  351.8  337.9
  424.8   7166   -9.2  -10.2     93   4.17    219    4.3  337.1  351.8  337.9
  424.2   7176   -9.3  -10.2     93   4.18    221    4.3  337.1  351.8  338.0
  423.6   7187   -9.4  -10.1     94   4.19    223    4.3  337.1  351.9  338.0
  423.0   7199   -9.5  -10.1     96   4.22    225    4.3  337.1  352.0  338.0
  422.4   7209   -9.6  -10.1     96   4.21    226    4.3  337.1  352.0  338.0
  421.9   7220   -9.7  -10.1     96   4.21    228    4.4  337.1  352.0  338.0
  421.2   7231   -9.7  -10.2     96   4.18    229    4.4  337.2  352.0  338.1
  420.6   7243   -9.7  -10.4     95   4.14    230    4.4  337.4  352.0  338.2
  419.9   7255   -9.8  -10.5     95   4.12    230    4.4  337.4  352.0  338.3
  419.2   7268   -9.9  -10.5     95   4.12    231    4.5  337.5  352.1  338.3
  418.6   7280   -9.9  -10.6     95   4.08    230    4.5  337.6  352.0  338.4
  418.1   7289   -9.9  -10.9     93   4.00    230    4.5  337.7  351.9  338.5
  417.6   7298   -9.9  -10.9     92   3.99    229    4.5  337.8  351.9  338.6
  417.0   7310  -10.0  -11.0     93   3.99    228    4.6  337.9  352.0  338.7
  416.3   7322  -10.1  -11.1     92   3.96    227    4.6  337.9  352.0  338.7
  415.7   7334  -10.1  -11.1     93   3.95    226    4.6  338.0  352.0  338.8
  415.0   7346  -10.2  -11.2     92   3.94    224    4.7  338.1  352.1  338.9
  414.4   7358  -10.3  -11.2     93   3.93    223    4.7  338.1  352.1  338.9
  413.9   7368  -10.3  -11.3     93   3.92    221    4.7  338.1  352.1  338.9
  413.3   7378  -10.4  -11.2     94   3.94    220    4.8  338.2  352.2  339.0
  412.7   7388  -10.5  -11.2     94   3.94    218    4.8  338.2  352.2  339.0
  412.1   7400  -10.6  -11.3     95   3.94    217    4.8  338.2  352.2  339.0
  411.4   7413  -10.7  -11.4     95   3.90    215    4.8  338.3  352.1  339.1
  410.7   7426  -10.7  -11.6     93   3.85    214    4.8  338.4  352.1  339.2
  410.2   7437  -10.8  -11.7     93   3.82    212    4.9  338.5  352.1  339.2
  409.6   7447  -10.8  -11.8     92   3.79    211    4.9  338.6  352.1  339.3
  409.0   7458  -10.8  -11.9     92   3.77    210    4.9  338.7  352.1  339.4
  408.4   7471  -10.8  -12.0     91   3.75    209    4.8  338.8  352.2  339.5
  407.8   7481  -10.9  -12.1     90   3.71    208    4.8  338.9  352.1  339.7
  407.3   7491  -10.9  -12.2     90   3.69    208    4.8  339.0  352.2  339.7
  406.7   7503  -11.0  -12.3     90   3.68    207    4.7  339.0  352.2  339.8
  405.9   7518  -11.0  -12.4     90   3.66    208    4.7  339.1  352.2  339.9
  405.1   7532  -11.1  -12.5     89   3.61    208    4.6  339.3  352.2  340.0
  404.5   7544  -11.1  -12.7     88   3.58    209    4.6  339.4  352.2  340.1
  403.9   7554  -11.1  -12.7     88   3.57    210    4.5  339.5  352.3  340.2
  403.4   7564  -11.2  -12.8     88   3.56    211    4.5  339.6  352.3  340.3
  402.8   7576  -11.2  -12.8     88   3.57    213    4.4  339.7  352.5  340.4
  402.1   7589  -11.2  -12.8     88   3.56    214    4.4  339.8  352.6  340.5
  401.5   7601  -11.3  -12.9     87   3.53    215    4.4  339.9  352.6  340.6
  400.9   7612  -11.3  -13.0     87   3.51    217    4.4  340.0  352.6  340.7
  400.3   7624  -11.4  -13.1     88   3.51    217    4.4  340.0  352.6  340.7
  400.0   7630  -11.4  -13.1     87   3.50    217    4.4  340.0  352.6  340.8
  399.7   7635  -11.5  -13.1     87   3.49    218    4.4  340.1  352.6  340.8
  399.2   7646  -11.5  -13.2     88   3.49    218    4.4  340.1  352.7  340.8
  398.5   7658  -11.6  -13.2     88   3.49    218    4.4  340.2  352.7  340.9
  397.9   7670  -11.7  -13.3     88   3.47    218    4.4  340.2  352.7  341.0
  397.3   7682  -11.7  -13.3     88   3.46    217    4.4  340.3  352.8  341.0
  396.7   7694  -11.8  -13.3     88   3.46    217    4.4  340.4  352.8  341.1
  396.1   7705  -11.9  -13.4     89   3.46    216    4.3  340.4  352.9  341.1
  395.5   7716  -12.0  -13.4     89   3.45    216    4.3  340.4  352.9  341.2
  395.0   7726  -12.0  -13.5     89   3.44    216    4.3  340.5  352.9  341.2
  394.4   7737  -12.1  -13.5     89   3.43    217    4.3  340.5  352.9  341.2
  393.8   7750  -12.2  -13.5     90   3.43    218    4.3  340.5  352.9  341.3
  393.1   7763  -12.3  -13.6     90   3.42    220    4.2  340.6  353.0  341.3
  392.4   7777  -12.4  -13.6     90   3.41    223    4.2  340.7  353.0  341.4
  391.8   7788  -12.4  -13.8     90   3.39    226    4.2  340.8  353.0  341.5
  391.3   7798  -12.5  -13.8     90   3.37    229    4.2  340.8  353.0  341.5
  390.8   7809  -12.6  -13.9     90   3.37    232    4.2  340.8  353.0  341.5
  390.2   7820  -12.6  -14.0     90   3.34    235    4.3  340.9  353.0  341.6
  389.6   7832  -12.7  -14.0     89   3.32    239    4.3  341.0  353.0  341.7
  388.9   7845  -12.7  -14.1     89   3.30    241    4.3  341.1  353.1  341.8
  388.4   7856  -12.8  -14.3     89   3.27    244    4.3  341.1  353.0  341.8
  387.9   7865  -12.9  -14.3     89   3.27    246    4.3  341.2  353.0  341.8
  387.4   7875  -12.9  -14.3     90   3.28    247    4.3  341.2  353.0  341.9
  386.9   7885  -13.0  -14.3     90   3.27    248    4.3  341.2  353.0  341.9
  386.3   7896  -13.1  -14.4     90   3.26    249    4.2  341.2  353.0  341.9
  385.8   7907  -13.2  -14.4     91   3.26    249    4.1  341.2  353.0  341.9
  385.2   7918  -13.3  -14.4     92   3.26    249    4.0  341.2  353.0  341.9
  384.6   7929  -13.4  -14.5     92   3.26    249    3.9  341.3  353.1  341.9
  384.1   7941  -13.5  -14.5     92   3.24    248    3.7  341.3  353.0  341.9
  383.4   7953  -13.6  -14.6     92   3.24    248    3.5  341.3  353.1  342.0
  382.9   7964  -13.7  -14.7     92   3.21    248    3.3  341.4  353.0  342.0
  382.3   7975  -13.7  -14.8     92   3.19    248    3.2  341.4  353.0  342.1
  381.7   7987  -13.8  -14.9     92   3.17    249    3.0  341.5  353.0  342.2
  381.1   8000  -13.8  -15.0     91   3.14    251    2.8  341.6  353.0  342.2
  380.5   8012  -13.9  -15.1     91   3.12    253    2.6  341.6  353.0  342.3
  379.8   8025  -14.0  -15.2     91   3.10    256    2.5  341.7  353.0  342.4
  379.2   8037  -14.1  -15.3     91   3.08    261    2.4  341.8  353.0  342.4
  378.5   8051  -14.2  -15.4     91   3.07    266    2.3  341.8  353.0  342.5
  377.8   8065  -14.2  -15.5     90   3.03    272    2.3  341.9  353.0  342.5
  377.1   8079  -14.3  -15.6     90   3.01    278    2.3  342.0  353.0  342.6
  376.5   8093  -14.4  -15.8     89   2.99    283    2.3  342.1  353.0  342.7
  375.8   8106  -14.5  -15.8     89   2.97    288    2.4  342.1  353.0  342.8
  375.1   8120  -14.5  -16.0     89   2.94    292    2.4  342.2  353.0  342.9
  374.4   8134  -14.6  -16.2     88   2.90    295    2.4  342.4  353.0  343.0
  373.8   8146  -14.6  -16.2     88   2.89    298    2.4  342.5  353.0  343.1
  373.2   8159  -14.7  -16.3     88   2.89    300    2.4  342.5  353.1  343.1
  372.6   8171  -14.7  -16.3     88   2.88    302    2.3  342.6  353.2  343.2
  372.1   8181  -14.8  -16.4     87   2.87    302    2.2  342.7  353.3  343.3
  371.5   8192  -14.8  -16.4     88   2.87    302    2.0  342.8  353.4  343.4
  370.9   8205  -14.9  -16.4     88   2.87    301    1.9  342.9  353.4  343.5
  370.2   8219  -15.0  -16.5     89   2.86    298    1.7  342.9  353.4  343.5
  369.6   8231  -15.1  -16.6     89   2.85    294    1.5  342.9  353.4  343.5
  369.1   8241  -15.2  -16.6     89   2.84    288    1.3  342.9  353.4  343.5
  368.7   8251  -15.3  -16.6     90   2.85    280    1.1  342.9  353.4  343.5
  368.1   8263  -15.3  -16.6     90   2.85    269    1.0  343.0  353.4  343.6
  367.4   8277  -15.4  -16.6     91   2.86    258    1.0  343.1  353.6  343.7
  366.8   8289  -15.5  -16.6     91   2.85    249    1.1  343.2  353.7  343.8
  366.3   8299  -15.5  -16.7     91   2.84    242    1.1  343.2  353.7  343.8
  365.8   8311  -15.6  -16.7     91   2.83    237    1.2  343.3  353.7  343.9
  365.1   8324  -15.6  -16.9     90   2.81    234    1.3  343.4  353.7  344.0
  364.5   8337  -15.7  -17.0     90   2.78    233    1.3  343.5  353.7  344.0
  363.9   8349  -15.8  -17.0     90   2.78    233    1.4  343.6  353.8  344.1
  363.4   8360  -15.8  -17.1     90   2.76    234    1.4  343.6  353.8  344.2
  362.9   8371  -15.9  -17.2     90   2.76    236    1.4  343.6  353.8  344.2
  362.3   8382  -16.0  -17.2     90   2.75    237    1.4  343.7  353.8  344.3
  361.7   8394  -16.1  -17.3     90   2.73    239    1.4  343.8  353.8  344.3
  361.1   8408  -16.1  -17.5     89   2.70    241    1.3  343.8  353.8  344.4
  360.5   8420  -16.2  -17.7     88   2.65    243    1.2  343.9  353.7  344.5
  360.0   8431  -16.2  -17.8     88   2.64    245    1.1  344.0  353.8  344.6
  359.4   8444  -16.3  -17.8     88   2.64    247    1.0  344.1  353.9  344.6
  358.8   8456  -16.3  -17.9     88   2.61    248    0.9  344.2  353.8  344.7
  358.3   8467  -16.4  -18.1     87   2.58    248    0.8  344.3  353.8  344.8
  357.8   8477  -16.4  -18.1     87   2.57    247    0.6  344.3  353.9  344.9
  357.3   8488  -16.5  -18.2     87   2.57    243    0.5  344.4  353.9  345.0
  356.7   8499  -16.5  -18.3     86   2.54    234    0.4  344.5  353.9  345.0
  356.2   8511  -16.6  -18.4     86   2.53    219    0.3  344.5  353.9  345.1
  355.6   8523  -16.7  -18.3     87   2.54    200    0.3  344.6  354.0  345.1
  355.0   8536  -16.8  -18.5     87   2.52    185    0.3  344.7  354.0  345.2
  354.4   8548  -16.8  -18.7     85   2.48    176    0.4  344.8  354.0  345.3
  353.8   8560  -16.8  -18.7     85   2.47    174    0.4  344.9  354.1  345.4
  353.3   8573  -16.9  -18.8     85   2.45    176    0.5  344.9  354.1  345.4
  352.6   8586  -17.0  -19.0     85   2.43    180    0.5  345.0  354.0  345.5
  352.0   8600  -17.1  -19.0     85   2.43    187    0.6  345.1  354.1  345.6
  351.4   8613  -17.2  -19.1     85   2.42    196    0.6  345.1  354.1  345.6
  350.9   8624  -17.2  -19.1     85   2.42    208    0.6  345.2  354.2  345.7
  350.4   8634  -17.3  -19.1     86   2.41    221    0.6  345.2  354.2  345.7
  349.8   8646  -17.4  -19.2     86   2.40    234    0.7  345.3  354.2  345.8
  349.2   8659  -17.5  -19.2     86   2.40    247    0.7  345.3  354.3  345.8
  348.6   8673  -17.6  -19.2     87   2.41    259    0.8  345.4  354.4  345.9
  348.0   8686  -17.6  -19.3     87   2.39    269    0.9  345.5  354.4  346.0
  347.4   8699  -17.7  -19.4     86   2.37    278    1.0  345.5  354.4  346.0
  346.8   8710  -17.8  -19.6     86   2.34    285    1.1  345.6  354.4  346.1
  346.3   8722  -17.8  -19.6     86   2.35    292    1.2  345.6  354.4  346.1
  345.8   8734  -17.9  -19.7     86   2.33    298    1.3  345.7  354.4  346.2
  345.2   8746  -18.0  -19.9     85   2.30    304    1.4  345.8  354.4  346.3
  344.6   8759  -18.1  -20.0     85   2.28    308    1.4  345.9  354.4  346.3
  344.0   8771  -18.1  -20.1     84   2.26    312    1.5  345.9  354.4  346.4
  343.5   8784  -18.2  -20.2     84   2.24    315    1.5  346.0  354.4  346.4
  342.9   8797  -18.3  -20.3     84   2.24    317    1.5  346.0  354.4  346.5
  342.3   8810  -18.4  -20.3     85   2.23    319    1.5  346.1  354.4  346.5
  341.8   8820  -18.4  -20.5     84   2.20    319    1.6  346.1  354.4  346.6
  341.3   8830  -18.5  -20.6     83   2.18    318    1.6  346.2  354.4  346.7
  340.8   8841  -18.6  -20.7     83   2.17    316    1.6  346.3  354.4  346.7
  340.3   8853  -18.6  -20.8     83   2.15    315    1.7  346.3  354.4  346.8
  339.7   8866  -18.7  -20.9     83   2.14    313    1.8  346.4  354.4  346.8
  339.1   8879  -18.8  -21.0     83   2.11    311    1.9  346.4  354.4  346.8
  338.6   8891  -18.9  -21.1     83   2.10    310    2.0  346.4  354.4  346.9
  338.0   8902  -19.0  -21.1     83   2.11    310    2.1  346.5  354.4  346.9
  337.5   8914  -19.1  -21.1     84   2.11    310    2.2  346.5  354.5  347.0
  337.0   8926  -19.2  -21.2     84   2.11    311    2.3  346.6  354.5  347.0
  336.4   8938  -19.2  -21.2     84   2.09    312    2.3  346.6  354.5  347.1
  335.9   8950  -19.3  -21.4     84   2.07    314    2.4  346.6  354.5  347.1
  335.3   8964  -19.4  -21.5     83   2.05    317    2.4  346.7  354.4  347.1
  334.7   8976  -19.5  -21.6     83   2.03    320    2.5  346.7  354.4  347.2
  334.1   8989  -19.6  -21.7     83   2.02    323    2.5  346.8  354.5  347.2
  333.6   9001  -19.7  -21.8     83   2.01    327    2.6  346.9  354.4  347.3
  333.0   9015  -19.8  -21.9     83   2.00    331    2.6  346.9  354.5  347.3
  332.4   9028  -19.9  -21.9     83   1.99    335    2.7  347.0  354.5  347.4
  331.8   9041  -19.9  -22.1     83   1.98    339    2.7  347.0  354.5  347.5
  331.2   9054  -20.0  -22.1     83   1.98    343    2.8  347.1  354.6  347.5
  330.6   9069  -20.1  -22.2     83   1.96    346    2.9  347.2  354.6  347.6
  329.9   9083  -20.2  -22.3     83   1.95    349    2.9  347.3  354.7  347.7
  329.2   9098  -20.3  -22.4     83   1.93    352    3.0  347.4  354.7  347.8
  328.7   9111  -20.3  -22.6     82   1.91    354    3.0  347.4  354.7  347.8
  328.1   9123  -20.4  -22.7     82   1.89    356    3.1  347.5  354.7  347.9
  327.5   9136  -20.5  -22.7     83   1.89    358    3.1  347.5  354.7  347.9
  326.9   9151  -20.6  -22.8     83   1.88    359    3.1  347.6  354.8  348.0
  326.3   9164  -20.7  -22.9     83   1.87      1    3.1  347.7  354.8  348.1
  325.9   9174  -20.7  -22.9     83   1.86      1    3.1  347.7  354.8  348.1
  325.4   9186  -20.8  -22.9     84   1.88      2    3.1  347.7  354.9  348.1
  324.8   9199  -20.9  -22.9     84   1.87      3    3.0  347.8  354.9  348.2
  324.2   9212  -21.0  -23.2     82   1.83      3    3.0  347.9  354.9  348.3
  323.8   9223  -21.0  -23.3     82   1.81      3    3.0  347.9  354.8  348.3
  323.2   9235  -21.1  -23.3     83   1.82      4    3.0  348.0  354.9  348.4
  322.6   9248  -21.2  -23.4     83   1.81      4    3.0  348.1  355.0  348.4
  322.1   9261  -21.3  -23.5     82   1.79      4    3.0  348.1  354.9  348.5
  321.5   9273  -21.4  -23.6     83   1.78      4    3.0  348.1  355.0  348.5
  321.0   9286  -21.5  -23.6     83   1.78      4    3.0  348.2  355.0  348.5
  320.3   9301  -21.6  -23.7     83   1.77      4    2.9  348.3  355.0  348.6
  319.8   9314  -21.7  -23.8     83   1.75      5    2.9  348.3  355.0  348.7
  319.2   9327  -21.7  -23.9     83   1.74      5    2.8  348.4  355.1  348.8
  318.7   9339  -21.8  -24.0     83   1.74      6    2.7  348.4  355.1  348.8
  318.1   9352  -22.0  -24.0     83   1.73      7    2.6  348.4  355.1  348.8
  317.5   9366  -22.0  -24.1     83   1.72      8    2.5  348.5  355.1  348.9
  317.0   9378  -22.1  -24.2     84   1.72     10    2.5  348.5  355.1  348.9
  316.5   9390  -22.2  -24.2     84   1.71     11    2.4  348.6  355.1  348.9
  315.9   9402  -22.3  -24.3     84   1.70     14    2.4  348.7  355.2  349.0
  315.4   9416  -22.4  -24.4     84   1.69     16    2.3  348.7  355.2  349.0
  314.9   9427  -22.5  -24.5     84   1.68     18    2.3  348.7  355.2  349.1
  314.4   9438  -22.6  -24.6     84   1.67     21    2.4  348.7  355.2  349.1
  313.9   9451  -22.7  -24.5     85   1.68     24    2.4  348.7  355.2  349.1
  313.3   9464  -22.8  -24.5     85   1.68     27    2.5  348.8  355.2  349.2
  312.8   9475  -22.9  -24.7     85   1.66     31    2.5  348.8  355.2  349.2
  312.4   9486  -23.0  -24.7     86   1.66     34    2.6  348.8  355.2  349.2
  311.9   9497  -23.0  -24.8     85   1.64     38    2.6  348.9  355.3  349.3
  311.4   9510  -23.1  -25.0     84   1.62     41    2.7  349.0  355.2  349.3
  310.8   9523  -23.2  -25.1     84   1.60     45    2.7  349.1  355.2  349.4
  310.2   9536  -23.3  -25.1     85   1.61     49    2.7  349.1  355.3  349.4
  309.6   9550  -23.4  -25.2     85   1.60     52    2.8  349.1  355.3  349.4
  309.0   9565  -23.5  -25.3     85   1.59     55    2.8  349.1  355.3  349.5
  308.4   9580  -23.6  -25.3     86   1.59     58    2.8  349.2  355.3  349.5
  307.8   9594  -23.7  -25.4     86   1.58     60    2.7  349.2  355.3  349.6
  307.3   9607  -23.8  -25.6     85   1.56     62    2.7  349.3  355.3  349.7
  306.8   9618  -23.8  -25.8     84   1.53     63    2.7  349.5  355.4  349.8
  306.3   9630  -23.9  -25.7     85   1.54     64    2.7  349.5  355.5  349.8
  305.7   9644  -24.0  -25.8     85   1.54     64    2.6  349.6  355.5  349.9
  305.1   9657  -24.1  -25.9     85   1.52     64    2.6  349.6  355.5  350.0
  304.6   9670  -24.2  -26.1     84   1.50     63    2.6  349.7  355.5  350.0
  304.1   9682  -24.3  -26.2     84   1.49     63    2.6  349.7  355.5  350.0
  303.5   9696  -24.3  -26.3     84   1.48     62    2.5  349.8  355.5  350.1
  303.0   9709  -24.4  -26.4     84   1.47     61    2.5  349.9  355.6  350.2
  302.5   9721  -24.5  -26.4     84   1.46     60    2.5  349.9  355.6  350.2
  302.0   9733  -24.6  -26.4     84   1.47     59    2.4  350.0  355.7  350.3
  301.5   9745  -24.7  -26.5     85   1.46     58    2.4  350.0  355.7  350.3
  300.9   9759  -24.7  -26.7     84   1.44     58    2.3  350.1  355.7  350.4
  300.4   9772  -24.8  -26.8     83   1.42     57    2.2  350.2  355.7  350.5
  300.0   9781  -24.8  -27.0     82   1.40     57    2.2  350.2  355.7  350.5
  299.9   9783  -24.9  -27.0     82   1.40     56    2.1  350.3  355.7  350.6
  299.5   9794  -24.9  -27.1     82   1.39     55    2.0  350.3  355.7  350.6
  298.9   9807  -25.1  -27.1     83   1.39     53    1.9  350.3  355.7  350.6
  298.4   9821  -25.1  -27.2     83   1.39     51    1.8  350.4  355.8  350.7
  297.9   9833  -25.2  -27.5     81   1.35     47    1.7  350.4  355.7  350.7
  297.4   9845  -25.3  -27.7     80   1.33     44    1.7  350.5  355.6  350.7
  296.9   9857  -25.4  -27.7     81   1.33     39    1.6  350.5  355.7  350.8
  296.4   9869  -25.4  -27.8     81   1.32     35    1.6  350.6  355.8  350.9
  295.9   9881  -25.5  -27.9     81   1.31     30    1.6  350.7  355.8  350.9
  295.4   9893  -25.6  -28.0     80   1.30     25    1.6  350.7  355.8  351.0
  295.0   9904  -25.7  -28.1     80   1.29     20    1.7  350.7  355.8  351.0
  294.5   9916  -25.8  -28.1     81   1.29     16    1.8  350.8  355.8  351.1
  294.0   9928  -25.8  -28.1     81   1.29     12    1.8  350.9  355.9  351.1
  293.5   9941  -25.9  -28.2     81   1.28      9    1.9  350.9  356.0  351.2
  293.0   9953  -26.0  -28.4     80   1.26      6    2.0  351.0  355.9  351.2
  292.4   9966  -26.1  -28.5     80   1.25      3    2.1  351.1  356.0  351.3
  291.9   9980  -26.2  -28.6     80   1.24      1    2.1  351.1  356.0  351.4
  291.3   9995  -26.3  -28.7     80   1.23    359    2.2  351.2  356.0  351.4
  290.8  10007  -26.4  -28.8     80   1.22    358    2.2  351.2  356.0  351.5
  290.4  10018  -26.4  -28.9     80   1.21    357    2.2  351.2  356.0  351.5
  289.9  10028  -26.5  -28.9     80   1.21    357    2.2  351.3  356.1  351.6
  289.6  10038  -26.6  -29.0     80   1.20    357    2.2  351.3  356.1  351.6
  289.1  10048  -26.6  -29.2     79   1.19    358    2.1  351.4  356.1  351.7
  288.7  10060  -26.7  -29.2     79   1.19    360    2.1  351.4  356.1  351.7
  288.2  10071  -26.8  -29.3     79   1.18      2    2.0  351.5  356.1  351.7
  287.8  10083  -26.9  -29.4     79   1.17      5    1.9  351.5  356.1  351.7
  287.2  10096  -27.0  -29.5     79   1.16      9    1.8  351.6  356.1  351.8
  286.7  10109  -27.1  -29.7     78   1.14     13    1.7  351.6  356.1  351.8
  286.1  10124  -27.2  -29.9     78   1.12     17    1.6  351.6  356.1  351.9
  285.5  10139  -27.3  -30.0     78   1.12     21    1.6  351.7  356.1  351.9
  284.9  10154  -27.4  -30.1     78   1.11     25    1.5  351.7  356.1  352.0
  284.4  10168  -27.5  -30.3     77   1.09     28    1.4  351.8  356.1  352.0
  283.8  10181  -27.6  -30.4     77   1.07     30    1.4  351.9  356.1  352.1
  283.3  10194  -27.7  -30.5     77   1.07     31    1.3  351.9  356.1  352.1
  282.8  10207  -27.8  -30.6     77   1.06     31    1.2  351.9  356.1  352.1
  282.3  10220  -27.9  -30.6     78   1.06     30    1.1  351.9  356.2  352.2
  281.8  10233  -28.0  -30.7     77   1.05     28    1.1  352.0  356.2  352.3
  281.4  10243  -28.1  -30.9     77   1.04     25    1.0  352.1  356.2  352.3
  280.9  10255  -28.2  -30.9     78   1.04     22    0.9  352.1  356.2  352.3
  280.4  10269  -28.3  -30.9     78   1.04     19    0.8  352.1  356.3  352.4
  279.9  10283  -28.4  -31.1     77   1.02     16    0.8  352.2  356.3  352.4
  279.3  10296  -28.4  -31.2     77   1.01     13    0.7  352.3  356.3  352.5
  278.8  10310  -28.5  -31.3     77   1.01     12    0.6  352.3  356.3  352.5
  278.3  10324  -28.6  -31.5     76   0.99     12    0.5  352.4  356.3  352.6
  277.8  10337  -28.7  -31.7     76   0.97     14    0.5  352.4  356.3  352.6
  277.3  10350  -28.8  -31.7     76   0.97     19    0.4  352.4  356.3  352.6
  276.7  10364  -29.0  -31.8     77   0.97     27    0.4  352.5  356.4  352.7
  276.1  10379  -29.1  -31.8     77   0.97     36    0.4  352.5  356.4  352.7
  275.6  10393  -29.2  -31.9     77   0.96     43    0.4  352.6  356.4  352.8
  275.1  10406  -29.3  -32.1     77   0.95     48    0.5  352.6  356.4  352.8
  274.6  10418  -29.4  -32.1     77   0.95     49    0.6  352.7  356.5  352.9
  274.1  10431  -29.5  -32.1     78   0.95     48    0.7  352.7  356.5  352.9
  273.6  10445  -29.6  -32.2     78   0.94     46    0.8  352.7  356.5  352.9
  273.1  10457  -29.7  -32.2     79   0.94     44    0.9  352.8  356.5  353.0
  272.7  10469  -29.8  -32.3     78   0.93     41    1.0  352.8  356.5  353.0
  272.2  10481  -29.9  -32.5     78   0.92     38    1.1  352.8  356.5  353.0
  271.7  10495  -30.0  -32.6     78   0.91     36    1.2  352.8  356.4  353.0
  271.1  10509  -30.1  -32.9     77   0.89     33    1.2  352.9  356.5  353.1
  270.6  10522  -30.2  -33.1     76   0.87     31    1.3  352.9  356.5  353.1
  270.2  10535  -30.3  -33.1     76   0.87     29    1.3  353.0  356.5  353.2
  269.7  10548  -30.4  -33.2     76   0.87     27    1.2  353.0  356.5  353.2
  269.1  10562  -30.5  -33.2     77   0.87     25    1.2  353.1  356.6  353.3
  268.6  10577  -30.6  -33.2     77   0.87     23    1.1  353.2  356.7  353.3
  268.1  10590  -30.7  -33.5     77   0.85     21    1.0  353.2  356.6  353.4
  267.5  10605  -30.8  -33.7     76   0.84     20    0.9  353.2  356.6  353.4
  267.0  10619  -30.9  -33.7     76   0.83     18    0.8  353.2  356.6  353.4
  266.5  10631  -31.0  -33.9     76   0.82     17    0.6  353.3  356.6  353.5
  266.1  10644  -31.1  -33.9     76   0.82     17    0.5  353.3  356.6  353.5
  265.5  10657  -31.2  -33.9     77   0.82     18    0.4  353.4  356.7  353.5
  265.0  10670  -31.3  -34.1     77   0.81     23    0.3  353.4  356.7  353.6
  264.6  10683  -31.4  -34.2     76   0.80     42    0.2  353.4  356.7  353.6
  264.1  10695  -31.5  -34.3     77   0.80     88    0.1  353.5  356.7  353.6
  263.6  10708  -31.6  -34.4     77   0.79    120    0.2  353.5  356.7  353.7
  263.1  10722  -31.7  -34.4     77   0.79    129    0.3  353.5  356.7  353.7
  262.6  10736  -31.8  -34.4     78   0.79    130    0.4  353.6  356.8  353.8
  262.1  10749  -31.9  -34.6     77   0.78    130    0.6  353.7  356.8  353.9
  261.6  10762  -32.0  -34.7     77   0.77    128    0.7  353.7  356.9  353.9
  261.1  10776  -32.1  -34.8     77   0.77    125    0.8  353.8  356.9  353.9
  260.6  10790  -32.2  -34.9     77   0.76    123    1.0  353.8  356.9  354.0
  260.1  10804  -32.3  -35.0     77   0.76    120    1.1  353.9  357.0  354.0
  259.6  10817  -32.4  -35.1     77   0.75    118    1.3  353.9  356.9  354.1
  259.1  10832  -32.5  -35.3     76   0.74    116    1.5  353.9  356.9  354.1
  258.6  10846  -32.6  -35.5     75   0.72    114    1.6  354.0  357.0  354.2
  258.1  10859  -32.7  -35.6     75   0.71    113    1.8  354.1  357.0  354.2
  257.6  10872  -32.8  -35.7     75   0.71    112    1.9  354.1  357.0  354.3
  257.1  10886  -32.9  -35.8     75   0.70    110    2.1  354.2  357.0  354.3
  256.6  10899  -33.0  -35.9     75   0.70    109    2.2  354.2  357.1  354.3
  256.1  10912  -33.1  -36.0     75   0.69    108    2.4  354.3  357.1  354.4
  255.7  10925  -33.2  -36.0     76   0.69    107    2.5  354.2  357.1  354.4
  255.1  10940  -33.4  -36.0     77   0.69    106    2.7  354.3  357.1  354.4
  254.6  10954  -33.5  -36.2     76   0.68    105    2.8  354.3  357.1  354.5
  254.2  10966  -33.5  -36.4     76   0.67    105    2.9  354.4  357.1  354.5
  253.7  10980  -33.6  -36.5     75   0.67    104    3.0  354.4  357.2  354.6
  253.2  10993  -33.7  -36.6     76   0.66    103    3.1  354.5  357.2  354.6
  252.7  11007  -33.8  -36.6     75   0.66    103    3.2  354.6  357.3  354.7
  252.3  11019  -33.9  -36.8     75   0.65    102    3.3  354.6  357.3  354.7
  251.8  11032  -34.0  -36.8     76   0.65    101    3.3  354.6  357.3  354.8
  251.3  11046  -34.1  -36.8     77   0.65    101    3.3  354.7  357.4  354.8
  250.8  11059  -34.2  -37.0     76   0.64    100    3.3  354.7  357.3  354.8
  250.3  11072  -34.3  -37.2     75   0.63    100    3.2  354.7  357.3  354.9
  250.0  11082  -34.4  -37.2     76   0.63    100    3.2  354.7  357.3  354.9
  249.9  11085  -34.5  -37.3     76   0.63     99    3.1  354.7  357.3  354.9
  249.4  11098  -34.5  -37.4     75   0.62     98    3.0  354.8  357.3  354.9
  249.0  11110  -34.6  -37.6     74   0.60     98    2.9  354.8  357.3  355.0
  248.6  11122  -34.7  -37.8     74   0.60     97    2.8  354.9  357.3  355.0
  248.1  11136  -34.8  -37.9     74   0.59     96    2.7  354.9  357.3  355.0
  247.6  11149  -34.9  -37.9     74   0.59     95    2.6  354.9  357.4  355.1
  247.1  11162  -35.0  -38.1     73   0.58     94    2.4  355.0  357.4  355.2
  246.7  11174  -35.1  -38.3     73   0.57     94    2.3  355.1  357.4  355.2
  246.3  11186  -35.2  -38.4     72   0.57     93    2.2  355.1  357.5  355.2
  245.9  11198  -35.3  -38.3     74   0.57     92    2.1  355.1  357.5  355.2
  245.4  11211  -35.4  -38.3     74   0.57     92    2.1  355.2  357.6  355.3
  245.0  11223  -35.5  -38.5     74   0.56     91    2.0  355.2  357.5  355.3
  244.6  11235  -35.6  -38.6     74   0.56     90    1.9  355.2  357.5  355.3
  244.2  11246  -35.7  -38.7     74   0.55     88    1.8  355.2  357.5  355.3
  243.7  11259  -35.8  -38.8     74   0.55     86    1.7  355.2  357.5  355.3
  243.2  11273  -36.0  -39.0     73   0.54     84    1.7  355.2  357.5  355.4
  242.8  11285  -36.1  -39.4     71   0.52     81    1.6  355.3  357.4  355.4
  242.3  11298  -36.2  -39.3     73   0.52     77    1.5  355.3  357.4  355.4
  241.9  11312  -36.3  -39.3     74   0.52     72    1.5  355.3  357.4  355.4
  241.4  11325  -36.4  -39.6     72   0.51     67    1.5  355.3  357.4  355.4
  240.9  11339  -36.6  -39.7     72   0.50     62    1.5  355.3  357.4  355.4
  240.5  11353  -36.7  -39.8     73   0.50     57    1.6  355.3  357.4  355.4
  240.0  11365  -36.8  -40.0     72   0.49     54    1.6  355.4  357.5  355.5
  239.6  11377  -36.8  -40.2     71   0.48     51    1.7  355.4  357.5  355.5
  239.2  11389  -36.9  -40.3     71   0.48     50    1.7  355.4  357.5  355.6
  238.7  11402  -37.0  -40.4     71   0.47     49    1.8  355.5  357.5  355.6
  238.3  11415  -37.1  -40.5     71   0.47     49    1.8  355.5  357.5  355.6
  237.8  11429  -37.3  -40.5     72   0.47     51    1.9  355.5  357.5  355.6
  237.3  11444  -37.4  -40.6     72   0.47     53    1.9  355.6  357.5  355.7
  236.8  11459  -37.5  -40.8     72   0.46     56    1.9  355.6  357.5  355.7
  236.3  11472  -37.6  -40.9     72   0.46     59    1.9  355.7  357.6  355.8
  235.9  11485  -37.8  -41.0     72   0.45     62    1.9  355.6  357.5  355.7
  235.4  11499  -37.9  -41.0     72   0.45     66    2.0  355.7  357.5  355.8
  235.0  11513  -38.0  -41.3     71   0.44     69    2.0  355.7  357.5  355.8
  234.5  11527  -38.1  -41.5     71   0.43     72    2.0  355.7  357.5  355.8
  234.0  11540  -38.2  -41.6     70   0.43     74    2.1  355.8  357.6  355.9
  233.6  11552  -38.3  -41.7     70   0.42     76    2.2  355.8  357.6  355.9
  233.2  11565  -38.4  -41.6     72   0.43     78    2.2  355.8  357.6  355.9
  232.7  11578  -38.5  -41.6     72   0.43     79    2.3  355.9  357.7  356.0
  232.3  11591  -38.6  -41.9     71   0.42     80    2.3  355.9  357.6  356.0
  231.8  11605  -38.7  -42.0     71   0.41     80    2.4  355.9  357.7  356.0
  231.4  11618  -38.8  -42.1     71   0.41     81    2.4  355.9  357.7  356.0
  230.9  11631  -38.9  -42.1     72   0.41     81    2.5  356.0  357.8  356.1
  230.4  11646  -39.1  -42.1     73   0.41     82    2.5  356.0  357.8  356.1
  229.9  11661  -39.2  -42.1     74   0.41     83    2.6  356.0  357.8  356.1
  229.4  11675  -39.4  -42.3     73   0.40     83    2.6  356.1  357.8  356.1
  229.0  11690  -39.5  -42.6     72   0.39     84    2.7  356.0  357.7  356.1
  228.5  11704  -39.6  -42.7     72   0.39     85    2.8  356.0  357.7  356.1
  228.0  11718  -39.7  -42.9     72   0.38     85    2.9  356.1  357.7  356.2
  227.6  11732  -39.9  -42.9     73   0.38     85    3.0  356.1  357.7  356.2
  227.1  11746  -40.0  -42.9     73   0.38     85    3.0  356.1  357.7  356.2
  226.6  11762  -40.1  -43.1     73   0.38     85    3.1  356.1  357.7  356.2
  226.1  11777  -40.2  -43.2     73   0.37     84    3.2  356.2  357.8  356.3
  225.6  11791  -40.4  -43.2     74   0.37     84    3.2  356.2  357.8  356.3
  225.1  11806  -40.5  -43.3     74   0.37     83    3.2  356.3  357.8  356.3
  224.6  11820  -40.6  -43.4     74   0.37     82    3.2  356.3  357.9  356.4
  224.2  11833  -40.7  -43.5     75   0.37     81    3.2  356.3  357.9  356.4
  223.8  11846  -40.8  -43.5     75   0.36     81    3.2  356.3  357.9  356.4
  223.4  11859  -40.9  -43.6     75   0.36     80    3.1  356.3  357.9  356.4
  222.9  11871  -41.1  -43.7     75   0.36     80    3.0  356.4  357.9  356.5
  222.5  11884  -41.1  -43.9     75   0.35     81    2.9  356.4  357.9  356.5
  222.1  11896  -41.2  -44.0     75   0.35     82    2.9  356.5  357.9  356.5
  221.7  11910  -41.4  -44.0     75   0.35     83    2.8  356.5  357.9  356.5
  221.2  11925  -41.5  -44.1     76   0.35     85    2.7  356.5  357.9  356.5
  220.7  11939  -41.6  -44.1     77   0.34     87    2.7  356.5  358.0  356.6
  220.3  11953  -41.7  -44.3     76   0.34     90    2.7  356.5  358.0  356.6
  219.9  11966  -41.8  -44.6     74   0.33     93    2.7  356.6  358.0  356.6
  219.5  11978  -42.0  -44.8     73   0.32     96    2.7  356.6  357.9  356.6
  219.0  11992  -42.1  -44.9     74   0.32     99    2.8  356.6  358.0  356.7
  218.6  12005  -42.2  -44.9     75   0.32    101    2.8  356.6  358.0  356.7
  218.1  12019  -42.3  -45.0     75   0.32    103    2.9  356.7  358.0  356.7
  217.6  12034  -42.4  -45.1     75   0.31    104    3.0  356.7  358.1  356.8
  217.1  12050  -42.5  -45.2     75   0.31    105    3.1  356.8  358.1  356.8
  216.7  12065  -42.7  -45.3     76   0.31    106    3.1  356.7  358.1  356.8
  216.2  12080  -42.8  -45.4     76   0.31    107    3.1  356.7  358.0  356.8
  215.6  12097  -43.0  -45.6     76   0.30    107    3.1  356.8  358.1  356.9
  215.1  12113  -43.1  -45.7     75   0.30    107    3.1  356.8  358.1  356.9
  214.6  12128  -43.2  -45.9     75   0.29    107    3.0  356.9  358.1  356.9
  214.2  12142  -43.4  -46.0     76   0.29    106    3.0  356.8  358.1  356.9
  213.7  12156  -43.5  -46.0     76   0.29    106    2.9  356.9  358.2  357.0
  213.4  12169  -43.6  -46.1     76   0.29    106    2.8  356.9  358.1  357.0
  212.9  12182  -43.7  -46.2     76   0.28    106    2.7  356.9  358.2  357.0
  212.5  12196  -43.8  -46.2     77   0.29    106    2.6  357.0  358.2  357.0
  212.1  12209  -43.9  -46.3     77   0.28    106    2.5  357.0  358.2  357.1
  211.7  12222  -44.1  -46.5     77   0.28    107    2.4  357.0  358.2  357.1
  211.2  12235  -44.1  -46.7     75   0.27    107    2.3  357.1  358.3  357.2
  210.9  12247  -44.2  -47.1     73   0.26    107    2.3  357.1  358.2  357.1
  210.5  12260  -44.4  -47.5     71   0.25    107    2.3  357.1  358.2  357.1
  210.0  12274  -44.5  -47.7     70   0.25    108    2.3  357.2  358.2  357.2
  209.6  12287  -44.5  -47.8     70   0.24    107    2.3  357.2  358.3  357.3
  209.3  12299  -44.7  -48.0     69   0.24    107    2.4  357.2  358.2  357.2
  208.8  12312  -44.8  -48.0     70   0.24    107    2.4  357.2  358.3  357.3
  208.4  12327  -45.0  -47.9     72   0.24    106    2.5  357.2  358.2  357.2
  208.0  12339  -45.1  -47.9     73   0.24    105    2.5  357.2  358.3  357.3
  207.6  12350  -45.2  -48.1     72   0.24    105    2.6  357.3  358.3  357.3
  207.3  12362  -45.3  -48.4     71   0.23    105    2.7  357.2  358.2  357.3
  206.9  12374  -45.4  -48.7     69   0.22    104    2.7  357.3  358.2  357.3
  206.5  12386  -45.5  -49.0     68   0.22    104    2.8  357.3  358.2  357.3
  206.1  12399  -45.6  -49.0     68   0.21    105    2.8  357.3  358.2  357.3
  205.7  12413  -45.8  -49.0     70   0.22    105    2.9  357.3  358.2  357.3
  205.3  12427  -45.9  -49.0     71   0.22    106    3.0  357.2  358.2  357.3
  204.8  12442  -46.0  -49.1     71   0.22    107    3.0  357.3  358.3  357.4
  204.4  12455  -46.1  -49.2     71   0.21    108    3.0  357.4  358.3  357.4
  204.0  12469  -46.2  -49.4     70   0.21    110    3.1  357.4  358.3  357.4
  203.6  12482  -46.3  -49.6     69   0.20    111    3.1  357.4  358.3  357.5
  203.2  12496  -46.4  -49.9     68   0.20    113    3.1  357.5  358.3  357.5
  202.8  12509  -46.5  -50.1     67   0.19    114    3.1  357.5  358.4  357.5
  202.4  12522  -46.6  -50.3     66   0.19    116    3.1  357.5  358.4  357.6
  202.0  12533  -46.7  -50.5     65   0.18    117    3.1  357.6  358.4  357.6
  201.6  12546  -46.9  -50.6     66   0.18    118    3.1  357.6  358.4  357.6
  201.2  12560  -47.0  -50.6     66   0.18    120    3.1  357.6  358.4  357.6
  200.8  12573  -47.1  -50.7     67   0.18    121    3.1  357.6  358.4  357.6
  200.4  12585  -47.2  -50.7     67   0.18    122    3.1  357.6  358.4  357.7
  200.0  12599  -47.4  -50.9     67   0.18    124    3.1  357.6  358.4  357.6
  199.6  12613  -47.5  -51.1     66   0.17    124    3.1  357.6  358.4  357.6
  199.1  12628  -47.6  -51.2     66   0.17    124    3.2  357.7  358.4  357.7
  198.7  12642  -47.7  -51.3     66   0.17    124    3.2  357.7  358.5  357.7
  198.3  12656  -47.8  -51.4     66   0.17    123    3.3  357.7  358.5  357.7
  197.8  12672  -48.0  -51.5     67   0.17    123    3.4  357.7  358.5  357.8
  197.4  12687  -48.1  -51.6     67   0.17    122    3.4  357.8  358.5  357.8
  196.9  12701  -48.2  -51.8     66   0.16    121    3.5  357.9  358.6  357.9
  196.5  12716  -48.3  -52.0     65   0.16    120    3.6  357.9  358.6  357.9
  196.0  12731  -48.5  -52.1     65   0.16    119    3.6  357.9  358.6  358.0
  195.6  12745  -48.6  -52.2     66   0.16    118    3.7  358.0  358.7  358.0
  195.2  12759  -48.7  -52.3     66   0.15    117    3.7  357.9  358.6  358.0
  194.7  12776  -48.9  -52.5     66   0.15    117    3.7  357.9  358.6  358.0
  194.2  12793  -49.0  -52.7     65   0.15    116    3.7  358.0  358.7  358.1
  193.8  12806  -49.0  -52.8     65   0.15    116    3.7  358.1  358.8  358.2
  193.5  12818  -49.2  -53.0     64   0.14    116    3.7  358.1  358.8  358.2
  193.1  12830  -49.3  -53.2     64   0.14    116    3.7  358.1  358.8  358.2
  192.7  12843  -49.4  -53.3     63   0.14    116    3.7  358.1  358.8  358.2
  192.3  12857  -49.6  -53.5     63   0.14    116    3.8  358.1  358.7  358.2
  191.9  12872  -49.7  -53.6     63   0.13    116    3.9  358.1  358.7  358.2
  191.5  12887  -49.8  -53.7     63   0.13    116    4.0  358.1  358.7  358.2
  191.0  12901  -49.9  -53.8     64   0.13    115    4.1  358.2  358.8  358.2
  190.6  12916  -50.1  -53.9     64   0.13    115    4.3  358.2  358.8  358.2
  190.1  12931  -50.2  -54.1     64   0.13    114    4.4  358.2  358.8  358.3
  189.7  12948  -50.4  -54.2     63   0.13    113    4.6  358.2  358.8  358.2
  189.2  12964  -50.5  -54.4     63   0.12    113    4.8  358.2  358.8  358.3
  188.8  12978  -50.6  -54.5     63   0.12    112    5.0  358.3  358.8  358.3
  188.4  12990  -50.7  -54.6     63   0.12    112    5.1  358.3  358.9  358.3
  188.1  13002  -50.8  -54.7     63   0.12    112    5.3  358.3  358.9  358.4
  187.7  13014  -51.0  -54.8     64   0.12    111    5.3  358.3  358.9  358.4
  187.3  13029  -51.1  -54.8     65   0.12    111    5.4  358.4  358.9  358.4
  186.9  13043  -51.2  -54.8     65   0.12    111    5.4  358.4  358.9  358.4
  186.5  13059  -51.3  -55.0     65   0.12    111    5.5  358.4  358.9  358.4
  186.0  13074  -51.5  -55.0     65   0.12    111    5.4  358.5  359.0  358.5
  185.6  13088  -51.6  -55.2     65   0.12    111    5.4  358.5  359.0  358.5
  185.2  13101  -51.7  -55.3     65   0.11    111    5.4  358.5  359.0  358.5
  184.9  13115  -51.9  -55.5     65   0.11    111    5.4  358.4  358.9  358.5
  184.5  13129  -52.0  -55.5     65   0.11    111    5.4  358.4  358.9  358.5
  184.1  13143  -52.1  -55.6     66   0.11    111    5.4  358.5  359.0  358.5
  183.7  13156  -52.2  -55.7     66   0.11    111    5.4  358.5  359.0  358.5
  183.3  13168  -52.3  -55.8     66   0.11    112    5.5  358.5  359.0  358.6
  183.0  13182  -52.5  -56.0     65   0.11    112    5.6  358.5  359.0  358.5
  182.6  13195  -52.6  -56.3     64   0.10    112    5.6  358.5  359.0  358.5
  182.2  13209  -52.7  -56.5     63   0.10    112    5.7  358.5  359.0  358.6
  181.8  13222  -52.8  -56.7     63   0.10    113    5.8  358.6  359.1  358.6
  181.5  13233  -52.9  -56.8     63   0.10    113    5.9  358.6  359.0  358.6
  181.1  13246  -53.0  -56.9     63   0.10    113    6.0  358.6  359.1  358.6
  180.8  13259  -53.2  -57.0     63   0.10    113    6.1  358.6  359.0  358.6
  180.4  13272  -53.3  -56.9     64   0.10    113    6.1  358.6  359.1  358.6
  180.1  13285  -53.4  -56.9     65   0.10    113    6.2  358.6  359.0  358.6
  179.7  13298  -53.5  -57.0     66   0.10    113    6.2  358.6  359.0  358.6
  179.3  13312  -53.7  -57.1     66   0.09    113    6.3  358.6  359.0  358.6
  178.9  13327  -53.8  -57.3     66   0.09    112    6.4  358.6  359.1  358.7
  178.5  13342  -53.9  -57.4     65   0.09    112    6.4  358.6  359.1  358.7
  178.1  13356  -54.1  -57.6     65   0.09    111    6.5  358.6  359.1  358.7
  177.7  13369  -54.2  -57.8     65   0.09    110    6.5  358.7  359.1  358.7
  177.3  13382  -54.3  -57.9     64   0.09    110    6.6  358.7  359.1  358.7
  177.0  13396  -54.4  -58.2     63   0.08    109    6.7  358.7  359.1  358.7
  176.6  13410  -54.6  -58.4     63   0.08    109    6.8  358.7  359.1  358.7
  176.2  13423  -54.7  -58.5     63   0.08    108    6.9  358.7  359.1  358.8
  175.8  13436  -54.8  -58.6     63   0.08    108    6.9  358.8  359.2  358.8
  175.5  13449  -54.9  -58.7     63   0.08    108    7.0  358.7  359.1  358.8
  175.2  13461  -55.1  -58.8     63   0.08    108    7.1  358.7  359.1  358.7
  174.8  13474  -55.2  -58.9     63   0.08    108    7.1  358.8  359.1  358.8
  174.5  13487  -55.3  -59.0     63   0.08    109    7.2  358.7  359.1  358.8
  174.1  13499  -55.4  -59.4     61   0.07    109    7.2  358.8  359.1  358.8
  173.8  13512  -55.5  -59.7     59   0.07    110    7.2  358.8  359.1  358.8
  173.4  13526  -55.7  -60.0     58   0.07    110    7.2  358.8  359.1  358.8
  173.0  13540  -55.8  -60.1     58   0.07    111    7.2  358.8  359.1  358.8
  172.6  13554  -55.9  -60.2     58   0.07    111    7.3  358.8  359.1  358.8
  172.2  13569  -56.1  -60.3     58   0.07    112    7.3  358.9  359.2  358.9
  171.8  13583  -56.2  -60.5     59   0.06    112    7.3  358.9  359.2  358.9
  171.4  13598  -56.3  -60.6     58   0.06    112    7.3  358.9  359.2  358.9
  171.0  13613  -56.5  -60.8     58   0.06    113    7.4  358.9  359.2  358.9
  170.7  13627  -56.6  -60.9     58   0.06    113    7.5  358.9  359.2  358.9
  170.3  13639  -56.7  -61.0     58   0.06    113    7.5  359.0  359.3  359.0
  170.0  13651  -56.8  -61.1     59   0.06    113    7.6  358.9  359.2  358.9
  169.7  13663  -57.0  -61.1     59   0.06    113    7.7  358.8  359.1  358.9
  169.3  13676  -57.1  -61.1     60   0.06    113    7.7  358.9  359.2  358.9
  169.0  13689  -57.2  -61.1     61   0.06    113    7.8  358.9  359.1  358.9
  168.6  13704  -57.4  -61.2     62   0.06    113    7.9  358.9  359.1  358.9
  168.2  13719  -57.5  -61.2     62   0.06    113    7.9  358.9  359.2  358.9
  167.8  13734  -57.6  -61.3     62   0.06    113    8.0  358.9  359.2  358.9
  167.4  13748  -57.8  -61.5     62   0.06    113    8.0  358.9  359.2  358.9
  167.0  13763  -57.9  -61.7     61   0.06    113    8.0  358.9  359.2  358.9
  166.7  13776  -58.0  -61.9     61   0.06    113    8.0  358.9  359.2  358.9
  166.4  13788  -58.1  -62.0     61   0.05    112    8.0  358.9  359.2  358.9
  166.1  13799  -58.2  -62.1     61   0.05    112    8.0  358.9  359.2  358.9
  165.8  13811  -58.3  -62.1     62   0.05    111    8.0  359.0  359.2  359.0
  165.5  13822  -58.4  -62.1     63   0.05    111    8.0  358.9  359.2  359.0
  165.2  13834  -58.6  -62.1     64   0.05    110    8.0  358.9  359.1  358.9
  164.8  13847  -58.7  -62.2     64   0.05    110    8.1  358.9  359.2  358.9
  164.5  13860  -58.8  -62.3     64   0.05    109    8.1  359.0  359.2  359.0
  164.2  13870  -58.9  -62.4     64   0.05    109    8.2  359.0  359.2  359.0
  163.9  13882  -59.0  -62.6     63   0.05    109    8.3  359.0  359.2  359.0
  163.6  13895  -59.2  -62.9     62   0.05    109    8.4  358.9  359.1  358.9
  163.2  13908  -59.4  -63.2     61   0.05    109    8.5  358.9  359.1  358.9
  162.9  13922  -59.5  -63.5     60   0.05    109    8.6  358.8  359.1  358.9
  162.5  13935  -59.6  -63.6     59   0.05    109    8.7  358.9  359.1  358.9
  162.1  13949  -59.7  -63.6     60   0.05    110    8.9  358.9  359.1  358.9
  161.8  13963  -59.8  -63.5     62   0.05    110    9.0  358.9  359.1  358.9
  161.4  13977  -60.0  -63.5     63   0.05    111    9.1  359.0  359.2  359.0
  161.1  13990  -60.1  -63.5     64   0.05    112    9.2  359.0  359.2  359.0
  160.7  14004  -60.2  -63.5     65   0.05    112    9.3  359.0  359.2  359.0
  160.4  14016  -60.3  -63.5     66   0.05    113    9.3  359.0  359.2  359.0
  160.1  14028  -60.4  -63.6     66   0.05    114    9.4  359.0  359.3  359.1
  159.8  14041  -60.6  -63.8     65   0.04    115    9.4  359.0  359.2  359.0
  159.4  14056  -60.7  -64.1     65   0.04    115    9.5  359.0  359.2  359.0
  159.0  14070  -60.9  -64.3     64   0.04    116    9.5  359.0  359.2  359.0
  158.6  14085  -61.0  -64.4     64   0.04    116    9.6  359.0  359.2  359.0
  158.3  14098  -61.1  -64.6     63   0.04    116    9.6  359.0  359.2  359.0
  158.0  14109  -61.2  -64.8     62   0.04    117    9.6  359.1  359.3  359.1
  157.7  14121  -61.3  -65.0     61   0.04    117    9.7  359.0  359.2  359.0
  157.4  14135  -61.5  -65.3     60   0.04    117    9.7  359.0  359.2  359.0
  157.0  14150  -61.6  -65.7     58   0.04    117    9.8  359.0  359.2  359.0
  156.6  14165  -61.8  -65.9     58   0.03    118    9.8  359.0  359.2  359.0
  156.2  14181  -61.9  -66.0     58   0.03    118    9.9  359.1  359.2  359.1
  155.8  14196  -62.0  -66.1     58   0.03    118    9.9  359.1  359.2  359.1
  155.4  14211  -62.2  -66.0     60   0.03    118   10.0  359.1  359.3  359.1
  155.1  14224  -62.3  -66.0     61   0.03    118   10.1  359.2  359.3  359.2
  154.8  14238  -62.4  -66.1     61   0.03    119   10.1  359.1  359.3  359.1
  154.4  14252  -62.6  -66.4     60   0.03    119   10.2  359.1  359.3  359.1
  154.0  14267  -62.7  -66.6     59   0.03    119   10.2  359.2  359.3  359.2
  153.7  14282  -62.8  -67.0     57   0.03    120   10.3  359.1  359.2  359.1
  153.3  14298  -63.0  -67.3     56   0.03    120   10.3  359.1  359.3  359.2
  152.9  14313  -63.1  -67.6     54   0.03    120   10.3  359.3  359.4  359.3
  152.5  14328  -63.2  -67.8     53   0.03    121   10.3  359.4  359.5  359.4
  152.2  14341  -63.3  -68.1     52   0.03    121   10.3  359.4  359.5  359.4
  151.9  14354  -63.4  -68.4     51   0.03    121   10.2  359.4  359.5  359.4
  151.5  14368  -63.5  -68.7     50   0.02    121   10.2  359.4  359.6  359.4
  151.2  14383  -63.6  -68.9     48   0.02    121   10.1  359.5  359.6  359.5
  150.9  14394  -63.7  -69.1     48   0.02    121   10.0  359.6  359.7  359.6
  150.6  14404  -63.8  -69.3     47   0.02    121    9.9  359.6  359.7  359.6
  150.3  14418  -63.9  -69.5     46   0.02    121    9.8  359.5  359.6  359.5
  150.0  14430  -64.0  -69.6     46   0.02    121    9.8  359.5  359.7  359.6
  149.7  14443  -64.1  -69.6     47   0.02    120    9.7  359.6  359.7  359.6
  149.4  14453  -64.2  -69.7     47   0.02    120    9.6  359.6  359.7  359.6
  149.1  14466  -64.3  -69.7     48   0.02    120    9.5  359.7  359.8  359.7
  148.8  14478  -64.4  -69.6     49   0.02    119    9.5  359.7  359.8  359.7
  148.5  14490  -64.5  -69.6     49   0.02    119    9.5  359.7  359.8  359.7
  148.2  14502  -64.6  -69.7     50   0.02    119    9.4  359.8  359.9  359.8
  147.9  14514  -64.7  -69.8     50   0.02    119    9.4  359.8  359.9  359.8
  147.7  14527  -64.9  -70.0     49   0.02    118    9.4  359.7  359.8  359.7
  147.3  14540  -65.0  -70.1     49   0.02    118    9.4  359.8  359.9  359.9
  147.0  14554  -65.0  -70.2     49   0.02    118    9.4  359.9  360.0  359.9
  146.7  14566  -65.1  -70.2     50   0.02    118    9.3  360.0  360.1  360.0
  146.5  14576  -65.2  -70.2     50   0.02    118    9.3  360.0  360.1  360.0
  146.2  14587  -65.3  -70.2     50   0.02    119    9.2  360.1  360.2  360.1
  145.9  14599  -65.4  -70.3     50   0.02    119    9.2  360.1  360.2  360.1
  145.6  14612  -65.4  -70.4     50   0.02    119    9.1  360.2  360.3  360.2
  145.3  14624  -65.5  -70.5     50   0.02    119    9.0  360.2  360.3  360.3
  145.1  14634  -65.6  -70.6     50   0.02    120    9.0  360.3  360.4  360.3
  144.8  14645  -65.7  -70.7     50   0.02    120    9.0  360.3  360.4  360.3
  144.5  14657  -65.8  -70.9     49   0.02    120    8.9  360.3  360.4  360.3
  144.2  14669  -65.9  -71.0     49   0.02    121    8.9  360.3  360.4  360.3
  144.0  14679  -66.0  -71.1     49   0.02    121    8.8  360.3  360.4  360.3
  143.7  14691  -66.1  -71.2     49   0.02    121    8.8  360.4  360.5  360.4
  143.5  14702  -66.2  -71.2     49   0.02    122    8.8  360.3  360.4  360.3
  143.2  14713  -66.3  -71.3     50   0.02    122    8.8  360.4  360.5  360.4
  142.9  14725  -66.4  -71.4     50   0.02    122    8.8  360.4  360.5  360.4
  142.6  14736  -66.6  -71.5     50   0.02    122    8.7  360.4  360.5  360.4
  142.3  14749  -66.7  -71.7     49   0.02    122    8.7  360.4  360.5  360.4
  142.1  14761  -66.7  -71.8     49   0.02    122    8.7  360.4  360.5  360.4
  141.7  14774  -66.8  -72.0     48   0.02    121    8.6  360.6  360.6  360.6
  141.4  14789  -66.9  -72.1     48   0.02    121    8.6  360.6  360.7  360.6
  141.1  14803  -67.0  -72.1     48   0.02    121    8.5  360.6  360.7  360.6
  140.8  14817  -67.1  -72.2     49   0.02    120    8.5  360.7  360.8  360.7
  140.5  14829  -67.3  -72.2     49   0.02    120    8.5  360.7  360.8  360.7
  140.1  14843  -67.4  -72.3     50   0.02    119    8.4  360.7  360.8  360.7
  139.8  14856  -67.5  -72.4     50   0.02    119    8.4  360.7  360.8  360.7
  139.5  14869  -67.7  -72.5     50   0.02    119    8.4  360.7  360.8  360.7
  139.2  14883  -67.8  -72.5     50   0.02    118    8.4  360.8  360.8  360.8
  138.9  14898  -67.9  -72.7     51   0.01    118    8.3  360.7  360.8  360.7
  138.5  14914  -68.1  -72.8     51   0.01    118    8.3  360.7  360.8  360.7
  138.2  14929  -68.2  -72.8     52   0.01    118    8.3  360.7  360.8  360.7
  137.8  14943  -68.3  -72.8     52   0.01    117    8.2  360.8  360.9  360.8
  137.6  14954  -68.4  -72.8     53   0.01    117    8.2  360.8  360.9  360.8
  137.3  14964  -68.5  -72.9     54   0.01    117    8.1  360.8  360.9  360.8
  137.1  14975  -68.6  -72.9     54   0.01    117    8.0  360.8  360.9  360.8
  136.8  14986  -68.7  -73.0     54   0.01    117    7.9  360.9  360.9  360.9
  136.6  14998  -68.8  -73.2     54   0.01    117    7.8  360.8  360.9  360.8
  136.3  15010  -69.0  -73.3     53   0.01    116    7.8  360.8  360.9  360.8
  136.1  15020  -69.0  -73.3     54   0.01    116    7.7  360.8  360.9  360.8
  135.8  15032  -69.1  -73.4     54   0.01    115    7.6  360.9  361.0  360.9
  135.5  15044  -69.3  -73.5     54   0.01    115    7.5  360.9  361.0  360.9
  135.2  15057  -69.4  -73.6     55   0.01    114    7.5  360.9  361.0  360.9
  135.0  15068  -69.5  -73.6     55   0.01    113    7.4  360.9  361.0  361.0
  134.7  15079  -69.5  -73.6     56   0.01    112    7.4  361.0  361.1  361.0
  134.5  15090  -69.6  -73.6     56   0.01    111    7.5  361.0  361.1  361.0
  134.2  15101  -69.7  -73.7     56   0.01    110    7.5  361.1  361.2  361.1
  134.0  15112  -69.8  -73.8     56   0.01    109    7.5  361.2  361.2  361.2
  133.7  15123  -69.8  -73.9     55   0.01    108    7.6  361.3  361.4  361.3
  133.5  15135  -69.9  -74.0     55   0.01    107    7.7  361.3  361.4  361.3
  133.2  15146  -70.0  -74.1     55   0.01    106    7.8  361.4  361.5  361.4
  133.0  15157  -70.0  -74.1     55   0.01    105    7.8  361.4  361.5  361.4
  132.7  15168  -70.1  -74.2     55   0.01    104    7.9  361.5  361.6  361.5
  132.5  15178  -70.2  -74.2     56   0.01    103    8.0  361.6  361.6  361.6
  132.3  15189  -70.3  -74.2     56   0.01    103    8.0  361.6  361.6  361.6
  132.0  15200  -70.4  -74.2     57   0.01    102    8.1  361.7  361.7  361.7
  131.8  15211  -70.5  -74.3     57   0.01    102    8.2  361.6  361.7  361.6
  131.5  15222  -70.5  -74.4     57   0.01    101    8.2  361.7  361.8  361.7
  131.3  15233  -70.6  -74.5     57   0.01    101    8.3  361.8  361.8  361.8
  131.0  15244  -70.7  -74.6     56   0.01    100    8.4  361.8  361.9  361.8
  130.8  15256  -70.8  -74.8     56   0.01    100    8.5  361.8  361.8  361.8
  130.5  15267  -70.9  -74.9     56   0.01    100    8.6  361.8  361.9  361.9
  130.3  15276  -71.0  -75.0     55   0.01     99    8.7  361.8  361.9  361.8
  130.1  15287  -71.1  -75.1     55   0.01     99    8.8  361.8  361.9  361.8
  129.8  15299  -71.2  -75.2     55   0.01     99    9.0  361.9  362.0  361.9
  129.6  15311  -71.3  -75.3     55   0.01     99    9.1  361.9  362.0  361.9
  129.3  15323  -71.3  -75.4     55   0.01     99    9.2  362.0  362.1  362.0
  129.0  15335  -71.4  -75.5     55   0.01     99    9.4  362.1  362.2  362.1
  128.8  15347  -71.5  -75.6     55   0.01     99    9.5  362.1  362.2  362.2
  128.5  15359  -71.6  -75.7     54   0.01     99    9.7  362.2  362.3  362.2
  128.2  15372  -71.7  -75.8     54   0.01     99    9.8  362.3  362.3  362.3
  127.9  15386  -71.8  -75.9     54   0.01     99   10.0  362.4  362.4  362.4
  127.6  15402  -71.9  -76.1     53   0.01     99   10.1  362.4  362.4  362.4
  127.3  15416  -72.1  -76.3     53   0.01     99   10.2  362.4  362.4  362.4
  127.0  15430  -72.2  -76.4     53   0.01     99   10.3  362.4  362.4  362.4
  126.7  15443  -72.3  -76.6     53   0.01     99   10.4  362.4  362.4  362.4
  126.4  15457  -72.4  -76.7     53   0.01     99   10.5  362.4  362.5  362.4
  126.1  15470  -72.6  -76.8     53   0.01     99   10.6  362.4  362.5  362.5
  125.8  15483  -72.7  -76.8     53   0.01     99   10.6  362.5  362.5  362.5
  125.5  15497  -72.8  -76.9     53   0.01     99   10.7  362.5  362.6  362.5
  125.2  15511  -72.9  -77.1     53   0.01     99   10.7  362.5  362.5  362.5
  124.9  15526  -73.1  -77.3     53   0.01     99   10.7  362.4  362.5  362.4
  124.6  15540  -73.2  -77.5     52   0.01     99   10.7  362.5  362.5  362.5
  124.4  15552  -73.3  -77.6     52   0.01     99   10.8  362.4  362.5  362.4
  124.1  15565  -73.5  -77.8     52   0.01     99   10.8  362.4  362.4  362.4
  123.8  15578  -73.6  -77.9     52   0.01     99   10.8  362.4  362.5  362.4
  123.5  15592  -73.7  -78.0     52   0.01     99   10.9  362.5  362.5  362.5
  123.2  15606  -73.9  -78.1     53   0.01     99   10.9  362.4  362.5  362.4
  122.9  15621  -74.1  -78.2     53   0.01     99   11.0  362.4  362.4  362.4
  122.6  15636  -74.2  -78.3     53   0.01     99   11.1  362.4  362.4  362.4
  122.3  15651  -74.3  -78.4     54   0.01     99   11.1  362.4  362.4  362.4
  122.0  15666  -74.5  -78.5     54   0.01     99   11.2  362.4  362.5  362.4
  121.7  15680  -74.6  -78.6     54   0.01     99   11.4  362.5  362.5  362.5
  121.4  15692  -74.7  -78.7     54   0.01     99   11.5  362.5  362.5  362.5
  121.2  15704  -74.8  -78.8     54   0.01     99   11.6  362.5  362.5  362.5
  120.9  15716  -74.9  -78.9     54   0.01     98   11.8  362.5  362.6  362.5
  120.6  15730  -75.0  -79.1     53   0.01     97   11.9  362.5  362.6  362.5
  120.3  15745  -75.2  -79.3     53   0.01     97   12.1  362.5  362.5  362.5
  120.0  15761  -75.4  -79.5     52   0.01     96   12.3  362.4  362.5  362.4
  119.6  15778  -75.6  -79.7     52   0.01     95   12.5  362.5  362.5  362.5
  119.3  15796  -75.7  -79.8     52   0.01     94   12.7  362.4  362.4  362.4
  118.9  15813  -75.9  -79.9     53   0.01     93   12.9  362.5  362.5  362.5
  118.6  15829  -76.0  -80.0     53   0.01     93   13.1  362.5  362.5  362.5
  118.3  15844  -76.1  -80.1     53   0.01     92   13.3  362.5  362.5  362.5
  118.0  15859  -76.2  -80.2     53   0.01     92   13.5  362.6  362.7  362.6
  117.7  15871  -76.2  -80.3     52   0.01     92   13.7  362.9  362.9  362.9
  117.4  15884  -76.2  -80.4     51   0.01     91   13.8  363.2  363.2  363.2
  117.2  15898  -76.2  -80.6     50   0.01     92   14.0  363.4  363.4  363.4
  116.9  15913  -76.2  -80.8     49   0.01     92   14.1  363.6  363.6  363.6
  116.6  15928  -76.3  -80.9     48   0.00     92   14.2  363.7  363.7  363.7
  116.3  15942  -76.5  -81.1     48   0.00     93   14.3  363.7  363.7  363.7
  116.0  15955  -76.6  -81.2     48   0.00     93   14.5  363.7  363.8  363.7
  115.8  15966  -76.7  -81.3     48   0.00     94   14.6  363.7  363.8  363.7
  115.5  15980  -76.8  -81.4     48   0.00     94   14.7  363.8  363.8  363.8
  115.2  15995  -76.9  -81.5     48   0.00     95   14.9  363.8  363.8  363.8
  114.9  16010  -77.1  -81.7     48   0.00     96   15.0  363.8  363.8  363.8
  114.6  16024  -77.2  -81.9     47   0.00     96   15.1  363.9  363.9  363.9
  114.3  16039  -77.3  -82.0     47   0.00     97   15.3  364.0  364.1  364.0
  114.1  16052  -77.4  -82.2     46   0.00     97   15.4  364.0  364.0  364.0
  113.8  16065  -77.5  -82.3     46   0.00     98   15.5  364.1  364.1  364.1
  113.5  16079  -77.6  -82.4     46   0.00     99   15.6  364.2  364.2  364.2
  113.3  16092  -77.6  -82.5     46   0.00     99   15.7  364.3  364.3  364.3
  113.0  16104  -77.7  -82.5     46   0.00    100   15.7  364.5  364.5  364.5
  112.8  16118  -77.8  -82.7     45   0.00    100   15.8  364.4  364.5  364.4
  112.5  16132  -77.9  -82.8     45   0.00    100   15.8  364.5  364.5  364.5
  112.2  16147  -78.0  -83.0     45   0.00    101   15.8  364.5  364.5  364.5
  111.9  16162  -78.2  -83.1     45   0.00    101   15.8  364.5  364.6  364.5
  111.6  16176  -78.3  -83.2     45   0.00    101   15.9  364.6  364.6  364.6
  111.3  16191  -78.4  -83.3     45   0.00    101   15.9  364.6  364.7  364.6
  111.0  16207  -78.6  -83.4     45   0.00    102   15.9  364.6  364.6  364.6
  110.7  16224  -78.7  -83.5     46   0.00    102   16.0  364.6  364.7  364.6
  110.4  16237  -78.8  -83.6     46   0.00    102   16.1  364.7  364.8  364.7
  110.2  16248  -78.9  -83.7     46   0.00    102   16.2  364.7  364.7  364.7
  110.0  16261  -79.1  -83.8     46   0.00    102   16.4  364.7  364.7  364.7
  109.7  16277  -79.2  -83.9     46   0.00    102   16.5  364.7  364.7  364.7
  109.3  16295  -79.3  -84.1     46   0.00    102   16.7  364.8  364.9  364.8
  109.0  16310  -79.4  -84.2     46   0.00    102   16.9  364.9  364.9  364.9
  108.7  16324  -79.5  -84.3     46   0.00    102   17.1  365.0  365.0  365.0
  108.5  16338  -79.6  -84.3     46   0.00    102   17.4  365.0  365.0  365.0
  108.2  16352  -79.8  -84.4     47   0.00    102   17.6  365.1  365.1  365.1
  108.0  16365  -79.9  -84.5     47   0.00    102   17.8  365.0  365.1  365.0
  107.7  16379  -80.0  -84.6     47   0.00    102   18.1  365.1  365.1  365.1
  107.4  16393  -80.1  -84.7     47   0.00    102   18.4  365.1  365.1  365.1
  107.2  16406  -80.3  -84.8     47   0.00    102   18.6  365.1  365.1  365.1
  107.0  16417  -80.4  -84.9     47   0.00    102   18.9  365.1  365.1  365.1
  106.7  16429  -80.5  -85.0     47   0.00    102   19.2  365.2  365.2  365.2
  106.5  16442  -80.6  -85.1     47   0.00    102   19.5  365.2  365.2  365.2
  106.2  16457  -80.6  -85.2     47   0.00    102   19.8  365.3  365.3  365.3
  105.9  16471  -80.8  -85.3     47   0.00    101   20.0  365.4  365.4  365.4
  105.7  16485  -80.9  -85.5     46   0.00    101   20.3  365.4  365.4  365.4
  105.5  16497  -81.0  -85.6     46   0.00    101   20.5  365.4  365.4  365.4
  105.2  16510  -81.0  -85.7     45   0.00    101   20.7  365.7  365.7  365.7
  105.0  16522  -80.9  -85.6     45   0.00    101   20.9  366.1  366.1  366.1
  104.8  16535  -80.8  -85.6     45   0.00    101   20.9  366.5  366.5  366.5
  104.5  16548  -80.6  -85.5     44   0.00    101   20.9  367.1  367.1  367.1
  104.3  16561  -80.5  -85.4     44   0.00    100   20.9  367.5  367.6  367.5
  104.1  16573  -80.4  -85.4     44   0.00    100   20.7  367.8  367.9  367.8
  103.8  16585  -80.5  -85.4     44   0.00    100   20.5  368.0  368.0  368.0
  103.6  16598  -80.6  -85.5     44   0.00     99   20.2  368.0  368.1  368.0
  103.4  16611  -80.7  -85.6     44   0.00     99   19.9  368.1  368.1  368.1
  103.1  16625  -80.8  -85.7     44   0.00     98   19.5  368.1  368.2  368.1
  102.8  16640  -80.9  -85.7     45   0.00     97   19.1  368.2  368.2  368.2
  102.5  16657  -81.0  -85.8     45   0.00     96   18.7  368.3  368.3  368.3
  102.2  16673  -81.1  -85.8     45   0.00     95   18.4  368.5  368.6  368.6
  102.0  16688  -81.0  -85.6     46   0.00     94   18.0  368.9  368.9  368.9
  101.7  16702  -81.0  -85.5     46   0.00     92   17.6  369.3  369.3  369.3
  101.4  16716  -81.0  -85.6     47   0.00     91   17.3  369.5  369.5  369.5
  101.2  16732  -81.1  -85.7     47   0.00     90   17.0  369.4  369.4  369.4
  100.9  16748  -81.3  -85.8     47   0.00     88   16.7  369.4  369.4  369.4
  100.6  16764  -81.5  -85.9     47   0.00     87   16.5  369.4  369.4  369.4
  100.3  16779  -81.6  -86.0     48   0.00     85   16.2  369.5  369.5  369.5
  100.1  16793  -81.7  -86.0     48   0.00     84   16.0  369.6  369.6  369.6
  100.0  16796  -81.7  -86.0     48   0.00     82   15.8  369.7  369.7  369.7
  100.0  16796  -81.7  -86.0     48   0.00     82   15.8  369.7  369.7  369.7
   99.9  16804  -81.7  -86.1     48   0.00     82   15.8  369.7  369.7  369.7
   99.7  16813  -81.8  -86.1     48   0.00     81   15.5  369.8  369.8  369.8
   99.5  16826  -81.8  -86.2     48   0.00     79   15.4  369.9  369.9  369.9
   99.2  16841  -81.9  -86.2     48   0.00     78   15.2  370.2  370.2  370.2
   99.0  16854  -81.9  -86.2     48   0.00     76   15.0  370.3  370.4  370.3
   98.8  16865  -81.9  -86.3     47   0.00     75   14.9  370.5  370.5  370.5
   98.6  16876  -82.0  -86.5     47   0.00     73   14.8  370.6  370.6  370.6
   98.4  16887  -82.1  -86.6     46   0.00     72   14.7  370.6  370.6  370.6
   98.2  16899  -82.2  -86.7     46   0.00     71   14.6  370.7  370.7  370.7
   98.0  16911  -82.2  -86.8     46   0.00     69   14.6  370.8  370.8  370.8
   97.7  16925  -82.2  -86.8     46   0.00     68   14.6  371.1  371.1  371.1
   97.5  16939  -82.2  -86.7     46   0.00     67   14.6  371.3  371.4  371.3
   97.2  16954  -82.2  -86.7     47   0.00     66   14.7  371.7  371.7  371.7
   97.0  16968  -82.2  -86.7     47   0.00     65   14.7  371.8  371.8  371.8
   96.8  16979  -82.3  -86.8     47   0.00     64   14.9  371.9  371.9  371.9
   96.6  16990  -82.4  -86.9     47   0.00     63   15.0  371.8  371.9  371.8
   96.4  17002  -82.6  -87.1     47   0.00     62   15.1  371.7  371.7  371.7
   96.1  17016  -82.8  -87.2     47   0.00     62   15.3  371.8  371.8  371.8
   95.9  17030  -82.9  -87.3     47   0.00     62   15.5  371.8  371.8  371.8
   95.7  17044  -82.9  -87.3     47   0.00     62   15.6  372.0  372.0  372.0
   95.4  17058  -82.9  -87.3     47   0.00     62   15.8  372.3  372.4  372.3
   95.2  17072  -82.7  -87.2     46   0.00     62   15.9  372.8  372.9  372.8
   95.0  17083  -82.5  -87.1     45   0.00     63   16.1  373.5  373.6  373.5
   94.8  17095  -82.3  -86.9     45   0.00     64   16.2  374.2  374.2  374.2
   94.6  17107  -82.2  -86.9     45   0.00     65   16.4  374.6  374.6  374.6
   94.4  17121  -82.3  -87.1     44   0.00     65   16.4  374.6  374.6  374.6
   94.1  17135  -82.4  -87.1     45   0.00     66   16.5  374.7  374.7  374.7
   93.9  17149  -82.6  -87.2     45   0.00     67   16.6  374.6  374.7  374.6
   93.7  17163  -82.6  -87.1     46   0.00     69   16.8  374.7  374.7  374.7
   93.4  17175  -82.7  -87.1     47   0.00     70   16.9  375.0  375.0  375.0
   93.3  17186  -82.7  -87.0     48   0.00     71   17.1  375.0  375.0  375.0
   93.1  17197  -82.8  -87.0     49   0.00     73   17.2  375.0  375.0  375.0
   92.9  17209  -82.9  -87.1     49   0.00     74   17.4  375.1  375.1  375.1
   92.7  17219  -83.0  -87.1     49   0.00     76   17.7  375.1  375.2  375.1
   92.5  17230  -83.1  -87.2     49   0.00     77   17.9  375.3  375.3  375.3
   92.3  17242  -83.1  -87.2     49   0.00     79   18.2  375.4  375.4  375.4
   92.2  17251  -83.1  -87.2     50   0.00     80   18.6  375.4  375.5  375.4
   92.0  17262  -83.2  -87.3     50   0.00     81   18.9  375.5  375.6  375.5
   91.8  17274  -83.3  -87.3     50   0.00     82   19.3  375.6  375.6  375.6
   91.6  17286  -83.3  -87.3     50   0.00     82   19.7  375.8  375.8  375.8
   91.4  17297  -83.4  -87.3     51   0.00     83   20.1  376.0  376.0  376.0
   91.2  17308  -83.4  -87.3     51   0.00     83   20.5  376.1  376.2  376.1
   91.1  17319  -83.4  -87.4     51   0.00     83   20.9  376.2  376.2  376.2
   90.9  17330  -83.4  -87.4     50   0.00     84   21.3  376.5  376.5  376.5
   90.7  17342  -83.3  -87.4     49   0.00     84   21.8  377.0  377.0  377.0
   90.5  17356  -83.1  -87.3     48   0.00     84   22.2  377.6  377.6  377.6
   90.3  17369  -82.9  -87.2     48   0.00     84   22.6  378.3  378.3  378.3
   90.0  17382  -82.7  -87.1     47   0.00     85   23.1  378.9  378.9  378.9
   89.8  17396  -82.7  -87.1     47   0.00     85   23.5  379.2  379.3  379.2
   89.6  17411  -82.7  -87.1     47   0.00     86   23.8  379.4  379.4  379.4
   89.3  17425  -82.8  -87.1     47   0.00     86   24.2  379.7  379.7  379.7
   89.1  17438  -82.8  -87.1     48   0.00     87   24.5  379.9  379.9  379.9
   88.9  17450  -82.7  -87.0     48   0.00     88   24.8  380.3  380.3  380.3
   88.7  17463  -82.6  -86.9     48   0.00     89   25.0  380.7  380.8  380.7
   88.5  17476  -82.4  -86.8     47   0.00     90   25.2  381.3  381.3  381.3
   88.3  17489  -82.3  -86.7     47   0.00     91   25.3  381.8  381.9  381.8
   88.1  17503  -82.1  -86.7     46   0.00     93   25.4  382.5  382.5  382.5
   87.9  17516  -81.9  -86.6     45   0.00     94   25.5  383.1  383.1  383.1
   87.7  17531  -81.7  -86.4     45   0.00     95   25.5  383.8  383.8  383.8
   87.4  17545  -81.4  -86.2     44   0.00     96   25.5  384.8  384.8  384.8
   87.3  17557  -81.1  -86.0     44   0.00     97   25.4  385.5  385.5  385.5
   87.1  17569  -80.9  -85.8     44   0.00     98   25.3  386.1  386.1  386.1
   86.9  17582  -80.8  -85.7     44   0.00     99   25.2  386.6  386.6  386.6
   86.7  17594  -80.7  -85.6     44   0.00     99   25.1  386.9  387.0  386.9
   86.5  17606  -80.7  -85.6     44   0.00    100   25.0  387.3  387.3  387.3
   86.3  17619  -80.6  -85.5     45   0.00    100   24.8  387.6  387.7  387.6
   86.1  17631  -80.5  -85.4     45   0.00    101   24.7  388.1  388.1  388.1
   85.9  17642  -80.4  -85.2     45   0.00    101   24.6  388.6  388.6  388.6
   85.8  17654  -80.4  -85.2     45   0.00    101   24.4  388.7  388.7  388.7
   85.6  17666  -80.5  -85.2     45   0.00    101   24.3  388.8  388.8  388.8
   85.4  17678  -80.6  -85.3     46   0.00    101   24.3  388.9  388.9  388.9
   85.2  17690  -80.7  -85.4     45   0.00    101   24.2  389.0  389.0  389.0
   85.0  17701  -80.8  -85.5     45   0.00    100   24.1  389.1  389.1  389.1
   84.8  17715  -80.8  -85.6     45   0.00    100   24.1  389.2  389.2  389.2
   84.6  17729  -80.9  -85.7     44   0.00     99   24.0  389.4  389.4  389.4
   84.4  17742  -80.7  -85.7     43   0.00     99   23.9  389.9  389.9  389.9
   84.3  17754  -80.5  -85.7     42   0.00     99   23.8  390.5  390.5  390.5
   84.1  17765  -80.3  -85.6     41   0.00     98   23.7  391.2  391.2  391.2
   83.9  17777  -80.2  -85.6     40   0.00     98   23.5  391.7  391.7  391.7
   83.7  17789  -80.1  -85.7     39   0.00     98   23.3  392.1  392.1  392.1
   83.6  17801  -80.1  -85.9     38   0.00     98   23.0  392.3  392.3  392.3
   83.4  17813  -80.1  -86.1     37   0.00     98   22.8  392.6  392.6  392.6
   83.2  17826  -80.0  -86.2     35   0.00     98   22.4  393.0  393.0  393.0
   83.0  17839  -79.8  -86.3     34   0.00     98   22.0  393.6  393.6  393.6
   82.8  17852  -79.4  -86.2     32   0.00     98   21.6  394.8  394.8  394.8
   82.6  17865  -78.8  -85.8     31   0.00     98   21.1  396.3  396.3  396.3
   82.4  17877  -78.3  -85.6     30   0.00     98   20.7  397.6  397.6  397.6
   82.3  17890  -78.0  -85.5     29   0.00     97   20.2  398.3  398.3  398.3
   82.1  17902  -78.0  -85.6     28   0.00     97   19.7  398.7  398.7  398.7
   81.9  17915  -78.0  -85.7     28   0.00     97   19.3  398.9  399.0  398.9
   81.7  17927  -78.0  -85.9     27   0.00     96   18.8  399.1  399.1  399.1
   81.6  17938  -78.1  -86.0     27   0.00     96   18.4  399.2  399.2  399.2
   81.4  17950  -78.1  -86.1     27   0.00     95   18.0  399.5  399.5  399.5
   81.2  17961  -78.0  -86.1     26   0.00     94   17.6  399.8  399.8  399.8
   81.1  17972  -78.0  -86.3     25   0.00     93   17.3  400.0  400.1  400.0
   80.9  17982  -77.9  -86.4     24   0.00     93   17.0  400.5  400.5  400.5
   80.8  17993  -77.7  -86.5     23   0.00     92   16.7  401.0  401.0  401.0
   80.6  18004  -77.5  -86.6     22   0.00     91   16.4  401.8  401.8  401.8
   80.5  18014  -77.2  -86.7     21   0.00     90   16.2  402.5  402.5  402.5
   80.3  18025  -76.9  -86.7     20   0.00     89   15.9  403.5  403.5  403.5
   80.2  18036  -76.4  -86.6     19   0.00     88   15.7  404.5  404.6  404.5
   80.0  18046  -76.0  -86.5     18   0.00     87   15.5  405.6  405.6  405.6
   79.9  18057  -75.8  -86.5     17   0.00     86   15.4  406.3  406.3  406.3
   79.7  18068  -75.5  -86.5     17   0.00     86   15.3  407.1  407.1  407.1
   79.6  18080  -75.3  -86.5     16   0.00     85   15.3  407.7  407.7  407.7
   79.4  18092  -75.2  -86.6     16   0.00     85   15.4  408.3  408.3  408.3
   79.3  18102  -75.1  -86.7     15   0.00     85   15.5  408.7  408.7  408.7
   79.1  18112  -75.0  -86.8     15   0.00     85   15.7  409.1  409.1  409.1
   79.0  18121  -75.0  -86.9     14   0.00     85   15.9  409.3  409.3  409.3
   78.9  18131  -75.0  -87.0     14   0.00     85   16.2  409.4  409.4  409.4
   78.7  18142  -75.0  -87.1     14   0.00     86   16.5  409.7  409.7  409.7
   78.6  18152  -75.0  -87.3     13   0.00     87   16.8  409.7  409.7  409.7
   78.5  18162  -75.0  -87.6     13   0.00     88   17.2  409.9  409.9  409.9
   78.3  18172  -75.0  -87.9     12   0.00     88   17.5  410.3  410.3  410.3
   78.2  18182  -74.8  -88.0     11   0.00     89   17.9  410.9  410.9  410.9
   78.1  18192  -74.5  -88.2     11   0.00     90   18.3  411.6  411.6  411.6
   77.9  18202  -74.2  -88.3     10   0.00     91   18.6  412.5  412.5  412.5
   77.8  18212  -73.9  -88.4      9   0.00     92   18.9  413.2  413.2  413.2
   77.7  18221  -73.7  -88.5      9   0.00     93   19.1  413.9  413.9  413.9
   77.5  18231  -73.4  -88.5      8   0.00     94   19.3  414.8  414.8  414.8
   77.4  18241  -73.1  -88.5      8   0.00     94   19.4  415.6  415.6  415.6
   77.3  18251  -72.8  -88.4      8   0.00     95   19.4  416.3  416.3  416.3
   77.1  18260  -72.6  -88.5      8   0.00     95   19.4  417.1  417.1  417.1
   77.0  18270  -72.4  -88.5      7   0.00     95   19.4  417.7  417.7  417.7
   76.9  18280  -72.1  -88.6      7   0.00     95   19.3  418.3  418.3  418.3
   76.8  18290  -71.9  -88.6      7   0.00     94   19.1  419.0  419.0  419.0
   76.6  18300  -71.5  -88.6      6   0.00     94   19.0  420.0  420.0  420.0
   76.5  18311  -71.2  -88.5      6   0.00     94   18.9  420.9  420.9  420.9
   76.4  18321  -70.9  -88.4      6   0.00     93   18.7  421.7  421.7  421.7
   76.2  18330  -70.7  -88.4      6   0.00     92   18.6  422.4  422.4  422.4
   76.1  18338  -70.6  -88.5      6   0.00     92   18.5  422.8  422.8  422.8
   76.0  18348  -70.5  -88.6      6   0.00     91   18.4  423.1  423.1  423.1
   75.9  18358  -70.5  -88.6      5   0.00     91   18.4  423.4  423.4  423.4
   75.7  18369  -70.4  -88.7      5   0.00     90   18.4  423.9  423.9  423.9
   75.6  18378  -70.3  -88.7      5   0.00     90   18.4  424.2  424.2  424.2
   75.5  18388  -70.2  -88.8      5   0.00     90   18.4  424.6  424.6  424.6
   75.4  18398  -70.1  -88.9      5   0.00     89   18.4  424.9  424.9  424.9
   75.2  18409  -70.1  -89.0      5   0.00     89   18.5  425.4  425.4  425.4
   75.1  18419  -70.0  -89.1      5   0.00     90   18.6  425.7  425.7  425.7
   75.0  18429  -69.9  -89.2      5   0.00     90   18.7  426.0  426.0  426.0
   74.9  18439  -69.9  -89.3      4   0.00     90   18.9  426.3  426.3  426.3
   74.7  18450  -69.8  -89.4      4   0.00     90   19.0  426.8  426.8  426.8
   74.6  18460  -69.7  -89.5      4   0.00     91   19.2  427.1  427.1  427.1
   74.5  18470  -69.6  -89.5      4   0.00     91   19.4  427.5  427.5  427.5
   74.3  18480  -69.5  -89.5      4   0.00     92   19.6  428.0  428.0  428.0
   74.2  18491  -69.5  -89.6      4   0.00     93   19.8  428.2  428.2  428.2
   74.1  18503  -69.5  -89.6      4   0.00     94   20.0  428.3  428.4  428.3
   73.9  18515  -69.5  -89.7      4   0.00     94   20.3  428.6  428.6  428.6
   73.8  18526  -69.6  -89.7      4   0.00     95   20.5  428.7  428.7  428.7
   73.6  18537  -69.6  -89.6      4   0.00     96   20.7  429.0  429.0  429.0
   73.5  18548  -69.6  -89.6      4   0.00     97   20.9  429.2  429.2  429.2
   73.4  18559  -69.6  -89.5      4   0.00     98   21.0  429.4  429.4  429.4
   73.2  18570  -69.6  -89.4      4   0.00     99   21.2  429.7  429.7  429.7
   73.1  18582  -69.6  -89.4      4   0.00    100   21.3  429.8  429.8  429.8
   72.9  18593  -69.7  -89.3      4   0.00    101   21.4  430.0  430.0  430.0
   72.8  18604  -69.7  -89.3      4   0.00    102   21.5  430.1  430.1  430.1
   72.7  18614  -69.8  -89.3      4   0.00    103   21.6  430.1  430.1  430.1
   72.6  18624  -69.8  -89.3      4   0.00    103   21.7  430.2  430.3  430.2
   72.4  18634  -69.8  -89.3      4   0.00    104   21.7  430.6  430.6  430.6
   72.3  18645  -69.8  -89.2      4   0.00    104   21.7  430.8  430.8  430.8
   72.2  18657  -69.7  -89.2      4   0.00    105   21.8  431.0  431.0  431.0
   72.0  18668  -69.7  -89.1      4   0.00    105   21.8  431.4  431.4  431.4
   71.9  18679  -69.7  -89.1      4   0.00    105   21.8  431.6  431.6  431.6
   71.8  18690  -69.7  -89.0      4   0.00    105   21.8  431.9  431.9  431.9
   71.6  18701  -69.6  -89.0      4   0.00    106   21.9  432.4  432.4  432.4
   71.5  18712  -69.6  -88.9      5   0.00    106   22.0  432.6  432.6  432.6
   71.4  18724  -69.6  -88.9      5   0.00    106   22.0  432.7  432.7  432.7
   71.2  18734  -69.7  -89.0      5   0.00    107   22.2  432.9  432.9  432.9
   71.1  18745  -69.8  -89.0      5   0.00    107   22.3  432.9  432.9  432.9
   71.0  18757  -69.9  -89.1      5   0.00    108   22.5  432.8  432.9  432.8
   70.8  18769  -70.0  -89.2      5   0.00    108   22.7  433.0  433.0  433.0
   70.7  18782  -70.0  -89.2      5   0.00    109   22.8  433.0  433.0  433.0
   70.5  18795  -70.0  -89.2      5   0.00    109   23.0  433.4  433.4  433.4
   70.4  18807  -69.9  -89.2      5   0.00    110   23.2  433.7  433.8  433.7
   70.2  18819  -69.8  -89.1      5   0.00    110   23.4  434.4  434.4  434.4
   70.1  18831  -69.6  -89.0      4   0.00    110   23.5  434.9  434.9  434.9
   70.0  18838  -69.6  -89.0      4   0.00    110   23.5  435.2  435.3  435.2
   69.9  18844  -69.5  -89.0      4   0.00    111   23.7  435.5  435.5  435.5
   69.8  18856  -69.4  -89.0      4   0.00    111   23.8  435.8  435.8  435.8
   69.7  18868  -69.4  -89.0      4   0.00    111   23.8  436.1  436.1  436.1
   69.5  18881  -69.4  -89.1      4   0.00    111   23.8  436.5  436.5  436.5
   69.4  18894  -69.3  -89.1      4   0.00    111   23.7  436.8  436.8  436.8
   69.2  18907  -69.2  -89.0      4   0.00    110   23.6  437.4  437.4  437.4
   69.1  18919  -69.1  -89.0      4   0.00    110   23.4  437.8  437.8  437.8
   68.9  18933  -69.0  -88.9      4   0.00    110   23.2  438.3  438.3  438.3
   68.8  18946  -69.0  -88.9      4   0.00    109   23.0  438.6  438.6  438.6
   68.6  18958  -69.0  -89.0      4   0.00    108   22.7  439.0  439.0  439.0
   68.5  18970  -69.0  -89.0      4   0.00    108   22.5  439.2  439.2  439.2
   68.3  18982  -69.0  -89.0      4   0.00    107   22.2  439.6  439.6  439.6
   68.2  18996  -69.0  -89.1      4   0.00    106   22.0  439.8  439.8  439.8
   68.0  19009  -69.0  -89.1      4   0.00    106   21.8  440.2  440.2  440.2
   67.9  19022  -68.9  -89.0      4   0.00    105   21.6  440.4  440.4  440.4
   67.7  19035  -68.9  -89.0      4   0.00    104   21.4  440.8  440.8  440.8
   67.6  19048  -68.9  -89.0      4   0.00    104   21.3  441.0  441.0  441.0
   67.4  19060  -68.9  -88.9      4   0.00    103   21.2  441.4  441.4  441.4
   67.3  19073  -68.9  -88.9      4   0.00    103   21.1  441.5  441.5  441.5
   67.2  19085  -68.9  -88.9      4   0.00    102   21.0  441.7  441.7  441.7
   67.0  19098  -69.0  -88.8      4   0.00    101   21.0  441.9  441.9  441.9
   66.9  19111  -69.1  -88.9      4   0.00    101   20.9  442.0  442.0  442.0
   66.7  19123  -69.1  -88.9      4   0.00    100   20.9  442.2  442.2  442.2
   66.6  19135  -69.2  -88.9      4   0.00     99   20.9  442.2  442.2  442.2
   66.5  19147  -69.3  -88.9      4   0.00     98   20.9  442.2  442.2  442.2
   66.3  19160  -69.4  -88.9      4   0.00     98   20.9  442.4  442.5  442.4
   66.2  19173  -69.4  -88.9      4   0.00     97   20.9  442.5  442.5  442.5
   66.0  19187  -69.5  -88.9      4   0.00     96   20.9  442.7  442.8  442.7
   65.8  19204  -69.6  -89.0      4   0.00     95   21.0  443.0  443.0  443.0
   65.7  19218  -69.6  -89.0      5   0.00     94   21.0  443.1  443.1  443.1
   65.6  19227  -69.7  -89.0      5   0.00     94   21.1  443.1  443.2  443.1
   65.5  19236  -69.7  -89.0      5   0.00     93   21.2  443.2  443.2  443.2
   65.4  19247  -69.8  -89.1      5   0.00     92   21.4  443.3  443.3  443.3
   65.2  19259  -69.8  -89.1      5   0.00     91   21.5  443.7  443.7  443.7
   65.1  19271  -69.8  -89.1      5   0.00     91   21.7  443.8  443.8  443.8
   65.0  19283  -69.8  -89.1      5   0.00     90   22.0  444.0  444.0  444.0
   64.9  19294  -69.8  -89.2      5   0.00     89   22.2  444.1  444.1  444.1
   64.7  19306  -69.9  -89.2      4   0.00     88   22.6  444.5  444.5  444.5
   64.6  19318  -69.9  -89.2      4   0.00     88   22.9  444.6  444.6  444.6
   64.5  19330  -69.9  -89.3      4   0.00     87   23.3  444.8  444.8  444.8
   64.3  19341  -69.9  -89.3      4   0.00     87   23.7  445.2  445.2  445.2
   64.2  19353  -69.9  -89.3      4   0.00     86   24.1  445.4  445.5  445.5
   64.1  19365  -69.9  -89.4      4   0.00     86   24.5  445.7  445.7  445.7
   64.0  19376  -69.8  -89.4      4   0.00     86   24.9  445.9  445.9  445.9
   63.9  19386  -69.8  -89.5      4   0.00     86   25.3  446.1  446.1  446.1
   63.7  19398  -69.8  -89.6      4   0.00     86   25.6  446.5  446.5  446.5
   63.6  19410  -69.8  -89.6      4   0.00     86   25.9  446.8  446.8  446.8
   63.5  19420  -69.7  -89.7      4   0.00     86   26.1  447.2  447.2  447.2
   63.4  19430  -69.6  -89.7      4   0.00     86   26.3  447.7  447.7  447.7
   63.3  19440  -69.4  -89.7      4   0.00     87   26.4  448.2  448.2  448.2
   63.2  19451  -69.2  -89.6      4   0.00     87   26.5  448.8  448.9  448.8
   63.1  19460  -69.0  -89.5      4   0.00     87   26.5  449.5  449.5  449.5
   63.0  19471  -68.9  -89.5      4   0.00     87   26.4  450.1  450.1  450.1
   62.8  19481  -68.7  -89.5      4   0.00     88   26.3  450.7  450.7  450.7
   62.7  19492  -68.7  -89.5      4   0.00     88   26.2  451.1  451.1  451.1
   62.6  19502  -68.6  -89.5      4   0.00     88   26.1  451.5  451.5  451.5
   62.5  19512  -68.6  -89.5      4   0.00     88   26.0  451.7  451.8  451.7
   62.4  19522  -68.5  -89.5      4   0.00     88   25.9  452.0  452.1  452.0
   62.3  19532  -68.5  -89.5      4   0.00     89   25.8  452.3  452.3  452.3
   62.2  19543  -68.5  -89.5      3   0.00     89   25.7  452.4  452.5  452.4
   62.1  19553  -68.6  -89.6      3   0.00     89   25.7  452.6  452.6  452.6
   62.0  19563  -68.6  -89.7      3   0.00     89   25.6  452.6  452.6  452.6
   61.9  19574  -68.7  -89.8      3   0.00     89   25.6  452.7  452.7  452.7
   61.8  19584  -68.7  -89.8      3   0.00     89   25.6  452.9  452.9  452.9
   61.7  19594  -68.6  -89.8      3   0.00     89   25.6  453.3  453.3  453.3
   61.6  19604  -68.5  -89.8      3   0.00     89   25.6  453.8  453.8  453.8
   61.5  19614  -68.3  -89.7      3   0.00     89   25.7  454.3  454.3  454.3
   61.4  19623  -68.3  -89.7      3   0.00     90   25.7  454.7  454.7  454.7
   61.3  19633  -68.2  -89.7      3   0.00     90   25.8  455.1  455.1  455.1
   61.2  19644  -68.2  -89.8      3   0.00     90   25.9  455.4  455.4  455.4
   61.0  19655  -68.1  -89.8      3   0.00     90   25.9  455.9  455.9  455.9
   60.9  19666  -68.1  -89.9      3   0.00     90   26.0  456.2  456.2  456.2
   60.8  19677  -68.0  -89.9      3   0.00     90   26.1  456.6  456.6  456.6
   60.7  19687  -67.8  -89.9      3   0.00     91   26.2  457.2  457.2  457.2
   60.6  19697  -67.7  -89.8      3   0.00     91   26.3  457.8  457.8  457.8
   60.5  19707  -67.5  -89.7      3   0.00     91   26.4  458.3  458.3  458.3
   60.4  19717  -67.5  -89.8      3   0.00     91   26.6  458.7  458.7  458.7
   60.3  19727  -67.5  -89.8      3   0.00     91   26.6  458.9  458.9  458.9
   60.2  19737  -67.5  -89.9      3   0.00     91   26.7  459.1  459.1  459.1
   60.1  19746  -67.5  -89.9      3   0.00     91   26.9  459.2  459.3  459.2
   60.0  19756  -67.5  -89.9      3   0.00     91   26.9  459.5  459.5  459.5
   59.9  19765  -67.4  -89.9      3   0.00     91   27.0  459.9  459.9  459.9
   59.8  19784  -67.1  -89.8      3   0.00     92   27.0  460.7  460.7  460.7
   59.7  19795  -67.0  -89.8      3   0.00     92   27.0  461.2  461.3  461.2
   59.6  19805  -66.8  -89.7      3   0.00     92   27.0  461.8  461.8  461.8
   59.4  19816  -66.7  -89.7      3   0.00     92   26.9  462.5  462.5  462.5
   59.3  19827  -66.6  -89.7      3   0.00     92   26.9  462.9  462.9  462.9
   59.2  19838  -66.6  -89.8      3   0.00     92   26.8  463.2  463.2  463.2
   59.1  19848  -66.6  -89.8      3   0.00     92   26.8  463.4  463.4  463.4
   59.0  19858  -66.6  -89.9      3   0.00     92   26.7  463.7  463.7  463.7
   58.9  19869  -66.6  -89.9      2   0.00     92   26.7  464.0  464.0  464.0
   58.8  19880  -66.5  -90.0      2   0.00     92   26.8  464.3  464.3  464.3
   58.7  19891  -66.5  -90.1      2   0.00     92   26.8  464.6  464.6  464.6
   58.6  19903  -66.4  -90.1      2   0.00     92   26.9  465.0  465.0  465.0
   58.5  19914  -66.3  -90.2      2   0.00     92   27.0  465.5  465.5  465.5
   58.4  19926  -66.1  -90.1      2   0.00     92   27.1  466.2  466.2  466.2
   58.3  19938  -65.9  -90.1      2   0.00     92   27.2  466.9  466.9  466.9
   58.1  19951  -65.7  -90.1      2   0.00     92   27.3  467.7  467.8  467.7
   58.0  19962  -65.6  -90.1      2   0.00     92   27.3  468.3  468.3  468.3
   57.9  19971  -65.5  -90.1      2   0.00     93   27.4  468.7  468.7  468.7
   57.8  19982  -65.4  -90.1      2   0.00     93   27.4  469.1  469.1  469.1
   57.7  19992  -65.3  -90.1      2   0.00     94   27.4  469.5  469.5  469.5
   57.6  20002  -65.2  -90.1      2   0.00     94   27.3  470.0  470.0  470.0
   57.5  20013  -65.1  -90.0      2   0.00     95   27.2  470.5  470.5  470.5
   57.4  20024  -65.0  -90.0      2   0.00     96   27.1  471.0  471.0  471.0
   57.3  20036  -64.9  -89.9      2   0.00     96   26.9  471.4  471.4  471.4
   57.2  20047  -64.9  -89.9      2   0.00     97   26.8  471.7  471.7  471.7
   57.1  20058  -64.9  -89.9      2   0.00     98   26.6  471.9  471.9  471.9
   57.0  20068  -64.9  -89.9      2   0.00     98   26.4  472.0  472.0  472.0
   56.9  20079  -65.0  -89.9      2   0.00     99   26.2  472.1  472.2  472.2
   56.8  20089  -65.0  -89.9      2   0.00     99   26.1  472.3  472.3  472.3
   56.7  20099  -65.1  -89.9      2   0.00    100   25.9  472.4  472.4  472.4
   56.6  20110  -65.2  -90.0      2   0.00    100   25.7  472.4  472.4  472.4
   56.5  20122  -65.2  -90.0      2   0.00    101   25.6  472.6  472.6  472.6
   56.4  20133  -65.2  -90.1      2   0.00    101   25.4  472.9  472.9  472.9
   56.3  20144  -65.1  -90.0      2   0.00    101   25.2  473.4  473.4  473.4
   56.2  20156  -64.9  -90.0      2   0.00    102   25.1  474.0  474.0  474.0
   56.1  20168  -64.8  -89.9      2   0.00    102   24.9  474.6  474.6  474.6
   56.0  20180  -64.6  -89.9      2   0.00    103   24.8  475.1  475.1  475.1
   55.9  20192  -64.6  -89.9      2   0.00    103   24.6  475.5  475.5  475.5
   55.8  20205  -64.5  -89.9      2   0.00    104   24.4  476.0  476.0  476.0
   55.6  20217  -64.4  -89.9      2   0.00    105   24.3  476.6  476.7  476.6
   55.5  20228  -64.3  -89.9      2   0.00    105   24.1  477.0  477.0  477.0
   55.4  20240  -64.3  -89.9      2   0.00    106   24.0  477.4  477.4  477.4
   55.3  20252  -64.2  -89.9      2   0.00    107   23.9  477.8  477.8  477.8
   55.2  20264  -64.2  -89.9      2   0.00    107   23.8  478.2  478.2  478.2
   55.1  20277  -64.2  -89.9      2   0.00    108   23.8  478.4  478.4  478.4
   55.0  20289  -64.2  -89.9      2   0.00    108   23.7  478.5  478.6  478.5
   54.9  20301  -64.2  -89.9      2   0.00    109   23.7  478.7  478.8  478.7
   54.8  20314  -64.2  -89.8      2   0.00    110   23.8  479.0  479.1  479.0
   54.7  20327  -64.2  -89.8      2   0.00    110   23.8  479.4  479.4  479.4
   54.5  20340  -64.1  -89.7      2   0.00    110   23.8  480.0  480.0  480.0
   54.4  20353  -64.1  -89.6      2   0.00    111   23.9  480.4  480.4  480.4
   54.3  20365  -64.1  -89.6      2   0.00    111   23.9  480.6  480.6  480.6
   54.2  20379  -64.2  -89.6      2   0.00    111   24.0  480.7  480.7  480.7
   54.1  20392  -64.2  -89.7      2   0.00    111   24.0  480.7  480.7  480.7
   54.0  20405  -64.3  -89.7      2   0.00    111   24.0  480.8  480.8  480.8
   53.8  20419  -64.4  -89.8      2   0.00    112   24.0  481.1  481.1  481.1
   53.7  20432  -64.5  -89.8      2   0.00    112   24.0  481.2  481.2  481.2
   53.6  20446  -64.5  -89.8      2   0.00    112   24.0  481.3  481.3  481.3
   53.5  20460  -64.6  -89.8      2   0.00    112   24.0  481.5  481.5  481.5
   53.4  20473  -64.6  -89.8      2   0.00    112   24.0  481.8  481.8  481.8
   53.3  20485  -64.5  -89.8      2   0.00    112   24.0  482.1  482.1  482.1
   53.1  20499  -64.5  -89.8      2   0.00    113   24.0  482.6  482.6  482.6
   53.0  20513  -64.6  -89.9      2   0.00    113   24.0  482.8  482.8  482.8
   52.9  20526  -64.6  -89.9      2   0.00    113   23.9  482.9  483.0  482.9
   52.8  20540  -64.6  -89.9      2   0.00    113   23.9  483.2  483.2  483.2
   52.7  20554  -64.6  -90.0      2   0.00    113   23.8  483.5  483.5  483.5
   52.5  20568  -64.6  -90.0      2   0.00    113   23.7  484.1  484.1  484.1
   52.4  20582  -64.5  -90.0      2   0.00    114   23.6  484.4  484.4  484.4
   52.3  20595  -64.5  -90.0      2   0.00    114   23.4  484.8  484.8  484.8
   52.2  20610  -64.4  -90.0      2   0.00    114   23.2  485.3  485.3  485.3
   52.1  20623  -64.3  -90.0      2   0.00    114   23.0  485.8  485.8  485.8
   51.9  20637  -64.2  -90.0      2   0.00    114   22.9  486.5  486.5  486.5
   51.8  20651  -64.2  -90.0      2   0.00    113   22.6  486.9  486.9  486.9
   51.7  20664  -64.2  -90.0      2   0.00    113   22.3  487.2  487.2  487.2
   51.6  20677  -64.2  -90.0      2   0.00    113   22.0  487.4  487.4  487.4
   51.5  20691  -64.2  -90.1      2   0.00    113   21.7  487.6  487.6  487.6
   51.4  20704  -64.2  -90.1      2   0.00    112   21.4  487.9  487.9  487.9
   51.3  20718  -64.2  -90.1      2   0.00    112   21.1  488.1  488.1  488.1
   51.1  20733  -64.3  -90.1      2   0.00    111   20.7  488.5  488.5  488.5
   51.0  20748  -64.4  -90.2      2   0.00    111   20.3  488.6  488.6  488.6
   50.9  20762  -64.4  -90.2      2   0.00    110   19.9  488.7  488.7  488.7
   50.8  20775  -64.5  -90.3      2   0.00    109   19.5  488.8  488.9  488.8
   50.7  20789  -64.5  -90.3      2   0.00    108   19.1  489.0  489.0  489.0
   50.6  20803  -64.6  -90.3      2   0.00    108   18.7  489.3  489.3  489.3
   50.4  20817  -64.6  -90.4      2   0.00    107   18.3  489.8  489.8  489.8
   50.3  20831  -64.5  -90.3      2   0.00    106   18.0  490.2  490.2  490.2
   50.2  20845  -64.4  -90.3      2   0.00    106   17.7  490.7  490.7  490.7
   50.1  20858  -64.3  -90.2      2   0.00    105   17.3  491.3  491.3  491.3
   50.0  20871  -64.2  -90.2      2   0.00    105   17.3  491.8  491.8  491.8
   49.9  20886  -64.1  -90.2      2   0.00    104   16.7  492.2  492.2  492.2
   49.8  20899  -64.1  -90.2      2   0.00    104   16.4  492.6  492.7  492.6
   49.7  20913  -64.0  -90.2      2   0.00    104   16.1  493.0  493.0  493.0
   49.5  20928  -64.0  -90.2      2   0.00    104   15.8  493.6  493.7  493.6
   49.4  20941  -64.0  -90.2      2   0.00    104   15.5  493.9  494.0  493.9
   49.3  20954  -64.0  -90.1      2   0.00    104   15.3  494.2  494.2  494.2
   49.2  20967  -64.0  -90.1      2   0.00    104   15.0  494.5  494.5  494.5
   49.1  20981  -64.0  -90.1      2   0.00    103   14.7  494.7  494.7  494.7
   49.0  20995  -64.1  -90.1      2   0.00    103   14.4  494.8  494.9  494.8
   48.9  21008  -64.2  -90.2      2   0.00    102   14.1  494.9  494.9  494.9
   48.8  21021  -64.3  -90.2      2   0.00    102   13.8  494.9  494.9  494.9
   48.7  21035  -64.4  -90.2      2   0.00    101   13.6  495.0  495.0  495.0
   48.6  21050  -64.4  -90.2      2   0.00    100   13.3  495.2  495.2  495.2
   48.5  21063  -64.5  -90.2      2   0.00     99   13.1  495.3  495.4  495.3
   48.3  21076  -64.6  -90.2      2   0.00     98   12.8  495.8  495.8  495.8
   48.2  21089  -64.6  -90.2      2   0.00     97   12.6  495.9  495.9  495.9
   48.1  21103  -64.7  -90.2      2   0.00     95   12.4  496.1  496.1  496.1
   48.0  21116  -64.7  -90.2      2   0.00     94   12.3  496.3  496.3  496.3
   47.9  21129  -64.7  -90.2      2   0.00     92   12.1  496.6  496.6  496.6
   47.8  21143  -64.8  -90.2      2   0.00     91   11.9  496.8  496.8  496.8
   47.7  21156  -64.8  -90.2      2   0.00     90   11.8  497.0  497.0  497.0
   47.6  21169  -64.9  -90.3      2   0.00     88   11.7  497.1  497.1  497.1
   47.5  21183  -65.0  -90.3      2   0.00     87   11.6  497.2  497.2  497.2
   47.4  21196  -65.0  -90.3      2   0.00     85   11.5  497.3  497.3  497.3
   47.3  21209  -65.1  -90.3      2   0.00     84   11.4  497.4  497.4  497.4
   47.2  21223  -65.2  -90.4      2   0.00     83   11.4  497.5  497.5  497.5
   47.1  21236  -65.3  -90.4      2   0.00     81   11.4  497.6  497.6  497.6
   47.0  21249  -65.4  -90.4      2   0.00     80   11.4  497.7  497.8  497.7
   46.9  21261  -65.5  -90.4      2   0.00     79   11.4  497.8  497.8  497.8
   46.8  21273  -65.5  -90.4      2   0.00     78   11.5  497.9  498.0  497.9
   46.7  21285  -65.6  -90.4      2   0.00     77   11.6  498.1  498.1  498.1
   46.6  21297  -65.7  -90.4      2   0.00     76   11.7  498.2  498.3  498.2
   46.5  21310  -65.7  -90.4      2   0.00     75   11.9  498.4  498.4  498.4
   46.4  21324  -65.8  -90.4      2   0.00     74   12.1  498.6  498.7  498.6
   46.3  21337  -65.8  -90.4      2   0.00     73   12.4  498.8  498.9  498.8
   46.2  21350  -65.8  -90.4      2   0.00     73   12.7  499.1  499.1  499.1
   46.1  21363  -65.9  -90.4      2   0.00     72   13.0  499.2  499.3  499.2
   46.0  21373  -65.9  -90.4      2   0.00     72   13.3  499.4  499.5  499.4
   45.9  21396  -66.0  -90.5      2   0.00     71   13.9  499.6  499.6  499.6
   45.8  21408  -66.1  -90.6      2   0.00     71   14.2  499.7  499.8  499.7
   45.7  21422  -66.1  -90.7      2   0.00     71   14.6  499.9  499.9  499.9
   45.6  21435  -66.2  -90.8      2   0.00     70   15.0  500.1  500.1  500.1
   45.5  21447  -66.2  -90.9      2   0.00     70   15.4  500.3  500.3  500.3
   45.4  21460  -66.3  -90.9      2   0.00     70   15.7  500.5  500.6  500.5
   45.3  21472  -66.2  -91.0      2   0.00     70   16.0  500.9  500.9  500.9
   45.2  21482  -66.2  -91.0      2   0.00     70   16.3  501.2  501.2  501.2
   45.1  21503  -66.2  -91.1      2   0.00     70   16.9  501.7  501.7  501.7
   45.0  21516  -66.1  -91.1      2   0.00     70   17.2  502.1  502.1  502.1
   44.9  21527  -66.1  -91.1      2   0.00     69   17.5  502.5  502.6  502.5
   44.8  21538  -66.0  -91.1      2   0.00     69   17.7  503.0  503.0  503.0
   44.7  21548  -66.0  -91.1      2   0.00     69   18.0  503.4  503.4  503.4
   44.6  21568  -66.0  -91.1      2   0.00     69   18.6  503.8  503.8  503.8
   44.5  21578  -66.0  -91.1      2   0.00     70   18.9  504.0  504.1  504.0
   44.4  21596  -66.0  -91.2      2   0.00     70   19.6  504.5  504.5  504.5
   44.3  21606  -65.9  -91.1      2   0.00     70   20.0  504.9  504.9  504.9
   44.2  21616  -65.9  -91.1      2   0.00     71   20.3  505.3  505.3  505.3
   44.1  21638  -65.9  -91.2      2   0.00     71   20.9  505.6  505.6  505.6
   44.0  21648  -65.9  -91.3      2   0.00     72   21.2  505.9  505.9  505.9
   43.9  21658  -65.9  -91.3      2   0.00     72   21.5  506.2  506.3  506.2
   43.8  21676  -65.8  -91.3      2   0.00     74   22.0  506.9  506.9  506.9
   43.7  21685  -65.6  -91.3      2   0.00     74   22.2  507.5  507.6  507.5
   43.6  21703  -65.4  -91.2      2   0.00     76   22.6  508.5  508.5  508.5
   43.5  21712  -65.3  -91.2      2   0.00     76   22.7  509.1  509.1  509.1
   43.4  21732  -65.2  -91.2      2   0.00     78   23.0  509.7  509.7  509.7
   43.3  21741  -65.2  -91.3      2   0.00     78   23.2  510.0  510.0  510.0
   43.2  21758  -65.1  -91.3      2   0.00     80   23.5  510.4  510.4  510.4
   43.1  21775  -65.0  -91.3      2   0.00     81   23.8  511.1  511.1  511.1
   43.0  21785  -64.9  -91.3      2   0.00     82   23.9  511.8  511.8  511.8
   42.9  21802  -64.6  -91.2      2   0.00     83   24.2  512.8  512.9  512.8
   42.8  21810  -64.4  -91.1      1   0.00     83   24.4  513.5  513.5  513.5
   42.7  21826  -64.2  -91.0      1   0.00     84   24.6  514.3  514.4  514.3
   42.6  21842  -64.1  -91.0      1   0.00     85   24.8  515.0  515.0  515.0
   42.5  21859  -64.0  -90.9      1   0.00     86   25.0  515.6  515.6  515.6
   42.4  21868  -64.0  -90.9      1   0.00     86   25.0  516.0  516.0  516.0
   42.3  21887  -64.0  -90.9      1   0.00     87   25.0  516.4  516.5  516.4
   42.2  21897  -63.9  -90.9      1   0.00     87   24.9  516.8  516.9  516.8
   42.1  21916  -63.8  -90.9      1   0.00     88   24.8  517.4  517.4  517.4
   42.0  21925  -63.8  -90.8      1   0.00     88   24.7  517.9  518.0  517.9
   41.9  21944  -63.6  -90.8      1   0.00     89   24.6  518.7  518.7  518.7
   41.8  21964  -63.5  -90.8      1   0.00     91   24.4  519.3  519.4  519.3
   41.7  21975  -63.4  -90.8      1   0.00     91   24.4  519.9  519.9  519.9
   41.6  21985  -63.3  -90.8      1   0.00     91   24.3  520.5  520.6  520.5
   41.5  22006  -63.0  -90.7      1   0.00     92   24.1  521.5  521.5  521.5
   41.4  22016  -62.9  -90.7      1   0.00     92   24.0  522.2  522.2  522.2
   41.3  22038  -62.7  -90.7      1   0.00     92   23.8  523.1  523.1  523.1
   41.2  22050  -62.6  -90.7      1   0.00     92   23.6  523.6  523.6  523.6
   41.1  22061  -62.6  -90.6      1   0.00     92   23.5  524.2  524.2  524.2
   41.0  22086  -62.4  -90.6      1   0.00     91   23.1  524.9  524.9  524.9
   40.9  22097  -62.4  -90.5      1   0.00     91   22.9  525.4  525.4  525.4
   40.8  22109  -62.3  -90.5      1   0.00     91   22.7  525.9  525.9  525.9
   40.7  22121  -62.3  -90.4      1   0.00     91   22.5  526.4  526.4  526.4
   40.6  22144  -62.2  -90.4      1   0.00     90   22.0  526.9  526.9  526.9
   40.5  22157  -62.2  -90.3      1   0.00     90   21.8  527.2  527.3  527.2
   40.4  22169  -62.2  -90.3      1   0.00     90   21.6  527.6  527.6  527.6
   40.3  22181  -62.2  -90.3      1   0.00     90   21.4  527.9  527.9  527.9
   40.2  22206  -62.2  -90.2      1   0.00     91   21.0  528.5  528.5  528.5
   40.1  22219  -62.1  -90.2      1   0.00     91   20.9  529.0  529.0  529.0
   40.0  22233  -62.1  -90.2      1   0.00     92   20.7  529.4  529.5  529.4
   39.9  22246  -62.1  -90.1      1   0.00     92   20.7  529.8  529.8  529.8
   39.8  22259  -62.1  -90.1      1   0.00     93   20.6  530.1  530.1  530.1
   39.7  22273  -62.1  -90.1      1   0.00     93   20.6  530.5  530.5  530.5
   39.6  22298  -62.1  -90.0      1   0.00     94   20.6  530.8  530.9  530.8
   39.5  22311  -62.1  -90.0      1   0.00     95   20.6  531.2  531.2  531.2
   39.4  22325  -62.2  -90.0      1   0.00     95   20.6  531.6  531.6  531.6
   39.3  22339  -62.2  -89.9      1   0.00     96   20.6  531.9  531.9  531.9
   39.2  22353  -62.2  -89.9      1   0.00     96   20.6  532.1  532.2  532.1
   39.1  22367  -62.3  -89.9      1   0.00     97   20.5  532.4  532.4  532.4
   39.0  22395  -62.4  -89.9      1   0.00     98   20.4  532.4  532.4  532.4
   38.9  22410  -62.5  -89.9      1   0.00     98   20.3  532.6  532.7  532.6
   38.8  22423  -62.5  -89.9      1   0.00     99   20.2  532.9  533.0  532.9
   38.7  22438  -62.6  -89.9      1   0.00     99   20.1  533.2  533.2  533.2
   38.6  22453  -62.6  -89.9      1   0.00     99   20.0  533.5  533.6  533.5
   38.5  22468  -62.6  -89.9      1   0.00     99   20.0  533.9  533.9  533.9
   38.4  22482  -62.7  -89.9      1   0.00     99   19.9  534.1  534.2  534.1
   38.3  22495  -62.7  -90.0      1   0.00     99   20.0  534.4  534.4  534.4
   38.2  22524  -62.8  -90.0      1   0.00     98   20.1  534.6  534.6  534.6
   38.1  22539  -62.8  -89.9      1   0.00     98   20.3  535.0  535.0  535.0
   38.0  22554  -62.8  -89.9      2   0.00     97   20.5  535.4  535.4  535.4
   37.9  22570  -62.9  -89.9      2   0.00     96   20.7  535.7  535.7  535.7
   37.8  22584  -62.9  -89.9      2   0.00     96   21.0  536.0  536.0  536.0
   37.7  22599  -63.0  -89.9      2   0.00     95   21.2  536.2  536.2  536.2
   37.6  22615  -63.1  -89.9      2   0.00     94   21.5  536.4  536.4  536.4
   37.5  22631  -63.2  -89.9      2   0.00     94   21.9  536.5  536.5  536.5
   37.4  22645  -63.3  -89.9      2   0.00     93   22.2  536.5  536.6  536.5
   37.3  22661  -63.5  -89.9      2   0.00     93   22.5  536.6  536.6  536.6
   37.2  22676  -63.6  -90.0      2   0.00     92   22.9  536.6  536.7  536.6
   37.1  22691  -63.7  -90.0      2   0.00     92   23.2  536.7  536.8  536.7
   37.0  22707  -63.8  -90.1      2   0.00     92   23.6  536.9  537.0  536.9
   36.9  22723  -63.9  -90.1      2   0.00     91   23.9  537.2  537.2  537.2
   36.8  22754  -64.0  -90.2      2   0.00     91   24.7  537.3  537.3  537.3
   36.7  22771  -64.1  -90.2      2   0.00     91   25.0  537.5  537.6  537.5
   36.6  22787  -64.1  -90.3      2   0.00     91   25.4  537.8  537.9  537.8
   36.5  22802  -64.2  -90.4      2   0.00     91   25.8  538.1  538.1  538.1
   36.4  22817  -64.2  -90.4      2   0.00     92   26.2  538.4  538.4  538.4
   36.3  22833  -64.3  -90.5      2   0.00     92   26.6  538.7  538.7  538.7
   36.2  22848  -64.3  -90.6      2   0.00     92   27.0  539.0  539.0  539.0
   36.1  22864  -64.4  -90.7      2   0.00     92   27.3  539.3  539.3  539.3
   36.0  22880  -64.4  -90.8      2   0.00     92   27.7  539.6  539.6  539.6
   35.9  22898  -64.5  -90.9      2   0.00     92   28.1  539.9  539.9  539.9
   35.8  22914  -64.5  -91.0      2   0.00     93   28.4  540.2  540.3  540.3
   35.7  22930  -64.5  -91.0      2   0.00     93   28.8  540.8  540.8  540.8
   35.6  22946  -64.4  -91.0      2   0.00     93   29.1  541.5  541.5  541.5
   35.5  22961  -64.2  -90.9      1   0.00     93   29.4  542.4  542.4  542.4
   35.4  22977  -64.0  -90.8      1   0.00     93   29.7  543.4  543.4  543.4
   35.3  22993  -63.9  -90.7      1   0.00     94   29.9  544.1  544.1  544.1
   35.2  23025  -63.9  -90.9      1   0.00     94   30.3  544.4  544.5  544.4
   35.1  23041  -63.9  -90.9      1   0.00     94   30.5  544.8  544.8  544.8
   35.0  23056  -63.9  -91.0      1   0.00     95   30.6  545.2  545.2  545.2
   34.9  23072  -63.9  -91.0      1   0.00     95   30.6  545.7  545.7  545.7
   34.8  23088  -63.9  -91.0      1   0.00     95   30.6  546.3  546.3  546.3
   34.7  23103  -63.8  -91.0      1   0.00     95   30.5  546.8  546.8  546.8
   34.6  23118  -63.8  -91.1      1   0.00     95   30.4  547.4  547.4  547.4
   34.5  23147  -63.7  -91.1      1   0.00     95   30.0  548.2  548.2  548.2
   34.4  23161  -63.5  -91.1      1   0.00     95   29.7  548.9  549.0  548.9
   34.3  23176  -63.4  -91.0      1   0.00     95   29.5  549.8  549.9  549.8
   34.2  23191  -63.2  -90.9      1   0.00     95   29.2  550.8  550.8  550.8
   34.1  23205  -63.0  -90.9      1   0.00     96   28.9  551.7  551.7  551.7
   34.0  23236  -62.8  -90.7      1   0.00     96   28.3  552.8  552.8  552.8
   33.9  23250  -62.7  -90.7      1   0.00     96   28.1  553.5  553.5  553.5
   33.8  23264  -62.7  -90.6      1   0.00     97   27.9  554.0  554.0  554.0
   33.7  23278  -62.7  -90.6      1   0.00     97   27.8  554.4  554.4  554.4
   33.6  23305  -62.8  -90.7      1   0.00     98   27.7  554.5  554.6  554.5
   33.5  23319  -62.9  -90.6      1   0.00     98   27.6  554.9  554.9  554.9
   33.4  23333  -62.9  -90.6      1   0.00     98   27.7  555.4  555.4  555.4
   33.3  23358  -62.8  -90.5      1   0.00     98   27.8  556.1  556.1  556.1
   33.2  23371  -62.8  -90.5      1   0.00     98   27.8  556.6  556.6  556.6
   33.1  23397  -62.8  -90.5      1   0.00     98   27.9  557.0  557.0  557.0
   33.0  23410  -62.8  -90.5      1   0.00     98   27.9  557.6  557.6  557.6
   32.9  23434  -62.6  -90.5      1   0.00     97   27.8  558.4  558.5  558.4
   32.8  23446  -62.5  -90.4      1   0.00     96   27.7  559.2  559.2  559.2
   32.7  23470  -62.3  -90.3      1   0.00     95   27.4  560.3  560.4  560.3
   32.6  23482  -62.2  -90.3      1   0.00     94   27.2  561.1  561.2  561.1
   32.5  23506  -62.0  -90.3      1   0.00     93   26.8  561.9  561.9  561.9
   32.4  23531  -62.1  -90.3      1   0.00     91   26.4  562.3  562.4  562.3
   32.3  23543  -62.1  -90.4      1   0.00     90   26.2  562.7  562.7  562.7
   32.2  23566  -62.2  -90.5      1   0.00     89   26.0  563.0  563.1  563.0
   32.1  23579  -62.2  -90.5      1   0.00     88   26.0  563.5  563.6  563.5
   32.0  23603  -62.1  -90.5      1   0.00     87   26.0  564.3  564.4  564.3
   31.9  23625  -61.9  -90.4      1   0.00     86   26.2  565.4  565.4  565.4
   31.8  23636  -61.8  -90.4      1   0.00     85   26.3  566.1  566.2  566.1
   31.7  23658  -61.6  -90.4      1   0.00     84   26.7  567.2  567.3  567.2
   31.6  23679  -61.4  -90.4      1   0.00     84   27.2  568.3  568.3  568.3
   31.5  23700  -61.2  -90.4      1   0.00     84   27.6  569.3  569.3  569.3
   31.4  23721  -61.0  -90.4      1   0.00     84   28.0  570.4  570.4  570.4
   31.3  23742  -60.6  -90.3      1   0.00     84   28.4  571.8  571.9  571.8
   31.2  23753  -60.4  -90.2      1   0.00     84   28.5  572.9  572.9  572.9
   31.1  23774  -60.0  -90.1      1   0.00     85   28.9  574.6  574.6  574.6
   31.0  23796  -59.6  -90.0      1   0.00     85   29.3  576.2  576.3  576.2
   30.9  23814  -59.2  -89.9      1   0.00     85   29.7  577.7  577.7  577.7
   30.8  23835  -58.9  -89.9      1   0.00     86   30.1  579.1  579.1  579.1
   30.7  23856  -58.5  -89.7      1   0.00     87   30.3  580.8  580.9  580.8
   30.6  23879  -57.9  -89.4      1   0.00     88   30.5  582.8  582.8  582.8
   30.5  23902  -57.6  -89.2      1   0.00     89   30.6  584.4  584.4  584.4
   30.4  23922  -57.3  -89.0      1   0.00     91   30.5  585.7  585.8  585.7
   30.3  23944  -57.0  -88.8      1   0.00     92   30.4  586.9  586.9  586.9
   30.2  23968  -56.9  -88.7      1   0.01     94   30.2  587.8  587.8  587.8
   30.1  23980  -56.9  -88.7      1   0.01     95   30.1  588.4  588.5  588.4
   30.0  24009  -56.7  -88.5      1   0.01     97   30.0  589.4  589.4  589.4
   29.9  24029  -56.6  -88.3      1   0.01     98   30.1  590.3  590.4  590.3
   29.8  24043  -56.5  -88.2      1   0.01     99   30.1  591.1  591.2  591.1
   29.7  24068  -56.3  -88.0      1   0.01    100   30.4  592.1  592.2  592.1
   29.6  24091  -56.3  -87.9      1   0.01    101   30.7  592.7  592.8  592.7
   29.5  24117  -56.4  -87.9      1   0.01    102   31.1  593.1  593.1  593.1
   29.4  24130  -56.4  -87.9      1   0.01    102   31.2  593.6  593.6  593.6
   29.3  24157  -56.5  -87.8      1   0.01    103   31.5  594.1  594.2  594.1
   29.2  24170  -56.5  -87.8      1   0.01    103   31.6  594.6  594.7  594.7
   29.1  24198  -56.6  -87.9      1   0.01    104   31.6  595.0  595.0  595.0
   29.0  24223  -56.6  -87.9      1   0.01    104   31.5  595.4  595.5  595.4
   28.9  24237  -56.6  -87.9      1   0.01    104   31.3  596.2  596.2  596.2
   28.8  24265  -56.4  -87.7      1   0.01    103   30.9  597.3  597.4  597.3
   28.7  24288  -56.3  -87.6      1   0.01    103   30.5  598.1  598.2  598.1
   28.6  24303  -56.3  -87.6      1   0.01    103   30.2  598.7  598.7  598.7
   28.5  24330  -56.5  -87.7      1   0.01    102   29.5  598.8  598.9  598.8
   28.4  24356  -56.7  -87.7      1   0.01    101   28.9  598.8  598.9  598.8
   28.3  24369  -56.8  -87.7      1   0.01    101   28.6  599.2  599.2  599.2
   28.2  24396  -56.9  -87.8      1   0.01    100   28.2  599.3  599.4  599.3
   28.1  24423  -57.1  -87.9      1   0.01    100   27.8  599.5  599.6  599.5
   28.0  24438  -57.1  -87.9      1   0.01    100   27.7  600.0  600.1  600.0
   27.9  24464  -57.1  -88.0      1   0.01    100   27.6  600.7  600.7  600.7
   27.8  24491  -57.0  -88.0      1   0.01    100   27.5  601.6  601.6  601.6
   27.7  24506  -56.9  -88.0      1   0.01    101   27.5  602.5  602.5  602.5
   27.6  24534  -56.7  -87.9      1   0.01    101   27.6  603.7  603.7  603.7
   27.5  24560  -56.6  -87.9      1   0.01    102   27.8  604.6  604.7  604.6
   27.4  24572  -56.6  -87.9      1   0.01    103   27.9  605.3  605.3  605.3
   27.3  24600  -56.6  -88.0      1   0.01    104   28.3  605.7  605.8  605.7
   27.2  24629  -56.7  -88.0      1   0.01    104   28.6  606.3  606.4  606.3
   27.1  24643  -56.6  -88.0      1   0.01    105   28.8  607.0  607.1  607.0
   27.0  24669  -56.6  -87.9      1   0.01    105   29.1  607.9  607.9  607.9
   26.9  24697  -56.6  -87.9      1   0.01    105   29.3  608.4  608.5  608.4
   26.8  24725  -56.7  -88.0      1   0.01    105   29.3  608.9  609.0  608.9
   26.7  24738  -56.7  -88.0      1   0.01    105   29.2  609.5  609.5  609.5
   26.6  24765  -56.7  -88.1      1   0.01    104   29.0  610.0  610.1  610.0
   26.5  24793  -56.7  -88.2      1   0.01    103   28.7  610.8  610.9  610.8
   26.4  24820  -56.5  -88.1      1   0.01    102   28.3  612.0  612.1  612.0
   26.3  24833  -56.3  -88.1      1   0.01    101   28.1  613.1  613.1  613.1
   26.2  24860  -56.1  -88.0      1   0.01    100   27.7  614.5  614.5  614.5
   26.1  24887  -55.9  -88.0      1   0.01     98   27.4  615.7  615.7  615.7
   26.0  24914  -55.8  -88.0      1   0.01     96   27.1  616.5  616.6  616.5
   25.9  24939  -55.8  -88.1      1   0.01     95   26.9  617.3  617.3  617.3
   25.8  24966  -55.7  -88.1      1   0.01     94   26.8  618.3  618.3  618.3
   25.7  24979  -55.6  -88.1      1   0.01     93   26.7  619.3  619.3  619.3
   25.6  25004  -55.2  -88.0      1   0.01     93   26.7  621.2  621.2  621.2
   25.5  25028  -54.6  -87.8      1   0.01     93   26.8  623.5  623.5  623.5
   25.4  25055  -54.1  -87.6      1   0.01     93   27.0  625.6  625.6  625.6
   25.3  25080  -53.8  -87.5      1   0.01     94   27.3  627.3  627.4  627.3
   25.2  25105  -53.4  -87.3      1   0.01     94   27.5  628.9  629.0  628.9
   25.1  25131  -53.2  -87.1      1   0.01     94   27.6  630.3  630.4  630.4
   25.0  25157  -53.1  -87.0      1   0.01     94   27.5  631.3  631.4  631.3
   24.9  25181  -53.2  -86.9      1   0.01     94   27.2  631.9  632.0  631.9
   24.8  25207  -53.3  -86.8      1   0.01     94   26.9  632.3  632.4  632.3
   24.7  25235  -53.4  -86.6      1   0.01     94   26.6  632.7  632.8  632.7
   24.6  25268  -53.5  -86.6      1   0.01     93   26.3  632.9  633.0  632.9
   24.5  25293  -53.6  -86.5      1   0.01     92   26.3  633.6  633.7  633.6
   24.4  25319  -53.5  -86.4      1   0.01     91   26.4  634.7  634.7  634.7
   24.3  25344  -53.4  -86.4      1   0.01     90   26.5  635.6  635.7  635.6
   24.2  25369  -53.4  -86.4      1   0.01     89   26.7  636.3  636.4  636.3
   24.1  25395  -53.5  -86.6      1   0.01     88   26.8  636.7  636.8  636.7
   24.0  25421  -53.6  -86.7      1   0.01     87   26.9  637.4  637.5  637.4
   23.9  25447  -53.5  -86.9      1   0.01     87   26.8  638.3  638.4  638.3
   23.8  25470  -53.3  -86.9      1   0.01     87   26.6  639.8  639.9  639.8
   23.7  25508  -52.4  -86.5      1   0.01     88   25.9  643.0  643.0  643.0
   23.6  25533  -52.1  -86.4      1   0.01     89   25.2  644.7  644.8  644.7
   23.5  25559  -52.0  -86.3      1   0.01     90   24.6  645.8  645.9  645.8
   23.4  25582  -52.0  -86.3      1   0.01     91   24.2  646.5  646.6  646.5
   23.3  25619  -52.1  -86.3      1   0.01     94   23.6  647.0  647.1  647.0
   23.2  25647  -52.1  -86.2      1   0.01     95   23.4  647.8  648.0  647.9
   23.1  25674  -52.1  -86.2      1   0.01     97   23.4  648.6  648.8  648.7
   23.0  25696  -52.2  -86.2      1   0.01     98   23.4  649.3  649.4  649.3
   22.9  25720  -52.3  -86.2      1   0.01     99   23.6  649.8  649.9  649.8
   22.8  25757  -52.3  -86.2      1   0.01     99   23.9  650.6  650.7  650.6
   22.7  25784  -52.2  -86.2      1   0.01     99   24.1  651.5  651.6  651.5
   22.6  25806  -52.2  -86.1      1   0.01     98   24.3  652.4  652.5  652.4
   22.5  25842  -52.2  -86.1      1   0.01     97   24.5  653.3  653.4  653.3
   22.4  25868  -52.1  -86.1      1   0.01     95   24.7  654.4  654.5  654.4
   22.3  25893  -52.0  -86.0      1   0.01     93   25.0  655.5  655.7  655.5
   22.2  25931  -51.9  -86.0      1   0.01     90   25.6  656.5  656.6  656.5
   22.1  25955  -52.0  -86.1      1   0.01     89   26.0  657.3  657.4  657.3
   22.0  25980  -52.0  -86.2      1   0.01     88   26.4  658.1  658.2  658.1
   21.9  26017  -51.8  -86.2      1   0.01     87   26.8  659.6  659.7  659.6
   21.8  26041  -51.5  -86.2      1   0.01     88   26.9  661.2  661.3  661.2
   21.7  26078  -51.2  -86.2      1   0.01     89   27.0  663.1  663.2  663.1
   21.6  26103  -51.1  -86.2      1   0.01     91   27.1  664.4  664.5  664.4
   21.5  26127  -51.0  -86.1      1   0.01     92   27.3  665.5  665.6  665.5
   21.4  26165  -50.8  -86.1      1   0.01     92   27.7  666.8  666.9  666.8
   21.3  26190  -50.7  -86.0      1   0.01     93   28.2  668.1  668.2  668.1
   21.2  26226  -50.5  -85.8      1   0.01     93   28.9  669.5  669.6  669.5
   21.1  26250  -50.5  -85.8      1   0.01     92   29.3  670.5  670.7  670.5
   21.0  26287  -50.4  -85.7      1   0.01     92   29.7  671.7  671.8  671.7
   20.9  26313  -50.4  -85.7      1   0.01     91   29.9  672.8  672.9  672.8
   20.8  26350  -50.3  -85.7      1   0.01     91   29.9  673.9  674.0  673.9
   20.7  26374  -50.1  -85.6      1   0.01     91   29.8  675.3  675.4  675.3
   20.6  26409  -49.8  -85.5      1   0.01     90   29.5  677.3  677.4  677.3
   20.5  26446  -49.4  -85.5      1   0.01     90   28.9  679.4  679.5  679.4
   20.4  26473  -49.1  -85.4      1   0.01     90   28.4  681.2  681.3  681.2
   20.3  26512  -48.8  -85.3      1   0.01     90   27.7  683.0  683.2  683.0
   20.2  26537  -48.8  -85.2      1   0.01     89   27.2  684.1  684.2  684.1
   20.1  26575  -48.8  -85.2      1   0.01     89   26.8  684.9  685.1  684.9
   20.0  26614  -48.8  -85.0      1   0.01     88   26.9  686.1  686.2  686.1
   19.9  26638  -48.7  -84.9      1   0.01     87   27.0  687.4  687.5  687.4
   19.8  26677  -48.7  -84.9      1   0.02     86   27.7  688.3  688.4  688.3
   19.7  26703  -48.8  -84.9      1   0.01     85   28.3  688.8  689.0  688.9
   19.6  26740  -49.0  -85.0      1   0.01     84   29.1  689.3  689.4  689.3
   19.5  26766  -49.1  -85.0      1   0.01     84   29.5  690.1  690.3  690.1
   19.4  26805  -49.0  -85.0      1   0.02     84   29.8  691.4  691.6  691.4
   19.3  26843  -48.9  -84.9      1   0.02     85   29.8  692.8  693.0  692.8
   19.2  26869  -48.8  -84.9      1   0.02     86   29.7  694.1  694.2  694.1
   19.1  26907  -48.7  -84.9      1   0.02     87   29.3  695.5  695.7  695.5
   19.0  26945  -48.7  -84.8      1   0.02     87   28.9  696.5  696.6  696.5
   18.9  26971  -48.8  -84.8      1   0.02     88   28.5  697.2  697.4  697.2
   18.8  27011  -48.9  -84.8      1   0.02     88   27.8  697.8  698.0  697.8
   18.7  27038  -49.1  -84.8      1   0.02     89   27.4  698.5  698.7  698.5
   18.6  27076  -49.4  -84.9      1   0.02     89   26.7  698.6  698.8  698.6
   18.5  27117  -49.7  -85.1      1   0.02     90   26.2  698.7  698.9  698.7
   18.4  27156  -49.6  -85.1      1   0.02     90   25.8  700.2  700.3  700.2
   18.3  27186  -49.4  -85.1      1   0.02     90   25.6  701.8  702.0  701.8
   18.2  27216  -49.2  -85.1      1   0.02     90   25.6  703.5  703.6  703.5
   18.1  27254  -49.0  -85.1      1   0.02     91   25.8  705.3  705.5  705.3
   18.0  27295  -48.8  -85.0      1   0.02     91   26.3  706.9  707.1  706.9
   17.9  27335  -48.8  -84.9      1   0.02     92   26.9  708.0  708.1  708.0
   17.8  27365  -48.9  -84.9      1   0.02     93   27.3  708.8  709.0  708.8
   17.7  27410  -49.2  -85.0      1   0.02     93   27.6  709.0  709.2  709.0
   17.6  27439  -49.4  -85.1      1   0.02     94   27.8  709.7  709.9  709.7
   17.5  27484  -49.5  -85.1      1   0.02     94   28.0  710.6  710.8  710.6
   17.4  27512  -49.5  -85.2      1   0.02     94   28.1  711.6  711.8  711.6
   17.3  27558  -49.6  -85.3      1   0.02     95   28.5  712.3  712.5  712.4
   17.2  27586  -49.6  -85.3      1   0.02     95   28.8  713.6  713.8  713.6
   17.1  27628  -49.7  -85.3      1   0.02     96   29.4  714.7  714.9  714.7
   17.0  27672  -49.8  -85.3      1   0.02     97   29.8  715.3  715.5  715.3
   16.9  27702  -49.9  -85.4      1   0.02     97   30.0  716.2  716.3  716.2
   16.8  27743  -50.0  -85.4      1   0.02     98   29.9  717.2  717.4  717.2
   16.7  27786  -49.8  -85.4      1   0.02     99   29.5  719.0  719.2  719.0
   16.6  27829  -49.7  -85.5      1   0.02     99   29.0  720.8  721.0  720.8
   16.5  27860  -49.6  -85.6      1   0.02     99   28.6  722.1  722.3  722.1
   16.4  27902  -49.5  -85.7      1   0.02     98   28.0  723.9  724.0  723.9
   16.3  27942  -49.1  -85.5      1   0.02     97   27.4  726.3  726.4  726.3
   16.2  27980  -49.0  -85.5      1   0.02     97   26.8  727.9  728.0  727.9
   16.1  28021  -49.0  -85.4      1   0.02     97   26.1  729.1  729.3  729.1
   16.0  28060  -49.1  -85.3      1   0.02     97   25.3  730.3  730.5  730.3
   15.9  28100  -49.2  -85.3      1   0.02     97   24.4  731.0  731.2  731.0
   15.8  28151  -49.4  -85.2      1   0.02     98   23.1  731.8  732.0  731.8
   15.7  28191  -49.6  -85.2      1   0.02     98   22.2  732.6  732.8  732.6
   15.6  28227  -49.8  -85.3      1   0.02     98   21.5  733.3  733.5  733.3
   15.5  28266  -49.9  -85.4      1   0.02     99   21.3  734.2  734.4  734.2
   15.4  28315  -49.8  -85.4      1   0.02    100   21.9  735.8  736.0  735.8
   15.3  28350  -49.7  -85.4      1   0.02    102   22.8  737.5  737.7  737.5
   15.2  28398  -50.0  -85.5      1   0.02    104   24.2  738.1  738.3  738.1
   15.1  28444  -50.2  -85.5      1   0.02    106   25.5  738.6  738.8  738.6
   15.0  28478  -50.4  -85.6      1   0.02    107   26.1  739.5  739.7  739.5
   14.9  28522  -50.3  -85.8      1   0.02    107   26.0  741.1  741.3  741.1
   14.8  28570  -49.9  -85.8      1   0.02    106   25.1  743.8  744.0  743.8
   14.7  28615  -49.6  -85.9      1   0.02    105   24.1  746.5  746.7  746.6
   14.6  28662  -49.2  -85.9      1   0.02    106   23.9  749.2  749.4  749.2
   14.5  28710  -48.8  -85.7      1   0.02    107   24.7  752.1  752.3  752.1
   14.4  28746  -48.5  -85.5      1   0.02    109   25.6  754.6  754.8  754.6
   14.3  28796  -48.5  -85.5      1   0.02    110   26.9  756.0  756.2  756.0
   14.2  28848  -48.5  -85.6      1   0.02    110   27.5  757.6  757.8  757.6
   14.1  28888  -48.1  -85.6      1   0.02    110   27.3  760.5  760.7  760.5
   14.0  28940  -47.2  -85.3      1   0.02    109   26.2  765.2  765.4  765.2
   13.9  28984  -46.7  -85.1      0   0.02    109   25.1  768.5  768.7  768.5
   13.8  29028  -46.6  -85.0      1   0.02    109   24.0  770.2  770.4  770.2
   13.7  29076  -46.8  -84.9      1   0.02    108   23.0  771.3  771.5  771.3
   13.6  29120  -46.9  -84.7      1   0.02    108   22.1  772.3  772.6  772.3
   13.5  29176  -47.3  -84.6      1   0.02    106   21.0  772.7  773.0  772.7
   13.4  29223  -47.5  -84.6      1   0.02    106   20.5  773.5  773.8  773.5
   13.3  29269  -47.7  -84.6      1   0.02    105   20.5  774.6  774.9  774.6
   13.2  29318  -47.7  -84.7      1   0.02    105   21.0  776.2  776.5  776.2
   13.1  29381  -47.6  -84.8      1   0.02    105   22.5  778.3  778.6  778.3
   13.0  29431  -47.4  -84.7      1   0.02    106   24.1  780.6  780.8  780.6
   12.9  29478  -47.3  -84.7      1   0.02    106   25.8  782.7  782.9  782.7
   12.8  29528  -47.3  -84.8      1   0.02    106   27.5  784.4  784.7  784.5
   12.7  29580  -47.5  -84.9      1   0.02    106   28.3  785.7  786.0  785.7
   12.6  29634  -47.4  -84.9      1   0.02    106   28.8  787.6  787.9  787.6
   12.5  29688  -47.2  -84.8      1   0.02    105   29.1  790.2  790.5  790.2
   12.4  29743  -46.9  -84.8      1   0.02    104   28.8  792.9  793.2  792.9
   12.3  29799  -46.7  -84.7      1   0.02    102   28.2  795.6  795.9  795.6
   12.2  29835  -46.6  -84.6      1   0.03    101   27.9  797.8  798.1  797.8
   12.1  29891  -46.4  -84.3      1   0.03    100   27.9  800.5  800.8  800.5
   10.0  31191                                                               
