Latitude: 22.312 Longitude: 114.17
-----------------------------------------------------------------------------
   PRES   HGHT   TEMP   DWPT   RELH   MIXR   DRCT   SPED   THTA   THTE   THTV
    hPa      m      C      C      %   g/kg    deg    m/s      K      K      K 
-----------------------------------------------------------------------------
 1000.0     40                                                               
  997.1     66   30.0   25.3     76  20.81     12    0.1  303.4  365.6  307.2
  994.6     88   29.9   25.5     77  21.12    231    0.6  303.5  366.8  307.4
  993.6     98   30.0   25.4     76  21.03    235    0.7  303.7  366.7  307.5
  992.4    108   30.0   25.3     76  20.82    240    0.8  303.9  366.3  307.6
  991.1    120   30.0   25.2     75  20.76    244    0.9  303.9  366.1  307.7
  989.6    133   29.9   25.1     76  20.71    248    1.0  303.9  366.0  307.7
  988.0    148   29.9   25.2     76  20.79    250    1.1  304.1  366.4  307.8
  986.6    160   29.6   25.1     77  20.72    252    1.3  303.9  366.1  307.7
  985.2    174   29.6   25.2     77  20.88    253    1.4  304.0  366.6  307.8
  983.5    189   29.1   25.1     79  20.85    252    1.5  303.7  366.1  307.5
  981.8    204   28.8   25.1     80  20.84    251    1.6  303.5  365.9  307.3
  980.3    218   28.7   25.0     81  20.78    249    1.7  303.6  365.7  307.3
  978.8    231   28.8   25.0     80  20.76    246    1.8  303.8  366.0  307.6
  977.4    245   28.5   24.9     81  20.64    242    1.9  303.6  365.4  307.4
  975.9    258   28.2   24.8     82  20.66    238    1.9  303.5  365.3  307.2
  974.5    271   28.2   24.9     82  20.70    233    2.0  303.5  365.5  307.3
  973.1    284   28.0   24.8     83  20.66    228    2.1  303.5  365.3  307.2
  971.4    299   28.0   24.7     83  20.59    223    2.1  303.6  365.2  307.3
  969.9    313   28.0   24.7     82  20.62    217    2.1  303.8  365.6  307.5
  968.7    325   27.8   24.6     83  20.52    212    2.1  303.7  365.1  307.4
  967.4    336   27.8   24.6     83  20.59    206    2.1  303.8  365.5  307.6
  966.0    349   27.8   24.6     83  20.60    200    2.1  303.9  365.6  307.6
  964.6    362   27.7   24.6     84  20.65    194    2.1  303.9  365.8  307.7
  963.1    376   27.5   24.6     84  20.63    187    2.0  303.9  365.8  307.7
  961.8    388   27.4   24.6     85  20.66    181    2.0  303.9  365.8  307.7
  960.2    403   27.3   24.6     85  20.72    175    2.1  303.9  366.1  307.7
  958.5    418   27.1   24.5     86  20.63    169    2.1  303.9  365.8  307.7
  957.1    431   27.0   24.5     86  20.64    165    2.2  304.0  365.8  307.7
  955.8    444   26.9   24.5     87  20.67    162    2.2  303.9  365.9  307.7
  954.5    456   26.7   24.4     87  20.60    161    2.3  303.9  365.6  307.6
  953.3    467   26.5   24.3     88  20.49    161    2.5  303.8  365.2  307.5
  952.2    477   26.5   24.4     88  20.61    162    2.6  303.9  365.6  307.6
  950.9    490   26.3   24.4     89  20.68    163    2.7  303.8  365.7  307.6
  949.5    503   26.2   24.4     90  20.64    165    2.8  303.8  365.6  307.6
  948.0    516   26.1   24.3     90  20.64    168    2.9  303.9  365.7  307.6
  946.5    530   26.0   24.4     91  20.72    171    3.0  303.9  365.9  307.6
  945.1    543   25.8   24.4     92  20.72    173    3.0  303.8  365.9  307.6
  943.8    556   25.7   24.3     92  20.71    175    3.1  303.8  365.8  307.6
  942.2    571   25.6   24.4     93  20.78    177    3.1  303.8  366.1  307.6
  940.5    587   25.4   24.3     94  20.72    179    3.1  303.8  365.8  307.5
  938.8    602   25.1   24.1     94  20.58    180    3.0  303.7  365.3  307.4
  937.4    616   25.0   24.1     95  20.62    181    2.9  303.7  365.4  307.4
  936.0    629   24.9   24.2     96  20.67    183    2.7  303.7  365.5  307.4
  934.5    643   24.7   24.1     96  20.57    184    2.6  303.7  365.2  307.4
  933.1    656   24.6   24.1     97  20.62    185    2.4  303.7  365.4  307.4
  931.8    669   24.5   24.1     98  20.70    186    2.2  303.7  365.6  307.4
  930.6    680   24.4   24.0     98  20.55    187    2.1  303.7  365.2  307.4
  929.1    694   24.2   23.9     98  20.53    189    1.9  303.7  365.1  307.4
  927.6    709   24.1   23.8     99  20.46    191    1.8  303.7  364.9  307.4
  926.2    722   24.0   23.6     98  20.20    194    1.7  303.7  364.1  307.3
  925.0    733   24.0   23.2     96  19.72    199    1.7  303.8  362.8  307.4
  923.9    744   23.9   23.6     98  20.28    199    1.7  303.9  364.6  307.5
  922.9    754   23.8   23.8    100  20.56    202    1.8  303.9  365.4  307.6
  921.9    763   23.8   23.7    100  20.39    206    2.0  303.9  364.9  307.6
  920.8    773   23.6   23.5     99  20.14    208    2.2  303.8  364.1  307.5
  919.7    784   23.6   23.6    100  20.28    211    2.4  304.0  364.7  307.6
  918.7    794   23.7   23.4     99  20.16    213    2.7  304.1  364.5  307.7
  917.5    805   23.0   21.5     91  17.89    215    3.0  303.6  357.0  306.8
  916.3    816   23.3   19.2     78  15.45    217    3.4  303.9  350.1  306.7
  915.3    826   24.4   19.3     73  15.58    219    3.7  305.1  352.0  308.0
  914.3    835   24.4   19.4     74  15.69    220    4.1  305.2  352.4  308.1
  913.3    845   24.3   19.2     73  15.52    222    4.4  305.3  352.0  308.1
  912.4    854   24.2   19.4     74  15.69    223    4.7  305.2  352.4  308.1
  911.4    863   24.1   19.3     74  15.65    225    5.0  305.3  352.4  308.1
  910.6    871   24.0   19.6     77  15.97    226    5.2  305.2  353.2  308.1
  909.9    878   23.9   19.6     77  15.94    228    5.3  305.1  353.0  308.0
  909.3    884   23.8   19.4     76  15.79    229    5.5  305.1  352.6  308.0
  908.4    893   23.9   18.4     72  14.85    231    5.5  305.3  349.9  308.0
  907.3    903   24.2   16.8     64  13.42    232    5.5  305.7  346.2  308.2
  906.2    914   24.6   13.9     51  11.06    234    5.4  306.3  339.8  308.3
  905.2    923   25.5   12.1     43   9.87    237    5.3  307.3  337.4  309.1
  904.4    931   25.7   12.5     44  10.12    239    5.1  307.5  338.4  309.4
  903.6    939   25.7   12.4     44  10.07    242    4.9  307.6  338.4  309.5
  902.9    946   25.7   12.2     43   9.94    245    4.7  307.7  338.1  309.5
  902.2    953   25.7   12.2     43   9.95    249    4.5  307.7  338.2  309.6
  901.4    961   25.6   12.3     43  10.00    254    4.2  307.8  338.4  309.6
  900.5    969   25.6   12.9     45  10.42    259    4.0  307.8  339.7  309.8
  899.5    979   25.5   13.5     47  10.86    264    3.8  307.8  341.0  309.8
  898.5    989   25.3   14.0     49  11.25    269    3.7  307.8  342.1  309.8
  897.7    996   25.2   14.6     52  11.74    274    3.5  307.7  343.5  309.9
  897.1   1003   25.2   15.1     53  12.09    279    3.5  307.7  344.6  309.9
  896.4   1009   25.1   15.4     55  12.36    283    3.4  307.7  345.4  310.0
  895.7   1016   25.0   15.5     55  12.47    286    3.4  307.7  345.7  310.0
  895.0   1023   25.0   15.6     56  12.55    287    3.4  307.7  345.9  310.0
  894.2   1031   24.9   15.6     56  12.58    287    3.3  307.7  346.0  310.0
  893.5   1038   24.8   15.6     57  12.58    286    3.3  307.7  346.0  310.0
  892.7   1045   24.7   15.6     57  12.59    284    3.4  307.7  346.0  310.0
  891.9   1054   24.7   15.7     58  12.72    280    3.4  307.7  346.4  310.1
  890.9   1064   24.6   15.7     58  12.69    276    3.4  307.7  346.3  310.0
  890.0   1072   24.5   15.7     58  12.69    271    3.5  307.7  346.3  310.0
  889.2   1080   24.4   15.8     59  12.81    265    3.6  307.7  346.7  310.1
  888.5   1088   24.3   15.9     59  12.90    260    3.7  307.7  347.0  310.1
  887.6   1096   24.3   15.9     59  12.89    255    3.9  307.7  346.9  310.1
  886.8   1104   24.2   15.9     60  12.94    250    4.1  307.7  347.1  310.1
  885.9   1113   24.1   15.9     60  12.97    246    4.3  307.7  347.2  310.1
  884.8   1124   24.0   15.9     60  12.94    242    4.5  307.7  347.1  310.1
  883.7   1135   23.9   15.8     60  12.88    239    4.7  307.8  347.0  310.2
  882.6   1146   23.9   15.7     60  12.80    237    4.8  307.9  346.8  310.2
  881.5   1157   23.9   15.6     60  12.75    235    5.0  308.0  346.8  310.3
  880.4   1167   23.8   15.5     60  12.71    233    5.1  308.0  346.7  310.3
  879.5   1176   23.8   15.5     60  12.71    233    5.1  308.0  346.7  310.4
  878.7   1185   23.7   15.6     60  12.75    232    5.2  308.0  346.9  310.4
  877.9   1192   23.7   15.5     60  12.69    233    5.2  308.1  346.7  310.4
  877.2   1199   23.6   15.3     60  12.57    233    5.1  308.1  346.4  310.4
  876.3   1208   23.6   15.1     59  12.42    235    5.1  308.2  346.1  310.5
  875.2   1219   23.7   14.9     58  12.26    236    5.0  308.3  345.8  310.6
  874.2   1230   23.6   14.8     58  12.17    239    4.9  308.4  345.6  310.6
  873.1   1240   23.6   14.7     57  12.11    241    4.8  308.4  345.4  310.7
  872.1   1251   23.5   14.8     58  12.25    244    4.6  308.5  345.9  310.8
  871.1   1260   23.4   15.4     61  12.75    248    4.5  308.5  347.4  310.8
  870.3   1268   23.3   16.0     64  13.28    251    4.5  308.4  348.9  310.9
  869.5   1276   23.2   16.1     64  13.37    256    4.4  308.4  349.2  310.9
  868.7   1285   23.1   16.2     65  13.48    260    4.4  308.4  349.5  310.9
  867.6   1295   23.0   16.6     67  13.83    264    4.4  308.4  350.6  311.0
  866.5   1306   23.0   17.0     69  14.20    269    4.4  308.5  351.8  311.1
  865.3   1319   22.9   17.1     70  14.32    273    4.5  308.6  352.3  311.2
  864.0   1332   22.9   17.1     70  14.30    278    4.6  308.6  352.3  311.3
  863.0   1342   22.8   17.0     70  14.29    282    4.7  308.7  352.3  311.3
  862.3   1349   22.7   17.2     71  14.48    285    4.8  308.7  352.9  311.4
  861.6   1356   22.7   17.2     71  14.52    289    4.9  308.7  353.1  311.4
  860.9   1363   22.8   16.8     69  14.12    292    5.0  308.9  352.0  311.5
  860.0   1372   22.9   16.5     67  13.90    296    5.0  309.1  351.6  311.7
  859.0   1383   22.9   16.6     68  13.96    299    5.0  309.2  351.9  311.8
  858.0   1393   22.9   16.2     66  13.65    302    5.0  309.3  351.1  311.8
  856.9   1404   22.9   15.8     64  13.26    305    4.9  309.4  350.1  311.9
  855.8   1416   23.0   15.6     63  13.13    308    4.8  309.6  349.8  312.0
  854.8   1425   23.0   15.4     62  12.97    312    4.7  309.7  349.5  312.1
  854.0   1434   23.0   15.2     62  12.84    315    4.5  309.8  349.2  312.2
  853.2   1442   22.9   15.2     62  12.83    318    4.3  309.8  349.2  312.2
  852.4   1450   22.9   15.2     62  12.82    321    4.1  309.9  349.3  312.3
  851.5   1459   22.9   15.2     62  12.83    323    3.9  310.0  349.4  312.4
  850.6   1469   22.8   15.1     62  12.80    324    3.7  310.0  349.3  312.3
  850.0   1475   22.8   15.1     62  12.82    324    3.7  310.0  349.4  312.4
  849.5   1480   22.7   15.1     62  12.83    325    3.5  310.0  349.4  312.4
  848.3   1492   22.6   15.0     62  12.78    324    3.4  310.0  349.2  312.3
  847.2   1503   22.5   14.9     62  12.72    322    3.2  310.0  349.0  312.3
  846.4   1512   22.4   15.0     63  12.74    318    3.2  310.0  349.1  312.3
  845.6   1520   22.3   15.0     63  12.77    314    3.2  310.0  349.2  312.4
  844.9   1527   22.3   15.0     63  12.77    309    3.2  310.0  349.2  312.4
  844.2   1534   22.2   14.9     63  12.70    305    3.3  310.0  349.0  312.4
  843.4   1543   22.2   14.8     63  12.68    301    3.5  310.1  349.1  312.4
  842.2   1555   22.1   14.9     64  12.74    299    3.6  310.1  349.3  312.5
  841.2   1566   22.0   14.8     64  12.70    297    3.8  310.1  349.2  312.5
  840.1   1576   21.9   14.9     64  12.79    296    3.9  310.2  349.5  312.5
  839.0   1588   21.8   15.0     65  12.88    296    4.0  310.1  349.7  312.5
  838.0   1598   21.7   14.9     65  12.79    297    4.0  310.1  349.5  312.5
  837.3   1606   21.7   14.2     62  12.23    299    4.0  310.2  347.9  312.5
  836.4   1615   21.8   14.0     61  12.09    302    4.0  310.4  347.6  312.6
  835.3   1627   21.7   14.4     63  12.48    305    3.9  310.4  348.9  312.8
  834.2   1638   21.6   14.6     64  12.62    309    3.8  310.5  349.3  312.8
  833.3   1648   21.6   14.9     66  12.87    314    3.7  310.5  350.1  312.9
  832.4   1657   21.5   15.3     68  13.24    318    3.6  310.5  351.2  312.9
  831.6   1666   21.4   15.2     68  13.19    323    3.5  310.5  351.1  313.0
  830.7   1675   21.4   15.4     69  13.35    328    3.5  310.5  351.6  313.0
  829.9   1683   21.3   15.3     69  13.26    332    3.4  310.5  351.4  313.0
  829.1   1691   21.3   15.1     68  13.14    335    3.3  310.6  351.0  313.0
  828.4   1699   21.2   15.1     68  13.17    338    3.2  310.6  351.2  313.1
  827.7   1707   21.1   15.1     69  13.18    341    3.1  310.6  351.2  313.1
  826.8   1715   21.1   14.9     68  13.00    342    3.0  310.6  350.7  313.1
  825.8   1726   21.0   14.6     67  12.74    343    2.8  310.7  350.0  313.1
  824.6   1739   21.0   14.4     66  12.62    344    2.7  310.8  349.7  313.2
  823.3   1752   20.9   14.3     66  12.53    343    2.5  310.9  349.5  313.2
  822.2   1764   20.9   13.4     62  11.80    341    2.4  311.0  347.4  313.2
  821.5   1772   21.0   12.5     58  11.16    339    2.2  311.1  345.6  313.2
  820.6   1781   21.0   12.0     56  10.79    335    2.1  311.2  344.6  313.2
  819.5   1793   21.0   10.9     52  10.03    331    2.1  311.4  342.5  313.2
  818.4   1804   21.1    9.0     46   8.83    326    2.1  311.6  339.2  313.3
  817.5   1814   21.2    8.9     45   8.76    321    2.2  311.8  339.1  313.4
  816.5   1824   21.1    9.9     49   9.45    316    2.3  311.8  341.2  313.6
  815.4   1835   20.9   10.4     51   9.75    312    2.4  311.7  342.1  313.6
  814.4   1846   20.9    9.8     49   9.38    309    2.6  311.8  341.1  313.6
  813.5   1856   20.9    9.5     48   9.21    307    2.9  311.9  340.6  313.6
  812.8   1863   20.8    9.4     48   9.16    306    3.1  311.9  340.5  313.6
  812.2   1870   20.8    8.9     46   8.82    305    3.3  311.9  339.5  313.6
  811.4   1879   20.9    7.4     42   8.00    305    3.5  312.1  337.2  313.6
  810.3   1890   20.9    7.1     41   7.86    306    3.7  312.2  336.9  313.7
  809.3   1901   20.8    7.0     41   7.79    307    3.8  312.2  336.7  313.7
  808.4   1910   20.7    6.8     40   7.70    308    3.9  312.3  336.5  313.7
  807.6   1919   20.7    6.9     41   7.76    309    4.0  312.3  336.7  313.8
  806.7   1929   20.6    6.9     41   7.77    311    4.0  312.3  336.7  313.8
  805.9   1937   20.5    6.4     40   7.50    312    4.0  312.3  335.9  313.7
  805.2   1945   20.5    5.9     39   7.25    313    4.0  312.4  335.2  313.8
  804.4   1953   20.5    5.6     38   7.12    314    3.9  312.5  334.9  313.8
  803.7   1961   20.4    6.3     40   7.49    315    3.9  312.5  336.0  313.9
  802.8   1970   20.3    6.9     42   7.79    314    3.7  312.4  336.9  313.9
  801.8   1981   20.2    7.3     43   8.04    313    3.6  312.4  337.6  313.9
  800.7   1993   20.0    7.3     44   8.04    311    3.4  312.4  337.6  313.9
  799.9   2002   19.9    7.4     44   8.08    307    3.2  312.4  337.7  313.9
  799.0   2011   19.8    8.6     48   8.83    301    3.0  312.3  339.9  314.0
  798.1   2021   19.6    9.3     51   9.25    294    2.9  312.3  341.2  314.0
  797.1   2032   19.5    9.6     53   9.48    286    2.8  312.3  341.9  314.1
  796.2   2042   19.5   10.4     56   9.98    277    2.7  312.3  343.4  314.2
  795.4   2051   19.4   10.8     57  10.28    269    2.8  312.3  344.3  314.3
  794.3   2062   19.3   11.2     59  10.55    261    2.8  312.3  345.2  314.3
  793.4   2072   19.2   11.2     60  10.61    256    2.9  312.3  345.3  314.3
  792.4   2082   19.1   11.3     61  10.70    251    3.0  312.3  345.6  314.3
  791.6   2091   19.0   11.3     61  10.69    249    3.1  312.3  345.6  314.3
  790.9   2099   18.9   11.3     61  10.72    247    3.1  312.3  345.7  314.3
  790.3   2106   18.9   11.4     62  10.79    247    3.1  312.3  345.9  314.3
  789.6   2113   18.8   11.5     62  10.86    248    3.0  312.3  346.1  314.4
  788.8   2123   18.7   11.5     63  10.90    250    2.9  312.3  346.2  314.4
  787.7   2134   18.6   11.5     63  10.90    252    2.9  312.3  346.2  314.4
  786.4   2148   18.5   11.5     64  10.93    255    2.8  312.4  346.4  314.4
  785.3   2160   18.4   11.5     64  10.89    257    2.8  312.4  346.3  314.5
  784.5   2169   18.4   11.4     64  10.84    260    2.8  312.4  346.2  314.5
  783.8   2176   18.3   11.4     64  10.87    261    2.8  312.5  346.3  314.5
  783.1   2184   18.3   11.5     65  10.92    262    2.9  312.5  346.5  314.5
  782.3   2193   18.2   11.5     65  10.95    261    3.0  312.5  346.6  314.5
  781.4   2203   18.1   11.4     65  10.91    261    3.1  312.5  346.5  314.6
  780.4   2214   18.0   11.3     65  10.87    259    3.2  312.5  346.4  314.6
  779.3   2226   17.9   11.1     64  10.70    258    3.3  312.6  345.9  314.6
  778.3   2237   17.9   10.9     64  10.61    257    3.4  312.6  345.7  314.6
  777.5   2246   17.8   10.8     64  10.56    255    3.5  312.6  345.5  314.6
  776.6   2255   17.8   10.7     63  10.44    254    3.6  312.7  345.3  314.7
  775.8   2265   17.7   10.5     63  10.36    253    3.7  312.7  345.0  314.7
  775.1   2272   17.6   10.5     63  10.32    253    3.7  312.7  344.9  314.7
  774.4   2281   17.6   10.5     63  10.35    253    3.7  312.8  345.0  314.7
  773.5   2290   17.5   10.5     63  10.37    253    3.6  312.8  345.1  314.7
  772.7   2299   17.4   10.5     64  10.40    253    3.6  312.8  345.2  314.7
  771.8   2309   17.3   10.6     65  10.47    254    3.5  312.8  345.5  314.8
  770.9   2319   17.3   10.7     65  10.52    254    3.4  312.8  345.6  314.8
  769.9   2330   17.2   10.6     65  10.52    255    3.4  312.8  345.7  314.8
  769.1   2339   17.1   10.9     67  10.70    256    3.3  312.9  346.2  314.9
  768.2   2349   17.1   11.0     68  10.83    257    3.3  312.9  346.7  315.0
  767.4   2358   17.0   10.9     67  10.76    258    3.3  312.9  346.5  315.0
  766.6   2367   16.9   10.9     67  10.74    259    3.4  313.0  346.5  315.0
  765.6   2378   16.9   10.9     68  10.77    259    3.4  313.0  346.6  315.1
  764.6   2389   16.8   10.8     68  10.73    259    3.5  313.1  346.5  315.1
  763.6   2400   16.7   10.7     68  10.68    259    3.6  313.1  346.4  315.1
  762.6   2411   16.7   10.7     68  10.66    259    3.7  313.2  346.4  315.2
  761.8   2421   16.6   10.6     68  10.63    258    3.8  313.2  346.4  315.2
  760.8   2431   16.6   10.6     68  10.65    257    4.0  313.3  346.6  315.3
  759.7   2444   16.6   10.6     68  10.64    256    4.1  313.4  346.6  315.4
  758.7   2455   16.5   10.5     68  10.58    254    4.2  313.4  346.5  315.4
  757.8   2465   16.4   10.4     67  10.49    252    4.3  313.5  346.3  315.4
  757.1   2474   16.4   10.3     67  10.46    251    4.4  313.5  346.2  315.5
  756.3   2482   16.4   10.2     67  10.42    249    4.5  313.6  346.2  315.5
  755.5   2491   16.3   10.2     67  10.40    248    4.6  313.6  346.2  315.6
  754.7   2500   16.3   10.1     67  10.34    247    4.7  313.7  346.1  315.6
  753.9   2509   16.3   10.0     66  10.32    246    4.8  313.8  346.1  315.7
  753.1   2519   16.3   10.0     66  10.31    246    4.9  313.9  346.2  315.8
  752.2   2529   16.3    9.8     66  10.20    246    5.0  313.9  345.9  315.9
  751.4   2538   16.2    9.5     64   9.99    247    5.1  314.0  345.3  315.9
  750.6   2547   16.2    9.5     64   9.98    248    5.2  314.0  345.3  315.9
  749.6   2558   16.1    9.6     65  10.04    250    5.3  314.1  345.6  316.0
  748.6   2569   16.0    9.6     66  10.07    251    5.4  314.1  345.7  316.0
  747.8   2578   15.9    9.6     66  10.08    253    5.6  314.1  345.7  316.0
  747.0   2588   15.9    9.7     67  10.18    254    5.7  314.1  346.1  316.1
  745.8   2601   15.8    9.7     67  10.18    256    5.9  314.2  346.2  316.1
  744.8   2613   15.7    9.8     68  10.26    257    6.1  314.2  346.4  316.2
  744.0   2621   15.6    9.8     68  10.29    257    6.2  314.2  346.5  316.2
  743.4   2628   15.5    9.8     69  10.33    258    6.4  314.2  346.6  316.2
  742.9   2635   15.5    9.7     68  10.20    258    6.5  314.2  346.2  316.2
  742.2   2642   15.5    9.4     67  10.03    258    6.6  314.3  345.8  316.2
  741.4   2652   15.4    9.0     65   9.78    258    6.6  314.3  345.1  316.2
  740.5   2662   15.4    8.9     65   9.73    258    6.7  314.4  345.0  316.2
  739.6   2672   15.3    9.2     67   9.93    258    6.6  314.4  345.6  316.3
  738.8   2681   15.2    9.3     68  10.02    258    6.6  314.4  345.9  316.3
  737.9   2691   15.2    9.3     68  10.02    258    6.5  314.5  346.0  316.4
  737.0   2702   15.1    9.3     68  10.06    258    6.5  314.5  346.1  316.4
  736.1   2713   15.0    9.3     69  10.04    259    6.4  314.5  346.1  316.4
  735.4   2721   15.0    9.1     68   9.89    259    6.4  314.6  345.7  316.4
  734.8   2727   15.0    8.9     67   9.79    259    6.4  314.6  345.4  316.5
  734.1   2735   14.9    9.0     68   9.86    259    6.4  314.7  345.7  316.5
  733.3   2745   14.8    9.1     68   9.95    260    6.5  314.7  346.0  316.6
  732.4   2755   14.8    9.0     68   9.86    260    6.6  314.7  345.7  316.6
  731.6   2765   14.7    8.5     66   9.54    260    6.8  314.8  344.8  316.6
  730.7   2775   14.7    8.0     64   9.28    260    6.9  314.9  344.1  316.6
  729.8   2785   14.7    7.9     64   9.20    260    7.1  315.0  344.0  316.7
  728.9   2796   14.7    7.6     62   9.00    260    7.3  315.1  343.5  316.8
  728.0   2806   14.7    7.3     61   8.83    260    7.4  315.2  343.1  316.8
  727.3   2814   14.7    7.0     60   8.70    261    7.6  315.3  342.8  316.9
  726.7   2821   14.7    6.8     59   8.55    262    7.6  315.4  342.5  317.0
  726.1   2828   14.8    6.3     57   8.28    263    7.7  315.5  341.8  317.1
  725.4   2837   14.8    6.3     57   8.28    264    7.7  315.6  341.9  317.2
  724.6   2846   14.7    6.4     57   8.34    265    7.7  315.6  342.1  317.2
  723.7   2857   14.7    6.3     57   8.32    267    7.7  315.7  342.1  317.3
  722.9   2866   14.6    6.3     57   8.29    268    7.7  315.7  342.0  317.3
  722.2   2875   14.6    6.4     58   8.39    270    7.6  315.8  342.4  317.4
  721.4   2883   14.6    6.8     60   8.65    271    7.6  315.8  343.3  317.5
  720.7   2892   14.5    6.9     60   8.70    273    7.6  315.9  343.4  317.5
  720.0   2900   14.4    6.9     61   8.72    274    7.7  315.9  343.6  317.6
  719.2   2910   14.4    6.9     61   8.70    275    7.7  315.9  343.5  317.6
  718.4   2919   14.3    6.8     61   8.65    276    7.8  315.9  343.4  317.6
  717.7   2928   14.2    6.8     61   8.67    277    7.9  315.9  343.5  317.6
  716.8   2937   14.2    6.8     61   8.71    277    8.0  316.0  343.6  317.6
  715.9   2948   14.1    6.8     61   8.69    277    8.1  316.0  343.6  317.7
  715.0   2959   14.0    6.7     61   8.63    277    8.1  316.0  343.4  317.7
  714.2   2969   14.0    6.6     61   8.59    277    8.2  316.1  343.4  317.8
  713.4   2977   13.9    6.6     61   8.59    276    8.2  316.2  343.5  317.8
  712.8   2985   13.9    6.5     61   8.58    276    8.2  316.2  343.4  317.8
  712.1   2993   13.9    6.5     61   8.59    275    8.2  316.2  343.5  317.9
  711.4   3002   13.8    6.4     61   8.54    274    8.2  316.3  343.4  317.9
  710.5   3013   13.8    6.2     60   8.38    274    8.2  316.4  343.0  318.0
  709.4   3025   13.7    5.6     58   8.09    273    8.2  316.5  342.2  318.0
  708.6   3035   13.8    5.4     57   7.97    272    8.2  316.6  342.0  318.1
  708.0   3043   13.7    5.5     57   8.02    272    8.2  316.6  342.2  318.1
  707.4   3049   13.7    5.4     57   8.01    272    8.3  316.7  342.2  318.2
  706.8   3056   13.7    5.1     56   7.80    272    8.3  316.7  341.6  318.2
  706.2   3063   13.7    4.6     54   7.57    272    8.4  316.8  341.0  318.2
  705.6   3071   13.7    3.9     52   7.22    272    8.5  316.9  340.0  318.3
  704.9   3079   13.7    3.2     49   6.88    273    8.6  317.0  339.1  318.4
  704.1   3089   13.7    3.0     48   6.79    273    8.7  317.1  339.0  318.4
  703.1   3101   13.7    2.8     48   6.67    274    8.8  317.2  338.7  318.5
  702.2   3112   13.7    2.4     46   6.48    274    8.9  317.3  338.2  318.5
  701.3   3122   13.7    1.4     43   6.04    275    8.9  317.4  337.0  318.6
  700.5   3131   13.7    0.8     41   5.79    276    9.0  317.6  336.3  318.7
  700.0   3138   13.7    0.9     41   5.83    276    9.0  317.6  336.5  318.8
  699.7   3141   13.7    0.9     42   5.85    276    8.9  317.7  336.6  318.8
  698.9   3151   13.7    0.7     41   5.78    277    8.8  317.8  336.5  318.9
  698.2   3159   13.7    0.4     40   5.66    277    8.6  317.9  336.2  318.9
  697.7   3166   13.7    0.5     41   5.71    278    8.4  317.9  336.5  319.0
  697.1   3173   13.7    0.6     41   5.76    278    8.1  318.0  336.7  319.1
  696.5   3181   13.6    0.8     41   5.82    279    7.8  318.0  336.8  319.1
  695.8   3189   13.5    0.7     42   5.81    280    7.5  318.0  336.8  319.1
  695.0   3198   13.5    0.1     40   5.56    281    7.1  318.1  336.1  319.1
  694.0   3210   13.6   -0.9     37   5.18    283    6.8  318.2  335.1  319.2
  693.2   3220   13.5   -0.7     38   5.26    284    6.4  318.3  335.5  319.3
  692.4   3229   13.4   -0.4     39   5.38    285    6.1  318.3  335.9  319.4
  691.6   3240   13.4   -0.4     39   5.40    286    5.8  318.3  335.9  319.4
  690.8   3249   13.3   -0.5     39   5.37    287    5.6  318.3  335.8  319.4
  690.2   3257   13.2   -0.7     38   5.28    288    5.3  318.4  335.6  319.4
  689.5   3265   13.2   -0.9     38   5.21    288    5.1  318.4  335.4  319.4
  688.8   3274   13.1   -1.3     37   5.06    288    4.9  318.4  335.0  319.4
  687.9   3284   13.1   -1.7     36   4.93    288    4.8  318.5  334.7  319.5
  687.0   3296   13.0   -1.9     35   4.84    287    4.6  318.5  334.4  319.5
  686.1   3307   12.9   -3.4     32   4.34    287    4.5  318.6  332.9  319.4
  685.2   3318   13.1   -6.2     26   3.51    286    4.4  318.8  330.5  319.5
  684.3   3328   13.0   -6.4     25   3.48    286    4.3  318.9  330.5  319.6
  683.5   3339   12.9   -6.4     25   3.47    286    4.2  318.9  330.5  319.6
  682.7   3348   12.8   -6.5     25   3.45    286    4.2  318.9  330.4  319.6
  682.2   3354   12.8   -6.9     25   3.34    287    4.2  319.0  330.1  319.6
  681.6   3362   12.8   -7.6     24   3.18    288    4.3  319.0  329.7  319.6
  680.7   3373   12.8   -7.6     23   3.17    290    4.4  319.1  329.7  319.7
  679.7   3385   12.7   -7.7     23   3.15    292    4.5  319.1  329.7  319.7
  678.8   3396   12.6   -8.9     21   2.87    294    4.7  319.2  328.9  319.8
  678.0   3407   12.7  -10.2     19   2.60    296    4.9  319.4  328.2  319.9
  677.3   3415   12.7  -10.3     19   2.59    298    5.1  319.5  328.3  320.0
  676.5   3424   12.7  -10.3     19   2.58    299    5.3  319.6  328.3  320.1
  675.8   3434   12.6  -10.3     19   2.60    300    5.5  319.6  328.4  320.1
  675.0   3443   12.5  -10.1     20   2.64    301    5.7  319.6  328.6  320.2
  674.3   3452   12.5  -10.0     20   2.66    302    5.9  319.7  328.7  320.2
  673.6   3461   12.4  -10.0     20   2.66    302    6.0  319.7  328.7  320.2
  672.9   3470   12.4   -9.9     20   2.69    303    6.1  319.7  328.8  320.2
  672.1   3479   12.3   -9.8     20   2.71    303    6.1  319.7  328.9  320.3
  671.4   3488   12.2   -9.6     21   2.76    303    6.1  319.8  329.1  320.3
  670.6   3498   12.2   -9.5     21   2.78    303    6.0  319.8  329.2  320.4
  669.7   3509   12.1   -9.6     21   2.77    303    5.9  319.8  329.2  320.4
  668.8   3520   12.0   -9.7     21   2.75    303    5.8  319.8  329.1  320.4
  667.9   3531   11.9   -9.7     21   2.75    304    5.7  319.8  329.1  320.4
  667.0   3543   11.7   -9.6     21   2.76    304    5.5  319.8  329.2  320.4
  666.0   3555   11.6   -9.6     22   2.77    305    5.4  319.8  329.2  320.4
  665.2   3566   11.5   -9.6     22   2.78    306    5.2  319.8  329.2  320.4
  664.4   3576   11.4   -9.6     22   2.79    307    5.1  319.8  329.3  320.4
  663.4   3588   11.3   -9.2     23   2.87    308    5.0  319.9  329.6  320.4
  662.3   3602   11.4   -8.2     25   3.11    310    5.0  320.0  330.5  320.6
  661.0   3618   11.4   -6.2     29   3.65    312    4.9  320.2  332.4  320.9
  660.0   3632   11.2   -5.5     31   3.86    313    4.9  320.2  333.1  321.0
  659.1   3642   11.1   -5.1     32   3.97    315    5.0  320.3  333.5  321.0
  658.4   3652   11.1   -5.3     31   3.92    317    5.0  320.2  333.3  321.0
  657.6   3662   11.0   -5.3     31   3.92    319    5.1  320.3  333.3  321.0
  656.9   3670   10.9   -5.3     32   3.93    321    5.2  320.3  333.3  321.0
  656.3   3677   10.8   -5.2     32   3.97    323    5.3  320.3  333.5  321.0
  655.7   3686   10.7   -5.0     33   4.01    324    5.4  320.3  333.6  321.1
  654.9   3696   10.6   -5.0     33   4.02    326    5.5  320.3  333.6  321.1
  654.1   3706   10.5   -5.1     33   4.01    327    5.6  320.3  333.6  321.0
  653.5   3714   10.5   -5.2     33   3.98    328    5.6  320.3  333.5  321.0
  652.9   3721   10.4   -5.0     34   4.06    328    5.7  320.3  333.7  321.0
  652.3   3729   10.3   -4.8     34   4.10    329    5.6  320.3  333.9  321.0
  651.6   3738   10.2   -5.1     34   4.01    329    5.6  320.2  333.5  321.0
  650.9   3747   10.1   -4.9     34   4.08    329    5.5  320.2  333.7  321.0
  650.2   3756   10.0   -5.1     34   4.03    329    5.5  320.2  333.6  321.0
  649.6   3763    9.9   -5.3     34   3.98    328    5.4  320.2  333.4  321.0
  648.9   3772    9.8   -5.1     35   4.04    327    5.3  320.2  333.6  321.0
  648.2   3781    9.7   -4.9     35   4.11    327    5.2  320.2  333.8  321.0
  647.6   3789    9.7   -4.4     37   4.26    326    5.1  320.2  334.3  321.0
  646.8   3799    9.6   -3.9     38   4.42    325    5.0  320.2  334.9  321.1
  646.0   3809    9.5   -4.0     38   4.41    323    5.0  320.2  334.8  321.1
  645.2   3819    9.4   -4.0     39   4.42    322    4.9  320.3  334.9  321.1
  644.5   3829    9.3   -3.9     39   4.45    320    4.9  320.3  335.0  321.1
  643.8   3838    9.2   -3.9     39   4.47    318    4.9  320.3  335.1  321.1
  643.2   3846    9.2   -3.7     40   4.53    316    5.0  320.3  335.3  321.2
  642.5   3854    9.1   -3.7     40   4.54    314    5.0  320.3  335.3  321.2
  641.7   3865    9.0   -4.0     40   4.44    312    5.1  320.3  335.0  321.2
  640.7   3878    9.0   -4.6     38   4.26    310    5.2  320.4  334.5  321.2
  639.8   3889    8.9   -5.0     37   4.14    308    5.3  320.4  334.2  321.2
  639.2   3897    8.9   -5.1     37   4.09    306    5.3  320.5  334.1  321.3
  638.7   3904    8.8   -5.1     37   4.11    305    5.4  320.5  334.2  321.3
  637.9   3913    8.8   -5.3     37   4.06    303    5.5  320.5  334.1  321.3
  637.1   3924    8.7   -5.5     36   3.99    301    5.6  320.6  333.9  321.4
  636.4   3933    8.6   -5.7     36   3.92    300    5.7  320.6  333.7  321.4
  635.8   3941    8.6   -5.7     36   3.93    299    5.7  320.6  333.7  321.4
  635.1   3950    8.5   -5.6     36   3.98    299    5.8  320.7  333.9  321.4
  634.3   3961    8.5   -5.6     37   3.99    299    5.8  320.7  334.0  321.5
  633.5   3971    8.4   -5.8     36   3.92    299    5.8  320.8  333.9  321.5
  633.0   3978    8.4   -5.7     36   3.96    299    5.8  320.8  334.0  321.6
  632.4   3986    8.3   -5.7     37   3.95    300    5.8  320.8  334.0  321.6
  631.5   3998    8.2   -5.8     37   3.95    301    5.7  320.9  334.0  321.6
  630.5   4011    8.1   -5.8     37   3.94    303    5.7  320.9  334.0  321.6
  629.7   4021    8.0   -5.9     37   3.93    305    5.6  320.9  334.0  321.7
  629.1   4029    8.0   -5.8     37   3.96    307    5.5  320.9  334.1  321.7
  628.5   4037    8.0   -5.8     37   3.96    309    5.3  321.0  334.2  321.8
  627.7   4047    7.9   -6.0     37   3.89    311    5.2  321.1  334.1  321.8
  627.0   4056    7.9   -6.5     35   3.77    313    5.0  321.1  333.8  321.9
  626.4   4065    7.9   -7.0     34   3.62    314    4.8  321.2  333.4  322.0
  625.7   4074    7.9   -7.0     34   3.61    316    4.5  321.4  333.5  322.1
  624.7   4086    8.0   -7.8     32   3.42    317    4.3  321.6  333.1  322.2
  623.8   4098    8.3  -10.4     25   2.77    317    4.1  322.0  331.5  322.6
  623.0   4108    8.5  -11.4     23   2.57    316    3.9  322.4  331.2  322.9
  622.4   4117    8.6  -11.4     23   2.57    314    3.8  322.6  331.5  323.1
  621.6   4127    8.7  -11.6     22   2.53    311    3.7  322.8  331.5  323.3
  620.9   4137    8.7  -11.9     22   2.48    308    3.6  323.0  331.5  323.4
  620.2   4146    8.7  -11.9     22   2.49    304    3.7  323.0  331.6  323.5
  619.4   4156    8.7  -11.8     22   2.51    301    3.8  323.1  331.8  323.6
  618.6   4168    8.6  -11.7     22   2.54    298    4.0  323.2  331.9  323.7
  617.8   4179    8.6  -11.7     22   2.53    296    4.2  323.3  332.0  323.8
  617.1   4187    8.5  -11.5     23   2.57    295    4.4  323.3  332.2  323.8
  616.4   4197    8.5  -10.6     25   2.77    294    4.6  323.4  332.9  323.9
  615.5   4209    8.4  -10.0     26   2.90    294    4.9  323.4  333.4  324.0
  614.6   4221    8.3   -9.8     27   2.96    294    5.0  323.4  333.5  324.0
  613.8   4232    8.2   -9.4     28   3.05    295    5.2  323.4  333.8  324.0
  613.2   4240    8.1   -9.1     29   3.15    295    5.3  323.4  334.1  324.0
  612.7   4247    8.0   -8.7     30   3.24    297    5.4  323.4  334.4  324.0
  612.1   4254    7.9   -8.7     30   3.25    298    5.4  323.4  334.5  324.0
  611.4   4264    7.9   -8.7     30   3.25    300    5.4  323.4  334.5  324.0
  610.6   4275    7.8   -8.6     30   3.27    301    5.5  323.4  334.5  324.1
  609.7   4287    7.7   -8.4     31   3.34    303    5.5  323.5  334.8  324.1
  608.8   4299    7.6   -8.1     32   3.42    305    5.5  323.5  335.1  324.2
  608.0   4311    7.6   -8.0     32   3.44    307    5.5  323.6  335.2  324.3
  607.2   4321    7.5   -8.1     32   3.42    309    5.6  323.7  335.3  324.3
  606.5   4331    7.5   -8.1     32   3.44    311    5.6  323.8  335.4  324.4
  605.7   4342    7.5   -8.1     32   3.44    312    5.7  323.8  335.5  324.5
  604.8   4353    7.4   -8.1     32   3.45    314    5.8  323.9  335.7  324.6
  604.1   4363    7.4   -8.0     33   3.48    315    5.9  324.0  335.8  324.7
  603.5   4372    7.3   -8.0     33   3.46    316    6.1  324.0  335.8  324.7
  602.8   4380    7.3   -8.2     32   3.43    317    6.2  324.0  335.7  324.7
  602.2   4389    7.2   -8.1     33   3.45    317    6.3  324.1  335.8  324.7
  601.5   4399    7.1   -8.1     33   3.45    317    6.4  324.1  335.8  324.7
  600.7   4409    7.0   -8.2     33   3.43    317    6.5  324.1  335.8  324.8
  600.0   4419    6.9   -8.3     33   3.42    317    6.6  324.1  335.7  324.8
  599.2   4431    6.9   -8.3     33   3.41    317    6.7  324.1  335.7  324.8
  598.2   4444    6.8   -8.5     33   3.37    316    6.7  324.2  335.6  324.8
  597.1   4459    6.6   -8.5     33   3.38    316    6.8  324.2  335.7  324.9
  596.3   4471    6.5   -8.5     33   3.39    315    6.8  324.2  335.7  324.9
  595.6   4480    6.5   -8.3     34   3.43    315    6.8  324.2  335.9  324.9
  595.0   4487    6.4   -8.2     34   3.47    315    6.8  324.3  336.0  324.9
  594.5   4495    6.4   -8.2     34   3.46    315    6.8  324.3  336.0  325.0
  593.9   4503    6.3   -8.3     34   3.46    315    6.7  324.3  336.0  325.0
  593.3   4512    6.2   -8.2     35   3.47    315    6.6  324.3  336.1  325.0
  592.7   4520    6.1   -8.1     35   3.50    315    6.5  324.3  336.2  325.0
  591.8   4532    6.0   -8.0     36   3.54    315    6.4  324.3  336.3  325.0
  590.9   4544    5.9   -8.0     36   3.56    315    6.3  324.3  336.4  325.0
  590.1   4555    5.8   -7.6     37   3.66    315    6.2  324.4  336.8  325.1
  589.3   4566    5.7   -7.3     39   3.76    315    6.1  324.4  337.1  325.1
  588.4   4579    5.6   -7.2     39   3.78    315    6.0  324.4  337.2  325.1
  587.6   4590    5.5   -7.1     40   3.82    315    5.9  324.4  337.3  325.1
  587.0   4599    5.4   -7.0     40   3.85    314    5.9  324.4  337.4  325.1
  586.2   4610    5.3   -7.1     40   3.84    313    5.9  324.4  337.4  325.2
  585.2   4624    5.3   -8.0     38   3.58    312    5.9  324.5  336.6  325.2
  584.3   4637    5.2   -9.9     33   3.09    312    6.0  324.6  335.2  325.2
  583.7   4645    5.2  -10.8     30   2.89    311    6.0  324.7  334.6  325.2
  583.1   4653    5.2  -11.0     30   2.83    310    6.1  324.7  334.5  325.3
  582.5   4661    5.1  -11.3     29   2.77    309    6.2  324.8  334.3  325.3
  581.9   4670    5.1  -12.0     28   2.63    309    6.3  324.8  333.9  325.3
  581.2   4680    5.1  -13.3     25   2.37    309    6.4  324.9  333.2  325.4
  580.5   4689    5.1  -13.6     24   2.31    309    6.4  325.0  333.0  325.5
  579.9   4697    5.0  -13.1     26   2.41    309    6.5  325.1  333.4  325.5
  579.3   4706    5.0  -13.0     26   2.44    310    6.5  325.1  333.6  325.6
  578.6   4716    5.0  -14.6     23   2.14    310    6.5  325.2  332.7  325.7
  577.9   4727    5.1  -16.4     19   1.84    311    6.5  325.4  331.9  325.8
  577.1   4738    4.9  -13.7     24   2.30    311    6.4  325.4  333.4  325.8
  576.2   4750    4.8  -13.1     26   2.43    312    6.4  325.3  333.8  325.8
  575.4   4762    4.7  -13.0     26   2.44    313    6.3  325.3  333.8  325.8
  574.4   4775    4.6  -13.0     27   2.45    313    6.2  325.4  333.9  325.8
  573.4   4789    4.5  -13.3     26   2.41    313    6.0  325.4  333.8  325.9
  572.5   4802    4.4  -13.3     26   2.41    313    5.9  325.4  333.8  325.9
  571.8   4812    4.3  -13.4     26   2.38    313    5.8  325.4  333.7  325.9
  571.2   4821    4.2  -14.2     25   2.24    312    5.6  325.5  333.3  325.9
  570.6   4830    4.2  -14.7     24   2.15    311    5.5  325.6  333.1  326.0
  569.9   4839    4.2  -14.8     24   2.13    311    5.4  325.7  333.1  326.1
  569.2   4849    4.2  -15.0     23   2.11    310    5.3  325.8  333.2  326.2
  568.5   4859    4.2  -15.7     22   1.99    309    5.2  325.9  332.9  326.3
  567.9   4868    4.2  -16.4     21   1.88    308    5.1  326.0  332.6  326.3
  567.2   4878    4.1  -16.2     21   1.90    308    5.0  326.0  332.7  326.4
  566.5   4889    4.0  -15.6     22   2.01    309    4.9  326.0  333.1  326.4
  565.7   4899    4.0  -15.4     23   2.04    309    4.8  326.1  333.3  326.5
  565.0   4910    3.9  -15.8     22   1.98    310    4.8  326.1  333.1  326.5
  564.1   4922    3.9  -15.8     22   1.98    312    4.7  326.3  333.2  326.7
  563.2   4935    3.8  -15.5     23   2.03    313    4.6  326.3  333.5  326.7
  562.4   4947    3.7  -15.3     24   2.08    314    4.6  326.3  333.6  326.7
  561.6   4958    3.6  -15.8     23   1.99    316    4.5  326.4  333.4  326.8
  560.9   4969    3.6  -16.0     22   1.97    316    4.5  326.4  333.4  326.8
  560.1   4980    3.5  -16.0     23   1.97    317    4.5  326.4  333.4  326.8
  559.5   4990    3.4  -16.0     23   1.96    316    4.5  326.4  333.4  326.8
  558.8   5000    3.3  -15.9     23   1.99    315    4.5  326.5  333.5  326.9
  557.9   5012    3.2  -15.7     24   2.03    313    4.6  326.5  333.6  326.9
  557.1   5024    3.1  -15.8     24   2.02    311    4.7  326.5  333.6  326.9
  556.4   5035    3.0  -15.8     24   2.01    309    4.8  326.5  333.6  326.9
  555.7   5045    3.0  -15.8     24   2.01    307    5.0  326.6  333.7  327.0
  554.9   5056    2.9  -15.9     24   1.99    304    5.2  326.6  333.7  327.0
  554.1   5068    2.8  -15.9     24   2.00    302    5.4  326.7  333.7  327.1
  553.2   5080    2.7  -15.8     24   2.02    301    5.6  326.7  333.8  327.1
  552.4   5093    2.6  -16.0     24   1.99    299    5.8  326.7  333.7  327.1
  551.6   5104    2.6  -16.8     22   1.86    298    6.0  326.8  333.4  327.2
  550.8   5115    2.5  -17.4     21   1.77    297    6.2  326.9  333.1  327.2
  550.3   5124    2.5  -18.3     20   1.64    296    6.3  327.0  332.8  327.3
  549.8   5131    2.6  -18.9     19   1.56    295    6.4  327.1  332.7  327.4
  549.2   5140    2.5  -19.5     18   1.49    295    6.5  327.2  332.5  327.5
  548.6   5149    2.5  -21.1     16   1.30    294    6.5  327.2  331.9  327.5
  547.9   5159    2.5  -22.9     13   1.11    293    6.5  327.3  331.4  327.6
  547.2   5169    2.4  -23.8     12   1.03    292    6.5  327.4  331.2  327.6
  546.4   5180    2.4  -24.3     12   0.99    290    6.5  327.5  331.1  327.7
  545.6   5192    2.3  -24.3     12   0.98    289    6.4  327.5  331.1  327.7
  544.8   5205    2.2  -24.1     12   1.01    287    6.4  327.6  331.3  327.8
  544.0   5216    2.1  -24.2     12   0.99    286    6.3  327.6  331.2  327.8
  543.3   5227    2.1  -24.5     12   0.97    284    6.3  327.6  331.2  327.8
  542.6   5237    2.0  -25.0     11   0.93    283    6.3  327.7  331.1  327.9
  541.9   5248    1.9  -25.1     11   0.92    281    6.3  327.7  331.1  327.9
  541.1   5259    1.8  -25.2     11   0.92    280    6.3  327.7  331.1  327.9
  540.2   5272    1.8  -25.4     11   0.90    279    6.3  327.8  331.1  328.0
  539.4   5285    1.7  -25.5     11   0.89    279    6.3  327.8  331.1  328.0
  538.5   5298    1.6  -25.4     11   0.90    278    6.3  327.9  331.2  328.0
  537.7   5309    1.5  -25.4     11   0.90    279    6.3  327.9  331.2  328.1
  537.0   5320    1.4  -25.6     11   0.89    279    6.2  327.9  331.2  328.1
  536.3   5330    1.3  -25.7     11   0.88    279    6.1  327.9  331.2  328.1
  535.6   5342    1.2  -25.9     11   0.87    280    6.0  327.9  331.1  328.1
  534.8   5354    1.1  -25.9     11   0.87    281    5.9  327.9  331.2  328.1
  534.0   5365    1.0  -26.0     11   0.86    281    5.8  328.0  331.2  328.1
  533.4   5375    1.0  -26.1     11   0.85    282    5.7  328.0  331.2  328.2
  532.7   5385    0.9  -26.1     11   0.86    283    5.6  328.1  331.3  328.2
  531.9   5397    0.9  -26.0     11   0.87    284    5.5  328.2  331.4  328.3
  531.2   5408    0.8  -25.6     12   0.90    285    5.5  328.2  331.5  328.4
  530.4   5420    0.8  -26.2     11   0.85    285    5.5  328.3  331.5  328.5
  529.5   5433    0.7  -26.3     11   0.84    286    5.6  328.4  331.5  328.6
  528.8   5444    0.6  -26.0     12   0.87    287    5.6  328.4  331.6  328.6
  528.2   5454    0.6  -26.0     12   0.87    287    5.7  328.5  331.7  328.6
  527.5   5464    0.5  -26.3     11   0.85    288    5.8  328.5  331.7  328.7
  526.8   5474    0.5  -27.3     10   0.78    289    5.8  328.6  331.5  328.8
  526.1   5484    0.5  -28.9      9   0.67    290    5.8  328.7  331.3  328.9
  525.5   5494    0.4  -28.2     10   0.71    290    5.8  328.8  331.5  328.9
  524.7   5506    0.4  -27.7     10   0.75    291    5.8  328.8  331.6  329.0
  524.0   5517    0.3  -27.5     10   0.76    292    5.7  328.9  331.7  329.0
  523.2   5530    0.2  -27.1     11   0.80    292    5.7  328.9  331.9  329.1
  522.4   5542    0.1  -27.3     11   0.78    293    5.6  329.0  331.9  329.1
  521.6   5554    0.1  -27.1     11   0.80    293    5.5  329.0  332.0  329.2
  520.9   5564    0.1  -28.1     10   0.73    294    5.4  329.2  331.9  329.3
  520.2   5575    0.1  -28.7      9   0.69    294    5.4  329.4  332.0  329.5
  519.5   5586    0.1  -28.4     10   0.71    294    5.4  329.4  332.1  329.6
  518.7   5599   -0.0  -28.0     10   0.74    294    5.5  329.5  332.2  329.6
  518.0   5610   -0.1  -28.0     10   0.74    294    5.7  329.5  332.3  329.6
  517.3   5620   -0.2  -28.2     10   0.73    295    5.9  329.6  332.3  329.7
  516.6   5630   -0.2  -28.5     10   0.71    295    6.2  329.7  332.3  329.8
  515.9   5642   -0.2  -29.4      9   0.65    296    6.5  329.7  332.2  329.9
  515.1   5655   -0.3  -29.3      9   0.66    297    6.9  329.8  332.3  329.9
  514.3   5667   -0.3  -29.0      9   0.68    298    7.2  329.9  332.5  330.0
  513.5   5678   -0.3  -30.4      8   0.59    299    7.5  330.1  332.3  330.2
  512.8   5690   -0.3  -30.9      8   0.57    300    7.8  330.2  332.4  330.3
  512.1   5700   -0.3  -31.9      7   0.52    300    8.1  330.4  332.4  330.5
  511.6   5709   -0.2  -32.0      7   0.51    301    8.3  330.5  332.5  330.6
  510.9   5719   -0.3  -31.4      7   0.55    302    8.4  330.6  332.7  330.7
  510.2   5730   -0.3  -30.8      8   0.58    302    8.5  330.7  332.9  330.8
  509.5   5741   -0.4  -30.3      8   0.61    302    8.6  330.7  333.0  330.9
  508.9   5751   -0.4  -30.2      8   0.61    302    8.6  330.8  333.1  330.9
  508.1   5763   -0.4  -30.1      9   0.62    302    8.5  330.9  333.3  331.1
  507.3   5776   -0.5  -30.1      9   0.62    302    8.4  331.0  333.3  331.1
  506.5   5789   -0.6  -30.0      9   0.62    302    8.3  331.0  333.3  331.1
  505.8   5800   -0.7  -29.9      9   0.63    302    8.2  331.0  333.4  331.1
  505.1   5811   -0.8  -29.7      9   0.64    303    8.1  331.0  333.4  331.1
  504.3   5823   -0.9  -29.5      9   0.66    303    8.0  331.0  333.5  331.1
  503.6   5835   -1.0  -29.5      9   0.66    304    7.9  331.0  333.5  331.2
  502.8   5846   -1.1  -29.6      9   0.66    305    7.8  331.1  333.6  331.2
  502.2   5857   -1.2  -29.7      9   0.65    307    7.7  331.0  333.5  331.2
  501.4   5869   -1.3  -29.8      9   0.65    308    7.7  331.1  333.5  331.2
  500.7   5881   -1.4  -29.8      9   0.64    310    7.6  331.1  333.5  331.2
  500.0   5892   -1.5  -29.9      9   0.64    310    7.6  331.1  333.5  331.2
  499.4   5902   -1.6  -30.0      9   0.64    314    7.6  331.1  333.5  331.2
  498.8   5911   -1.7  -30.0      9   0.64    316    7.6  331.1  333.5  331.2
  498.1   5921   -1.8  -30.0     10   0.64    317    7.6  331.1  333.6  331.3
  497.5   5932   -1.9  -30.0     10   0.64    319    7.6  331.1  333.6  331.3
  496.7   5944   -2.0  -29.9     10   0.65    319    7.6  331.1  333.6  331.3
  495.9   5958   -2.1  -29.6     10   0.66    320    7.5  331.2  333.7  331.3
  495.0   5971   -2.2  -29.3     10   0.69    320    7.5  331.2  333.8  331.4
  494.2   5983   -2.3  -29.3     11   0.69    320    7.4  331.2  333.9  331.4
  493.5   5996   -2.4  -29.4     11   0.68    320    7.4  331.3  333.8  331.4
  492.7   6008   -2.5  -29.2     11   0.70    320    7.3  331.3  333.9  331.4
  492.0   6020   -2.6  -28.5     12   0.75    319    7.2  331.3  334.1  331.5
  491.2   6032   -2.7  -28.3     12   0.76    318    7.2  331.3  334.2  331.5
  490.4   6045   -2.8  -28.8     11   0.72    318    7.1  331.4  334.1  331.5
  489.7   6057   -2.9  -27.7     13   0.81    317    7.1  331.4  334.4  331.5
  488.9   6069   -3.0  -26.4     15   0.91    317    7.1  331.4  334.8  331.6
  488.2   6081   -3.2  -26.1     15   0.93    316    7.1  331.4  334.9  331.6
  487.6   6091   -3.3  -25.7     16   0.97    316    7.1  331.4  335.0  331.6
  486.9   6101   -3.4  -25.5     16   0.99    316    7.2  331.4  335.0  331.6
  486.3   6112   -3.5  -25.0     17   1.04    316    7.3  331.4  335.2  331.6
  485.7   6122   -3.6  -24.4     18   1.09    316    7.4  331.4  335.4  331.6
  484.9   6134   -3.7  -23.9     19   1.15    316    7.5  331.4  335.6  331.6
  484.1   6147   -3.8  -22.9     21   1.26    316    7.6  331.4  336.0  331.7
  483.4   6159   -3.9  -22.2     23   1.34    316    7.7  331.4  336.3  331.7
  482.8   6169   -4.0  -21.8     24   1.38    315    7.8  331.4  336.5  331.7
  482.1   6180   -4.1  -21.8     24   1.40    315    7.9  331.4  336.5  331.7
  481.3   6193   -4.2  -21.7     24   1.41    315    8.0  331.4  336.6  331.7
  480.6   6205   -4.3  -21.6     25   1.42    315    8.0  331.4  336.6  331.7
  479.8   6218   -4.4  -21.4     25   1.44    315    8.1  331.5  336.7  331.7
  479.0   6231   -4.5  -21.1     26   1.48    314    8.1  331.5  336.9  331.8
  478.2   6244   -4.6  -20.2     28   1.61    314    8.1  331.6  337.4  331.9
  477.5   6256   -4.7  -19.5     30   1.71    315    8.2  331.6  337.8  331.9
  476.7   6268   -4.8  -19.2     31   1.76    315    8.2  331.6  338.0  332.0
  476.0   6280   -4.9  -19.5     31   1.72    315    8.3  331.7  337.9  332.0
  475.3   6292   -5.0  -19.6     31   1.71    316    8.3  331.7  337.9  332.0
  474.6   6303   -5.1  -19.5     31   1.72    317    8.4  331.7  337.9  332.1
  473.8   6316   -5.2  -19.4     32   1.74    317    8.5  331.7  338.0  332.1
  473.1   6328   -5.3  -19.3     32   1.76    318    8.6  331.7  338.1  332.1
  472.3   6341   -5.4  -18.8     34   1.85    319    8.7  331.8  338.4  332.1
  471.5   6356   -5.5  -19.2     33   1.78    320    8.8  331.8  338.2  332.1
  470.5   6371   -5.6  -19.4     33   1.75    320    8.9  331.9  338.2  332.2
  469.6   6386   -5.7  -20.5     30   1.59    321    9.0  331.9  337.7  332.2
  468.9   6398   -5.7  -22.4     26   1.35    322    9.1  332.0  337.0  332.3
  468.4   6407   -5.8  -21.9     27   1.42    323    9.1  332.1  337.3  332.4
  467.7   6419   -5.8  -20.8     30   1.56    323    9.1  332.1  337.8  332.4
  466.9   6432   -5.9  -20.0     32   1.68    324    9.1  332.2  338.2  332.5
  466.1   6445   -6.0  -21.1     29   1.53    325    9.0  332.3  337.8  332.6
  465.4   6457   -6.0  -22.2     27   1.39    325    8.9  332.3  337.4  332.6
  464.7   6468   -6.1  -22.4     26   1.37    326    8.7  332.4  337.4  332.7
  464.0   6480   -6.2  -22.5     26   1.36    326    8.5  332.4  337.4  332.7
  463.3   6492   -6.3  -22.5     27   1.36    327    8.3  332.4  337.4  332.7
  462.6   6504   -6.4  -22.6     27   1.35    327    8.0  332.4  337.4  332.7
  461.9   6516   -6.5  -23.1     26   1.29    327    7.7  332.4  337.2  332.7
  461.2   6529   -6.6  -23.9     24   1.20    326    7.4  332.5  336.9  332.7
  460.4   6541   -6.7  -24.0     24   1.20    326    7.1  332.5  337.0  332.8
  459.7   6553   -6.8  -23.9     24   1.21    325    6.9  332.5  337.0  332.8
  459.1   6564   -7.0  -24.1     24   1.19    324    6.6  332.5  336.9  332.7
  458.4   6576   -7.1  -24.2     24   1.18    324    6.5  332.5  336.9  332.8
  457.7   6588   -7.2  -24.0     25   1.20    323    6.4  332.5  337.0  332.8
  457.0   6600   -7.3  -23.9     25   1.22    322    6.3  332.5  337.0  332.8
  456.2   6612   -7.4  -23.7     26   1.24    322    6.3  332.6  337.2  332.8
  455.5   6625   -7.4  -23.8     26   1.23    321    6.3  332.7  337.2  332.9
  454.8   6636   -7.5  -24.0     25   1.21    321    6.4  332.7  337.2  333.0
  454.2   6648   -7.5  -23.9     26   1.22    322    6.6  332.8  337.3  333.0
  453.5   6659   -7.6  -23.9     26   1.23    322    6.7  332.9  337.4  333.1
  452.8   6672   -7.6  -24.1     26   1.21    323    6.8  333.0  337.4  333.2
  452.0   6684   -7.7  -24.5     25   1.17    324    6.9  333.0  337.4  333.3
  451.3   6697   -7.8  -25.0     24   1.12    325    7.0  333.1  337.3  333.3
  450.5   6710   -7.7  -26.0     22   1.02    326    7.0  333.3  337.2  333.5
  449.8   6722   -7.8  -26.4     21   0.99    327    7.0  333.4  337.1  333.6
  449.2   6734   -7.8  -26.9     20   0.95    328    7.0  333.5  337.1  333.7
  448.4   6747   -7.8  -28.0     18   0.85    330    7.0  333.6  336.9  333.8
  447.6   6761   -7.8  -29.8     15   0.72    331    6.9  333.9  336.7  334.1
  446.8   6775   -7.7  -31.0     13   0.65    333    6.9  334.2  336.7  334.3
  446.0   6789   -7.7  -31.7     13   0.61    334    6.8  334.4  336.7  334.5
  445.3   6802   -7.5  -33.6     10   0.51    336    6.8  334.7  336.7  334.8
  444.6   6814   -7.5  -35.8      8   0.41    337    6.8  334.9  336.5  335.0
  443.9   6826   -7.5  -37.3      7   0.35    339    6.9  335.1  336.5  335.1
  443.1   6839   -7.5  -37.5      7   0.34    340    6.9  335.2  336.6  335.3
  442.4   6852   -7.5  -37.2      7   0.35    341    6.9  335.3  336.8  335.4
  441.6   6866   -7.5  -34.8      9   0.45    343    7.0  335.5  337.3  335.6
  440.9   6879   -7.6  -29.7     15   0.74    344    7.0  335.6  338.4  335.7
  440.2   6891   -7.7  -26.0     21   1.04    345    7.0  335.6  339.5  335.8
  439.5   6903   -7.8  -25.7     22   1.08    346    7.0  335.6  339.7  335.8
  438.9   6914   -7.9  -25.5     23   1.10    346    7.0  335.6  339.7  335.8
  438.2   6926   -8.0  -24.3     26   1.22    347    7.0  335.6  340.2  335.8
  437.5   6937   -8.1  -23.7     27   1.29    348    6.9  335.6  340.4  335.9
  436.8   6950   -8.3  -23.1     29   1.37    348    6.9  335.6  340.7  335.9
  436.2   6962   -8.4  -22.5     31   1.44    348    6.8  335.6  340.9  335.9
  435.5   6973   -8.5  -22.1     32   1.50    348    6.8  335.6  341.1  335.9
  434.9   6984   -8.6  -21.8     34   1.54    348    6.7  335.6  341.3  335.9
  434.3   6995   -8.7  -21.8     34   1.55    348    6.7  335.6  341.3  335.9
  433.6   7007   -8.8  -21.4     35   1.60    348    6.6  335.6  341.5  335.9
  433.0   7019   -9.0  -21.1     37   1.65    347    6.6  335.6  341.6  335.9
  432.3   7031   -9.1  -21.1     37   1.65    347    6.6  335.6  341.6  335.9
  431.6   7044   -9.2  -21.0     38   1.66    346    6.7  335.6  341.7  335.9
  430.9   7056   -9.3  -21.0     38   1.67    346    6.7  335.6  341.7  335.9
  430.3   7068   -9.4  -21.0     39   1.67    345    6.7  335.6  341.7  335.9
  429.6   7079   -9.5  -21.0     39   1.68    345    6.7  335.6  341.8  335.9
  429.0   7090   -9.6  -20.9     39   1.68    344    6.7  335.6  341.8  335.9
  428.4   7101   -9.8  -20.9     40   1.69    344    6.7  335.6  341.8  335.9
  427.8   7112   -9.8  -20.9     40   1.69    343    6.8  335.6  341.8  336.0
  427.2   7123   -9.9  -20.9     40   1.70    343    6.8  335.7  341.9  336.0
  426.6   7133  -10.0  -21.0     40   1.69    342    6.8  335.7  341.9  336.0
  426.0   7144  -10.1  -21.1     40   1.68    341    6.8  335.7  341.9  336.1
  425.4   7156  -10.1  -21.0     41   1.69    341    6.8  335.7  341.9  336.1
  424.7   7168  -10.2  -21.1     41   1.68    340    6.9  335.8  342.0  336.1
  424.0   7180  -10.3  -21.3     40   1.66    340    7.0  335.8  341.9  336.2
  423.3   7193  -10.4  -21.4     40   1.63    340    7.1  335.9  341.9  336.2
  422.7   7205  -10.5  -21.9     39   1.58    340    7.2  335.9  341.7  336.2
  422.0   7217  -10.5  -22.2     38   1.54    340    7.3  336.0  341.7  336.3
  421.4   7228  -10.6  -22.3     38   1.53    340    7.4  336.1  341.7  336.4
  420.8   7239  -10.7  -22.4     38   1.51    339    7.4  336.1  341.7  336.4
  420.2   7250  -10.8  -22.5     38   1.50    339    7.5  336.1  341.7  336.4
  419.5   7262  -10.9  -22.6     37   1.48    339    7.6  336.2  341.7  336.5
  418.8   7275  -10.9  -23.1     36   1.43    338    7.6  336.2  341.5  336.5
  418.1   7288  -11.0  -23.4     35   1.39    338    7.6  336.3  341.5  336.6
  417.4   7302  -11.1  -23.5     35   1.38    337    7.5  336.3  341.5  336.6
  416.7   7314  -11.2  -23.7     35   1.36    336    7.5  336.4  341.4  336.7
  416.1   7325  -11.3  -23.8     35   1.34    335    7.4  336.4  341.4  336.7
  415.4   7338  -11.4  -24.0     35   1.33    334    7.4  336.4  341.4  336.7
  414.7   7350  -11.5  -24.1     34   1.31    333    7.3  336.5  341.4  336.7
  414.1   7361  -11.6  -24.4     34   1.29    332    7.2  336.5  341.3  336.8
  413.6   7372  -11.7  -24.4     34   1.29    331    7.2  336.5  341.3  336.8
  413.0   7383  -11.8  -24.9     33   1.24    331    7.1  336.5  341.1  336.8
  412.3   7396  -11.8  -27.3     26   0.99    331    7.1  336.7  340.4  336.9
  411.6   7409  -11.7  -30.3     20   0.75    332    7.0  336.9  339.8  337.0
  410.9   7422  -11.7  -31.1     18   0.70    332    7.0  337.1  339.8  337.2
  410.2   7435  -11.8  -30.5     20   0.74    333    7.0  337.1  340.0  337.3
  409.6   7446  -11.9  -31.1     19   0.70    334    7.0  337.1  339.8  337.3
  408.9   7458  -12.0  -29.6     22   0.80    334    7.0  337.2  340.3  337.3
  408.3   7470  -12.1  -29.5     22   0.81    335    7.1  337.2  340.3  337.4
  407.7   7481  -12.2  -29.8     22   0.80    335    7.1  337.2  340.3  337.4
  407.1   7493  -12.2  -29.6     22   0.81    335    7.2  337.3  340.4  337.5
  406.4   7506  -12.3  -29.0     24   0.86    335    7.2  337.4  340.7  337.6
  405.7   7519  -12.3  -29.0     24   0.86    334    7.3  337.5  340.8  337.7
  405.0   7532  -12.4  -29.2     23   0.85    333    7.4  337.6  340.8  337.8
  404.3   7545  -12.5  -29.2     23   0.85    333    7.5  337.6  340.9  337.8
  403.7   7557  -12.6  -29.4     23   0.83    332    7.6  337.7  340.9  337.9
  403.2   7566  -12.6  -29.6     23   0.82    332    7.8  337.7  340.9  337.9
  402.7   7575  -12.7  -29.7     23   0.81    332    7.9  337.8  340.9  337.9
  402.1   7586  -12.8  -29.9     22   0.80    332    8.1  337.8  340.9  338.0
  401.5   7598  -12.8  -30.1     22   0.79    333    8.3  337.9  340.9  338.0
  400.9   7610  -12.9  -30.3     22   0.77    333    8.5  337.9  340.9  338.1
  400.3   7622  -12.9  -30.7     21   0.74    334    8.7  338.0  340.9  338.2
  400.0   7627  -13.0  -30.8     21   0.73    336    9.0  338.0  340.9  338.2
  399.7   7633  -13.0  -31.0     21   0.72    336    9.0  338.1  340.9  338.2
  399.0   7645  -13.1  -31.2     20   0.71    337    9.2  338.2  340.9  338.3
  398.3   7659  -13.2  -31.7     19   0.68    338    9.4  338.2  340.8  338.3
  397.6   7672  -13.2  -32.7     18   0.62    339    9.6  338.3  340.7  338.4
  397.0   7684  -13.2  -33.9     16   0.55    340    9.8  338.5  340.6  338.6
  396.4   7696  -13.2  -35.4     14   0.48    340   10.0  338.6  340.5  338.7
  395.7   7709  -13.1  -36.7     12   0.42    340   10.1  338.9  340.5  338.9
  395.1   7721  -13.2  -37.3     11   0.39    340   10.3  338.9  340.5  339.0
  394.5   7733  -13.2  -38.2     10   0.36    340   10.3  339.0  340.5  339.1
  393.9   7744  -13.2  -39.3      9   0.32    340   10.3  339.2  340.5  339.2
  393.3   7755  -13.2  -39.9      9   0.30    339   10.3  339.3  340.5  339.4
  392.7   7768  -13.3  -40.1      9   0.30    338   10.3  339.4  340.6  339.4
  392.0   7780  -13.4  -40.4      8   0.29    338   10.2  339.4  340.6  339.5
  391.5   7791  -13.4  -41.0      8   0.27    337   10.1  339.5  340.6  339.6
  390.9   7801  -13.5  -40.5      8   0.29    336   10.0  339.6  340.7  339.6
  390.4   7812  -13.6  -40.2      9   0.29    336    9.9  339.6  340.8  339.7
  389.7   7825  -13.7  -40.0      9   0.30    335    9.9  339.7  340.9  339.7
  389.2   7836  -13.8  -40.2      9   0.30    335    9.8  339.7  340.9  339.7
  388.6   7846  -13.8  -41.0      8   0.27    335    9.7  339.7  340.9  339.8
  388.1   7857  -13.8  -40.6      8   0.29    335    9.7  339.8  341.0  339.9
  387.5   7869  -13.9  -40.2      9   0.30    335    9.7  339.9  341.1  340.0
  387.0   7879  -14.0  -40.3      9   0.30    335    9.7  339.9  341.1  340.0
  386.6   7886  -14.1  -39.2     10   0.33    335    9.7  339.9  341.3  340.0
  386.1   7896  -14.2  -38.2     11   0.37    335    9.8  339.9  341.4  340.0
  385.4   7909  -14.3  -38.1     11   0.37    335    9.8  339.9  341.4  340.0
  384.7   7922  -14.4  -37.6     12   0.39    335    9.9  340.0  341.6  340.1
  384.2   7934  -14.4  -37.5     12   0.40    335   10.0  340.0  341.6  340.1
  383.6   7945  -14.5  -37.7     12   0.39    336   10.0  340.0  341.6  340.1
  383.0   7957  -14.7  -38.2     12   0.37    336   10.0  340.0  341.5  340.1
  382.3   7970  -14.8  -38.1     12   0.38    336   10.0  340.0  341.6  340.1
  381.8   7981  -14.9  -37.9     12   0.38    336   10.0  340.0  341.6  340.1
  381.3   7991  -15.0  -37.9     12   0.38    336   10.0  340.1  341.6  340.1
  380.8   8001  -15.1  -37.8     12   0.39    336   10.0  340.1  341.6  340.2
  380.2   8012  -15.2  -37.7     13   0.39    336    9.9  340.1  341.7  340.2
  379.6   8024  -15.2  -37.3     13   0.41    336    9.8  340.1  341.8  340.2
  379.0   8035  -15.3  -36.6     14   0.44    337    9.6  340.2  341.9  340.2
  378.4   8048  -15.4  -36.3     15   0.45    337    9.4  340.2  342.0  340.3
  377.8   8061  -15.6  -36.4     15   0.45    337    9.2  340.2  342.0  340.3
  377.1   8073  -15.7  -37.0     14   0.43    338    9.0  340.2  341.9  340.3
  376.5   8087  -15.8  -37.4     14   0.41    338    8.7  340.3  341.9  340.3
  375.8   8100  -15.9  -37.7     13   0.40    339    8.4  340.3  341.9  340.4
  375.2   8113  -16.0  -37.8     13   0.39    340    8.1  340.3  341.9  340.4
  374.6   8125  -16.1  -38.0     13   0.39    341    7.7  340.3  341.9  340.4
  374.1   8134  -16.2  -38.1     13   0.38    342    7.4  340.3  341.9  340.4
  373.6   8145  -16.3  -38.3     13   0.38    343    7.1  340.3  341.8  340.4
  373.0   8157  -16.4  -38.8     13   0.36    344    6.7  340.4  341.8  340.4
  372.5   8167  -16.3  -39.6     11   0.33    346    6.4  340.6  341.9  340.6
  372.1   8175  -16.3  -39.7     11   0.33    347    6.1  340.7  342.1  340.8
  371.7   8184  -16.3  -39.0     12   0.35    348    5.9  340.8  342.2  340.8
  371.1   8195  -16.4  -38.0     14   0.39    349    5.7  340.9  342.4  340.9
  370.5   8207  -16.5  -37.9     14   0.40    350    5.5  340.9  342.5  341.0
  369.9   8219  -16.5  -37.8     14   0.40    351    5.4  340.9  342.5  341.0
  369.3   8230  -16.6  -37.8     14   0.40    351    5.3  341.0  342.6  341.1
  368.8   8243  -16.7  -38.4     13   0.38    351    5.2  341.1  342.6  341.1
  368.1   8255  -16.7  -38.9     13   0.36    351    5.2  341.2  342.6  341.2
  367.5   8267  -16.8  -38.9     13   0.36    350    5.2  341.2  342.7  341.3
  366.9   8279  -16.9  -38.6     13   0.37    350    5.2  341.3  342.8  341.3
  366.3   8292  -17.0  -38.5     14   0.38    349    5.2  341.3  342.8  341.3
  365.8   8303  -17.1  -38.6     14   0.37    348    5.2  341.3  342.8  341.3
  365.2   8315  -17.2  -38.6     14   0.37    347    5.2  341.3  342.8  341.4
  364.6   8327  -17.3  -38.6     14   0.37    347    5.1  341.3  342.8  341.4
  364.1   8339  -17.4  -38.6     14   0.37    346    5.1  341.3  342.8  341.4
  363.4   8352  -17.5  -38.5     14   0.38    345    5.0  341.4  342.9  341.4
  362.8   8365  -17.6  -38.5     14   0.38    345    4.9  341.4  342.9  341.4
  362.2   8376  -17.7  -38.7     14   0.37    345    4.8  341.4  342.9  341.5
  361.7   8388  -17.8  -38.9     14   0.37    346    4.7  341.4  342.9  341.5
  361.1   8400  -17.9  -38.8     14   0.37    346    4.6  341.4  342.9  341.5
  360.5   8413  -18.0  -38.6     15   0.38    347    4.5  341.4  343.0  341.5
  359.9   8425  -18.1  -38.4     15   0.38    349    4.4  341.5  343.0  341.5
  359.3   8436  -18.3  -38.4     15   0.39    350    4.3  341.5  343.0  341.6
  358.9   8446  -18.3  -38.6     15   0.38    352    4.3  341.5  343.0  341.6
  358.4   8456  -18.4  -38.5     15   0.39    354    4.2  341.5  343.1  341.6
  357.9   8467  -18.5  -37.5     17   0.43    355    4.2  341.5  343.2  341.6
  357.3   8478  -18.6  -36.7     19   0.46    357    4.2  341.5  343.4  341.6
  356.8   8490  -18.7  -36.0     20   0.50    358    4.2  341.5  343.5  341.6
  356.2   8501  -18.8  -35.4     22   0.53    358    4.2  341.5  343.7  341.7
  355.6   8514  -19.0  -35.1     23   0.55    359    4.2  341.6  343.7  341.7
  355.0   8526  -19.1  -35.2     23   0.54    359    4.2  341.5  343.7  341.7
  354.5   8538  -19.2  -35.4     22   0.53    358    4.2  341.5  343.7  341.7
  353.9   8549  -19.3  -35.5     22   0.52    358    4.2  341.6  343.7  341.7
  353.4   8561  -19.4  -35.5     23   0.53    357    4.2  341.6  343.7  341.7
  352.8   8573  -19.5  -35.6     23   0.52    356    4.2  341.6  343.7  341.7
  352.2   8585  -19.6  -35.9     22   0.51    356    4.2  341.7  343.7  341.8
  351.6   8597  -19.7  -36.0     22   0.50    356    4.2  341.7  343.7  341.8
  351.1   8610  -19.7  -35.9     22   0.51    357    4.2  341.7  343.8  341.8
  350.5   8621  -19.9  -35.7     23   0.52    358    4.2  341.7  343.8  341.9
  350.0   8632  -20.0  -35.5     24   0.53    360    4.2  341.8  343.9  341.9
  349.4   8644  -20.0  -35.0     25   0.56      2    4.2  341.8  344.0  341.9
  348.9   8656  -20.1  -34.2     27   0.61      5    4.2  341.8  344.2  342.0
  348.3   8668  -20.2  -33.9     28   0.63      9    4.2  341.9  344.4  342.0
  347.7   8680  -20.3  -33.9     29   0.63     13    4.3  341.9  344.4  342.1
  347.1   8693  -20.4  -34.5     27   0.59     18    4.3  342.0  344.4  342.1
  346.5   8706  -20.4  -35.7     24   0.53     22    4.3  342.1  344.2  342.2
  345.9   8720  -20.5  -36.3     23   0.50     27    4.3  342.2  344.2  342.3
  345.3   8733  -20.5  -37.8     20   0.43     32    4.3  342.4  344.1  342.4
  344.6   8747  -20.1  -43.6     10   0.23     37    4.4  343.1  344.1  343.1
  344.0   8760  -19.4  -49.1      5   0.13     41    4.4  344.2  344.7  344.2
  343.4   8772  -19.3  -47.5      6   0.15     46    4.4  344.4  345.1  344.5
  342.9   8783  -19.4  -46.7      7   0.17     50    4.4  344.5  345.2  344.5
  342.4   8794  -19.5  -46.6      7   0.17     55    4.4  344.6  345.3  344.6
  341.9   8805  -19.5  -46.7      7   0.17     59    4.4  344.6  345.3  344.7
  341.4   8816  -19.6  -46.9      7   0.16     62    4.4  344.7  345.4  344.7
  340.9   8828  -19.6  -47.1      7   0.16     66    4.4  344.8  345.5  344.8
  340.4   8839  -19.7  -47.3      7   0.16     69    4.5  344.8  345.5  344.9
  339.9   8849  -19.8  -47.4      7   0.16     72    4.5  344.9  345.5  344.9
  339.5   8858  -19.8  -47.5      7   0.15     74    4.6  344.9  345.6  344.9
  339.1   8867  -19.9  -48.1      6   0.14     77    4.6  345.0  345.6  345.0
  338.6   8877  -19.7  -48.9      6   0.13     79    4.7  345.3  345.9  345.3
  338.1   8888  -19.7  -49.8      5   0.12     82    4.8  345.5  346.0  345.5
  337.7   8898  -19.6  -50.8      4   0.11     84    4.8  345.7  346.2  345.7
  337.2   8909  -19.6  -51.1      4   0.10     86    4.9  345.9  346.3  345.9
  336.7   8920  -19.6  -51.2      4   0.10     89    5.0  346.0  346.5  346.0
  336.1   8933  -19.6  -50.9      4   0.11     92    5.1  346.2  346.7  346.2
  335.5   8945  -19.6  -50.6      5   0.11     94    5.1  346.3  346.8  346.4
  334.9   8958  -19.7  -50.2      5   0.12     96    5.2  346.4  346.9  346.4
  334.4   8971  -19.8  -48.5      6   0.14     99    5.3  346.5  347.1  346.5
  333.8   8984  -19.8  -46.3      8   0.18    101    5.4  346.6  347.4  346.6
  333.2   8996  -19.9  -44.4      9   0.22    102    5.5  346.7  347.7  346.8
  332.7   9009  -19.9  -43.1     11   0.26    104    5.5  346.8  347.9  346.8
  332.2   9020  -20.0  -41.9     12   0.29    105    5.6  346.8  348.1  346.9
  331.7   9030  -20.0  -39.2     16   0.38    105    5.6  346.9  348.5  347.0
  331.3   9039  -20.1  -35.8     23   0.55    105    5.6  347.0  349.2  347.1
  330.9   9048  -20.2  -34.8     26   0.60    105    5.6  347.0  349.4  347.1
  330.5   9057  -20.3  -34.6     27   0.62    104    5.5  346.9  349.4  347.1
  330.0   9068  -20.4  -34.4     27   0.63    104    5.5  347.0  349.5  347.1
  329.5   9079  -20.5  -34.5     28   0.63    102    5.4  347.0  349.5  347.1
  329.0   9091  -20.6  -34.4     28   0.63    101    5.4  347.0  349.5  347.1
  328.4   9104  -20.7  -34.1     29   0.65    100    5.3  347.0  349.6  347.2
  327.8   9118  -20.8  -33.9     30   0.66     98    5.3  347.0  349.7  347.2
  327.3   9130  -21.0  -34.0     30   0.66     97    5.3  347.0  349.6  347.1
  326.8   9140  -21.1  -34.0     30   0.66     96    5.2  347.0  349.6  347.1
  326.3   9151  -21.2  -33.9     31   0.67     94    5.3  347.0  349.7  347.2
  325.8   9163  -21.2  -33.7     32   0.68     93    5.3  347.0  349.8  347.2
  325.2   9177  -21.3  -33.8     32   0.68     92    5.3  347.1  349.8  347.2
  324.5   9192  -21.4  -33.7     32   0.68     91    5.4  347.2  349.9  347.3
  323.9   9206  -21.6  -33.7     33   0.69     90    5.5  347.2  350.0  347.3
  323.4   9218  -21.7  -33.9     32   0.67     90    5.6  347.2  349.9  347.3
  322.9   9229  -21.7  -34.5     30   0.64     89    5.7  347.3  349.8  347.4
  322.4   9240  -21.8  -35.0     29   0.61     89    5.8  347.3  349.8  347.5
  321.9   9252  -21.9  -34.9     30   0.61     88    5.9  347.4  349.8  347.5
  321.3   9264  -22.0  -34.8     30   0.62     88    6.0  347.4  349.9  347.5
  320.8   9276  -22.1  -35.6     28   0.58     88    6.1  347.4  349.8  347.5
  320.2   9290  -22.1  -38.0     22   0.45     88    6.1  347.5  349.4  347.6
  319.6   9303  -22.2  -39.7     19   0.38     88    6.2  347.7  349.2  347.7
  319.0   9317  -22.3  -39.0     21   0.41     88    6.2  347.7  349.4  347.8
  318.5   9330  -22.4  -38.3     22   0.44     89    6.2  347.7  349.5  347.8
  318.0   9342  -22.5  -37.5     24   0.48     89    6.2  347.8  349.7  347.9
  317.4   9355  -22.6  -36.0     28   0.56     90    6.2  347.8  350.1  347.9
  316.9   9367  -22.7  -35.4     30   0.60     91    6.2  347.8  350.2  348.0
  316.4   9379  -22.7  -36.1     28   0.55     92    6.2  347.9  350.2  348.0
  315.9   9390  -22.8  -36.5     27   0.53     93    6.2  348.0  350.2  348.1
  315.4   9402  -22.8  -37.8     24   0.47     93    6.2  348.1  350.0  348.2
  314.8   9414  -22.9  -37.8     24   0.47     94    6.2  348.2  350.1  348.3
  314.3   9427  -23.0  -37.1     26   0.51     94    6.2  348.2  350.3  348.3
  313.8   9439  -23.1  -37.5     26   0.49     95    6.3  348.2  350.2  348.3
  313.3   9451  -23.2  -37.7     25   0.48     95    6.3  348.2  350.2  348.3
  312.8   9462  -23.3  -37.4     26   0.49     95    6.3  348.2  350.3  348.4
  312.4   9473  -23.4  -37.0     28   0.51     95    6.4  348.3  350.3  348.4
  311.9   9483  -23.5  -36.7     29   0.53     95    6.4  348.3  350.4  348.4
  311.5   9493  -23.5  -37.0     28   0.51     95    6.4  348.3  350.4  348.5
  311.1   9503  -23.6  -37.2     27   0.50     94    6.3  348.4  350.4  348.5
  310.6   9513  -23.7  -37.5     27   0.49     94    6.3  348.4  350.4  348.5
  310.1   9525  -23.7  -38.4     25   0.45     94    6.2  348.5  350.4  348.6
  309.6   9537  -23.7  -39.9     21   0.39     94    6.2  348.7  350.3  348.7
  309.1   9548  -23.8  -41.1     19   0.34     94    6.1  348.7  350.2  348.8
  308.7   9559  -23.9  -41.1     19   0.34     93    6.1  348.8  350.2  348.9
  308.2   9571  -23.9  -41.0     19   0.35     93    6.0  348.9  350.3  348.9
  307.6   9584  -24.0  -41.5     18   0.33     92    6.0  349.0  350.3  349.0
  307.1   9596  -24.0  -42.2     17   0.30     92    6.0  349.0  350.3  349.1
  306.6   9607  -24.1  -42.1     17   0.31     91    6.0  349.1  350.4  349.1
  306.2   9618  -24.2  -41.6     19   0.33     91    6.1  349.1  350.5  349.2
  305.7   9629  -24.3  -41.1     20   0.34     91    6.1  349.1  350.5  349.2
  305.3   9640  -24.4  -40.0     22   0.39     90    6.2  349.1  350.7  349.1
  304.8   9650  -24.5  -39.3     24   0.42     90    6.4  349.1  350.8  349.2
  304.4   9660  -24.6  -39.3     24   0.42     90    6.5  349.1  350.8  349.2
  304.0   9671  -24.7  -39.7     24   0.40     90    6.6  349.1  350.7  349.2
  303.5   9681  -24.8  -40.1     23   0.38     90    6.8  349.1  350.7  349.2
  303.1   9691  -24.9  -40.0     23   0.39     91    7.0  349.1  350.7  349.2
  302.7   9701  -25.0  -39.8     24   0.40     91    7.1  349.1  350.7  349.2
  302.3   9711  -25.1  -39.8     24   0.40     92    7.3  349.1  350.7  349.1
  301.9   9721  -25.2  -40.1     24   0.39     92    7.4  349.1  350.7  349.1
  301.5   9731  -25.3  -39.6     25   0.41     93    7.5  349.1  350.7  349.1
  301.0   9742  -25.4  -38.2     29   0.47     94    7.6  349.1  351.0  349.2
  300.5   9754  -25.6  -36.3     36   0.57     94    7.7  349.1  351.4  349.2
  300.0   9766  -25.7  -35.5     39   0.62     94    7.7  349.1  351.6  349.2
  299.9   9768  -25.7  -35.4     40   0.63     95    7.7  349.1  351.6  349.2
  299.4   9782  -25.8  -35.8     39   0.60     95    7.8  349.1  351.5  349.2
  298.9   9794  -25.9  -36.2     37   0.58     95    7.7  349.1  351.4  349.2
  298.3   9806  -26.0  -36.3     37   0.58     95    7.7  349.1  351.5  349.3
  297.8   9820  -26.1  -36.3     38   0.58     95    7.6  349.2  351.5  349.3
  297.3   9832  -26.2  -36.6     37   0.56     94    7.5  349.2  351.5  349.3
  296.9   9843  -26.3  -36.7     37   0.55     94    7.3  349.2  351.5  349.4
  296.4   9854  -26.4  -36.7     37   0.56     93    7.2  349.3  351.5  349.4
  295.9   9865  -26.5  -36.6     38   0.56     93    7.1  349.3  351.6  349.4
  295.5   9876  -26.6  -36.6     38   0.56     92    7.0  349.3  351.6  349.4
  295.1   9886  -26.7  -36.8     38   0.55     91    6.9  349.3  351.6  349.4
  294.6   9898  -26.7  -37.1     37   0.54     91    6.9  349.4  351.6  349.5
  294.0   9911  -26.8  -37.2     37   0.53     90    6.9  349.5  351.7  349.6
  293.5   9925  -26.9  -37.2     37   0.54     89    6.9  349.6  351.8  349.7
  293.0   9937  -27.0  -37.3     37   0.53     88    6.9  349.6  351.8  349.7
  292.5   9949  -27.1  -37.4     37   0.52     86    7.0  349.6  351.8  349.7
  292.0   9961  -27.2  -37.5     37   0.52     85    7.2  349.7  351.8  349.8
  291.6   9972  -27.3  -37.5     37   0.53     84    7.3  349.7  351.8  349.8
  291.0   9985  -27.4  -37.4     38   0.53     83    7.5  349.7  351.9  349.8
  290.5   9998  -27.5  -37.5     38   0.52     81    7.6  349.7  351.9  349.8
  290.0  10011  -27.6  -37.7     37   0.51     80    7.8  349.8  351.9  349.9
  289.5  10023  -27.7  -37.9     37   0.51     79    7.9  349.8  351.9  349.9
  289.0  10035  -27.7  -38.0     37   0.50     78    8.1  349.9  351.9  350.0
  288.5  10048  -27.8  -38.0     37   0.50     78    8.2  349.9  352.0  350.0
  288.0  10061  -27.9  -38.0     38   0.50     77    8.2  349.9  352.0  350.0
  287.5  10072  -28.0  -38.1     38   0.50     77    8.3  350.0  352.0  350.1
  287.1  10084  -28.2  -38.2     38   0.50     77    8.3  349.9  352.0  350.0
  286.6  10096  -28.3  -38.3     37   0.49     77    8.2  350.0  352.0  350.1
  286.2  10106  -28.4  -38.4     38   0.49     77    8.2  350.0  352.0  350.1
  285.7  10117  -28.5  -38.3     38   0.49     77    8.1  350.0  352.0  350.1
  285.3  10129  -28.6  -38.3     39   0.49     77    8.0  350.0  352.0  350.1
  284.8  10141  -28.7  -38.4     39   0.49     77    7.9  350.0  352.0  350.1
  284.4  10152  -28.8  -38.5     39   0.49     77    7.7  350.0  352.0  350.1
  283.9  10163  -28.9  -38.6     39   0.48     76    7.6  350.0  352.0  350.1
  283.5  10173  -29.0  -38.9     38   0.46     76    7.5  350.0  351.9  350.1
  283.2  10182  -29.1  -39.0     38   0.46     75    7.4  350.0  351.9  350.1
  282.8  10193  -29.1  -38.8     39   0.47     74    7.3  350.0  352.0  350.1
  282.3  10204  -29.3  -38.7     40   0.48     73    7.3  350.1  352.0  350.2
  281.8  10217  -29.4  -38.6     41   0.48     72    7.2  350.1  352.1  350.2
  281.3  10230  -29.5  -38.7     41   0.48     71    7.2  350.0  352.0  350.2
  280.9  10240  -29.6  -39.0     40   0.47     70    7.3  350.1  352.0  350.2
  280.4  10251  -29.7  -39.0     40   0.47     69    7.4  350.1  352.0  350.2
  280.0  10264  -29.8  -39.1     40   0.46     69    7.5  350.1  352.0  350.2
  279.5  10275  -29.9  -39.7     38   0.43     69    7.6  350.1  351.9  350.2
  279.1  10286  -30.0  -41.5     32   0.36     69    7.7  350.2  351.7  350.2
  278.7  10296  -30.0  -44.6     23   0.26     69    7.9  350.3  351.4  350.4
  278.3  10307  -29.9  -47.5     16   0.19     69    8.1  350.5  351.3  350.5
  277.9  10317  -30.0  -49.1     14   0.16     70    8.3  350.6  351.3  350.6
  277.4  10328  -30.0  -52.6      9   0.10     70    8.5  350.8  351.2  350.8
  277.0  10338  -29.9  -58.6      4   0.05     71    8.7  351.0  351.2  351.0
  276.6  10349  -29.9  -57.9      5   0.06     71    8.9  351.1  351.4  351.1
  276.2  10359  -30.0  -54.4      7   0.09     72    9.0  351.2  351.6  351.2
  275.9  10369  -30.1  -51.2     11   0.12     72    9.2  351.2  351.8  351.2
  275.5  10378  -30.1  -49.8     13   0.15     73    9.3  351.2  351.9  351.3
  275.1  10387  -30.2  -50.8     12   0.13     73    9.4  351.3  351.9  351.3
  274.8  10396  -30.3  -52.9      9   0.10     73    9.5  351.3  351.8  351.3
  274.5  10404  -30.3  -55.2      7   0.08     74    9.6  351.4  351.7  351.4
  274.1  10414  -30.3  -54.4      8   0.09     74    9.7  351.5  351.9  351.5
  273.8  10423  -30.4  -53.4      9   0.10     74    9.7  351.5  351.9  351.5
  273.4  10431  -30.4  -53.2      9   0.10     75    9.7  351.6  352.0  351.6
  273.1  10439  -30.5  -53.2      9   0.10     75    9.8  351.6  352.1  351.6
  272.8  10447  -30.5  -53.1      9   0.10     76    9.8  351.7  352.1  351.7
  272.5  10455  -30.6  -52.5     10   0.11     76    9.8  351.7  352.2  351.7
  272.2  10463  -30.7  -52.3     10   0.11     77    9.9  351.7  352.2  351.7
  271.9  10472  -30.7  -52.3     10   0.11     77    9.9  351.7  352.2  351.7
  271.5  10481  -30.8  -52.2     10   0.11     78    9.9  351.7  352.2  351.7
  271.2  10489  -30.9  -52.2     11   0.11     78    9.9  351.7  352.2  351.7
  270.9  10498  -31.0  -52.0     11   0.12     79    9.9  351.7  352.2  351.7
  270.5  10507  -31.0  -52.2     11   0.11     79    9.9  351.8  352.3  351.8
  270.2  10516  -31.1  -53.4      9   0.10     79    9.8  351.8  352.3  351.8
  269.8  10525  -31.1  -54.9      8   0.08     80    9.8  351.9  352.3  351.9
  269.5  10534  -31.2  -53.9      9   0.09     80    9.7  351.9  352.3  352.0
  269.1  10545  -31.3  -50.5     13   0.14     80    9.7  352.0  352.6  352.0
  268.7  10555  -31.3  -48.1     17   0.18     80    9.6  352.0  352.8  352.0
  268.4  10564  -31.4  -47.5     19   0.20     80    9.5  352.0  352.9  352.1
  268.0  10573  -31.5  -46.3     22   0.22     80    9.4  352.0  353.0  352.1
  267.7  10582  -31.5  -44.3     27   0.28     79    9.3  352.1  353.3  352.1
  267.2  10593  -31.6  -44.3     27   0.28     79    9.2  352.2  353.4  352.2
  266.8  10605  -31.7  -45.7     24   0.24     79    9.2  352.2  353.2  352.3
  266.5  10614  -31.8  -46.4     22   0.22     79    9.1  352.2  353.2  352.3
  266.1  10624  -31.8  -46.4     22   0.22     78    9.1  352.3  353.3  352.3
  265.7  10633  -31.9  -45.8     24   0.24     78    9.1  352.3  353.4  352.4
  265.3  10644  -32.0  -45.6     25   0.24     78    9.1  352.4  353.4  352.4
  264.9  10656  -32.0  -47.3     20   0.20     78    9.2  352.4  353.3  352.4
  264.4  10669  -32.1  -50.8     14   0.14     78    9.2  352.5  353.1  352.5
  264.0  10680  -32.2  -51.7     13   0.12     78    9.3  352.5  353.1  352.6
  263.6  10691  -32.3  -51.1     14   0.13     78    9.4  352.6  353.2  352.6
  263.2  10702  -32.3  -50.4     15   0.14     79    9.5  352.6  353.2  352.6
  262.8  10713  -32.4  -50.2     15   0.15     79    9.6  352.6  353.3  352.7
  262.3  10726  -32.5  -49.9     16   0.15     79    9.7  352.7  353.4  352.7
  261.9  10737  -32.6  -48.5     19   0.18     80    9.8  352.7  353.5  352.7
  261.5  10748  -32.7  -47.2     22   0.21     80    9.8  352.7  353.6  352.7
  261.0  10760  -32.8  -46.5     24   0.23     80    9.9  352.7  353.7  352.8
  260.5  10773  -32.9  -45.4     28   0.25     81    9.9  352.8  353.9  352.8
  260.0  10786  -33.1  -44.9     30   0.27     81   10.0  352.8  354.0  352.9
  259.6  10798  -33.1  -45.7     27   0.25     81   10.0  352.8  353.9  352.9
  259.2  10808  -33.2  -46.5     25   0.23     82   10.0  352.9  353.9  352.9
  258.9  10818  -33.3  -46.8     25   0.22     82   10.1  352.9  353.8  352.9
  258.5  10829  -33.4  -46.9     25   0.22     82   10.1  352.9  353.8  352.9
  258.1  10839  -33.5  -46.9     25   0.22     82   10.1  352.9  353.9  353.0
  257.8  10848  -33.5  -46.9     25   0.22     82   10.1  352.9  353.9  353.0
  257.4  10858  -33.6  -46.9     25   0.22     82   10.2  353.0  353.9  353.0
  257.0  10868  -33.7  -47.1     25   0.21     82   10.2  353.0  354.0  353.1
  256.7  10877  -33.8  -47.5     24   0.20     82   10.3  353.1  353.9  353.1
  256.4  10886  -33.8  -48.0     23   0.19     82   10.3  353.1  353.9  353.1
  256.0  10896  -33.9  -48.3     22   0.19     82   10.3  353.2  354.0  353.2
  255.7  10904  -33.9  -48.2     22   0.19     82   10.4  353.2  354.0  353.2
  255.4  10913  -34.0  -48.1     23   0.19     82   10.4  353.2  354.1  353.3
  255.0  10922  -34.1  -48.1     23   0.19     82   10.4  353.3  354.1  353.3
  254.7  10931  -34.1  -48.2     23   0.19     82   10.5  353.3  354.1  353.3
  254.4  10940  -34.2  -48.3     23   0.19     82   10.5  353.3  354.1  353.3
  254.1  10948  -34.3  -48.5     22   0.19     82   10.5  353.3  354.1  353.4
  253.8  10957  -34.3  -48.7     22   0.18     83   10.5  353.3  354.1  353.4
  253.5  10965  -34.4  -48.8     22   0.18     83   10.5  353.3  354.1  353.4
  253.2  10973  -34.5  -48.9     22   0.18     83   10.4  353.4  354.2  353.4
  252.9  10981  -34.6  -48.8     22   0.18     83   10.4  353.4  354.2  353.4
  252.6  10990  -34.6  -48.7     23   0.18     83   10.4  353.4  354.2  353.4
  252.3  10999  -34.7  -48.6     23   0.18     83   10.3  353.4  354.2  353.4
  251.9  11009  -34.8  -48.4     24   0.19     83   10.3  353.4  354.2  353.4
  251.6  11018  -34.9  -48.4     24   0.19     83   10.3  353.4  354.2  353.4
  251.3  11026  -35.0  -48.5     24   0.19     83   10.2  353.4  354.2  353.4
  251.0  11035  -35.1  -48.6     24   0.19     83   10.2  353.4  354.2  353.4
  250.6  11044  -35.1  -48.6     24   0.19     84   10.2  353.5  354.3  353.5
  250.3  11053  -35.2  -48.7     24   0.18     84   10.2  353.5  354.3  353.5
  250.0  11062  -35.3  -48.9     24   0.18     84   10.2  353.5  354.3  353.5
  249.7  11069  -35.3  -49.1     23   0.18     84   10.2  353.5  354.3  353.6
  249.4  11078  -35.4  -49.0     24   0.18     84   10.3  353.6  354.3  353.6
  249.1  11088  -35.5  -48.9     24   0.18     85   10.3  353.6  354.4  353.6
  248.8  11096  -35.5  -49.0     24   0.18     85   10.4  353.6  354.4  353.6
  248.4  11105  -35.6  -49.0     24   0.18     85   10.4  353.7  354.4  353.7
  248.1  11114  -35.6  -49.0     24   0.18     85   10.5  353.7  354.5  353.7
  247.8  11123  -35.7  -48.9     24   0.18     85   10.5  353.7  354.5  353.8
  247.5  11131  -35.8  -49.0     25   0.18     85   10.6  353.7  354.5  353.8
  247.2  11139  -35.8  -49.2     24   0.18     85   10.6  353.8  354.5  353.8
  247.0  11147  -35.9  -49.3     24   0.17     85   10.6  353.7  354.5  353.8
  246.6  11156  -36.0  -49.3     24   0.17     85   10.7  353.8  354.6  353.8
  246.3  11165  -36.1  -49.4     24   0.17     85   10.7  353.8  354.6  353.8
  246.0  11174  -36.1  -49.7     23   0.17     85   10.6  353.8  354.5  353.8
  245.7  11182  -36.2  -49.9     23   0.16     85   10.6  353.8  354.5  353.9
  245.4  11190  -36.3  -49.9     23   0.16     85   10.6  353.8  354.6  353.9
  245.1  11199  -36.4  -49.8     24   0.17     85   10.5  353.9  354.6  353.9
  244.8  11207  -36.4  -49.8     24   0.17     85   10.5  353.9  354.6  353.9
  244.5  11215  -36.5  -49.9     24   0.16     85   10.4  353.9  354.6  353.9
  244.3  11223  -36.6  -50.2     23   0.16     85   10.3  353.8  354.5  353.9
  244.0  11231  -36.7  -50.5     23   0.15     85   10.3  353.9  354.5  353.9
  243.7  11239  -36.7  -50.0     24   0.16     85   10.2  353.9  354.6  353.9
  243.4  11248  -36.8  -49.7     25   0.17     84   10.1  353.9  354.6  353.9
  243.1  11257  -36.9  -50.5     23   0.15     84   10.1  353.9  354.6  354.0
  242.8  11265  -36.9  -51.4     21   0.14     84   10.0  354.0  354.6  354.0
  242.5  11273  -37.0  -51.6     20   0.14     84   10.0  354.0  354.6  354.1
  242.2  11281  -37.0  -51.6     21   0.14     84   10.0  354.1  354.7  354.1
  241.9  11290  -37.1  -51.5     21   0.14     84   10.0  354.1  354.7  354.1
  241.6  11298  -37.2  -51.4     21   0.14     84    9.9  354.1  354.7  354.1
  241.3  11307  -37.2  -51.4     22   0.14     84    9.9  354.1  354.7  354.1
  241.0  11315  -37.3  -51.3     22   0.14     84    9.9  354.1  354.8  354.2
  240.7  11324  -37.4  -51.3     22   0.14     84    9.9  354.1  354.8  354.2
  240.4  11332  -37.5  -51.3     22   0.14     84    9.9  354.1  354.8  354.2
  240.1  11341  -37.6  -51.3     22   0.14     84    9.9  354.2  354.8  354.2
  239.8  11349  -37.6  -51.3     23   0.14     84    9.9  354.2  354.8  354.2
  239.5  11358  -37.7  -51.3     23   0.14     83    9.9  354.2  354.8  354.2
  239.2  11367  -37.8  -51.4     23   0.14     83    9.9  354.2  354.8  354.2
  238.9  11376  -37.9  -51.5     23   0.14     83   10.0  354.2  354.8  354.2
  238.6  11385  -38.0  -51.5     23   0.14     83   10.0  354.1  354.8  354.2
  238.3  11394  -38.1  -51.6     23   0.14     83   10.0  354.1  354.7  354.2
  238.0  11403  -38.2  -51.5     23   0.14     83   10.0  354.1  354.8  354.2
  237.7  11411  -38.2  -51.5     23   0.14     82   10.1  354.1  354.8  354.2
  237.4  11419  -38.3  -51.5     24   0.14     82   10.2  354.2  354.8  354.2
  237.1  11428  -38.4  -51.5     24   0.14     82   10.2  354.1  354.8  354.2
  236.8  11437  -38.5  -51.6     24   0.14     81   10.3  354.1  354.8  354.2
  236.5  11446  -38.6  -51.5     24   0.14     81   10.3  354.2  354.8  354.2
  236.2  11455  -38.7  -51.6     24   0.14     81   10.4  354.1  354.8  354.2
  235.9  11464  -38.7  -51.7     24   0.14     81   10.4  354.1  354.8  354.2
  235.6  11472  -38.8  -51.8     24   0.14     80   10.5  354.2  354.8  354.2
  235.3  11480  -38.9  -51.7     24   0.14     80   10.5  354.2  354.8  354.2
  235.0  11488  -39.0  -51.6     25   0.14     80   10.6  354.2  354.8  354.2
  234.7  11497  -39.1  -51.9     24   0.14     80   10.6  354.2  354.8  354.2
  234.4  11507  -39.1  -52.1     24   0.13     80   10.7  354.2  354.8  354.3
  234.1  11516  -39.2  -52.1     24   0.13     79   10.7  354.3  354.8  354.3
  233.8  11525  -39.3  -52.0     25   0.13     79   10.7  354.3  354.9  354.3
  233.5  11533  -39.3  -52.0     25   0.13     79   10.8  354.3  354.9  354.3
  233.2  11541  -39.4  -51.8     26   0.14     79   10.8  354.3  354.9  354.3
  232.9  11551  -39.5  -51.6     27   0.14     78   10.8  354.3  354.9  354.3
  232.6  11560  -39.6  -51.5     27   0.14     78   10.9  354.3  354.9  354.3
  232.3  11569  -39.7  -51.7     26   0.14     78   10.9  354.3  354.9  354.3
  232.0  11578  -39.7  -52.0     26   0.14     78   10.9  354.3  354.9  354.4
  231.7  11586  -39.8  -52.0     26   0.14     78   10.9  354.3  354.9  354.4
  231.4  11595  -39.9  -52.1     26   0.13     78   10.9  354.3  354.9  354.4
  231.1  11604  -40.0  -52.3     26   0.13     78   10.9  354.4  354.9  354.4
  230.8  11614  -40.0  -52.5     25   0.13     78   10.9  354.4  355.0  354.4
  230.5  11622  -40.1  -52.6     25   0.13     78   10.9  354.4  355.0  354.5
  230.2  11631  -40.2  -52.6     25   0.13     78   10.8  354.5  355.0  354.5
  229.9  11640  -40.2  -52.7     25   0.13     78   10.8  354.5  355.1  354.5
  229.6  11650  -40.3  -52.7     25   0.13     78   10.8  354.5  355.1  354.5
  229.3  11658  -40.4  -52.7     26   0.13     78   10.7  354.5  355.1  354.6
  229.0  11666  -40.5  -52.7     26   0.13     79   10.7  354.5  355.1  354.6
  228.7  11675  -40.6  -52.7     26   0.13     79   10.7  354.5  355.1  354.6
  228.4  11684  -40.6  -52.8     26   0.13     79   10.7  354.5  355.1  354.6
  228.1  11693  -40.7  -52.9     26   0.12     79   10.6  354.6  355.1  354.6
  227.8  11701  -40.8  -53.0     26   0.12     80   10.6  354.6  355.1  354.6
  227.5  11710  -40.9  -52.9     26   0.12     80   10.6  354.6  355.1  354.6
  227.3  11718  -41.0  -53.0     26   0.12     80   10.6  354.5  355.1  354.6
  227.0  11726  -41.0  -53.3     25   0.12     80   10.6  354.6  355.1  354.6
  226.7  11734  -41.1  -53.6     25   0.11     80   10.5  354.6  355.1  354.6
  226.4  11743  -41.2  -53.9     24   0.11     80   10.5  354.6  355.1  354.7
  226.1  11753  -41.2  -53.9     24   0.11     80   10.5  354.6  355.1  354.7
  225.8  11763  -41.3  -53.8     25   0.11     80   10.5  354.7  355.2  354.7
  225.5  11772  -41.4  -53.7     25   0.11     80   10.4  354.6  355.2  354.7
  225.2  11781  -41.5  -53.7     25   0.11     79   10.4  354.7  355.2  354.7
  224.8  11790  -41.6  -53.7     26   0.11     79   10.4  354.7  355.2  354.7
  224.5  11800  -41.6  -53.8     25   0.11     79   10.3  354.7  355.3  354.8
  224.2  11809  -41.7  -54.0     25   0.11     79   10.3  354.8  355.3  354.8
  224.0  11817  -41.8  -54.1     25   0.11     79   10.3  354.7  355.2  354.7
  223.7  11827  -41.9  -54.2     25   0.11     78   10.3  354.7  355.2  354.7
  223.3  11836  -42.0  -54.2     25   0.11     78   10.3  354.8  355.3  354.8
  223.0  11845  -42.1  -54.2     26   0.11     78   10.3  354.8  355.3  354.8
  222.7  11855  -42.1  -54.2     26   0.11     77   10.3  354.8  355.3  354.8
  222.4  11864  -42.2  -54.6     25   0.10     77   10.3  354.9  355.3  354.9
  222.1  11873  -42.2  -55.3     23   0.10     77   10.4  354.9  355.3  354.9
  221.8  11882  -42.3  -55.7     22   0.09     77   10.4  354.9  355.4  355.0
  221.5  11891  -42.4  -55.8     22   0.09     76   10.4  355.0  355.4  355.0
  221.2  11900  -42.5  -55.7     22   0.09     76   10.5  355.0  355.4  355.0
  220.9  11909  -42.6  -55.7     22   0.09     76   10.5  355.0  355.4  355.0
  220.6  11918  -42.6  -55.8     22   0.09     76   10.5  355.0  355.4  355.0
  220.3  11927  -42.7  -55.9     22   0.09     75   10.6  355.0  355.4  355.0
  220.0  11936  -42.8  -55.9     22   0.09     75   10.6  355.0  355.4  355.0
  219.7  11946  -42.9  -56.0     22   0.09     75   10.6  355.0  355.4  355.1
  219.4  11955  -43.0  -55.9     23   0.09     75   10.6  355.0  355.4  355.1
  219.1  11964  -43.1  -55.7     23   0.09     75   10.6  355.0  355.5  355.1
  218.8  11974  -43.1  -55.5     24   0.09     75   10.6  355.0  355.5  355.1
  218.5  11983  -43.2  -55.4     25   0.10     75   10.6  355.1  355.5  355.1
  218.2  11992  -43.3  -55.6     25   0.09     75   10.6  355.1  355.5  355.1
  218.0  12001  -43.4  -55.7     24   0.09     75   10.5  355.0  355.4  355.1
  217.7  12009  -43.5  -55.8     24   0.09     75   10.5  355.0  355.5  355.1
  217.4  12017  -43.6  -55.9     24   0.09     75   10.5  355.1  355.5  355.1
  217.1  12026  -43.6  -55.9     24   0.09     76   10.5  355.1  355.5  355.1
  216.8  12035  -43.7  -55.9     25   0.09     76   10.5  355.1  355.5  355.1
  216.5  12044  -43.8  -55.8     25   0.09     76   10.5  355.1  355.5  355.1
  216.2  12054  -43.9  -55.9     25   0.09     76   10.5  355.1  355.5  355.1
  215.9  12064  -44.0  -55.9     25   0.09     76   10.5  355.1  355.5  355.1
  215.6  12073  -44.1  -55.9     26   0.09     77   10.5  355.1  355.5  355.1
  215.3  12082  -44.2  -55.9     26   0.09     77   10.5  355.1  355.5  355.1
  215.1  12091  -44.3  -55.9     26   0.09     77   10.5  355.1  355.5  355.1
  214.8  12099  -44.3  -56.1     26   0.09     77   10.5  355.1  355.5  355.1
  214.5  12108  -44.4  -56.1     26   0.09     77   10.5  355.1  355.5  355.1
  214.2  12117  -44.5  -56.2     26   0.09     77   10.5  355.1  355.5  355.1
  213.9  12126  -44.6  -56.4     26   0.09     77   10.5  355.1  355.5  355.1
  213.6  12135  -44.7  -56.6     25   0.08     76   10.4  355.1  355.5  355.1
  213.3  12145  -44.8  -56.7     25   0.08     76   10.4  355.1  355.5  355.1
  213.0  12154  -44.9  -56.6     26   0.08     76   10.4  355.1  355.5  355.1
  212.7  12164  -44.9  -55.9     28   0.09     76   10.3  355.1  355.5  355.1
  212.4  12174  -45.0  -54.8     33   0.11     76   10.3  355.1  355.6  355.2
  212.1  12183  -45.1  -54.0     36   0.12     75   10.2  355.2  355.7  355.2
  211.9  12191  -45.2  -53.9     37   0.12     75   10.2  355.1  355.7  355.2
  211.6  12200  -45.3  -54.6     34   0.11     75   10.1  355.2  355.7  355.2
  211.3  12210  -45.3  -55.7     30   0.10     75   10.1  355.2  355.6  355.2
  211.0  12219  -45.4  -56.6     27   0.09     75   10.0  355.2  355.6  355.3
  210.7  12228  -45.5  -56.7     27   0.08     75   10.0  355.2  355.6  355.3
  210.4  12238  -45.6  -55.8     31   0.09     75    9.9  355.2  355.7  355.3
  210.1  12246  -45.7  -54.7     35   0.11     76    9.9  355.3  355.7  355.3
  209.8  12255  -45.7  -53.6     41   0.12     76    9.9  355.3  355.8  355.3
  209.5  12264  -45.8  -52.9     45   0.14     76    9.9  355.3  355.9  355.3
  209.3  12273  -45.9  -52.5     47   0.14     76    9.9  355.3  355.9  355.3
  209.0  12282  -46.0  -52.4     48   0.14     76    9.9  355.3  355.9  355.3
  208.7  12291  -46.1  -52.2     50   0.15     77    9.9  355.3  355.9  355.3
  208.4  12300  -46.2  -51.5     55   0.16     77   10.0  355.3  356.0  355.3
  208.1  12309  -46.2  -50.5     62   0.18     77   10.0  355.4  356.2  355.4
  207.8  12318  -46.2  -49.7     67   0.20     77   10.1  355.5  356.3  355.5
  207.6  12327  -46.3  -49.6     69   0.20     78   10.1  355.5  356.4  355.5
  207.3  12336  -46.4  -49.9     67   0.19     78   10.1  355.5  356.4  355.6
  207.0  12346  -46.4  -50.1     66   0.19     78   10.2  355.6  356.4  355.6
  206.7  12355  -46.5  -50.3     65   0.18     78   10.2  355.6  356.4  355.6
  206.4  12364  -46.6  -50.5     64   0.18     79   10.3  355.6  356.4  355.7
  206.1  12374  -46.6  -50.6     64   0.18     79   10.3  355.7  356.5  355.7
  205.8  12383  -46.7  -50.7     64   0.18     79   10.3  355.7  356.5  355.7
  205.5  12392  -46.8  -50.8     64   0.18     79   10.3  355.7  356.5  355.8
  205.3  12401  -46.9  -50.9     63   0.17     80   10.4  355.7  356.5  355.8
  205.0  12410  -46.9  -50.9     64   0.17     80   10.4  355.8  356.6  355.8
  204.7  12420  -47.0  -51.0     64   0.17     80   10.4  355.8  356.6  355.8
  204.4  12429  -47.1  -51.0     64   0.17     80   10.4  355.8  356.6  355.9
  204.1  12438  -47.1  -51.0     64   0.17     81   10.4  355.9  356.6  355.9
  203.8  12447  -47.2  -51.0     65   0.17     81   10.4  355.9  356.7  355.9
  203.5  12457  -47.3  -51.1     65   0.17     81   10.4  355.9  356.7  355.9
  203.2  12467  -47.4  -51.1     65   0.17     81   10.5  355.9  356.7  356.0
  202.9  12478  -47.5  -51.2     65   0.17     81   10.5  356.0  356.7  356.0
  202.6  12488  -47.6  -51.3     65   0.17     81   10.5  356.0  356.7  356.0
  202.3  12496  -47.6  -51.5     65   0.16     82   10.6  356.0  356.7  356.0
  202.1  12505  -47.7  -51.5     65   0.16     82   10.6  356.0  356.7  356.0
  201.8  12514  -47.8  -51.6     65   0.16     82   10.6  356.0  356.7  356.0
  201.5  12524  -47.9  -51.5     66   0.16     82   10.7  356.0  356.7  356.0
  201.2  12534  -48.0  -51.5     66   0.16     83   10.7  356.0  356.7  356.0
  200.9  12543  -48.1  -51.7     66   0.16     83   10.7  356.0  356.7  356.1
  200.6  12552  -48.1  -52.0     64   0.16     83   10.7  356.1  356.8  356.1
  200.3  12562  -48.2  -52.2     63   0.15     84   10.7  356.2  356.8  356.2
  200.0  12573  -48.3  -52.3     63   0.15     84   10.7  356.2  356.9  356.2
  199.7  12581  -48.3  -52.3     63   0.15     84   10.7  356.2  356.9  356.3
  199.5  12590  -48.4  -52.2     64   0.15     84   10.7  356.2  356.9  356.3
  199.2  12599  -48.5  -52.2     65   0.15     85   10.7  356.2  356.9  356.3
  198.9  12608  -48.6  -52.2     66   0.15     85   10.7  356.3  357.0  356.3
  198.6  12618  -48.6  -52.2     66   0.15     84   10.6  356.3  357.0  356.3
  198.3  12627  -48.7  -52.3     66   0.15     84   10.6  356.3  357.0  356.3
  198.0  12637  -48.8  -52.3     67   0.15     84   10.6  356.3  357.0  356.4
  197.8  12646  -48.9  -52.4     67   0.15     84   10.6  356.3  357.0  356.3
  197.5  12655  -49.0  -52.4     67   0.15     84   10.6  356.3  357.0  356.3
  197.2  12664  -49.1  -52.4     68   0.15     84   10.7  356.3  357.0  356.3
  197.0  12673  -49.2  -52.5     68   0.15     84   10.7  356.3  356.9  356.3
  196.7  12682  -49.2  -52.6     68   0.15     83   10.7  356.3  357.0  356.3
  196.4  12691  -49.3  -52.6     68   0.15     83   10.7  356.3  357.0  356.4
  196.1  12701  -49.4  -52.7     68   0.15     83   10.7  356.4  357.0  356.4
  195.8  12711  -49.5  -52.8     68   0.15     83   10.7  356.4  357.0  356.4
  195.5  12721  -49.6  -52.9     68   0.14     83   10.7  356.4  357.0  356.4
  195.3  12730  -49.7  -53.0     68   0.14     83   10.8  356.4  357.0  356.4
  195.0  12739  -49.7  -53.2     67   0.14     84   10.8  356.4  357.1  356.5
  194.7  12748  -49.8  -53.3     66   0.14     84   10.8  356.5  357.1  356.5
  194.5  12756  -49.9  -53.4     66   0.14     84   10.8  356.5  357.1  356.5
  194.2  12765  -49.9  -53.5     65   0.13     84   10.8  356.6  357.2  356.6
  193.9  12774  -50.0  -53.6     66   0.13     83   10.8  356.6  357.2  356.6
  193.7  12784  -50.1  -53.6     66   0.13     83   10.8  356.6  357.2  356.6
  193.4  12793  -50.1  -53.7     66   0.13     83   10.8  356.6  357.2  356.7
  193.1  12802  -50.1  -53.8     65   0.13     83   10.8  356.8  357.3  356.8
  192.8  12812  -50.2  -53.9     64   0.13     83   10.8  356.9  357.5  356.9
  192.6  12821  -50.2  -54.1     64   0.13     83   10.8  356.9  357.5  356.9
  192.3  12830  -50.3  -54.2     64   0.13     83   10.8  356.9  357.5  356.9
  192.0  12838  -50.4  -54.2     64   0.13     83   10.8  357.0  357.5  357.0
  191.8  12847  -50.4  -54.2     64   0.13     83   10.8  357.0  357.5  357.0
  191.5  12856  -50.5  -54.2     65   0.13     83   10.7  357.0  357.5  357.0
  191.3  12865  -50.6  -54.2     66   0.13     83   10.7  356.9  357.5  357.0
  191.0  12874  -50.7  -54.2     66   0.13     83   10.6  357.0  357.6  357.0
  190.7  12883  -50.8  -54.3     66   0.13     83   10.6  357.0  357.6  357.0
  190.5  12892  -50.9  -54.3     67   0.13     84   10.6  357.0  357.6  357.0
  190.2  12901  -50.9  -54.3     67   0.13     84   10.5  357.0  357.6  357.1
  190.0  12910  -51.0  -54.3     68   0.13     84   10.5  357.0  357.6  357.0
  189.7  12919  -51.1  -54.3     68   0.13     85   10.4  357.0  357.6  357.1
  189.4  12929  -51.2  -54.4     68   0.12     85   10.4  357.1  357.6  357.1
  189.1  12938  -51.2  -54.6     67   0.12     86   10.4  357.1  357.7  357.1
  188.9  12947  -51.3  -54.8     66   0.12     87   10.4  357.1  357.6  357.1
  188.6  12956  -51.4  -54.9     66   0.12     87   10.4  357.1  357.7  357.2
  188.3  12965  -51.5  -55.0     66   0.12     88   10.4  357.2  357.7  357.2
  188.1  12975  -51.6  -55.1     66   0.12     88   10.3  357.1  357.6  357.1
  187.8  12983  -51.7  -55.1     66   0.11     89   10.3  357.1  357.7  357.2
  187.6  12992  -51.8  -55.2     66   0.11     89   10.3  357.1  357.6  357.1
  187.3  13002  -51.8  -55.3     66   0.11     90   10.3  357.1  357.7  357.2
  187.0  13011  -51.9  -55.4     66   0.11     90   10.3  357.2  357.7  357.2
  186.7  13020  -52.0  -55.5     66   0.11     91   10.2  357.2  357.7  357.2
  186.5  13029  -52.1  -55.5     67   0.11     91   10.2  357.1  357.7  357.2
  186.2  13039  -52.2  -55.5     68   0.11     92   10.2  357.2  357.7  357.2
  185.9  13049  -52.3  -55.5     68   0.11     92   10.2  357.2  357.7  357.2
  185.7  13058  -52.4  -55.6     68   0.11     92   10.2  357.2  357.7  357.2
  185.4  13067  -52.4  -55.7     68   0.11     92   10.2  357.2  357.7  357.3
  185.1  13077  -52.5  -55.8     67   0.11     92   10.2  357.2  357.7  357.3
  184.9  13086  -52.6  -55.9     67   0.11     92   10.2  357.2  357.7  357.2
  184.6  13095  -52.7  -56.0     67   0.11     93   10.2  357.2  357.7  357.3
  184.4  13103  -52.8  -56.0     68   0.11     93   10.2  357.2  357.7  357.2
  184.1  13112  -52.9  -56.0     69   0.11     93   10.2  357.2  357.7  357.2
  183.8  13122  -53.0  -56.0     70   0.11     93   10.2  357.2  357.7  357.3
  183.6  13131  -53.1  -55.9     71   0.11     93   10.2  357.2  357.7  357.2
  183.3  13140  -53.1  -56.0     71   0.11     93   10.3  357.2  357.7  357.3
  183.0  13150  -53.2  -56.0     71   0.11     93   10.3  357.3  357.7  357.3
  182.8  13160  -53.3  -56.1     71   0.10     93   10.3  357.2  357.7  357.2
  182.5  13169  -53.4  -56.2     71   0.10     93   10.3  357.2  357.7  357.2
  182.2  13178  -53.5  -56.3     71   0.10     93   10.3  357.3  357.7  357.3
  181.9  13189  -53.6  -56.4     71   0.10     93   10.4  357.3  357.8  357.3
  181.6  13199  -53.7  -56.5     71   0.10     93   10.4  357.3  357.8  357.3
  181.4  13209  -53.8  -56.5     71   0.10     93   10.4  357.3  357.8  357.3
  181.1  13218  -53.8  -56.5     72   0.10     93   10.4  357.3  357.8  357.4
  180.9  13226  -53.9  -56.5     73   0.10     93   10.5  357.3  357.8  357.3
  180.6  13236  -54.0  -56.5     73   0.10     93   10.5  357.3  357.8  357.4
  180.3  13245  -54.1  -56.6     74   0.10     93   10.5  357.4  357.8  357.4
  180.1  13254  -54.2  -56.6     74   0.10     93   10.5  357.4  357.8  357.4
  179.8  13264  -54.3  -56.6     75   0.10     93   10.5  357.4  357.8  357.4
  179.5  13274  -54.3  -56.6     76   0.10     93   10.5  357.4  357.9  357.4
  179.3  13283  -54.4  -56.6     77   0.10     93   10.6  357.4  357.8  357.4
  179.0  13292  -54.5  -56.6     78   0.10     93   10.6  357.4  357.9  357.4
  178.8  13301  -54.6  -56.6     78   0.10     93   10.6  357.4  357.9  357.4
  178.5  13310  -54.7  -56.7     79   0.10     93   10.6  357.4  357.9  357.5
  178.3  13319  -54.8  -56.8     79   0.10     93   10.6  357.4  357.8  357.4
  178.0  13328  -54.9  -56.8     78   0.10     93   10.6  357.4  357.9  357.5
  177.8  13336  -54.9  -56.9     78   0.10     93   10.6  357.4  357.9  357.5
  177.6  13344  -55.0  -57.0     78   0.10     93   10.6  357.4  357.8  357.4
  177.3  13354  -55.1  -57.1     79   0.10     93   10.6  357.4  357.9  357.5
  177.0  13364  -55.2  -57.1     79   0.10     92   10.6  357.5  357.9  357.5
  176.8  13373  -55.3  -57.1     80   0.10     92   10.6  357.5  357.9  357.5
  176.5  13382  -55.3  -57.2     80   0.09     92   10.6  357.5  357.9  357.5
  176.3  13391  -55.4  -57.3     79   0.09     92   10.6  357.5  357.9  357.5
  176.0  13400  -55.5  -57.6     78   0.09     92   10.6  357.5  357.9  357.5
  175.8  13408  -55.6  -57.8     76   0.09     92   10.6  357.5  357.9  357.6
  175.5  13417  -55.6  -58.0     75   0.09     92   10.6  357.6  358.0  357.6
  175.3  13426  -55.7  -58.3     73   0.08     92   10.6  357.6  358.0  357.6
  175.1  13434  -55.8  -58.4     72   0.08     93   10.5  357.6  357.9  357.6
  174.9  13442  -55.9  -58.5     72   0.08     93   10.5  357.6  357.9  357.6
  174.6  13450  -56.0  -58.6     72   0.08     93   10.5  357.6  358.0  357.6
  174.4  13459  -56.0  -58.6     73   0.08     93   10.5  357.6  358.0  357.6
  174.2  13468  -56.1  -58.6     73   0.08     93   10.5  357.6  358.0  357.6
  173.9  13477  -56.2  -58.7     73   0.08     93   10.4  357.6  358.0  357.7
  173.7  13486  -56.3  -58.8     73   0.08     94   10.4  357.6  358.0  357.7
  173.4  13494  -56.3  -58.9     73   0.08     94   10.4  357.7  358.0  357.7
  173.2  13504  -56.4  -59.1     72   0.08     94   10.4  357.7  358.0  357.7
  172.9  13513  -56.5  -59.3     71   0.07     94   10.3  357.7  358.1  357.7
  172.7  13521  -56.5  -59.5     69   0.07     94   10.3  357.8  358.1  357.8
  172.4  13530  -56.6  -59.7     68   0.07     94   10.3  357.9  358.2  357.9
  172.2  13540  -56.6  -59.9     66   0.07     94   10.3  357.9  358.2  357.9
  171.9  13549  -56.7  -60.1     65   0.07     94   10.3  358.0  358.3  358.0
  171.7  13558  -56.8  -60.3     65   0.07     94   10.3  357.9  358.2  357.9
  171.5  13567  -56.9  -60.3     65   0.07     93   10.3  357.9  358.2  357.9
  171.2  13576  -57.0  -60.3     65   0.07     93   10.3  357.9  358.2  358.0
  171.0  13586  -57.1  -60.3     66   0.07     93   10.3  357.9  358.2  357.9
  170.7  13596  -57.2  -60.3     67   0.07     93   10.4  357.9  358.2  357.9
  170.4  13605  -57.2  -60.3     68   0.07     93   10.4  358.0  358.3  358.0
  170.2  13615  -57.3  -60.3     68   0.07     93   10.4  357.9  358.3  358.0
  169.9  13625  -57.4  -60.4     69   0.07     93   10.4  358.0  358.3  358.0
  169.6  13635  -57.5  -60.4     70   0.07     93   10.5  358.0  358.3  358.0
  169.4  13643  -57.6  -60.4     70   0.07     93   10.5  358.0  358.3  358.0
  169.2  13650  -57.6  -60.4     71   0.07     93   10.5  358.0  358.3  358.0
  169.0  13659  -57.7  -60.4     71   0.07     93   10.5  358.0  358.3  358.0
  168.7  13669  -57.8  -60.5     71   0.07     93   10.5  358.0  358.3  358.0
  168.4  13680  -57.9  -60.6     71   0.06     93   10.5  358.1  358.4  358.1
  168.2  13689  -58.0  -60.6     72   0.06     93   10.4  358.1  358.4  358.1
  167.9  13699  -58.1  -60.7     72   0.06     93   10.4  358.1  358.4  358.1
  167.7  13708  -58.1  -60.7     72   0.06     93   10.4  358.1  358.4  358.1
  167.4  13717  -58.2  -60.8     72   0.06     93   10.3  358.1  358.4  358.2
  167.2  13727  -58.3  -60.9     72   0.06     93   10.3  358.1  358.4  358.1
  166.9  13735  -58.4  -61.0     72   0.06     92   10.2  358.2  358.5  358.2
  166.7  13744  -58.4  -61.1     71   0.06     92   10.2  358.2  358.5  358.2
  166.5  13753  -58.5  -61.2     71   0.06     92   10.1  358.2  358.5  358.2
  166.2  13761  -58.6  -61.4     70   0.06     92   10.0  358.3  358.5  358.3
  166.0  13771  -58.7  -61.5     69   0.06     92   10.0  358.3  358.5  358.3
  165.8  13780  -58.7  -61.7     69   0.06     92    9.9  358.3  358.5  358.3
  165.5  13790  -58.8  -61.8     68   0.06     92    9.9  358.3  358.6  358.3
  165.2  13800  -58.9  -62.0     67   0.06     92    9.8  358.4  358.6  358.4
  165.0  13809  -59.0  -62.2     66   0.05     92    9.8  358.4  358.7  358.4
  164.7  13819  -59.0  -62.3     65   0.05     92    9.7  358.5  358.7  358.5
  164.5  13829  -59.1  -62.5     64   0.05     92    9.7  358.5  358.7  358.5
  164.2  13837  -59.2  -62.8     63   0.05     92    9.7  358.5  358.8  358.5
  164.0  13846  -59.2  -63.0     61   0.05     92    9.6  358.6  358.8  358.6
  163.8  13856  -59.2  -63.2     60   0.05     92    9.6  358.7  358.9  358.7
  163.5  13865  -59.3  -63.4     58   0.05     91    9.6  358.8  359.0  358.8
  163.3  13874  -59.3  -63.6     57   0.05     91    9.6  358.9  359.1  358.9
  163.0  13883  -59.4  -63.7     57   0.04     91    9.6  359.0  359.2  359.0
  162.8  13892  -59.4  -63.8     57   0.04     90    9.6  359.0  359.2  359.0
  162.6  13901  -59.5  -63.9     57   0.04     90    9.7  359.0  359.2  359.0
  162.3  13911  -59.5  -63.9     57   0.04     89    9.7  359.1  359.3  359.1
  162.1  13920  -59.6  -64.0     57   0.04     89    9.7  359.1  359.3  359.1
  161.9  13929  -59.7  -64.0     57   0.04     89    9.7  359.2  359.4  359.2
  161.6  13937  -59.7  -64.0     57   0.04     88    9.8  359.2  359.4  359.2
  161.4  13946  -59.8  -64.0     58   0.04     88    9.8  359.2  359.4  359.2
  161.2  13956  -59.9  -64.0     59   0.04     88    9.8  359.2  359.4  359.2
  160.9  13965  -60.0  -64.0     59   0.04     88    9.8  359.2  359.4  359.2
  160.7  13974  -60.1  -64.0     60   0.04     88    9.8  359.2  359.4  359.2
  160.5  13982  -60.2  -64.1     60   0.04     88    9.8  359.2  359.4  359.2
  160.3  13991  -60.2  -64.1     60   0.04     88    9.8  359.2  359.4  359.2
  160.0  14000  -60.3  -64.2     60   0.04     88    9.8  359.3  359.5  359.3
  159.8  14009  -60.4  -64.3     60   0.04     88    9.8  359.3  359.5  359.3
  159.6  14018  -60.4  -64.4     60   0.04     88    9.8  359.3  359.5  359.3
  159.3  14026  -60.5  -64.5     59   0.04     88    9.7  359.4  359.6  359.4
  159.1  14035  -60.6  -64.6     59   0.04     88    9.7  359.4  359.6  359.4
  158.9  14044  -60.7  -64.7     59   0.04     88    9.7  359.4  359.6  359.4
  158.7  14052  -60.7  -64.8     59   0.04     87    9.6  359.4  359.6  359.4
  158.4  14062  -60.8  -64.9     59   0.04     87    9.6  359.5  359.7  359.5
  158.2  14071  -60.9  -64.9     59   0.04     87    9.5  359.5  359.7  359.5
  158.0  14081  -60.9  -65.0     59   0.04     87    9.4  359.5  359.7  359.5
  157.7  14090  -61.0  -65.0     59   0.04     87    9.4  359.6  359.8  359.6
  157.5  14099  -61.1  -65.0     60   0.04     87    9.3  359.6  359.7  359.6
  157.2  14109  -61.2  -65.0     60   0.04     86    9.2  359.6  359.8  359.6
  157.0  14118  -61.3  -65.1     61   0.04     86    9.2  359.6  359.8  359.6
  156.8  14127  -61.4  -65.1     61   0.04     86    9.1  359.6  359.8  359.6
  156.6  14136  -61.4  -65.2     61   0.04     85    9.1  359.6  359.8  359.6
  156.3  14145  -61.5  -65.3     60   0.04     85    9.0  359.6  359.8  359.6
  156.1  14154  -61.6  -65.4     60   0.04     85    9.0  359.7  359.8  359.7
  155.9  14164  -61.6  -65.6     59   0.04     85    9.0  359.7  359.9  359.7
  155.6  14173  -61.7  -65.7     58   0.04     84    8.9  359.8  360.0  359.8
  155.4  14183  -61.7  -65.9     58   0.03     84    8.9  359.8  360.0  359.9
  155.2  14192  -61.8  -66.0     57   0.03     84    8.9  359.9  360.0  359.9
  154.9  14201  -61.9  -66.2     56   0.03     85    8.9  360.0  360.1  360.0
  154.7  14210  -61.9  -66.3     56   0.03     85    8.9  360.0  360.1  360.0
  154.4  14220  -62.0  -66.4     56   0.03     85    8.8  360.0  360.2  360.0
  154.2  14230  -62.1  -66.6     55   0.03     86    8.8  360.0  360.2  360.0
  154.0  14240  -62.2  -66.7     55   0.03     86    8.8  360.0  360.2  360.0
  153.7  14249  -62.3  -66.8     54   0.03     87    8.7  360.1  360.2  360.1
  153.5  14258  -62.3  -67.0     53   0.03     87    8.7  360.1  360.2  360.1
  153.3  14268  -62.4  -67.3     52   0.03     88    8.7  360.1  360.3  360.1
  153.0  14277  -62.5  -67.6     50   0.03     89    8.6  360.2  360.4  360.2
  152.8  14286  -62.5  -67.9     48   0.03     90    8.6  360.4  360.5  360.4
  152.6  14295  -62.5  -68.2     46   0.03     90    8.5  360.5  360.6  360.5
  152.4  14304  -62.5  -68.6     44   0.02     91    8.5  360.5  360.6  360.5
  152.1  14314  -62.6  -68.9     42   0.02     92    8.5  360.6  360.8  360.6
  151.9  14323  -62.6  -69.4     40   0.02     92    8.4  360.7  360.8  360.7
  151.7  14331  -62.7  -69.9     38   0.02     93    8.4  360.7  360.8  360.7
  151.5  14340  -62.8  -70.3     36   0.02     93    8.4  360.7  360.8  360.7
  151.2  14350  -62.9  -70.7     34   0.02     94    8.4  360.8  360.9  360.8
  151.0  14360  -62.9  -70.9     33   0.02     94    8.4  360.8  360.9  360.8
  150.8  14369  -63.0  -71.2     32   0.02     94    8.4  360.8  360.9  360.8
  150.5  14379  -63.0  -71.3     32   0.02     95    8.4  360.9  361.0  360.9
  150.3  14388  -63.1  -71.3     32   0.02     95    8.3  360.9  361.0  360.9
  150.1  14397  -63.2  -71.4     32   0.02     95    8.3  360.9  361.0  360.9
  150.0  14400  -63.2  -71.4     32   0.02     96    8.3  360.9  361.0  360.9
  149.9  14406  -63.3  -71.3     33   0.02     96    8.3  360.9  361.0  360.9
  149.6  14415  -63.4  -71.3     33   0.02     96    8.3  361.0  361.1  361.0
  149.4  14424  -63.5  -71.2     34   0.02     96    8.3  360.9  361.0  360.9
  149.2  14434  -63.6  -71.2     35   0.02     97    8.3  360.9  361.0  360.9
  148.9  14444  -63.6  -71.1     36   0.02     97    8.2  361.0  361.1  361.0
  148.7  14454  -63.8  -71.0     37   0.02     97    8.2  360.9  361.0  360.9
  148.4  14464  -63.8  -70.9     38   0.02     98    8.2  361.0  361.1  361.0
  148.2  14473  -63.9  -70.8     39   0.02     98    8.1  361.0  361.1  361.0
  148.0  14482  -64.0  -70.7     40   0.02     98    8.1  360.9  361.0  360.9
  147.8  14491  -64.1  -70.7     40   0.02     98    8.0  360.9  361.0  360.9
  147.6  14500  -64.2  -70.7     41   0.02     98    8.0  360.9  361.0  360.9
  147.4  14509  -64.3  -70.7     41   0.02     98    7.9  360.9  361.0  360.9
  147.1  14519  -64.4  -70.7     41   0.02     98    7.9  360.9  361.0  360.9
  146.9  14528  -64.5  -70.8     41   0.02     98    7.8  360.9  361.0  360.9
  146.7  14537  -64.6  -71.0     41   0.02     97    7.8  360.9  361.0  360.9
  146.5  14547  -64.7  -71.1     41   0.02     97    7.7  360.9  361.0  360.9
  146.2  14556  -64.7  -71.2     40   0.02     97    7.7  361.0  361.1  361.0
  146.0  14565  -64.8  -71.4     40   0.02     96    7.6  361.0  361.1  361.0
  145.8  14574  -64.9  -71.5     39   0.02     95    7.6  361.0  361.1  361.0
  145.6  14583  -65.0  -71.7     39   0.02     95    7.6  361.0  361.1  361.0
  145.4  14592  -65.1  -71.9     38   0.02     94    7.6  361.0  361.1  361.0
  145.2  14601  -65.1  -72.2     37   0.02     93    7.5  361.0  361.1  361.0
  145.0  14610  -65.2  -72.4     37   0.01     92    7.5  361.0  361.1  361.0
  144.7  14619  -65.3  -72.5     36   0.01     91    7.4  361.1  361.2  361.1
  144.5  14628  -65.4  -72.7     36   0.01     90    7.4  361.1  361.2  361.1
  144.3  14636  -65.4  -72.7     36   0.01     89    7.4  361.1  361.2  361.1
  144.1  14646  -65.5  -72.8     36   0.01     87    7.4  361.1  361.2  361.1
  143.9  14656  -65.6  -72.9     36   0.01     86    7.3  361.1  361.2  361.1
  143.6  14666  -65.7  -72.9     36   0.01     85    7.3  361.2  361.2  361.2
  143.4  14675  -65.8  -73.0     36   0.01     84    7.4  361.2  361.2  361.2
  143.2  14683  -65.8  -73.0     36   0.01     82    7.4  361.2  361.3  361.2
  143.0  14692  -65.9  -73.0     36   0.01     81    7.4  361.3  361.3  361.3
  142.8  14702  -65.9  -73.1     36   0.01     80    7.5  361.3  361.4  361.3
  142.6  14711  -66.0  -73.1     36   0.01     79    7.6  361.4  361.4  361.4
  142.3  14720  -66.1  -73.2     36   0.01     77    7.7  361.4  361.5  361.4
  142.1  14730  -66.2  -73.3     36   0.01     76    7.8  361.5  361.5  361.5
  141.9  14740  -66.2  -73.3     36   0.01     75    8.0  361.5  361.5  361.5
  141.7  14749  -66.3  -73.4     36   0.01     73    8.1  361.5  361.6  361.5
  141.4  14760  -66.4  -73.5     36   0.01     72    8.3  361.5  361.6  361.5
  141.1  14772  -66.5  -73.7     36   0.01     71    8.4  361.6  361.6  361.6
  140.9  14784  -66.6  -73.8     36   0.01     69    8.6  361.5  361.6  361.5
  140.6  14795  -66.7  -73.9     35   0.01     68    8.7  361.6  361.6  361.6
  140.3  14806  -66.8  -74.1     35   0.01     67    8.8  361.6  361.7  361.6
  140.1  14816  -66.9  -74.2     35   0.01     66    8.9  361.6  361.7  361.6
  139.9  14826  -67.0  -74.2     35   0.01     65    9.1  361.7  361.7  361.7
  139.7  14835  -67.0  -74.3     35   0.01     64    9.1  361.7  361.8  361.7
  139.4  14845  -67.1  -74.5     34   0.01     63    9.2  361.9  361.9  361.9
  139.2  14855  -67.1  -74.8     33   0.01     62    9.3  361.9  361.9  361.9
  139.0  14864  -67.2  -75.2     31   0.01     62    9.4  361.9  362.0  361.9
  138.8  14873  -67.3  -75.6     30   0.01     61    9.5  362.0  362.0  362.0
  138.6  14883  -67.3  -76.0     28   0.01     61    9.6  362.0  362.1  362.0
  138.3  14893  -67.4  -76.3     27   0.01     60    9.7  362.1  362.1  362.1
  138.1  14902  -67.5  -76.6     26   0.01     60    9.9  362.1  362.1  362.1
  137.9  14912  -67.6  -76.8     26   0.01     60   10.0  362.1  362.1  362.1
  137.7  14921  -67.7  -77.0     25   0.01     59   10.1  362.1  362.1  362.1
  137.4  14932  -67.7  -77.1     25   0.01     59   10.3  362.2  362.2  362.2
  137.2  14942  -67.8  -77.2     25   0.01     59   10.5  362.2  362.2  362.2
  137.0  14952  -67.9  -77.2     26   0.01     59   10.6  362.2  362.2  362.2
  136.8  14961  -67.9  -77.1     26   0.01     59   10.8  362.3  362.3  362.3
  136.5  14971  -68.0  -77.0     27   0.01     58   10.9  362.4  362.4  362.4
  136.3  14981  -68.1  -76.9     27   0.01     58   11.1  362.4  362.4  362.4
  136.1  14990  -68.2  -76.9     28   0.01     58   11.2  362.4  362.4  362.4
  135.9  14999  -68.2  -76.9     28   0.01     58   11.4  362.4  362.5  362.4
  135.7  15009  -68.3  -76.9     28   0.01     58   11.5  362.5  362.5  362.5
  135.5  15019  -68.4  -76.9     28   0.01     58   11.6  362.5  362.6  362.5
  135.2  15028  -68.4  -76.8     29   0.01     59   11.7  362.6  362.7  362.6
  135.1  15037  -68.5  -76.7     30   0.01     59   11.8  362.6  362.7  362.6
  134.8  15046  -68.5  -76.5     31   0.01     59   11.9  362.8  362.8  362.8
  134.6  15056  -68.6  -76.4     32   0.01     60   12.0  362.8  362.8  362.8
  134.4  15064  -68.7  -76.2     33   0.01     60   12.0  362.8  362.8  362.8
  134.2  15073  -68.8  -76.0     34   0.01     60   12.1  362.8  362.9  362.8
  134.0  15081  -68.8  -75.8     36   0.01     61   12.2  362.8  362.9  362.8
  133.8  15091  -68.9  -75.6     37   0.01     61   12.2  362.8  362.9  362.8
  133.6  15100  -69.0  -75.4     39   0.01     62   12.2  362.9  362.9  362.9
  133.5  15108  -69.0  -75.1     41   0.01     62   12.3  362.9  363.0  362.9
  133.3  15116  -69.1  -74.9     42   0.01     62   12.3  362.9  363.0  362.9
  133.1  15125  -69.1  -74.8     44   0.01     63   12.3  363.0  363.0  363.0
  132.9  15133  -69.2  -74.6     45   0.01     63   12.4  363.0  363.1  363.0
  132.7  15143  -69.3  -74.5     47   0.01     63   12.4  363.0  363.1  363.0
  132.5  15151  -69.3  -74.4     48   0.01     63   12.5  363.1  363.1  363.1
  132.3  15159  -69.4  -74.3     49   0.01     63   12.5  363.1  363.2  363.1
  132.1  15167  -69.5  -74.2     50   0.01     63   12.6  363.2  363.2  363.2
  131.9  15177  -69.5  -74.1     52   0.01     63   12.6  363.2  363.3  363.2
  131.7  15186  -69.6  -74.0     53   0.01     63   12.7  363.2  363.3  363.2
  131.5  15195  -69.7  -74.0     53   0.01     63   12.8  363.3  363.3  363.3
  131.3  15203  -69.8  -74.0     54   0.01     62   12.8  363.3  363.3  363.3
  131.2  15211  -69.8  -74.0     55   0.01     62   12.9  363.2  363.3  363.2
  131.0  15219  -69.9  -74.0     55   0.01     62   13.0  363.3  363.3  363.3
  130.8  15228  -70.0  -74.1     55   0.01     62   13.1  363.3  363.3  363.3
  130.6  15236  -70.1  -74.1     55   0.01     62   13.1  363.3  363.4  363.3
  130.4  15244  -70.1  -74.2     55   0.01     62   13.2  363.3  363.4  363.3
  130.2  15253  -70.2  -74.4     54   0.01     62   13.3  363.3  363.4  363.3
  130.1  15262  -70.3  -74.5     54   0.01     62   13.4  363.3  363.3  363.3
  129.9  15270  -70.4  -74.6     54   0.01     62   13.5  363.3  363.3  363.3
  129.7  15280  -70.5  -74.7     54   0.01     62   13.6  363.3  363.3  363.3
  129.4  15290  -70.6  -74.7     54   0.01     62   13.7  363.3  363.4  363.3
  129.2  15299  -70.7  -74.8     55   0.01     62   13.8  363.4  363.4  363.4
  129.1  15307  -70.7  -74.8     55   0.01     62   13.9  363.3  363.3  363.3
  128.9  15315  -70.8  -74.9     55   0.01     62   14.0  363.3  363.3  363.3
  128.7  15326  -70.9  -75.0     55   0.01     62   14.1  363.3  363.4  363.3
  128.4  15336  -71.0  -75.1     54   0.01     62   14.2  363.4  363.5  363.4
  128.2  15345  -71.1  -75.2     54   0.01     63   14.3  363.4  363.5  363.4
  128.1  15353  -71.1  -75.4     54   0.01     63   14.4  363.4  363.4  363.4
  127.9  15360  -71.2  -75.5     53   0.01     63   14.5  363.4  363.4  363.4
  127.7  15368  -71.3  -75.6     53   0.01     63   14.5  363.4  363.4  363.4
  127.5  15378  -71.4  -75.7     53   0.01     63   14.6  363.4  363.4  363.4
  127.2  15392  -71.5  -75.8     53   0.01     63   14.7  363.4  363.5  363.4
  127.0  15403  -71.6  -75.9     53   0.01     63   14.8  363.4  363.5  363.4
  126.8  15412  -71.7  -75.9     53   0.01     63   14.8  363.5  363.5  363.5
  126.6  15420  -71.8  -76.0     53   0.01     64   14.9  363.5  363.5  363.5
  126.4  15429  -71.9  -76.1     53   0.01     64   15.0  363.5  363.5  363.5
  126.2  15438  -71.9  -76.2     53   0.01     64   15.1  363.5  363.5  363.5
  126.0  15447  -72.0  -76.3     53   0.01     65   15.2  363.5  363.5  363.5
  125.9  15456  -72.1  -76.3     53   0.01     65   15.3  363.4  363.5  363.4
  125.7  15465  -72.2  -76.4     53   0.01     65   15.4  363.4  363.5  363.4
  125.5  15474  -72.3  -76.6     52   0.01     66   15.5  363.5  363.5  363.5
  125.3  15484  -72.3  -76.7     52   0.01     66   15.6  363.5  363.5  363.5
  125.0  15494  -72.5  -76.8     52   0.01     67   15.8  363.5  363.6  363.5
  124.8  15503  -72.5  -77.0     51   0.01     67   15.9  363.6  363.6  363.6
  124.7  15511  -72.6  -77.0     51   0.01     68   16.0  363.6  363.6  363.6
  124.5  15520  -72.6  -77.1     51   0.01     69   16.2  363.6  363.7  363.6
  124.3  15529  -72.7  -77.2     51   0.01     70   16.3  363.8  363.8  363.8
  124.1  15539  -72.6  -77.2     50   0.01     70   16.5  364.0  364.1  364.0
  123.9  15548  -72.7  -77.3     50   0.01     71   16.6  364.1  364.1  364.1
  123.7  15557  -72.7  -77.4     49   0.01     72   16.7  364.1  364.2  364.1
  123.5  15567  -72.8  -77.5     49   0.01     73   16.8  364.2  364.2  364.2
  123.3  15576  -72.9  -77.6     49   0.01     74   16.9  364.2  364.2  364.2
  123.1  15585  -73.0  -77.7     49   0.01     75   17.1  364.2  364.3  364.2
  122.9  15595  -73.0  -77.8     48   0.01     75   17.1  364.3  364.3  364.3
  122.7  15604  -73.0  -77.8     48   0.01     76   17.2  364.5  364.5  364.5
  122.5  15612  -73.1  -77.9     48   0.01     77   17.3  364.5  364.6  364.5
  122.4  15621  -73.1  -77.9     48   0.01     77   17.3  364.5  364.5  364.5
  122.2  15630  -73.2  -77.9     48   0.01     78   17.4  364.6  364.7  364.6
  122.0  15639  -73.1  -77.9     48   0.01     79   17.4  364.8  364.9  364.9
  121.8  15648  -73.2  -77.9     49   0.01     79   17.4  365.0  365.0  365.0
  121.6  15657  -73.2  -77.9     49   0.01     79   17.4  365.1  365.1  365.1
  121.4  15665  -73.3  -78.0     49   0.01     80   17.4  365.1  365.1  365.1
  121.3  15674  -73.3  -78.1     49   0.01     80   17.4  365.0  365.1  365.0
  121.1  15683  -73.4  -78.2     48   0.01     80   17.4  365.1  365.1  365.1
  120.9  15692  -73.5  -78.2     48   0.01     80   17.4  365.1  365.1  365.1
  120.7  15701  -73.6  -78.3     49   0.01     80   17.4  365.1  365.1  365.1
  120.5  15710  -73.7  -78.4     49   0.01     80   17.4  365.2  365.2  365.2
  120.3  15719  -73.7  -78.4     49   0.01     80   17.4  365.2  365.2  365.2
  120.2  15727  -73.8  -78.4     49   0.01     79   17.4  365.2  365.2  365.2
  120.0  15736  -73.8  -78.4     50   0.01     79   17.5  365.3  365.3  365.3
  119.8  15745  -73.9  -78.4     50   0.01     79   17.5  365.4  365.4  365.4
  119.6  15754  -73.9  -78.4     50   0.01     78   17.6  365.5  365.5  365.5
  119.4  15762  -74.0  -78.5     50   0.01     78   17.7  365.5  365.6  365.5
  119.3  15771  -74.1  -78.6     50   0.01     77   17.8  365.5  365.5  365.5
  119.1  15781  -74.1  -78.7     50   0.01     77   17.8  365.5  365.5  365.5
  118.9  15790  -74.2  -78.8     50   0.01     77   17.9  365.5  365.5  365.5
  118.7  15799  -74.3  -78.9     49   0.01     76   18.0  365.5  365.6  365.6
  118.5  15808  -74.3  -78.9     49   0.01     76   18.1  365.7  365.7  365.7
  118.3  15817  -74.4  -79.0     49   0.01     76   18.2  365.8  365.8  365.8
  118.1  15825  -74.4  -79.0     50   0.01     75   18.3  365.8  365.9  365.8
  118.0  15834  -74.5  -79.0     50   0.01     75   18.3  365.8  365.8  365.8
  117.8  15843  -74.6  -79.1     50   0.01     75   18.4  365.8  365.9  365.8
  117.6  15853  -74.6  -79.1     50   0.01     75   18.4  365.9  365.9  365.9
  117.4  15862  -74.7  -79.1     50   0.01     75   18.5  366.0  366.0  366.0
  117.2  15871  -74.8  -79.2     50   0.01     75   18.5  366.1  366.1  366.1
  117.0  15880  -74.8  -79.3     50   0.01     75   18.6  366.1  366.1  366.1
  116.9  15888  -74.9  -79.3     50   0.01     75   18.6  366.1  366.1  366.1
  116.7  15897  -75.0  -79.4     50   0.01     75   18.7  366.1  366.2  366.1
  116.5  15906  -75.0  -79.5     50   0.01     75   18.7  366.2  366.2  366.2
  116.3  15915  -75.1  -79.6     50   0.01     75   18.8  366.2  366.3  366.2
  116.2  15924  -75.1  -79.6     49   0.01     74   18.8  366.2  366.3  366.2
  116.0  15934  -75.2  -79.7     49   0.01     74   18.9  366.4  366.4  366.4
  115.8  15943  -75.1  -79.7     49   0.01     74   18.9  366.7  366.7  366.7
  115.6  15953  -75.1  -79.7     49   0.01     74   19.0  366.9  366.9  366.9
  115.4  15963  -75.1  -79.7     48   0.01     74   19.1  367.1  367.1  367.1
  115.2  15973  -75.1  -79.8     48   0.01     74   19.2  367.2  367.3  367.2
  115.0  15982  -75.2  -79.9     48   0.01     74   19.3  367.3  367.3  367.3
  114.8  15991  -75.2  -79.9     48   0.01     73   19.3  367.4  367.4  367.4
  114.6  16000  -75.3  -80.0     48   0.01     73   19.4  367.5  367.5  367.5
  114.5  16009  -75.4  -80.0     48   0.01     73   19.5  367.4  367.4  367.4
  114.3  16018  -75.4  -80.1     48   0.01     73   19.6  367.4  367.4  367.4
  114.1  16026  -75.5  -80.1     48   0.01     73   19.7  367.5  367.5  367.5
  114.0  16034  -75.6  -80.2     48   0.01     73   19.8  367.5  367.5  367.5
  113.8  16044  -75.6  -80.3     48   0.01     73   19.8  367.5  367.5  367.5
  113.6  16054  -75.7  -80.3     48   0.01     73   19.9  367.5  367.6  367.5
  113.4  16063  -75.8  -80.4     48   0.01     73   19.9  367.6  367.6  367.6
  113.2  16073  -75.9  -80.5     48   0.01     73   20.0  367.6  367.6  367.6
  113.0  16082  -75.9  -80.6     48   0.01     73   20.0  367.7  367.7  367.7
  112.9  16091  -76.0  -80.6     48   0.01     73   20.1  367.7  367.7  367.7
  112.7  16099  -76.0  -80.7     48   0.01     72   20.2  367.8  367.8  367.8
  112.5  16109  -76.1  -80.8     48   0.01     72   20.2  367.8  367.8  367.8
  112.3  16119  -76.2  -80.9     47   0.01     72   20.3  367.9  367.9  367.9
  112.1  16129  -76.2  -81.0     47   0.01     72   20.4  367.9  368.0  367.9
  111.9  16139  -76.3  -81.1     47   0.00     72   20.5  368.0  368.0  368.0
  111.7  16149  -76.4  -81.3     46   0.00     71   20.5  368.1  368.1  368.1
  111.5  16159  -76.4  -81.4     46   0.00     71   20.6  368.2  368.2  368.2
  111.3  16169  -76.4  -81.4     45   0.00     71   20.7  368.4  368.4  368.4
  111.2  16178  -76.4  -81.5     45   0.00     71   20.8  368.5  368.5  368.5
  111.0  16188  -76.4  -81.5     44   0.00     71   20.9  368.7  368.8  368.7
  110.8  16198  -76.4  -81.5     44   0.00     70   21.0  369.0  369.0  369.0
  110.6  16208  -76.4  -81.6     44   0.00     70   21.1  369.0  369.1  369.0
  110.4  16217  -76.5  -81.6     44   0.00     70   21.2  369.1  369.1  369.1
  110.3  16225  -76.6  -81.7     44   0.00     70   21.3  369.0  369.1  369.0
  110.1  16234  -76.6  -81.8     44   0.00     71   21.3  369.1  369.2  369.1
  109.9  16245  -76.7  -81.9     44   0.00     71   21.4  369.2  369.2  369.2
  109.7  16255  -76.8  -82.0     44   0.00     71   21.4  369.3  369.3  369.3
  109.5  16265  -76.8  -82.0     43   0.00     71   21.4  369.4  369.4  369.4
  109.3  16274  -76.8  -82.1     43   0.00     71   21.4  369.5  369.6  369.5
  109.2  16283  -76.8  -82.2     42   0.00     71   21.4  369.6  369.6  369.6
  109.0  16292  -76.8  -82.2     42   0.00     72   21.4  369.8  369.9  369.8
  108.8  16302  -76.8  -82.3     42   0.00     72   21.4  370.0  370.1  370.0
  108.6  16311  -76.8  -82.4     41   0.00     72   21.4  370.2  370.2  370.2
  108.4  16321  -76.9  -82.5     41   0.00     73   21.3  370.2  370.2  370.2
  108.3  16330  -77.0  -82.6     41   0.00     73   21.3  370.1  370.2  370.1
  108.1  16341  -77.1  -82.7     41   0.00     73   21.2  370.2  370.2  370.2
  107.9  16350  -77.2  -82.7     41   0.00     74   21.2  370.2  370.2  370.2
  107.7  16359  -77.2  -82.8     41   0.00     74   21.1  370.3  370.3  370.3
  107.5  16369  -77.3  -82.8     41   0.00     75   21.0  370.5  370.5  370.5
  107.3  16379  -77.3  -82.8     41   0.00     75   20.9  370.6  370.7  370.6
  107.2  16389  -77.3  -82.8     41   0.00     76   20.9  370.7  370.7  370.7
  107.0  16398  -77.3  -82.8     41   0.00     76   20.8  370.8  370.8  370.8
  106.8  16407  -77.4  -82.9     41   0.00     77   20.7  370.9  370.9  370.9
  106.6  16416  -77.4  -82.9     41   0.00     77   20.6  371.0  371.0  371.0
  106.5  16426  -77.5  -83.0     41   0.00     77   20.5  371.0  371.0  371.0
  106.3  16436  -77.5  -83.0     41   0.00     78   20.4  371.2  371.2  371.2
  106.1  16444  -77.4  -82.9     41   0.00     78   20.3  371.5  371.6  371.5
  106.0  16454  -77.4  -82.9     41   0.00     78   20.2  371.6  371.7  371.6
  105.8  16463  -77.4  -83.0     41   0.00     78   20.2  371.8  371.8  371.8
  105.6  16472  -77.5  -83.0     41   0.00     78   20.1  371.9  371.9  371.9
  105.5  16481  -77.6  -83.0     41   0.00     78   20.0  371.9  371.9  371.9
  105.3  16490  -77.6  -83.1     41   0.00     78   20.0  371.9  372.0  371.9
  105.1  16500  -77.7  -83.1     41   0.00     78   19.9  372.0  372.0  372.0
  104.9  16510  -77.8  -83.2     42   0.00     78   19.9  372.1  372.1  372.1
  104.8  16518  -77.9  -83.2     42   0.00     77   19.9  372.0  372.0  372.0
  104.6  16526  -77.9  -83.3     42   0.00     77   20.0  372.1  372.1  372.1
  104.4  16536  -78.0  -83.3     42   0.00     76   20.0  372.1  372.1  372.1
  104.3  16545  -78.1  -83.4     43   0.00     76   20.1  372.1  372.1  372.1
  104.1  16553  -78.2  -83.4     43   0.00     75   20.2  372.1  372.1  372.1
  104.0  16562  -78.3  -83.5     43   0.00     74   20.4  372.0  372.0  372.0
  103.8  16571  -78.4  -83.5     43   0.00     74   20.5  372.1  372.1  372.1
  103.6  16581  -78.4  -83.6     43   0.00     73   20.7  372.2  372.2  372.2
  103.5  16589  -78.5  -83.7     43   0.00     72   21.0  372.2  372.2  372.2
  103.3  16597  -78.5  -83.7     43   0.00     71   21.2  372.4  372.4  372.4
  103.2  16607  -78.5  -83.7     42   0.00     71   21.5  372.5  372.5  372.5
  103.0  16616  -78.4  -83.7     42   0.00     70   21.7  372.8  372.8  372.8
  102.8  16625  -78.4  -83.7     42   0.00     70   22.0  373.0  373.1  373.0
  102.7  16635  -78.4  -83.7     42   0.00     69   22.3  373.2  373.2  373.2
  102.5  16644  -78.4  -83.6     42   0.00     69   22.5  373.4  373.4  373.4
  102.3  16652  -78.4  -83.7     42   0.00     69   22.7  373.6  373.6  373.6
  102.2  16661  -78.4  -83.7     42   0.00     68   22.9  373.7  373.7  373.7
  102.0  16670  -78.4  -83.7     42   0.00     68   23.1  373.9  373.9  373.9
  101.9  16679  -78.4  -83.7     42   0.00     68   23.4  374.0  374.0  374.0
  101.7  16687  -78.4  -83.7     42   0.00     68   23.6  374.2  374.2  374.2
  101.6  16696  -78.4  -83.7     42   0.00     67   23.8  374.2  374.2  374.2
  101.4  16704  -78.5  -83.8     42   0.00     67   24.1  374.4  374.4  374.4
  101.3  16713  -78.5  -83.7     42   0.00     67   24.3  374.5  374.5  374.5
  101.1  16723  -78.5  -83.8     42   0.00     66   24.6  374.7  374.7  374.7
  100.9  16733  -78.6  -83.9     42   0.00     66   24.8  374.7  374.7  374.7
  100.7  16742  -78.6  -83.9     42   0.00     66   25.1  374.9  374.9  374.9
  100.6  16751  -78.6  -84.0     42   0.00     65   25.4  374.9  374.9  374.9
  100.4  16760  -78.7  -84.1     41   0.00     65   25.6  375.1  375.1  375.1
  100.2  16771  -78.6  -84.2     40   0.00     64   25.9  375.3  375.3  375.3
  100.0  16784  -78.5  -84.1     40   0.00     64   26.3  375.8  375.9  375.8
  100.0  16784  -78.5  -84.1     40   0.00     64   26.3  375.8  375.9  375.8
   99.9  16792  -78.2  -84.0     39   0.00     64   26.3  376.4  376.4  376.4
   99.7  16802  -77.9  -83.7     39   0.00     64   26.5  377.3  377.3  377.3
   99.5  16812  -77.6  -83.4     39   0.00     63   26.7  378.1  378.1  378.1
   99.3  16823  -77.6  -83.4     39   0.00     63   26.8  378.3  378.3  378.3
   99.1  16834  -77.7  -83.4     39   0.00     63   26.9  378.4  378.4  378.4
   99.0  16843  -77.8  -83.5     40   0.00     63   26.9  378.3  378.3  378.3
   98.8  16854  -77.9  -83.5     40   0.00     63   27.0  378.3  378.4  378.3
   98.6  16864  -78.0  -83.6     40   0.00     63   27.0  378.4  378.4  378.4
   98.4  16873  -78.0  -83.7     40   0.00     63   26.9  378.5  378.5  378.5
   98.3  16883  -78.1  -83.7     40   0.00     62   26.9  378.4  378.5  378.4
   98.1  16893  -78.2  -83.8     40   0.00     62   26.9  378.5  378.5  378.5
   97.9  16903  -78.2  -83.9     40   0.00     62   26.8  378.6  378.6  378.6
   97.8  16913  -78.3  -84.0     40   0.00     62   26.8  378.6  378.6  378.6
   97.6  16923  -78.3  -84.0     39   0.00     62   26.8  378.8  378.8  378.8
   97.4  16933  -78.3  -84.0     39   0.00     62   26.8  379.0  379.0  379.0
   97.2  16943  -78.3  -84.0     39   0.00     63   26.8  379.3  379.3  379.3
   97.1  16953  -78.3  -84.1     39   0.00     63   26.8  379.4  379.4  379.4
   96.9  16963  -78.3  -84.1     39   0.00     63   26.8  379.5  379.5  379.5
   96.7  16973  -78.4  -84.3     38   0.00     63   26.9  379.6  379.6  379.6
   96.6  16983  -78.5  -84.4     38   0.00     63   26.9  379.6  379.6  379.6
   96.4  16993  -78.6  -84.6     37   0.00     64   26.9  379.7  379.7  379.7
   96.2  17003  -78.6  -84.7     37   0.00     64   27.0  379.8  379.8  379.8
   96.1  17013  -78.6  -84.8     36   0.00     65   27.0  379.9  379.9  379.9
   95.9  17023  -78.6  -84.9     36   0.00     65   27.1  380.1  380.1  380.1
   95.7  17035  -78.7  -85.1     35   0.00     65   27.1  380.2  380.2  380.2
   95.5  17046  -78.6  -85.1     34   0.00     65   27.1  380.5  380.5  380.5
   95.3  17057  -78.4  -85.0     34   0.00     66   27.1  381.1  381.1  381.1
   95.2  17067  -78.4  -85.0     34   0.00     66   27.1  381.3  381.4  381.3
   95.0  17078  -78.4  -85.1     34   0.00     66   27.1  381.5  381.5  381.5
   94.8  17088  -78.4  -85.0     34   0.00     66   27.0  381.8  381.8  381.8
   94.6  17099  -78.3  -85.0     33   0.00     66   27.0  382.1  382.1  382.1
   94.5  17108  -78.4  -85.0     33   0.00     67   27.0  382.2  382.2  382.2
   94.3  17118  -78.4  -85.1     33   0.00     67   27.0  382.4  382.4  382.4
   94.1  17128  -78.4  -85.1     33   0.00     67   27.0  382.6  382.6  382.6
   94.0  17138  -78.4  -85.2     33   0.00     67   27.0  382.7  382.7  382.7
   93.8  17148  -78.5  -85.3     33   0.00     67   27.0  382.8  382.8  382.8
   93.6  17159  -78.5  -85.4     32   0.00     68   27.0  382.9  382.9  382.9
   93.4  17170  -78.6  -85.4     32   0.00     68   27.0  383.0  383.1  383.0
   93.3  17181  -78.7  -85.5     32   0.00     68   27.0  383.0  383.0  383.0
   93.1  17190  -78.6  -85.5     32   0.00     68   27.0  383.3  383.3  383.3
   93.0  17200  -78.4  -85.3     32   0.00     69   27.0  383.9  383.9  383.9
   92.8  17210  -78.2  -85.1     32   0.00     69   27.0  384.5  384.5  384.5
   92.6  17220  -78.1  -85.0     32   0.00     69   27.0  384.8  384.9  384.8
   92.5  17230  -78.2  -85.0     32   0.00     69   26.9  384.9  384.9  384.9
   92.3  17240  -78.2  -85.0     33   0.00     69   26.9  385.0  385.0  385.0
   92.1  17251  -78.3  -85.0     33   0.00     69   26.8  385.2  385.2  385.2
   92.0  17261  -78.3  -85.0     33   0.00     68   26.7  385.2  385.3  385.2
   91.8  17272  -78.3  -85.0     33   0.00     68   26.7  385.4  385.4  385.4
   91.6  17282  -78.4  -85.0     34   0.00     68   26.6  385.5  385.6  385.5
   91.5  17293  -78.5  -85.0     34   0.00     67   26.6  385.5  385.5  385.5
   91.3  17303  -78.5  -85.0     35   0.00     67   26.6  385.6  385.6  385.6
   91.1  17313  -78.6  -85.0     35   0.00     66   26.6  385.7  385.7  385.7
   91.0  17323  -78.7  -84.9     36   0.00     66   26.6  385.7  385.7  385.7
   90.8  17335  -78.8  -84.9     36   0.00     66   26.6  385.8  385.8  385.8
   90.6  17346  -78.8  -84.9     37   0.00     65   26.7  385.9  385.9  385.9
   90.4  17356  -78.9  -85.0     37   0.00     65   26.7  386.0  386.0  386.0
   90.3  17366  -78.9  -85.0     37   0.00     65   26.8  386.1  386.1  386.1
   90.1  17376  -78.8  -84.9     37   0.00     65   26.8  386.5  386.5  386.5
   90.0  17386  -78.7  -84.8     37   0.00     65   26.9  386.9  386.9  386.9
   89.8  17397  -78.6  -84.8     36   0.00     65   26.9  387.2  387.3  387.2
   89.6  17408  -78.6  -84.8     36   0.00     65   26.9  387.5  387.6  387.6
   89.5  17419  -78.6  -84.8     36   0.00     66   26.9  387.7  387.7  387.7
   89.3  17429  -78.6  -84.9     36   0.00     66   26.9  387.9  387.9  387.9
   89.1  17439  -78.7  -85.0     35   0.00     67   26.9  388.0  388.0  388.0
   89.0  17450  -78.7  -85.1     35   0.00     68   26.9  388.1  388.1  388.1
   88.8  17461  -78.8  -85.2     35   0.00     69   26.9  388.2  388.2  388.2
   88.6  17471  -78.8  -85.3     34   0.00     70   26.9  388.4  388.4  388.4
   88.5  17483  -78.8  -85.4     34   0.00     71   26.9  388.5  388.5  388.5
   88.3  17494  -78.9  -85.6     33   0.00     72   26.9  388.7  388.7  388.7
   88.1  17505  -78.9  -85.7     32   0.00     74   26.8  388.8  388.8  388.8
   88.0  17515  -78.9  -85.9     31   0.00     75   26.8  389.0  389.0  389.0
   87.8  17525  -78.8  -86.0     30   0.00     76   26.7  389.4  389.4  389.4
   87.6  17535  -78.7  -86.1     29   0.00     77   26.7  389.9  389.9  389.9
   87.5  17545  -78.2  -85.9     28   0.00     78   26.5  391.0  391.0  391.0
   87.4  17554  -77.2  -85.3     27   0.00     79   26.4  393.1  393.1  393.1
   87.2  17563  -76.8  -85.1     26   0.00     80   26.2  394.1  394.1  394.1
   87.1  17573  -76.7  -85.2     25   0.00     80   26.0  394.6  394.6  394.6
   86.9  17581  -76.7  -85.4     24   0.00     81   25.8  394.9  394.9  394.9
   86.8  17590  -76.6  -85.5     23   0.00     81   25.6  395.0  395.1  395.0
   86.7  17598  -76.6  -85.6     23   0.00     81   25.4  395.3  395.3  395.3
   86.6  17606  -76.6  -85.6     23   0.00     81   25.1  395.5  395.5  395.5
   86.4  17616  -76.5  -85.7     22   0.00     81   24.9  395.8  395.8  395.8
   86.3  17625  -76.6  -85.7     22   0.00     81   24.8  395.9  395.9  395.9
   86.2  17633  -76.5  -85.8     22   0.00     81   24.6  396.0  396.1  396.0
   86.0  17641  -76.5  -85.9     22   0.00     80   24.6  396.3  396.3  396.3
   85.9  17649  -76.5  -86.0     21   0.00     80   24.5  396.4  396.5  396.4
   85.8  17657  -76.5  -86.1     21   0.00     79   24.6  396.6  396.6  396.6
   85.7  17666  -76.5  -86.2     20   0.00     79   24.6  396.9  396.9  396.9
   85.6  17673  -76.3  -86.2     20   0.00     78   24.8  397.3  397.3  397.3
   85.5  17681  -76.2  -86.2     19   0.00     78   25.0  397.7  397.7  397.7
   85.3  17688  -76.1  -86.3     19   0.00     77   25.2  398.2  398.2  398.2
   85.2  17696  -76.0  -86.4     18   0.00     77   25.4  398.5  398.5  398.5
   85.1  17704  -75.9  -86.6     18   0.00     77   25.7  398.7  398.8  398.7
   85.0  17711  -75.9  -86.7     17   0.00     76   26.0  398.9  398.9  398.9
   84.9  17718  -75.9  -86.9     17   0.00     76   26.4  399.1  399.1  399.1
   84.8  17725  -75.9  -87.0     16   0.00     76   26.7  399.3  399.3  399.3
   84.7  17733  -75.8  -87.1     16   0.00     75   27.0  399.4  399.4  399.4
   84.6  17742  -75.8  -87.2     16   0.00     75   27.3  399.6  399.6  399.6
   84.4  17750  -75.8  -87.2     15   0.00     75   27.6  400.0  400.0  400.0
   84.3  17757  -75.7  -87.2     15   0.00     75   27.9  400.3  400.3  400.3
   84.2  17763  -75.6  -87.2     15   0.00     75   28.1  400.7  400.7  400.7
   84.1  17770  -75.5  -87.2     15   0.00     75   28.3  401.0  401.0  401.0
   84.0  17783  -75.3  -87.3     14   0.00     76   28.6  401.4  401.4  401.4
   83.9  17790  -75.3  -87.3     14   0.00     76   28.7  401.7  401.7  401.7
   83.7  17798  -75.2  -87.3     14   0.00     77   28.7  402.1  402.1  402.1
   83.6  17806  -75.2  -87.3     14   0.00     77   28.6  402.3  402.3  402.3
   83.5  17813  -75.2  -87.4     14   0.00     77   28.5  402.5  402.5  402.5
   83.4  17820  -75.2  -87.5     13   0.00     78   28.4  402.5  402.5  402.5
   83.3  17826  -75.2  -87.6     13   0.00     78   28.3  402.6  402.6  402.6
   83.2  17834  -75.3  -87.7     13   0.00     79   28.1  402.7  402.7  402.7
   83.1  17841  -75.2  -87.7     13   0.00     79   27.9  402.9  402.9  402.9
   83.0  17848  -75.2  -87.7     13   0.00     80   27.7  403.1  403.1  403.1
   82.9  17855  -75.2  -87.8     13   0.00     80   27.5  403.3  403.3  403.3
   82.8  17863  -75.1  -87.7     13   0.00     80   27.4  403.6  403.6  403.6
   82.7  17871  -74.9  -87.6     13   0.00     80   27.2  404.0  404.0  404.0
   82.6  17879  -74.8  -87.5     13   0.00     81   27.1  404.4  404.4  404.4
   82.5  17887  -74.8  -87.5     12   0.00     81   27.0  404.6  404.6  404.6
   82.4  17894  -74.8  -87.6     12   0.00     81   26.9  404.7  404.7  404.7
   82.3  17902  -74.9  -87.6     12   0.00     81   26.9  404.7  404.7  404.7
   82.1  17910  -74.9  -87.7     12   0.00     81   26.9  404.9  405.0  405.0
   82.0  17917  -74.9  -87.8     12   0.00     81   26.9  405.0  405.0  405.0
   81.9  17925  -74.9  -87.9     12   0.00     81   26.9  405.2  405.2  405.2
   81.8  17933  -74.8  -87.9     12   0.00     81   26.9  405.5  405.5  405.5
   81.7  17941  -74.7  -87.8     12   0.00     81   26.9  406.0  406.0  406.0
   81.6  17950  -74.6  -87.8     11   0.00     82   26.9  406.3  406.3  406.3
   81.5  17958  -74.6  -87.9     11   0.00     82   26.9  406.4  406.4  406.4
   81.3  17967  -74.6  -87.9     11   0.00     82   26.9  406.8  406.8  406.8
   81.2  17976  -74.6  -87.9     11   0.00     82   26.9  406.9  406.9  406.9
   81.1  17984  -74.5  -87.9     11   0.00     83   26.9  407.2  407.2  407.2
   81.0  17992  -74.3  -87.8     11   0.00     83   26.8  407.7  407.7  407.7
   80.9  18001  -74.1  -87.7     11   0.00     84   26.7  408.2  408.3  408.2
   80.7  18010  -74.0  -87.6     11   0.00     84   26.6  408.7  408.7  408.7
   80.6  18019  -74.0  -87.7     11   0.00     85   26.5  408.9  408.9  408.9
   80.5  18029  -74.0  -87.7     11   0.00     85   26.4  409.0  409.0  409.0
   80.3  18038  -74.1  -87.7     11   0.00     86   26.3  409.2  409.3  409.2
   80.2  18048  -74.1  -87.7     11   0.00     86   26.2  409.3  409.3  409.3
   80.1  18058  -74.2  -87.8     11   0.00     87   26.0  409.3  409.3  409.3
   80.0  18067  -74.2  -87.8     11   0.00     87   25.9  409.3  409.4  409.3
   79.8  18077  -74.3  -87.9     11   0.00     88   25.7  409.5  409.5  409.5
   79.7  18086  -74.4  -87.9     11   0.00     88   25.6  409.5  409.5  409.5
   79.6  18095  -74.4  -88.0     11   0.00     88   25.4  409.5  409.5  409.5
   79.4  18105  -74.5  -88.0     11   0.00     89   25.2  409.6  409.7  409.6
   79.3  18116  -74.6  -88.1     11   0.00     89   25.0  409.6  409.6  409.6
   79.1  18126  -74.7  -88.2     11   0.00     90   24.8  409.7  409.7  409.7
   79.0  18137  -74.8  -88.2     11   0.00     90   24.7  409.7  409.7  409.7
   78.8  18148  -74.8  -88.2     11   0.00     91   24.5  409.8  409.9  409.8
   78.7  18159  -74.9  -88.3     11   0.00     91   24.3  409.8  409.8  409.8
   78.5  18170  -75.0  -88.3     11   0.00     91   24.1  410.0  410.1  410.0
   78.4  18181  -75.0  -88.3     11   0.00     91   23.9  410.1  410.1  410.1
   78.2  18192  -75.1  -88.4     11   0.00     91   23.8  410.2  410.2  410.2
   78.1  18203  -75.2  -88.4     11   0.00     91   23.6  410.2  410.2  410.2
   77.9  18214  -75.2  -88.4     11   0.00     91   23.4  410.4  410.4  410.4
   77.8  18226  -75.3  -88.5     11   0.00     91   23.2  410.4  410.4  410.4
   77.6  18238  -75.4  -88.5     12   0.00     91   23.0  410.5  410.5  410.5
   77.5  18249  -75.5  -88.5     12   0.00     91   22.9  410.5  410.5  410.5
   77.3  18260  -75.6  -88.6     12   0.00     90   22.7  410.6  410.6  410.6
   77.2  18272  -75.7  -88.7     12   0.00     90   22.5  410.5  410.5  410.5
   77.0  18282  -75.8  -88.7     12   0.00     89   22.3  410.6  410.6  410.6
   76.9  18294  -75.9  -88.8     12   0.00     89   22.1  410.6  410.6  410.6
   76.7  18305  -76.0  -88.9     12   0.00     88   21.9  410.7  410.7  410.7
   76.6  18316  -76.0  -89.1     11   0.00     88   21.8  410.7  410.7  410.7
   76.4  18327  -76.0  -89.1     11   0.00     87   21.6  411.0  411.0  411.0
   76.3  18340  -75.9  -89.0     11   0.00     87   21.4  411.5  411.5  411.5
   76.1  18351  -75.8  -89.0     11   0.00     86   21.3  412.0  412.0  412.0
   76.0  18363  -75.8  -89.0     11   0.00     86   21.2  412.2  412.2  412.2
   75.8  18374  -75.6  -88.9     11   0.00     85   21.1  412.7  412.8  412.7
   75.7  18384  -75.6  -88.9     11   0.00     85   21.0  413.0  413.0  413.0
   75.5  18395  -75.6  -88.9     11   0.00     85   20.9  413.3  413.3  413.3
   75.4  18407  -75.4  -88.8     11   0.00     84   20.8  413.9  413.9  413.9
   75.2  18420  -75.3  -88.8     11   0.00     84   20.7  414.3  414.3  414.3
   75.1  18432  -75.4  -88.9     11   0.00     84   20.7  414.3  414.3  414.3
   74.9  18444  -75.5  -88.9     11   0.00     83   20.6  414.5  414.5  414.5
   74.8  18456  -75.5  -89.0     11   0.00     83   20.5  414.7  414.7  414.7
   74.6  18467  -75.5  -89.0     11   0.00     82   20.4  414.9  414.9  414.9
   74.5  18479  -75.6  -89.1     11   0.00     82   20.3  414.9  414.9  414.9
   74.3  18490  -75.7  -89.2     10   0.00     82   20.2  415.1  415.1  415.1
   74.2  18502  -75.6  -89.2     10   0.00     81   20.1  415.4  415.5  415.4
   74.0  18514  -75.5  -89.2     10   0.00     81   20.0  416.0  416.0  416.0
   73.9  18526  -75.4  -89.2     10   0.00     81   19.8  416.2  416.2  416.2
   73.7  18537  -75.4  -89.2     10   0.00     80   19.7  416.6  416.6  416.6
   73.6  18549  -75.2  -89.1     10   0.00     80   19.5  417.2  417.2  417.2
   73.4  18562  -75.0  -89.0     10   0.00     80   19.4  417.9  417.9  417.9
   73.2  18574  -75.0  -89.0     10   0.00     80   19.2  418.3  418.3  418.3
   73.1  18585  -74.9  -89.0     10   0.00     80   19.0  418.6  418.6  418.6
   73.0  18597  -74.9  -89.1     10   0.00     79   18.9  418.8  418.8  418.8
   72.8  18609  -74.9  -89.1     10   0.00     79   18.8  419.1  419.2  419.1
   72.7  18621  -74.9  -89.2      9   0.00     79   18.7  419.3  419.3  419.3
   72.5  18633  -74.9  -89.3      9   0.00     79   18.6  419.5  419.5  419.5
   72.4  18644  -75.0  -89.4      9   0.00     79   18.5  419.5  419.5  419.5
   72.2  18656  -75.0  -89.5      9   0.00     79   18.5  419.8  419.9  419.8
   72.1  18667  -75.0  -89.6      9   0.00     79   18.5  420.1  420.1  420.1
   71.9  18678  -74.9  -89.7      9   0.00     79   18.4  420.6  420.6  420.6
   71.8  18690  -74.8  -89.8      8   0.00     79   18.4  420.9  420.9  420.9
   71.6  18702  -74.7  -89.9      8   0.00     79   18.5  421.5  421.5  421.5
   71.5  18714  -74.1  -89.6      8   0.00     80   18.5  423.0  423.0  423.0
   71.4  18725  -73.8  -89.5      7   0.00     80   18.5  423.8  423.8  423.8
   71.2  18736  -73.7  -89.6      7   0.00     81   18.5  424.3  424.4  424.3
   71.1  18748  -73.6  -89.7      7   0.00     82   18.6  424.7  424.8  424.7
   71.0  18758  -73.4  -89.7      7   0.00     83   18.6  425.3  425.3  425.3
   70.8  18769  -73.2  -89.7      7   0.00     84   18.7  426.0  426.0  426.0
   70.7  18780  -73.1  -89.8      6   0.00     85   18.7  426.4  426.4  426.4
   70.6  18792  -72.9  -89.9      6   0.00     86   18.8  426.9  427.0  427.0
   70.4  18804  -72.8  -89.9      6   0.00     87   19.0  427.6  427.6  427.6
   70.3  18815  -72.7  -90.0      6   0.00     88   19.1  427.9  428.0  427.9
   70.2  18825  -72.5  -90.0      6   0.00     89   19.2  428.6  428.6  428.6
   70.0  18838  -71.8  -89.6      6   0.00     91   19.6  430.5  430.5  430.5
   69.9  18846  -71.5  -89.4      5   0.00     91   19.6  431.4  431.4  431.4
   69.8  18857  -71.2  -89.3      5   0.00     91   19.7  432.1  432.1  432.1
   69.7  18867  -71.1  -89.3      5   0.00     92   19.9  432.5  432.5  432.5
   69.5  18877  -71.0  -89.3      5   0.00     92   20.1  433.0  433.0  433.0
   69.4  18888  -71.0  -89.4      5   0.00     92   20.3  433.1  433.1  433.1
   69.3  18899  -71.1  -89.5      5   0.00     92   20.5  433.2  433.2  433.2
   69.2  18909  -71.1  -89.6      5   0.00     93   20.6  433.3  433.3  433.3
   69.1  18919  -71.2  -89.7      5   0.00     93   20.8  433.3  433.3  433.3
   68.9  18929  -71.3  -89.8      5   0.00     93   21.0  433.5  433.5  433.5
   68.8  18939  -71.4  -89.9      5   0.00     93   21.1  433.5  433.5  433.5
   68.7  18949  -71.4  -89.9      5   0.00     93   21.3  433.6  433.6  433.6
   68.6  18958  -71.5  -90.0      5   0.00     93   21.4  433.7  433.7  433.7
   68.5  18968  -71.5  -90.1      5   0.00     93   21.5  433.7  433.7  433.7
   68.4  18978  -71.6  -90.2      5   0.00     93   21.5  433.8  433.8  433.8
   68.3  18987  -71.6  -90.2      5   0.00     93   21.6  433.8  433.8  433.8
   68.2  18996  -71.7  -90.3      5   0.00     94   21.6  433.8  433.8  433.8
   68.0  19005  -71.8  -90.4      5   0.00     94   21.5  434.1  434.1  434.1
   67.9  19014  -71.8  -90.4      5   0.00     94   21.4  434.2  434.2  434.2
   67.8  19023  -71.9  -90.5      5   0.00     94   21.3  434.3  434.3  434.3
   67.7  19032  -71.8  -90.5      5   0.00     95   21.1  434.5  434.5  434.5
   67.6  19042  -71.8  -90.5      5   0.00     95   20.8  434.8  434.8  434.8
   67.5  19051  -71.7  -90.5      5   0.00     95   20.5  435.2  435.2  435.2
   67.4  19061  -71.6  -90.5      5   0.00     96   20.2  435.5  435.6  435.5
   67.3  19070  -71.5  -90.4      5   0.00     96   19.8  436.0  436.0  436.0
   67.2  19080  -71.3  -90.3      5   0.00     96   19.4  436.5  436.5  436.5
   67.1  19089  -71.3  -90.4      4   0.00     97   19.0  436.7  436.7  436.7
   67.0  19097  -71.4  -90.5      4   0.00     97   18.6  436.8  436.8  436.8
   66.9  19105  -71.4  -90.5      4   0.00     97   18.2  436.9  436.9  436.9
   66.8  19114  -71.4  -90.6      4   0.00     98   17.8  437.1  437.1  437.1
   66.7  19122  -71.4  -90.6      4   0.00     98   17.4  437.4  437.4  437.4
   66.6  19131  -71.2  -90.5      4   0.00     99   17.0  438.0  438.0  438.0
   66.5  19140  -70.8  -90.3      4   0.00     99   16.7  438.9  438.9  438.9
   66.4  19150  -70.6  -90.2      4   0.00    100   16.4  439.7  439.7  439.7
   66.3  19159  -70.4  -90.1      4   0.00    100   16.1  440.1  440.1  440.1
   66.2  19167  -70.4  -90.1      4   0.00    101   15.8  440.5  440.5  440.5
   66.1  19176  -70.4  -90.1      4   0.00    101   15.6  440.7  440.7  440.7
   66.0  19185  -70.4  -90.1      4   0.00    101   15.4  440.9  440.9  440.9
   65.9  19194  -70.4  -90.2      4   0.00    101   15.2  441.1  441.1  441.1
   65.8  19202  -70.4  -90.1      4   0.00    101   15.1  441.3  441.3  441.3
   65.7  19211  -70.4  -90.2      4   0.00    100   14.9  441.4  441.4  441.4
   65.6  19221  -70.4  -90.2      4   0.00    100   14.8  441.6  441.6  441.6
   65.5  19230  -70.4  -90.2      4   0.00    100   14.7  441.6  441.7  441.6
   65.4  19238  -70.5  -90.2      4   0.00     99   14.6  441.8  441.8  441.8
   65.3  19247  -70.5  -90.2      4   0.00     99   14.5  441.9  441.9  441.9
   65.2  19255  -70.5  -90.3      4   0.00     98   14.4  442.0  442.0  442.0
   65.1  19263  -70.6  -90.3      4   0.00     98   14.3  442.1  442.1  442.1
   64.9  19281  -70.6  -90.4      4   0.00     97   14.3  442.4  442.4  442.4
   64.8  19290  -70.6  -90.4      4   0.00     96   14.3  442.7  442.7  442.7
   64.7  19308  -70.5  -90.3      4   0.00     95   14.4  443.1  443.1  443.1
   64.6  19317  -70.4  -90.4      4   0.00     94   14.5  443.4  443.4  443.4
   64.5  19326  -70.4  -90.4      4   0.00     93   14.6  443.7  443.7  443.7
   64.4  19335  -70.3  -90.4      4   0.00     92   14.7  444.1  444.1  444.1
   64.3  19344  -70.3  -90.5      4   0.00     92   14.8  444.4  444.4  444.4
   64.2  19353  -70.2  -90.5      4   0.00     91   15.0  444.7  444.8  444.7
   64.1  19363  -70.0  -90.5      4   0.00     91   15.1  445.4  445.4  445.4
   64.0  19372  -69.7  -90.4      4   0.00     90   15.3  446.1  446.1  446.1
   63.9  19381  -69.6  -90.4      3   0.00     90   15.4  446.6  446.6  446.6
   63.8  19389  -69.5  -90.4      3   0.00     89   15.6  447.0  447.0  447.0
   63.7  19398  -69.4  -90.4      3   0.00     89   15.7  447.5  447.5  447.5
   63.6  19408  -69.3  -90.4      3   0.00     89   15.8  447.9  447.9  447.9
   63.5  19418  -69.3  -90.4      3   0.00     88   15.9  448.1  448.1  448.1
   63.4  19428  -69.3  -90.5      3   0.00     88   16.0  448.3  448.3  448.3
   63.3  19438  -69.3  -90.5      3   0.00     88   16.1  448.5  448.5  448.5
   63.2  19447  -69.3  -90.6      3   0.00     87   16.2  448.8  448.8  448.8
   63.1  19456  -69.2  -90.6      3   0.00     87   16.2  449.1  449.1  449.1
   63.0  19466  -69.1  -90.6      3   0.00     86   16.2  449.6  449.6  449.6
   62.9  19475  -68.8  -90.5      3   0.00     85   16.2  450.4  450.4  450.4
   62.8  19484  -68.7  -90.4      3   0.00     84   16.2  450.9  450.9  450.9
   62.7  19494  -68.6  -90.5      3   0.00     83   16.2  451.2  451.2  451.2
   62.6  19504  -68.6  -90.5      3   0.00     82   16.1  451.5  451.5  451.5
   62.5  19514  -68.6  -90.5      3   0.00     81   16.1  451.7  451.7  451.7
   62.4  19523  -68.6  -90.6      3   0.00     80   16.1  451.9  451.9  451.9
   62.3  19533  -68.5  -90.6      3   0.00     79   16.2  452.3  452.3  452.3
   62.2  19544  -68.5  -90.5      3   0.00     78   16.2  452.6  452.6  452.6
   62.0  19554  -68.5  -90.5      3   0.00     77   16.3  453.0  453.0  453.0
   61.9  19564  -68.5  -90.5      3   0.00     76   16.3  453.2  453.2  453.2
   61.8  19574  -68.5  -90.6      3   0.00     76   16.5  453.3  453.3  453.3
   61.7  19584  -68.5  -90.6      3   0.00     75   16.6  453.5  453.5  453.5
   61.6  19594  -68.5  -90.6      3   0.00     74   16.7  453.8  453.8  453.8
   61.5  19603  -68.4  -90.5      3   0.00     74   16.9  454.2  454.2  454.2
   61.4  19613  -68.4  -90.5      3   0.00     73   17.1  454.4  454.4  454.4
   61.3  19624  -68.4  -90.6      3   0.00     73   17.3  454.6  454.6  454.6
   61.2  19634  -68.5  -90.6      3   0.00     72   17.5  454.7  454.7  454.7
   61.1  19645  -68.5  -90.6      3   0.00     72   17.7  454.9  454.9  454.9
   61.0  19655  -68.5  -90.6      3   0.00     71   17.9  455.1  455.2  455.1
   60.9  19666  -68.5  -90.6      3   0.00     71   18.1  455.3  455.3  455.3
   60.8  19677  -68.5  -90.7      3   0.00     70   18.3  455.4  455.4  455.4
   60.7  19688  -68.6  -90.7      3   0.00     70   18.5  455.5  455.5  455.5
   60.6  19699  -68.6  -90.7      3   0.00     70   18.7  455.6  455.6  455.6
   60.4  19710  -68.7  -90.7      3   0.00     69   18.8  455.9  455.9  455.9
   60.3  19721  -68.7  -90.7      3   0.00     69   19.0  456.1  456.1  456.1
   60.2  19732  -68.7  -90.7      3   0.00     69   19.2  456.3  456.4  456.3
   60.1  19742  -68.6  -90.7      3   0.00     69   19.4  456.7  456.7  456.7
   60.0  19753  -68.6  -90.7      3   0.00     69   19.5  457.0  457.0  457.0
   59.9  19764  -68.5  -90.7      3   0.00     69   19.7  457.4  457.4  457.4
   59.8  19774  -68.5  -90.7      3   0.00     70   19.8  457.7  457.7  457.7
   59.7  19785  -68.5  -90.8      3   0.00     70   20.0  457.8  457.9  457.8
   59.6  19795  -68.5  -90.8      3   0.00     71   20.1  458.1  458.1  458.1
   59.5  19806  -68.5  -90.8      3   0.00     72   20.2  458.3  458.4  458.3
   59.4  19818  -68.5  -90.9      3   0.00     73   20.3  458.6  458.6  458.6
   59.3  19828  -68.5  -90.9      3   0.00     74   20.4  458.8  458.8  458.8
   59.2  19838  -68.3  -90.9      3   0.00     75   20.5  459.3  459.3  459.3
   59.1  19850  -68.2  -90.8      3   0.00     76   20.6  459.9  460.0  459.9
   59.0  19860  -68.1  -90.7      3   0.00     77   20.7  460.4  460.4  460.4
   58.9  19870  -68.1  -90.7      3   0.00     78   20.8  460.6  460.6  460.6
   58.7  19881  -68.1  -90.7      3   0.00     79   20.9  461.0  461.0  461.0
   58.6  19892  -68.1  -90.7      3   0.00     80   21.0  461.2  461.2  461.2
   58.5  19904  -68.1  -90.7      3   0.00     81   21.0  461.4  461.4  461.4
   58.4  19914  -68.1  -90.7      3   0.00     81   21.0  461.7  461.7  461.7
   58.3  19924  -68.1  -90.7      3   0.00     82   21.1  461.9  461.9  461.9
   58.2  19934  -68.1  -90.8      3   0.00     82   21.1  462.0  462.0  462.0
   58.1  19944  -68.1  -90.8      3   0.00     82   21.1  462.2  462.3  462.2
   58.0  19954  -68.2  -90.9      3   0.00     82   21.0  462.4  462.4  462.4
   57.9  19964  -68.2  -91.0      3   0.00     81   20.9  462.6  462.6  462.6
   57.8  19974  -68.3  -91.1      3   0.00     81   20.9  462.7  462.7  462.7
   57.7  19985  -68.3  -91.2      2   0.00     80   20.8  462.9  462.9  462.9
   57.6  19995  -68.2  -91.2      2   0.00     79   20.7  463.3  463.3  463.3
   57.5  20012  -67.3  -90.8      2   0.00     78   20.4  465.4  465.4  465.4
   57.4  20022  -67.2  -90.8      2   0.00     77   20.3  466.0  466.0  466.0
   57.3  20032  -67.0  -90.8      2   0.00     77   20.2  466.5  466.6  466.5
   57.2  20043  -66.9  -90.8      2   0.00     76   20.1  467.2  467.2  467.2
   57.1  20053  -66.8  -90.8      2   0.00     76   20.0  467.6  467.6  467.6
   57.0  20062  -66.7  -90.9      2   0.00     76   20.0  467.9  468.0  467.9
   56.9  20072  -66.7  -90.9      2   0.00     76   19.9  468.3  468.3  468.3
   56.8  20081  -66.6  -90.9      2   0.00     76   19.9  468.7  468.7  468.7
   56.7  20090  -66.4  -90.8      2   0.00     76   19.9  469.3  469.3  469.3
   56.6  20107  -66.3  -90.8      2   0.00     77   19.9  470.0  470.0  470.0
   56.5  20117  -66.3  -90.8      2   0.00     77   20.0  470.1  470.2  470.1
   56.4  20125  -66.3  -90.8      2   0.00     77   20.1  470.4  470.4  470.4
   56.3  20134  -66.3  -90.8      2   0.00     77   20.2  470.7  470.7  470.7
   56.2  20151  -66.2  -90.8      2   0.00     76   20.5  471.0  471.0  471.0
   56.1  20161  -66.1  -90.8      2   0.00     76   20.7  471.5  471.5  471.5
   56.0  20170  -66.0  -90.7      2   0.00     76   20.9  472.1  472.1  472.1
   55.9  20178  -65.9  -90.7      2   0.00     75   21.1  472.5  472.6  472.5
   55.8  20187  -65.8  -90.7      2   0.00     75   21.3  473.0  473.0  473.0
   55.7  20203  -65.5  -90.6      2   0.00     74   21.8  473.9  473.9  473.9
   55.6  20211  -65.3  -90.6      2   0.00     74   22.1  474.5  474.5  474.5
   55.5  20219  -65.1  -90.5      2   0.00     74   22.4  475.2  475.2  475.2
   55.4  20236  -64.9  -90.5      2   0.00     74   22.9  475.9  475.9  475.9
   55.3  20243  -64.9  -90.5      2   0.00     75   23.2  476.3  476.3  476.3
   55.2  20258  -64.8  -90.5      2   0.00     75   23.8  476.6  476.6  476.6
   55.1  20266  -64.7  -90.5      2   0.00     75   24.0  477.1  477.1  477.1
   55.0  20274  -64.6  -90.4      2   0.00     76   24.2  477.6  477.6  477.6
   54.9  20290  -64.3  -90.3      2   0.00     76   24.6  478.5  478.6  478.5
   54.8  20298  -64.2  -90.2      2   0.00     76   24.7  479.1  479.1  479.1
   54.7  20315  -64.1  -90.1      2   0.00     77   24.9  479.5  479.5  479.5
   54.6  20323  -64.1  -90.1      2   0.00     77   25.0  479.7  479.7  479.7
   54.5  20331  -64.2  -90.1      2   0.00     77   25.0  479.9  479.9  479.9
   54.4  20346  -64.2  -90.1      2   0.00     78   25.0  480.0  480.0  480.0
   54.3  20354  -64.2  -90.1      2   0.00     78   25.0  480.3  480.4  480.3
   54.2  20370  -64.2  -90.0      2   0.00     79   24.8  480.6  480.6  480.6
   54.1  20378  -64.2  -90.0      2   0.00     79   24.7  480.8  480.8  480.8
   54.0  20386  -64.2  -90.0      2   0.00     80   24.6  481.0  481.0  481.0
   53.9  20402  -64.3  -90.1      2   0.00     81   24.2  481.2  481.2  481.2
   53.8  20410  -64.3  -90.1      2   0.00     81   24.0  481.4  481.4  481.4
   53.7  20427  -64.3  -90.2      2   0.00     82   23.5  481.7  481.7  481.7
   53.6  20435  -64.2  -90.2      2   0.00     82   23.2  482.0  482.0  482.0
   53.5  20451  -64.2  -90.2      2   0.00     83   22.7  482.4  482.4  482.4
   53.4  20460  -64.2  -90.2      2   0.00     83   22.4  482.6  482.6  482.6
   53.3  20468  -64.2  -90.2      2   0.00     83   22.1  482.8  482.8  482.8
   53.2  20484  -64.2  -90.2      2   0.00     84   21.5  483.1  483.1  483.1
   53.1  20492  -64.2  -90.2      2   0.00     84   21.3  483.3  483.3  483.3
   53.0  20501  -64.3  -90.1      2   0.00     84   21.1  483.5  483.5  483.5
   52.9  20517  -64.3  -90.1      2   0.00     84   20.7  483.8  483.8  483.8
   52.8  20525  -64.3  -90.1      2   0.00     85   20.6  484.0  484.0  484.0
   52.7  20544  -64.3  -90.1      2   0.00     85   20.4  484.1  484.1  484.1
   52.6  20552  -64.3  -90.1      2   0.00     86   20.4  484.4  484.4  484.4
   52.5  20561  -64.4  -90.2      2   0.00     86   20.4  484.6  484.6  484.6
   52.4  20578  -64.4  -90.3      2   0.00     87   20.6  484.8  484.8  484.8
   52.3  20587  -64.4  -90.3      2   0.00     88   20.7  485.1  485.1  485.1
   52.2  20595  -64.3  -90.3      2   0.00     88   20.8  485.6  485.6  485.6
   52.1  20612  -63.9  -90.1      2   0.00     88   21.0  486.7  486.7  486.7
   52.0  20620  -63.9  -90.2      2   0.00     88   21.1  487.0  487.0  487.0
   51.9  20629  -63.9  -90.2      2   0.00     88   21.2  487.1  487.2  487.1
   51.8  20645  -64.0  -90.4      2   0.00     88   21.3  487.2  487.3  487.2
   51.7  20654  -64.0  -90.4      2   0.00     88   21.3  487.5  487.5  487.5
   51.6  20672  -63.9  -90.4      2   0.00     88   21.4  488.1  488.1  488.1
   51.5  20680  -63.7  -90.3      2   0.00     87   21.4  488.7  488.8  488.7
   51.4  20690  -63.6  -90.3      2   0.00     87   21.5  489.2  489.3  489.2
   51.3  20708  -63.5  -90.3      2   0.00     87   21.7  489.8  489.8  489.8
   51.2  20717  -63.4  -90.3      2   0.00     87   21.8  490.3  490.3  490.3
   51.1  20727  -63.4  -90.3      2   0.00     87   22.0  490.6  490.6  490.6
   51.0  20736  -63.4  -90.2      2   0.00     87   22.1  490.9  490.9  490.9
   50.9  20756  -63.4  -90.2      2   0.00     86   22.6  491.2  491.3  491.2
   50.8  20766  -63.4  -90.2      2   0.00     86   22.8  491.4  491.5  491.4
   50.7  20775  -63.4  -90.2      2   0.00     86   23.1  491.7  491.7  491.7
   50.6  20785  -63.4  -90.1      2   0.00     86   23.3  491.9  491.9  491.9
   50.5  20804  -63.5  -90.1      2   0.00     86   23.8  492.1  492.1  492.1
   50.4  20814  -63.4  -90.0      2   0.00     86   24.0  492.5  492.6  492.5
   50.3  20825  -63.4  -90.0      2   0.00     86   24.3  492.9  492.9  492.9
   50.2  20835  -63.4  -90.0      2   0.00     86   24.5  493.1  493.1  493.1
   50.1  20854  -63.5  -90.0      2   0.00     87   24.8  493.0  493.1  493.0
   50.0  20863  -63.5  -90.0      2   0.00     87   24.8  493.4  493.4  493.4
   49.9  20875  -63.5  -90.0      2   0.00     87   25.2  493.6  493.6  493.6
   49.8  20885  -63.6  -90.0      2   0.00     88   25.3  493.7  493.7  493.7
   49.7  20895  -63.7  -90.1      2   0.00     88   25.4  493.8  493.8  493.8
   49.6  20915  -63.7  -90.1      2   0.00     89   25.6  494.0  494.1  494.0
   49.5  20925  -63.7  -90.1      2   0.00     89   25.7  494.3  494.4  494.3
   49.4  20935  -63.7  -90.1      2   0.00     90   25.8  494.6  494.6  494.6
   49.3  20945  -63.8  -90.1      2   0.00     90   25.9  494.8  494.8  494.8
   49.2  20965  -63.8  -90.2      2   0.00     91   26.0  495.0  495.1  495.0
   49.1  20976  -63.7  -90.1      2   0.00     91   26.0  495.5  495.5  495.5
   49.0  20988  -63.6  -90.1      2   0.00     92   26.0  495.9  495.9  495.9
   48.9  20998  -63.6  -90.1      2   0.00     92   26.0  496.2  496.3  496.2
   48.8  21009  -63.7  -90.1      2   0.00     93   25.9  496.4  496.4  496.4
   48.7  21020  -63.7  -90.1      2   0.00     93   25.9  496.6  496.6  496.6
   48.6  21041  -63.8  -90.1      2   0.00     94   25.7  496.8  496.8  496.8
   48.5  21052  -63.8  -90.1      2   0.00     95   25.6  497.1  497.1  497.1
   48.4  21063  -63.8  -90.1      2   0.00     95   25.4  497.3  497.3  497.3
   48.3  21074  -63.9  -90.1      2   0.00     96   25.2  497.5  497.5  497.5
   48.2  21085  -63.9  -90.0      2   0.00     96   25.0  497.7  497.7  497.7
   48.1  21096  -63.9  -90.0      2   0.00     96   24.8  497.9  497.9  497.9
   48.0  21117  -64.0  -90.0      2   0.00     97   24.3  498.0  498.0  498.0
   47.9  21128  -64.0  -90.0      2   0.00     97   24.0  498.2  498.2  498.2
   47.8  21137  -64.1  -90.0      2   0.00     97   23.7  498.4  498.4  498.4
   47.7  21147  -64.2  -90.1      2   0.00     97   23.5  498.5  498.5  498.5
   47.6  21169  -64.3  -90.2      2   0.00     97   23.0  498.5  498.5  498.5
   47.5  21179  -64.3  -90.2      2   0.00     96   22.7  498.7  498.8  498.7
   47.4  21189  -64.3  -90.2      2   0.00     96   22.6  499.0  499.0  499.0
   47.3  21198  -64.3  -90.2      2   0.00     96   22.4  499.4  499.4  499.4
   47.2  21218  -64.0  -90.1      2   0.00     95   22.3  500.4  500.4  500.4
   47.1  21228  -63.9  -90.0      2   0.00     94   22.2  501.0  501.0  501.0
   47.0  21238  -63.9  -90.0      2   0.00     94   22.2  501.3  501.3  501.3
   46.9  21258  -64.0  -90.1      2   0.00     93   22.3  501.4  501.4  501.4
   46.8  21268  -64.0  -90.1      2   0.00     92   22.3  501.6  501.6  501.6
   46.7  21278  -64.1  -90.2      2   0.00     92   22.4  501.8  501.8  501.8
   46.6  21289  -64.1  -90.2      2   0.00     91   22.4  502.0  502.0  502.0
   46.5  21309  -64.1  -90.2      2   0.00     90   22.5  502.2  502.3  502.2
   46.4  21318  -64.1  -90.2      2   0.00     89   22.5  502.6  502.6  502.6
   46.3  21336  -64.0  -90.1      2   0.00     88   22.6  503.2  503.2  503.2
   46.2  21346  -64.0  -90.1      2   0.00     87   22.6  503.5  503.5  503.5
   46.1  21355  -64.0  -90.1      2   0.00     87   22.7  503.7  503.7  503.7
   46.0  21375  -64.0  -90.2      2   0.00     85   22.8  504.0  504.0  504.0
   45.9  21385  -64.0  -90.2      2   0.00     85   22.9  504.3  504.3  504.3
   45.8  21403  -64.0  -90.2      2   0.00     84   23.1  504.8  504.8  504.8
   45.7  21412  -64.0  -90.2      2   0.00     83   23.2  505.1  505.1  505.1
   45.6  21421  -64.0  -90.3      2   0.00     83   23.3  505.4  505.4  505.4
   45.5  21442  -64.0  -90.3      2   0.00     82   23.5  505.7  505.7  505.7
   45.4  21453  -64.0  -90.3      2   0.00     82   23.6  506.0  506.0  506.0
   45.3  21462  -64.0  -90.2      2   0.00     82   23.7  506.3  506.4  506.4
   45.2  21479  -63.9  -90.1      2   0.00     81   23.9  506.9  506.9  506.9
   45.1  21496  -64.0  -90.0      2   0.00     81   24.0  507.0  507.0  507.0
   45.0  21506  -64.1  -90.0      2   0.00     81   24.0  507.1  507.2  507.1
   44.9  21515  -64.1  -90.0      2   0.00     81   24.1  507.4  507.4  507.4
   44.8  21533  -64.1  -90.0      2   0.00     81   24.0  507.6  507.6  507.6
   44.7  21542  -64.2  -90.0      2   0.00     82   24.0  507.9  507.9  507.9
   44.6  21561  -64.1  -90.0      2   0.00     82   23.9  508.3  508.4  508.3
   44.5  21571  -64.1  -90.0      2   0.00     82   23.8  508.8  508.8  508.8
   44.4  21590  -64.0  -90.1      2   0.00     83   23.7  509.2  509.2  509.2
   44.3  21599  -64.0  -90.1      2   0.00     83   23.6  509.7  509.7  509.7
   44.2  21615  -64.0  -90.2      2   0.00     84   23.5  510.0  510.0  510.0
   44.1  21633  -64.0  -90.3      2   0.00     84   23.4  510.2  510.2  510.2
   44.0  21642  -64.0  -90.4      2   0.00     85   23.3  510.5  510.5  510.5
   43.9  21659  -64.1  -90.5      2   0.00     85   23.1  510.7  510.7  510.7
   43.8  21668  -64.1  -90.6      2   0.00     86   23.0  511.0  511.0  511.0
   43.7  21686  -64.1  -90.7      2   0.00     87   22.7  511.3  511.3  511.3
   43.6  21695  -64.0  -90.7      2   0.00     87   22.6  511.8  511.8  511.8
   43.5  21714  -63.7  -90.5      2   0.00     88   22.3  513.0  513.0  513.0
   43.4  21731  -63.5  -90.5      1   0.00     89   21.9  513.7  513.7  513.7
   43.3  21741  -63.5  -90.4      1   0.00     90   21.7  514.1  514.1  514.1
   43.2  21759  -63.5  -90.5      1   0.00     91   21.3  514.4  514.4  514.4
   43.1  21768  -63.6  -90.5      1   0.00     92   21.1  514.6  514.7  514.6
   43.0  21787  -63.6  -90.5      2   0.00     93   20.7  514.8  514.8  514.8
   42.9  21797  -63.7  -90.5      2   0.00     94   20.4  515.0  515.0  515.0
   42.8  21816  -63.7  -90.5      2   0.00     95   20.1  515.3  515.3  515.3
   42.7  21825  -63.7  -90.4      2   0.00     95   19.9  515.7  515.7  515.7
   42.6  21844  -63.8  -90.5      2   0.00     95   19.6  515.8  515.8  515.8
   42.5  21853  -63.8  -90.5      2   0.00     95   19.5  516.2  516.3  516.2
   42.4  21872  -63.6  -90.4      2   0.00     95   19.4  517.0  517.1  517.0
   42.3  21882  -63.6  -90.5      1   0.00     94   19.4  517.3  517.4  517.3
   42.2  21901  -63.6  -90.6      1   0.00     93   19.5  517.6  517.7  517.6
   42.1  21910  -63.6  -90.6      1   0.00     92   19.5  518.0  518.0  518.0
   42.0  21930  -63.3  -90.4      1   0.00     91   19.6  519.2  519.2  519.2
   41.9  21940  -63.1  -90.4      1   0.00     90   19.6  519.8  519.9  519.8
   41.8  21961  -63.0  -90.3      1   0.00     89   19.6  520.6  520.7  520.6
   41.7  21972  -63.0  -90.3      1   0.00     88   19.6  521.0  521.0  521.0
   41.6  21992  -63.0  -90.3      1   0.00     87   19.5  521.4  521.4  521.4
   41.5  22002  -63.0  -90.4      1   0.00     87   19.4  521.6  521.7  521.6
   41.4  22021  -63.1  -90.5      1   0.00     87   19.1  521.8  521.8  521.8
   41.3  22032  -63.1  -90.5      1   0.00     87   19.0  522.2  522.2  522.2
   41.2  22051  -62.8  -90.3      1   0.00     87   18.6  523.3  523.3  523.3
   41.1  22062  -62.7  -90.3      1   0.00     87   18.5  523.7  523.7  523.7
   41.0  22072  -62.7  -90.3      1   0.00     87   18.3  524.2  524.2  524.2
   40.9  22093  -62.6  -90.3      1   0.00     86   18.0  524.8  524.9  524.8
   40.8  22104  -62.6  -90.3      1   0.00     86   17.9  525.2  525.2  525.2
   40.7  22126  -62.6  -90.4      1   0.00     85   17.8  525.5  525.5  525.5
   40.6  22136  -62.7  -90.4      1   0.00     84   17.8  525.8  525.8  525.8
   40.5  22158  -62.2  -90.2      1   0.00     83   17.9  527.2  527.2  527.2
   40.4  22169  -62.0  -90.0      1   0.00     82   18.0  528.1  528.2  528.1
   40.3  22181  -61.9  -90.0      1   0.00     82   18.2  528.7  528.7  528.7
   40.2  22203  -62.0  -90.0      1   0.00     81   18.6  529.0  529.0  529.0
   40.1  22214  -62.0  -90.0      1   0.00     81   18.8  529.4  529.4  529.4
   40.0  22225  -62.0  -90.0      1   0.00     80   19.1  529.7  529.8  529.7
   39.9  22248  -62.0  -90.0      1   0.00     80   19.6  530.0  530.1  530.0
   39.8  22259  -62.0  -90.0      1   0.00     80   19.9  530.5  530.5  530.5
   39.7  22281  -61.9  -89.9      1   0.00     80   20.5  531.0  531.1  531.0
   39.6  22292  -61.9  -89.9      1   0.00     80   20.8  531.4  531.4  531.4
   39.5  22303  -62.0  -89.9      1   0.00     80   21.1  531.7  531.7  531.7
   39.4  22328  -62.1  -89.9      1   0.00     80   21.6  531.8  531.8  531.8
   39.3  22339  -62.1  -89.9      1   0.00     80   21.8  532.1  532.1  532.1
   39.2  22350  -62.1  -89.9      1   0.00     80   22.0  532.4  532.4  532.4
   39.1  22373  -62.2  -89.9      1   0.00     81   22.4  532.6  532.6  532.6
   39.0  22383  -62.2  -89.9      1   0.00     81   22.6  533.0  533.0  533.0
   38.9  22406  -62.0  -89.7      1   0.00     80   22.9  533.9  533.9  533.9
   38.8  22418  -61.9  -89.6      1   0.00     80   23.1  534.4  534.5  534.4
   38.7  22430  -62.0  -89.6      1   0.00     80   23.2  534.7  534.8  534.7
   38.6  22453  -62.0  -89.6      1   0.00     80   23.5  535.0  535.0  535.0
   38.5  22465  -62.1  -89.6      1   0.00     80   23.7  535.2  535.3  535.2
   38.4  22478  -62.2  -89.6      1   0.00     80   23.8  535.5  535.5  535.5
   38.3  22501  -62.3  -89.7      1   0.00     80   24.1  535.5  535.6  535.5
   38.2  22512  -62.4  -89.7      1   0.00     80   24.2  535.8  535.8  535.8
   38.1  22534  -62.5  -89.8      1   0.00     81   24.4  535.9  535.9  535.9
   38.0  22545  -62.6  -89.8      1   0.00     81   24.5  536.1  536.1  536.1
   37.9  22557  -62.6  -89.9      1   0.00     82   24.7  536.2  536.3  536.2
   37.8  22581  -62.7  -90.1      1   0.00     83   24.9  536.5  536.5  536.5
   37.7  22593  -62.7  -90.1      1   0.00     84   25.1  537.0  537.0  537.0
   37.6  22616  -62.5  -90.1      1   0.00     85   25.4  537.9  537.9  537.9
   37.5  22628  -62.4  -90.1      1   0.00     85   25.6  538.4  538.4  538.4
   37.4  22638  -62.3  -90.1      1   0.00     86   25.8  539.1  539.1  539.1
   37.3  22660  -62.0  -90.0      1   0.00     87   26.2  540.2  540.3  540.2
   37.2  22683  -61.9  -90.0      1   0.00     88   26.6  541.0  541.0  541.0
   37.1  22694  -61.9  -90.1      1   0.00     89   26.8  541.4  541.4  541.4
   37.0  22715  -61.8  -90.0      1   0.00     90   27.1  542.2  542.2  542.2
   36.9  22725  -61.7  -90.0      1   0.00     90   27.3  542.8  542.8  542.8
   36.8  22746  -61.6  -90.0      1   0.00     92   27.6  543.4  543.4  543.4
   36.7  22756  -61.6  -90.0      1   0.00     93   27.7  544.0  544.0  544.0
   36.6  22775  -61.4  -90.0      1   0.00     94   27.8  544.7  544.7  544.7
   36.5  22794  -61.3  -89.9      1   0.00     96   27.9  545.4  545.5  545.4
   36.4  22813  -61.2  -89.9      1   0.00     97   27.9  546.2  546.3  546.2
   36.3  22823  -61.1  -89.8      1   0.00     98   27.9  547.0  547.0  547.0
   36.2  22841  -61.0  -89.9      1   0.00    100   27.9  547.6  547.6  547.6
   36.1  22860  -60.8  -89.8      1   0.00    101   27.9  548.5  548.5  548.5
   36.0  22878  -60.6  -89.8      1   0.00    103   27.9  549.4  549.5  549.4
   35.9  22896  -60.5  -89.7      1   0.00    105   28.0  550.2  550.3  550.2
   35.8  22913  -60.4  -89.7      1   0.00    107   28.1  550.8  550.8  550.8
   35.7  22930  -60.3  -89.6      1   0.00    109   28.2  551.5  551.5  551.5
   35.6  22947  -60.2  -89.5      1   0.00    110   28.3  552.2  552.2  552.2
   35.5  22964  -60.1  -89.4      1   0.00    112   28.3  553.0  553.0  553.0
   35.4  22980  -60.0  -89.3      1   0.00    113   28.3  553.8  553.8  553.8
   35.3  23005  -59.9  -89.2      1   0.00    115   28.3  554.5  554.5  554.5
   35.2  23021  -59.9  -89.2      1   0.00    116   28.2  554.9  554.9  554.9
   35.1  23040  -59.9  -89.1      1   0.00    116   28.1  555.3  555.3  555.3
   35.0  23058  -60.0  -89.1      1   0.00    117   28.0  555.5  555.5  555.5
   34.9  23075  -60.1  -89.1      1   0.00    118   27.9  555.6  555.7  555.6
   34.8  23090  -60.2  -89.1      1   0.00    118   27.7  555.8  555.8  555.8
   34.7  23108  -60.3  -89.0      1   0.00    118   27.4  556.2  556.2  556.2
   34.6  23127  -60.3  -89.0      1   0.00    118   26.9  556.5  556.5  556.5
   34.5  23144  -60.4  -89.1      1   0.00    119   26.3  556.6  556.7  556.6
   34.4  23161  -60.5  -89.2      1   0.00    119   25.6  556.8  556.8  556.8
   34.3  23180  -60.5  -89.3      1   0.00    119   24.9  557.3  557.3  557.3
   34.2  23198  -60.4  -89.3      1   0.00    119   24.1  558.0  558.0  558.0
   34.1  23218  -60.1  -89.1      1   0.00    119   23.4  559.5  559.5  559.5
   34.0  23237  -59.9  -89.1      1   0.00    118   22.8  560.3  560.3  560.3
   33.9  23256  -60.0  -89.3      1   0.00    118   22.2  560.6  560.7  560.6
   33.8  23277  -60.1  -89.4      1   0.00    117   21.6  560.9  560.9  560.9
   33.7  23287  -60.1  -89.5      1   0.00    116   21.3  561.3  561.3  561.3
   33.6  23307  -59.8  -89.3      1   0.00    115   20.8  562.6  562.7  562.6
   33.5  23328  -59.6  -89.3      1   0.00    113   20.2  563.6  563.6  563.6
   33.4  23352  -59.2  -89.1      1   0.00    112   19.6  565.0  565.1  565.0
   33.3  23362  -59.1  -89.0      1   0.00    111   19.3  565.7  565.7  565.7
   33.2  23384  -59.1  -89.0      1   0.00    110   18.7  566.3  566.4  566.3
   33.1  23407  -59.1  -89.0      1   0.00    108   18.0  566.7  566.7  566.7
   33.0  23418  -59.2  -89.0      1   0.00    108   17.7  567.0  567.0  567.0
   32.9  23440  -59.2  -88.9      1   0.00    107   17.1  567.5  567.5  567.5
   32.8  23462  -59.3  -88.9      1   0.00    105   16.4  567.7  567.8  567.7
   32.7  23474  -59.3  -88.9      1   0.00    105   16.1  568.2  568.3  568.2
   32.6  23498  -59.3  -88.8      1   0.00    103   15.6  568.7  568.8  568.7
   32.5  23522  -59.3  -88.8      1   0.00    101   15.1  569.2  569.2  569.2
   32.4  23534  -59.4  -88.8      1   0.00    100   14.9  569.6  569.6  569.6
   32.3  23558  -59.3  -88.8      1   0.00     98   14.6  570.2  570.2  570.2
   32.2  23582  -59.4  -88.8      1   0.00     96   14.3  570.5  570.6  570.5
   32.1  23594  -59.3  -88.8      1   0.00     94   14.2  571.2  571.2  571.2
   32.0  23617  -59.3  -88.8      1   0.00     92   14.0  571.6  571.7  571.6
   31.9  23629  -59.3  -88.9      1   0.00     91   13.9  572.2  572.3  572.2
   31.8  23652  -59.2  -88.9      1   0.00     90   13.8  573.0  573.0  573.0
   31.7  23675  -59.1  -89.0      1   0.00     89   13.7  573.8  573.9  573.8
   31.6  23699  -58.8  -89.0      1   0.00     89   13.6  575.1  575.1  575.1
   31.5  23711  -58.7  -89.0      1   0.00     89   13.5  576.0  576.1  576.0
   31.4  23734  -58.4  -89.0      1   0.00     89   13.4  577.2  577.3  577.2
   31.3  23759  -58.2  -88.9      1   0.00     88   13.3  578.4  578.5  578.4
   31.2  23771  -58.1  -88.9      1   0.00     87   13.3  579.1  579.2  579.1
   31.1  23794  -58.0  -88.9      1   0.00     85   13.3  579.9  579.9  579.9
   31.0  23817  -57.9  -88.8      1   0.00     83   13.3  580.8  580.8  580.8
   30.9  23829  -57.7  -88.6      1   0.00     81   13.4  581.8  581.8  581.8
   30.8  23853  -57.6  -88.5      1   0.01     77   13.6  582.7  582.7  582.7
   30.7  23878  -57.6  -88.4      1   0.01     73   14.0  583.2  583.2  583.2
   30.6  23901  -57.6  -88.3      1   0.01     70   14.4  583.8  583.8  583.8
   30.5  23912  -57.6  -88.3      1   0.01     68   14.6  584.3  584.4  584.3
   30.4  23936  -57.7  -88.2      1   0.01     66   15.0  584.6  584.7  584.6
   30.3  23961  -57.8  -88.1      1   0.01     64   15.4  584.9  585.0  584.9
   30.2  23973  -57.8  -88.1      1   0.01     64   15.5  585.4  585.5  585.4
   30.1  23996  -57.9  -88.1      1   0.01     64   15.8  585.7  585.8  585.7
   30.0  24025  -57.9  -88.0      1   0.01     64   16.2  586.3  586.3  586.3
   29.9  24046  -57.8  -88.0      1   0.01     65   16.3  587.0  587.1  587.0
   29.8  24058  -57.8  -87.9      1   0.01     65   16.5  587.6  587.7  587.6
   29.7  24081  -57.9  -88.0      1   0.01     66   16.8  587.9  588.0  587.9
   29.6  24105  -57.9  -88.0      1   0.01     67   17.3  588.4  588.4  588.4
   29.5  24127  -58.1  -88.1      1   0.01     68   17.8  588.5  588.6  588.5
   29.4  24150  -58.2  -88.1      1   0.01     69   18.3  588.8  588.8  588.8
   29.3  24174  -58.3  -88.1      1   0.01     70   18.7  589.2  589.2  589.2
   29.2  24185  -58.3  -88.1      1   0.01     70   18.9  589.7  589.8  589.7
   29.1  24206  -58.2  -88.1      1   0.01     71   19.2  590.4  590.5  590.4
   29.0  24237  -58.2  -88.1      1   0.01     73   19.5  591.2  591.2  591.2
   28.9  24260  -58.1  -88.1      1   0.01     74   19.6  591.9  591.9  591.9
   28.8  24271  -58.1  -88.1      1   0.01     74   19.6  592.6  592.6  592.6
   28.7  24293  -58.2  -88.2      1   0.01     75   19.5  593.0  593.0  593.0
   28.6  24324  -58.1  -88.2      1   0.01     76   19.4  593.8  593.9  593.8
   28.5  24344  -58.0  -88.2      1   0.01     77   19.2  594.6  594.7  594.6
   28.4  24365  -57.9  -88.2      1   0.01     77   19.1  595.3  595.4  595.3
   28.3  24385  -57.9  -88.3      1   0.01     77   19.1  595.9  596.0  596.0
   28.2  24403  -57.7  -88.2      1   0.01     77   19.1  597.1  597.2  597.1
   28.1  24434  -57.6  -88.3      1   0.01     76   19.4  598.1  598.1  598.1
   28.0  24454  -57.4  -88.2      1   0.01     75   19.7  599.3  599.3  599.3
   27.9  24473  -57.4  -88.2      1   0.01     75   20.1  599.8  599.9  599.8
   27.8  24498  -57.6  -88.3      1   0.01     76   20.5  600.0  600.1  600.1
   27.7  24517  -57.6  -88.3      1   0.01     78   20.8  600.4  600.5  600.4
   27.6  24544  -57.5  -88.3      1   0.01     81   20.9  601.4  601.5  601.4
   27.5  24563  -57.4  -88.2      1   0.01     83   20.7  602.4  602.5  602.4
   27.4  24588  -56.9  -88.0      1   0.01     86   20.3  604.2  604.3  604.2
   27.3  24608  -56.7  -87.9      1   0.01     88   20.0  605.5  605.6  605.5
   27.2  24637  -56.5  -87.8      1   0.01     89   19.5  606.8  606.8  606.8
   27.1  24657  -56.5  -87.8      1   0.01     89   19.3  607.5  607.6  607.5
   27.0  24685  -56.5  -87.8      1   0.01     88   19.1  608.0  608.1  608.0
   26.9  24706  -56.6  -87.9      1   0.01     86   19.2  608.5  608.5  608.5
   26.8  24735  -56.6  -87.9      1   0.01     84   19.4  609.1  609.2  609.1
   26.7  24755  -56.3  -87.7      1   0.01     83   19.5  610.6  610.7  610.6
   26.6  24775  -56.2  -87.6      1   0.01     81   19.6  611.5  611.5  611.5
   26.5  24805  -56.0  -87.5      1   0.01     79   19.6  612.7  612.8  612.7
   26.4  24827  -56.0  -87.6      1   0.01     77   19.7  613.3  613.4  613.3
   26.3  24847  -56.0  -87.6      1   0.01     76   19.8  614.1  614.1  614.1
   26.2  24870  -56.0  -87.6      1   0.01     75   20.1  614.7  614.8  614.7
   26.1  24903  -55.9  -87.5      1   0.01     75   20.7  615.7  615.8  615.7
   26.0  24928  -55.6  -87.2      1   0.01     75   21.2  617.2  617.3  617.2
   25.9  24953  -55.6  -87.2      1   0.01     76   21.8  617.8  617.9  617.9
   25.8  24978  -55.7  -87.1      1   0.01     77   22.3  618.3  618.4  618.3
   25.7  24991  -55.7  -87.1      1   0.01     77   22.6  619.0  619.0  619.0
   25.6  25016  -55.8  -87.1      1   0.01     79   23.0  619.3  619.4  619.3
   25.5  25051  -56.0  -87.2      1   0.01     80   23.7  619.5  619.6  619.5
   25.4  25077  -56.1  -87.3      1   0.01     81   24.2  620.0  620.0  620.0
   25.3  25102  -56.1  -87.3      1   0.01     82   24.7  620.5  620.5  620.5
   25.2  25116  -56.1  -87.3      1   0.01     83   24.9  621.3  621.3  621.3
   25.1  25145  -55.8  -87.2      1   0.01     83   25.3  622.7  622.8  622.7
   25.0  25173  -55.6  -87.1      1   0.01     83   25.5  624.0  624.1  624.0
   24.9  25199  -55.5  -87.0      1   0.01     83   25.6  625.0  625.1  625.0
   24.8  25228  -55.6  -87.0      1   0.01     83   25.6  625.5  625.6  625.5
   24.7  25243  -55.7  -87.1      1   0.01     83   25.5  626.0  626.1  626.0
   24.6  25272  -55.9  -87.2      1   0.01     83   25.2  626.2  626.2  626.2
   24.5  25299  -55.8  -87.1      1   0.01     82   24.9  627.1  627.2  627.1
   24.4  25329  -55.8  -86.9      1   0.01     82   24.5  628.0  628.1  628.0
   24.3  25358  -55.9  -87.0      1   0.01     82   24.2  628.4  628.5  628.4
   24.2  25387  -56.1  -87.1      1   0.01     81   23.9  628.6  628.7  628.6
   24.1  25402  -56.1  -87.1      1   0.01     81   23.8  629.2  629.3  629.2
   24.0  25430  -56.2  -87.2      1   0.01     80   23.7  629.7  629.8  629.7
   23.9  25457  -56.2  -87.2      1   0.01     79   23.7  630.3  630.4  630.3
   23.8  25487  -56.1  -87.1      1   0.01     78   23.9  631.6  631.7  631.7
   23.7  25516  -56.0  -87.1      1   0.01     77   24.3  632.6  632.7  632.6
   23.6  25545  -56.0  -87.1      1   0.01     77   24.8  633.4  633.5  633.4
   23.5  25559  -56.0  -87.1      1   0.01     76   25.1  634.2  634.3  634.2
   23.4  25587  -55.9  -87.1      1   0.01     76   25.7  635.1  635.2  635.1
   23.3  25616  -56.0  -87.1      1   0.01     76   26.3  635.7  635.8  635.7
   23.2  25646  -56.1  -87.1      1   0.01     76   26.8  636.2  636.2  636.2
   23.1  25674  -56.2  -87.1      1   0.01     76   27.2  636.6  636.7  636.7
   23.0  25703  -56.4  -87.1      1   0.01     77   27.6  637.0  637.1  637.0
   22.9  25732  -56.6  -87.2      1   0.01     78   27.9  637.1  637.2  637.1
   22.8  25761  -56.8  -87.3      1   0.01     79   28.2  637.3  637.4  637.3
   22.7  25788  -56.9  -87.3      1   0.01     79   28.4  637.9  637.9  637.9
   22.6  25816  -56.9  -87.4      1   0.01     80   28.6  638.4  638.5  638.4
   22.5  25844  -56.9  -87.4      1   0.01     80   28.7  639.2  639.3  639.2
   22.4  25871  -57.0  -87.6      1   0.01     80   28.8  639.8  639.8  639.8
   22.3  25897  -57.1  -87.8      1   0.01     80   28.8  640.4  640.4  640.4
   22.2  25921  -56.9  -87.7      1   0.01     80   29.0  642.0  642.0  642.0
   22.1  25958  -56.7  -87.9      1   0.01     80   29.2  643.3  643.3  643.3
   22.0  25982  -56.6  -88.0      1   0.01     80   29.4  644.5  644.6  644.5
   21.9  26016  -55.8  -87.8      1   0.01     81   29.7  647.7  647.8  647.7
   21.8  26039  -55.4  -87.7      1   0.01     82   30.0  649.6  649.7  649.6
   21.7  26070  -55.1  -87.6      1   0.01     84   30.4  651.3  651.4  651.3
   21.6  26102  -54.9  -87.5      1   0.01     85   30.7  652.9  653.0  652.9
   21.5  26129  -54.8  -87.5      1   0.01     86   30.9  654.1  654.2  654.1
   21.4  26158  -54.7  -87.4      1   0.01     86   30.6  655.3  655.4  655.3
   21.3  26183  -54.1  -87.1      1   0.01     86   29.9  657.9  658.0  657.9
   21.2  26217  -53.7  -87.0      1   0.01     86   28.7  659.9  660.0  659.9
   21.1  26243  -53.2  -86.7      1   0.01     86   27.9  662.4  662.5  662.4
   21.0  26278  -52.2  -86.1      1   0.01     87   27.0  666.2  666.3  666.2
   20.9  26310  -52.3  -86.1      1   0.01     87   26.4  666.7  666.9  666.7
   20.8  26336  -52.4  -86.0      1   0.01     87   25.9  667.6  667.7  667.6
   20.7  26371  -52.2  -85.7      1   0.01     87   25.2  668.9  669.1  668.9
   20.6  26405  -52.3  -85.6      1   0.01     86   24.4  669.5  669.6  669.5
   20.5  26433  -52.6  -85.5      1   0.01     86   23.8  669.8  669.9  669.8
   20.4  26461  -52.8  -85.6      1   0.01     87   23.4  670.0  670.2  670.0
   20.3  26498  -53.1  -85.7      1   0.01     88   23.3  670.0  670.2  670.0
   20.2  26526  -53.1  -85.8      1   0.01     90   23.8  670.9  671.0  670.9
   20.1  26556  -53.0  -85.8      1   0.01     91   24.5  672.3  672.4  672.3
   20.0  26603  -52.4  -85.7      1   0.01     92   25.6  675.1  675.2  675.1
   19.9  26627  -52.4  -85.8      1   0.01     92   26.3  676.1  676.2  676.1
   19.8  26660  -52.1  -85.8      1   0.01     92   26.6  677.8  678.0  677.8
   19.7  26690  -51.5  -85.5      1   0.01     91   26.7  680.6  680.7  680.6
   19.6  26724  -51.4  -85.3      1   0.01     90   26.7  682.0  682.2  682.0
   19.5  26761  -51.6  -85.4      1   0.01     89   26.6  682.4  682.5  682.4
   19.4  26784  -51.8  -85.4      1   0.01     88   26.6  682.9  683.0  682.9
   19.3  26819  -52.0  -85.4      1   0.01     86   26.7  683.1  683.2  683.1
   19.2  26853  -52.0  -85.3      1   0.01     85   27.0  684.2  684.4  684.3
   19.1  26889  -51.9  -85.2      1   0.01     84   27.3  685.6  685.8  685.6
   19.0  26927  -51.9  -85.3      1   0.01     84   27.7  686.5  686.6  686.5
   18.9  26954  -52.0  -85.3      1   0.01     84   27.9  687.3  687.5  687.3
   18.8  26994  -52.0  -85.3      1   0.01     84   28.1  688.3  688.4  688.3
   18.7  27022  -52.1  -85.4      1   0.01     84   28.2  689.1  689.3  689.1
   18.6  27064  -51.9  -85.3      1   0.01     85   28.4  690.8  690.9  690.8
   18.5  27093  -51.8  -85.3      1   0.01     86   28.6  692.0  692.1  692.0
   18.4  27135  -51.9  -85.5      1   0.01     87   28.8  692.7  692.9  692.7
   18.3  27164  -51.9  -85.5      1   0.01     88   29.1  694.1  694.2  694.1
   18.2  27205  -51.7  -85.5      1   0.01     89   29.4  695.6  695.8  695.6
   18.1  27246  -51.2  -85.3      1   0.02     89   29.7  698.2  698.3  698.2
   18.0  27274  -51.2  -85.3      1   0.02     88   30.0  699.5  699.7  699.5
   17.9  27316  -51.1  -85.2      1   0.02     87   30.3  700.9  701.1  700.9
   17.8  27345  -51.1  -85.2      1   0.02     87   30.6  701.9  702.1  701.9
   17.7  27386  -51.1  -85.2      1   0.02     86   31.0  703.2  703.4  703.2
   17.6  27414  -51.0  -85.1      1   0.02     86   31.2  704.4  704.6  704.4
   17.5  27455  -51.1  -85.1      1   0.02     87   31.4  705.4  705.6  705.4
   17.4  27495  -50.9  -85.0      1   0.02     88   31.3  707.1  707.3  707.1
   17.3  27534  -50.9  -85.0      1   0.02     90   31.2  708.3  708.5  708.3
   17.2  27572  -50.9  -85.1      1   0.02     91   31.1  709.4  709.6  709.4
   17.1  27607  -50.8  -85.0      1   0.02     92   31.2  711.1  711.3  711.1
   17.0  27643  -50.6  -85.0      1   0.02     93   31.3  712.8  713.0  712.8
   16.9  27680  -50.3  -84.9      1   0.02     93   31.6  715.1  715.3  715.1
   16.8  27725  -50.0  -84.9      1   0.02     94   32.0  717.1  717.3  717.1
   16.7  27760  -49.9  -84.8      1   0.02     94   32.6  718.6  718.8  718.6
   16.6  27804  -49.7  -84.6      1   0.02     93   33.2  720.7  720.9  720.7
   16.5  27837  -49.7  -84.6      1   0.02     93   33.3  721.9  722.1  721.9
   16.4  27879  -49.6  -84.5      1   0.02     93   32.9  723.6  723.8  723.6
   16.3  27913  -49.4  -84.4      1   0.02     93   32.2  725.4  725.7  725.5
   16.2  27956  -49.2  -84.2      1   0.02     94   31.0  727.2  727.4  727.2
   16.1  28002  -49.4  -84.3      1   0.02     93   30.0  727.8  728.0  727.8
   16.0  28034  -49.6  -84.2      1   0.02     94   29.4  728.7  728.9  728.7
   15.9  28079  -49.8  -84.4      1   0.02     94   28.8  729.2  729.5  729.3
   15.8  28124  -49.9  -84.5      1   0.02     95   28.4  730.2  730.4  730.2
   15.7  28159  -49.5  -84.4      1   0.02     97   28.3  732.8  733.1  732.8
   15.6  28208  -49.2  -84.4      1   0.02     98   28.5  735.0  735.3  735.0
   15.5  28244  -49.1  -84.4      1   0.02     98   29.1  736.9  737.1  736.9
   15.4  28293  -48.8  -84.2      1   0.02     98   30.1  739.3  739.5  739.3
   15.3  28332  -48.8  -84.2      1   0.02     98   30.9  740.5  740.7  740.5
   15.2  28369  -48.7  -84.1      1   0.02     97   31.7  742.2  742.4  742.2
   15.1  28422  -48.8  -84.0      1   0.02     96   32.4  743.3  743.5  743.3
   15.0  28462  -48.9  -84.0      1   0.02     95   32.6  744.3  744.6  744.3
   14.9  28506  -49.1  -84.0      1   0.02     94   32.4  745.2  745.5  745.2
   14.8  28548  -49.3  -84.1      1   0.02     93   32.1  746.0  746.2  746.0
   14.7  28591  -49.5  -84.1      1   0.02     92   31.5  746.6  746.9  746.6
   14.6  28634  -49.6  -84.1      1   0.02     91   30.8  747.9  748.1  747.9
   14.5  28689  -49.6  -84.0      1   0.02     91   29.6  749.5  749.8  749.5
   14.4  28732  -49.7  -84.1      1   0.02     91   28.8  750.5  750.8  750.5
   14.3  28777  -50.0  -84.2      1   0.02     91   28.0  751.1  751.3  751.1
   14.2  28820  -50.3  -84.3      1   0.02     91   27.4  751.5  751.8  751.5
   14.1  28862  -50.6  -84.4      1   0.02     90   27.1  751.9  752.2  752.0
   14.0  28919  -50.9  -84.5      1   0.02     89   26.4  752.5  752.8  752.5
   13.9  28961  -51.1  -84.6      1   0.02     88   25.9  753.4  753.7  753.4
   13.8  29000  -51.2  -84.8      1   0.02     86   25.3  754.5  754.7  754.5
   13.7  29052  -51.1  -84.9      1   0.02     85   24.5  756.4  756.7  756.5
   13.6  29104  -51.0  -84.9      1   0.02     85   24.0  758.3  758.6  758.3
   13.5  29146  -51.1  -85.0      1   0.02     86   23.8  759.7  759.9  759.7
   13.4  29196  -51.0  -85.0      1   0.02     86   23.5  761.6  761.8  761.6
   13.3  29248  -51.3  -85.2      1   0.02     86   23.3  762.4  762.6  762.4
   13.2  29297  -51.3  -85.2      1   0.02     86   23.2  764.0  764.3  764.0
   13.1  29336  -51.3  -85.2      1   0.02     86   23.6  765.7  765.9  765.7
   13.0  29396  -51.1  -85.1      1   0.02     88   25.0  768.0  768.2  768.0
   12.9  29441  -51.3  -85.1      1   0.02     90   26.2  769.0  769.2  769.0
   12.8  29485  -51.5  -85.2      1   0.02     92   27.1  769.8  770.1  769.8
   12.7  29537  -51.8  -85.6      1   0.02     93   27.6  770.7  770.9  770.7
   12.6  29589  -50.8  -85.5      1   0.02     91   27.7  775.8  776.1  775.8
   12.5  29648  -49.5  -85.3      1   0.02     90   28.3  782.0  782.3  782.1
   12.4  29698  -49.2  -85.2      1   0.02     89   29.0  784.9  785.2  784.9
   12.3  29750  -48.6  -84.8      1   0.02     88   29.4  789.0  789.3  789.0
   12.2  29797  -47.8  -84.4      1   0.03     86   29.4  793.7  794.0  793.7
   12.1  29857  -47.2  -84.2      1   0.03     85   29.7  797.5  797.8  797.5
   12.0  29913  -46.3  -83.8      1   0.03     84   29.7  802.8  803.2  802.8
   11.9  29962  -45.5  -83.4      1   0.03     85   29.5  807.3  807.7  807.3
   11.8  30022  -45.1  -83.2      1   0.03     84   29.5  810.8  811.3  810.9
   11.7  30076  -44.4  -82.8      1   0.04     82   29.8  815.3  815.8  815.3
   11.6  30141  -44.1  -82.7      1   0.04     80   30.6  818.5  819.0  818.5
   11.5  30198  -43.5  -82.4      1   0.04     81   31.0  822.5  823.0  822.6
   11.4  30248  -43.2  -82.2      1   0.04     81   31.2  825.8  826.3  825.8
   11.3  30313  -42.6  -81.8      1   0.04     81   31.3  829.8  830.3  829.8
   11.2  30378  -42.6  -81.8      1   0.04     82   31.3  831.9  832.5  831.9
   11.1  30433  -42.7  -81.7      1   0.05     83   31.3  833.9  834.5  833.9
   11.0  30501  -42.5  -81.6      1   0.05     84   31.4  836.7  837.3  836.7
   10.9  30552  -42.5  -81.6      1   0.05     83   31.8  838.8  839.4  838.8
   10.8  30622  -42.1  -81.4      1   0.05     80   32.9  842.5  843.1  842.5
   10.7  30682  -41.8  -81.2      1   0.05     78   34.1  845.9  846.5  845.9
   10.6  30739  -41.9  -81.2      1   0.05     76   35.2  847.6  848.2  847.6
   10.5  30810  -42.4  -81.3      1   0.05     74   36.7  848.3  849.0  848.4
   10.4  30869  -42.6  -81.4      1   0.05     72   37.7  849.7  850.3  849.7
   10.3  30939  -42.9  -81.5      1   0.05     71   38.7  850.9  851.5  850.9
   10.2  30997  -43.2  -81.7      1   0.05     71   38.8  852.4  853.0  852.4
   10.1  31063  -42.8  -81.6      1   0.05     73   38.1  856.1  856.7  856.1
   10.0  31162  -43.0  -81.7      1   0.05     76   36.5  857.8  858.5  857.9
    9.9  31204  -43.1  -81.8      1   0.05     78   35.5  859.8  860.5  859.8
    9.8  31274  -43.0  -81.8      1   0.05     82   34.3  862.8  863.4  862.8
    9.7  31334  -42.9  -81.8      1   0.05     83   34.4  865.7  866.4  865.7
    9.6  31411  -42.8  -81.8      1   0.05     82   36.0  868.7  869.4  868.8
    9.5  31473  -42.8  -81.8      1   0.05     79   37.8  871.3  871.9  871.3
    9.4  31551  -42.8  -81.9      1   0.05     77   38.8  874.0  874.7  874.0
    9.3  31617  -42.2  -81.7      1   0.05     78   37.4  879.0  879.7  879.1
    9.2  31691  -41.7  -81.6      1   0.06     82   34.6  883.7  884.4  883.7
    9.1  31771  -41.4  -81.5      1   0.06     88   32.7  887.4  888.2  887.5
    9.0  31839  -41.2  -81.4      1   0.06     90   32.7  891.2  892.0  891.2
    8.9  31912  -41.1  -81.2      1   0.06     88   34.2  894.2  895.0  894.2
    8.8  31999  -41.6  -81.2      1   0.06     85   36.7  895.3  896.1  895.3
    8.7  32077  -42.0  -81.4      1   0.06     84   38.5  896.5  897.3  896.5
    8.6  32144  -41.9  -81.4      1   0.06     85   39.4  900.0  900.9  900.1
    8.5  32230  -42.0  -81.6      1   0.06     87   40.4  902.7  903.6  902.8
    8.4  32306  -41.9  -81.7      1   0.06     90   40.9  906.2  907.0  906.2
    8.3  32396  -41.5  -81.6      1   0.06     92   40.7  910.8  911.6  910.8
    8.2  32471  -41.0  -81.5      0   0.06     94   39.9  915.8  916.7  915.9
    8.1  32560  -40.6  -81.4      0   0.07     96   39.2  920.6  921.6  920.7
    8.0  32635  -40.5  -81.3      0   0.07     95   38.7  924.3  925.3  924.4
    7.9  32723  -40.5  -81.2      0   0.07     92   38.1  927.8  928.7  927.8
    7.8  32812  -40.1  -81.1      0   0.07     89   37.6  932.6  933.6  932.7
    7.7  32901  -39.9  -81.1      0   0.07     87   37.2  936.8  937.9  936.9
    7.6  32989  -39.9  -81.0      0   0.07     84   36.8  940.5  941.5  940.5
    7.5  33077  -39.9  -81.0      0   0.08     81   36.6  944.0  945.1  944.1
    7.4  33172  -39.8  -81.0      0   0.08     80   36.7  947.9  949.0  947.9
    7.3  33253  -39.4  -80.9      0   0.08     79   37.3  953.2  954.3  953.3
    7.2  33348  -39.6  -80.8      0   0.08     79   38.3  956.2  957.4  956.3
    7.1  33443  -40.0  -81.0      0   0.08     79   39.3  958.6  959.7  958.6
    7.0  33537  -39.1  -80.7      0   0.09     79   40.2  966.0  967.2  966.0
    6.9  33643  -38.0  -80.0      0   0.10     79   41.3  974.4  975.8  974.5
    6.8  33738  -37.7  -79.8      0   0.10     79   42.2  979.9  981.4  980.0
    6.7  33844  -37.2  -79.5      0   0.11     79   43.3  985.9  987.5  986.0
    6.6  33939  -36.8  -79.2      0   0.11     78   44.2  991.9  993.6  992.0
    6.5  34046  -36.5  -79.0      0   0.12     78   45.0  997.7  999.5  997.7
    6.4  34156  -36.1  -78.7      0   0.13     79   43.7 1004.0 1005.9 1004.0
    6.3  34260  -36.2  -78.8      0   0.13     82   41.8 1007.8 1009.7 1007.8
    6.2  34371  -36.0  -78.7      0   0.13     83   41.7 1013.5 1015.5 1013.6
    6.1  34481  -35.5  -78.4      0   0.14     83   42.7 1020.1 1022.2 1020.2
    6.0  34596  -35.4  -78.3      0   0.15     82   44.0 1025.5 1027.7 1025.5
    5.9  34725  -35.9  -78.6      0   0.14     81   45.2 1028.1 1030.2 1028.2
    5.8  34833  -36.2  -78.8      0   0.14     81   47.0 1031.9 1034.0 1032.0
    5.7  34953  -36.4  -78.9      0   0.14     82   48.4 1036.4 1038.5 1036.5
