Latitude: 22.312 Longitude: 114.17
-----------------------------------------------------------------------------
   PRES   HGHT   TEMP   DWPT   RELH   MIXR   DRCT   SPED   THTA   THTE   THTV
    hPa      m      C      C      %   g/kg    deg    m/s      K      K      K 
-----------------------------------------------------------------------------
 1002.9     66   26.9   24.2     85  19.27    250    0.9  299.8  356.5  303.2
 1001.3     80   26.5   24.1     87  19.21    265    2.8  299.5  355.9  302.9
 1000.1     90   26.4   24.0     87  19.15    265    3.3  299.5  355.7  302.9
 1000.0     91   26.4   24.0     87  19.13    263    3.5  299.5  355.6  302.9
  999.3     98   26.3   23.9     87  19.04    263    3.5  299.5  355.4  302.9
  998.6    104   26.2   23.7     86  18.82    262    3.8  299.5  354.7  302.8
  997.9    110   26.1   23.4     85  18.47    260    4.1  299.5  353.6  302.8
  997.1    117   26.1   23.3     85  18.39    258    4.3  299.5  353.5  302.8
  996.4    123   26.1   23.3     85  18.43    257    4.5  299.5  353.6  302.8
  995.6    130   26.0   23.4     85  18.48    255    4.7  299.5  353.8  302.8
  994.8    137   25.9   23.6     87  18.71    254    4.9  299.5  354.4  302.8
  993.8    146   25.8   23.6     88  18.78    252    5.0  299.5  354.6  302.8
  992.8    155   25.7   23.5     88  18.70    251    5.2  299.5  354.4  302.8
  992.0    163   25.7   23.6     88  18.82    251    5.3  299.5  354.7  302.9
  991.3    169   25.6   23.5     88  18.72    251    5.5  299.5  354.5  302.9
  990.6    175   25.6   23.3     87  18.44    251    5.7  299.6  353.7  302.9
  989.8    182   25.6   23.3     87  18.48    252    5.8  299.6  353.9  302.9
  989.1    188   25.6   23.3     87  18.50    253    6.0  299.6  354.0  302.9
  988.6    193   25.5   23.3     88  18.55    255    6.1  299.7  354.2  303.0
  988.1    197   25.5   23.4     88  18.60    257    6.3  299.7  354.3  303.0
  987.7    201   25.5   23.2     88  18.48    259    6.4  299.7  353.9  303.0
  987.1    207   25.4   23.2     88  18.45    261    6.5  299.7  353.9  303.0
  986.4    212   25.4   23.2     87  18.41    264    6.6  299.7  353.8  303.0
  985.8    218   25.5   23.0     86  18.26    266    6.7  299.8  353.5  303.1
  985.1    224   25.6   23.0     86  18.21    268    6.8  300.0  353.5  303.2
  984.2    232   25.5   22.9     86  18.20    270    6.9  300.0  353.6  303.3
  983.4    239   25.4   22.9     86  18.14    271    6.9  300.0  353.4  303.3
  982.6    247   25.4   22.9     86  18.18    273    7.0  300.0  353.5  303.3
  981.7    254   25.3   22.9     87  18.24    274    7.0  300.1  353.7  303.3
  980.9    262   25.3   22.9     87  18.22    275    7.0  300.1  353.6  303.3
  979.9    270   25.2   22.9     87  18.25    275    7.0  300.1  353.7  303.3
  979.0    279   25.1   22.9     88  18.23    275    7.0  300.0  353.7  303.3
  978.1    287   25.0   22.7     87  18.09    275    7.0  300.0  353.2  303.3
  977.1    296   24.9   22.7     88  18.08    274    6.9  300.0  353.2  303.3
  976.1    305   24.9   22.8     88  18.16    273    6.8  300.1  353.5  303.3
  975.2    313   24.8   22.7     88  18.10    272    6.7  300.1  353.4  303.3
  974.3    322   24.8   22.6     88  18.04    270    6.6  300.1  353.2  303.4
  973.3    330   24.8   22.6     88  18.01    268    6.4  300.2  353.3  303.5
  972.3    340   24.7   22.6     88  17.99    266    6.3  300.3  353.2  303.5
  971.2    350   24.7   22.5     88  17.95    264    6.1  300.3  353.2  303.5
  970.1    360   24.6   22.6     88  18.04    261    5.9  300.4  353.5  303.6
  969.0    370   24.5   22.6     89  18.05    259    5.7  300.3  353.5  303.6
  967.9    379   24.4   22.5     89  18.00    256    5.5  300.4  353.4  303.6
  967.0    388   24.4   22.5     89  18.02    254    5.3  300.4  353.5  303.6
  965.9    397   24.4   22.4     89  17.96    251    5.2  300.5  353.4  303.7
  964.8    407   24.3   22.4     89  17.94    249    5.1  300.5  353.4  303.8
  963.9    416   24.3   22.4     89  17.97    247    5.0  300.6  353.5  303.8
  962.9    425   24.3   22.4     89  17.98    246    5.0  300.6  353.6  303.9
  961.6    437   24.2   22.3     89  17.96    244    5.1  300.7  353.6  303.9
  960.4    448   24.1   22.3     90  17.94    243    5.2  300.7  353.6  303.9
  959.4    457   24.1   22.3     90  17.93    242    5.3  300.8  353.6  304.0
  958.3    467   24.0   22.3     90  18.00    242    5.6  300.8  353.8  304.0
  957.1    479   23.9   22.3     91  17.99    241    5.9  300.8  353.8  304.0
  955.9    489   23.7   22.3     92  18.05    241    6.3  300.7  354.0  304.0
  955.0    497   23.6   22.4     93  18.09    241    6.7  300.7  354.0  303.9
  953.9    507   23.4   22.3     93  18.06    240    7.1  300.6  353.8  303.8
  952.8    518   23.4   22.3     93  18.02    240    7.6  300.6  353.8  303.9
  951.8    527   23.2   22.2     94  18.00    241    8.0  300.6  353.7  303.8
  950.9    535   23.2   22.2     94  17.96    241    8.5  300.6  353.6  303.9
  949.8    545   23.3   22.1     93  17.95    241    8.9  300.8  353.7  304.0
  948.7    556   23.3   22.1     93  17.91    242    9.3  301.0  353.9  304.2
  947.5    566   23.3   22.0     92  17.87    243    9.7  301.1  353.9  304.3
  946.5    576   23.4   22.0     92  17.88    244   10.0  301.2  354.0  304.4
  945.5    585   23.4   22.0     92  17.93    245   10.2  301.3  354.3  304.5
  944.5    594   23.3   22.0     92  17.94    247   10.5  301.4  354.4  304.6
  943.6    603   23.3   22.1     93  17.98    248   10.7  301.4  354.5  304.6
  942.7    611   23.2   22.0     93  17.98    250   10.8  301.4  354.6  304.7
  941.6    621   23.2   22.0     93  17.96    251   10.9  301.5  354.6  304.7
  940.5    631   23.1   21.9     93  17.89    253   11.0  301.5  354.5  304.7
  939.5    641   23.1   21.8     93  17.82    254   11.1  301.5  354.3  304.7
  938.8    648   23.1   21.8     93  17.77    256   11.1  301.6  354.2  304.8
  938.0    655   23.1   21.7     92  17.71    257   11.1  301.7  354.1  304.9
  937.2    663   23.1   21.7     92  17.67    258   11.1  301.8  354.1  304.9
  936.3    671   23.1   21.7     92  17.67    260   11.0  301.9  354.2  305.0
  935.4    680   23.1   21.6     91  17.62    261   11.0  302.0  354.2  305.1
  934.5    688   23.1   21.6     91  17.60    261   10.9  302.1  354.2  305.2
  933.6    696   23.2   21.2     89  17.24    262   10.8  302.2  353.4  305.3
  932.7    705   23.6   20.7     84  16.67    263   10.8  302.7  352.3  305.7
  931.7    714   23.8   20.3     81  16.32    263   10.7  303.1  351.7  306.0
  930.7    724   23.9   20.2     80  16.27    263   10.7  303.2  351.7  306.2
  929.8    732   23.9   20.3     80  16.32    263   10.7  303.3  351.9  306.2
  929.0    740   23.8   20.3     80  16.33    263   10.7  303.3  352.0  306.3
  928.1    748   23.8   20.3     81  16.42    262   10.8  303.3  352.3  306.3
  927.2    757   23.7   20.4     82  16.45    261   10.9  303.3  352.4  306.3
  926.3    765   23.6   20.4     82  16.47    260   11.0  303.3  352.4  306.3
  925.4    774   23.5   20.4     83  16.53    258   11.1  303.3  352.6  306.3
  925.0    777   23.5   20.4     83  16.49    257   11.2  303.3  352.5  306.3
  924.2    785   23.5   20.3     82  16.41    257   11.2  303.4  352.3  306.4
  923.1    796   23.4   20.2     82  16.31    255   11.3  303.4  352.0  306.4
  922.1    805   23.3   20.2     83  16.36    254   11.4  303.4  352.2  306.3
  921.3    813   23.2   20.2     83  16.36    252   11.5  303.4  352.2  306.4
  920.5    820   23.2   20.1     83  16.34    251   11.5  303.4  352.1  306.4
  919.7    828   23.1   20.1     83  16.34    250   11.6  303.4  352.1  306.4
  918.8    836   23.0   20.1     83  16.33    249   11.6  303.4  352.1  306.4
  917.9    845   23.0   20.1     84  16.34    249   11.5  303.5  352.2  306.4
  917.0    853   22.9   20.1     84  16.35    248   11.5  303.5  352.2  306.4
  916.2    862   22.8   20.0     84  16.31    248   11.4  303.5  352.2  306.4
  915.2    870   22.8   20.0     84  16.30    247   11.3  303.5  352.2  306.5
  914.2    880   22.7   20.0     85  16.34    247   11.3  303.6  352.3  306.5
  913.0    892   22.6   20.1     86  16.42    247   11.3  303.6  352.6  306.5
  911.6    905   22.5   20.0     86  16.31    247   11.3  303.6  352.2  306.5
  910.5    916   22.4   19.8     85  16.15    247   11.3  303.6  351.8  306.5
  909.5    925   22.4   19.8     85  16.15    247   11.5  303.6  351.9  306.6
  908.5    935   22.3   19.9     86  16.34    247   11.6  303.7  352.4  306.6
  907.5    945   22.2   19.9     87  16.30    247   11.8  303.6  352.3  306.6
  906.5    954   22.1   19.9     88  16.36    247   12.1  303.6  352.5  306.6
  905.5    963   22.0   19.9     88  16.33    247   12.4  303.6  352.4  306.6
  904.5    973   21.9   19.7     88  16.20    247   12.8  303.6  352.0  306.6
  903.6    982   21.8   19.7     88  16.24    247   13.2  303.6  352.1  306.6
  902.7    991   21.8   19.8     88  16.28    247   13.5  303.7  352.3  306.6
  901.8    999   21.7   19.7     88  16.23    248   14.0  303.7  352.2  306.7
  901.0   1007   21.6   19.7     89  16.27    248   14.4  303.7  352.3  306.7
  900.1   1015   21.6   19.6     89  16.17    248   14.8  303.7  352.0  306.7
  899.3   1023   21.5   19.6     89  16.19    249   15.1  303.7  352.1  306.7
  898.4   1033   21.4   19.7     90  16.24    249   15.5  303.7  352.2  306.7
  897.3   1043   21.3   19.6     90  16.21    250   15.8  303.8  352.2  306.7
  896.4   1052   21.3   19.6     90  16.23    250   16.1  303.8  352.2  306.7
  895.5   1061   21.2   19.6     90  16.22    251   16.4  303.8  352.3  306.8
  894.6   1069   21.2   19.5     90  16.19    251   16.6  303.9  352.3  306.8
  893.8   1077   21.2   19.5     90  16.15    252   16.7  303.9  352.2  306.8
  892.9   1086   21.2   19.3     89  15.93    252   16.8  304.0  351.7  306.9
  892.1   1094   21.3   19.1     87  15.80    252   16.9  304.2  351.5  307.1
  891.2   1102   21.4   18.9     86  15.62    252   16.8  304.4  351.2  307.2
  890.4   1110   21.4   18.9     86  15.61    251   16.8  304.5  351.2  307.3
  889.5   1119   21.4   18.7     85  15.43    251   16.6  304.6  350.8  307.4
  888.7   1127   21.4   18.6     84  15.31    250   16.5  304.7  350.6  307.5
  887.9   1135   21.4   18.6     84  15.38    249   16.3  304.7  350.8  307.5
  887.1   1143   21.3   18.4     83  15.22    248   16.0  304.7  350.4  307.5
  886.2   1151   21.3   18.3     83  15.13    247   15.7  304.8  350.2  307.6
  885.4   1159   21.3   18.2     82  15.05    246   15.4  304.9  350.1  307.6
  884.6   1167   21.3   18.2     82  14.99    245   15.1  304.9  349.9  307.7
  883.8   1175   21.3   18.1     82  14.92    244   14.7  305.0  349.8  307.7
  883.0   1183   21.3   18.0     81  14.84    243   14.4  305.1  349.7  307.8
  882.3   1190   21.3   17.8     80  14.72    243   14.0  305.2  349.5  307.9
  881.4   1199   21.4   17.8     80  14.69    242   13.7  305.3  349.5  308.0
  880.3   1209   21.3   17.7     80  14.64    242   13.3  305.4  349.4  308.1
  879.4   1219   21.3   17.5     79  14.45    241   13.0  305.5  349.0  308.1
  878.6   1226   21.3   17.3     78  14.30    241   12.7  305.5  348.6  308.2
  877.7   1235   21.3   17.2     77  14.17    242   12.4  305.7  348.4  308.3
  876.8   1244   21.3   17.2     77  14.23    242   12.1  305.8  348.6  308.4
  876.0   1252   21.3   17.2     78  14.25    243   11.9  305.8  348.7  308.4
  875.1   1261   21.2   17.1     77  14.19    243   11.7  305.8  348.6  308.4
  874.3   1268   21.3   17.0     77  14.08    244   11.5  305.9  348.4  308.5
  873.6   1276   21.3   16.9     76  14.00    245   11.4  306.0  348.2  308.6
  872.7   1285   21.2   16.7     76  13.88    246   11.3  306.1  348.0  308.6
  871.9   1293   21.2   16.7     76  13.86    247   11.2  306.1  348.0  308.6
  871.0   1302   21.1   16.7     76  13.86    248   11.2  306.1  348.0  308.7
  870.1   1311   21.1   16.6     76  13.80    250   11.3  306.1  347.8  308.7
  869.3   1319   21.0   16.6     76  13.77    251   11.4  306.1  347.7  308.7
  868.5   1327   20.9   16.6     76  13.79    252   11.6  306.2  347.8  308.7
  867.7   1335   20.9   16.6     77  13.86    252   11.8  306.2  348.0  308.7
  866.9   1343   20.8   16.7     77  13.93    253   12.0  306.2  348.2  308.7
  866.1   1351   20.7   16.7     78  13.94    254   12.3  306.2  348.3  308.8
  865.3   1359   20.6   16.7     78  13.92    254   12.6  306.2  348.2  308.7
  864.5   1367   20.6   16.6     78  13.86    254   12.9  306.2  348.0  308.7
  863.6   1376   20.5   16.6     78  13.89    254   13.1  306.2  348.2  308.8
  862.8   1384   20.4   16.6     79  13.90    254   13.4  306.2  348.2  308.8
  861.9   1393   20.3   16.6     79  13.88    254   13.7  306.2  348.2  308.8
  861.1   1401   20.3   16.6     79  13.90    253   13.9  306.2  348.2  308.8
  860.2   1410   20.2   16.5     79  13.87    253   14.1  306.2  348.1  308.8
  859.3   1419   20.1   16.5     79  13.83    252   14.3  306.3  348.1  308.8
  858.5   1427   20.1   16.4     80  13.83    252   14.4  306.3  348.1  308.8
  857.7   1435   20.0   16.4     80  13.78    251   14.5  306.3  347.9  308.8
  856.9   1443   19.9   16.3     79  13.72    250   14.7  306.3  347.8  308.8
  856.1   1452   19.9   16.2     79  13.67    250   14.8  306.3  347.7  308.8
  855.2   1461   19.8   16.2     80  13.69    250   14.9  306.4  347.7  308.9
  854.2   1470   19.8   16.2     80  13.69    249   14.9  306.4  347.8  308.9
  853.3   1479   19.7   16.2     80  13.72    249   15.0  306.4  347.9  308.9
  852.5   1488   19.6   16.3     81  13.78    249   15.1  306.4  348.1  309.0
  851.7   1496   19.6   16.3     81  13.79    248   15.1  306.4  348.1  309.0
  850.8   1505   19.5   16.2     81  13.73    248   15.1  306.5  348.0  309.0
  850.0   1513   19.5   16.1     81  13.64    248   15.1  306.5  347.8  309.0
  849.9   1514   19.4   16.0     81  13.62    248   15.1  306.5  347.7  309.0
  849.0   1523   19.4   15.8     80  13.41    248   15.1  306.6  347.1  309.0
  848.2   1531   19.4   15.6     79  13.29    248   15.1  306.6  346.8  309.1
  847.5   1539   19.3   15.7     79  13.33    248   15.0  306.6  347.0  309.1
  846.7   1547   19.3   15.7     80  13.38    248   15.0  306.7  347.2  309.1
  846.0   1554   19.2   15.7     80  13.40    248   14.9  306.7  347.2  309.1
  845.1   1563   19.1   15.6     80  13.34    248   14.8  306.7  347.1  309.1
  844.1   1573   19.1   15.6     80  13.32    248   14.8  306.7  347.1  309.2
  843.2   1582   19.0   15.6     81  13.33    248   14.7  306.7  347.1  309.2
  842.3   1592   19.0   15.5     80  13.23    247   14.6  306.8  346.9  309.2
  841.5   1600   19.0   15.1     78  12.97    247   14.6  306.9  346.2  309.3
  840.8   1607   18.9   15.1     78  12.93    247   14.5  306.9  346.1  309.3
  840.1   1615   18.9   15.1     78  12.94    247   14.4  307.0  346.2  309.3
  839.2   1624   18.9   15.1     79  12.96    247   14.3  307.0  346.3  309.4
  838.3   1633   18.9   15.1     79  12.95    247   14.2  307.1  346.4  309.5
  837.5   1641   18.8   15.0     79  12.92    247   14.1  307.1  346.3  309.5
  836.7   1649   18.8   14.9     78  12.85    247   13.9  307.2  346.2  309.5
  835.9   1658   18.7   14.8     78  12.81    248   13.8  307.2  346.1  309.6
  835.0   1667   18.7   14.8     78  12.79    248   13.7  307.3  346.1  309.6
  834.3   1674   18.6   14.7     78  12.75    249   13.6  307.3  346.0  309.6
  833.6   1681   18.6   14.7     78  12.71    250   13.5  307.3  345.9  309.7
  832.8   1690   18.6   14.7     78  12.71    251   13.6  307.4  346.0  309.7
  831.9   1698   18.5   14.7     78  12.72    252   13.6  307.4  346.0  309.7
  831.2   1706   18.4   14.7     79  12.74    252   13.8  307.4  346.1  309.7
  830.4   1714   18.4   14.7     79  12.75    253   14.0  307.4  346.1  309.7
  829.7   1722   18.3   14.7     79  12.76    253   14.2  307.4  346.2  309.8
  828.8   1731   18.2   14.7     80  12.78    253   14.4  307.4  346.3  309.8
  827.9   1740   18.2   14.6     80  12.74    252   14.7  307.5  346.2  309.8
  827.1   1748   18.2   14.6     80  12.73    252   14.9  307.5  346.2  309.9
  826.3   1756   18.1   14.6     80  12.76    251   15.1  307.6  346.4  309.9
  825.6   1764   18.1   14.7     81  12.86    250   15.2  307.6  346.7  310.0
  824.9   1772   18.0   14.7     81  12.84    249   15.2  307.6  346.6  310.0
  824.2   1779   17.9   14.7     82  12.90    248   15.2  307.6  346.8  310.0
  823.3   1787   17.8   14.7     82  12.91    247   15.1  307.6  346.9  310.0
  822.5   1797   17.8   14.8     83  12.95    246   15.0  307.6  347.0  310.0
  821.7   1805   17.7   14.8     83  12.99    245   14.8  307.6  347.1  310.0
  820.9   1813   17.6   14.7     83  12.88    244   14.5  307.6  346.8  310.0
  820.1   1821   17.6   14.6     83  12.81    244   14.2  307.6  346.6  310.0
  819.4   1829   17.5   14.6     83  12.86    244   13.9  307.6  346.7  310.0
  818.6   1837   17.4   14.6     84  12.86    244   13.6  307.6  346.7  310.0
  817.8   1845   17.3   14.7     84  12.93    245   13.4  307.7  347.0  310.0
  817.0   1854   17.3   14.7     85  12.96    246   13.2  307.7  347.1  310.1
  816.2   1862   17.2   14.7     85  12.97    247   13.0  307.7  347.1  310.1
  815.4   1870   17.1   14.6     85  12.96    248   13.0  307.7  347.1  310.1
  814.7   1878   17.0   14.7     86  13.02    250   13.0  307.7  347.2  310.1
  814.0   1886   16.9   14.7     87  13.04    251   13.1  307.7  347.3  310.1
  813.2   1894   16.9   14.7     87  13.05    252   13.3  307.7  347.3  310.1
  812.3   1903   16.8   14.7     88  13.08    252   13.5  307.7  347.4  310.1
  811.5   1911   16.7   14.7     88  13.07    252   13.8  307.7  347.4  310.1
  810.7   1920   16.6   14.7     88  13.08    252   14.2  307.7  347.4  310.1
  810.0   1928   16.6   14.7     89  13.07    252   14.5  307.7  347.4  310.1
  809.1   1936   16.5   14.7     89  13.09    252   14.8  307.7  347.5  310.1
  808.3   1945   16.4   14.7     89  13.12    251   15.1  307.7  347.6  310.2
  807.5   1954   16.4   14.7     90  13.11    250   15.3  307.8  347.6  310.2
  806.7   1963   16.3   14.6     90  13.08    250   15.5  307.8  347.6  310.2
  805.9   1971   16.3   14.6     90  13.09    249   15.6  307.8  347.6  310.2
  805.1   1980   16.2   14.6     90  13.07    248   15.7  307.9  347.6  310.3
  804.3   1988   16.2   14.6     90  13.09    248   15.7  307.9  347.7  310.3
  803.6   1995   16.1   14.6     90  13.08    248   15.7  307.9  347.7  310.3
  802.9   2003   16.1   14.6     91  13.09    248   15.7  308.0  347.8  310.4
  802.2   2011   16.0   14.6     91  13.14    248   15.6  308.0  348.0  310.4
  801.4   2019   16.0   14.7     92  13.22    248   15.6  308.0  348.2  310.4
  800.6   2027   15.9   14.6     92  13.19    248   15.5  308.0  348.1  310.4
  799.8   2035   15.8   14.5     92  13.07    248   15.5  308.0  347.8  310.4
  799.0   2044   15.8   14.2     90  12.87    248   15.6  308.1  347.3  310.4
  798.2   2053   15.8   14.1     90  12.81    248   15.6  308.1  347.2  310.5
  797.4   2062   15.8   14.2     91  12.91    248   15.7  308.2  347.5  310.6
  796.5   2071   15.7   14.3     91  12.94    248   15.8  308.3  347.7  310.7
  795.7   2079   15.7   14.3     92  13.03    247   15.9  308.3  348.0  310.7
  795.0   2087   15.6   14.4     92  13.06    246   16.0  308.3  348.1  310.7
  794.3   2095   15.6   14.4     93  13.07    246   16.1  308.4  348.2  310.8
  793.5   2103   15.5   14.4     93  13.09    245   16.2  308.4  348.3  310.8
  792.6   2112   15.5   14.4     93  13.09    244   16.2  308.4  348.3  310.9
  791.9   2120   15.4   14.1     92  12.91    243   16.3  308.5  347.9  310.9
  791.2   2127   15.4   14.0     91  12.79    243   16.4  308.5  347.6  310.9
  790.5   2135   15.4   14.0     91  12.83    242   16.4  308.6  347.7  311.0
  789.8   2143   15.3   14.1     92  12.88    242   16.4  308.6  347.9  311.0
  789.1   2150   15.3   14.1     93  12.90    242   16.4  308.6  348.0  311.0
  788.4   2158   15.2   14.0     93  12.89    243   16.4  308.6  348.0  311.0
  787.7   2165   15.2   14.1     93  12.95    244   16.4  308.7  348.2  311.1
  787.0   2173   15.1   14.2     94  13.08    245   16.4  308.7  348.7  311.1
  786.3   2181   15.1   14.0     93  12.91    246   16.3  308.8  348.2  311.1
  785.5   2189   15.1   13.2     88  12.27    248   16.2  308.9  346.4  311.1
  784.8   2197   15.1   13.1     88  12.14    249   16.1  308.9  346.1  311.2
  784.0   2206   15.1   12.9     87  12.06    251   16.0  309.0  345.8  311.2
  783.2   2215   15.0   12.9     87  12.03    253   15.9  309.0  345.8  311.2
  782.4   2223   15.0   12.7     86  11.89    255   15.8  309.0  345.4  311.2
  781.6   2231   14.9   12.6     86  11.81    256   15.7  309.1  345.2  311.3
  780.9   2239   14.9   12.5     86  11.75    258   15.6  309.1  345.1  311.3
  780.1   2248   14.9   12.5     85  11.73    259   15.5  309.2  345.2  311.4
  779.4   2256   14.8   12.5     86  11.75    260   15.5  309.2  345.3  311.4
  778.7   2263   14.8   12.5     86  11.76    261   15.4  309.3  345.3  311.5
  777.9   2271   14.7   12.5     86  11.78    262   15.5  309.3  345.4  311.5
  777.2   2280   14.7   12.5     87  11.79    263   15.5  309.3  345.4  311.5
  776.4   2288   14.6   12.5     87  11.81    263   15.6  309.3  345.5  311.5
  775.6   2297   14.5   12.5     88  11.84    263   15.8  309.4  345.7  311.6
  774.8   2306   14.5   12.5     88  11.84    263   16.0  309.4  345.7  311.6
  774.0   2314   14.5   12.5     88  11.84    263   16.2  309.5  345.8  311.7
  773.3   2322   14.4   12.5     88  11.86    262   16.4  309.5  345.9  311.7
  772.7   2329   14.3   12.5     89  11.88    262   16.6  309.5  345.9  311.7
  772.0   2337   14.3   12.5     89  11.90    261   16.8  309.5  346.0  311.7
  771.2   2345   14.2   12.5     90  11.93    261   17.0  309.5  346.0  311.7
  770.5   2353   14.1   12.5     90  11.92    260   17.2  309.5  346.0  311.7
  769.8   2361   14.0   12.5     90  11.92    259   17.3  309.5  346.0  311.7
  769.1   2368   14.0   12.5     91  11.91    258   17.3  309.5  346.0  311.7
  768.4   2375   13.9   12.5     91  11.92    257   17.4  309.5  346.0  311.7
  767.8   2383   13.8   12.4     91  11.91    256   17.3  309.5  346.0  311.7
  767.1   2390   13.8   12.4     92  11.91    255   17.2  309.5  346.0  311.7
  766.4   2397   13.7   12.5     92  11.94    255   17.1  309.5  346.1  311.7
  765.8   2405   13.6   12.5     93  11.99    254   16.9  309.5  346.3  311.7
  765.0   2413   13.6   12.6     94  12.12    253   16.6  309.6  346.7  311.8
  764.3   2421   13.6   12.8     95  12.22    252   16.3  309.7  347.1  311.9
  763.6   2429   13.6   12.9     95  12.33    252   16.0  309.7  347.6  312.0
  762.8   2438   13.6   13.0     96  12.46    251   15.6  309.8  348.1  312.1
  761.9   2447   13.5   13.0     96  12.42    251   15.2  309.8  348.0  312.2
  761.0   2457   13.4   12.9     96  12.38    251   14.9  309.8  347.8  312.2
  760.3   2465   13.4   12.9     97  12.36    251   14.5  309.8  347.8  312.1
  759.6   2473   13.3   12.9     97  12.41    251   14.1  309.9  347.9  312.2
  758.9   2481   13.3   12.9     98  12.43    251   13.8  309.9  348.0  312.2
  758.1   2490   13.2   12.9     98  12.43    251   13.5  309.9  348.1  312.2
  757.3   2499   13.2   12.9     98  12.46    251   13.2  310.0  348.2  312.3
  756.4   2508   13.1   12.9     99  12.46    251   13.0  310.0  348.3  312.4
  755.7   2517   13.1   12.9     99  12.49    251   12.9  310.1  348.4  312.4
  754.9   2526   13.0   12.9     99  12.48    251   12.7  310.1  348.4  312.4
  754.1   2534   13.0   12.9    100  12.50    251   12.6  310.1  348.5  312.5
  753.4   2543   12.9   12.9    100  12.50    250   12.5  310.2  348.6  312.5
  752.5   2553   12.9   12.8     99  12.47    250   12.5  310.3  348.6  312.6
  751.5   2563   12.9   12.6     98  12.33    249   12.5  310.4  348.3  312.7
  750.8   2572   13.0   12.5     97  12.21    248   12.5  310.5  348.1  312.8
  750.0   2581   13.0   12.4     96  12.17    247   12.5  310.7  348.1  312.9
  749.2   2590   13.0   12.4     96  12.15    246   12.5  310.7  348.2  313.0
  748.3   2600   12.9   12.4     96  12.16    245   12.6  310.8  348.3  313.1
  747.5   2609   12.9   12.3     97  12.15    243   12.7  310.8  348.3  313.1
  746.7   2618   12.8   12.3     97  12.15    242   12.8  310.8  348.3  313.1
  745.8   2628   12.8   12.2     96  12.10    240   12.9  311.0  348.3  313.2
  744.9   2639   12.8   12.0     95  11.93    239   13.1  311.1  347.9  313.3
  743.9   2649   13.0   11.7     92  11.74    238   13.3  311.3  347.6  313.5
  743.0   2660   13.1   11.4     89  11.47    236   13.4  311.6  347.1  313.7
  742.0   2671   13.3   10.9     86  11.14    235   13.6  311.9  346.5  314.0
  741.1   2681   13.5   10.7     83  10.98    234   13.8  312.3  346.4  314.3
  740.3   2690   13.6   10.6     82  10.93    233   13.9  312.4  346.4  314.5
  739.6   2699   13.6   10.6     82  10.94    232   14.1  312.5  346.5  314.6
  738.6   2709   13.5   10.6     82  10.91    231   14.1  312.6  346.5  314.6
  737.6   2721   13.4   10.5     82  10.87    231   14.2  312.6  346.4  314.6
  736.8   2731   13.4   10.3     82  10.77    230   14.2  312.6  346.2  314.7
  735.8   2742   13.4   10.0     80  10.52    229   14.2  312.7  345.5  314.7
  734.7   2754   13.3    9.8     79  10.39    229   14.2  312.9  345.3  314.8
  733.7   2766   13.3    9.7     79  10.34    228   14.1  313.0  345.2  314.9
  732.8   2776   13.2    9.8     79  10.41    228   14.0  313.0  345.5  314.9
  731.9   2787   13.2    9.7     79  10.38    228   13.9  313.1  345.5  315.0
  730.9   2798   13.2    9.7     79  10.40    227   13.8  313.2  345.7  315.2
  730.0   2808   13.2    9.8     80  10.51    227   13.7  313.3  346.1  315.2
  729.1   2819   13.1   10.0     81  10.64    227   13.5  313.3  346.5  315.3
  727.9   2833   13.0   10.1     82  10.71    227   13.4  313.3  346.8  315.3
  726.6   2848   12.9   10.0     82  10.66    227   13.2  313.4  346.7  315.4
  725.6   2860   12.8    9.9     83  10.61    227   13.1  313.4  346.5  315.4
  724.8   2869   12.7    9.9     83  10.65    227   12.9  313.4  346.6  315.4
  723.9   2879   12.6   10.1     85  10.80    228   12.8  313.4  347.1  315.4
  723.0   2890   12.5   10.2     86  10.87    228   12.6  313.4  347.3  315.4
  722.0   2902   12.4   10.1     86  10.84    229   12.4  313.4  347.2  315.4
  720.9   2914   12.4   10.0     85  10.79    230   12.3  313.5  347.2  315.6
  719.9   2926   12.4    9.9     85  10.72    231   12.1  313.7  347.2  315.7
  719.0   2937   12.4    9.9     84  10.71    231   12.0  313.8  347.3  315.8
  718.0   2948   12.4    9.9     85  10.73    232   11.8  313.8  347.4  315.9
  717.1   2959   12.3    9.9     85  10.72    233   11.7  313.9  347.4  315.9
  716.2   2969   12.2    9.8     85  10.72    234   11.5  313.9  347.5  315.9
  715.3   2980   12.1    9.8     86  10.72    235   11.4  313.9  347.5  316.0
  714.3   2991   12.0    9.8     86  10.74    236   11.3  314.0  347.6  316.0
  713.3   3003   11.9    9.8     87  10.71    237   11.3  314.0  347.5  316.0
  712.4   3014   11.9    9.7     87  10.67    237   11.2  314.0  347.4  316.0
  711.5   3024   11.8    9.6     87  10.65    238   11.2  314.0  347.4  316.0
  710.8   3033   11.7    9.7     88  10.68    238   11.2  314.0  347.4  316.0
  710.0   3042   11.6    9.7     89  10.74    238   11.2  314.0  347.6  316.0
  709.1   3052   11.5    9.8     89  10.79    237   11.2  314.0  347.8  316.1
  708.2   3064   11.4    9.8     90  10.83    237   11.2  314.1  347.9  316.1
  707.2   3075   11.4    9.8     90  10.80    236   11.2  314.1  347.9  316.2
  706.4   3085   11.3    9.8     91  10.84    235   11.1  314.1  348.0  316.2
  705.4   3097   11.2    9.8     91  10.88    234   11.1  314.1  348.2  316.2
  704.3   3110   11.1    9.8     92  10.86    233   11.0  314.2  348.2  316.2
  703.3   3122   11.0    9.7     92  10.84    232   10.9  314.2  348.2  316.2
  702.4   3133   10.9    9.8     93  10.88    231   10.7  314.2  348.3  316.3
  701.4   3144   10.8    9.8     93  10.92    230   10.5  314.3  348.5  316.3
  700.5   3156   10.8    9.8     94  10.91    229   10.3  314.3  348.5  316.4
  700.0   3161   10.7    9.7     93  10.88    228   10.1  314.3  348.4  316.4
  699.5   3167   10.7    9.7     93  10.84    228   10.1  314.4  348.4  316.4
  698.5   3179   10.7    9.6     93  10.85    228    9.8  314.5  348.6  316.6
  697.6   3190   10.7    9.7     93  10.87    228    9.6  314.7  348.8  316.7
  696.7   3201   10.7    9.5     93  10.80    228    9.4  314.7  348.6  316.8
  695.7   3213   10.6    9.5     93  10.82    229    9.2  314.8  348.7  316.8
  694.6   3226   10.6    9.4     93  10.74    229    9.1  314.8  348.6  316.9
  693.6   3238   10.5    9.2     92  10.64    230    9.0  314.9  348.3  316.9
  692.8   3248   10.4    9.2     92  10.63    231    9.0  314.9  348.3  316.9
  692.0   3258   10.4    9.1     92  10.56    231    9.0  315.0  348.1  317.0
  691.0   3269   10.3    8.9     91  10.43    232    9.1  315.0  347.8  317.0
  690.1   3281   10.3    8.7     90  10.29    232    9.2  315.2  347.5  317.1
  689.2   3291   10.3    8.7     89  10.28    233    9.4  315.3  347.6  317.2
  688.2   3303   10.3    8.8     90  10.39    233    9.6  315.4  348.1  317.3
  687.3   3314   10.2    8.7     90  10.32    233    9.7  315.4  348.0  317.4
  686.4   3325   10.2    8.5     89  10.24    232    9.9  315.5  347.8  317.5
  685.6   3335   10.1    8.6     90  10.31    232   10.0  315.5  348.0  317.5
  684.7   3345   10.0    8.7     92  10.37    231   10.1  315.5  348.2  317.5
  683.8   3356    9.9    8.4     90  10.18    231   10.2  315.6  347.6  317.5
  682.9   3368    9.9    8.1     88   9.98    230   10.2  315.6  347.1  317.5
  681.9   3379    9.8    8.0     88   9.96    229   10.1  315.7  347.1  317.6
  681.0   3390    9.8    8.1     89  10.00    228   10.0  315.8  347.3  317.7
  680.1   3402    9.7    8.2     90  10.07    227    9.9  315.8  347.6  317.7
  679.1   3414    9.6    8.1     90  10.05    226    9.7  315.9  347.6  317.8
  678.2   3426    9.6    7.9     89   9.95    225    9.5  315.9  347.4  317.8
  677.3   3436    9.6    7.9     89   9.91    224    9.3  316.0  347.3  317.9
  676.4   3447    9.5    7.9     90   9.97    223    9.1  316.0  347.5  317.9
  675.6   3458    9.4    7.9     90   9.93    221    8.9  316.0  347.4  317.9
  674.7   3469    9.3    7.8     90   9.89    220    8.8  316.0  347.3  317.9
  673.8   3479    9.2    7.8     91   9.91    219    8.6  316.0  347.4  317.9
  672.9   3491    9.1    7.8     92   9.94    219    8.5  316.0  347.4  317.9
  671.9   3503    9.0    7.8     92   9.93    218    8.4  316.1  347.5  318.0
  670.9   3515    8.9    7.7     92   9.87    218    8.3  316.1  347.4  318.0
  670.0   3526    8.9    7.6     92   9.86    218    8.2  316.2  347.4  318.1
  669.1   3537    8.7    7.8     94   9.98    219    8.2  316.2  347.7  318.1
  668.3   3548    8.6    7.8     95  10.02    220    8.2  316.1  347.8  318.1
  667.4   3559    8.5    7.6     94   9.91    221    8.1  316.2  347.5  318.1
  666.5   3570    8.5    7.4     93   9.78    222    8.2  316.3  347.2  318.1
  665.7   3579    8.4    7.4     93   9.74    224    8.2  316.3  347.1  318.1
  664.9   3589    8.4    7.4     93   9.75    226    8.3  316.3  347.2  318.2
  663.9   3602    8.3    7.2     93   9.67    228    8.4  316.4  347.0  318.2
  663.0   3614    8.2    7.1     93   9.61    230    8.6  316.4  346.8  318.2
  662.1   3625    8.1    7.0     93   9.55    232    8.8  316.4  346.6  318.2
  661.2   3637    8.0    6.9     93   9.52    234    9.1  316.4  346.6  318.2
  660.3   3648    7.9    6.7     92   9.41    235    9.4  316.4  346.3  318.2
  659.4   3658    7.8    6.6     92   9.31    236    9.7  316.4  345.9  318.2
  658.6   3668    7.7    6.5     92   9.27    238   10.0  316.5  345.9  318.2
  658.0   3676    7.7    6.4     92   9.24    238   10.4  316.5  345.8  318.2
  657.4   3683    7.6    6.4     92   9.21    239   10.7  316.5  345.7  318.2
  656.7   3692    7.5    6.4     92   9.22    239   11.0  316.5  345.8  318.3
  656.1   3700    7.5    6.4     93   9.21    239   11.2  316.5  345.7  318.3
  655.5   3708    7.4    6.3     93   9.21    239   11.4  316.5  345.8  318.3
  654.8   3716    7.3    6.3     93   9.19    238   11.5  316.6  345.7  318.3
  654.1   3725    7.3    6.3     93   9.20    238   11.5  316.6  345.8  318.3
  653.5   3733    7.2    6.3     94   9.22    238   11.4  316.6  345.8  318.3
  652.9   3741    7.1    6.4     95   9.26    237   11.3  316.6  345.9  318.3
  652.2   3749    7.0    6.3     95   9.20    237   11.2  316.6  345.8  318.3
  651.6   3757    7.0    6.1     94   9.10    237   11.0  316.6  345.5  318.4
  650.9   3765    7.0    6.0     94   9.08    237   10.7  316.7  345.5  318.4
  650.2   3774    6.9    6.0     94   9.07    238   10.5  316.7  345.5  318.4
  649.5   3783    6.8    6.0     94   9.06    238   10.3  316.7  345.5  318.4
  648.8   3792    6.8    5.8     94   8.99    239   10.1  316.7  345.3  318.5
  648.1   3801    6.7    5.7     93   8.93    241   10.0  316.8  345.2  318.5
  647.4   3810    6.7    5.6     93   8.87    242    9.9  316.8  345.1  318.5
  646.8   3818    6.6    5.6     93   8.87    243    9.9  316.8  345.1  318.5
  646.2   3826    6.6    5.5     93   8.83    244    9.9  316.9  344.9  318.5
  645.5   3834    6.5    5.5     93   8.79    245   10.0  316.9  344.9  318.6
  644.8   3843    6.5    5.4     93   8.77    246   10.1  316.9  344.9  318.6
  644.2   3851    6.4    5.4     93   8.75    247   10.2  317.0  344.8  318.6
  643.5   3860    6.3    5.3     93   8.74    248   10.3  317.0  344.8  318.7
  642.9   3868    6.3    5.3     94   8.75    249   10.4  317.0  344.8  318.7
  642.2   3876    6.2    5.3     94   8.74    249   10.4  317.0  344.8  318.7
  641.6   3884    6.1    5.3     95   8.76    250   10.3  317.0  344.9  318.7
  641.1   3891    6.0    5.3     95   8.76    250   10.2  317.0  344.9  318.7
  640.5   3899    6.0    5.3     95   8.74    250   10.0  317.0  344.8  318.7
  639.8   3907    5.9    5.2     95   8.74    250    9.7  317.0  344.9  318.7
  639.2   3915    5.8    5.2     96   8.72    250    9.4  317.0  344.8  318.7
  638.6   3923    5.8    5.2     96   8.70    249    9.0  317.1  344.8  318.7
  638.0   3931    5.7    5.2     96   8.72    249    8.6  317.1  344.8  318.7
  637.4   3939    5.6    5.1     97   8.71    248    8.2  317.1  344.8  318.7
  636.7   3947    5.6    5.1     97   8.72    247    7.8  317.1  344.9  318.7
  636.1   3955    5.5    5.2     98   8.75    246    7.4  317.1  344.9  318.8
  635.5   3963    5.5    5.2     98   8.78    244    7.1  317.1  345.1  318.8
  634.8   3971    5.4    5.2     99   8.79    243    6.8  317.2  345.2  318.9
  634.2   3979    5.3    5.2     99   8.77    241    6.7  317.2  345.1  318.9
  633.7   3986    5.3    5.2     99   8.82    239    6.6  317.2  345.3  318.9
  633.1   3994    5.3    5.3    100   8.85    237    6.6  317.3  345.5  319.0
  632.5   4001    5.3    5.3    100   8.86    235    6.8  317.3  345.6  319.0
  631.9   4009    5.3    5.3    100   8.86    234    7.0  317.4  345.6  319.1
  631.4   4016    5.2    5.2    100   8.85    233    7.3  317.5  345.7  319.2
  630.8   4023    5.3    5.3    100   8.88    232    7.7  317.6  345.9  319.3
  630.2   4032    5.3    5.3    100   8.92    232    8.1  317.7  346.2  319.4
  629.3   4043    5.3    5.3    100   8.93    232    8.5  317.9  346.4  319.6
  628.2   4057    5.3    4.9     97   8.69    232    9.0  318.0  345.8  319.7
  627.1   4071    5.4    4.7     96   8.58    232    9.5  318.2  345.7  319.9
  626.3   4082    5.3    4.6     95   8.53    232   10.0  318.3  345.6  319.9
  625.6   4091    5.2    4.6     96   8.55    232   10.4  318.3  345.7  319.9
  624.9   4100    5.2    4.6     96   8.53    232   10.9  318.3  345.7  320.0
  624.2   4109    5.2    4.4     95   8.45    232   11.3  318.5  345.6  320.1
  623.6   4118    5.2    4.4     95   8.47    233   11.6  318.6  345.7  320.2
  622.9   4127    5.1    4.5     96   8.51    233   12.0  318.6  345.8  320.2
  622.3   4135    5.0    4.5     96   8.52    234   12.2  318.5  345.8  320.2
  621.7   4143    5.0    4.4     97   8.51    234   12.5  318.6  345.8  320.2
  621.1   4150    4.9    4.4     97   8.49    235   12.6  318.6  345.8  320.2
  620.6   4157    4.8    4.4     97   8.51    235   12.7  318.6  345.8  320.2
  620.0   4165    4.8    4.4     98   8.50    236   12.8  318.6  345.8  320.2
  619.4   4173    4.7    4.4     98   8.52    237   12.8  318.6  345.9  320.2
  618.9   4180    4.6    4.5     99   8.57    237   12.7  318.6  346.1  320.3
  618.3   4187    4.6    4.5     99   8.57    238   12.6  318.6  346.1  320.3
  617.7   4196    4.5    4.4     99   8.55    238   12.4  318.7  346.1  320.3
  617.1   4204    4.5    4.5    100   8.61    239   12.1  318.7  346.3  320.4
  616.5   4211    4.6    4.6    100   8.65    239   11.8  318.9  346.6  320.5
  615.9   4219    4.6    4.6    100   8.68    239   11.5  319.0  346.8  320.7
  615.4   4226    4.6    4.6    100   8.66    239   11.1  319.0  346.8  320.7
  614.8   4234    4.5    4.5    100   8.65    238   10.6  319.1  346.8  320.7
  614.2   4241    4.5    4.5    100   8.67    238   10.2  319.2  347.0  320.8
  613.7   4249    4.6    4.6    100   8.70    237    9.7  319.3  347.3  321.0
  613.1   4257    4.6    4.5    100   8.69    235    9.3  319.4  347.3  321.1
  612.5   4264    4.5    4.5    100   8.67    234    8.9  319.4  347.3  321.1
  611.9   4272    4.4    4.4    100   8.64    232    8.5  319.4  347.2  321.1
  611.4   4279    4.4    4.4    100   8.61    229    8.1  319.4  347.1  321.1
  610.8   4287    4.3    4.3    100   8.59    227    7.9  319.4  347.0  321.1
  610.3   4294    4.3    4.3    100   8.56    224    7.6  319.5  347.0  321.1
  609.7   4301    4.2    4.2    100   8.55    221    7.5  319.5  347.0  321.2
  609.2   4308    4.2    4.2    100   8.55    219    7.3  319.6  347.1  321.2
  608.7   4315    4.2    4.2    100   8.54    216    7.3  319.6  347.1  321.2
  608.3   4321    4.2    4.2    100   8.53    214    7.3  319.6  347.1  321.3
  607.7   4329    4.2    4.2    100   8.53    212    7.3  319.7  347.2  321.4
  607.1   4337    4.1    4.1    100   8.52    210    7.4  319.8  347.2  321.4
  606.5   4345    4.1    4.0    100   8.48    208    7.5  319.8  347.1  321.4
  605.9   4353    4.0    4.0    100   8.47    207    7.6  319.8  347.1  321.5
  605.3   4361    4.0    4.0    100   8.46    206    7.7  319.9  347.1  321.5
  604.8   4368    4.0    3.8     99   8.35    205    7.8  319.9  346.8  321.5
  604.2   4375    3.9    3.6     98   8.27    205    7.9  320.0  346.6  321.6
  603.7   4382    3.9    3.5     97   8.18    204    7.9  320.0  346.4  321.5
  603.2   4389    3.8    3.8    100   8.38    204    8.0  320.0  347.0  321.6
  602.7   4396    3.7    3.5     98   8.21    205    8.0  320.0  346.5  321.6
  602.1   4404    3.7    3.3     97   8.07    205    8.0  320.0  346.0  321.5
  601.6   4411    3.6    3.1     97   8.01    206    7.9  320.0  345.9  321.6
  601.0   4418    3.6    3.0     96   7.91    207    7.8  320.1  345.6  321.6
  600.5   4426    3.5    3.2     98   8.06    209    7.7  320.1  346.1  321.6
  599.9   4434    3.5    3.5    100   8.26    211    7.6  320.2  346.8  321.8
  599.4   4441    3.4    3.1     98   8.02    214    7.4  320.1  346.0  321.7
  598.8   4449    3.3    2.9     97   7.89    216    7.3  320.1  345.5  321.6
  598.1   4459    3.2    3.1     99   8.01    219    7.3  320.1  346.0  321.6
  597.4   4468    3.2    3.2    100   8.13    222    7.3  320.2  346.5  321.8
  596.8   4475    3.3    3.3    100   8.16    225    7.3  320.4  346.7  321.9
  596.3   4482    3.2    3.2    100   8.11    228    7.4  320.3  346.5  321.9
  595.8   4489    3.1    2.8     98   7.91    229    7.5  320.3  345.8  321.8
  595.3   4496    3.0    2.4     96   7.65    231    7.7  320.2  345.0  321.7
  594.8   4504    2.9    2.4     96   7.67    231    7.9  320.2  345.1  321.7
  594.2   4511    2.9    2.3     96   7.66    231    8.1  320.3  345.1  321.7
  593.7   4518    2.8    2.4     97   7.68    230    8.4  320.3  345.1  321.8
  593.2   4525    2.8    2.5     98   7.74    229    8.6  320.3  345.4  321.8
  592.7   4532    2.7    2.5     99   7.78    227    8.8  320.3  345.5  321.8
  592.1   4540    2.7    2.5     98   7.76    225    9.0  320.4  345.5  321.9
  591.6   4547    2.6    2.4     99   7.75    223    9.1  320.4  345.5  321.9
  591.1   4554    2.6    2.4     99   7.76    220    9.3  320.4  345.5  321.9
  590.5   4562    2.5    2.4     99   7.76    218    9.4  320.5  345.6  322.0
  589.9   4570    2.5    2.4     99   7.75    215    9.4  320.5  345.6  322.0
  589.4   4577    2.5    2.3     99   7.71    213    9.4  320.5  345.5  322.0
  588.9   4584    2.4    2.2     99   7.68    210    9.4  320.6  345.5  322.1
  588.5   4590    2.4    2.2     99   7.66    208    9.3  320.6  345.4  322.1
  588.0   4597    2.4    2.2     99   7.65    206    9.2  320.7  345.5  322.1
  587.5   4604    2.3    2.2     99   7.65    205    9.0  320.7  345.5  322.2
  586.8   4612    2.3    2.2     99   7.66    203    8.8  320.8  345.6  322.2
  586.2   4621    2.3    2.2     99   7.67    202    8.5  320.8  345.7  322.3
  585.7   4628    2.2    2.2    100   7.67    202    8.2  320.8  345.7  322.3
  585.3   4633    2.1    2.1    100   7.66    201    7.9  320.8  345.6  322.3
  584.7   4641    2.1    2.1    100   7.64    201    7.6  320.8  345.6  322.3
  584.0   4652    2.0    2.0    100   7.63    202    7.2  320.9  345.7  322.4
  583.4   4661    2.1    2.0    100   7.64    203    6.8  321.0  345.8  322.5
  582.8   4669    2.1    2.0     99   7.60    205    6.5  321.1  345.8  322.6
  582.1   4678    2.1    2.0    100   7.64    207    6.1  321.2  346.0  322.7
  581.5   4686    2.0    2.0    100   7.66    209    5.8  321.3  346.2  322.8
  581.0   4693    2.1    2.1    100   7.71    213    5.5  321.5  346.5  323.0
  580.6   4699    2.2    2.1    100   7.72    216    5.2  321.6  346.7  323.1
  580.0   4707    2.2    2.2    100   7.75    220    5.0  321.7  346.9  323.2
  579.4   4716    2.2    2.2    100   7.76    224    4.8  321.8  347.0  323.3
  578.8   4723    2.1    2.1    100   7.73    227    4.7  321.8  347.0  323.3
  578.5   4729    2.0    2.0    100   7.70    231    4.7  321.8  346.8  323.3
  578.0   4735    2.0    2.0    100   7.67    234    4.6  321.8  346.7  323.2
  577.5   4743    1.9    1.9    100   7.65    236    4.6  321.8  346.7  323.3
  576.9   4751    1.9    1.9    100   7.63    238    4.6  321.8  346.7  323.3
  576.3   4759    1.8    1.8    100   7.62    240    4.6  321.9  346.7  323.4
  575.8   4767    1.8    1.8    100   7.61    241    4.6  321.9  346.7  323.4
  575.2   4775    1.8    1.8    100   7.61    241    4.7  322.0  346.8  323.5
  574.7   4782    1.8    1.6     99   7.50    242    4.7  322.1  346.6  323.5
  574.2   4789    1.8    1.4     97   7.40    242    4.8  322.2  346.3  323.6
  573.7   4796    1.8    1.3     97   7.37    242    4.9  322.2  346.3  323.7
  573.2   4803    1.7    1.3     97   7.38    242    5.0  322.2  346.3  323.7
  572.7   4810    1.7    1.3     97   7.37    242    5.1  322.3  346.3  323.7
  572.1   4819    1.6    1.3     98   7.37    242    5.3  322.3  346.3  323.7
  571.5   4826    1.6    1.3     98   7.38    241    5.5  322.3  346.4  323.8
  571.0   4834    1.5    1.3     98   7.38    241    5.8  322.3  346.5  323.8
  570.4   4842    1.5    1.2     98   7.35    240    6.1  322.4  346.4  323.8
  569.9   4849    1.4    1.2     99   7.35    239    6.4  322.4  346.4  323.8
  569.4   4856    1.3    1.1     99   7.32    238    6.7  322.4  346.3  323.8
  568.9   4863    1.3    0.9     97   7.24    237    7.0  322.4  346.1  323.9
  568.3   4872    1.3    0.8     97   7.16    235    7.4  322.5  346.0  323.9
  567.8   4880    1.2    0.8     97   7.17    234    7.7  322.6  346.0  323.9
  567.3   4887    1.2    0.8     97   7.18    232    8.1  322.6  346.0  324.0
  566.7   4894    1.1    0.8     98   7.18    230    8.4  322.6  346.1  324.0
  566.2   4902    1.1    0.7     98   7.15    228    8.7  322.6  346.0  324.0
  565.6   4910    1.0    0.7     97   7.13    226    8.9  322.6  346.0  324.0
  565.1   4918    1.0    0.6     98   7.12    224    9.1  322.7  346.0  324.1
  564.6   4925    1.0    0.6     97   7.09    223    9.2  322.7  346.0  324.1
  564.0   4933    1.0    0.5     97   7.07    221    9.3  322.8  346.0  324.2
  563.5   4940    0.9    0.5     97   7.07    219    9.3  322.9  346.1  324.2
  563.0   4948    0.9    0.5     97   7.07    217    9.3  322.9  346.1  324.3
  562.4   4956    0.8    0.5     98   7.09    215    9.3  322.9  346.2  324.3
  561.9   4963    0.8    0.5     98   7.12    214    9.2  322.9  346.3  324.3
  561.4   4970    0.7    0.5     99   7.11    212    9.0  323.0  346.3  324.3
  560.9   4977    0.7    0.5     99   7.10    211    8.9  323.0  346.3  324.4
  560.4   4985    0.6    0.5     99   7.09    210    8.7  323.0  346.3  324.4
  559.9   4992    0.5    0.4     99   7.08    209    8.5  323.0  346.2  324.4
  559.4   4999    0.5    0.4     99   7.07    208    8.2  323.1  346.3  324.4
  558.9   5006    0.5    0.4     99   7.08    207    8.0  323.1  346.4  324.5
  558.4   5013    0.5    0.3     99   7.05    206    7.8  323.2  346.4  324.6
  558.0   5019    0.5    0.3     99   7.04    206    7.6  323.3  346.4  324.6
  557.5   5027    0.5    0.3     98   7.04    205    7.4  323.4  346.5  324.7
  556.9   5035    0.5    0.3     98   7.04    205    7.2  323.5  346.6  324.9
  556.4   5043    0.5    0.3     99   7.06    205    7.1  323.6  346.8  324.9
  555.9   5050    0.5    0.3     99   7.08    205    7.0  323.6  346.9  325.0
  555.4   5057    0.4    0.3     99   7.08    205    6.9  323.6  346.9  325.0
  554.9   5065    0.4    0.3    100   7.09    205    6.8  323.6  347.0  325.0
  554.4   5072    0.3    0.3    100   7.10    206    6.7  323.7  347.0  325.1
  553.9   5079    0.3    0.3    100   7.08    206    6.7  323.7  347.0  325.1
  553.4   5086    0.2    0.2    100   7.06    208    6.6  323.7  347.0  325.1
  552.9   5093    0.2    0.2    100   7.05    209    6.6  323.8  347.0  325.1
  552.4   5100    0.2    0.2    100   7.04    211    6.5  323.8  347.0  325.2
  551.9   5107    0.1    0.1    100   7.04    213    6.4  323.9  347.0  325.3
  551.4   5115    0.1    0.1    100   7.04    216    6.4  323.9  347.1  325.3
  550.9   5122    0.1    0.1    100   7.04    219    6.4  324.0  347.2  325.4
  550.4   5130    0.1    0.1    100   7.04    222    6.4  324.1  347.3  325.5
  549.9   5136    0.1    0.1    100   7.05    225    6.4  324.2  347.4  325.6
  549.5   5143    0.1    0.1    100   7.06    228    6.5  324.3  347.5  325.6
  548.9   5152    0.1    0.1    100   7.07    231    6.7  324.4  347.7  325.7
  548.3   5161    0.1    0.1    100   7.06    233    6.9  324.4  347.7  325.8
  547.7   5169    0.1    0.1    100   7.04    234    7.1  324.5  347.8  325.9
  547.1   5178    0.1    0.0    100   7.04    236    7.4  324.6  347.9  326.0
  546.6   5186    0.1    0.0    100   7.03    236    7.6  324.7  347.9  326.0
  546.0   5194    0.0    0.0    100   7.04    236    7.9  324.7  348.0  326.1
  545.5   5202   -0.0   -0.0    100   7.04    236    8.2  324.8  348.0  326.1
  544.9   5210   -0.1   -0.1    100   7.02    236    8.4  324.8  348.0  326.2
  544.4   5218   -0.1   -0.1    100   7.03    235    8.7  324.9  348.1  326.3
  543.9   5225   -0.1   -0.1    100   7.02    235    8.8  325.0  348.2  326.3
  543.4   5232   -0.1   -0.1    100   7.00    234    8.9  325.0  348.1  326.4
  542.9   5239   -0.2   -0.2    100   6.98    234    9.0  325.0  348.1  326.4
  542.5   5246   -0.2   -0.2    100   6.96    235    9.0  325.0  348.0  326.4
  542.0   5253   -0.3   -0.3    100   6.95    235    8.9  325.1  348.0  326.4
  541.5   5260   -0.3   -0.3    100   6.94    236    8.8  325.1  348.0  326.5
  541.1   5267   -0.4   -0.4    100   6.91    237    8.7  325.1  348.0  326.5
  540.6   5274   -0.4   -0.4    100   6.90    238    8.5  325.1  348.0  326.5
  540.1   5282   -0.4   -0.4    100   6.89    239    8.4  325.2  348.0  326.5
  539.6   5289   -0.5   -0.5    100   6.87    240    8.2  325.2  348.0  326.6
  539.1   5296   -0.5   -0.5    100   6.86    241    8.1  325.3  348.0  326.6
  538.6   5303   -0.6   -0.6    100   6.85    243    8.0  325.3  348.0  326.7
  538.1   5311   -0.6   -0.6    100   6.85    243    7.9  325.4  348.1  326.7
  537.7   5317   -0.6   -0.6    100   6.84    244    7.9  325.4  348.1  326.8
  537.2   5324   -0.6   -0.6    100   6.84    244    7.9  325.5  348.1  326.8
  536.7   5331   -0.6   -0.6    100   6.83    244    8.0  325.5  348.2  326.9
  536.2   5339   -0.7   -0.7    100   6.82    244    8.0  325.6  348.2  326.9
  535.7   5346   -0.7   -0.7    100   6.80    243    8.1  325.6  348.2  326.9
  535.2   5354   -0.8   -0.8    100   6.80    242    8.3  325.7  348.2  327.0
  534.7   5362   -0.8   -0.8    100   6.80    240    8.4  325.7  348.3  327.1
  534.2   5370   -0.8   -0.8    100   6.79    239    8.5  325.8  348.3  327.1
  533.7   5377   -0.8   -0.8    100   6.79    237    8.7  325.9  348.4  327.2
  533.2   5384   -0.8   -0.8    100   6.78    235    8.9  325.9  348.4  327.2
  532.8   5391   -0.9   -0.9    100   6.77    233    9.0  326.0  348.5  327.3
  532.3   5398   -0.9   -0.9    100   6.76    231    9.1  326.0  348.5  327.3
  531.7   5406   -0.9   -0.9    100   6.75    229    9.3  326.1  348.5  327.4
  531.2   5414   -1.0   -1.0    100   6.74    227    9.4  326.1  348.5  327.4
  530.7   5423   -1.0   -1.0    100   6.73    226    9.5  326.1  348.5  327.5
  530.2   5430   -1.0   -1.0    100   6.72    224    9.6  326.2  348.5  327.5
  529.7   5438   -1.1   -1.1    100   6.71    223    9.6  326.2  348.6  327.6
  529.1   5446   -1.1   -1.1    100   6.70    222    9.7  326.3  348.6  327.6
  528.6   5453   -1.1   -1.1    100   6.69    222    9.7  326.4  348.6  327.7
  528.2   5460   -1.2   -1.2    100   6.68    222    9.7  326.4  348.7  327.7
  527.7   5467   -1.2   -1.2    100   6.68    222    9.7  326.5  348.7  327.8
  527.2   5475   -1.2   -1.2    100   6.67    222    9.7  326.5  348.7  327.8
  526.7   5482   -1.2   -1.2    100   6.66    223    9.6  326.6  348.7  327.9
  526.2   5490   -1.3   -1.3    100   6.65    224    9.5  326.6  348.7  327.9
  525.7   5497   -1.3   -1.3    100   6.64    225    9.4  326.7  348.8  328.0
  525.3   5504   -1.3   -1.3    100   6.63    226    9.2  326.7  348.8  328.0
  524.8   5511   -1.4   -1.4    100   6.62    228    9.1  326.7  348.8  328.0
  524.3   5518   -1.4   -1.4    100   6.61    229    9.0  326.8  348.8  328.1
  523.8   5526   -1.4   -1.4    100   6.60    230    8.8  326.8  348.9  328.1
  523.3   5534   -1.5   -1.5    100   6.59    231    8.6  326.9  348.9  328.2
  522.8   5542   -1.5   -1.5    100   6.59    233    8.4  327.0  348.9  328.3
  522.3   5550   -1.5   -1.5    100   6.58    234    8.1  327.0  349.0  328.3
  521.7   5558   -1.6   -1.6    100   6.57    235    7.9  327.1  349.0  328.4
  521.2   5566   -1.6   -1.6    100   6.56    235    7.6  327.1  349.0  328.4
  520.7   5573   -1.6   -1.6    100   6.55    236    7.4  327.2  349.1  328.5
  520.3   5580   -1.7   -1.7    100   6.53    236    7.1  327.2  349.0  328.5
  519.8   5587   -1.7   -1.7    100   6.52    235    6.9  327.2  349.0  328.5
  519.3   5595   -1.7   -1.7    100   6.51    234    6.6  327.3  349.1  328.6
  518.9   5602   -1.8   -1.8    100   6.50    233    6.4  327.3  349.1  328.6
  518.4   5609   -1.8   -1.8    100   6.50    230    6.3  327.4  349.1  328.7
  517.9   5617   -1.8   -1.8    100   6.49    228    6.2  327.4  349.1  328.7
  517.4   5624   -1.9   -1.9    100   6.47    225    6.2  327.5  349.1  328.8
  517.0   5631   -1.9   -1.9    100   6.46    221    6.2  327.5  349.1  328.8
  516.5   5639   -1.9   -1.9    100   6.45    218    6.4  327.6  349.2  328.8
  515.9   5647   -2.0   -2.0    100   6.45    215    6.6  327.6  349.2  328.9
  515.5   5654   -2.0   -2.0    100   6.43    213    6.8  327.7  349.2  328.9
  515.0   5661   -2.1   -2.1    100   6.41    211    7.1  327.7  349.2  329.0
  514.5   5669   -2.1   -2.1    100   6.41    209    7.5  327.7  349.2  329.0
  514.0   5677   -2.1   -2.1    100   6.39    208    7.8  327.8  349.2  329.0
  513.5   5685   -2.2   -2.2    100   6.38    208    8.1  327.8  349.2  329.1
  513.0   5693   -2.2   -2.2    100   6.36    208    8.5  327.9  349.2  329.1
  512.5   5700   -2.2   -2.2    100   6.35    208    8.7  327.9  349.2  329.2
  512.0   5708   -2.3   -2.3    100   6.34    209    9.0  328.0  349.2  329.2
  511.5   5716   -2.3   -2.3    100   6.33    210    9.2  328.0  349.3  329.3
  511.0   5724   -2.4   -2.4    100   6.32    211    9.4  328.1  349.3  329.3
  510.5   5732   -2.4   -2.4    100   6.32    213    9.5  328.1  349.3  329.4
  510.0   5739   -2.4   -2.4    100   6.31    214    9.5  328.2  349.4  329.4
  509.5   5747   -2.4   -2.4    100   6.32    216    9.5  328.3  349.5  329.5
  509.0   5754   -2.4   -2.4    100   6.30    218    9.5  328.3  349.5  329.6
  508.5   5762   -2.5   -2.5    100   6.29    219    9.5  328.3  349.5  329.6
  508.1   5769   -2.5   -2.6    100   6.25    221    9.4  328.4  349.4  329.6
  507.6   5777   -2.6   -2.6    100   6.24    222    9.4  328.4  349.4  329.6
  507.2   5784   -2.6   -2.6    100   6.24    223    9.3  328.4  349.4  329.7
  506.7   5791   -2.7   -2.7    100   6.21    224    9.3  328.5  349.3  329.7
  506.2   5799   -2.7   -2.8    100   6.19    225    9.2  328.5  349.3  329.7
  505.7   5807   -2.8   -2.8    100   6.17    225    9.1  328.5  349.3  329.8
  505.3   5813   -2.8   -2.9     99   6.14    225    9.1  328.6  349.3  329.8
  504.8   5820   -2.8   -2.9     99   6.15    225    9.0  328.6  349.3  329.9
  504.4   5828   -2.8   -2.9     99   6.13    225    9.0  328.7  349.4  329.9
  503.9   5836   -2.9   -3.0     99   6.12    225    9.0  328.7  349.3  329.9
  503.3   5844   -2.9   -3.0     99   6.10    224    8.9  328.8  349.3  330.0
  502.8   5853   -3.0   -3.1     99   6.09    224    8.9  328.8  349.3  330.0
  502.3   5860   -3.0   -3.1     99   6.08    225    8.9  328.9  349.3  330.1
  501.9   5867   -3.0   -3.1     99   6.07    225    8.8  328.9  349.4  330.1
  501.4   5874   -3.1   -3.2     99   6.07    226    8.8  328.9  349.4  330.1
  500.9   5882   -3.1   -3.1    100   6.08    227    8.7  329.0  349.5  330.2
  500.5   5889   -3.1   -3.2     99   6.05    228    8.7  329.0  349.4  330.2
  500.0   5897   -3.2   -3.3     99   6.04    228    8.7  329.1  349.5  330.3
  499.4   5906   -3.2   -3.3     99   6.03    231    8.5  329.2  349.5  330.4
  498.9   5915   -3.3   -3.3    100   6.03    232    8.4  329.2  349.5  330.4
  498.3   5923   -3.3   -3.4    100   6.02    233    8.3  329.2  349.6  330.4
  497.8   5931   -3.4   -3.4    100   5.99    234    8.2  329.3  349.5  330.5
  497.3   5939   -3.4   -3.5     99   5.96    235    8.0  329.3  349.5  330.5
  496.8   5947   -3.4   -3.5     99   5.96    236    7.8  329.4  349.5  330.6
  496.3   5955   -3.5   -3.5     99   5.96    235    7.6  329.5  349.6  330.6
  495.8   5963   -3.5   -3.6     99   5.93    235    7.4  329.5  349.6  330.7
  495.3   5972   -3.5   -3.6     99   5.92    234    7.1  329.6  349.6  330.7
  494.8   5980   -3.5   -3.6     99   5.95    232    6.8  329.7  349.8  330.9
  494.3   5988   -3.5   -3.6     99   5.95    230    6.6  329.8  349.9  331.0
  493.8   5995   -3.5   -3.7     99   5.93    227    6.3  329.9  350.0  331.0
  493.3   6003   -3.5   -3.7     99   5.93    224    6.1  329.9  350.0  331.1
  492.8   6011   -3.6   -3.7     99   5.92    221    5.9  330.0  350.0  331.1
  492.3   6019   -3.6   -3.8     99   5.88    218    5.7  330.0  349.9  331.2
  491.8   6027   -3.7   -3.9     98   5.86    215    5.6  330.0  349.9  331.2
  491.3   6035   -3.7   -3.9     99   5.86    211    5.5  330.1  350.0  331.3
  490.8   6043   -3.8   -3.9     99   5.84    208    5.4  330.1  350.0  331.3
  490.3   6052   -3.8   -4.0     99   5.83    206    5.4  330.2  349.9  331.3
  489.7   6061   -3.8   -4.0     99   5.82    203    5.3  330.2  350.0  331.4
  489.2   6070   -3.9   -4.1     98   5.79    201    5.3  330.3  349.9  331.4
  488.7   6078   -3.9   -4.2     98   5.77    200    5.3  330.3  349.9  331.5
  488.2   6085   -4.0   -4.2     98   5.76    198    5.3  330.3  349.9  331.5
  487.7   6093   -4.0   -4.2     99   5.76    197    5.3  330.4  350.0  331.6
  487.3   6101   -4.1   -4.2     99   5.77    197    5.3  330.4  350.0  331.6
  486.8   6109   -4.1   -4.3     99   5.75    197    5.2  330.5  350.1  331.6
  486.3   6117   -4.1   -4.3     99   5.75    197    5.1  330.6  350.1  331.7
  485.8   6125   -4.1   -4.3     99   5.75    198    5.0  330.6  350.2  331.8
  485.3   6133   -4.2   -4.3     99   5.74    200    4.9  330.7  350.2  331.8
  484.8   6141   -4.2   -4.3     99   5.74    202    4.7  330.7  350.3  331.9
  484.3   6150   -4.2   -4.4     98   5.71    205    4.5  330.8  350.3  332.0
  483.8   6158   -4.3   -4.5     98   5.66    209    4.4  330.9  350.2  332.0
  483.3   6165   -4.3   -4.6     98   5.64    213    4.2  330.9  350.2  332.1
  482.9   6172   -4.3   -4.6     98   5.64    219    4.1  331.0  350.2  332.1
  482.4   6180   -4.3   -4.7     98   5.63    224    4.0  331.1  350.2  332.2
  481.8   6189   -4.4   -4.7     97   5.62    231    3.9  331.1  350.3  332.3
  481.4   6197   -4.4   -4.7     98   5.61    236    4.0  331.2  350.3  332.3
  480.9   6205   -4.5   -4.8     98   5.59    242    4.0  331.2  350.3  332.3
  480.4   6213   -4.5   -4.8     98   5.60    246    4.1  331.2  350.3  332.4
  479.9   6221   -4.6   -4.8     98   5.59    250    4.2  331.3  350.4  332.4
  479.3   6231   -4.6   -4.9     98   5.58    252    4.3  331.3  350.4  332.4
  478.8   6240   -4.7   -4.9     98   5.56    254    4.3  331.4  350.3  332.5
  478.3   6248   -4.7   -5.0     98   5.53    255    4.4  331.4  350.3  332.5
  477.8   6256   -4.8   -5.0     98   5.53    254    4.3  331.4  350.3  332.5
  477.4   6263   -4.8   -5.1     98   5.51    253    4.3  331.4  350.3  332.5
  476.9   6271   -4.9   -5.1     98   5.50    251    4.2  331.5  350.3  332.6
  476.4   6279   -4.9   -5.2     98   5.47    248    4.2  331.5  350.2  332.6
  475.9   6287   -5.0   -5.3     98   5.45    244    4.1  331.6  350.2  332.7
  475.4   6295   -5.0   -5.3     98   5.45    240    4.1  331.6  350.3  332.7
  475.0   6302   -5.0   -5.3     98   5.43    235    4.2  331.7  350.2  332.8
  474.5   6310   -5.1   -5.4     98   5.42    231    4.3  331.7  350.3  332.8
  474.1   6317   -5.1   -5.4     98   5.43    227    4.5  331.7  350.3  332.8
  473.6   6326   -5.2   -5.4     98   5.41    224    4.7  331.7  350.3  332.8
  473.1   6334   -5.2   -5.4     98   5.41    222    5.0  331.8  350.3  332.9
  472.6   6342   -5.3   -5.5     98   5.39    221    5.3  331.8  350.3  332.9
  472.2   6349   -5.3   -5.6     98   5.37    220    5.5  331.8  350.3  332.9
  471.7   6357   -5.4   -5.6     98   5.37    219    5.8  331.9  350.3  333.0
  471.3   6364   -5.4   -5.5     99   5.39    220    6.0  331.9  350.4  333.0
  470.8   6372   -5.4   -5.6     99   5.38    220    6.2  332.0  350.4  333.1
  470.3   6380   -5.5   -5.6     99   5.36    220    6.3  332.0  350.4  333.1
  469.9   6387   -5.5   -5.7     99   5.34    221    6.3  332.1  350.4  333.1
  469.5   6393   -5.6   -5.8     99   5.33    222    6.3  332.1  350.4  333.2
  469.1   6401   -5.6   -5.8     98   5.32    222    6.2  332.2  350.4  333.2
  468.5   6410   -5.6   -5.8     99   5.33    223    6.1  332.2  350.5  333.3
  468.0   6419   -5.6   -5.8     99   5.31    224    6.0  332.3  350.5  333.4
  467.5   6428   -5.7   -5.9     98   5.28    225    5.8  332.4  350.5  333.4
  466.9   6437   -5.7   -6.0     98   5.26    226    5.6  332.4  350.5  333.5
  466.4   6446   -5.7   -6.1     98   5.23    226    5.4  332.5  350.5  333.6
  465.9   6455   -5.8   -6.1     97   5.21    227    5.2  332.6  350.5  333.6
  465.4   6463   -5.8   -6.2     97   5.18    228    5.1  332.6  350.5  333.7
  464.9   6470   -5.8   -6.2     97   5.18    229    4.9  332.7  350.5  333.8
  464.5   6478   -5.8   -6.2     97   5.19    231    4.8  332.8  350.6  333.8
  463.9   6487   -5.9   -6.2     98   5.20    232    4.8  332.8  350.7  333.9
  463.4   6496   -6.0   -6.2     98   5.19    233    4.7  332.9  350.7  333.9
  462.9   6505   -6.0   -6.3     98   5.19    234    4.7  332.9  350.8  333.9
  462.4   6514   -6.1   -6.3     98   5.18    235    4.7  332.9  350.8  334.0
  461.8   6523   -6.1   -6.4     98   5.16    236    4.7  333.0  350.8  334.0
  461.2   6533   -6.2   -6.4     98   5.15    237    4.6  333.1  350.8  334.1
  460.7   6542   -6.2   -6.4     99   5.16    238    4.6  333.1  350.9  334.1
  460.1   6552   -6.3   -6.4     99   5.15    239    4.6  333.1  350.9  334.2
  459.7   6560   -6.3   -6.6     98   5.09    240    4.6  333.1  350.7  334.2
  459.2   6567   -6.4   -6.7     98   5.07    240    4.6  333.2  350.7  334.2
  458.7   6576   -6.4   -6.7     98   5.08    240    4.6  333.3  350.8  334.3
  458.0   6587   -6.4   -6.6     99   5.12    240    4.5  333.4  351.0  334.4
  457.3   6599   -6.5   -6.6     99   5.11    239    4.5  333.5  351.1  334.5
  456.8   6609   -6.4   -6.8     97   5.05    238    4.5  333.6  351.1  334.6
  456.3   6617   -6.5   -6.9     97   5.02    236    4.5  333.6  351.0  334.6
  455.9   6624   -6.6   -6.8     99   5.06    234    4.5  333.6  351.0  334.6
  455.2   6636   -6.7   -6.8     99   5.08    231    4.6  333.7  351.2  334.7
  454.4   6650   -6.7   -6.9     99   5.05    229    4.6  333.8  351.3  334.8
  453.7   6662   -6.7   -7.0     98   5.01    225    4.6  333.9  351.3  334.9
  453.0   6675   -6.8   -7.0     98   5.01    222    4.7  334.0  351.4  335.0
  452.4   6684   -6.8   -7.2     97   4.96    219    4.7  334.1  351.3  335.1
  452.0   6691   -6.9   -7.2     98   4.96    215    4.7  334.1  351.3  335.1
  451.5   6700   -6.9   -7.1     98   4.97    212    4.7  334.1  351.4  335.1
  450.9   6711   -7.0   -7.2     98   4.96    209    4.6  334.2  351.4  335.2
  450.3   6721   -7.0   -7.3     98   4.94    205    4.6  334.2  351.4  335.2
  449.8   6730   -7.1   -7.4     98   4.91    202    4.5  334.3  351.3  335.3
  449.4   6737   -7.1   -7.4     98   4.90    198    4.4  334.3  351.3  335.3
  449.0   6744   -7.2   -7.5     98   4.87    195    4.3  334.3  351.3  335.3
  448.5   6752   -7.2   -7.5     97   4.85    192    4.2  334.4  351.3  335.4
  448.1   6759   -7.2   -7.6     98   4.85    189    4.1  334.4  351.3  335.4
  447.6   6767   -7.3   -7.6     98   4.86    186    4.0  334.5  351.4  335.5
  447.2   6775   -7.3   -7.5     98   4.87    184    3.9  334.5  351.5  335.5
  446.7   6783   -7.4   -7.6     98   4.85    183    3.8  334.6  351.5  335.6
  446.3   6791   -7.4   -7.7     98   4.82    183    3.7  334.6  351.4  335.6
  445.8   6799   -7.4   -7.8     98   4.81    184    3.7  334.7  351.4  335.7
  445.4   6807   -7.5   -7.8     98   4.80    186    3.6  334.7  351.4  335.7
  444.9   6815   -7.5   -7.8     98   4.79    188    3.6  334.8  351.5  335.8
  444.4   6823   -7.5   -7.9     98   4.78    192    3.6  334.9  351.5  335.8
  444.0   6830   -7.6   -8.0     97   4.74    196    3.6  334.9  351.4  335.9
  443.6   6838   -7.6   -8.1     96   4.71    200    3.7  335.0  351.4  336.0
  443.0   6848   -7.6   -8.1     96   4.70    204    3.8  335.1  351.5  336.1
  442.5   6858   -7.6   -8.2     95   4.68    209    3.9  335.2  351.5  336.2
  442.0   6866   -7.7   -8.3     95   4.64    212    4.0  335.2  351.4  336.2
  441.5   6874   -7.8   -8.3     96   4.65    216    4.2  335.2  351.4  336.1
  441.1   6883   -7.9   -8.4     96   4.63    219    4.3  335.2  351.3  336.1
  440.6   6890   -7.9   -8.5     95   4.59    223    4.4  335.2  351.3  336.2
  440.2   6897   -7.9   -8.6     95   4.56    225    4.5  335.3  351.2  336.2
  439.8   6905   -8.0   -8.6     96   4.57    228    4.5  335.3  351.2  336.2
  439.3   6913   -8.0   -8.6     96   4.58    230    4.5  335.3  351.3  336.3
  438.8   6922   -8.1   -8.6     96   4.58    233    4.4  335.4  351.4  336.4
  438.4   6930   -8.1   -8.6     96   4.57    235    4.3  335.5  351.5  336.4
  437.9   6939   -8.1   -8.6     96   4.56    236    4.2  335.5  351.5  336.4
  437.3   6948   -8.2   -8.7     96   4.56    238    4.0  335.6  351.5  336.5
  436.9   6956   -8.2   -8.8     96   4.54    239    3.8  335.7  351.5  336.6
  436.5   6964   -8.2   -8.8     95   4.51    240    3.7  335.8  351.6  336.7
  436.0   6972   -8.2   -8.9     95   4.50    241    3.5  335.9  351.6  336.8
  435.5   6981   -8.2   -8.9     95   4.49    242    3.3  336.0  351.7  336.9
  435.0   6990   -8.2   -8.9     95   4.49    242    3.1  336.1  351.8  337.0
  434.6   6998   -8.2   -9.0     94   4.47    242    3.0  336.1  351.8  337.0
  434.2   7005   -8.3   -9.0     94   4.46    242    2.9  336.1  351.8  337.0
  433.7   7013   -8.3   -9.0     95   4.47    242    2.8  336.2  351.9  337.1
  433.2   7022   -8.4   -9.1     95   4.46    243    2.8  336.3  351.9  337.2
  432.7   7031   -8.4   -9.1     95   4.46    244    2.7  336.3  352.0  337.3
  432.3   7039   -8.4   -9.2     94   4.44    245    2.7  336.4  352.0  337.3
  431.8   7047   -8.5   -9.2     94   4.42    246    2.7  336.4  352.0  337.3
  431.3   7056   -8.5   -9.3     94   4.40    247    2.7  336.5  351.9  337.4
  430.8   7066   -8.6   -9.3     94   4.39    249    2.6  336.5  352.0  337.4
  430.3   7075   -8.6   -9.4     94   4.37    250    2.5  336.6  352.0  337.5
  429.8   7084   -8.7   -9.5     94   4.35    252    2.4  336.7  352.0  337.5
  429.3   7093   -8.7   -9.5     94   4.34    254    2.2  336.7  352.0  337.6
  428.7   7104   -8.7   -9.5     94   4.34    256    2.0  336.8  352.1  337.7
  428.1   7115   -8.8   -9.6     94   4.34    258    1.8  336.9  352.1  337.8
  427.4   7127   -8.9   -9.6     94   4.32    262    1.5  336.9  352.2  337.8
  426.8   7137   -8.9   -9.7     94   4.30    267    1.3  337.0  352.1  337.9
  426.3   7146   -9.0   -9.8     94   4.27    275    1.0  337.0  352.0  337.8
  425.9   7155   -9.1   -9.8     94   4.27    288    0.9  337.0  352.0  337.8
  425.4   7163   -9.1   -9.9     94   4.26    305    0.7  337.0  352.1  337.9
  424.9   7172   -9.2   -9.9     94   4.25    324    0.7  337.1  352.1  337.9
  424.3   7183   -9.2   -9.9     95   4.25    340    0.8  337.1  352.1  338.0
  423.7   7194   -9.3  -10.1     94   4.21    352    0.9  337.2  352.1  338.1
  423.2   7204   -9.4  -10.2     93   4.17      1    1.0  337.3  352.0  338.1
  422.8   7211   -9.4  -10.3     93   4.15      8    1.1  337.3  351.9  338.1
  422.3   7219   -9.5  -10.3     93   4.15     15    1.1  337.3  352.0  338.2
  421.9   7228   -9.5  -10.4     93   4.13     21    1.2  337.4  352.0  338.2
  421.4   7237   -9.5  -10.3     93   4.14     26    1.2  337.5  352.2  338.4
  420.9   7245   -9.5  -10.3     94   4.15     32    1.2  337.6  352.3  338.4
  420.5   7254   -9.6  -10.3     94   4.15     38    1.2  337.6  352.3  338.5
  420.0   7262   -9.6  -10.4     94   4.16     43    1.2  337.7  352.4  338.5
  419.5   7271   -9.6  -10.4     94   4.15     48    1.1  337.8  352.4  338.6
  419.1   7279   -9.7  -10.4     94   4.14     53    1.0  337.8  352.5  338.7
  418.6   7288   -9.7  -10.5     94   4.13     58    0.9  337.9  352.5  338.7
  418.1   7297   -9.8  -10.5     94   4.12     61    0.8  337.9  352.5  338.8
  417.6   7307   -9.8  -10.5     94   4.12     64    0.6  338.0  352.6  338.8
  417.0   7318   -9.9  -10.6     94   4.11     65    0.5  338.0  352.6  338.9
  416.4   7329   -9.9  -10.7     94   4.08     64    0.4  338.1  352.6  338.9
  415.9   7338  -10.0  -10.8     94   4.06     58    0.3  338.1  352.5  339.0
  415.5   7346  -10.0  -10.8     94   4.06     44    0.2  338.1  352.5  339.0
  415.1   7353  -10.1  -10.8     94   4.06     28    0.2  338.2  352.6  339.0
  414.6   7363  -10.1  -10.8     94   4.05     24    0.2  338.3  352.7  339.1
  414.0   7374  -10.1  -10.9     94   4.03     28    0.3  338.4  352.7  339.2
  413.4   7384  -10.2  -11.1     93   3.99     36    0.4  338.5  352.6  339.3
  413.0   7392  -10.2  -11.2     93   3.96     43    0.6  338.5  352.5  339.3
  412.4   7402  -10.3  -11.2     93   3.96     50    0.7  338.5  352.6  339.4
  411.9   7413  -10.3  -11.2     93   3.96     56    0.9  338.6  352.7  339.4
  411.4   7422  -10.4  -11.3     93   3.94     60    1.1  338.7  352.7  339.5
  411.0   7430  -10.4  -11.4     93   3.91     64    1.3  338.7  352.6  339.5
  410.5   7438  -10.5  -11.5     93   3.89     67    1.5  338.7  352.6  339.5
  410.0   7449  -10.6  -11.5     93   3.89     70    1.6  338.8  352.6  339.6
  409.3   7461  -10.6  -11.5     93   3.89     72    1.7  338.9  352.8  339.7
  408.8   7472  -10.6  -11.6     92   3.86     73    1.8  339.1  352.8  339.9
  408.3   7481  -10.7  -11.6     93   3.86     74    1.9  339.0  352.7  339.8
  407.6   7493  -10.8  -11.6     94   3.87     75    1.8  339.0  352.8  339.8
  406.9   7506  -10.9  -11.8     93   3.83     76    1.8  339.1  352.8  339.9
  406.3   7517  -10.9  -11.9     92   3.78     76    1.6  339.2  352.7  340.0
  405.9   7525  -10.9  -12.1     91   3.74     76    1.5  339.2  352.6  340.0
  405.5   7533  -11.0  -12.1     92   3.74     77    1.3  339.2  352.6  340.0
  405.0   7543  -11.1  -12.1     92   3.74     79    1.0  339.3  352.6  340.0
  404.4   7554  -11.1  -12.2     92   3.73     85    0.7  339.4  352.7  340.2
  403.9   7565  -11.1  -12.3     91   3.71    103    0.4  339.5  352.8  340.2
  403.3   7575  -11.2  -12.4     91   3.68    153    0.3  339.5  352.7  340.3
  402.9   7584  -11.3  -12.5     91   3.66    193    0.5  339.5  352.6  340.3
  402.4   7593  -11.4  -12.5     91   3.65    205    0.8  339.5  352.6  340.3
  401.8   7603  -11.4  -12.6     91   3.64    208    1.1  339.6  352.6  340.3
  401.3   7614  -11.5  -12.6     91   3.63    209    1.4  339.6  352.6  340.4
  400.7   7624  -11.5  -12.7     91   3.62    207    1.7  339.7  352.7  340.5
  400.3   7633  -11.5  -12.7     91   3.62    205    1.9  339.8  352.8  340.6
  400.0   7638  -11.5  -12.6     92   3.63    205    1.9  339.9  352.9  340.6
  399.9   7641  -11.6  -12.6     92   3.63    203    2.1  339.9  352.9  340.6
  399.4   7650  -11.6  -12.7     92   3.63    201    2.2  340.0  353.0  340.7
  398.9   7658  -11.6  -12.7     92   3.63    198    2.3  340.1  353.1  340.8
  398.5   7666  -11.7  -12.8     92   3.61    196    2.4  340.1  353.0  340.8
  398.1   7674  -11.7  -12.9     91   3.58    194    2.4  340.1  353.0  340.9
  397.6   7685  -11.8  -12.9     91   3.58    191    2.4  340.2  353.0  340.9
  397.0   7697  -11.8  -12.9     91   3.57    188    2.4  340.3  353.1  341.0
  396.4   7707  -11.8  -13.0     90   3.55    186    2.3  340.4  353.2  341.2
  396.0   7716  -11.9  -13.2     90   3.51    182    2.3  340.4  353.0  341.1
  395.5   7725  -12.0  -13.2     91   3.50    179    2.3  340.4  353.0  341.1
  395.0   7735  -12.1  -13.4     90   3.45    175    2.2  340.4  352.8  341.1
  394.5   7744  -12.2  -13.5     90   3.45    170    2.2  340.4  352.8  341.1
  394.1   7753  -12.2  -13.5     90   3.44    165    2.1  340.4  352.8  341.1
  393.7   7760  -12.3  -13.4     91   3.48    160    2.1  340.5  353.0  341.2
  393.3   7768  -12.3  -13.5     91   3.44    154    2.0  340.5  352.9  341.2
  392.9   7776  -12.4  -13.8     89   3.37    147    1.9  340.5  352.7  341.2
  392.4   7786  -12.4  -13.7     90   3.39    141    1.8  340.6  352.8  341.3
  391.9   7794  -12.5  -13.5     92   3.47    134    1.7  340.7  353.2  341.4
  391.6   7801  -12.5  -13.4     93   3.47    126    1.6  340.6  353.2  341.4
  391.3   7807  -12.6  -13.8     91   3.39    119    1.5  340.6  352.9  341.3
  390.9   7814  -12.7  -14.0     90   3.33    112    1.3  340.7  352.7  341.3
  390.4   7824  -12.7  -13.8     92   3.39    105    1.1  340.7  353.0  341.4
  389.8   7836  -12.8  -14.2     89   3.28     99    0.9  340.8  352.6  341.5
  389.3   7845  -12.9  -14.5     88   3.21     93    0.7  340.8  352.4  341.5
  388.9   7853  -12.9  -14.6     88   3.19     87    0.5  340.8  352.4  341.5
  388.5   7861  -13.0  -14.6     88   3.19     84    0.3  340.8  352.4  341.5
  388.1   7870  -13.1  -14.6     88   3.19     91    0.1  340.8  352.4  341.5
  387.5   7881  -13.1  -14.6     88   3.20    217    0.1  341.0  352.6  341.7
  387.0   7891  -13.1  -14.6     88   3.19    225    0.3  341.0  352.6  341.7
  386.5   7900  -13.3  -14.7     89   3.17    219    0.4  341.0  352.5  341.6
  386.1   7908  -13.3  -14.7     89   3.17    211    0.6  341.0  352.5  341.7
  385.7   7917  -13.3  -14.8     88   3.15    201    0.7  341.1  352.6  341.8
  385.2   7927  -13.3  -14.9     88   3.12    192    0.8  341.2  352.5  341.8
  384.7   7936  -13.4  -15.0     88   3.11    183    1.0  341.2  352.5  341.9
  384.2   7946  -13.5  -15.1     88   3.10    175    1.2  341.2  352.5  341.9
  383.6   7958  -13.6  -15.1     88   3.09    169    1.4  341.3  352.5  341.9
  383.0   7970  -13.7  -15.2     88   3.07    164    1.6  341.4  352.5  342.0
  382.5   7979  -13.7  -15.4     87   3.03    161    1.8  341.4  352.4  342.0
  382.1   7988  -13.8  -15.5     87   3.01    159    2.1  341.4  352.4  342.0
  381.7   7996  -13.8  -15.5     87   3.00    158    2.3  341.4  352.4  342.1
  381.3   8004  -13.9  -15.6     87   3.00    158    2.5  341.5  352.4  342.1
  381.0   8011  -13.9  -15.6     87   2.99    158    2.6  341.6  352.5  342.2
  380.6   8019  -13.9  -15.6     87   2.99    158    2.7  341.6  352.5  342.3
  380.1   8028  -13.9  -15.7     87   2.98    158    2.8  341.8  352.6  342.4
  379.7   8036  -13.9  -15.7     86   2.97    157    2.8  341.8  352.7  342.4
  379.3   8043  -14.0  -15.8     86   2.95    156    2.8  341.8  352.6  342.5
  379.0   8051  -14.1  -15.9     86   2.94    154    2.8  341.8  352.5  342.4
  378.5   8060  -14.1  -15.9     87   2.94    152    2.8  341.9  352.6  342.5
  378.0   8071  -14.1  -15.9     87   2.95    148    2.7  342.0  352.8  342.6
  377.5   8080  -14.2  -15.9     87   2.93    144    2.7  342.1  352.8  342.7
  377.0   8089  -14.3  -16.0     87   2.92    139    2.7  342.1  352.7  342.7
  376.6   8098  -14.3  -16.1     87   2.91    135    2.8  342.1  352.7  342.7
  376.3   8104  -14.4  -16.1     87   2.90    132    2.9  342.1  352.7  342.7
  376.2   8107  -14.4  -16.2     87   2.89    130    3.0  342.1  352.6  342.7
  375.6   8118  -14.5  -16.1     87   2.90    128    3.1  342.2  352.8  342.8
  375.1   8129  -14.5  -16.2     87   2.89    129    3.3  342.3  352.9  342.9
  374.6   8138  -14.5  -16.2     87   2.88    129    3.5  342.4  352.9  343.0
  374.2   8148  -14.6  -16.3     87   2.87    131    3.7  342.3  352.8  342.9
  373.7   8156  -14.8  -16.3     88   2.87    133    3.9  342.3  352.8  342.9
  373.3   8164  -14.8  -16.4     88   2.86    134    4.1  342.3  352.8  342.9
  372.9   8173  -14.9  -16.4     88   2.86    136    4.2  342.4  352.8  342.9
  372.4   8183  -14.9  -16.4     88   2.86    137    4.4  342.4  352.9  343.0
  371.9   8193  -15.0  -16.5     88   2.85    137    4.5  342.5  352.9  343.1
  371.5   8202  -15.0  -16.6     88   2.83    137    4.5  342.5  352.9  343.1
  371.1   8210  -15.1  -16.6     89   2.83    136    4.5  342.5  352.9  343.1
  370.7   8218  -15.2  -16.6     89   2.83    135    4.4  342.5  352.9  343.1
  370.3   8226  -15.2  -16.6     89   2.83    132    4.3  342.6  352.9  343.2
  369.8   8236  -15.2  -16.7     88   2.80    130    4.2  342.7  353.0  343.3
  369.4   8245  -15.3  -16.9     88   2.78    126    4.0  342.7  352.9  343.3
  368.9   8255  -15.4  -16.9     88   2.77    122    3.8  342.8  352.9  343.3
  368.6   8262  -15.4  -16.9     88   2.76    119    3.7  342.8  352.9  343.3
  368.2   8269  -15.5  -16.9     89   2.76    115    3.5  342.8  352.9  343.4
  367.8   8277  -15.5  -17.0     88   2.76    112    3.4  342.9  353.0  343.5
  367.5   8283  -15.5  -17.0     88   2.76    109    3.3  343.0  353.1  343.5
  367.0   8293  -15.5  -17.1     88   2.74    108    3.2  343.1  353.1  343.6
  366.5   8303  -15.6  -17.3     87   2.71    109    3.2  343.1  353.1  343.7
  366.1   8311  -15.6  -17.5     86   2.66    111    3.2  343.1  352.9  343.7
  365.7   8320  -15.7  -17.5     86   2.66    113    3.2  343.2  353.0  343.8
  365.3   8329  -15.7  -17.5     86   2.67    117    3.3  343.3  353.1  343.8
  364.8   8339  -15.8  -17.5     86   2.65    122    3.3  343.3  353.1  343.9
  364.3   8349  -15.8  -17.7     85   2.62    126    3.5  343.4  353.1  343.9
  363.8   8360  -15.9  -17.8     85   2.61    131    3.6  343.4  353.1  344.0
  363.3   8370  -15.9  -17.8     85   2.61    135    3.7  343.5  353.2  344.1
  362.8   8380  -15.9  -18.0     84   2.57    140    3.8  343.6  353.1  344.2
  362.4   8389  -16.0  -18.0     85   2.57    144    3.9  343.6  353.1  344.2
  362.0   8398  -16.1  -18.0     85   2.58    149    4.0  343.7  353.2  344.2
  361.6   8406  -16.2  -18.0     86   2.58    153    4.0  343.7  353.2  344.2
  361.2   8415  -16.2  -18.0     86   2.58    157    4.0  343.7  353.2  344.2
  360.7   8425  -16.3  -18.0     86   2.57    161    4.0  343.7  353.2  344.3
  360.2   8434  -16.4  -18.2     86   2.53    165    4.0  343.7  353.1  344.3
  359.8   8443  -16.5  -18.4     85   2.50    168    4.0  343.7  353.0  344.3
  359.3   8453  -16.5  -18.4     85   2.50    170    4.0  343.8  353.1  344.3
  358.9   8463  -16.6  -18.5     85   2.49    172    4.0  343.9  353.1  344.4
  358.4   8473  -16.6  -18.6     85   2.47    174    3.9  343.9  353.1  344.4
  357.9   8482  -16.7  -18.7     84   2.45    175    3.8  344.0  353.1  344.5
  357.5   8490  -16.8  -18.8     84   2.43    175    3.7  344.0  353.0  344.5
  357.2   8499  -16.8  -18.9     84   2.42    176    3.6  344.0  353.0  344.5
  356.8   8507  -16.8  -18.9     84   2.42    176    3.4  344.1  353.0  344.6
  356.4   8515  -16.9  -18.9     85   2.42    177    3.3  344.1  353.1  344.6
  355.9   8524  -17.0  -18.9     85   2.43    178    3.2  344.1  353.1  344.6
  355.5   8534  -17.0  -19.0     85   2.41    180    3.0  344.2  353.1  344.7
  355.0   8543  -17.1  -19.0     85   2.40    182    3.0  344.2  353.1  344.7
  354.6   8552  -17.2  -19.1     84   2.38    185    2.9  344.2  353.1  344.7
  354.2   8561  -17.2  -19.3     83   2.35    188    2.9  344.4  353.1  344.8
  353.8   8570  -17.1  -19.4     82   2.33    191    3.0  344.5  353.2  345.0
  353.4   8578  -17.2  -19.5     83   2.33    193    3.1  344.5  353.1  345.0
  352.9   8588  -17.4  -19.4     84   2.35    196    3.2  344.4  353.2  344.9
  352.5   8598  -17.4  -19.4     85   2.35    197    3.4  344.5  353.2  345.0
  352.1   8606  -17.4  -19.5     84   2.32    198    3.6  344.6  353.3  345.1
  351.7   8614  -17.4  -19.7     83   2.30    199    3.8  344.7  353.2  345.1
  351.2   8624  -17.4  -19.8     82   2.27    199    4.1  344.8  353.3  345.3
  350.8   8634  -17.4  -19.9     81   2.25    199    4.3  345.0  353.4  345.5
  350.3   8644  -17.4  -20.1     79   2.22    199    4.5  345.1  353.4  345.6
  349.9   8653  -17.5  -20.1     80   2.23    199    4.6  345.1  353.4  345.6
  349.4   8662  -17.6  -20.0     82   2.25    198    4.8  345.1  353.5  345.6
  349.0   8671  -17.7  -20.1     82   2.23    198    4.9  345.0  353.4  345.5
  348.6   8680  -17.8  -20.2     82   2.21    198    4.9  345.0  353.3  345.5
  348.2   8689  -17.9  -20.3     81   2.19    197    4.9  345.1  353.3  345.5
  347.7   8699  -17.9  -20.5     80   2.17    196    4.9  345.2  353.3  345.6
  347.2   8710  -17.9  -20.6     80   2.15    195    4.9  345.3  353.4  345.7
  346.8   8718  -18.0  -20.6     80   2.14    193    4.8  345.3  353.3  345.8
  346.4   8727  -18.1  -20.6     81   2.15    191    4.7  345.3  353.3  345.7
  346.0   8736  -18.2  -20.5     82   2.18    189    4.7  345.2  353.4  345.7
  345.5   8748  -18.2  -20.5     82   2.18    187    4.6  345.4  353.5  345.8
  344.9   8759  -18.2  -20.6     82   2.16    185    4.6  345.5  353.6  346.0
  344.5   8768  -18.4  -20.7     82   2.14    183    4.6  345.5  353.5  345.9
  344.2   8775  -18.5  -20.8     82   2.13    182    4.6  345.4  353.4  345.9
  343.8   8783  -18.5  -20.8     82   2.14    180    4.6  345.5  353.5  345.9
  343.4   8792  -18.5  -20.8     82   2.14    179    4.6  345.6  353.7  346.1
  343.0   8801  -18.5  -20.8     82   2.13    179    4.7  345.7  353.7  346.1
  342.6   8810  -18.7  -20.9     83   2.12    179    4.7  345.6  353.5  346.0
  342.2   8819  -18.8  -20.9     83   2.12    179    4.7  345.5  353.4  345.9
  341.7   8829  -18.8  -21.1     83   2.10    179    4.7  345.6  353.5  346.1
  341.3   8839  -18.9  -21.3     81   2.06    179    4.7  345.7  353.5  346.1
  340.9   8846  -18.9  -21.4     81   2.04    180    4.7  345.7  353.4  346.2
  340.6   8853  -19.0  -21.4     82   2.05    180    4.7  345.7  353.5  346.2
  340.1   8864  -19.0  -21.4     82   2.05    180    4.6  345.8  353.6  346.3
  339.7   8874  -19.1  -21.4     82   2.05    180    4.6  345.9  353.6  346.3
  339.3   8882  -19.2  -21.4     83   2.05    180    4.6  345.8  353.6  346.3
  339.0   8890  -19.3  -21.4     83   2.05    179    4.7  345.8  353.5  346.2
  338.5   8899  -19.4  -21.5     83   2.04    179    4.7  345.8  353.5  346.3
  338.1   8910  -19.4  -21.6     83   2.02    179    4.8  345.9  353.5  346.3
  337.6   8919  -19.5  -21.7     83   2.01    179    4.8  345.9  353.5  346.4
  337.2   8929  -19.6  -21.7     83   2.01    179    4.9  345.9  353.5  346.4
  336.7   8940  -19.6  -21.7     84   2.01    180    5.0  346.0  353.6  346.4
  336.2   8950  -19.7  -21.8     83   1.99    181    5.1  346.1  353.6  346.5
  335.9   8958  -19.7  -21.9     83   1.97    182    5.2  346.1  353.5  346.5
  335.5   8966  -19.8  -22.0     83   1.96    183    5.2  346.1  353.5  346.5
  335.1   8974  -19.9  -22.1     83   1.95    184    5.3  346.1  353.5  346.5
  334.8   8982  -19.9  -22.1     83   1.95    186    5.3  346.1  353.5  346.5
  334.4   8991  -20.0  -22.1     83   1.95    187    5.2  346.2  353.6  346.6
  333.9   9001  -20.0  -22.1     83   1.96    188    5.2  346.3  353.7  346.7
  333.5   9011  -20.0  -22.2     83   1.95    190    5.1  346.4  353.8  346.8
  333.1   9019  -20.2  -22.2     84   1.94    190    5.0  346.3  353.6  346.7
  332.8   9027  -20.3  -22.3     84   1.93    191    5.0  346.2  353.5  346.6
  332.3   9037  -20.4  -22.3     85   1.94    191    4.9  346.3  353.6  346.7
  331.8   9049  -20.4  -22.4     84   1.92    191    4.8  346.4  353.7  346.8
  331.3   9059  -20.5  -22.5     84   1.90    191    4.7  346.4  353.6  346.8
  330.9   9068  -20.6  -22.6     84   1.89    190    4.7  346.4  353.6  346.8
  330.5   9077  -20.6  -22.5     85   1.91    189    4.6  346.5  353.7  346.9
  330.0   9088  -20.6  -22.5     85   1.91    187    4.6  346.6  353.8  347.0
  329.6   9099  -20.6  -22.6     84   1.89    185    4.6  346.8  354.0  347.2
  329.2   9107  -20.8  -22.7     84   1.88    183    4.6  346.7  353.8  347.1
  328.8   9116  -20.9  -22.5     87   1.92    181    4.6  346.6  353.9  347.0
  328.3   9128  -21.0  -22.6     87   1.91    179    4.6  346.7  353.9  347.1
  327.7   9140  -21.0  -22.7     86   1.89    177    4.6  346.8  353.9  347.2
  327.1   9154  -21.1  -22.9     86   1.87    175    4.7  346.8  353.9  347.2
  326.5   9167  -21.2  -23.1     85   1.84    173    4.7  346.8  353.8  347.2
  326.0   9179  -21.3  -23.3     84   1.81    171    4.7  346.9  353.8  347.3
  325.4   9192  -21.3  -23.3     84   1.80    169    4.8  347.1  354.0  347.5
  324.9   9204  -21.3  -23.3     84   1.80    167    4.8  347.2  354.1  347.6
  324.3   9216  -21.3  -23.3     84   1.81    166    4.8  347.4  354.3  347.8
  323.8   9229  -21.4  -23.2     85   1.82    165    4.8  347.5  354.5  347.9
  323.2   9241  -21.4  -23.3     85   1.81    164    4.7  347.6  354.5  348.0
  322.7   9253  -21.6  -23.4     86   1.80    163    4.7  347.4  354.3  347.8
  322.3   9264  -21.9  -23.5     87   1.80    163    4.6  347.2  354.1  347.6
  321.8   9274  -22.0  -23.6     87   1.78    162    4.6  347.2  354.0  347.6
  321.3   9285  -22.1  -23.7     87   1.77    162    4.5  347.3  354.0  347.6
  320.9   9295  -22.2  -23.8     87   1.75    162    4.5  347.3  354.0  347.7
  320.5   9305  -22.2  -23.8     87   1.76    162    4.5  347.3  354.0  347.7
  320.1   9314  -22.4  -23.8     88   1.75    162    4.5  347.2  353.9  347.6
  319.7   9323  -22.5  -23.8     89   1.75    162    4.5  347.2  353.9  347.6
  319.3   9332  -22.5  -23.8     89   1.76    162    4.6  347.3  354.0  347.7
  318.9   9341  -22.6  -23.9     89   1.75    162    4.7  347.3  353.9  347.7
  318.4   9352  -22.7  -24.0     90   1.74    161    4.8  347.3  353.9  347.7
  318.0   9362  -22.8  -24.0     90   1.73    161    5.0  347.3  353.9  347.7
  317.5   9373  -22.8  -24.0     90   1.73    160    5.1  347.4  354.1  347.8
  317.0   9386  -22.8  -24.1     90   1.73    159    5.3  347.6  354.2  347.9
  316.4   9398  -22.9  -24.1     90   1.73    158    5.4  347.6  354.3  348.0
  316.0   9409  -23.0  -24.4     89   1.69    157    5.6  347.6  354.1  348.0
  315.6   9418  -23.2  -24.4     90   1.69    156    5.7  347.5  354.0  347.9
  315.2   9426  -23.3  -24.3     92   1.71    154    5.7  347.4  354.0  347.8
  314.8   9435  -23.4  -24.4     91   1.69    153    5.7  347.5  353.9  347.8
  314.4   9444  -23.4  -24.5     91   1.68    153    5.7  347.6  354.0  347.9
  314.2   9450  -23.5  -24.7     90   1.65    152    5.7  347.5  353.9  347.9
  313.8   9459  -23.6  -25.0     88   1.60    152    5.5  347.6  353.7  347.9
  313.4   9468  -23.6  -25.0     89   1.61    153    5.4  347.6  353.8  347.9
  313.2   9474  -23.7  -25.0     89   1.61    154    5.2  347.5  353.7  347.9
  312.9   9480  -23.8  -25.0     89   1.61    156    5.1  347.6  353.7  347.9
  312.5   9489  -23.8  -25.0     90   1.62    158    4.9  347.6  353.8  348.0
  312.2   9497  -23.9  -25.0     91   1.62    161    4.8  347.6  353.8  347.9
  311.9   9504  -24.0  -24.9     92   1.63    165    4.8  347.5  353.8  347.9
  311.6   9511  -24.1  -24.8     94   1.64    169    4.7  347.5  353.8  347.9
  311.2   9519  -24.2  -24.9     94   1.64    173    4.8  347.5  353.8  347.9
  310.9   9528  -24.2  -24.9     94   1.64    177    4.9  347.6  353.8  347.9
  310.5   9536  -24.3  -25.0     94   1.63    180    5.1  347.6  353.9  348.0
  310.2   9543  -24.3  -25.0     94   1.62    182    5.3  347.6  353.8  348.0
  309.9   9550  -24.4  -25.0     94   1.62    184    5.6  347.6  353.9  348.0
  309.6   9557  -24.5  -25.0     95   1.63    185    5.9  347.7  353.9  348.0
  309.4   9563  -24.5  -25.1     95   1.62    186    6.1  347.6  353.9  348.0
  309.1   9570  -24.5  -25.3     94   1.59    186    6.4  347.7  353.8  348.0
  308.8   9577  -24.5  -25.7     90   1.53    186    6.7  347.8  353.7  348.1
  308.4   9585  -24.6  -25.9     88   1.50    185    7.0  347.9  353.7  348.2
  308.1   9593  -24.6  -25.8     90   1.52    184    7.3  347.9  353.8  348.2
  307.7   9601  -24.7  -25.7     91   1.54    183    7.6  347.9  353.8  348.3
  307.5   9608  -24.8  -25.6     93   1.55    182    7.9  347.9  353.8  348.2
  307.2   9614  -24.9  -25.5     94   1.56    181    8.1  347.9  353.9  348.2
  306.9   9622  -24.9  -25.4     96   1.58    179    8.4  347.8  353.9  348.2
  306.6   9629  -25.0  -25.4     96   1.58    178    8.7  347.8  353.9  348.2
  306.2   9637  -25.1  -25.5     96   1.57    176    8.9  347.9  353.9  348.2
  305.9   9645  -25.1  -25.6     96   1.56    175    9.1  347.9  353.9  348.2
  305.6   9653  -25.2  -25.7     95   1.55    174    9.3  347.9  353.9  348.2
  305.2   9661  -25.3  -25.9     94   1.53    173    9.5  348.0  353.8  348.3
  304.9   9670  -25.3  -26.0     94   1.51    172    9.6  348.0  353.8  348.3
  304.5   9678  -25.4  -26.0     95   1.52    172    9.7  348.0  353.8  348.3
  304.1   9688  -25.5  -25.9     96   1.53    171    9.8  348.0  353.9  348.3
  303.7   9697  -25.5  -25.9     96   1.53    171    9.9  348.0  353.9  348.4
  303.4   9705  -25.6  -26.3     94   1.48    172    9.9  348.0  353.8  348.4
  303.0   9714  -25.7  -26.2     95   1.49    172    9.9  348.1  353.9  348.4
  302.6   9723  -25.7  -26.1     96   1.50    173    9.9  348.1  353.9  348.5
  302.3   9731  -25.8  -26.3     95   1.48    173    9.9  348.1  353.8  348.4
  301.9   9740  -25.9  -26.5     95   1.46    174    9.8  348.1  353.8  348.4
  301.6   9748  -26.0  -26.4     96   1.47    175    9.8  348.1  353.8  348.4
  301.3   9755  -26.0  -26.3     98   1.49    176    9.7  348.1  353.9  348.4
  301.0   9763  -26.1  -26.2     99   1.50    176    9.7  348.1  353.9  348.5
  300.6   9772  -26.1  -26.9     93   1.41    177    9.6  348.2  353.7  348.5
  300.2   9782  -26.1  -27.2     91   1.38    177    9.5  348.4  353.7  348.7
  300.0   9786  -26.1  -27.2     91   1.38    177    9.4  348.4  353.8  348.7
  299.8   9792  -26.1  -27.2     91   1.37    177    9.4  348.5  353.8  348.8
  299.4   9801  -26.2  -27.3     91   1.37    177    9.3  348.5  353.8  348.8
  299.0   9811  -26.3  -27.2     92   1.39    177    9.2  348.6  353.9  348.9
  298.6   9820  -26.3  -27.3     91   1.37    177    9.0  348.6  353.9  348.9
  298.3   9828  -26.4  -27.5     90   1.34    177    8.9  348.7  353.9  348.9
  297.9   9837  -26.4  -27.6     89   1.33    177    8.7  348.8  353.9  349.0
  297.5   9847  -26.4  -27.6     89   1.33    177    8.5  348.9  354.1  349.2
  297.1   9856  -26.4  -27.8     89   1.32    177    8.3  349.0  354.1  349.2
  296.7   9866  -26.6  -27.9     89   1.31    177    8.1  348.9  354.0  349.2
  296.3   9875  -26.7  -27.9     89   1.31    177    7.9  348.9  354.0  349.2
  295.9   9885  -26.6  -28.0     88   1.30    177    7.6  349.1  354.2  349.4
  295.6   9894  -26.6  -28.1     87   1.28    177    7.4  349.2  354.2  349.5
  295.2   9903  -26.8  -28.2     88   1.27    177    7.1  349.1  354.1  349.4
  294.8   9913  -26.9  -28.3     89   1.27    177    6.9  349.0  354.0  349.3
  294.3   9925  -26.9  -28.3     88   1.27    177    6.7  349.2  354.2  349.5
  293.8   9937  -26.8  -28.5     85   1.24    177    6.5  349.5  354.4  349.8
  293.4   9947  -26.9  -28.9     84   1.20    178    6.4  349.5  354.2  349.8
  293.0   9955  -27.1  -28.8     85   1.21    178    6.3  349.4  354.1  349.6
  292.7   9965  -27.2  -28.8     86   1.22    179    6.2  349.4  354.1  349.6
  292.3   9973  -27.2  -28.9     86   1.21    179    6.2  349.5  354.3  349.8
  292.0   9981  -27.3  -29.0     85   1.19    180    6.2  349.5  354.2  349.8
  291.7   9989  -27.3  -29.2     85   1.18    181    6.2  349.5  354.1  349.8
  291.3   9999  -27.4  -29.2     85   1.18    182    6.2  349.6  354.2  349.8
  290.9  10010  -27.4  -29.2     85   1.18    183    6.3  349.7  354.3  349.9
  290.5  10019  -27.4  -29.4     83   1.16    184    6.3  349.8  354.3  350.0
  290.1  10029  -27.5  -29.6     83   1.14    185    6.4  349.8  354.3  350.1
  289.7  10038  -27.5  -29.7     82   1.13    185    6.4  349.9  354.4  350.2
  289.3  10048  -27.4  -29.8     80   1.12    186    6.5  350.2  354.6  350.5
  288.9  10058  -27.5  -30.0     79   1.10    186    6.5  350.2  354.5  350.4
  288.5  10067  -27.7  -30.0     81   1.10    186    6.5  350.1  354.4  350.3
  288.2  10076  -27.8  -30.0     81   1.10    186    6.5  350.1  354.5  350.4
  287.8  10085  -27.8  -30.2     80   1.09    185    6.5  350.2  354.5  350.5
  287.4  10095  -27.7  -30.3     79   1.07    184    6.5  350.4  354.7  350.7
  287.1  10104  -27.6  -30.5     76   1.05    183    6.6  350.7  354.8  350.9
  286.7  10113  -27.8  -30.9     75   1.02    182    6.6  350.6  354.7  350.8
  286.3  10123  -28.0  -30.7     77   1.04    181    6.6  350.5  354.6  350.7
  285.9  10133  -28.0  -30.6     78   1.05    180    6.6  350.6  354.7  350.8
  285.5  10143  -27.9  -30.8     77   1.04    179    6.6  350.8  354.9  351.0
  285.1  10153  -28.1  -31.1     75   1.00    178    6.7  350.8  354.8  351.0
  284.7  10163  -28.3  -31.2     76   1.00    178    6.7  350.5  354.5  350.7
  284.4  10172  -28.4  -31.2     77   0.99    177    6.7  350.5  354.4  350.7
  284.0  10180  -28.5  -31.5     75   0.97    177    6.8  350.6  354.4  350.8
  283.7  10189  -28.5  -31.6     75   0.96    177    6.8  350.6  354.5  350.8
  283.3  10199  -28.4  -31.5     74   0.97    178    6.8  350.9  354.7  351.1
  282.9  10208  -28.5  -31.6     74   0.96    178    6.9  351.0  354.8  351.2
  282.6  10216  -28.7  -31.6     76   0.97    178    6.9  350.7  354.5  350.9
  282.3  10225  -28.8  -31.6     77   0.97    178    7.0  350.7  354.6  350.9
  281.9  10234  -28.8  -31.7     76   0.96    177    7.0  350.8  354.7  351.0
  281.6  10243  -28.9  -31.9     75   0.94    177    7.0  350.9  354.6  351.1
  281.2  10252  -29.0  -32.1     75   0.93    176    7.0  350.8  354.5  351.0
  280.8  10261  -29.1  -32.1     76   0.93    175    7.0  350.8  354.5  351.0
  280.5  10271  -29.1  -32.0     76   0.93    174    7.0  350.9  354.6  351.1
  280.1  10280  -29.1  -32.2     75   0.92    172    6.9  351.1  354.7  351.2
  279.8  10288  -29.2  -32.3     74   0.91    171    6.7  351.0  354.7  351.2
  279.5  10296  -29.3  -32.3     75   0.91    169    6.5  351.0  354.6  351.2
  279.2  10303  -29.3  -32.3     75   0.92    168    6.2  351.1  354.7  351.3
  278.9  10311  -29.3  -32.4     75   0.91    166    5.8  351.2  354.8  351.4
  278.6  10319  -29.4  -32.5     74   0.90    164    5.4  351.2  354.8  351.4
  278.2  10329  -29.4  -32.5     75   0.90    163    5.0  351.2  354.9  351.4
  277.8  10339  -29.5  -32.5     75   0.90    162    4.5  351.3  354.9  351.5
  277.4  10348  -29.6  -32.6     75   0.90    160    4.0  351.3  354.9  351.5
  277.1  10357  -29.7  -32.7     75   0.88    159    3.6  351.3  354.8  351.5
  276.7  10367  -29.8  -32.8     75   0.88    158    3.1  351.3  354.8  351.5
  276.3  10378  -29.8  -32.8     75   0.88    158    2.6  351.4  354.9  351.6
  275.9  10388  -29.9  -33.0     74   0.87    157    2.2  351.5  354.9  351.6
  275.6  10394  -30.0  -33.0     75   0.87    157    1.8  351.4  354.9  351.6
  275.4  10401  -30.0  -32.9     76   0.87    157    1.5  351.4  354.9  351.6
  275.1  10409  -30.1  -32.9     76   0.87    158    1.2  351.4  355.0  351.6
  274.7  10419  -30.1  -32.9     77   0.88    161    1.0  351.5  355.0  351.7
  274.4  10427  -30.2  -33.0     76   0.86    166    0.8  351.6  355.1  351.8
  274.1  10434  -30.2  -33.2     75   0.86    174    0.6  351.7  355.1  351.8
  273.8  10442  -30.2  -33.2     75   0.85    187    0.5  351.7  355.1  351.9
  273.5  10449  -30.3  -33.2     76   0.85    206    0.5  351.7  355.2  351.9
  273.3  10456  -30.4  -33.2     76   0.85    225    0.5  351.7  355.1  351.9
  273.0  10462  -30.4  -33.2     76   0.85    240    0.6  351.8  355.2  351.9
  272.7  10471  -30.5  -33.2     77   0.85    250    0.7  351.8  355.2  352.0
  272.3  10481  -30.5  -33.2     77   0.86    256    0.8  351.8  355.3  352.0
  271.9  10491  -30.6  -33.2     78   0.86    261    1.0  351.9  355.3  352.1
  271.6  10499  -30.7  -33.5     76   0.84    265    1.1  351.9  355.3  352.1
  271.3  10506  -30.7  -33.6     76   0.83    268    1.2  351.9  355.2  352.1
  271.1  10514  -30.8  -33.6     77   0.83    270    1.3  351.9  355.2  352.1
  270.8  10521  -30.8  -33.6     77   0.83    273    1.4  351.9  355.3  352.1
  270.5  10529  -30.9  -33.6     77   0.83    276    1.5  352.0  355.3  352.2
  270.2  10537  -30.9  -33.6     77   0.83    279    1.5  352.0  355.3  352.2
  269.9  10545  -31.0  -33.7     77   0.82    282    1.5  352.0  355.4  352.2
  269.5  10554  -31.0  -33.7     77   0.82    285    1.4  352.1  355.4  352.3
  269.2  10563  -31.1  -33.8     77   0.82    289    1.4  352.1  355.4  352.3
  268.9  10571  -31.2  -34.0     76   0.80    294    1.3  352.1  355.4  352.3
  268.6  10578  -31.3  -34.2     75   0.79    300    1.1  352.1  355.3  352.3
  268.3  10585  -31.3  -34.4     74   0.78    306    1.0  352.2  355.3  352.3
  268.0  10593  -31.4  -34.5     74   0.77    315    0.8  352.2  355.3  352.4
  267.7  10601  -31.4  -34.7     72   0.75    326    0.6  352.3  355.3  352.4
  267.4  10611  -31.4  -34.7     73   0.76    345    0.4  352.3  355.4  352.5
  267.0  10621  -31.5  -34.6     74   0.77     22    0.3  352.4  355.5  352.6
  266.6  10632  -31.6  -34.5     75   0.77     70    0.3  352.5  355.6  352.6
  266.2  10641  -31.7  -34.4     77   0.78     99    0.5  352.4  355.6  352.6
  265.8  10652  -31.8  -34.4     78   0.78    115    0.7  352.4  355.5  352.5
  265.4  10662  -31.9  -34.7     76   0.76    124    0.9  352.5  355.5  352.6
  265.1  10672  -32.0  -34.8     76   0.75    131    1.1  352.5  355.5  352.6
  264.7  10681  -32.1  -34.6     78   0.77    137    1.3  352.4  355.6  352.6
  264.4  10690  -32.1  -34.8     77   0.76    142    1.4  352.5  355.6  352.7
  264.0  10700  -32.2  -35.1     75   0.73    147    1.4  352.6  355.5  352.7
  263.6  10710  -32.3  -35.2     75   0.73    151    1.5  352.5  355.5  352.7
  263.3  10720  -32.3  -35.3     75   0.72    156    1.4  352.6  355.5  352.7
  262.9  10729  -32.4  -35.4     75   0.72    162    1.3  352.6  355.6  352.8
  262.6  10738  -32.5  -35.5     75   0.71    169    1.1  352.6  355.5  352.7
  262.2  10748  -32.6  -35.5     75   0.71    180    0.9  352.6  355.5  352.8
  261.8  10759  -32.6  -35.6     75   0.71    198    0.7  352.7  355.6  352.9
  261.5  10769  -32.7  -35.7     74   0.70    227    0.6  352.7  355.5  352.8
  261.1  10778  -32.8  -35.7     75   0.70    262    0.6  352.7  355.6  352.9
  260.7  10788  -32.8  -35.6     76   0.71    286    0.8  352.8  355.7  353.0
  260.4  10798  -32.9  -35.6     77   0.71    299    1.1  352.8  355.7  353.0
  260.0  10808  -33.1  -36.0     74   0.68    307    1.3  352.8  355.6  352.9
  259.7  10816  -33.2  -36.1     75   0.68    312    1.6  352.7  355.5  352.9
  259.4  10824  -33.3  -35.9     77   0.69    315    1.8  352.7  355.5  352.8
  259.1  10833  -33.3  -35.9     77   0.69    317    1.9  352.8  355.6  352.9
  258.7  10842  -33.3  -36.2     75   0.67    318    2.0  353.0  355.7  353.1
  258.4  10852  -33.3  -36.4     74   0.66    319    2.1  353.0  355.7  353.1
  258.0  10862  -33.5  -36.5     74   0.65    319    2.2  352.9  355.6  353.1
  257.7  10870  -33.6  -36.7     74   0.64    318    2.3  352.9  355.5  353.0
  257.4  10878  -33.7  -36.6     75   0.65    317    2.3  352.9  355.5  353.0
  257.0  10889  -33.7  -36.6     75   0.65    315    2.4  353.0  355.7  353.1
  256.7  10899  -33.8  -36.7     75   0.65    312    2.4  353.0  355.7  353.1
  256.3  10908  -34.0  -36.7     76   0.64    308    2.4  352.9  355.5  353.1
  256.0  10917  -34.0  -36.8     76   0.64    304    2.5  352.9  355.5  353.0
  255.6  10926  -34.1  -36.9     75   0.63    299    2.5  353.0  355.6  353.2
  255.3  10936  -34.1  -37.1     74   0.62    295    2.6  353.1  355.7  353.3
  254.9  10947  -34.1  -37.2     73   0.62    291    2.6  353.3  355.8  353.4
  254.5  10959  -34.3  -37.4     74   0.61    288    2.7  353.1  355.6  353.2
  254.1  10968  -34.5  -37.3     76   0.61    285    2.7  353.0  355.5  353.1
  253.8  10977  -34.6  -37.2     77   0.62    283    2.7  353.0  355.5  353.1
  253.5  10986  -34.6  -37.4     76   0.61    281    2.7  353.1  355.6  353.2
  253.2  10995  -34.7  -37.5     75   0.60    281    2.6  353.1  355.5  353.2
  252.8  11005  -34.8  -37.6     76   0.60    281    2.6  353.1  355.5  353.2
  252.4  11016  -34.7  -37.4     76   0.61    282    2.4  353.3  355.8  353.5
  252.0  11027  -34.5  -37.4     75   0.61    284    2.3  353.9  356.4  354.0
  251.6  11038  -34.4  -37.9     70   0.58    287    2.1  354.1  356.5  354.2
  251.2  11048  -34.6  -37.9     72   0.58    291    2.0  354.0  356.4  354.1
  250.8  11059  -34.7  -37.7     74   0.60    295    1.8  354.0  356.4  354.1
  250.5  11070  -34.8  -38.1     72   0.57    300    1.7  353.9  356.3  354.1
  250.1  11079  -35.0  -38.3     71   0.56    304    1.5  353.9  356.2  354.0
  250.0  11082  -35.0  -38.3     72   0.56    308    1.4  353.9  356.2  354.0
  249.8  11088  -35.1  -38.1     74   0.57    308    1.4  353.9  356.2  354.0
  249.4  11100  -35.2  -38.1     74   0.57    311    1.2  353.9  356.2  354.0
  248.9  11112  -35.3  -38.2     74   0.57    313    1.1  353.9  356.2  354.0
  248.6  11122  -35.4  -38.5     73   0.55    314    0.9  353.8  356.1  353.9
  248.2  11132  -35.6  -39.0     70   0.53    312    0.7  353.8  355.9  353.9
  247.8  11143  -35.7  -38.8     74   0.54    308    0.6  353.7  355.9  353.8
  247.4  11154  -35.9  -38.5     77   0.56    301    0.4  353.6  355.9  353.7
  247.1  11163  -36.0  -38.6     77   0.55    288    0.3  353.6  355.9  353.7
  246.8  11172  -36.1  -38.6     77   0.55    265    0.2  353.5  355.8  353.7
  246.4  11183  -36.1  -38.7     77   0.55    221    0.1  353.7  355.9  353.8
  246.1  11192  -36.2  -39.1     75   0.53    171    0.1  353.6  355.8  353.7
  245.7  11202  -36.4  -39.2     75   0.52    140    0.2  353.5  355.7  353.6
  245.4  11212  -36.6  -39.0     78   0.53    121    0.3  353.4  355.6  353.5
  245.0  11224  -36.6  -39.0     79   0.54    107    0.4  353.5  355.7  353.6
  244.6  11235  -36.7  -39.1     78   0.53     98    0.5  353.6  355.7  353.7
  244.2  11245  -36.9  -39.3     78   0.52     91    0.6  353.5  355.6  353.6
  243.8  11257  -37.0  -39.4     78   0.51     86    0.7  353.5  355.6  353.6
  243.3  11271  -37.0  -39.8     76   0.50     83    0.8  353.6  355.7  353.7
  242.8  11284  -37.0  -40.2     72   0.48     80    0.8  353.9  355.9  354.0
  242.4  11295  -37.0  -40.5     70   0.46     79    0.9  354.0  355.9  354.1
  242.1  11304  -37.3  -40.7     70   0.45     79    0.9  353.7  355.6  353.8
  241.8  11313  -37.4  -40.4     73   0.47     79    0.9  353.7  355.7  353.8
  241.5  11323  -37.4  -40.3     74   0.48     80    0.9  353.8  355.8  353.9
  241.1  11333  -37.4  -40.5     72   0.46     81    0.8  353.9  355.9  354.0
  240.8  11343  -37.5  -40.9     71   0.45     82    0.8  354.0  355.8  354.1
  240.5  11351  -37.7  -41.0     71   0.44     82    0.7  353.8  355.7  353.9
  240.2  11360  -37.8  -40.8     74   0.45     81    0.6  353.7  355.6  353.8
  239.9  11369  -37.8  -40.6     75   0.46     78    0.6  353.8  355.8  353.9
  239.5  11379  -37.9  -40.9     74   0.45     70    0.5  353.9  355.8  354.0
  239.2  11389  -38.0  -41.2     72   0.44     55    0.5  353.9  355.7  353.9
  238.8  11399  -38.1  -41.1     74   0.44     36    0.5  353.8  355.7  353.9
  238.5  11410  -38.2  -41.1     74   0.44     19    0.6  353.9  355.7  354.0
  238.1  11421  -38.2  -41.3     72   0.43      7    0.8  354.0  355.9  354.1
  237.7  11431  -38.3  -41.7     70   0.42      2    0.9  354.1  355.8  354.2
  237.3  11442  -38.4  -42.1     68   0.40    358    1.1  354.1  355.8  354.2
  237.0  11452  -38.4  -42.2     67   0.39    356    1.3  354.1  355.8  354.2
  236.6  11462  -38.5  -42.1     69   0.40    354    1.5  354.2  355.8  354.2
  236.3  11472  -38.7  -42.2     69   0.40    353    1.8  354.1  355.8  354.2
  236.0  11482  -38.8  -42.2     70   0.40    353    2.0  354.0  355.7  354.1
  235.7  11490  -38.9  -42.2     71   0.40    353    2.2  354.0  355.7  354.1
  235.4  11497  -39.0  -42.3     71   0.39    354    2.4  354.0  355.7  354.1
  235.2  11505  -39.0  -42.4     70   0.39    356    2.6  354.0  355.7  354.1
  234.8  11515  -39.1  -42.4     70   0.39    358    2.7  354.1  355.8  354.2
  234.4  11527  -39.1  -42.4     71   0.39    360    2.7  354.3  356.0  354.4
  234.1  11537  -39.0  -42.5     69   0.39      3    2.8  354.5  356.2  354.6
  233.8  11546  -39.1  -43.0     66   0.37      6    2.8  354.5  356.1  354.6
  233.4  11556  -39.3  -43.1     67   0.36      8    2.7  354.4  355.9  354.5
  233.1  11566  -39.4  -42.9     69   0.37     11    2.7  354.4  355.9  354.4
  232.7  11577  -39.4  -42.8     70   0.38     14    2.6  354.5  356.1  354.6
  232.4  11587  -39.3  -42.7     69   0.38     16    2.5  354.9  356.5  354.9
  232.0  11597  -39.2  -43.2     66   0.36     18    2.4  355.1  356.7  355.2
  231.7  11607  -39.3  -43.5     65   0.35     19    2.3  355.1  356.6  355.2
  231.4  11617  -39.5  -43.4     67   0.36     20    2.3  354.9  356.4  355.0
  231.0  11626  -39.7  -43.2     69   0.36     20    2.2  354.8  356.3  354.9
  230.7  11635  -39.9  -43.6     67   0.35     20    2.2  354.7  356.2  354.8
  230.4  11644  -40.0  -43.8     67   0.34     20    2.1  354.6  356.1  354.7
  230.1  11654  -40.0  -43.6     68   0.35     20    2.2  354.8  356.3  354.9
  229.8  11662  -40.1  -43.9     67   0.34     19    2.2  354.8  356.3  354.9
  229.6  11669  -40.3  -44.0     67   0.34     19    2.4  354.5  356.0  354.6
  229.3  11678  -40.4  -44.0     69   0.34     20    2.5  354.5  355.9  354.5
  229.0  11686  -40.5  -44.2     68   0.33     20    2.7  354.5  355.9  354.6
  228.7  11695  -40.5  -44.4     66   0.32     21    2.9  354.6  356.0  354.7
  228.4  11705  -40.5  -44.4     66   0.33     23    3.2  354.7  356.1  354.8
  228.1  11715  -40.5  -44.3     67   0.33     25    3.4  354.9  356.3  355.0
  227.8  11724  -40.6  -44.6     65   0.32     27    3.7  354.9  356.3  355.0
  227.5  11732  -40.7  -44.5     67   0.32     30    3.9  354.8  356.1  354.8
  227.2  11739  -40.9  -44.3     69   0.33     33    4.1  354.7  356.1  354.8
  226.9  11749  -41.0  -44.5     69   0.32     36    4.3  354.7  356.1  354.8
  226.6  11758  -41.0  -44.6     68   0.32     40    4.6  354.7  356.1  354.8
  226.3  11767  -41.1  -44.7     68   0.32     43    4.7  354.8  356.1  354.8
  225.9  11778  -41.1  -44.8     67   0.31     47    4.9  354.9  356.3  355.0
  225.6  11790  -41.2  -45.1     66   0.30     50    5.1  354.9  356.2  355.0
  225.2  11799  -41.4  -45.3     66   0.30     53    5.3  354.9  356.2  354.9
  225.0  11807  -41.4  -45.4     66   0.30     56    5.5  354.8  356.1  354.9
  224.7  11816  -41.5  -45.5     65   0.29     58    5.7  354.9  356.1  354.9
  224.4  11824  -41.6  -45.7     64   0.29     59    5.9  354.9  356.1  355.0
  224.2  11832  -41.6  -45.7     65   0.29     60    6.1  354.9  356.1  355.0
  223.9  11840  -41.7  -45.6     65   0.29     60    6.2  355.0  356.2  355.0
  223.6  11848  -41.8  -45.6     66   0.29     59    6.4  355.0  356.2  355.0
  223.3  11858  -41.9  -45.6     67   0.29     58    6.5  355.0  356.2  355.0
  223.0  11869  -41.9  -45.5     68   0.29     56    6.6  355.0  356.2  355.0
  222.6  11879  -42.0  -45.6     68   0.29     54    6.6  355.1  356.3  355.1
  222.3  11887  -42.1  -45.9     67   0.28     52    6.7  355.1  356.3  355.1
  222.1  11896  -42.2  -46.1     66   0.28     50    6.7  355.0  356.2  355.1
  221.7  11906  -42.2  -46.0     67   0.28     48    6.7  355.1  356.3  355.2
  221.4  11917  -42.2  -45.9     67   0.28     46    6.6  355.3  356.5  355.3
  221.0  11927  -42.3  -46.0     67   0.28     43    6.5  355.4  356.6  355.4
  220.8  11936  -42.5  -46.3     66   0.27     41    6.4  355.2  356.3  355.2
  220.4  11945  -42.6  -46.2     67   0.27     39    6.3  355.2  356.4  355.2
  220.1  11955  -42.6  -46.1     69   0.28     37    6.2  355.3  356.5  355.3
  219.8  11964  -42.6  -46.2     68   0.28     35    6.1  355.4  356.6  355.5
  219.5  11974  -42.7  -46.5     66   0.27     34    6.0  355.4  356.6  355.5
  219.2  11985  -42.9  -47.0     64   0.25     32    5.9  355.2  356.3  355.2
  218.8  11995  -43.1  -47.0     65   0.25     30    6.0  355.2  356.3  355.2
  218.5  12005  -43.1  -47.0     65   0.26     29    6.0  355.3  356.4  355.3
  218.2  12015  -43.0  -46.8     66   0.26     28    6.2  355.5  356.6  355.6
  217.9  12024  -43.0  -46.8     65   0.26     27    6.4  355.8  356.9  355.8
  217.6  12034  -43.1  -47.1     64   0.25     27    6.6  355.7  356.8  355.7
  217.3  12043  -43.5  -47.4     65   0.24     27    6.9  355.3  356.3  355.3
  217.0  12052  -43.7  -47.2     68   0.25     27    7.2  355.1  356.2  355.1
  216.7  12062  -43.7  -47.1     69   0.25     27    7.6  355.1  356.2  355.2
  216.4  12070  -43.8  -47.4     67   0.25     28    7.9  355.2  356.3  355.3
  216.2  12077  -43.9  -47.6     67   0.24     28    8.2  355.1  356.2  355.2
  215.9  12085  -44.0  -47.6     67   0.24     29    8.4  355.1  356.1  355.1
  215.6  12094  -44.1  -47.6     68   0.24     30    8.6  355.1  356.2  355.2
  215.3  12105  -44.1  -47.6     68   0.24     31    8.8  355.2  356.3  355.3
  215.0  12114  -44.1  -47.7     67   0.24     32    8.9  355.4  356.5  355.5
  214.7  12124  -44.1  -47.9     66   0.23     33    9.0  355.5  356.6  355.6
  214.3  12134  -44.2  -47.9     66   0.23     34    9.0  355.6  356.6  355.6
  214.0  12144  -44.2  -47.7     68   0.24     35    9.1  355.7  356.7  355.7
  213.7  12153  -44.2  -47.5     69   0.24     36    9.1  355.9  356.9  355.9
  213.5  12161  -44.3  -47.7     69   0.24     37    9.1  355.7  356.8  355.8
  213.2  12170  -44.4  -47.7     70   0.24     38    9.1  355.7  356.8  355.8
  212.9  12180  -44.4  -47.8     69   0.24     38    9.2  355.9  357.0  356.0
  212.6  12189  -44.5  -48.2     66   0.23     39    9.2  355.9  356.9  355.9
  212.3  12198  -44.8  -48.4     67   0.22     39    9.2  355.6  356.6  355.7
  212.0  12208  -44.8  -48.1     70   0.23     40    9.3  355.7  356.7  355.7
  211.7  12218  -44.8  -48.0     70   0.23     40    9.3  355.8  356.8  355.9
  211.4  12226  -44.9  -48.3     69   0.23     41    9.4  355.8  356.8  355.8
  211.1  12236  -45.1  -48.7     67   0.22     41    9.4  355.7  356.7  355.8
  210.8  12247  -45.1  -48.8     66   0.22     41    9.5  355.8  356.8  355.9
  210.4  12257  -45.1  -48.8     66   0.21     42    9.5  356.0  356.9  356.0
  210.1  12267  -45.2  -48.9     67   0.21     42    9.5  356.0  356.9  356.0
  209.8  12276  -45.4  -48.8     68   0.22     42    9.5  355.9  356.8  355.9
  209.6  12285  -45.4  -48.8     69   0.22     42    9.5  355.9  356.9  356.0
  209.3  12294  -45.4  -48.9     68   0.22     42    9.5  356.1  357.0  356.1
  209.0  12303  -45.5  -48.9     68   0.21     41    9.5  356.1  357.0  356.1
  208.7  12313  -45.5  -48.7     70   0.22     41    9.4  356.2  357.1  356.2
  208.4  12322  -45.4  -48.4     72   0.23     40    9.4  356.4  357.4  356.5
  208.1  12332  -45.5  -48.7     70   0.22     40    9.4  356.5  357.5  356.6
  207.8  12340  -45.7  -49.2     68   0.21     39    9.5  356.3  357.2  356.3
  207.5  12350  -45.9  -49.5     67   0.20     38    9.5  356.1  357.0  356.2
  207.2  12361  -46.0  -49.6     67   0.20     37    9.6  356.1  357.0  356.2
  206.9  12371  -46.1  -49.7     66   0.20     36    9.6  356.2  357.0  356.2
  206.6  12380  -46.1  -49.8     66   0.19     35    9.7  356.3  357.1  356.3
  206.3  12390  -46.2  -50.0     65   0.19     34    9.9  356.3  357.2  356.4
  206.0  12399  -46.2  -50.2     64   0.19     34   10.0  356.4  357.2  356.5
  205.7  12409  -46.2  -50.3     64   0.19     33   10.1  356.5  357.3  356.5
  205.4  12418  -46.3  -50.2     64   0.19     33   10.2  356.6  357.5  356.7
  205.1  12427  -46.3  -50.1     65   0.19     33   10.3  356.6  357.5  356.7
  204.9  12435  -46.5  -50.1     67   0.19     32   10.4  356.5  357.3  356.5
  204.6  12443  -46.6  -50.1     67   0.19     32   10.5  356.5  357.3  356.5
  204.3  12453  -46.6  -50.1     68   0.19     33   10.5  356.6  357.5  356.7
  204.0  12463  -46.6  -50.2     66   0.19     33   10.5  356.8  357.6  356.8
  203.7  12473  -46.7  -50.5     65   0.18     33   10.5  356.8  357.6  356.9
  203.4  12484  -46.8  -50.7     64   0.18     33   10.5  356.8  357.6  356.9
  203.1  12494  -46.8  -50.7     64   0.18     33   10.5  356.9  357.7  356.9
  202.8  12503  -46.9  -50.7     65   0.18     33   10.5  356.9  357.7  356.9
  202.5  12512  -47.0  -50.7     66   0.18     33   10.5  356.9  357.7  357.0
  202.3  12521  -47.0  -50.7     66   0.18     33   10.5  356.9  357.7  357.0
  202.0  12529  -47.2  -50.7     67   0.18     33   10.6  356.9  357.7  357.0
  201.7  12537  -47.3  -50.7     68   0.18     32   10.6  356.9  357.7  356.9
  201.5  12547  -47.3  -50.7     68   0.18     32   10.7  356.9  357.7  357.0
  201.1  12557  -47.4  -50.9     67   0.18     32   10.7  357.0  357.8  357.1
  200.9  12565  -47.5  -51.2     66   0.17     31   10.8  356.9  357.6  356.9
  200.6  12573  -47.6  -51.4     65   0.17     31   10.8  356.9  357.6  356.9
  200.4  12582  -47.7  -51.5     64   0.17     30   10.8  356.9  357.7  357.0
  200.1  12593  -47.7  -51.6     64   0.16     29   10.8  357.0  357.8  357.1
  200.0  12595  -47.7  -51.6     64   0.16     29   10.7  357.0  357.8  357.1
  199.8  12602  -47.8  -51.7     64   0.16     29   10.7  357.1  357.8  357.1
  199.5  12611  -47.8  -51.7     64   0.16     28   10.7  357.1  357.8  357.1
  199.2  12621  -47.8  -51.6     65   0.16     27   10.6  357.3  358.0  357.3
  198.9  12630  -47.8  -51.5     65   0.17     26   10.5  357.5  358.3  357.6
  198.6  12641  -47.9  -51.6     65   0.16     25   10.3  357.5  358.2  357.5
  198.3  12653  -48.1  -51.8     66   0.16     23   10.2  357.2  358.0  357.3
  197.8  12666  -48.2  -51.6     67   0.17     22   10.1  357.5  358.2  357.5
  197.5  12679  -48.0  -51.4     68   0.17     21   10.0  357.9  358.7  358.0
  197.1  12690  -47.8  -51.6     65   0.17     20    9.9  358.3  359.1  358.4
  196.8  12701  -47.9  -52.1     62   0.16     19    9.8  358.3  359.0  358.4
  196.5  12711  -48.3  -52.6     61   0.15     18    9.8  357.9  358.5  357.9
  196.2  12720  -48.8  -52.8     63   0.15     17    9.7  357.3  357.9  357.3
  195.9  12730  -49.0  -52.6     66   0.15     17    9.7  357.1  357.7  357.1
  195.6  12740  -49.0  -52.6     66   0.15     16    9.7  357.2  357.9  357.3
  195.3  12752  -49.0  -52.7     65   0.15     16    9.7  357.5  358.1  357.5
  195.0  12763  -49.1  -52.9     64   0.14     15    9.6  357.5  358.1  357.5
  194.7  12772  -49.3  -53.3     63   0.14     15    9.6  357.3  357.9  357.3
  194.4  12781  -49.3  -53.5     62   0.14     14    9.6  357.3  358.0  357.4
  194.1  12790  -49.4  -53.5     62   0.14     14    9.5  357.4  358.0  357.4
  193.9  12800  -49.5  -53.4     64   0.14     13    9.5  357.3  357.9  357.4
  193.5  12810  -49.5  -53.3     64   0.14     13    9.4  357.5  358.2  357.6
  193.3  12820  -49.5  -53.2     65   0.14     12    9.3  357.6  358.2  357.6
  193.0  12830  -49.7  -53.5     64   0.14     11    9.1  357.5  358.1  357.5
  192.6  12841  -49.8  -53.9     62   0.13     11    9.0  357.5  358.1  357.6
  192.4  12850  -49.9  -54.0     62   0.13     10    8.9  357.5  358.1  357.5
  192.2  12857  -50.1  -54.2     62   0.13     10    8.7  357.3  357.8  357.3
  191.9  12866  -50.2  -54.4     61   0.12     10    8.6  357.3  357.8  357.3
  191.6  12877  -50.2  -54.5     60   0.12     10    8.5  357.4  358.0  357.4
  191.2  12888  -50.3  -54.7     59   0.12     10    8.4  357.5  358.0  357.5
  191.0  12898  -50.5  -55.0     59   0.12     11    8.3  357.4  357.9  357.4
  190.7  12907  -50.6  -55.2     58   0.11     11    8.2  357.3  357.8  357.4
  190.4  12916  -50.7  -55.3     58   0.11     11    8.2  357.3  357.8  357.3
  190.2  12924  -50.8  -55.4     59   0.11     12    8.2  357.2  357.7  357.2
  190.0  12932  -50.9  -55.4     59   0.11     13    8.3  357.2  357.7  357.2
  189.7  12942  -50.9  -55.4     59   0.11     13    8.3  357.3  357.8  357.3
  189.4  12951  -50.9  -55.3     60   0.11     13    8.4  357.4  358.0  357.5
  189.2  12960  -51.0  -55.2     61   0.11     13    8.6  357.4  357.9  357.4
  188.9  12967  -51.1  -55.2     61   0.11     13    8.7  357.5  358.0  357.5
  188.7  12975  -51.2  -55.2     62   0.11     13    8.9  357.5  358.0  357.5
  188.4  12984  -51.3  -55.3     62   0.11     12    9.0  357.5  358.0  357.5
  188.2  12993  -51.4  -55.4     62   0.11     12    9.2  357.4  357.9  357.4
  188.0  13000  -51.5  -55.6     62   0.11     11    9.4  357.2  357.7  357.3
  187.8  13008  -51.6  -55.7     61   0.11     11    9.5  357.2  357.7  357.2
  187.5  13016  -51.7  -55.9     61   0.11     10    9.7  357.3  357.8  357.3
  187.3  13024  -51.7  -55.9     60   0.10     10    9.8  357.4  357.8  357.4
  187.0  13033  -51.8  -56.0     61   0.10     10    9.8  357.4  357.9  357.4
  186.8  13041  -51.9  -55.9     62   0.10     10    9.9  357.3  357.8  357.4
  186.6  13048  -52.0  -55.9     63   0.10     10    9.9  357.2  357.7  357.2
  186.4  13055  -52.1  -56.0     63   0.10     10    9.9  357.1  357.6  357.2
  186.2  13064  -52.2  -55.9     64   0.11     10    9.9  357.2  357.7  357.2
  185.9  13072  -52.2  -55.8     65   0.11     10    9.8  357.3  357.8  357.4
  185.7  13080  -52.2  -55.7     66   0.11     10    9.8  357.4  357.9  357.4
  185.5  13088  -52.3  -55.7     67   0.11     10    9.8  357.3  357.8  357.3
  185.2  13095  -52.4  -55.7     68   0.11     10    9.7  357.4  357.9  357.4
  185.0  13103  -52.4  -55.7     68   0.11      9    9.7  357.4  357.9  357.5
  184.8  13110  -52.5  -55.8     67   0.11      9    9.8  357.4  357.9  357.5
  184.6  13119  -52.6  -56.0     67   0.11      9    9.8  357.4  357.8  357.4
  184.3  13129  -52.7  -56.2     66   0.10      9    9.9  357.3  357.8  357.4
  184.0  13137  -52.8  -56.5     65   0.10      8   10.0  357.3  357.8  357.3
  183.8  13145  -52.9  -56.7     63   0.10      8   10.1  357.3  357.7  357.3
  183.6  13153  -53.0  -57.1     61   0.09      8   10.2  357.3  357.7  357.3
  183.4  13161  -53.0  -57.3     60   0.09      9   10.3  357.4  357.8  357.4
  183.1  13169  -53.1  -57.3     60   0.09      9   10.5  357.5  357.9  357.5
  182.9  13177  -53.1  -57.2     61   0.09     10   10.6  357.5  357.9  357.5
  182.6  13187  -53.2  -57.2     61   0.09     11   10.8  357.5  358.0  357.6
  182.3  13198  -53.2  -57.2     61   0.09     11   10.9  357.8  358.2  357.8
  182.1  13207  -53.1  -57.1     62   0.09     12   11.0  357.9  358.3  357.9
  181.8  13215  -53.3  -57.2     62   0.09     13   11.0  357.8  358.2  357.8
  181.6  13224  -53.6  -57.7     61   0.09     14   11.0  357.5  357.9  357.5
  181.3  13233  -53.7  -57.9     60   0.08     15   11.0  357.5  357.9  357.5
  181.1  13242  -53.7  -57.8     60   0.09     16   11.0  357.6  358.0  357.6
  180.8  13250  -53.8  -57.8     61   0.09     17   10.9  357.6  358.0  357.6
  180.6  13259  -53.9  -57.8     62   0.09     18   10.8  357.5  357.9  357.5
  180.4  13267  -54.0  -57.7     63   0.09     18   10.7  357.5  357.9  357.5
  180.2  13273  -54.0  -57.8     63   0.09     19   10.6  357.5  357.9  357.5
  180.0  13280  -54.1  -58.1     61   0.08     19   10.4  357.5  357.9  357.5
  179.8  13287  -54.2  -58.4     59   0.08     20   10.3  357.6  357.9  357.6
  179.6  13293  -54.2  -58.9     56   0.08     20   10.2  357.6  357.9  357.6
  179.5  13298  -54.2  -59.4     53   0.07     20   10.1  357.6  357.9  357.6
  179.3  13304  -54.3  -59.6     52   0.07     21   10.0  357.7  358.0  357.7
  179.1  13311  -54.3  -59.6     52   0.07     21    9.9  357.7  358.0  357.7
  178.9  13319  -54.4  -59.4     54   0.07     22    9.8  357.7  358.0  357.7
  178.7  13326  -54.5  -59.2     56   0.07     22    9.7  357.6  358.0  357.6
  178.5  13332  -54.5  -59.0     57   0.07     22    9.7  357.7  358.1  357.7
  178.4  13339  -54.5  -59.0     58   0.08     23    9.6  357.7  358.1  357.7
  178.1  13346  -54.6  -59.1     58   0.07     23    9.6  357.7  358.1  357.7
  177.9  13354  -54.8  -59.2     58   0.07     24    9.6  357.6  357.9  357.6
  177.7  13361  -54.9  -59.3     58   0.07     24    9.5  357.6  357.9  357.6
  177.5  13370  -54.9  -59.4     57   0.07     25    9.5  357.7  358.0  357.7
  177.2  13380  -54.8  -59.3     57   0.07     25    9.5  358.0  358.3  358.0
  177.1  13386  -54.9  -59.3     58   0.07     25    9.5  357.9  358.2  357.9
  176.9  13391  -55.1  -59.5     58   0.07     26    9.5  357.7  358.1  357.7
  176.7  13399  -55.2  -59.7     57   0.07     26    9.5  357.7  358.0  357.7
  176.5  13406  -55.2  -59.9     56   0.07     26    9.5  357.7  358.0  357.7
  176.3  13413  -55.3  -60.1     55   0.07     26    9.5  357.7  358.0  357.7
  176.1  13419  -55.4  -60.4     53   0.06     26    9.5  357.7  358.0  357.7
  175.9  13426  -55.4  -60.7     51   0.06     25    9.5  357.7  358.0  357.7
  175.8  13433  -55.4  -61.1     49   0.06     25    9.5  357.7  358.0  357.8
  175.6  13440  -55.5  -61.4     48   0.06     25    9.5  357.8  358.0  357.8
  175.4  13447  -55.5  -61.6     46   0.05     25    9.5  357.8  358.1  357.8
  175.1  13455  -55.6  -61.8     46   0.05     24    9.5  358.0  358.2  358.0
  174.9  13463  -55.6  -61.8     46   0.05     24    9.5  358.0  358.2  358.0
  174.7  13471  -55.7  -61.8     46   0.05     24    9.5  357.9  358.2  357.9
  174.5  13478  -55.9  -62.0     46   0.05     23    9.5  357.8  358.1  357.8
  174.3  13486  -56.0  -62.1     46   0.05     23    9.6  357.7  358.0  357.7
  174.1  13493  -56.1  -62.2     46   0.05     22    9.6  357.7  358.0  357.7
  173.9  13501  -56.1  -62.2     46   0.05     21    9.6  357.8  358.0  357.8
  173.6  13510  -56.2  -62.3     46   0.05     20    9.7  357.9  358.1  357.9
  173.4  13518  -56.2  -62.3     46   0.05     20    9.7  357.9  358.1  357.9
  173.2  13526  -56.2  -62.3     46   0.05     19    9.8  358.0  358.2  358.0
  173.0  13534  -56.3  -62.4     46   0.05     18    9.9  358.0  358.2  358.0
  172.8  13541  -56.5  -62.5     46   0.05     17    9.9  357.8  358.1  357.8
  172.5  13550  -56.6  -62.7     46   0.05     17   10.0  357.8  358.0  357.8
  172.3  13559  -56.6  -62.8     46   0.05     16   10.0  357.8  358.0  357.8
  172.1  13566  -56.6  -62.7     46   0.05     16   10.0  358.0  358.2  358.0
  171.9  13574  -56.6  -62.8     46   0.05     16   10.0  358.1  358.3  358.1
  171.7  13581  -56.7  -63.1     45   0.05     16   10.0  358.0  358.2  358.0
  171.5  13590  -56.9  -63.4     44   0.04     16   10.0  357.8  358.0  357.8
  171.2  13598  -57.0  -63.7     42   0.04     16    9.9  357.9  358.1  357.9
  171.0  13605  -57.0  -63.9     41   0.04     17    9.8  358.0  358.2  358.0
  170.8  13613  -57.0  -64.0     40   0.04     17    9.7  358.2  358.4  358.2
  170.6  13621  -57.0  -64.0     41   0.04     18    9.5  358.3  358.5  358.3
  170.4  13629  -57.1  -64.1     41   0.04     19    9.3  358.2  358.4  358.2
  170.2  13638  -57.2  -64.2     41   0.04     20    9.2  358.1  358.3  358.1
  169.9  13647  -57.3  -64.2     41   0.04     20    9.0  358.2  358.4  358.2
  169.7  13657  -57.3  -64.2     41   0.04     21    8.8  358.2  358.4  358.3
  169.4  13665  -57.5  -64.2     42   0.04     22    8.6  358.1  358.3  358.1
  169.2  13673  -57.7  -64.3     43   0.04     23    8.5  358.0  358.2  358.0
  169.0  13681  -57.7  -64.4     42   0.04     23    8.3  358.0  358.2  358.0
  168.8  13690  -57.8  -64.5     42   0.04     24    8.3  358.0  358.2  358.0
  168.5  13699  -57.9  -64.6     42   0.04     24    8.2  358.0  358.2  358.1
  168.3  13707  -58.0  -64.6     42   0.04     24    8.2  358.0  358.2  358.0
  168.1  13716  -58.1  -64.7     42   0.04     25    8.2  358.0  358.2  358.0
  167.8  13725  -58.1  -64.8     42   0.04     25    8.3  358.1  358.3  358.1
  167.6  13734  -58.1  -64.8     42   0.04     25    8.3  358.2  358.4  358.2
  167.4  13742  -58.2  -64.9     42   0.04     26    8.4  358.2  358.4  358.2
  167.2  13750  -58.3  -65.0     42   0.04     26    8.5  358.1  358.2  358.1
  166.9  13759  -58.4  -65.0     42   0.04     27    8.6  358.2  358.3  358.2
  166.7  13768  -58.4  -65.0     43   0.04     27    8.7  358.3  358.4  358.3
  166.4  13778  -58.5  -65.0     43   0.04     28    8.7  358.3  358.5  358.3
  166.2  13786  -58.7  -65.2     43   0.04     28    8.8  358.1  358.3  358.2
  166.0  13794  -58.7  -65.3     42   0.04     29    8.8  358.1  358.3  358.1
  165.8  13801  -58.7  -65.2     43   0.04     29    8.7  358.3  358.4  358.3
  165.6  13810  -58.7  -65.2     43   0.04     30    8.7  358.4  358.6  358.4
  165.3  13821  -58.9  -65.2     44   0.04     30    8.6  358.3  358.5  358.3
  165.0  13833  -59.0  -65.3     44   0.04     30    8.6  358.3  358.5  358.3
  164.7  13844  -59.0  -65.0     45   0.04     30    8.5  358.6  358.8  358.6
  164.5  13852  -59.0  -65.0     46   0.04     30    8.4  358.6  358.8  358.6
  164.3  13859  -59.2  -65.2     46   0.04     30    8.4  358.4  358.5  358.4
  164.0  13868  -59.3  -65.3     45   0.04     30    8.3  358.5  358.6  358.5
  163.8  13879  -59.2  -65.1     46   0.04     29    8.3  358.7  358.9  358.7
  163.5  13889  -59.3  -65.1     47   0.04     29    8.3  358.7  358.9  358.7
  163.3  13897  -59.6  -65.4     47   0.04     29    8.3  358.4  358.6  358.4
  163.1  13906  -59.7  -65.6     46   0.03     29    8.3  358.4  358.5  358.4
  162.8  13916  -59.7  -65.8     45   0.03     29    8.3  358.6  358.8  358.6
  162.5  13928  -59.5  -65.7     44   0.03     30    8.4  359.0  359.1  359.0
  162.2  13939  -59.7  -65.8     44   0.03     30    8.4  358.9  359.1  358.9
  162.0  13949  -59.9  -66.0     45   0.03     31    8.4  358.6  358.8  358.6
  161.7  13957  -60.1  -66.1     45   0.03     32    8.4  358.6  358.8  358.6
  161.5  13967  -60.1  -66.3     44   0.03     33    8.4  358.6  358.8  358.6
  161.2  13976  -60.2  -66.6     43   0.03     34    8.3  358.7  358.9  358.7
  161.0  13986  -60.2  -66.7     42   0.03     35    8.2  358.9  359.0  358.9
  160.8  13994  -60.3  -67.0     41   0.03     36    8.1  358.8  359.0  358.8
  160.6  14002  -60.4  -67.3     40   0.03     37    8.0  358.7  358.8  358.7
  160.3  14012  -60.4  -67.4     39   0.03     38    7.9  358.9  359.1  358.9
  160.0  14023  -60.3  -67.4     39   0.03     39    7.7  359.3  359.4  359.3
  159.8  14033  -60.4  -67.4     39   0.03     41    7.6  359.2  359.4  359.2
  159.5  14043  -60.7  -67.7     39   0.03     42    7.5  359.0  359.1  359.0
  159.3  14052  -60.9  -67.8     39   0.03     43    7.3  358.8  358.9  358.8
  159.1  14061  -61.0  -67.8     40   0.03     44    7.3  358.8  358.9  358.8
  158.8  14071  -61.0  -67.9     40   0.03     45    7.2  358.8  358.9  358.8
  158.6  14080  -61.2  -68.1     40   0.03     46    7.2  358.7  358.8  358.7
  158.3  14090  -61.3  -68.2     40   0.02     46    7.2  358.6  358.8  358.6
  158.0  14100  -61.4  -68.2     40   0.02     47    7.2  358.7  358.8  358.7
  157.8  14110  -61.5  -68.1     41   0.03     48    7.3  358.7  358.9  358.7
  157.6  14118  -61.5  -68.0     42   0.03     48    7.4  358.8  358.9  358.8
  157.4  14127  -61.7  -68.0     43   0.03     49    7.5  358.7  358.8  358.7
  157.2  14135  -61.8  -68.0     43   0.03     49    7.6  358.6  358.7  358.6
  156.9  14144  -61.8  -68.0     44   0.03     48    7.6  358.7  358.8  358.7
  156.7  14153  -61.9  -68.0     44   0.03     48    7.7  358.8  358.9  358.8
  156.5  14162  -62.0  -68.1     44   0.03     47    7.7  358.7  358.8  358.7
  156.2  14172  -62.1  -68.2     44   0.03     47    7.8  358.7  358.8  358.7
  156.0  14181  -62.1  -68.2     44   0.03     46    7.8  358.8  358.9  358.8
  155.8  14191  -62.1  -68.1     45   0.03     45    7.7  359.0  359.1  359.0
  155.5  14199  -62.2  -68.1     45   0.03     45    7.7  358.9  359.1  359.0
  155.3  14207  -62.5  -68.2     46   0.03     44    7.6  358.6  358.8  358.6
  155.1  14218  -62.6  -68.3     46   0.02     44    7.6  358.5  358.6  358.5
  154.8  14230  -62.7  -68.3     47   0.02     43    7.5  358.6  358.7  358.6
  154.6  14238  -62.8  -68.3     47   0.02     43    7.4  358.6  358.7  358.6
  154.4  14244  -62.9  -68.3     48   0.03     43    7.3  358.6  358.7  358.6
  154.2  14254  -62.9  -68.3     48   0.03     44    7.3  358.7  358.8  358.7
  153.9  14264  -63.0  -68.4     48   0.02     44    7.2  358.7  358.9  358.7
  153.7  14275  -63.1  -68.6     48   0.02     44    7.1  358.6  358.7  358.6
  153.4  14285  -63.2  -68.7     48   0.02     45    7.1  358.6  358.8  358.6
  153.2  14295  -63.3  -68.7     48   0.02     45    7.1  358.7  358.8  358.7
  152.9  14303  -63.3  -68.7     48   0.02     45    7.1  358.8  358.9  358.8
  152.7  14314  -63.4  -68.7     49   0.02     45    7.0  358.7  358.9  358.8
  152.4  14324  -63.6  -68.7     49   0.02     45    7.0  358.8  358.9  358.8
  152.2  14335  -63.7  -68.8     50   0.02     45    7.0  358.6  358.7  358.6
  151.9  14346  -63.8  -68.8     50   0.02     45    7.1  358.6  358.7  358.6
  151.6  14355  -63.9  -68.9     50   0.02     45    7.1  358.7  358.8  358.7
  151.5  14363  -64.0  -69.0     50   0.02     45    7.1  358.6  358.8  358.7
  151.2  14372  -64.1  -69.1     50   0.02     45    7.2  358.7  358.8  358.7
  151.0  14383  -64.1  -69.1     50   0.02     46    7.2  358.8  358.9  358.8
  150.7  14393  -64.2  -69.1     51   0.02     46    7.2  358.8  358.9  358.8
  150.5  14401  -64.4  -69.2     51   0.02     46    7.2  358.6  358.7  358.6
  150.3  14411  -64.5  -69.3     51   0.02     47    7.2  358.6  358.7  358.6
  150.1  14420  -64.5  -69.4     51   0.02     48    7.2  358.7  358.8  358.7
  150.0  14422  -64.5  -69.5     51   0.02     48    7.2  358.7  358.8  358.7
  149.8  14429  -64.6  -69.5     50   0.02     48    7.2  358.8  358.9  358.8
  149.6  14439  -64.7  -69.7     50   0.02     49    7.2  358.7  358.8  358.7
  149.3  14449  -64.8  -69.9     49   0.02     50    7.2  358.8  358.9  358.8
  149.1  14459  -64.8  -70.0     49   0.02     51    7.2  358.8  358.9  358.8
  148.9  14468  -65.0  -70.2     48   0.02     52    7.2  358.7  358.8  358.7
  148.6  14477  -65.1  -70.3     48   0.02     53    7.3  358.7  358.8  358.7
  148.4  14487  -65.1  -70.3     49   0.02     53    7.3  358.8  358.9  358.8
  148.2  14498  -65.2  -70.3     49   0.02     54    7.3  358.8  358.9  358.8
  147.9  14510  -65.3  -70.4     49   0.02     54    7.4  358.8  358.9  358.8
  147.6  14522  -65.5  -70.5     49   0.02     54    7.4  358.8  358.9  358.8
  147.3  14534  -65.5  -70.6     49   0.02     54    7.4  358.9  359.0  358.9
  147.0  14546  -65.5  -70.7     49   0.02     54    7.4  359.0  359.1  359.0
  146.7  14558  -65.7  -70.8     49   0.02     54    7.4  359.0  359.1  359.0
  146.5  14568  -65.9  -70.9     49   0.02     53    7.3  358.8  358.9  358.8
  146.2  14577  -66.0  -71.0     50   0.02     53    7.3  358.8  358.9  358.8
  146.0  14588  -66.0  -70.9     50   0.02     53    7.2  358.9  359.0  358.9
  145.7  14598  -65.9  -70.7     51   0.02     52    7.1  359.3  359.4  359.3
  145.5  14607  -66.0  -70.7     52   0.02     52    7.1  359.3  359.4  359.3
  145.3  14616  -66.3  -70.9     52   0.02     52    7.0  359.0  359.1  359.0
  145.0  14628  -66.4  -71.1     51   0.02     52    7.0  358.9  359.0  359.0
  144.7  14641  -66.5  -71.2     51   0.02     52    7.0  359.0  359.1  359.0
  144.4  14652  -66.7  -71.4     52   0.02     52    7.1  358.9  359.0  358.9
  144.1  14664  -66.8  -71.5     52   0.02     52    7.2  358.9  359.0  358.9
  143.8  14677  -66.9  -71.5     52   0.02     52    7.3  358.9  359.0  358.9
  143.5  14689  -66.9  -71.5     52   0.02     52    7.4  359.2  359.2  359.2
  143.3  14700  -66.8  -71.4     52   0.02     53    7.5  359.5  359.6  359.5
  143.0  14711  -66.8  -71.5     52   0.02     53    7.6  359.6  359.7  359.6
  142.7  14723  -67.2  -71.7     53   0.02     54    7.7  359.3  359.3  359.3
  142.5  14733  -67.4  -71.9     53   0.02     54    7.8  358.9  359.0  358.9
  142.2  14744  -67.6  -71.9     54   0.02     55    7.8  358.9  359.0  359.0
  142.0  14753  -67.6  -71.9     54   0.02     55    7.8  359.1  359.2  359.1
  141.8  14762  -67.5  -71.8     55   0.02     55    7.8  359.3  359.4  359.3
  141.6  14772  -67.6  -71.8     55   0.02     56    7.8  359.3  359.4  359.3
  141.3  14783  -67.9  -72.1     55   0.02     56    7.7  359.0  359.1  359.0
  141.1  14792  -68.0  -72.2     55   0.02     56    7.5  359.0  359.1  359.0
  140.9  14802  -67.9  -72.2     54   0.02     56    7.4  359.3  359.3  359.3
  140.7  14811  -68.0  -72.3     54   0.02     56    7.3  359.2  359.3  359.2
  140.4  14822  -68.1  -72.3     54   0.02     56    7.1  359.4  359.5  359.4
  140.2  14833  -68.0  -72.2     55   0.02     56    7.0  359.6  359.7  359.6
  139.9  14844  -68.2  -72.4     55   0.02     56    6.9  359.4  359.5  359.4
  139.7  14855  -68.5  -72.7     54   0.01     55    6.7  359.1  359.1  359.1
  139.4  14865  -68.6  -72.9     54   0.01     55    6.6  359.1  359.2  359.1
  139.2  14875  -68.7  -73.0     54   0.01     55    6.6  359.2  359.2  359.2
  138.9  14886  -68.8  -73.1     53   0.01     55    6.5  359.2  359.3  359.2
  138.7  14897  -68.8  -73.2     53   0.01     55    6.5  359.3  359.4  359.3
  138.4  14908  -69.0  -73.4     52   0.01     55    6.5  359.3  359.3  359.3
  138.2  14918  -69.1  -73.7     52   0.01     55    6.6  359.1  359.2  359.1
  137.9  14929  -69.2  -73.8     51   0.01     55    6.6  359.2  359.2  359.2
  137.7  14940  -69.3  -73.9     51   0.01     54    6.7  359.2  359.2  359.2
  137.4  14950  -69.4  -74.0     51   0.01     54    6.8  359.2  359.2  359.2
  137.2  14959  -69.5  -74.1     51   0.01     54    6.9  359.1  359.2  359.1
  137.0  14970  -69.6  -74.1     52   0.01     54    7.0  359.3  359.3  359.3
  136.7  14981  -69.6  -74.2     51   0.01     54    7.1  359.3  359.4  359.3
  136.5  14992  -69.8  -74.5     50   0.01     55    7.1  359.2  359.3  359.2
  136.2  15003  -69.8  -74.7     49   0.01     55    7.2  359.4  359.4  359.4
  135.9  15016  -69.8  -74.8     48   0.01     55    7.2  359.7  359.8  359.7
  135.6  15029  -69.8  -74.9     48   0.01     55    7.1  359.8  359.9  359.8
  135.3  15042  -69.9  -74.9     48   0.01     56    7.1  359.9  359.9  359.9
  135.0  15055  -70.0  -74.9     48   0.01     57    7.0  360.0  360.0  360.0
  134.8  15066  -70.1  -75.1     49   0.01     57    7.0  359.9  359.9  359.9
  134.5  15077  -70.3  -75.3     48   0.01     58    6.9  359.8  359.8  359.8
  134.3  15087  -70.4  -75.5     48   0.01     59    6.9  359.7  359.8  359.7
  134.1  15097  -70.5  -75.5     47   0.01     60    6.9  359.8  359.8  359.8
  133.9  15106  -70.6  -75.6     48   0.01     61    6.9  359.8  359.8  359.8
  133.7  15116  -70.7  -75.7     48   0.01     62    7.0  359.7  359.8  359.7
  133.4  15126  -70.8  -75.7     48   0.01     62    7.1  359.8  359.9  359.8
  133.2  15137  -70.8  -75.8     48   0.01     63    7.2  359.9  359.9  359.9
  132.9  15149  -70.9  -75.9     48   0.01     63    7.4  359.9  360.0  359.9
  132.6  15162  -71.1  -76.1     47   0.01     63    7.6  359.9  359.9  359.9
  132.4  15173  -71.2  -76.3     47   0.01     63    7.8  359.8  359.8  359.8
  132.1  15184  -71.3  -76.5     46   0.01     64    8.0  359.9  359.9  359.9
  131.8  15197  -71.4  -76.6     46   0.01     64    8.2  360.0  360.0  360.0
  131.6  15209  -71.5  -76.6     46   0.01     64    8.3  359.9  360.0  359.9
  131.3  15222  -71.7  -76.7     47   0.01     64    8.5  359.9  359.9  359.9
  131.0  15233  -71.8  -76.8     48   0.01     65    8.6  359.8  359.8  359.8
  130.8  15244  -72.0  -76.8     48   0.01     65    8.7  359.7  359.8  359.7
  130.6  15255  -72.0  -76.8     49   0.01     66    8.7  359.7  359.8  359.8
  130.3  15265  -72.1  -76.9     49   0.01     67    8.8  359.9  359.9  359.9
  130.1  15276  -72.2  -77.0     49   0.01     68    8.8  359.9  359.9  359.9
  129.8  15288  -72.3  -77.0     49   0.01     69    8.8  360.0  360.0  360.0
  129.6  15299  -72.4  -77.2     49   0.01     70    8.9  359.9  359.9  359.9
  129.3  15310  -72.6  -77.4     49   0.01     71    8.9  359.8  359.8  359.8
  129.1  15320  -72.7  -77.5     48   0.01     72    8.9  359.8  359.8  359.8
  128.9  15330  -72.8  -77.6     48   0.01     73    8.9  359.8  359.8  359.8
  128.7  15340  -72.9  -77.7     48   0.01     74    8.8  359.8  359.8  359.8
  128.5  15350  -73.0  -77.8     48   0.01     75    8.8  359.7  359.8  359.7
  128.3  15359  -73.1  -77.9     48   0.01     76    8.7  359.7  359.8  359.7
  128.1  15368  -73.2  -78.1     47   0.01     77    8.6  359.7  359.8  359.7
  127.9  15377  -73.3  -78.2     47   0.01     78    8.5  359.7  359.8  359.7
  127.7  15385  -73.3  -78.3     47   0.01     79    8.4  359.8  359.8  359.8
  127.5  15395  -73.4  -78.4     46   0.01     80    8.3  359.8  359.9  359.9
  127.2  15409  -73.5  -78.5     46   0.01     81    8.1  359.9  359.9  359.9
  126.9  15423  -73.6  -78.6     46   0.01     82    8.0  360.0  360.0  360.0
  126.6  15433  -73.7  -78.7     46   0.01     83    7.8  359.9  360.0  359.9
  126.4  15442  -73.9  -78.9     46   0.01     84    7.7  359.7  359.7  359.7
  126.2  15452  -74.1  -79.0     47   0.01     85    7.6  359.6  359.7  359.6
  126.0  15462  -74.1  -79.0     47   0.01     86    7.6  359.7  359.7  359.7
  125.8  15472  -74.2  -78.9     48   0.01     87    7.5  359.8  359.8  359.8
  125.6  15482  -74.2  -78.9     49   0.01     88    7.4  359.8  359.9  359.8
  125.4  15491  -74.3  -78.9     49   0.01     89    7.4  359.9  359.9  359.9
  125.2  15500  -74.3  -78.9     49   0.01     90    7.3  360.0  360.0  360.0
  125.0  15508  -74.4  -79.1     49   0.01     91    7.3  360.0  360.1  360.0
  124.8  15517  -74.5  -79.3     48   0.01     92    7.2  360.0  360.0  360.0
  124.6  15527  -74.7  -79.5     47   0.01     94    7.1  359.8  359.9  359.8
  124.4  15536  -74.8  -79.6     47   0.01     95    7.0  359.8  359.8  359.8
  124.3  15543  -74.9  -79.6     48   0.01     96    6.9  359.7  359.7  359.7
  124.1  15551  -74.9  -79.6     48   0.01     97    6.8  359.8  359.8  359.8
  123.9  15560  -75.0  -79.6     49   0.01     98    6.7  359.8  359.9  359.8
  123.7  15571  -75.1  -79.6     50   0.01     99    6.5  359.8  359.8  359.8
  123.5  15580  -75.3  -79.7     50   0.01    101    6.3  359.7  359.7  359.7
  123.3  15589  -75.4  -79.7     50   0.01    102    6.2  359.7  359.7  359.7
  123.1  15598  -75.4  -79.8     51   0.01    103    6.0  359.7  359.8  359.7
  122.9  15607  -75.5  -79.8     51   0.01    104    5.9  359.8  359.8  359.8
  122.7  15616  -75.6  -79.8     52   0.01    105    5.8  359.8  359.9  359.8
  122.5  15626  -75.7  -79.9     52   0.01    107    5.7  359.8  359.8  359.8
  122.3  15634  -75.8  -80.0     52   0.01    108    5.6  359.7  359.8  359.7
  122.1  15643  -75.9  -80.1     52   0.01    110    5.6  359.7  359.8  359.8
  121.9  15654  -76.0  -80.2     51   0.01    112    5.6  359.7  359.8  359.7
  121.7  15664  -76.1  -80.4     51   0.01    114    5.7  359.7  359.7  359.7
  121.5  15674  -76.2  -80.5     51   0.01    116    5.8  359.7  359.7  359.7
  121.3  15685  -76.2  -80.6     51   0.01    118    5.9  359.8  359.8  359.8
  121.0  15697  -76.3  -80.6     51   0.01    120    6.1  360.0  360.0  360.0
  120.8  15708  -76.3  -80.6     51   0.01    122    6.3  360.1  360.1  360.1
  120.6  15718  -76.3  -80.6     51   0.01    123    6.5  360.2  360.2  360.2
  120.3  15729  -76.4  -80.6     52   0.01    125    6.8  360.4  360.4  360.4
  120.1  15739  -76.4  -80.6     52   0.01    126    7.0  360.4  360.4  360.4
  119.9  15748  -76.6  -80.7     52   0.00    127    7.3  360.4  360.4  360.4
  119.8  15757  -76.7  -80.8     52   0.00    128    7.6  360.3  360.3  360.3
  119.6  15765  -76.7  -80.9     51   0.00    128    7.8  360.4  360.4  360.4
  119.4  15775  -76.7  -81.0     51   0.00    127    8.0  360.5  360.5  360.5
  119.2  15785  -76.8  -81.2     50   0.00    127    8.2  360.5  360.5  360.5
  119.0  15794  -76.9  -81.3     50   0.00    126    8.4  360.5  360.6  360.5
  118.8  15803  -76.9  -81.3     50   0.00    124    8.6  360.6  360.6  360.6
  118.6  15812  -77.0  -81.3     50   0.00    123    8.7  360.7  360.7  360.7
  118.4  15822  -77.1  -81.4     50   0.00    121    8.8  360.7  360.8  360.7
  118.2  15833  -77.2  -81.4     51   0.00    120    8.9  360.7  360.8  360.7
  117.9  15845  -77.2  -81.5     51   0.00    118    8.9  360.9  361.0  360.9
  117.7  15855  -77.1  -81.4     50   0.00    117    8.9  361.3  361.3  361.3
  117.5  15867  -77.0  -81.3     50   0.00    115    8.9  361.7  361.7  361.7
  117.2  15880  -77.2  -81.5     50   0.00    114    8.8  361.5  361.5  361.5
  117.0  15892  -77.6  -81.9     50   0.00    113    8.7  360.9  361.0  361.0
  116.7  15903  -77.8  -82.0     51   0.00    112    8.6  360.9  360.9  360.9
  116.5  15914  -77.9  -82.0     51   0.00    112    8.5  360.9  361.0  360.9
  116.2  15928  -77.9  -82.0     52   0.00    112    8.4  361.1  361.2  361.1
  116.0  15941  -77.9  -81.9     53   0.00    112    8.3  361.2  361.2  361.2
  115.7  15952  -78.1  -82.0     53   0.00    112    8.3  361.2  361.2  361.2
  115.5  15962  -78.3  -82.2     53   0.00    113    8.4  361.1  361.1  361.1
  115.3  15973  -78.4  -82.3     53   0.00    113    8.5  361.1  361.1  361.1
  115.1  15983  -78.4  -82.4     53   0.00    114    8.6  361.2  361.2  361.2
  114.9  15995  -78.5  -82.5     52   0.00    115    8.8  361.2  361.2  361.2
  114.7  16006  -78.6  -82.5     53   0.00    116    9.1  361.2  361.2  361.2
  114.4  16016  -78.7  -82.6     53   0.00    117    9.4  361.3  361.3  361.3
  114.2  16028  -78.7  -82.6     53   0.00    117    9.8  361.4  361.4  361.4
  114.0  16040  -78.7  -82.6     53   0.00    118   10.2  361.6  361.6  361.6
  113.7  16052  -78.7  -82.6     53   0.00    118   10.7  361.9  361.9  361.9
  113.5  16062  -78.7  -82.6     53   0.00    119   11.2  362.1  362.1  362.1
  113.4  16071  -78.7  -82.7     52   0.00    119   11.7  362.2  362.2  362.2
  113.2  16081  -78.6  -82.8     51   0.00    119   12.2  362.5  362.5  362.5
  113.0  16091  -78.6  -82.9     50   0.00    118   12.7  362.8  362.8  362.8
  112.7  16102  -78.5  -82.9     49   0.00    118   13.1  363.2  363.2  363.2
  112.5  16112  -78.4  -82.9     48   0.00    117   13.6  363.5  363.5  363.5
  112.3  16122  -78.4  -82.9     48   0.00    116   14.0  363.7  363.7  363.7
  112.1  16133  -78.4  -82.8     49   0.00    116   14.4  364.0  364.0  364.0
  111.9  16144  -78.3  -82.6     49   0.00    115   14.8  364.4  364.4  364.4
  111.7  16155  -78.3  -82.6     50   0.00    114   15.1  364.6  364.6  364.6
  111.5  16167  -78.3  -82.6     50   0.00    113   15.5  364.7  364.7  364.7
  111.2  16178  -78.4  -82.6     51   0.00    112   15.8  364.8  364.8  364.8
  111.0  16189  -78.4  -82.6     51   0.00    111   16.2  365.0  365.0  365.0
  110.8  16200  -78.4  -82.7     50   0.00    111   16.5  365.1  365.1  365.1
  110.6  16211  -78.5  -82.8     50   0.00    110   16.9  365.1  365.1  365.1
  110.4  16223  -78.6  -83.0     49   0.00    109   17.4  365.1  365.1  365.1
  110.1  16235  -78.7  -83.1     49   0.00    109   17.8  365.2  365.2  365.2
  109.9  16247  -78.9  -83.3     49   0.00    108   18.3  365.1  365.1  365.1
  109.7  16259  -79.0  -83.4     49   0.00    108   18.9  365.0  365.0  365.0
  109.4  16271  -79.1  -83.4     49   0.00    107   19.4  365.2  365.2  365.2
  109.2  16284  -79.1  -83.4     50   0.00    107   20.0  365.4  365.4  365.4
  108.9  16298  -79.0  -83.4     49   0.00    106   20.5  365.7  365.7  365.7
  108.7  16311  -79.0  -83.4     49   0.00    106   21.0  366.1  366.1  366.1
  108.5  16321  -78.8  -83.3     48   0.00    105   21.5  366.6  366.6  366.6
  108.3  16333  -78.6  -83.3     46   0.00    105   21.8  367.2  367.3  367.2
  108.0  16346  -78.3  -83.3     45   0.00    104   22.1  367.9  368.0  367.9
  107.7  16360  -78.2  -83.3     43   0.00    103   22.3  368.6  368.6  368.6
  107.5  16375  -78.0  -83.3     43   0.00    102   22.4  369.0  369.0  369.0
  107.2  16390  -77.9  -83.2     42   0.00    102   22.5  369.5  369.5  369.5
  107.0  16402  -77.9  -83.2     42   0.00    101   22.5  369.8  369.8  369.8
  106.8  16411  -77.9  -83.2     43   0.00    100   22.4  370.0  370.0  370.0
  106.6  16422  -77.8  -83.1     42   0.00     99   22.3  370.3  370.3  370.3
  106.4  16434  -77.8  -83.1     42   0.00     98   22.2  370.6  370.6  370.6
  106.1  16446  -77.9  -83.3     42   0.00     97   22.1  370.6  370.6  370.6
  105.9  16459  -78.1  -83.5     42   0.00     96   21.9  370.4  370.4  370.4
  105.7  16470  -78.3  -83.6     42   0.00     95   21.8  370.3  370.3  370.3
  105.5  16483  -78.3  -83.6     42   0.00     94   21.6  370.4  370.4  370.4
  105.2  16497  -78.4  -83.6     42   0.00     93   21.5  370.7  370.7  370.7
  104.9  16511  -78.3  -83.6     43   0.00     93   21.4  371.0  371.0  371.0
  104.7  16524  -78.4  -83.6     42   0.00     93   21.2  371.2  371.2  371.2
  104.5  16534  -78.4  -83.7     42   0.00     93   21.1  371.2  371.2  371.2
  104.3  16545  -78.5  -83.9     42   0.00     93   21.0  371.3  371.4  371.3
  104.1  16555  -78.5  -83.9     41   0.00     94   20.8  371.5  371.6  371.5
  103.9  16565  -78.5  -84.0     41   0.00     94   20.7  371.8  371.8  371.8
  103.8  16574  -78.5  -84.0     40   0.00     95   20.6  371.9  371.9  371.9
  103.6  16584  -78.5  -84.2     40   0.00     96   20.4  372.0  372.0  372.0
  103.4  16596  -78.5  -84.2     39   0.00     97   20.3  372.2  372.2  372.2
  103.1  16609  -78.5  -84.2     39   0.00     98   20.1  372.6  372.6  372.6
  102.9  16622  -78.4  -84.2     39   0.00     98   19.9  372.9  372.9  372.9
  102.7  16633  -78.5  -84.3     39   0.00     99   19.7  372.9  372.9  372.9
  102.5  16642  -78.6  -84.4     39   0.00    100   19.5  372.9  372.9  372.9
  102.4  16651  -78.6  -84.3     39   0.00    100   19.2  373.0  373.0  373.0
  102.2  16660  -78.5  -84.1     40   0.00    100   18.9  373.5  373.5  373.5
  102.1  16668  -78.4  -84.0     40   0.00    100   18.5  373.8  373.8  373.8
  101.9  16677  -78.5  -84.0     40   0.00    100   18.1  373.9  373.9  373.9
  101.8  16685  -78.6  -84.1     40   0.00     99   17.7  373.7  373.8  373.7
  101.6  16694  -78.6  -84.2     40   0.00     99   17.3  373.8  373.8  373.8
  101.5  16703  -78.7  -84.3     40   0.00     98   16.8  373.8  373.9  373.9
  101.3  16713  -78.7  -84.3     39   0.00     97   16.4  374.1  374.1  374.1
  101.1  16724  -78.7  -84.3     39   0.00     97   16.1  374.3  374.3  374.3
  100.8  16737  -78.8  -84.4     40   0.00     96   15.8  374.4  374.4  374.4
  100.6  16751  -79.0  -84.5     41   0.00     96   15.6  374.2  374.2  374.2
  100.4  16762  -79.1  -84.4     41   0.00     95   15.4  374.2  374.3  374.2
  100.2  16772  -79.1  -84.4     42   0.00     95   15.3  374.4  374.4  374.4
  100.0  16785  -79.2  -84.4     42   0.00     95   15.1  374.5  374.5  374.5
   99.9  16793  -79.2  -84.4     43   0.00     95   15.1  374.5  374.5  374.5
   99.7  16802  -79.2  -84.4     42   0.00     95   15.2  374.7  374.7  374.7
   99.5  16812  -79.3  -84.5     42   0.00     96   15.3  374.8  374.9  374.8
   99.3  16823  -79.3  -84.5     42   0.00     96   15.4  375.0  375.0  375.0
   99.2  16832  -79.3  -84.4     43   0.00     97   15.6  375.1  375.2  375.1
   99.0  16840  -79.1  -84.2     43   0.00     98   15.8  375.7  375.7  375.7
   98.9  16850  -79.1  -84.1     44   0.00     98   16.0  375.8  375.8  375.8
   98.6  16863  -79.4  -84.3     45   0.00     99   16.2  375.6  375.6  375.6
   98.4  16877  -79.7  -84.4     46   0.00     99   16.4  375.3  375.3  375.3
   98.2  16888  -79.9  -84.5     46   0.00    100   16.6  375.1  375.1  375.1
   98.1  16896  -80.0  -84.5     47   0.00    100   16.7  375.0  375.0  375.0
   97.9  16905  -80.0  -84.4     48   0.00    101   16.9  375.2  375.2  375.2
   97.7  16917  -80.0  -84.3     49   0.00    101   16.9  375.4  375.4  375.4
   97.5  16929  -80.1  -84.3     49   0.00    102   17.0  375.5  375.5  375.5
   97.3  16941  -80.2  -84.4     50   0.00    102   17.0  375.5  375.5  375.5
   97.1  16953  -80.2  -84.4     50   0.00    102   16.9  375.7  375.7  375.7
   96.9  16964  -80.1  -84.4     50   0.00    102   16.9  376.1  376.1  376.1
   96.7  16974  -79.9  -84.2     49   0.00    102   16.8  376.7  376.7  376.7
   96.5  16986  -79.8  -84.0     50   0.00    102   16.8  377.1  377.2  377.1
   96.3  16997  -79.7  -83.9     50   0.00    102   16.7  377.4  377.5  377.4
   96.1  17009  -79.8  -83.8     51   0.00    102   16.6  377.6  377.6  377.6
   95.9  17022  -79.8  -83.8     52   0.00    102   16.5  377.8  377.8  377.8
   95.7  17034  -79.9  -83.8     53   0.00    102   16.5  377.8  377.8  377.8
   95.5  17046  -80.1  -83.9     54   0.00    102   16.4  377.7  377.7  377.7
   95.3  17058  -80.2  -83.9     54   0.00    102   16.3  377.7  377.7  377.7
   95.1  17072  -80.2  -83.8     55   0.00    102   16.3  377.8  377.8  377.8
   94.8  17085  -80.3  -83.8     57   0.00    102   16.2  378.0  378.0  378.0
   94.7  17096  -80.4  -83.7     58   0.00    103   16.2  378.0  378.0  378.0
   94.5  17106  -80.5  -83.7     59   0.00    103   16.1  378.0  378.0  378.0
   94.3  17116  -80.6  -83.7     60   0.00    103   16.0  378.1  378.1  378.1
   94.2  17125  -80.7  -83.7     61   0.00    104   16.0  378.0  378.0  378.0
   94.0  17136  -80.8  -83.8     61   0.00    104   15.9  378.0  378.0  378.0
   93.8  17149  -80.9  -83.9     61   0.00    105   15.8  378.0  378.0  378.0
   93.6  17162  -80.9  -83.9     61   0.00    105   15.8  378.2  378.2  378.2
   93.3  17176  -81.0  -83.9     61   0.00    106   15.9  378.5  378.5  378.5
   93.1  17190  -81.1  -84.0     62   0.00    106   15.9  378.5  378.5  378.5
   92.9  17203  -81.1  -84.0     62   0.00    106   16.1  378.6  378.6  378.6
   92.7  17215  -81.2  -84.1     62   0.00    106   16.3  378.7  378.7  378.7
   92.5  17226  -81.3  -84.2     62   0.00    106   16.6  378.7  378.8  378.7
   92.3  17237  -81.4  -84.2     62   0.00    106   16.9  378.9  378.9  378.9
   92.1  17250  -81.3  -84.3     62   0.00    106   17.4  379.1  379.1  379.1
   91.9  17262  -81.3  -84.3     61   0.00    105   17.8  379.5  379.5  379.5
   91.7  17274  -81.3  -84.3     60   0.00    104   18.3  379.7  379.8  379.7
   91.5  17286  -81.2  -84.3     59   0.00    104   18.9  380.1  380.1  380.1
   91.3  17299  -81.0  -84.3     58   0.00    103   19.5  380.7  380.7  380.7
   91.1  17311  -81.0  -84.4     57   0.00    102   20.0  381.1  381.1  381.1
   90.9  17323  -81.0  -84.6     55   0.00    102   20.5  381.2  381.2  381.2
   90.7  17335  -80.8  -84.6     53   0.00    101   21.0  381.8  381.9  381.8
   90.5  17346  -80.5  -84.4     52   0.00    101   21.4  382.7  382.7  382.7
   90.4  17355  -80.2  -84.3     51   0.00    101   21.8  383.5  383.5  383.5
   90.3  17363  -79.8  -84.1     50   0.00    101   22.1  384.2  384.3  384.2
   90.1  17374  -79.5  -83.9     49   0.00    101   22.3  385.1  385.2  385.1
   89.9  17385  -79.3  -83.8     48   0.00    101   22.5  385.8  385.9  385.8
   89.8  17395  -79.2  -83.8     47   0.00    101   22.7  386.1  386.1  386.1
   89.6  17405  -79.2  -83.9     46   0.00    102   22.8  386.4  386.4  386.4
   89.4  17416  -79.1  -83.9     46   0.00    102   22.8  386.8  386.8  386.8
   89.3  17427  -79.0  -83.8     45   0.00    102   22.9  387.2  387.2  387.2
   89.1  17440  -78.8  -83.7     45   0.00    102   22.9  387.7  387.7  387.7
   88.8  17454  -78.7  -83.6     45   0.00    103   22.9  388.3  388.3  388.3
   88.6  17468  -78.9  -83.7     45   0.00    103   23.0  388.3  388.3  388.3
   88.4  17484  -79.1  -84.0     45   0.00    103   23.0  388.0  388.0  388.0
   88.1  17500  -79.2  -84.1     45   0.00    103   23.0  388.2  388.2  388.2
   87.9  17513  -79.3  -84.1     45   0.00    103   22.9  388.4  388.4  388.4
   87.7  17527  -79.3  -84.1     45   0.00    103   22.9  388.6  388.6  388.6
   87.5  17543  -79.3  -84.1     46   0.00    103   22.8  388.7  388.7  388.7
   87.2  17559  -79.4  -84.2     45   0.00    104   22.7  388.9  389.0  388.9
   87.0  17571  -79.5  -84.3     45   0.00    104   22.6  389.1  389.1  389.1
   86.8  17583  -79.5  -84.4     45   0.00    104   22.4  389.3  389.3  389.3
   86.6  17596  -79.4  -84.5     44   0.00    105   22.2  389.7  389.7  389.7
   86.5  17608  -79.3  -84.4     43   0.00    105   22.1  390.1  390.1  390.1
   86.3  17619  -79.3  -84.6     42   0.00    105   21.9  390.4  390.5  390.4
   86.1  17628  -79.3  -84.8     41   0.00    105   21.7  390.6  390.6  390.6
   86.0  17638  -79.3  -84.9     39   0.00    105   21.6  390.8  390.8  390.8
   85.8  17649  -79.2  -85.0     39   0.00    105   21.5  391.2  391.2  391.2
   85.6  17662  -79.2  -85.1     38   0.00    105   21.4  391.4  391.5  391.4
   85.4  17677  -79.3  -85.2     37   0.00    105   21.4  391.6  391.6  391.6
   85.2  17693  -79.1  -85.2     37   0.00    105   21.4  392.1  392.2  392.1
   84.9  17711  -78.8  -85.0     36   0.00    105   21.5  393.2  393.2  393.2
   84.7  17727  -78.7  -85.0     36   0.00    105   21.6  393.6  393.6  393.6
   84.4  17743  -79.0  -85.4     35   0.00    105   21.7  393.4  393.4  393.4
   84.2  17760  -79.3  -85.7     34   0.00    105   21.9  393.2  393.2  393.2
   83.9  17778  -79.3  -85.8     34   0.00    105   22.1  393.6  393.6  393.6
   83.6  17795  -79.2  -85.8     33   0.00    106   22.3  394.2  394.2  394.2
   83.4  17811  -78.7  -85.6     32   0.00    106   22.5  395.3  395.3  395.3
   83.2  17825  -78.2  -85.2     32   0.00    107   22.7  396.7  396.7  396.7
   83.0  17839  -77.9  -85.1     31   0.00    108   22.9  397.5  397.5  397.5
   82.8  17852  -77.9  -85.2     30   0.00    109   23.2  397.9  397.9  397.9
   82.6  17867  -77.9  -85.4     29   0.00    110   23.4  398.1  398.1  398.1
   82.4  17882  -77.9  -85.5     28   0.00    111   23.6  398.4  398.5  398.4
   82.2  17896  -77.8  -85.6     28   0.00    111   23.8  398.8  398.9  398.8
   82.0  17907  -77.7  -85.7     27   0.00    112   24.0  399.3  399.3  399.3
   81.9  17915  -77.6  -85.7     26   0.00    112   24.2  399.7  399.7  399.7
   81.8  17924  -77.5  -85.7     26   0.00    113   24.3  400.1  400.2  400.1
   81.7  17933  -77.2  -85.6     25   0.00    113   24.4  400.7  400.7  400.7
   81.5  17943  -77.0  -85.5     25   0.00    113   24.4  401.6  401.6  401.6
   81.4  17952  -76.7  -85.4     24   0.00    113   24.3  402.2  402.2  402.2
   81.3  17961  -76.8  -85.5     24   0.00    113   24.2  402.3  402.3  402.3
   81.1  17969  -76.8  -85.6     23   0.00    113   24.0  402.6  402.6  402.6
   81.0  17978  -76.7  -85.6     23   0.00    113   23.8  402.9  402.9  402.9
   80.9  17987  -76.6  -85.6     23   0.00    113   23.6  403.3  403.3  403.3
   80.8  17995  -76.5  -85.6     23   0.00    112   23.3  403.4  403.4  403.4
   80.7  18003  -76.6  -85.7     23   0.00    112   23.0  403.4  403.5  403.4
   80.5  18012  -76.7  -85.8     22   0.00    112   22.6  403.6  403.6  403.6
   80.4  18020  -76.7  -85.9     22   0.00    112   22.3  403.7  403.7  403.7
   80.3  18029  -76.6  -86.0     22   0.00    111   22.0  403.9  403.9  403.9
   80.2  18038  -76.6  -86.1     21   0.00    111   21.6  404.1  404.1  404.1
   80.1  18046  -76.6  -86.2     21   0.00    111   21.3  404.3  404.3  404.3
   80.0  18053  -76.6  -86.3     20   0.00    110   20.9  404.5  404.6  404.5
   79.9  18060  -76.4  -86.3     20   0.00    110   20.6  405.0  405.1  405.0
   79.8  18067  -76.0  -86.2     19   0.00    110   20.2  405.9  405.9  405.9
   79.7  18075  -75.9  -86.3     19   0.00    110   19.9  406.2  406.3  406.2
   79.6  18083  -76.1  -86.6     18   0.00    109   19.6  406.0  406.0  406.0
   79.5  18090  -76.3  -86.9     17   0.00    109   19.2  405.9  405.9  405.9
   79.3  18098  -76.1  -87.0     17   0.00    109   18.9  406.4  406.4  406.4
   79.2  18110  -75.8  -86.9     16   0.00    108   18.6  407.3  407.3  407.3
   79.0  18125  -75.2  -86.6     16   0.00    107   18.3  408.7  408.7  408.7
   78.8  18141  -74.8  -86.3     15   0.00    107   18.0  409.9  409.9  409.9
   78.6  18152  -74.6  -86.3     15   0.00    105   17.7  410.6  410.6  410.6
   78.5  18160  -74.5  -86.3     15   0.00    104   17.5  410.9  410.9  410.9
   78.4  18169  -74.5  -86.3     15   0.00    102   17.3  411.1  411.2  411.1
   78.3  18177  -74.4  -86.2     15   0.00    100   17.1  411.5  411.5  411.5
   78.1  18188  -74.2  -86.1     15   0.00     98   17.0  412.2  412.2  412.2
   77.9  18203  -74.1  -86.0     15   0.00     96   16.9  412.8  412.8  412.8
   77.7  18218  -74.1  -85.9     15   0.00     94   16.9  413.0  413.1  413.0
   77.5  18232  -74.3  -86.1     15   0.00     91   16.9  412.9  413.0  412.9
   77.4  18242  -74.5  -86.2     15   0.00     89   16.9  412.6  412.7  412.6
   77.3  18249  -74.6  -86.3     15   0.00     87   17.0  412.6  412.6  412.6
   77.2  18256  -74.6  -86.3     15   0.00     85   17.0  412.7  412.7  412.7
   77.1  18262  -74.6  -86.3     15   0.00     84   17.1  412.9  412.9  412.9
   77.0  18274  -74.4  -86.2     15   0.00     82   17.2  413.5  413.6  413.5
   76.9  18282  -74.2  -86.2     14   0.00     81   17.3  414.0  414.0  414.0
   76.8  18289  -74.2  -86.3     14   0.00     80   17.3  414.2  414.2  414.2
   76.7  18295  -74.2  -86.5     14   0.00     80   17.4  414.4  414.4  414.4
   76.6  18304  -74.0  -86.4     13   0.00     79   17.4  414.9  414.9  414.9
   76.5  18312  -73.7  -86.3     13   0.00     79   17.5  415.6  415.7  415.6
   76.4  18319  -73.5  -86.1     13   0.00     78   17.6  416.4  416.4  416.4
   76.3  18326  -73.2  -86.0     13   0.00     78   17.7  417.0  417.1  417.0
   76.2  18334  -72.9  -85.9     13   0.00     78   17.8  417.8  417.8  417.8
   76.1  18340  -72.6  -85.7     12   0.00     77   17.9  418.7  418.7  418.7
   76.0  18346  -72.3  -85.5     12   0.00     77   18.1  419.5  419.5  419.5
   75.9  18354  -72.1  -85.3     12   0.00     76   18.3  420.0  420.0  420.0
   75.8  18363  -72.1  -85.3     12   0.00     75   18.5  420.2  420.2  420.2
   75.7  18371  -72.2  -85.4     12   0.00     75   18.7  420.2  420.2  420.2
   75.6  18380  -72.2  -85.4     12   0.00     74   18.9  420.1  420.2  420.1
   75.5  18388  -72.2  -85.4     12   0.00     74   19.1  420.4  420.4  420.4
   75.4  18395  -72.1  -85.3     12   0.00     73   19.3  420.9  420.9  420.9
   75.3  18402  -71.9  -85.3     12   0.00     72   19.5  421.4  421.4  421.4
   75.2  18409  -71.7  -85.3     12   0.00     72   19.6  421.9  421.9  421.9
   75.1  18417  -71.7  -85.4     11   0.00     71   19.8  422.2  422.2  422.2
   75.0  18425  -71.7  -85.6     11   0.00     70   19.9  422.2  422.2  422.2
   74.9  18433  -71.8  -85.8     11   0.00     69   20.1  422.1  422.1  422.1
   74.8  18441  -71.9  -86.0     11   0.00     69   20.2  422.1  422.1  422.1
   74.7  18451  -71.9  -86.1     10   0.00     68   20.3  422.3  422.3  422.3
   74.6  18461  -71.8  -86.1     10   0.00     68   20.4  422.6  422.7  422.6
   74.5  18470  -71.8  -86.1     10   0.00     67   20.5  422.9  422.9  422.9
   74.3  18478  -71.8  -86.1     10   0.00     67   20.6  423.2  423.2  423.2
   74.2  18487  -71.8  -86.0     10   0.00     66   20.7  423.4  423.4  423.4
   74.1  18496  -71.6  -85.8     10   0.00     66   20.8  424.0  424.0  424.0
   74.0  18505  -71.4  -85.6     11   0.00     66   20.8  424.5  424.5  424.5
   73.9  18514  -71.5  -85.5     11   0.00     66   20.9  424.5  424.6  424.6
   73.8  18521  -71.6  -85.6     11   0.00     66   21.0  424.3  424.4  424.3
   73.7  18528  -71.8  -85.7     11   0.00     67   21.1  424.2  424.2  424.2
   73.6  18536  -71.8  -85.8     11   0.00     67   21.1  424.3  424.3  424.3
   73.5  18546  -71.8  -85.8     11   0.00     68   21.2  424.5  424.5  424.5
   73.4  18555  -71.8  -85.9     11   0.00     68   21.2  424.6  424.6  424.6
   73.3  18564  -71.9  -86.0     11   0.00     69   21.2  424.6  424.6  424.6
   73.2  18573  -72.0  -86.0     11   0.00     70   21.2  424.6  424.6  424.6
   73.1  18582  -72.0  -86.0     11   0.00     70   21.3  424.8  424.8  424.8
   72.9  18592  -71.9  -85.9     11   0.00     71   21.3  425.2  425.2  425.2
   72.8  18601  -71.9  -85.9     11   0.00     72   21.3  425.4  425.4  425.4
   72.7  18611  -71.8  -85.8     11   0.00     73   21.3  425.7  425.7  425.7
   72.6  18621  -71.8  -85.7     11   0.00     74   21.2  426.1  426.1  426.1
   72.5  18631  -71.8  -85.8     11   0.00     75   21.2  426.1  426.2  426.1
   72.3  18641  -72.0  -86.0     11   0.00     76   21.3  426.1  426.1  426.1
   72.2  18651  -72.2  -86.3     11   0.00     77   21.3  425.7  425.8  425.7
   72.1  18660  -72.4  -86.5     10   0.00     78   21.3  425.5  425.5  425.5
   72.0  18669  -72.5  -86.7     10   0.00     78   21.3  425.6  425.6  425.6
   71.9  18678  -72.3  -86.6     10   0.00     79   21.4  426.1  426.1  426.1
   71.8  18688  -72.1  -86.6     10   0.00     80   21.5  426.6  426.7  426.6
   71.6  18697  -72.1  -86.6     10   0.00     80   21.5  427.1  427.1  427.1
   71.5  18706  -72.2  -86.8     10   0.00     81   21.6  427.1  427.1  427.1
   71.4  18716  -72.3  -87.0      9   0.00     82   21.8  427.0  427.1  427.0
   71.3  18726  -72.2  -86.9      9   0.00     82   21.9  427.3  427.3  427.3
   71.2  18737  -72.0  -86.8      9   0.00     83   22.0  427.8  427.9  427.8
   71.0  18748  -71.9  -86.5     10   0.00     83   22.1  428.5  428.5  428.5
   70.9  18759  -71.8  -86.3     10   0.00     83   22.2  428.8  428.8  428.8
   70.7  18771  -71.9  -86.2     10   0.00     84   22.3  429.1  429.1  429.1
   70.6  18781  -71.9  -86.1     10   0.00     84   22.3  429.2  429.2  429.2
   70.5  18791  -71.9  -86.0     11   0.00     85   22.4  429.4  429.4  429.4
   70.4  18802  -71.9  -85.9     11   0.00     85   22.4  429.6  429.6  429.6
   70.2  18813  -71.9  -85.9     11   0.00     85   22.4  429.9  429.9  429.9
   70.1  18823  -71.9  -85.9     11   0.00     86   22.4  430.1  430.1  430.1
   70.0  18833  -71.8  -85.8     11   0.00     86   22.4  430.4  430.4  430.4
   69.9  18843  -71.8  -85.7     11   0.00     86   22.4  430.7  430.7  430.7
   69.8  18853  -71.8  -85.7     11   0.00     86   22.4  430.8  430.9  430.8
   69.7  18862  -71.7  -85.6     11   0.00     86   22.4  431.1  431.2  431.1
   69.5  18873  -71.5  -85.3     11   0.00     86   22.5  431.9  431.9  431.9
   69.4  18884  -71.3  -85.1     11   0.00     86   22.5  432.5  432.5  432.5
   69.3  18895  -71.4  -85.1     12   0.00     85   22.5  432.6  432.6  432.6
   69.2  18905  -71.6  -85.2     12   0.00     85   22.5  432.3  432.3  432.3
   69.0  18915  -71.8  -85.4     12   0.00     85   22.6  432.3  432.3  432.3
   68.9  18925  -71.9  -85.5     12   0.00     85   22.6  432.2  432.2  432.2
   68.8  18935  -72.0  -85.7     11   0.00     84   22.6  432.0  432.1  432.0
   68.7  18944  -72.2  -85.9     11   0.00     84   22.6  431.9  431.9  431.9
   68.6  18953  -72.3  -86.1     11   0.00     84   22.7  431.9  431.9  431.9
   68.5  18964  -72.3  -86.2     11   0.00     83   22.7  432.1  432.1  432.1
   68.3  18975  -72.2  -86.3     10   0.00     83   22.7  432.6  432.6  432.6
   68.2  18984  -72.2  -86.5     10   0.00     83   22.8  432.8  432.8  432.8
   68.1  18993  -72.1  -86.5     10   0.00     83   22.8  433.1  433.2  433.1
   68.0  19002  -72.0  -86.5     10   0.00     82   22.9  433.7  433.7  433.7
   67.9  19012  -71.8  -86.4     10   0.00     82   23.0  434.3  434.3  434.3
   67.8  19022  -71.6  -86.3     10   0.00     82   23.1  434.7  434.8  434.7
   67.7  19032  -71.6  -86.3     10   0.00     81   23.2  435.1  435.1  435.1
   67.6  19042  -71.5  -86.2     10   0.00     81   23.3  435.5  435.5  435.5
   67.5  19050  -71.4  -86.2      9   0.00     81   23.5  435.9  435.9  435.9
   67.4  19058  -71.3  -86.1      9   0.00     81   23.6  436.2  436.3  436.2
   67.3  19068  -71.1  -86.1      9   0.00     81   23.8  436.7  436.7  436.7
   67.2  19077  -70.9  -85.9      9   0.00     81   23.9  437.5  437.5  437.5
   67.1  19085  -70.4  -85.6      9   0.00     81   24.0  438.7  438.7  438.7
   67.0  19093  -69.9  -85.2      9   0.00     81   24.1  439.9  439.9  439.9
   66.9  19101  -69.6  -85.0      9   0.00     81   24.3  440.7  440.7  440.7
   66.8  19109  -69.5  -84.8      9   0.00     82   24.3  441.2  441.2  441.2
   66.7  19118  -69.5  -84.7      9   0.00     82   24.4  441.4  441.5  441.4
   66.6  19126  -69.5  -84.7      9   0.00     82   24.5  441.5  441.6  441.5
   66.5  19135  -69.7  -84.7     10   0.00     83   24.5  441.3  441.4  441.3
   66.4  19143  -69.9  -84.9     10   0.00     83   24.6  441.0  441.0  441.0
   66.3  19150  -70.2  -85.0     10   0.00     83   24.6  440.7  440.7  440.7
   66.2  19165  -70.3  -85.3     10   0.00     84   24.6  440.7  440.7  440.7
   66.1  19174  -70.2  -85.3      9   0.00     85   24.6  441.0  441.0  441.0
   66.0  19182  -70.1  -85.3      9   0.00     85   24.6  441.4  441.4  441.4
   65.9  19188  -70.1  -85.4      9   0.00     85   24.5  441.7  441.7  441.7
   65.8  19203  -70.0  -85.3      9   0.00     86   24.4  442.0  442.1  442.0
   65.7  19210  -69.9  -85.1      9   0.00     87   24.3  442.5  442.5  442.5
   65.6  19217  -69.6  -84.7      9   0.00     87   24.2  443.3  443.3  443.3
   65.5  19225  -69.4  -84.2     10   0.01     88   24.1  444.0  444.0  444.0
   65.4  19232  -69.3  -83.9     11   0.01     88   23.9  444.3  444.3  444.3
   65.3  19240  -69.5  -83.6     11   0.01     89   23.7  444.2  444.2  444.2
   65.2  19253  -69.6  -83.1     12   0.01     89   23.3  444.1  444.2  444.1
   65.1  19260  -69.3  -82.6     13   0.01     90   23.1  444.9  444.9  444.9
   65.0  19273  -69.0  -82.0     14   0.01     90   22.7  445.7  445.8  445.7
   64.9  19279  -69.2  -82.1     14   0.01     90   22.5  445.6  445.6  445.6
   64.8  19291  -69.3  -82.2     14   0.01     90   22.2  445.6  445.6  445.6
   64.7  19297  -69.0  -82.1     14   0.01     89   22.1  446.4  446.4  446.4
   64.6  19310  -68.2  -81.6     13   0.01     89   22.0  448.2  448.3  448.2
   64.5  19316  -68.0  -81.6     13   0.01     88   22.0  448.9  449.0  448.9
   64.4  19328  -68.1  -82.0     12   0.01     88   22.0  449.0  449.0  449.0
   64.3  19333  -68.2  -82.4     12   0.01     88   22.0  448.8  448.8  448.8
   64.2  19346  -68.4  -83.3     10   0.01     87   22.1  448.6  448.6  448.6
   64.1  19352  -68.4  -83.8      9   0.01     87   22.2  448.8  448.9  448.8
   64.0  19364  -68.3  -84.9      8   0.00     87   22.3  449.2  449.3  449.2
   63.9  19372  -68.2  -85.5      7   0.00     87   22.4  449.6  449.7  449.6
   63.8  19383  -68.0  -86.4      6   0.00     87   22.5  450.3  450.3  450.3
   63.7  19389  -67.9  -86.6      5   0.00     87   22.5  450.7  450.7  450.7
   63.6  19403  -67.8  -86.7      5   0.00     88   22.5  451.2  451.2  451.2
   63.5  19409  -67.8  -86.5      5   0.00     88   22.5  451.4  451.4  451.4
   63.4  19422  -67.7  -86.1      6   0.00     88   22.4  451.8  451.8  451.8
   63.3  19428  -67.6  -85.8      6   0.00     89   22.4  452.3  452.3  452.3
   63.2  19442  -67.3  -85.3      6   0.00     90   22.3  453.0  453.1  453.0
   63.1  19449  -67.2  -85.1      6   0.00     90   22.2  453.5  453.5  453.5
   63.0  19456  -67.2  -85.0      6   0.00     91   22.2  453.8  453.8  453.8
   62.9  19469  -67.4  -85.0      7   0.00     92   22.2  453.5  453.5  453.5
   62.8  19477  -67.5  -85.1      7   0.00     93   22.2  453.6  453.6  453.6
   62.7  19485  -67.4  -85.0      7   0.00     94   22.2  453.9  454.0  453.9
   62.6  19500  -67.1  -84.8      7   0.00     95   22.2  454.8  454.8  454.8
   62.5  19508  -67.0  -84.8      7   0.00     96   22.2  455.1  455.2  455.1
   62.4  19515  -67.1  -84.9      6   0.00     97   22.2  455.3  455.3  455.3
   62.3  19523  -67.1  -85.0      6   0.00     98   22.1  455.3  455.4  455.3
   62.2  19539  -67.6  -85.5      6   0.00     99   21.9  454.6  454.6  454.6
   62.1  19547  -67.8  -85.8      6   0.00    100   21.8  454.3  454.3  454.3
   62.0  19554  -67.9  -86.1      6   0.00    100   21.6  454.2  454.2  454.2
   61.9  19562  -67.9  -86.2      6   0.00    101   21.4  454.4  454.4  454.4
   61.8  19577  -67.7  -86.3      6   0.00    102   21.0  455.1  455.1  455.1
   61.7  19585  -67.6  -86.3      5   0.00    102   20.7  455.5  455.6  455.5
   61.6  19593  -67.6  -86.4      5   0.00    102   20.5  455.7  455.7  455.7
   61.5  19606  -67.8  -86.5      5   0.00    102   20.0  455.6  455.6  455.6
   61.4  19613  -67.7  -86.3      6   0.00    101   19.8  455.9  455.9  455.9
   61.3  19622  -67.6  -86.0      6   0.00    101   19.6  456.3  456.3  456.3
   61.2  19631  -67.5  -85.6      6   0.00    100   19.4  456.9  457.0  456.9
   61.1  19640  -67.2  -85.1      6   0.00    100   19.2  457.8  457.8  457.8
   61.0  19657  -66.8  -84.1      7   0.01     99   18.8  458.8  458.8  458.8
   60.9  19666  -66.8  -83.8      7   0.01     98   18.7  459.0  459.1  459.0
   60.8  19674  -66.8  -83.6      8   0.01     98   18.6  459.2  459.2  459.2
   60.7  19683  -66.8  -83.3      8   0.01     97   18.5  459.5  459.5  459.5
   60.6  19691  -66.6  -82.9      8   0.01     97   18.4  460.0  460.1  460.0
   60.5  19705  -66.3  -82.4      9   0.01     97   18.3  460.9  461.0  460.9
   60.4  19714  -66.3  -82.3      9   0.01     96   18.4  461.3  461.3  461.3
   60.3  19723  -66.2  -82.3      9   0.01     96   18.4  461.6  461.6  461.6
   60.2  19732  -66.2  -82.3      9   0.01     96   18.5  461.9  462.0  461.9
   60.1  19741  -66.3  -82.5      9   0.01     97   18.6  461.9  462.0  461.9
   60.0  19757  -66.3  -82.9      8   0.01     97   18.8  462.2  462.3  462.2
   59.9  19765  -66.2  -83.1      8   0.01     97   18.9  462.6  462.6  462.6
   59.8  19775  -66.2  -83.5      7   0.01     97   19.1  462.7  462.8  462.7
   59.7  19784  -66.3  -84.0      7   0.01     97   19.2  462.8  462.8  462.8
   59.6  19793  -66.4  -84.5      6   0.01     98   19.4  462.8  462.8  462.8
   59.5  19802  -66.4  -85.0      6   0.00     98   19.6  462.9  462.9  462.9
   59.4  19811  -66.4  -85.4      5   0.00     98   19.8  463.2  463.2  463.2
   59.3  19828  -66.3  -86.0      5   0.00     98   20.1  463.6  463.6  463.6
   59.2  19838  -66.3  -86.3      5   0.00     97   20.3  463.9  463.9  463.9
   59.1  19848  -66.3  -86.5      4   0.00     97   20.5  464.0  464.1  464.0
   59.0  19857  -66.4  -86.8      4   0.00     97   20.7  464.1  464.1  464.1
   58.9  19866  -66.5  -87.0      4   0.00     96   20.8  464.1  464.2  464.1
   58.8  19876  -66.5  -87.1      4   0.00     96   21.0  464.3  464.3  464.3
   58.7  19886  -66.6  -87.2      4   0.00     95   21.2  464.4  464.4  464.4
   58.6  19896  -66.5  -87.3      4   0.00     95   21.4  464.7  464.7  464.7
   58.5  19906  -66.4  -87.2      4   0.00     94   21.5  465.1  465.2  465.1
   58.4  19916  -66.2  -86.9      4   0.00     94   21.7  465.9  465.9  465.9
   58.3  19926  -65.9  -86.5      4   0.00     93   21.8  466.8  466.8  466.8
   58.2  19936  -65.7  -86.1      4   0.00     92   21.9  467.5  467.6  467.5
   58.1  19947  -65.6  -85.9      4   0.00     92   22.0  467.9  467.9  467.9
   58.0  19957  -65.7  -85.8      5   0.00     91   22.1  467.9  467.9  467.9
   57.9  19967  -65.8  -85.7      5   0.00     91   22.1  467.9  468.0  467.9
   57.8  19977  -65.8  -85.6      5   0.00     90   22.2  468.2  468.2  468.2
   57.7  19987  -65.7  -85.4      5   0.00     90   22.2  468.6  468.7  468.6
   57.6  19997  -65.6  -85.3      5   0.00     89   22.3  469.1  469.1  469.1
   57.5  20008  -65.6  -85.2      5   0.00     89   22.3  469.4  469.5  469.4
   57.4  20019  -65.5  -85.1      5   0.00     89   22.4  469.8  469.9  469.8
   57.3  20029  -65.5  -85.1      5   0.01     88   22.5  470.1  470.2  470.1
   57.2  20039  -65.5  -85.1      5   0.01     88   22.5  470.3  470.3  470.3
   57.1  20050  -65.5  -85.0      5   0.01     88   22.6  470.5  470.6  470.5
   57.0  20060  -65.4  -84.9      5   0.01     88   22.6  471.0  471.0  471.0
   56.9  20079  -65.3  -84.4      5   0.01     87   22.7  471.4  471.5  471.4
   56.8  20090  -65.4  -84.2      6   0.01     87   22.8  471.5  471.5  471.5
   56.7  20101  -65.4  -83.8      6   0.01     87   22.8  471.6  471.7  471.7
   56.6  20112  -65.5  -83.3      7   0.01     87   22.9  471.8  471.8  471.8
   56.5  20122  -65.6  -82.8      8   0.01     87   22.9  471.7  471.8  471.7
   56.4  20132  -65.6  -82.1      8   0.01     87   23.0  471.8  471.9  471.8
   56.3  20143  -65.6  -81.3     10   0.01     87   23.0  472.2  472.3  472.2
   56.2  20153  -65.6  -80.5     11   0.01     87   23.0  472.5  472.5  472.5
   56.1  20164  -65.7  -79.8     12   0.01     87   23.0  472.5  472.6  472.5
   56.0  20175  -65.8  -79.1     14   0.01     87   23.0  472.4  472.5  472.4
   55.9  20186  -65.9  -78.6     16   0.02     87   23.0  472.4  472.5  472.4
   55.8  20196  -66.0  -78.0     17   0.02     87   23.0  472.4  472.6  472.4
   55.7  20206  -66.0  -77.3     19   0.02     87   23.0  472.8  472.9  472.8
   55.6  20217  -65.8  -76.7     21   0.02     87   23.0  473.4  473.5  473.4
   55.5  20227  -65.6  -76.1     22   0.02     86   23.0  474.0  474.2  474.0
   55.4  20237  -65.4  -75.6     23   0.02     86   23.0  474.7  474.9  474.7
   55.3  20248  -65.2  -75.2     24   0.03     86   23.0  475.5  475.6  475.5
   55.2  20258  -65.1  -75.0     24   0.03     86   23.0  476.1  476.3  476.1
   55.1  20269  -65.0  -74.9     24   0.03     86   23.0  476.5  476.6  476.5
   55.0  20277  -65.1  -75.2     23   0.03     85   23.0  476.4  476.6  476.4
   54.9  20297  -65.9  -76.5     21   0.02     85   23.0  475.0  475.1  475.0
   54.8  20307  -66.2  -77.3     20   0.02     84   23.0  474.4  474.5  474.4
   54.7  20317  -66.5  -78.1     18   0.02     84   23.1  474.0  474.1  474.0
   54.6  20327  -66.6  -78.8     16   0.01     83   23.2  474.0  474.1  474.0
   54.5  20337  -66.6  -79.5     15   0.01     83   23.2  474.2  474.3  474.2
   54.4  20347  -66.7  -80.3     13   0.01     82   23.3  474.4  474.4  474.4
   54.3  20358  -66.9  -81.2     12   0.01     82   23.5  474.2  474.2  474.2
   54.2  20368  -67.2  -82.1     10   0.01     81   23.6  473.7  473.8  473.7
   54.1  20377  -67.4  -82.9     10   0.01     81   23.8  473.4  473.5  473.4
   54.0  20394  -67.3  -83.6      8   0.01     80   24.1  474.0  474.1  474.0
   53.9  20403  -67.1  -83.7      8   0.01     80   24.3  474.7  474.8  474.7
   53.8  20412  -67.0  -83.8      8   0.01     79   24.4  475.2  475.2  475.2
   53.7  20430  -67.2  -84.0      8   0.01     79   24.8  474.9  474.9  474.9
   53.6  20440  -67.2  -83.9      8   0.01     79   24.9  475.1  475.1  475.1
   53.5  20448  -67.1  -83.6      8   0.01     79   25.1  475.6  475.7  475.6
   53.4  20458  -66.9  -83.2      8   0.01     79   25.2  476.5  476.5  476.5
   53.3  20467  -66.6  -82.8      9   0.01     79   25.3  477.3  477.4  477.3
   53.2  20484  -66.7  -82.3      9   0.01     79   25.4  477.4  477.4  477.4
   53.1  20494  -66.9  -82.3     10   0.01     79   25.5  477.2  477.2  477.2
   53.0  20503  -66.9  -82.0     10   0.01     79   25.5  477.4  477.4  477.4
   52.9  20512  -66.8  -81.7     11   0.01     79   25.6  478.0  478.1  478.0
   52.8  20530  -66.3  -81.1     11   0.01     79   25.6  479.2  479.3  479.2
   52.7  20540  -66.3  -81.0     11   0.01     79   25.6  479.5  479.6  479.6
   52.6  20549  -66.4  -81.2     11   0.01     80   25.5  479.5  479.6  479.5
   52.5  20558  -66.6  -81.4     11   0.01     80   25.5  479.3  479.4  479.3
   52.4  20576  -66.6  -81.8     10   0.01     81   25.4  479.6  479.6  479.6
   52.3  20584  -66.5  -82.0     10   0.01     81   25.3  480.1  480.2  480.1
   52.2  20594  -66.4  -82.3      9   0.01     81   25.2  480.6  480.6  480.6
   52.1  20604  -66.4  -82.6      9   0.01     82   25.1  480.8  480.9  480.8
   52.0  20622  -66.7  -83.7      8   0.01     82   24.9  480.4  480.5  480.4
   51.9  20631  -66.9  -84.2      7   0.01     83   24.7  480.2  480.3  480.2
   51.8  20639  -67.1  -84.7      7   0.01     83   24.6  480.2  480.2  480.2
   51.7  20656  -67.0  -85.3      6   0.01     84   24.3  480.6  480.7  480.6
   51.6  20665  -66.8  -85.3      6   0.01     84   24.1  481.4  481.4  481.4
   51.5  20674  -66.5  -85.2      6   0.01     84   24.0  482.2  482.2  482.2
   51.4  20690  -66.4  -85.0      6   0.01     85   23.8  482.7  482.7  482.7
   51.3  20699  -66.6  -84.9      6   0.01     85   23.7  482.6  482.7  482.6
   51.2  20715  -66.9  -84.7      7   0.01     86   23.7  482.1  482.2  482.1
   51.1  20722  -66.9  -84.5      7   0.01     86   23.7  482.3  482.4  482.3
   51.0  20738  -66.6  -83.7      7   0.01     87   23.8  483.3  483.3  483.3
   50.9  20747  -66.4  -83.2      8   0.01     87   23.9  484.2  484.2  484.2
   50.8  20765  -66.1  -82.5      8   0.01     88   24.1  485.1  485.1  485.1
   50.7  20774  -66.1  -82.4      9   0.01     88   24.2  485.3  485.4  485.3
   50.6  20782  -66.2  -82.3      9   0.01     89   24.3  485.4  485.4  485.4
   50.5  20798  -66.3  -82.2      9   0.01     90   24.6  485.4  485.4  485.4
   50.4  20807  -66.3  -82.1      9   0.01     90   24.7  485.8  485.9  485.8
   50.3  20825  -66.1  -81.8      9   0.01     92   24.9  486.5  486.6  486.5
   50.2  20834  -66.0  -81.6     10   0.01     92   25.0  487.0  487.1  487.0
   50.1  20842  -66.0  -81.5     10   0.01     93   25.2  487.2  487.2  487.2
   50.0  20858  -66.3  -81.3     10   0.01     93   25.3  486.9  487.0  486.9
   49.9  20869  -66.2  -81.0     11   0.01     94   25.6  487.3  487.4  487.3
   49.8  20878  -66.0  -80.5     12   0.01     95   25.7  488.0  488.1  488.0
   49.7  20896  -65.9  -79.8     13   0.01     95   26.0  488.7  488.8  488.7
   49.6  20905  -66.0  -79.7     13   0.01     95   26.1  488.7  488.8  488.7
   49.5  20914  -66.0  -79.6     14   0.01     95   26.1  488.9  489.0  488.9
   49.4  20934  -65.3  -78.9     14   0.02     96   26.1  490.8  490.9  490.8
   49.3  20944  -64.8  -78.5     13   0.02     95   26.1  492.4  492.5  492.4
   49.2  20954  -64.4  -78.4     13   0.02     95   26.0  493.6  493.7  493.6
   49.1  20964  -64.2  -78.6     12   0.02     95   25.9  494.3  494.4  494.3
   49.0  20983  -64.2  -79.9     10   0.01     95   25.5  494.5  494.6  494.6
   48.9  20992  -64.3  -80.8      9   0.01     95   25.3  494.6  494.6  494.6
   48.8  21002  -64.4  -81.9      7   0.01     94   25.1  494.6  494.7  494.6
   48.7  21020  -64.3  -84.2      5   0.01     94   24.6  495.2  495.3  495.2
   48.6  21029  -64.2  -85.4      4   0.01     94   24.3  495.7  495.8  495.7
   48.5  21039  -64.2  -86.6      3   0.00     94   24.1  496.1  496.2  496.1
   48.4  21058  -64.2  -88.1      2   0.00     94   23.7  496.5  496.5  496.5
   48.3  21068  -64.1  -88.2      2   0.00     94   23.5  496.9  496.9  496.9
   48.2  21078  -64.0  -87.8      3   0.00     94   23.4  497.4  497.5  497.4
   48.1  21096  -63.8  -86.3      3   0.00     94   23.2  498.2  498.2  498.2
   48.0  21105  -63.8  -85.5      4   0.01     94   23.2  498.5  498.6  498.5
   47.9  21115  -63.8  -84.6      4   0.01     94   23.2  498.8  498.9  498.8
   47.8  21135  -63.7  -82.9      6   0.01     95   23.2  499.3  499.4  499.3
   47.7  21144  -63.7  -82.1      7   0.01     95   23.2  499.6  499.7  499.6
   47.6  21154  -63.7  -81.4      7   0.01     95   23.2  499.8  499.9  499.8
   47.5  21174  -63.6  -80.0      9   0.01     95   23.2  500.5  500.6  500.5
   47.4  21184  -63.4  -79.3     10   0.02     95   23.2  501.3  501.5  501.3
   47.3  21193  -63.2  -78.6     11   0.02     95   23.1  502.1  502.3  502.1
   47.2  21214  -63.2  -77.9     12   0.02     95   23.0  502.3  502.4  502.3
   47.1  21223  -63.4  -77.8     12   0.02     95   22.8  502.1  502.3  502.1
   47.0  21234  -63.5  -77.8     13   0.02     96   22.7  502.1  502.3  502.1
   46.9  21245  -63.5  -77.7     13   0.02     96   22.6  502.5  502.6  502.5
   46.8  21264  -63.3  -77.4     13   0.02     96   22.4  503.4  503.6  503.4
   46.7  21274  -63.4  -77.6     13   0.02     96   22.3  503.3  503.5  503.3
   46.6  21285  -63.8  -78.0     13   0.02     96   22.2  502.7  502.8  502.7
   46.5  21305  -64.3  -78.6     12   0.02     96   22.1  501.9  502.0  501.9
   46.4  21316  -64.1  -78.5     12   0.02     96   22.1  502.6  502.7  502.6
   46.3  21327  -63.9  -78.4     12   0.02     96   22.1  503.5  503.6  503.5
   46.2  21337  -63.7  -78.3     12   0.02     96   22.1  504.1  504.3  504.1
   46.1  21358  -63.6  -78.3     12   0.02     96   22.3  504.9  505.0  504.9
   46.0  21369  -63.2  -78.2     12   0.02     96   22.4  505.9  506.1  505.9
   45.9  21379  -63.0  -78.1     11   0.02     96   22.4  506.9  507.1  506.9
   45.8  21390  -62.9  -78.2     11   0.02     96   22.5  507.4  507.6  507.4
   45.7  21410  -63.4  -79.3     10   0.02     96   22.6  506.6  506.7  506.6
   45.6  21420  -63.7  -80.1      9   0.01     97   22.6  506.1  506.2  506.1
   45.5  21430  -63.9  -80.8      8   0.01     97   22.7  505.9  506.0  505.9
   45.4  21450  -64.0  -82.1      7   0.01     97   22.6  506.1  506.2  506.1
   45.3  21460  -63.8  -82.5      6   0.01     97   22.6  506.7  506.8  506.7
   45.2  21470  -63.7  -82.8      6   0.01     97   22.6  507.4  507.5  507.4
   45.1  21490  -63.8  -83.2      6   0.01     96   22.7  507.4  507.4  507.4
   45.0  21501  -64.0  -83.2      6   0.01     96   22.7  507.3  507.4  507.3
   44.9  21511  -64.1  -83.0      6   0.01     96   22.7  507.5  507.5  507.5
   44.8  21530  -63.9  -82.3      6   0.01     96   22.9  508.2  508.2  508.2
   44.7  21539  -63.9  -82.0      7   0.01     95   22.9  508.5  508.5  508.5
   44.6  21556  -63.8  -81.5      7   0.01     95   23.0  509.2  509.3  509.2
   44.5  21566  -63.4  -81.1      7   0.01     94   23.0  510.3  510.4  510.3
   44.4  21586  -62.7  -80.5      7   0.01     94   22.9  512.4  512.5  512.4
   44.3  21594  -62.7  -80.7      7   0.01     93   22.7  512.8  512.9  512.8
   44.2  21613  -62.9  -81.4      7   0.01     92   22.4  512.5  512.6  512.5
   44.1  21622  -63.0  -81.8      6   0.01     91   22.2  512.7  512.8  512.7
   44.0  21638  -63.1  -82.7      5   0.01     90   21.8  512.8  512.9  512.8
   43.9  21655  -62.7  -82.9      5   0.01     89   21.3  514.0  514.1  514.0
   43.8  21663  -62.4  -82.8      5   0.01     88   21.1  515.1  515.2  515.1
   43.7  21681  -62.1  -82.3      5   0.01     87   20.8  516.3  516.4  516.3
   43.6  21691  -62.1  -82.1      5   0.01     87   20.6  516.6  516.7  516.6
   43.5  21708  -62.0  -81.3      6   0.01     86   20.4  517.1  517.2  517.1
   43.4  21724  -61.7  -80.6      6   0.01     86   20.1  518.1  518.2  518.1
   43.3  21740  -61.7  -80.2      7   0.01     85   19.9  518.6  518.7  518.6
   43.2  21748  -61.6  -80.1      7   0.02     85   19.8  519.2  519.3  519.2
   43.1  21764  -61.4  -80.1      7   0.02     85   19.5  520.1  520.2  520.1
   43.0  21781  -61.6  -80.7      6   0.01     85   19.3  519.8  519.9  519.8
   42.9  21796  -61.7  -81.1      6   0.01     85   19.0  519.9  520.0  519.9
   42.8  21813  -61.7  -81.2      6   0.01     85   18.7  520.2  520.3  520.2
   42.7  21820  -61.7  -81.1      6   0.01     85   18.5  520.5  520.6  520.5
   42.6  21835  -61.5  -80.7      6   0.01     85   18.2  521.5  521.6  521.5
   42.5  21852  -61.3  -80.1      7   0.02     84   17.8  522.3  522.4  522.3
   42.4  21869  -61.7  -80.1      7   0.02     84   17.5  521.8  521.9  521.8
   42.3  21885  -62.0  -80.2      7   0.02     83   17.2  521.3  521.4  521.3
   42.2  21892  -62.0  -80.1      7   0.02     83   17.1  521.5  521.6  521.5
   42.1  21908  -61.8  -79.7      8   0.02     82   16.9  522.5  522.6  522.5
   42.0  21924  -61.5  -79.3      8   0.02     81   16.7  523.6  523.7  523.6
   41.9  21938  -61.7  -79.5      8   0.02     80   16.7  523.4  523.5  523.4
   41.8  21954  -61.9  -79.9      7   0.02     79   16.6  523.3  523.5  523.3
   41.7  21970  -62.0  -80.4      7   0.02     77   16.4  523.4  523.5  523.4
   41.6  21986  -61.8  -80.6      6   0.01     76   16.3  524.2  524.3  524.2
   41.5  22002  -61.8  -80.9      6   0.01     74   16.1  524.7  524.8  524.7
   41.4  22018  -62.2  -81.4      6   0.01     73   15.9  524.0  524.1  524.0
   41.3  22032  -62.5  -81.6      6   0.01     71   15.9  523.6  523.7  523.6
   41.2  22046  -62.3  -81.3      6   0.01     70   15.8  524.4  524.5  524.4
   41.1  22061  -62.0  -80.8      7   0.01     69   15.8  525.6  525.7  525.6
   41.0  22076  -62.0  -80.5      7   0.02     68   15.7  525.9  526.1  525.9
   40.9  22090  -62.0  -80.2      7   0.02     68   15.6  526.3  526.4  526.3
   40.8  22104  -61.9  -80.1      7   0.02     68   15.3  526.8  527.0  526.8
   40.7  22120  -61.9  -80.3      7   0.02     68   15.0  527.4  527.5  527.4
   40.6  22137  -61.8  -80.8      6   0.01     69   14.7  527.9  528.0  527.9
   40.5  22151  -62.0  -81.7      6   0.01     70   14.4  527.8  527.9  527.8
   40.4  22165  -62.4  -82.9      5   0.01     70   14.1  527.3  527.3  527.3
   40.3  22179  -62.6  -83.8      4   0.01     71   13.9  527.0  527.1  527.0
   40.2  22195  -62.5  -83.8      4   0.01     73   13.6  527.6  527.6  527.6
   40.1  22211  -62.4  -83.1      5   0.01     74   13.4  528.4  528.5  528.4
   40.0  22227  -62.4  -82.4      5   0.01     76   13.3  528.6  528.7  528.6
   39.9  22243  -62.4  -81.8      6   0.01     78   13.2  529.1  529.2  529.1
   39.8  22257  -62.2  -81.3      6   0.01     80   13.1  529.8  529.9  529.8
   39.7  22271  -62.5  -81.4      6   0.01     82   13.1  529.5  529.6  529.5
   39.6  22287  -62.8  -81.8      6   0.01     84   13.2  529.3  529.4  529.3
   39.5  22303  -62.8  -82.2      6   0.01     84   13.3  529.5  529.6  529.5
   39.4  22318  -63.0  -82.9      5   0.01     84   13.3  529.4  529.5  529.4
   39.3  22332  -63.2  -83.6      5   0.01     83   13.4  529.3  529.4  529.3
   39.2  22355  -63.2  -84.8      4   0.01     81   13.5  529.7  529.7  529.7
   39.1  22363  -63.0  -85.1      4   0.01     80   13.5  530.5  530.5  530.5
   39.0  22380  -62.6  -85.5      3   0.01     78   13.4  532.1  532.2  532.1
   38.9  22396  -62.4  -86.3      3   0.01     76   13.4  532.8  532.9  532.8
   38.8  22412  -62.5  -87.0      2   0.01     73   13.3  533.0  533.0  533.0
   38.7  22428  -62.6  -87.5      2   0.00     70   13.2  533.2  533.2  533.2
   38.6  22443  -62.8  -87.5      2   0.00     67   13.1  533.1  533.2  533.1
   38.5  22459  -62.9  -86.9      3   0.01     64   13.0  533.3  533.3  533.3
   38.4  22477  -62.9  -85.9      3   0.01     61   13.0  533.7  533.7  533.7
   38.3  22493  -62.8  -84.7      4   0.01     60   13.0  534.3  534.3  534.3
   38.2  22510  -62.5  -83.5      4   0.01     59   13.1  535.5  535.6  535.5
   38.1  22526  -62.0  -82.5      5   0.01     60   13.2  537.0  537.1  537.0
   38.0  22543  -61.9  -82.0      5   0.01     61   13.3  537.7  537.8  537.7
   37.9  22559  -62.0  -82.0      5   0.01     63   13.5  537.8  537.9  537.8
   37.8  22576  -62.1  -82.0      5   0.01     64   13.7  538.0  538.1  538.0
   37.7  22594  -62.0  -81.9      5   0.01     66   14.1  538.6  538.7  538.6
   37.6  22611  -62.1  -81.8      6   0.01     68   14.4  539.0  539.1  539.0
   37.5  22620  -62.1  -81.7      6   0.01     69   14.6  539.2  539.3  539.2
   37.4  22639  -62.5  -81.6      6   0.01     70   15.1  538.7  538.8  538.7
   37.3  22658  -62.9  -81.5      6   0.01     72   15.6  538.1  538.2  538.1
   37.2  22676  -63.1  -81.2      7   0.01     74   16.2  538.0  538.2  538.1
   37.1  22695  -62.7  -80.6      7   0.02     76   16.8  539.5  539.6  539.5
   37.0  22704  -62.4  -80.3      7   0.02     77   17.2  540.6  540.8  540.6
   36.9  22722  -62.5  -80.4      7   0.02     79   17.9  540.8  540.9  540.8
   36.8  22739  -63.1  -81.1      7   0.02     81   18.6  539.6  539.7  539.6
   36.7  22756  -63.3  -81.4      7   0.01     82   19.3  539.6  539.7  539.6
   36.6  22774  -63.0  -81.1      7   0.02     83   20.0  540.8  540.9  540.8
   36.5  22791  -62.5  -80.6      7   0.02     83   20.6  542.4  542.6  542.4
   36.4  22809  -62.3  -80.1      7   0.02     83   21.2  543.5  543.6  543.5
   36.3  22826  -62.3  -79.9      8   0.02     83   21.7  543.7  543.8  543.7
   36.2  22844  -62.2  -79.7      8   0.02     83   22.2  544.5  544.6  544.5
   36.1  22862  -62.2  -79.8      8   0.02     83   22.6  544.8  544.9  544.8
   36.0  22878  -62.1  -79.9      8   0.02     82   22.9  545.5  545.6  545.5
   35.9  22896  -61.7  -79.9      7   0.02     81   23.2  547.1  547.2  547.1
   35.8  22912  -61.6  -80.2      7   0.02     81   23.4  547.8  547.9  547.8
   35.7  22929  -62.0  -80.7      7   0.02     80   23.6  547.2  547.4  547.2
   35.6  22945  -62.2  -80.9      7   0.02     79   23.8  547.0  547.1  547.0
   35.5  22961  -62.3  -80.4      7   0.02     78   24.0  547.3  547.5  547.3
   35.4  22978  -61.8  -79.4      8   0.02     78   24.3  548.9  549.1  548.9
   35.3  22996  -61.1  -78.3      9   0.02     78   24.7  551.3  551.5  551.3
   35.2  23013  -61.0  -78.2      9   0.03     77   25.2  551.9  552.1  551.9
   35.1  23029  -61.2  -79.0      8   0.02     77   25.9  551.8  552.0  551.8
   35.0  23046  -61.5  -80.3      7   0.02     77   26.6  551.6  551.8  551.7
   34.9  23065  -61.9  -82.2      5   0.01     78   27.3  550.8  551.0  550.8
   34.8  23082  -62.1  -83.9      4   0.01     78   27.9  550.9  550.9  550.9
   34.7  23101  -62.1  -85.1      3   0.01     78   28.4  551.3  551.4  551.3
   34.6  23117  -62.2  -85.7      3   0.01     79   28.6  551.5  551.6  551.5
   34.5  23134  -62.2  -85.7      3   0.01     79   28.6  551.9  551.9  551.9
   34.4  23158  -61.9  -85.3      3   0.01     80   28.1  553.3  553.3  553.3
   34.3  23174  -62.0  -85.7      3   0.01     80   27.6  553.5  553.5  553.5
   34.2  23191  -62.0  -86.4      3   0.01     81   27.2  553.8  553.8  553.8
   34.1  23209  -62.0  -87.1      2   0.01     82   26.9  554.3  554.4  554.3
   34.0  23232  -62.2  -87.9      2   0.01     83   26.8  554.3  554.4  554.3
   33.9  23249  -62.3  -87.6      2   0.01     84   27.0  554.5  554.5  554.5
   33.8  23264  -62.3  -86.7      2   0.01     84   27.4  555.0  555.1  555.0
   33.7  23280  -62.1  -85.4      3   0.01     84   27.9  556.1  556.1  556.1
   33.6  23303  -61.6  -83.1      4   0.01     84   28.5  557.9  558.0  557.9
   33.5  23318  -61.4  -81.7      5   0.02     85   28.9  558.6  558.8  558.7
   33.4  23343  -61.2  -79.9      7   0.02     85   29.3  559.7  559.9  559.7
   33.3  23360  -61.0  -78.8      8   0.02     86   29.5  560.8  561.0  560.9
   33.2  23374  -60.4  -77.8      9   0.03     86   29.4  562.7  563.0  562.7
   33.1  23391  -59.9  -77.1      9   0.03     87   29.3  564.5  564.8  564.5
   33.0  23415  -60.1  -77.6      8   0.03     88   28.9  564.5  564.8  564.6
   32.9  23432  -60.1  -78.2      8   0.03     89   28.6  565.1  565.4  565.2
   32.8  23450  -59.7  -78.6      7   0.03     89   28.3  566.8  567.0  566.8
   32.7  23468  -59.6  -79.3      6   0.02     90   28.2  567.3  567.5  567.3
   32.6  23493  -59.3  -79.4      6   0.02     91   28.2  568.8  568.9  568.8
   32.5  23510  -59.0  -79.1      6   0.02     92   28.4  570.0  570.2  570.0
   32.4  23529  -58.9  -79.0      6   0.02     93   28.5  570.8  571.0  570.8
   32.3  23548  -58.7  -79.0      6   0.02     94   28.7  571.8  572.0  571.8
   32.2  23566  -58.8  -79.6      5   0.02     95   28.7  572.2  572.4  572.2
   32.1  23585  -58.9  -80.7      4   0.02     95   28.6  572.2  572.3  572.2
   32.0  23603  -59.3  -82.0      4   0.01     96   28.3  571.8  571.9  571.8
   31.9  23630  -59.2  -83.4      3   0.01     96   27.6  572.6  572.7  572.6
   31.8  23649  -58.4  -83.4      3   0.01     96   27.0  575.2  575.3  575.2
   31.7  23667  -57.8  -83.3      3   0.01     96   26.4  577.4  577.5  577.4
   31.6  23685  -57.8  -83.6      2   0.01     96   25.8  577.8  577.9  577.8
   31.5  23702  -57.9  -84.1      2   0.01     96   25.1  578.2  578.3  578.2
   31.4  23728  -58.0  -85.1      2   0.01     97   24.2  578.3  578.4  578.3
   31.3  23747  -58.1  -85.6      2   0.01     98   23.6  578.6  578.7  578.6
   31.2  23765  -58.1  -85.5      2   0.01     99   23.2  579.2  579.3  579.2
   31.1  23782  -57.9  -84.7      2   0.01    100   22.8  580.2  580.3  580.2
   31.0  23807  -57.7  -82.9      3   0.01    101   22.5  581.2  581.3  581.2
   30.9  23824  -57.6  -81.5      3   0.02    102   22.4  582.2  582.3  582.2
   30.8  23849  -56.8  -79.6      4   0.02    103   22.6  584.7  584.9  584.7
   30.7  23866  -56.4  -78.9      4   0.03    102   22.9  586.4  586.6  586.4
   30.6  23883  -56.5  -78.9      4   0.03    102   23.2  586.8  587.0  586.8
   30.5  23906  -56.3  -79.1      4   0.03    102   23.8  587.7  587.9  587.7
   30.4  23930  -56.0  -79.6      4   0.02    101   24.2  589.0  589.2  589.0
   30.3  23952  -56.0  -80.5      3   0.02    101   24.6  589.6  589.7  589.6
   30.2  23973  -56.2  -81.6      3   0.02    102   24.9  589.7  589.8  589.7
   30.1  23988  -56.2  -81.8      3   0.02    102   25.1  590.3  590.4  590.3
   30.0  24019  -55.7  -80.8      3   0.02    105   25.3  592.2  592.4  592.2
   29.9  24033  -55.6  -80.0      3   0.02    105   25.3  592.9  593.1  592.9
   29.8  24055  -56.0  -78.6      4   0.03    106   25.2  592.6  592.8  592.6
   29.7  24078  -55.7  -76.5      6   0.04    107   25.0  593.8  594.2  593.9
   29.6  24099  -54.9  -74.6      7   0.05    107   24.7  596.8  597.2  596.8
   29.5  24120  -54.5  -74.5      7   0.05    108   24.3  598.3  598.8  598.4
   29.4  24143  -55.0  -76.5      5   0.04    107   24.0  597.6  598.0  597.6
   29.3  24166  -55.1  -79.2      3   0.03    106   23.7  598.0  598.2  598.0
   29.2  24187  -55.3  -82.1      2   0.02    105   23.7  597.8  597.9  597.8
   29.1  24204  -55.6  -83.7      2   0.01    103   23.9  597.6  597.7  597.6
   29.0  24226  -55.7  -84.2      2   0.01    101   24.2  598.0  598.1  598.0
   28.9  24249  -55.4  -83.2      2   0.01    100   24.5  599.4  599.5  599.4
   28.8  24274  -55.1  -82.3      2   0.02     98   24.8  600.9  601.1  600.9
   28.7  24293  -55.2  -82.3      2   0.02     97   25.0  601.2  601.4  601.2
   28.6  24318  -55.4  -82.3      2   0.02     95   25.2  601.3  601.4  601.3
   28.5  24337  -55.1  -81.8      2   0.02     94   25.3  602.5  602.7  602.5
   28.4  24365  -54.4  -80.6      3   0.02     92   25.2  605.1  605.3  605.1
   28.3  24381  -53.9  -80.0      3   0.02     90   25.0  607.1  607.3  607.1
   28.2  24411  -53.5  -80.1      2   0.02     89   24.6  608.8  609.0  608.8
   28.1  24429  -53.8  -80.9      2   0.02     88   24.3  608.7  608.9  608.7
   28.0  24449  -53.8  -81.6      2   0.02     88   23.9  609.2  609.3  609.2
   27.9  24478  -53.6  -81.7      2   0.02     87   23.4  610.4  610.5  610.4
   27.8  24498  -53.4  -81.3      2   0.02     87   23.1  611.7  611.9  611.7
   27.7  24519  -53.2  -81.0      2   0.02     87   22.9  612.9  613.1  612.9
   27.6  24547  -53.3  -81.5      2   0.02     87   22.8  613.1  613.3  613.1
   27.5  24567  -53.4  -82.3      2   0.02     86   22.9  613.5  613.6  613.5
   27.4  24596  -53.5  -83.8      1   0.01     86   23.3  613.7  613.9  613.8
   27.3  24616  -53.4  -84.5      1   0.01     86   23.7  614.8  614.9  614.8
   27.2  24638  -53.1  -84.6      1   0.01     86   24.1  616.2  616.3  616.2
   27.1  24658  -53.0  -84.2      1   0.01     86   24.5  617.3  617.4  617.3
   27.0  24684  -52.8  -82.8      1   0.02     85   25.0  618.5  618.6  618.5
   26.9  24713  -52.5  -80.7      2   0.02     84   25.3  620.0  620.2  620.0
   26.8  24733  -52.2  -79.2      2   0.03     84   25.3  621.5  621.8  621.5
   26.7  24761  -51.4  -76.8      3   0.04     83   25.0  624.4  624.8  624.5
   26.6  24780  -50.7  -75.6      4   0.05     82   24.6  627.0  627.5  627.0
   26.5  24806  -50.4  -75.1      4   0.05     82   23.9  628.5  629.0  628.5
   26.4  24832  -50.4  -76.1      3   0.05     83   23.1  629.1  629.5  629.1
   26.3  24859  -50.5  -77.8      3   0.04     84   22.3  629.5  629.8  629.5
   26.2  24883  -50.7  -79.7      2   0.03     86   21.4  629.6  629.8  629.6
   26.1  24910  -50.7  -80.8      2   0.02     87   20.6  630.5  630.7  630.5
   26.0  24934  -50.7  -81.2      2   0.02     88   19.9  631.0  631.2  631.0
   25.9  24953  -50.6  -81.2      1   0.02     88   19.5  632.1  632.3  632.1
   25.8  24978  -50.7  -81.1      2   0.02     87   19.2  632.4  632.6  632.4
   25.7  25005  -50.6  -80.3      2   0.02     85   19.2  633.5  633.7  633.5
   25.6  25030  -50.2  -79.0      2   0.03     83   19.5  635.4  635.7  635.4
   25.5  25056  -49.9  -77.9      2   0.04     83   19.9  636.8  637.1  636.8
   25.4  25081  -49.7  -77.2      3   0.04     83   20.3  638.0  638.4  638.1
   25.3  25106  -49.8  -77.2      3   0.04     84   20.6  638.5  638.9  638.5
   25.2  25130  -49.8  -77.5      2   0.04     85   20.9  639.2  639.6  639.2
   25.1  25163  -50.0  -78.5      2   0.03     88   21.1  639.5  639.8  639.5
   25.0  25189  -50.2  -79.1      2   0.03     89   21.3  639.6  639.9  639.6
   24.9  25215  -50.0  -78.6      2   0.03     91   21.3  641.0  641.4  641.1
   24.8  25240  -49.9  -77.6      2   0.04     92   21.4  642.0  642.3  642.0
   24.7  25262  -49.8  -76.3      3   0.05     93   21.5  643.1  643.5  643.1
   24.6  25289  -49.8  -75.3      3   0.06     93   21.7  643.8  644.3  643.8
   24.5  25315  -49.8  -74.8      4   0.06     93   21.9  644.4  644.9  644.4
   24.4  25341  -49.9  -74.9      4   0.06     93   22.2  644.9  645.4  644.9
   24.3  25376  -50.4  -76.1      3   0.05     92   22.8  644.1  644.6  644.2
   24.2  25403  -50.7  -77.4      3   0.04     91   23.3  644.2  644.6  644.2
   24.1  25429  -50.8  -78.9      2   0.03     90   23.9  644.5  644.8  644.5
   24.0  25454  -51.1  -80.5      2   0.03     89   24.4  644.4  644.7  644.4
   23.9  25481  -51.5  -81.7      2   0.02     88   24.9  644.1  644.3  644.1
   23.8  25508  -51.7  -81.5      2   0.02     87   25.3  644.5  644.7  644.5
   23.7  25534  -51.8  -80.2      2   0.03     86   25.8  644.7  645.0  644.7
   23.6  25562  -52.1  -78.4      3   0.04     85   26.3  644.8  645.1  644.8
   23.5  25590  -51.9  -76.5      4   0.05     85   26.8  646.1  646.6  646.1
   23.4  25616  -51.1  -75.0      4   0.06     85   27.2  649.3  649.8  649.3
   23.3  25641  -51.4  -75.7      4   0.06     86   27.6  649.2  649.8  649.3
   23.2  25668  -51.6  -77.2      3   0.04     87   27.9  649.3  649.7  649.3
   23.1  25701  -51.9  -79.7      2   0.03     88   28.3  649.2  649.5  649.2
   23.0  25728  -52.3  -81.3      2   0.02     89   28.7  648.8  649.1  648.8
   22.9  25752  -52.5  -81.1      2   0.02     90   29.2  649.2  649.4  649.2
   22.8  25788  -52.3  -79.0      3   0.03     91   29.5  650.5  650.8  650.5
   22.7  25814  -52.0  -77.5      3   0.04     92   29.5  652.3  652.7  652.3
   22.6  25838  -51.7  -76.9      3   0.05     91   29.2  653.9  654.4  653.9
   22.5  25873  -51.4  -77.9      3   0.04     91   28.6  655.7  656.1  655.8
   22.4  25897  -51.8  -79.6      2   0.03     91   28.3  655.3  655.6  655.3
   22.3  25931  -52.2  -80.2      2   0.03     91   28.2  655.1  655.3  655.1
   22.2  25958  -52.2  -78.8      3   0.04     92   28.4  655.6  656.0  655.7
   22.1  25983  -52.0  -76.8      4   0.05     92   28.8  657.2  657.7  657.2
   22.0  26011  -52.3  -75.3      5   0.06     93   29.2  657.3  657.9  657.3
   21.9  26042  -52.0  -73.2      6   0.09     94   29.3  659.0  659.8  659.0
   21.8  26077  -51.5  -71.9      7   0.11     94   28.9  661.3  662.3  661.3
   21.7  26105  -51.4  -72.0      7   0.11     95   28.4  662.5  663.5  662.6
   21.6  26130  -51.8  -73.1      6   0.09     95   27.9  662.1  663.0  662.2
   21.5  26164  -52.5  -74.5      5   0.07     95   27.5  661.0  661.7  661.0
   21.4  26193  -52.7  -74.7      5   0.07     96   27.3  661.3  661.9  661.3
   21.3  26221  -52.7  -74.6      5   0.07     96   27.0  662.1  662.8  662.2
   21.2  26250  -52.6  -74.8      5   0.07     97   26.8  663.3  664.0  663.4
   21.1  26288  -53.1  -76.1      5   0.06     98   26.5  662.6  663.2  662.6
   21.0  26317  -53.5  -77.0      4   0.05     99   26.2  662.5  663.0  662.5
   20.9  26348  -53.5  -77.4      4   0.05     99   26.0  663.2  663.7  663.2
   20.8  26379  -53.8  -77.6      4   0.05    100   25.8  663.3  663.8  663.3
   20.7  26411  -53.9  -77.3      4   0.05    100   25.8  663.8  664.3  663.8
   20.6  26434  -53.9  -76.7      4   0.05    100   25.8  664.8  665.4  664.9
   20.5  26466  -53.7  -75.8      5   0.06    100   25.7  666.3  666.9  666.3
   20.4  26499  -53.4  -75.3      5   0.07    100   25.5  668.1  668.7  668.1
   20.3  26534  -53.5  -75.9      5   0.06    101   25.2  668.8  669.4  668.8
   20.2  26567  -53.4  -77.2      4   0.05    101   24.7  669.9  670.4  669.9
   20.1  26603  -53.3  -78.8      3   0.04    102   24.1  671.4  671.8  671.4
   20.0  26639  -53.6  -80.5      2   0.03    104   23.3  671.4  671.7  671.4
   19.9  26661  -53.8  -80.7      2   0.03    104   23.1  671.7  672.0  671.7
   19.8  26697  -53.8  -79.9      3   0.03    104   22.7  672.8  673.1  672.8
   19.7  26730  -53.6  -78.9      3   0.04    105   22.4  674.4  674.8  674.4
   19.6  26754  -53.7  -78.8      3   0.04    105   22.1  674.9  675.3  674.9
   19.5  26789  -54.1  -79.6      3   0.04    105   21.6  674.7  675.0  674.7
   19.4  26824  -54.6  -80.9      2   0.03    105   21.0  674.1  674.4  674.2
   19.3  26858  -55.0  -82.1      2   0.02    105   20.4  673.8  674.1  673.8
   19.2  26892  -55.2  -82.4      2   0.02    104   20.0  674.3  674.5  674.3
   19.1  26927  -55.5  -82.2      2   0.02    103   19.7  674.3  674.5  674.3
   19.0  26960  -55.5  -81.3      3   0.03    101   19.6  675.5  675.8  675.5
   18.9  26992  -55.5  -80.6      3   0.03    100   19.5  676.3  676.6  676.3
   18.8  27024  -55.4  -80.0      3   0.04     98   19.5  677.6  677.9  677.6
   18.7  27055  -55.3  -79.4      3   0.04     96   19.3  679.2  679.6  679.2
   18.6  27091  -55.3  -79.2      4   0.04     95   19.0  680.1  680.5  680.1
   18.5  27126  -55.3  -79.0      4   0.04     93   18.5  681.1  681.5  681.1
   18.4  27164  -55.0  -78.6      4   0.05     93   17.9  683.1  683.5  683.1
   18.3  27195  -55.3  -78.7      4   0.05     93   17.5  683.3  683.7  683.3
   18.2  27225  -55.5  -78.3      4   0.05     93   17.2  683.6  684.1  683.7
   18.1  27263  -55.2  -76.8      5   0.06     93   17.0  685.8  686.4  685.8
   18.0  27300  -54.5  -75.5      6   0.07     92   17.0  688.9  689.6  688.9
   17.9  27338  -54.6  -76.4      5   0.07     89   17.2  689.8  690.5  689.8
   17.8  27373  -54.9  -79.2      3   0.04     87   17.6  689.8  690.2  689.8
   17.7  27407  -55.1  -82.7      2   0.02     86   18.0  690.3  690.6  690.3
   17.6  27442  -54.5  -84.0      1   0.02     85   18.2  693.3  693.6  693.4
   17.5  27482  -54.1  -83.3      2   0.02     82   18.2  695.9  696.2  695.9
   17.4  27517  -54.2  -83.0      2   0.02     80   18.7  696.6  696.8  696.6
   17.3  27548  -53.9  -82.3      2   0.03     78   19.4  698.7  699.0  698.7
   17.2  27587  -53.5  -81.4      2   0.03     76   20.1  701.4  701.7  701.4
   17.1  27626  -52.8  -80.7      2   0.03     76   20.5  704.5  704.8  704.5
   17.0  27666  -51.8  -80.4      2   0.04     77   20.9  709.0  709.4  709.0
   16.9  27704  -51.6  -81.7      2   0.03     79   21.5  710.9  711.2  710.9
   16.8  27743  -51.3  -82.3      1   0.03     80   22.1  713.1  713.4  713.1
   16.7  27778  -50.8  -81.3      1   0.03     79   22.5  715.8  716.1  715.8
   16.6  27821  -50.1  -79.8      2   0.04     79   23.0  719.3  719.8  719.3
   16.5  27855  -49.7  -79.4      2   0.04     80   23.4  721.7  722.2  721.7
   16.4  27900  -49.5  -79.9      2   0.04     82   24.1  723.9  724.4  723.9
   16.3  27938  -49.2  -79.8      2   0.04     83   24.4  726.0  726.5  726.0
   16.2  27976  -49.1  -79.1      2   0.05     84   24.5  727.6  728.1  727.6
   16.1  28018  -49.1  -78.4      2   0.05     85   24.5  729.0  729.5  729.0
   16.0  28058  -49.0  -78.4      2   0.05     84   24.8  730.4  731.0  730.4
   15.9  28103  -49.0  -78.8      2   0.05     84   25.6  732.0  732.5  732.0
   15.8  28148  -48.7  -79.0      2   0.05     83   26.6  734.0  734.6  734.0
   15.7  28183  -48.8  -79.4      2   0.05     83   27.5  735.3  735.8  735.3
   15.6  28231  -48.7  -80.3      1   0.04     83   28.4  736.9  737.3  736.9
   15.5  28268  -48.4  -81.2      1   0.04     84   29.0  739.2  739.6  739.2
   15.4  28305  -48.1  -82.1      1   0.03     84   29.6  741.6  741.9  741.6
   15.3  28353  -47.8  -82.5      1   0.03     84   30.2  743.8  744.1  743.8
   15.2  28392  -47.8  -82.1      1   0.03     84   30.7  745.4  745.7  745.4
   15.1  28442  -47.6  -81.1      1   0.04     85   31.6  747.2  747.6  747.2
   15.0  28489  -47.4  -80.1      1   0.04     86   32.1  749.5  749.9  749.5
   14.9  28525  -47.3  -79.3      1   0.05     86   32.1  751.3  751.8  751.3
   14.8  28572  -46.9  -78.1      2   0.06     87   31.6  753.8  754.5  753.9
   14.7  28617  -46.6  -77.2      2   0.07     87   30.9  756.6  757.4  756.6
   14.6  28661  -46.9  -77.4      2   0.07     88   30.2  756.9  757.7  757.0
   14.5  28703  -47.2  -77.9      2   0.06     88   29.4  757.4  758.1  757.4
   14.4  28757  -47.2  -78.5      2   0.06     88   28.1  758.9  759.5  758.9
   14.3  28796  -47.3  -79.4      1   0.05     90   27.0  760.0  760.5  760.0
   14.2  28847  -47.5  -80.6      1   0.04     93   26.2  761.0  761.5  761.0
   14.1  28892  -47.7  -81.2      1   0.04     96   25.8  761.6  762.1  761.7
   14.0  28936  -48.0  -81.3      1   0.04     98   25.3  762.5  762.9  762.5
   13.9  28983  -48.1  -80.9      1   0.04     98   24.2  763.6  764.1  763.6
   13.8  29028  -48.3  -81.1      1   0.04     97   23.8  764.5  765.0  764.5
   13.7  29079  -47.7  -80.4      1   0.05     95   24.4  768.0  768.5  768.0
   13.6  29127  -47.7  -80.0      1   0.05     95   25.6  769.6  770.2  769.7
   13.5  29178  -48.0  -80.2      1   0.05     93   26.8  770.2  770.8  770.3
   13.4  29224  -48.2  -80.5      1   0.05     91   27.8  771.2  771.7  771.2
   13.3  29273  -48.4  -81.2      1   0.04     90   29.0  772.1  772.6  772.1
   13.2  29320  -48.7  -82.1      1   0.04     89   30.4  772.8  773.2  772.8
   13.1  29372  -48.2  -82.0      1   0.04     89   31.6  776.1  776.5  776.1
   13.0  29429  -47.4  -81.7      1   0.04     91   32.6  780.6  781.0  780.6
   12.9  29476  -46.7  -81.3      1   0.04     92   33.3  784.8  785.3  784.9
   12.8  29524  -46.8  -81.4      1   0.04     93   34.1  786.4  786.8  786.4
   12.7  29575  -46.8  -81.2      1   0.04     94   35.0  787.9  788.4  787.9
   12.6  29638  -47.0  -81.2      1   0.04     95   36.5  789.0  789.5  789.0
   12.5  29687  -47.3  -81.3      1   0.04     96   37.7  790.0  790.5  790.0
   12.4  29743  -47.4  -81.8      1   0.04     97   38.5  791.3  791.7  791.3
   12.3  29795  -47.6  -82.3      1   0.04     98   38.6  792.4  792.8  792.4
   12.2  29847  -46.9  -82.2      1   0.04     97   38.0  796.6  797.1  796.7
   12.1  29895  -46.5  -82.0      1   0.04     97   37.1  800.0  800.4  800.0
   12.0  29948  -46.2  -81.4      1   0.04     97   36.6  803.1  803.6  803.1
   11.9  30012  -45.9  -81.1      1   0.05     98   37.2  805.8  806.4  805.9
   11.8  30068  -45.9  -82.3      1   0.04    100   38.3  807.8  808.3  807.8
   11.7  30117  -45.3  -82.3      1   0.04     99   38.7  812.2  812.7  812.2
   11.6  30177  -44.1  -81.5      1   0.05     96   36.6  818.4  818.9  818.4
   11.5  30233  -43.0  -80.9      1   0.05     93   33.2  824.3  824.9  824.3
   11.4  30290  -41.7  -80.2      1   0.06     92   33.1  831.1  831.8  831.1
   11.3  30350  -40.6  -80.1      1   0.06     95   34.0  837.0  837.8  837.1
   11.2  30415  -40.3  -79.9      1   0.06     96   36.0  840.4  841.1  840.4
   11.1  30474  -39.7  -78.9      1   0.07     99   36.9  844.8  845.7  844.8
   11.0  30532  -39.6  -79.0      1   0.07    101   36.9  847.0  847.9  847.0
   10.9  30601  -39.7  -79.8      1   0.06    101   35.9  849.2  849.9  849.2
   10.8  30659  -39.3  -80.1      1   0.06    100   34.5  852.6  853.3  852.6
   10.7  30724  -38.9  -79.1      1   0.07     96   33.4  856.5  857.5  856.6
   10.6  30794  -38.3  -78.0      1   0.09     93   33.3  860.9  862.0  861.0
   10.5  30860  -38.3  -77.9      1   0.09     91   33.9  863.2  864.3  863.2
   10.4  30919  -38.3  -78.3      1   0.08     91   34.2  865.7  866.8  865.8
   10.3  30991  -37.9  -78.9      1   0.08     93   34.3  869.6  870.6  869.6
   10.2  31052  -37.6  -79.3      0   0.07     95   34.5  873.0  873.9  873.0
   10.1  31117  -37.6  -79.7      0   0.07     96   34.2  875.4  876.3  875.4
   10.0  31217  -36.8  -79.2      0   0.08     95   32.4  881.1  882.1  881.2
    9.9  31262  -36.4  -78.9      0   0.08     95   31.7  885.0  886.1  885.1
    9.8  31326  -36.0  -78.7      0   0.08     95   30.7  889.0  890.1  889.0
    9.7  31398  -35.9  -78.6      0   0.09     95   29.7  892.2  893.3  892.2
    9.6  31470  -35.8  -78.5      0   0.09     96   29.3  895.1  896.2  895.1
    9.5  31547  -35.6  -78.4      0   0.09     98   29.4  898.6  899.8  898.7
    9.4  31611  -35.5  -78.3      0   0.09     99   29.3  901.7  902.9  901.7
    9.3  31684  -35.5  -78.3      0   0.09    101   28.5  904.4  905.7  904.5
    9.2  31765  -35.3  -78.0      0   0.10    102   26.8  907.9  909.2  908.0
    9.1  31836  -35.1  -78.1      0   0.10    104   24.9  911.6  913.0  911.7
    9.0  31918  -35.1  -78.1      0   0.10    108   22.6  914.6  916.0  914.7
    8.9  31992  -35.4  -78.3      0   0.10    111   21.0  916.4  917.7  916.4
    8.8  32075  -35.9  -78.6      0   0.09    113   19.0  917.1  918.4  917.2
    8.7  32150  -36.3  -78.9      0   0.09    114   17.6  918.7  919.9  918.7
    8.6  32230  -36.4  -78.9      0   0.09    113   18.1  921.5  922.8  921.6
    8.5  32306  -36.6  -79.0      0   0.09    110   19.1  923.7  925.0  923.8
    8.4  32392  -36.5  -79.0      0   0.09    102   20.3  927.2  928.5  927.3
    8.3  32479  -36.7  -79.1      0   0.09     95   21.9  929.5  930.8  929.6
    8.2  32559  -36.9  -79.2      0   0.09     91   23.8  932.1  933.4  932.2
    8.1  32638  -36.7  -79.1      0   0.09     91   24.3  936.0  937.3  936.0
    8.0  32726  -37.0  -79.3      0   0.09     91   23.1  938.1  939.3  938.1
    7.9  32813  -37.6  -79.7      0   0.09     90   21.7  939.4  940.6  939.4
    7.8  32905  -38.0  -80.0      0   0.09     89   20.8  941.0  942.2  941.1
    7.7  32986  -38.2  -80.1      0   0.08     87   20.5  943.5  944.7  943.6
    7.6  33075  -38.6  -80.3      0   0.08     81   20.4  945.8  947.0  945.8
    7.5  33166  -38.7  -80.4      0   0.08     76   22.5  948.9  950.1  949.0
    7.4  33264  -38.4  -80.2      0   0.09     77   25.1  953.8  955.1  953.9
    7.3  33352  -38.1  -80.0      0   0.09     79   26.1  958.6  959.9  958.6
    7.2  33443  -37.9  -79.9      0   0.09     78   25.9  963.3  964.6  963.3
    7.1  33539  -38.0  -80.0      0   0.09     80   26.2  966.7  968.1  966.8
    7.0  33648  -38.2  -80.1      0   0.09     84   27.6  969.8  971.1  969.8
    6.9  33741  -38.1  -80.0      0   0.10     83   28.4  974.1  975.5  974.1
    6.8  33838  -37.5  -79.7      0   0.10     84   29.5  980.5  982.0  980.6
    6.7  33936  -37.7  -79.7      0   0.10     83   29.2  984.2  985.7  984.3
    6.6  34045  -37.7  -79.8      0   0.11     83   28.6  988.4  989.9  988.4
    6.5  34148  -38.1  -80.0      0   0.10     83   29.0  991.1  992.6  991.2
    6.4  34257  -38.5  -80.3      0   0.10     82   31.1  993.7  995.1  993.7
